topology,seed,replication,dependence_model,moderate_passive_failure,moderate_active_failure,severe_passive_failure,passive_active_classification,mechanism_labels,primary_mechanism,event_count,worst_service_level,max_backlog_passive,has_T2P,has_corridor,has_S1A,has_S1B,has_S1C,event_specification
A,314,1,Independent baseline,True,False,False,Adaptation-limited,Concentrated dependency; Hidden convergent dependency; Propagation-amplified cascade,Hidden convergent dependency,4,0.7630204845619905,466.40781947104324,True,True,False,False,False,"[{""target"":""T2P"",""magnitude"":0.31328156389420864,""start_week"":12,""duration_weeks"":4,""recovery_weeks"":1},{""target"":""T2P"",""magnitude"":0.3510026784488834,""start_week"":39,""duration_weeks"":1,""recovery_weeks"":2},{""target"":""corridor"",""magnitude"":0.2820850546420469,""start_week"":50,""duration_weeks"":1,""recovery_weeks"":1},{""target"":""corridor"",""magnitude"":0.3079666608978696,""start_week"":51,""duration_weeks"":5,""recovery_weeks"":1}]"
A,314,2,Independent baseline,True,True,True,Structural,Concentrated dependency; Hidden convergent dependency; Propagation-amplified cascade,Hidden convergent dependency,2,0.5317445772478104,2506.490196150011,True,False,False,False,False,"[{""target"":""T2P"",""magnitude"":0.3509977868431714,""start_week"":31,""duration_weeks"":9,""recovery_weeks"":1},{""target"":""T2P"",""magnitude"":0.2626063365867367,""start_week"":36,""duration_weeks"":1,""recovery_weeks"":4}]"
A,314,3,Independent baseline,False,,False,Non-failure,Unclassified,Unclassified,2,0.8564647171359844,150.83137926521658,False,True,False,False,False,"[{""target"":""corridor"",""magnitude"":0.20396203043155217,""start_week"":17,""duration_weeks"":1,""recovery_weeks"":3},{""target"":""demand"",""magnitude"":0.16759042140579622,""start_week"":45,""duration_weeks"":1,""recovery_weeks"":1}]"
A,314,4,Independent baseline,True,False,False,Adaptation-limited,Concentrated dependency,Concentrated dependency,1,0.7933378334955736,623.9077515362686,False,False,False,False,False,"[{""target"":""demand"",""magnitude"":0.2604970515446613,""start_week"":30,""duration_weeks"":5,""recovery_weeks"":2}]"
A,314,5,Independent baseline,False,,False,Non-failure,Unclassified,Unclassified,2,0.8565937292209381,150.67311293364173,False,False,True,False,False,"[{""target"":""demand"",""magnitude"":0.16741456992626857,""start_week"":18,""duration_weeks"":1,""recovery_weeks"":2},{""target"":""S1A"",""magnitude"":0.3359993701521046,""start_week"":19,""duration_weeks"":1,""recovery_weeks"":4}]"
A,314,6,Independent baseline,False,,False,Non-failure,Unclassified,Unclassified,0,1.0,0.0,False,False,False,False,False,[]
A,314,7,Independent baseline,False,,False,Non-failure,Unclassified,Unclassified,2,0.9552317623848343,88.686407106415,False,False,True,False,True,"[{""target"":""S1A"",""magnitude"":0.2699758445703745,""start_week"":21,""duration_weeks"":1,""recovery_weeks"":1},{""target"":""S1C"",""magnitude"":0.350728534634123,""start_week"":38,""duration_weeks"":3,""recovery_weeks"":2}]"
A,314,8,Independent baseline,False,,False,Non-failure,Unclassified,Unclassified,2,0.865682364252074,240.79696744372438,False,False,False,False,False,"[{""target"":""demand"",""magnitude"":0.15515810566843727,""start_week"":2,""duration_weeks"":10,""recovery_weeks"":4},{""target"":""demand"",""magnitude"":0.19467756930350094,""start_week"":18,""duration_weeks"":2,""recovery_weeks"":2}]"
A,314,9,Independent baseline,True,True,False,Structural,Concentrated dependency; Hidden convergent dependency; Propagation-amplified cascade,Hidden convergent dependency,2,0.8836116586362515,243.9801186194411,True,False,False,False,True,"[{""target"":""S1C"",""magnitude"":0.2545116339834575,""start_week"":15,""duration_weeks"":8,""recovery_weeks"":3},{""target"":""T2P"",""magnitude"":0.20474950722737348,""start_week"":19,""duration_weeks"":7,""recovery_weeks"":2}]"
A,314,10,Independent baseline,False,,False,Non-failure,Unclassified,Unclassified,1,0.8021261246042919,222.01806223926656,False,False,False,False,False,"[{""target"":""demand"",""magnitude"":0.24668673582140732,""start_week"":6,""duration_weeks"":1,""recovery_weeks"":3}]"
A,314,11,Independent baseline,True,True,True,Structural,Concentrated dependency; Hidden convergent dependency; Propagation-amplified cascade,Hidden convergent dependency,4,0.547804696817599,3437.1425061254517,True,True,False,False,False,"[{""target"":""demand"",""magnitude"":0.08838845206047106,""start_week"":12,""duration_weeks"":2,""recovery_weeks"":1},{""target"":""T2P"",""magnitude"":0.2987274447772003,""start_week"":25,""duration_weeks"":11,""recovery_weeks"":2},{""target"":""corridor"",""magnitude"":0.3265038712713547,""start_week"":40,""duration_weeks"":5,""recovery_weeks"":3},{""target"":""corridor"",""magnitude"":0.3899689915237299,""start_week"":41,""duration_weeks"":2,""recovery_weeks"":3}]"
A,314,12,Independent baseline,False,,False,Non-failure,Unclassified,Unclassified,2,0.8811276684782934,121.41838486844847,False,False,True,False,False,"[{""target"":""demand"",""magnitude"":0.1349093165204981,""start_week"":5,""duration_weeks"":1,""recovery_weeks"":2},{""target"":""S1A"",""magnitude"":0.366961647070415,""start_week"":26,""duration_weeks"":1,""recovery_weeks"":1}]"
A,314,13,Independent baseline,True,True,True,Structural,Concentrated dependency; Hidden convergent dependency; Propagation-amplified cascade,Hidden convergent dependency,2,0.6654206641485017,1106.7284135980908,True,True,False,False,False,"[{""target"":""corridor"",""magnitude"":0.18608761506017563,""start_week"":16,""duration_weeks"":12,""recovery_weeks"":2},{""target"":""T2P"",""magnitude"":0.4011214022663485,""start_week"":26,""duration_weeks"":4,""recovery_weeks"":3}]"
A,314,14,Independent baseline,False,,False,Non-failure,Unclassified,Unclassified,3,0.8959651009661836,104.50341093583359,True,False,False,False,False,"[{""target"":""demand"",""magnitude"":0.11611490103981509,""start_week"":20,""duration_weeks"":5,""recovery_weeks"":2},{""target"":""demand"",""magnitude"":0.09409099645689112,""start_week"":23,""duration_weeks"":1,""recovery_weeks"":4},{""target"":""T2P"",""magnitude"":0.2369090184545457,""start_week"":31,""duration_weeks"":4,""recovery_weeks"":4}]"
A,314,15,Independent baseline,False,,False,Non-failure,Unclassified,Unclassified,1,1.0,0.0,False,True,False,False,False,"[{""target"":""corridor"",""magnitude"":0.18929469424703899,""start_week"":4,""duration_weeks"":1,""recovery_weeks"":2}]"
A,314,16,Independent baseline,False,,False,Non-failure,Unclassified,Unclassified,0,1.0,0.0,False,False,False,False,False,[]
A,314,17,Independent baseline,True,True,True,Structural,Concentrated dependency,Concentrated dependency,2,0.7027620716221405,997.1449128456136,False,True,False,False,True,"[{""target"":""S1C"",""magnitude"":0.34113953664335106,""start_week"":2,""duration_weeks"":3,""recovery_weeks"":4},{""target"":""corridor"",""magnitude"":0.4729284462833946,""start_week"":24,""duration_weeks"":3,""recovery_weeks"":1}]"
A,314,18,Independent baseline,False,,False,Non-failure,Unclassified,Unclassified,1,0.9065933509331163,336.26393664078114,False,True,False,False,False,"[{""target"":""corridor"",""magnitude"":0.32005498680016276,""start_week"":37,""duration_weeks"":3,""recovery_weeks"":1}]"
A,314,19,Independent baseline,False,,False,Non-failure,Unclassified,Unclassified,1,0.9501750382411362,104.63241969361411,False,False,False,True,False,"[{""target"":""S1B"",""magnitude"":0.36210616395744355,""start_week"":22,""duration_weeks"":2,""recovery_weeks"":3}]"
A,314,20,Independent baseline,True,True,False,Structural,Compounding moderate disturbance,Compounding moderate disturbance,4,0.8617535266953325,526.3200178869718,False,True,False,False,True,"[{""target"":""demand"",""magnitude"":0.14483840603701897,""start_week"":19,""duration_weeks"":5,""recovery_weeks"":3},{""target"":""corridor"",""magnitude"":0.260073599576002,""start_week"":21,""duration_weeks"":3,""recovery_weeks"":3},{""target"":""demand"",""magnitude"":0.1661051909071568,""start_week"":41,""duration_weeks"":1,""recovery_weeks"":1},{""target"":""S1C"",""magnitude"":0.2683092701672327,""start_week"":43,""duration_weeks"":1,""recovery_weeks"":1}]"
A,314,21,Independent baseline,False,,False,Non-failure,Unclassified,Unclassified,3,0.9514345199090335,101.98750819102975,False,True,True,True,False,"[{""target"":""corridor"",""magnitude"":0.21708891204455008,""start_week"":8,""duration_weeks"":2,""recovery_weeks"":4},{""target"":""S1B"",""magnitude"":0.35927233020467464,""start_week"":9,""duration_weeks"":5,""recovery_weeks"":2},{""target"":""S1A"",""magnitude"":0.23326088034061532,""start_week"":15,""duration_weeks"":2,""recovery_weeks"":2}]"
A,314,22,Independent baseline,True,True,False,Structural,Concentrated dependency,Concentrated dependency,2,0.7851572990194504,741.7808348634662,False,True,False,False,False,"[{""target"":""demand"",""magnitude"":0.2736301391439111,""start_week"":9,""duration_weeks"":5,""recovery_weeks"":3},{""target"":""corridor"",""magnitude"":0.32969921153253134,""start_week"":42,""duration_weeks"":1,""recovery_weeks"":3}]"
A,314,23,Independent baseline,False,,False,Non-failure,Unclassified,Unclassified,2,0.888490756192359,152.72695454553173,False,False,False,True,False,"[{""target"":""S1B"",""magnitude"":0.26062438016751094,""start_week"":8,""duration_weeks"":2,""recovery_weeks"":1},{""target"":""demand"",""magnitude"":0.12018954200960241,""start_week"":9,""duration_weeks"":1,""recovery_weeks"":1}]"
A,314,24,Independent baseline,True,True,True,Structural,Concentrated dependency; Hidden convergent dependency; Propagation-amplified cascade,Hidden convergent dependency,3,0.6575396243381892,1370.7899370059204,True,False,False,False,False,"[{""target"":""T2P"",""magnitude"":0.17597564794452286,""start_week"":22,""duration_weeks"":4,""recovery_weeks"":4},{""target"":""T2P"",""magnitude"":0.18413950353975161,""start_week"":23,""duration_weeks"":1,""recovery_weeks"":1},{""target"":""T2P"",""magnitude"":0.281834741378458,""start_week"":25,""duration_weeks"":4,""recovery_weeks"":3}]"
A,314,25,Independent baseline,True,True,False,Structural,Concentrated dependency,Concentrated dependency,2,0.892796121132952,192.96698196068633,False,False,True,True,False,"[{""target"":""S1A"",""magnitude"":0.491208727450858,""start_week"":16,""duration_weeks"":1,""recovery_weeks"":4},{""target"":""S1B"",""magnitude"":0.40395279704818354,""start_week"":28,""duration_weeks"":2,""recovery_weeks"":3}]"
A,314,26,Independent baseline,False,,False,Non-failure,Unclassified,Unclassified,3,0.877030507553068,340.0847352993419,False,True,False,False,True,"[{""target"":""S1C"",""magnitude"":0.4124710884933679,""start_week"":23,""duration_weeks"":1,""recovery_weeks"":4},{""target"":""demand"",""magnitude"":0.16502256336160093,""start_week"":26,""duration_weeks"":1,""recovery_weeks"":2},{""target"":""corridor"",""magnitude"":0.3161460115965762,""start_week"":39,""duration_weeks"":5,""recovery_weeks"":3}]"
A,314,27,Independent baseline,False,,False,Non-failure,Unclassified,Unclassified,1,0.9550108675046655,40.490219245801086,True,False,False,False,False,"[{""target"":""T2P"",""magnitude"":0.32015083669101574,""start_week"":35,""duration_weeks"":1,""recovery_weeks"":4}]"
A,314,28,Independent baseline,False,,False,Non-failure,Unclassified,Unclassified,3,0.9617738552560527,68.80706053910512,True,False,True,False,True,"[{""target"":""S1C"",""magnitude"":0.3360088256738813,""start_week"":27,""duration_weeks"":1,""recovery_weeks"":4},{""target"":""S1A"",""magnitude"":0.2829710987858216,""start_week"":33,""duration_weeks"":1,""recovery_weeks"":2},{""target"":""T2P"",""magnitude"":0.33684212212638887,""start_week"":51,""duration_weeks"":1,""recovery_weeks"":3}]"
A,314,29,Independent baseline,False,,False,Non-failure,Unclassified,Unclassified,0,1.0,0.0,False,False,False,False,False,[]
A,314,30,Independent baseline,True,False,False,Adaptation-limited,Concentrated dependency; Hidden convergent dependency; Propagation-amplified cascade,Hidden convergent dependency,2,0.658871824154411,424.55375391360485,True,True,False,False,False,"[{""target"":""T2P"",""magnitude"":0.40701535826102997,""start_week"":6,""duration_weeks"":2,""recovery_weeks"":2},{""target"":""corridor"",""magnitude"":0.23975534948850255,""start_week"":7,""duration_weeks"":1,""recovery_weeks"":3}]"
A,314,31,Independent baseline,True,True,True,Structural,Concentrated dependency; Recovery lag and temporal overlap,Recovery lag and temporal overlap,6,0.632210206470778,2595.7017121898525,True,True,True,False,False,"[{""target"":""S1A"",""magnitude"":0.3172170134289802,""start_week"":11,""duration_weeks"":1,""recovery_weeks"":2},{""target"":""corridor"",""magnitude"":0.46113448580260186,""start_week"":12,""duration_weeks"":1,""recovery_weeks"":2},{""target"":""demand"",""magnitude"":0.13646908086797466,""start_week"":14,""duration_weeks"":13,""recovery_weeks"":4},{""target"":""T2P"",""magnitude"":0.2193796550498657,""start_week"":16,""duration_weeks"":4,""recovery_weeks"":1},{""target"":""demand"",""magnitude"":0.21794942159378078,""start_week"":25,""duration_weeks"":2,""recovery_weeks"":2},{""target"":""corridor"",""magnitude"":0.2815856578647047,""start_week"":36,""duration_weeks"":1,""recovery_weeks"":1}]"
A,314,32,Independent baseline,False,,False,Non-failure,Unclassified,Unclassified,0,1.0,0.0,False,False,False,False,False,[]
A,314,33,Independent baseline,False,,False,Non-failure,Unclassified,Unclassified,1,1.0,0.0,False,False,False,False,True,"[{""target"":""S1C"",""magnitude"":0.19587257518012638,""start_week"":37,""duration_weeks"":2,""recovery_weeks"":2}]"
A,314,34,Independent baseline,True,True,False,Structural,Concentrated dependency; Hidden convergent dependency; Propagation-amplified cascade,Hidden convergent dependency,3,0.8841971375869614,496.5585345725101,True,True,False,False,False,"[{""target"":""corridor"",""magnitude"":0.21973208164572638,""start_week"":20,""duration_weeks"":3,""recovery_weeks"":1},{""target"":""corridor"",""magnitude"":0.2755014510234183,""start_week"":32,""duration_weeks"":5,""recovery_weeks"":1},{""target"":""T2P"",""magnitude"":0.2042225761717347,""start_week"":36,""duration_weeks"":8,""recovery_weeks"":3}]"
A,314,35,Independent baseline,True,True,True,Structural,Concentrated dependency; Hidden convergent dependency; Propagation-amplified cascade,Hidden convergent dependency,4,0.4110666009886098,5394.510732904937,True,False,False,False,True,"[{""target"":""T2P"",""magnitude"":0.4845179284103246,""start_week"":18,""duration_weeks"":1,""recovery_weeks"":4},{""target"":""T2P"",""magnitude"":0.42096149906408586,""start_week"":21,""duration_weeks"":6,""recovery_weeks"":3},{""target"":""T2P"",""magnitude"":0.3610788569468635,""start_week"":26,""duration_weeks"":7,""recovery_weeks"":4},{""target"":""S1C"",""magnitude"":0.4271172628030099,""start_week"":41,""duration_weeks"":1,""recovery_weeks"":1}]"
A,314,36,Independent baseline,True,True,False,Structural,Concentrated dependency,Concentrated dependency,1,0.8293213703809688,419.2574221713502,False,False,False,False,True,"[{""target"":""S1C"",""magnitude"":0.6340269166428203,""start_week"":11,""duration_weeks"":6,""recovery_weeks"":1}]"
A,314,37,Independent baseline,False,,False,Non-failure,Unclassified,Unclassified,4,0.8825940530436617,289.01073145107443,True,False,True,True,True,"[{""target"":""T2P"",""magnitude"":0.18380512839133223,""start_week"":2,""duration_weeks"":1,""recovery_weeks"":4},{""target"":""S1B"",""magnitude"":0.34248434067641903,""start_week"":11,""duration_weeks"":4,""recovery_weeks"":3},{""target"":""S1C"",""magnitude"":0.439573435774835,""start_week"":36,""duration_weeks"":2,""recovery_weeks"":3},{""target"":""S1A"",""magnitude"":0.549166860501446,""start_week"":39,""duration_weeks"":4,""recovery_weeks"":4}]"
A,314,38,Independent baseline,False,,False,Non-failure,Unclassified,Unclassified,3,1.0,0.0,True,True,False,False,False,"[{""target"":""T2P"",""magnitude"":0.25621952462222447,""start_week"":9,""duration_weeks"":1,""recovery_weeks"":2},{""target"":""corridor"",""magnitude"":0.2332128889419252,""start_week"":16,""duration_weeks"":1,""recovery_weeks"":1},{""target"":""T2P"",""magnitude"":0.281616908845019,""start_week"":25,""duration_weeks"":1,""recovery_weeks"":2}]"
A,314,39,Independent baseline,False,,False,Non-failure,Unclassified,Unclassified,0,1.0,0.0,False,False,False,False,False,[]
A,314,40,Independent baseline,True,True,True,Structural,Concentrated dependency; Hidden convergent dependency; Recovery lag and temporal overlap,Hidden convergent dependency,5,0.8148788395766784,818.0401019897131,True,False,False,False,True,"[{""target"":""demand"",""magnitude"":0.10075526266206633,""start_week"":4,""duration_weeks"":3,""recovery_weeks"":1},{""target"":""demand"",""magnitude"":0.21880783338678117,""start_week"":11,""duration_weeks"":5,""recovery_weeks"":2},{""target"":""demand"",""magnitude"":0.20485571807475467,""start_week"":22,""duration_weeks"":1,""recovery_weeks"":3},{""target"":""T2P"",""magnitude"":0.2666090443809894,""start_week"":25,""duration_weeks"":6,""recovery_weeks"":1},{""target"":""S1C"",""magnitude"":0.1756240924529467,""start_week"":39,""duration_weeks"":8,""recovery_weeks"":4}]"
A,314,41,Independent baseline,True,True,True,Structural,Compounding moderate disturbance,Compounding moderate disturbance,6,0.5805763522520695,1662.3498655281348,True,True,True,False,False,"[{""target"":""demand"",""magnitude"":0.14451710165976342,""start_week"":5,""duration_weeks"":4,""recovery_weeks"":3},{""target"":""demand"",""magnitude"":0.31622808519583245,""start_week"":12,""duration_weeks"":3,""recovery_weeks"":1},{""target"":""corridor"",""magnitude"":0.20749026208823151,""start_week"":26,""duration_weeks"":3,""recovery_weeks"":4},{""target"":""T2P"",""magnitude"":0.4308114304258328,""start_week"":41,""duration_weeks"":5,""recovery_weeks"":4},{""target"":""S1A"",""magnitude"":0.2762886779267613,""start_week"":42,""duration_weeks"":3,""recovery_weeks"":2},{""target"":""T2P"",""magnitude"":0.2280612576181576,""start_week"":47,""duration_weeks"":1,""recovery_weeks"":2}]"
A,314,42,Independent baseline,False,,False,Non-failure,Unclassified,Unclassified,7,0.859711152052544,158.94574666053973,True,True,False,False,True,"[{""target"":""T2P"",""magnitude"":0.21907283833376437,""start_week"":1,""duration_weeks"":1,""recovery_weeks"":1},{""target"":""T2P"",""magnitude"":0.18333036402179012,""start_week"":9,""duration_weeks"":2,""recovery_weeks"":1},{""target"":""demand"",""magnitude"":0.16318137506128566,""start_week"":21,""duration_weeks"":1,""recovery_weeks"":4},{""target"":""demand"",""magnitude"":0.16848053207208835,""start_week"":26,""duration_weeks"":2,""recovery_weeks"":3},{""target"":""corridor"",""magnitude"":0.2606651388216592,""start_week"":28,""duration_weeks"":2,""recovery_weeks"":1},{""target"":""corridor"",""magnitude"":0.27871748920202055,""start_week"":40,""duration_weeks"":1,""recovery_weeks"":3},{""target"":""S1C"",""magnitude"":0.2066524249157379,""start_week"":43,""duration_weeks"":3,""recovery_weeks"":2}]"
A,314,43,Independent baseline,True,True,True,Structural,Concentrated dependency; Hidden convergent dependency; Propagation-amplified cascade,Hidden convergent dependency,4,0.6811569404348128,926.4766456193421,True,False,True,False,True,"[{""target"":""T2P"",""magnitude"":0.5159450048115579,""start_week"":10,""duration_weeks"":1,""recovery_weeks"":4},{""target"":""S1A"",""magnitude"":0.30562709829298307,""start_week"":17,""duration_weeks"":1,""recovery_weeks"":2},{""target"":""demand"",""magnitude"":0.14027566696970362,""start_week"":18,""duration_weeks"":1,""recovery_weeks"":4},{""target"":""S1C"",""magnitude"":0.3782558503896976,""start_week"":23,""duration_weeks"":7,""recovery_weeks"":3}]"
A,314,44,Independent baseline,False,,False,Non-failure,Unclassified,Unclassified,1,0.95775123682585,38.02388685673509,True,False,False,False,False,"[{""target"":""T2P"",""magnitude"":0.4190119434283677,""start_week"":23,""duration_weeks"":1,""recovery_weeks"":1}]"
A,314,45,Independent baseline,False,,False,Non-failure,Unclassified,Unclassified,2,0.9280968261136108,69.72640642327633,False,False,False,False,False,"[{""target"":""demand"",""magnitude"":0.07747378491475138,""start_week"":37,""duration_weeks"":1,""recovery_weeks"":1},{""target"":""demand"",""magnitude"":0.07502771320143226,""start_week"":40,""duration_weeks"":5,""recovery_weeks"":3}]"
A,314,46,Independent baseline,True,True,False,Structural,Concentrated dependency; Hidden convergent dependency; Propagation-amplified cascade,Hidden convergent dependency,1,0.8354091237042053,398.95546783006034,True,False,False,False,False,"[{""target"":""T2P"",""magnitude"":0.24813178866621521,""start_week"":6,""duration_weeks"":5,""recovery_weeks"":4}]"
A,314,47,Independent baseline,False,,False,Non-failure,Unclassified,Unclassified,2,0.8720004078909955,132.10960895846802,False,True,False,False,False,"[{""target"":""demand"",""magnitude"":0.14678845439829785,""start_week"":5,""duration_weeks"":1,""recovery_weeks"":3},{""target"":""corridor"",""magnitude"":0.2555058447842693,""start_week"":42,""duration_weeks"":1,""recovery_weeks"":1}]"
A,314,48,Independent baseline,True,True,True,Structural,Concentrated dependency,Concentrated dependency,4,0.76096034057672,1922.5730114392813,False,True,True,True,False,"[{""target"":""demand"",""magnitude"":0.22334576298834957,""start_week"":16,""duration_weeks"":1,""recovery_weeks"":3},{""target"":""corridor"",""magnitude"":0.42927974456746,""start_week"":29,""duration_weeks"":8,""recovery_weeks"":4},{""target"":""S1B"",""magnitude"":0.3806456000221183,""start_week"":33,""duration_weeks"":3,""recovery_weeks"":3},{""target"":""S1A"",""magnitude"":0.3739141112253919,""start_week"":40,""duration_weeks"":2,""recovery_weeks"":4}]"
A,314,49,Independent baseline,True,True,True,Structural,Concentrated dependency,Concentrated dependency,3,0.8389458787903119,434.8461272661576,False,True,True,False,False,"[{""target"":""corridor"",""magnitude"":0.37079059090726596,""start_week"":2,""duration_weeks"":2,""recovery_weeks"":1},{""target"":""demand"",""magnitude"":0.15806952628761656,""start_week"":24,""duration_weeks"":1,""recovery_weeks"":3},{""target"":""S1A"",""magnitude"":0.3443979813454626,""start_week"":37,""duration_weeks"":1,""recovery_weeks"":1}]"
A,314,50,Independent baseline,True,True,True,Structural,Concentrated dependency; Hidden convergent dependency; Propagation-amplified cascade,Hidden convergent dependency,3,0.6542280285818917,2643.237746659511,True,False,False,False,False,"[{""target"":""demand"",""magnitude"":0.08107695645676356,""start_week"":22,""duration_weeks"":3,""recovery_weeks"":2},{""target"":""T2P"",""magnitude"":0.3461701131906451,""start_week"":27,""duration_weeks"":10,""recovery_weeks"":4},{""target"":""demand"",""magnitude"":0.11043492524328435,""start_week"":34,""duration_weeks"":3,""recovery_weeks"":2}]"
A,314,51,Independent baseline,False,,False,Non-failure,Unclassified,Unclassified,1,0.8858108287311378,116.01828608167648,False,False,False,False,False,"[{""target"":""demand"",""magnitude"":0.1289092067574182,""start_week"":8,""duration_weeks"":3,""recovery_weeks"":1}]"
A,314,52,Independent baseline,False,,False,Non-failure,Unclassified,Unclassified,4,0.9387514837881943,58.72018904106733,True,False,False,True,False,"[{""target"":""S1B"",""magnitude"":0.1965965163965127,""start_week"":8,""duration_weeks"":6,""recovery_weeks"":1},{""target"":""demand"",""magnitude"":0.06524465449007467,""start_week"":14,""duration_weeks"":5,""recovery_weeks"":3},{""target"":""demand"",""magnitude"":0.1488930878641598,""start_week"":33,""duration_weeks"":1,""recovery_weeks"":3},{""target"":""T2P"",""magnitude"":0.5037655633234638,""start_week"":49,""duration_weeks"":1,""recovery_weeks"":1}]"
A,314,53,Independent baseline,True,False,False,Adaptation-limited,Concentrated dependency,Concentrated dependency,3,0.7163848277543597,966.8473137033282,False,True,False,False,False,"[{""target"":""demand"",""magnitude"":0.1636630172310094,""start_week"":5,""duration_weeks"":11,""recovery_weeks"":1},{""target"":""corridor"",""magnitude"":0.3747771023776337,""start_week"":13,""duration_weeks"":1,""recovery_weeks"":3},{""target"":""corridor"",""magnitude"":0.3563774417103851,""start_week"":21,""duration_weeks"":1,""recovery_weeks"":4}]"
A,314,54,Independent baseline,False,,False,Non-failure,Unclassified,Unclassified,1,0.9720670708887635,58.65915113359665,False,False,True,False,False,"[{""target"":""S1A"",""magnitude"":0.312849090500282,""start_week"":31,""duration_weeks"":6,""recovery_weeks"":4}]"
A,314,55,Independent baseline,True,True,False,Structural,Concentrated dependency,Concentrated dependency,3,0.8101081618743526,394.9822993609773,False,True,False,False,True,"[{""target"":""S1C"",""magnitude"":0.17964365232017646,""start_week"":15,""duration_weeks"":1,""recovery_weeks"":1},{""target"":""corridor"",""magnitude"":0.3924188785942356,""start_week"":17,""duration_weeks"":1,""recovery_weeks"":4},{""target"":""demand"",""magnitude"":0.11838900660051194,""start_week"":28,""duration_weeks"":2,""recovery_weeks"":2}]"
A,314,56,Independent baseline,False,,False,Non-failure,Unclassified,Unclassified,3,0.8943462349753971,192.87259483452362,False,False,True,False,True,"[{""target"":""S1A"",""magnitude"":0.31459825722720364,""start_week"":15,""duration_weeks"":5,""recovery_weeks"":1},{""target"":""S1C"",""magnitude"":0.22226359126809375,""start_week"":21,""duration_weeks"":5,""recovery_weeks"":2},{""target"":""demand"",""magnitude"":0.16283184615384472,""start_week"":23,""duration_weeks"":8,""recovery_weeks"":4}]"
A,314,57,Independent baseline,True,True,False,Structural,Concentrated dependency,Concentrated dependency,3,0.8528809387518825,308.95002862104684,False,False,False,True,True,"[{""target"":""S1C"",""magnitude"":0.5810178878082642,""start_week"":1,""duration_weeks"":4,""recovery_weeks"":3},{""target"":""demand"",""magnitude"":0.1653440946643132,""start_week"":32,""duration_weeks"":1,""recovery_weeks"":1},{""target"":""S1B"",""magnitude"":0.17238374264900486,""start_week"":34,""duration_weeks"":2,""recovery_weeks"":2}]"
A,314,58,Independent baseline,False,,False,Non-failure,Unclassified,Unclassified,0,1.0,0.0,False,False,False,False,False,[]
A,314,59,Independent baseline,False,,False,Non-failure,Unclassified,Unclassified,2,1.0,0.0,True,True,False,False,False,"[{""target"":""corridor"",""magnitude"":0.2438697265905323,""start_week"":3,""duration_weeks"":3,""recovery_weeks"":1},{""target"":""T2P"",""magnitude"":0.266887430316002,""start_week"":19,""duration_weeks"":1,""recovery_weeks"":4}]"
A,314,60,Independent baseline,True,True,False,Structural,Concentrated dependency; Hidden convergent dependency; Propagation-amplified cascade,Hidden convergent dependency,3,0.7389627844109453,574.6674701507454,True,True,False,False,False,"[{""target"":""T2P"",""magnitude"":0.33493349403014905,""start_week"":4,""duration_weeks"":4,""recovery_weeks"":1},{""target"":""T2P"",""magnitude"":0.37357471902175754,""start_week"":22,""duration_weeks"":2,""recovery_weeks"":4},{""target"":""corridor"",""magnitude"":0.40572678107404425,""start_week"":38,""duration_weeks"":1,""recovery_weeks"":3}]"
A,314,61,Independent baseline,True,True,True,Structural,Concentrated dependency; Hidden convergent dependency,Hidden convergent dependency,6,0.5715398384823352,2178.9268685454635,True,False,False,True,True,"[{""target"":""S1C"",""magnitude"":0.2982807741061313,""start_week"":9,""duration_weeks"":3,""recovery_weeks"":3},{""target"":""S1C"",""magnitude"":0.2160801658935118,""start_week"":10,""duration_weeks"":1,""recovery_weeks"":1},{""target"":""S1B"",""magnitude"":0.36712384808847465,""start_week"":13,""duration_weeks"":1,""recovery_weeks"":3},{""target"":""demand"",""magnitude"":0.14909590511338672,""start_week"":23,""duration_weeks"":1,""recovery_weeks"":4},{""target"":""T2P"",""magnitude"":0.4856141453658983,""start_week"":34,""duration_weeks"":6,""recovery_weeks"":3},{""target"":""S1C"",""magnitude"":0.29147201572628434,""start_week"":41,""duration_weeks"":9,""recovery_weeks"":1}]"
A,314,62,Independent baseline,False,,False,Non-failure,Unclassified,Unclassified,1,0.9792063211660377,18.714310950566073,True,False,False,False,False,"[{""target"":""T2P"",""magnitude"":0.40935715547528295,""start_week"":22,""duration_weeks"":1,""recovery_weeks"":1}]"
A,314,63,Independent baseline,True,True,True,Structural,Concentrated dependency; Hidden convergent dependency; Propagation-amplified cascade,Hidden convergent dependency,6,0.35499512983881654,2504.1494309575764,True,True,False,False,False,"[{""target"":""T2P"",""magnitude"":0.5504598894960963,""start_week"":16,""duration_weeks"":1,""recovery_weeks"":4},{""target"":""corridor"",""magnitude"":0.216972163158333,""start_week"":34,""duration_weeks"":2,""recovery_weeks"":1},{""target"":""T2P"",""magnitude"":0.4429858869882737,""start_week"":39,""duration_weeks"":4,""recovery_weeks"":2},{""target"":""demand"",""magnitude"":0.27630849545900427,""start_week"":40,""duration_weeks"":3,""recovery_weeks"":4},{""target"":""corridor"",""magnitude"":0.46597826818544785,""start_week"":41,""duration_weeks"":3,""recovery_weeks"":2},{""target"":""corridor"",""magnitude"":0.3636729466228992,""start_week"":42,""duration_weeks"":1,""recovery_weeks"":1}]"
A,314,64,Independent baseline,False,,False,Non-failure,Unclassified,Unclassified,2,0.9128346032811309,183.04733310962513,False,False,True,False,False,"[{""target"":""S1A"",""magnitude"":0.22096669934122182,""start_week"":14,""duration_weeks"":3,""recovery_weeks"":4},{""target"":""S1A"",""magnitude"":0.44612214261745553,""start_week"":23,""duration_weeks"":5,""recovery_weeks"":1}]"
A,314,65,Independent baseline,True,True,False,Structural,Concentrated dependency,Concentrated dependency,2,0.8890868205272303,199.6437230509855,True,True,False,False,False,"[{""target"":""corridor"",""magnitude"":0.3331848846045774,""start_week"":16,""duration_weeks"":1,""recovery_weeks"":4},{""target"":""T2P"",""magnitude"":0.3963850452077618,""start_week"":31,""duration_weeks"":1,""recovery_weeks"":1}]"
A,314,66,Independent baseline,False,,False,Non-failure,Unclassified,Unclassified,1,0.9634523905234874,65.7856970577227,False,False,False,False,True,"[{""target"":""S1C"",""magnitude"":0.3322321213221534,""start_week"":21,""duration_weeks"":1,""recovery_weeks"":1}]"
A,314,67,Independent baseline,False,,False,Non-failure,Unclassified,Unclassified,0,1.0,0.0,False,False,False,False,False,[]
A,314,68,Independent baseline,True,False,True,Adaptation-limited,Concentrated dependency,Concentrated dependency,3,0.7628521487376121,1280.5983968168948,False,True,False,False,False,"[{""target"":""corridor"",""magnitude"":0.42786088844679093,""start_week"":21,""duration_weeks"":5,""recovery_weeks"":1},{""target"":""demand"",""magnitude"":0.28509358335902973,""start_week"":36,""duration_weeks"":1,""recovery_weeks"":2},{""target"":""demand"",""magnitude"":0.1941211375423833,""start_week"":38,""duration_weeks"":1,""recovery_weeks"":1}]"
A,314,69,Independent baseline,False,,False,Non-failure,Unclassified,Unclassified,2,0.8537664818414767,154.15241654697297,False,True,False,False,False,"[{""target"":""demand"",""magnitude"":0.17128046282996992,""start_week"":11,""duration_weeks"":3,""recovery_weeks"":4},{""target"":""corridor"",""magnitude"":0.3337335084584794,""start_week"":22,""duration_weeks"":1,""recovery_weeks"":2}]"
A,314,70,Independent baseline,True,True,True,Structural,Concentrated dependency,Concentrated dependency,5,0.5917465636013128,2011.9903163703852,True,True,False,False,True,"[{""target"":""corridor"",""magnitude"":0.4384655288227842,""start_week"":7,""duration_weeks"":1,""recovery_weeks"":2},{""target"":""T2P"",""magnitude"":0.2788599570463891,""start_week"":14,""duration_weeks"":2,""recovery_weeks"":3},{""target"":""demand"",""magnitude"":0.11565561455787457,""start_week"":23,""duration_weeks"":4,""recovery_weeks"":4},{""target"":""T2P"",""magnitude"":0.46742809275881847,""start_week"":28,""duration_weeks"":5,""recovery_weeks"":1},{""target"":""S1C"",""magnitude"":0.27007254262251973,""start_week"":50,""duration_weeks"":10,""recovery_weeks"":2}]"
A,314,71,Independent baseline,True,True,False,Structural,Concentrated dependency,Concentrated dependency,1,0.8707201564246824,232.70371843557177,False,True,False,False,False,"[{""target"":""corridor"",""magnitude"":0.3469598826814883,""start_week"":15,""duration_weeks"":1,""recovery_weeks"":2}]"
A,314,72,Independent baseline,True,True,True,Structural,Concentrated dependency; Hidden convergent dependency,Hidden convergent dependency,5,0.5408986173305881,3101.7900448939554,True,True,True,True,False,"[{""target"":""corridor"",""magnitude"":0.24499042429681195,""start_week"":13,""duration_weeks"":5,""recovery_weeks"":1},{""target"":""demand"",""magnitude"":0.13214116132516654,""start_week"":21,""duration_weeks"":7,""recovery_weeks"":2},{""target"":""T2P"",""magnitude"":0.4488637700945539,""start_week"":22,""duration_weeks"":7,""recovery_weeks"":1},{""target"":""S1A"",""magnitude"":0.3029683094304856,""start_week"":35,""duration_weeks"":9,""recovery_weeks"":3},{""target"":""S1B"",""magnitude"":0.42137800101566714,""start_week"":49,""duration_weeks"":4,""recovery_weeks"":4}]"
A,314,73,Independent baseline,True,True,True,Structural,Compounding moderate disturbance,Compounding moderate disturbance,6,0.6657974518837793,1418.464868956712,True,True,False,False,False,"[{""target"":""demand"",""magnitude"":0.08404236635307993,""start_week"":1,""duration_weeks"":10,""recovery_weeks"":2},{""target"":""demand"",""magnitude"":0.28708211740381745,""start_week"":2,""duration_weeks"":2,""recovery_weeks"":3},{""target"":""T2P"",""magnitude"":0.40078229330459847,""start_week"":16,""duration_weeks"":4,""recovery_weeks"":1},{""target"":""corridor"",""magnitude"":0.30647879977103853,""start_week"":20,""duration_weeks"":1,""recovery_weeks"":3},{""target"":""demand"",""magnitude"":0.13006783003532596,""start_week"":27,""duration_weeks"":2,""recovery_weeks"":3},{""target"":""T2P"",""magnitude"":0.33313509582949385,""start_week"":47,""duration_weeks"":1,""recovery_weeks"":2}]"
A,314,74,Independent baseline,False,,False,Non-failure,Unclassified,Unclassified,2,0.930742560664991,66.9698561511724,True,False,False,False,False,"[{""target"":""demand"",""magnitude"":0.07441095127908016,""start_week"":2,""duration_weeks"":2,""recovery_weeks"":4},{""target"":""T2P"",""magnitude"":0.33130457557951376,""start_week"":30,""duration_weeks"":2,""recovery_weeks"":2}]"
A,314,75,Independent baseline,True,True,True,Structural,Concentrated dependency,Concentrated dependency,5,0.6969864200906815,1230.3319853681242,False,True,False,True,True,"[{""target"":""S1B"",""magnitude"":0.25926560828091333,""start_week"":10,""duration_weeks"":5,""recovery_weeks"":2},{""target"":""corridor"",""magnitude"":0.39653580200242766,""start_week"":20,""duration_weeks"":2,""recovery_weeks"":2},{""target"":""corridor"",""magnitude"":0.3142282696671992,""start_week"":23,""duration_weeks"":1,""recovery_weeks"":1},{""target"":""corridor"",""magnitude"":0.47726018493198885,""start_week"":29,""duration_weeks"":3,""recovery_weeks"":1},{""target"":""S1C"",""magnitude"":0.24331133499041355,""start_week"":47,""duration_weeks"":1,""recovery_weeks"":2}]"
A,314,76,Independent baseline,True,True,True,Structural,Concentrated dependency; Hidden convergent dependency,Hidden convergent dependency,4,0.6677311925066536,820.8024454275114,True,False,True,True,False,"[{""target"":""S1B"",""magnitude"":0.3047520805426898,""start_week"":2,""duration_weeks"":2,""recovery_weeks"":3},{""target"":""demand"",""magnitude"":0.17263558762312603,""start_week"":4,""duration_weeks"":1,""recovery_weeks"":2},{""target"":""T2P"",""magnitude"":0.3431523782460236,""start_week"":33,""duration_weeks"":4,""recovery_weeks"":3},{""target"":""S1A"",""magnitude"":0.5923508531166566,""start_week"":40,""duration_weeks"":1,""recovery_weeks"":3}]"
A,314,77,Independent baseline,False,,False,Non-failure,Unclassified,Unclassified,0,1.0,0.0,False,False,False,False,False,[]
A,314,78,Independent baseline,False,,False,Non-failure,Unclassified,Unclassified,2,0.9185565374805742,459.7512797396935,False,True,False,True,False,"[{""target"":""corridor"",""magnitude"":0.3047322952071063,""start_week"":13,""duration_weeks"":6,""recovery_weeks"":4},{""target"":""S1B"",""magnitude"":0.433247790668708,""start_week"":29,""duration_weeks"":5,""recovery_weeks"":2}]"
A,314,79,Independent baseline,True,False,True,Adaptation-limited,Compounding moderate disturbance,Compounding moderate disturbance,4,0.6718798128838211,1590.1563117524724,False,True,False,False,False,"[{""target"":""corridor"",""magnitude"":0.31815393968903805,""start_week"":11,""duration_weeks"":8,""recovery_weeks"":3},{""target"":""corridor"",""magnitude"":0.2609624239332654,""start_week"":13,""duration_weeks"":2,""recovery_weeks"":3},{""target"":""demand"",""magnitude"":0.10663622732384549,""start_week"":29,""duration_weeks"":7,""recovery_weeks"":3},{""target"":""corridor"",""magnitude"":0.26118578025665484,""start_week"":36,""duration_weeks"":3,""recovery_weeks"":4}]"
A,314,80,Independent baseline,False,,False,Non-failure,Unclassified,Unclassified,1,0.8656925107643739,139.63010977804788,False,False,False,False,False,"[{""target"":""demand"",""magnitude"":0.15514456642005334,""start_week"":40,""duration_weeks"":4,""recovery_weeks"":1}]"
A,314,81,Independent baseline,True,True,True,Structural,Concentrated dependency; Hidden convergent dependency; Propagation-amplified cascade,Hidden convergent dependency,4,0.7182968014395129,667.6643935221919,True,False,True,True,True,"[{""target"":""T2P"",""magnitude"":0.3535328787044382,""start_week"":8,""duration_weeks"":4,""recovery_weeks"":1},{""target"":""S1C"",""magnitude"":0.23093161033143156,""start_week"":16,""duration_weeks"":1,""recovery_weeks"":1},{""target"":""S1B"",""magnitude"":0.41058505950442614,""start_week"":17,""duration_weeks"":13,""recovery_weeks"":1},{""target"":""S1A"",""magnitude"":0.34186487761974116,""start_week"":48,""duration_weeks"":7,""recovery_weeks"":1}]"
A,314,82,Independent baseline,False,,False,Non-failure,Unclassified,Unclassified,1,0.9177893954244988,80.6171268559159,False,False,False,False,False,"[{""target"":""demand"",""magnitude"":0.08957458539546195,""start_week"":10,""duration_weeks"":5,""recovery_weeks"":2}]"
A,314,83,Independent baseline,False,,False,Non-failure,Unclassified,Unclassified,1,0.9483137876413933,108.5410459530741,False,False,True,False,False,"[{""target"":""S1A"",""magnitude"":0.3662939778068651,""start_week"":33,""duration_weeks"":5,""recovery_weeks"":4}]"
A,314,84,Independent baseline,False,,False,Non-failure,Unclassified,Unclassified,1,0.8686869867400361,136.04637083084867,False,False,False,False,False,"[{""target"":""demand"",""magnitude"":0.15116263425649848,""start_week"":20,""duration_weeks"":1,""recovery_weeks"":2}]"
A,314,85,Independent baseline,True,True,True,Structural,Concentrated dependency; Hidden convergent dependency; Propagation-amplified cascade,Hidden convergent dependency,3,0.7715686442018629,811.2084670981319,True,False,False,False,False,"[{""target"":""T2P"",""magnitude"":0.24380183252565973,""start_week"":15,""duration_weeks"":4,""recovery_weeks"":4},{""target"":""T2P"",""magnitude"":0.30558822021832344,""start_week"":27,""duration_weeks"":3,""recovery_weeks"":3},{""target"":""demand"",""magnitude"":0.10950606065525317,""start_week"":36,""duration_weeks"":2,""recovery_weeks"":1}]"
A,314,86,Independent baseline,False,,False,Non-failure,Unclassified,Unclassified,1,0.9619510141208467,68.48817458247595,False,False,True,False,False,"[{""target"":""S1A"",""magnitude"":0.3356102182280948,""start_week"":32,""duration_weeks"":1,""recovery_weeks"":3}]"
A,314,87,Independent baseline,False,,False,Non-failure,Unclassified,Unclassified,4,0.8940942775083786,106.60525700721337,False,True,False,False,False,"[{""target"":""demand"",""magnitude"":0.11845028556357019,""start_week"":17,""duration_weeks"":1,""recovery_weeks"":1},{""target"":""corridor"",""magnitude"":0.23320250750292448,""start_week"":23,""duration_weeks"":3,""recovery_weeks"":3},{""target"":""demand"",""magnitude"":0.11282686699530177,""start_week"":37,""duration_weeks"":1,""recovery_weeks"":2},{""target"":""corridor"",""magnitude"":0.25842379920544745,""start_week"":47,""duration_weeks"":1,""recovery_weeks"":2}]"
A,314,88,Independent baseline,True,True,True,Structural,Concentrated dependency,Concentrated dependency,4,0.6194448319027063,1955.6636150982367,False,True,False,False,True,"[{""target"":""corridor"",""magnitude"":0.5354163760729703,""start_week"":7,""duration_weeks"":4,""recovery_weeks"":4},{""target"":""demand"",""magnitude"":0.19935097969896515,""start_week"":15,""duration_weeks"":1,""recovery_weeks"":3},{""target"":""S1C"",""magnitude"":0.2160279338878975,""start_week"":21,""duration_weeks"":1,""recovery_weeks"":4},{""target"":""corridor"",""magnitude"":0.2857963155918673,""start_week"":50,""duration_weeks"":6,""recovery_weeks"":2}]"
A,314,89,Independent baseline,False,,False,Non-failure,Unclassified,Unclassified,3,0.9581812085432472,40.471226317701394,False,True,True,False,False,"[{""target"":""S1A"",""magnitude"":0.2841310746158722,""start_week"":30,""duration_weeks"":4,""recovery_weeks"":4},{""target"":""demand"",""magnitude"":0.07530676223377714,""start_week"":40,""duration_weeks"":6,""recovery_weeks"":2},{""target"":""corridor"",""magnitude"":0.19956066850995324,""start_week"":51,""duration_weeks"":1,""recovery_weeks"":3}]"
A,314,90,Independent baseline,False,,False,Non-failure,Unclassified,Unclassified,3,0.8484856325086602,160.71330558542377,False,True,False,False,False,"[{""target"":""demand"",""magnitude"":0.17857033953935986,""start_week"":18,""duration_weeks"":3,""recovery_weeks"":3},{""target"":""corridor"",""magnitude"":0.27298785592170216,""start_week"":31,""duration_weeks"":1,""recovery_weeks"":2},{""target"":""demand"",""magnitude"":0.09990315297279916,""start_week"":45,""duration_weeks"":16,""recovery_weeks"":2}]"
A,314,91,Independent baseline,True,True,True,Structural,Concentrated dependency,Concentrated dependency,5,0.8204896226760783,867.0054543660393,False,True,False,False,True,"[{""target"":""demand"",""magnitude"":0.13397008881922065,""start_week"":2,""duration_weeks"":3,""recovery_weeks"":4},{""target"":""S1C"",""magnitude"":0.47998972984943067,""start_week"":3,""duration_weeks"":1,""recovery_weeks"":1},{""target"":""corridor"",""magnitude"":0.362421406152849,""start_week"":34,""duration_weeks"":4,""recovery_weeks"":1},{""target"":""corridor"",""magnitude"":0.31021309167001543,""start_week"":42,""duration_weeks"":5,""recovery_weeks"":3},{""target"":""demand"",""magnitude"":0.1209354175298426,""start_week"":44,""duration_weeks"":4,""recovery_weeks"":3}]"
A,314,92,Independent baseline,False,,False,Non-failure,Unclassified,Unclassified,1,1.0,0.0,False,True,False,False,False,"[{""target"":""corridor"",""magnitude"":0.17624515659192247,""start_week"":28,""duration_weeks"":3,""recovery_weeks"":4}]"
A,314,93,Independent baseline,False,,False,Non-failure,Unclassified,Unclassified,1,0.9171717251528541,81.2775245006685,False,False,False,False,False,"[{""target"":""demand"",""magnitude"":0.09030836055629823,""start_week"":42,""duration_weeks"":3,""recovery_weeks"":4}]"
A,314,94,Independent baseline,True,False,True,Adaptation-limited,Concentrated dependency,Concentrated dependency,2,0.7072105715144139,1349.3049169732228,False,True,False,False,False,"[{""target"":""corridor"",""magnitude"":0.4034341679796075,""start_week"":6,""duration_weeks"":1,""recovery_weeks"":1},{""target"":""corridor"",""magnitude"":0.46959207136418957,""start_week"":29,""duration_weeks"":5,""recovery_weeks"":2}]"
A,314,95,Independent baseline,False,,False,Non-failure,Unclassified,Unclassified,1,1.0,0.0,False,False,True,False,False,"[{""target"":""S1A"",""magnitude"":0.19008935165188667,""start_week"":4,""duration_weeks"":5,""recovery_weeks"":1}]"
A,314,96,Independent baseline,False,,False,Non-failure,Unclassified,Unclassified,2,0.847406338837592,162.0642763122969,False,False,False,True,False,"[{""target"":""demand"",""magnitude"":0.18007141812477406,""start_week"":43,""duration_weeks"":1,""recovery_weeks"":1},{""target"":""S1B"",""magnitude"":0.1836106436767733,""start_week"":50,""duration_weeks"":1,""recovery_weeks"":2}]"
A,314,97,Independent baseline,False,,False,Non-failure,Unclassified,Unclassified,3,0.9339178907477276,63.682149058551886,True,False,False,False,False,"[{""target"":""demand"",""magnitude"":0.07075794339839103,""start_week"":2,""duration_weeks"":1,""recovery_weeks"":4},{""target"":""T2P"",""magnitude"":0.30605289612964504,""start_week"":22,""duration_weeks"":2,""recovery_weeks"":1},{""target"":""demand"",""magnitude"":0.08223449707231242,""start_week"":49,""duration_weeks"":1,""recovery_weeks"":3}]"
A,314,98,Independent baseline,True,True,False,Structural,Concentrated dependency; Propagation-amplified cascade,Propagation-amplified cascade,3,0.8621211549439864,418.34335139107407,True,False,True,True,False,"[{""target"":""T2P"",""magnitude"":0.32028544378806434,""start_week"":9,""duration_weeks"":1,""recovery_weeks"":2},{""target"":""S1A"",""magnitude"":0.484164114792597,""start_week"":27,""duration_weeks"":4,""recovery_weeks"":3},{""target"":""S1B"",""magnitude"":0.32606328658343364,""start_week"":28,""duration_weeks"":4,""recovery_weeks"":4}]"
A,314,99,Independent baseline,False,,False,Non-failure,Unclassified,Unclassified,3,0.9045511086929282,194.99608110091617,False,False,False,True,True,"[{""target"":""S1C"",""magnitude"":0.19534661098815875,""start_week"":7,""duration_weeks"":1,""recovery_weeks"":1},{""target"":""demand"",""magnitude"":0.10452654238029657,""start_week"":10,""duration_weeks"":2,""recovery_weeks"":4},{""target"":""S1B"",""magnitude"":0.4647600054409118,""start_week"":27,""duration_weeks"":5,""recovery_weeks"":1}]"
A,314,100,Independent baseline,False,,False,Non-failure,Unclassified,Unclassified,0,1.0,0.0,False,False,False,False,False,[]
A,314,101,Independent baseline,True,True,True,Structural,Concentrated dependency,Concentrated dependency,4,0.7467188896250485,2780.133121343377,False,True,False,False,False,"[{""target"":""corridor"",""magnitude"":0.4399608327812137,""start_week"":9,""duration_weeks"":7,""recovery_weeks"":3},{""target"":""corridor"",""magnitude"":0.37849618336017665,""start_week"":26,""duration_weeks"":12,""recovery_weeks"":1},{""target"":""corridor"",""magnitude"":0.2941595006304214,""start_week"":45,""duration_weeks"":1,""recovery_weeks"":1},{""target"":""corridor"",""magnitude"":0.34249230899415006,""start_week"":50,""duration_weeks"":1,""recovery_weeks"":2}]"
A,314,102,Independent baseline,True,False,False,Adaptation-limited,Concentrated dependency; Hidden convergent dependency; Propagation-amplified cascade,Hidden convergent dependency,3,0.47200709387360956,693.9920193921891,True,False,False,False,True,"[{""target"":""T2P"",""magnitude"":0.6375968077568757,""start_week"":11,""duration_weeks"":1,""recovery_weeks"":2},{""target"":""T2P"",""magnitude"":0.22416844105434086,""start_week"":40,""duration_weeks"":2,""recovery_weeks"":1},{""target"":""S1C"",""magnitude"":0.2992053991912573,""start_week"":44,""duration_weeks"":1,""recovery_weeks"":4}]"
A,314,103,Independent baseline,False,,False,Non-failure,Unclassified,Unclassified,2,0.9349694295034785,62.59831776312808,False,False,False,False,False,"[{""target"":""demand"",""magnitude"":0.06955368640347553,""start_week"":9,""duration_weeks"":1,""recovery_weeks"":1},{""target"":""demand"",""magnitude"":0.13628150747024598,""start_week"":16,""duration_weeks"":2,""recovery_weeks"":1}]"
A,314,104,Independent baseline,True,True,False,Structural,Concentrated dependency; Recovery lag and temporal overlap,Recovery lag and temporal overlap,7,0.5044710169567109,1103.1927918631172,True,True,False,False,False,"[{""target"":""demand"",""magnitude"":0.15368292947131207,""start_week"":3,""duration_weeks"":3,""recovery_weeks"":2},{""target"":""corridor"",""magnitude"":0.22413796516309564,""start_week"":9,""duration_weeks"":5,""recovery_weeks"":3},{""target"":""corridor"",""magnitude"":0.33495399945140186,""start_week"":15,""duration_weeks"":4,""recovery_weeks"":1},{""target"":""corridor"",""magnitude"":0.4310870790811032,""start_week"":19,""duration_weeks"":1,""recovery_weeks"":2},{""target"":""T2P"",""magnitude"":0.2445804184549007,""start_week"":34,""duration_weeks"":1,""recovery_weeks"":1},{""target"":""corridor"",""magnitude"":0.21594218973668142,""start_week"":41,""duration_weeks"":3,""recovery_weeks"":2},{""target"":""demand"",""magnitude"":0.16512170804137166,""start_week"":47,""duration_weeks"":2,""recovery_weeks"":3}]"
A,314,105,Independent baseline,False,,False,Non-failure,Unclassified,Unclassified,2,1.0,0.0,False,True,False,False,True,"[{""target"":""S1C"",""magnitude"":0.24034685426384417,""start_week"":9,""duration_weeks"":8,""recovery_weeks"":4},{""target"":""corridor"",""magnitude"":0.32682375566953176,""start_week"":51,""duration_weeks"":1,""recovery_weeks"":2}]"
A,314,106,Independent baseline,True,True,True,Structural,Concentrated dependency; Hidden convergent dependency; Propagation-amplified cascade,Hidden convergent dependency,3,0.7645800387576014,2210.352529095142,True,True,False,False,False,"[{""target"":""T2P"",""magnitude"":0.3118779651181587,""start_week"":4,""duration_weeks"":12,""recovery_weeks"":2},{""target"":""corridor"",""magnitude"":0.20185877442970318,""start_week"":32,""duration_weeks"":1,""recovery_weeks"":1},{""target"":""demand"",""magnitude"":0.13089094600772627,""start_week"":50,""duration_weeks"":12,""recovery_weeks"":1}]"
A,314,107,Independent baseline,False,,False,Non-failure,Unclassified,Unclassified,0,1.0,0.0,False,False,False,False,False,[]
A,314,108,Independent baseline,True,True,True,Structural,Concentrated dependency; Hidden convergent dependency; Propagation-amplified cascade,Hidden convergent dependency,2,0.6706168461997384,1548.8320193027412,True,False,False,False,False,"[{""target"":""T2P"",""magnitude"":0.331411224962001,""start_week"":19,""duration_weeks"":5,""recovery_weeks"":3},{""target"":""T2P"",""magnitude"":0.3214895072345828,""start_week"":26,""duration_weeks"":1,""recovery_weeks"":3}]"
A,314,109,Independent baseline,False,,False,Non-failure,Unclassified,Unclassified,1,0.9388549170558973,110.06114929938485,False,False,False,False,True,"[{""target"":""S1C"",""magnitude"":0.3875764366242309,""start_week"":20,""duration_weeks"":1,""recovery_weeks"":2}]"
A,314,110,Independent baseline,False,,False,Non-failure,Unclassified,Unclassified,3,0.8572652854084682,149.85004679288932,True,False,False,False,False,"[{""target"":""T2P"",""magnitude"":0.30117382678287097,""start_week"":11,""duration_weeks"":1,""recovery_weeks"":2},{""target"":""demand"",""magnitude"":0.16650005199209922,""start_week"":19,""duration_weeks"":1,""recovery_weeks"":1},{""target"":""T2P"",""magnitude"":0.22802128931360124,""start_week"":50,""duration_weeks"":6,""recovery_weeks"":4}]"
A,314,111,Independent baseline,False,,False,Non-failure,Unclassified,Unclassified,0,1.0,0.0,False,False,False,False,False,[]
A,314,112,Independent baseline,False,,False,Non-failure,Unclassified,Unclassified,2,0.9037268081463109,95.87617838409028,True,False,False,False,False,"[{""target"":""demand"",""magnitude"":0.1065290870934337,""start_week"":5,""duration_weeks"":1,""recovery_weeks"":3},{""target"":""T2P"",""magnitude"":0.23105895085247669,""start_week"":27,""duration_weeks"":1,""recovery_weeks"":2}]"
A,314,113,Independent baseline,True,False,True,Adaptation-limited,Concentrated dependency,Concentrated dependency,6,0.7880965198699819,599.2814844290599,True,True,True,False,False,"[{""target"":""corridor"",""magnitude"":0.40892761009751355,""start_week"":9,""duration_weeks"":2,""recovery_weeks"":3},{""target"":""T2P"",""magnitude"":0.21683854214542297,""start_week"":22,""duration_weeks"":7,""recovery_weeks"":2},{""target"":""corridor"",""magnitude"":0.24212064328697835,""start_week"":34,""duration_weeks"":1,""recovery_weeks"":4},{""target"":""S1A"",""magnitude"":0.3580259975630626,""start_week"":39,""duration_weeks"":6,""recovery_weeks"":1},{""target"":""T2P"",""magnitude"":0.28586981438999537,""start_week"":48,""duration_weeks"":3,""recovery_weeks"":3},{""target"":""T2P"",""magnitude"":0.23843055647669315,""start_week"":49,""duration_weeks"":1,""recovery_weeks"":3}]"
A,314,114,Independent baseline,True,False,False,Adaptation-limited,Concentrated dependency,Concentrated dependency,3,0.46633009026030775,1050.3126727453364,False,True,False,False,False,"[{""target"":""corridor"",""magnitude"":0.2736705810837279,""start_week"":15,""duration_weeks"":1,""recovery_weeks"":3},{""target"":""corridor"",""magnitude"":0.596907248459853,""start_week"":49,""duration_weeks"":1,""recovery_weeks"":3},{""target"":""demand"",""magnitude"":0.15252481724590905,""start_week"":50,""duration_weeks"":7,""recovery_weeks"":3}]"
A,314,115,Independent baseline,False,,False,Non-failure,Unclassified,Unclassified,4,0.8929886187928745,107.8515907813063,True,True,False,False,False,"[{""target"":""demand"",""magnitude"":0.11983510086811805,""start_week"":5,""duration_weeks"":6,""recovery_weeks"":2},{""target"":""demand"",""magnitude"":0.2078582892801102,""start_week"":34,""duration_weeks"":5,""recovery_weeks"":1},{""target"":""T2P"",""magnitude"":0.2665296697379484,""start_week"":42,""duration_weeks"":2,""recovery_weeks"":1},{""target"":""corridor"",""magnitude"":0.21309847465315815,""start_week"":50,""duration_weeks"":2,""recovery_weeks"":3}]"
A,314,116,Independent baseline,False,,False,Non-failure,Unclassified,Unclassified,4,0.8564071690724993,202.8803241487799,False,True,True,True,False,"[{""target"":""corridor"",""magnitude"":0.23819201949157448,""start_week"":3,""duration_weeks"":1,""recovery_weeks"":3},{""target"":""S1B"",""magnitude"":0.4673717758736927,""start_week"":13,""duration_weeks"":2,""recovery_weeks"":1},{""target"":""S1A"",""magnitude"":0.3759366502614323,""start_week"":36,""duration_weeks"":3,""recovery_weeks"":1},{""target"":""demand"",""magnitude"":0.16946149018073142,""start_week"":51,""duration_weeks"":2,""recovery_weeks"":3}]"
A,314,117,Independent baseline,True,True,True,Structural,Concentrated dependency; Recovery lag and temporal overlap,Recovery lag and temporal overlap,6,0.689665480807031,2124.0340500064794,True,True,False,True,False,"[{""target"":""T2P"",""magnitude"":0.1749228602697977,""start_week"":2,""duration_weeks"":3,""recovery_weeks"":1},{""target"":""T2P"",""magnitude"":0.32473420386663054,""start_week"":17,""duration_weeks"":3,""recovery_weeks"":1},{""target"":""demand"",""magnitude"":0.1386359601586274,""start_week"":34,""duration_weeks"":1,""recovery_weeks"":2},{""target"":""corridor"",""magnitude"":0.3885521268603596,""start_week"":36,""duration_weeks"":5,""recovery_weeks"":3},{""target"":""T2P"",""magnitude"":0.37930106727367213,""start_week"":41,""duration_weeks"":6,""recovery_weeks"":2},{""target"":""S1B"",""magnitude"":0.22672552447919347,""start_week"":47,""duration_weeks"":4,""recovery_weeks"":2}]"
A,314,118,Independent baseline,False,,False,Non-failure,Unclassified,Unclassified,5,0.911178845784353,109.72637232246007,False,True,False,True,True,"[{""target"":""demand"",""magnitude"":0.06614568011440466,""start_week"":8,""duration_weeks"":6,""recovery_weeks"":1},{""target"":""corridor"",""magnitude"":0.3134681072213831,""start_week"":18,""duration_weeks"":2,""recovery_weeks"":3},{""target"":""S1C"",""magnitude"":0.4867025007314162,""start_week"":26,""duration_weeks"":1,""recovery_weeks"":3},{""target"":""corridor"",""magnitude"":0.25246853233275945,""start_week"":30,""duration_weeks"":2,""recovery_weeks"":3},{""target"":""S1B"",""magnitude"":0.22838832532680822,""start_week"":32,""duration_weeks"":2,""recovery_weeks"":3}]"
A,314,119,Independent baseline,True,False,True,Adaptation-limited,Concentrated dependency,Concentrated dependency,3,0.43003059264551763,944.7293266069437,False,True,False,False,False,"[{""target"":""corridor"",""magnitude"":0.4798242090348527,""start_week"":30,""duration_weeks"":1,""recovery_weeks"":1},{""target"":""corridor"",""magnitude"":0.3799731742884055,""start_week"":31,""duration_weeks"":1,""recovery_weeks"":1},{""target"":""demand"",""magnitude"":0.2657020936216617,""start_week"":45,""duration_weeks"":1,""recovery_weeks"":4}]"
A,314,120,Independent baseline,True,True,False,Structural,Concentrated dependency,Concentrated dependency,3,0.8567776596523562,257.80021262575883,False,True,False,False,False,"[{""target"":""corridor"",""magnitude"":0.3574167552607328,""start_week"":28,""duration_weeks"":1,""recovery_weeks"":1},{""target"":""demand"",""magnitude"":0.17139282709906045,""start_week"":37,""duration_weeks"":1,""recovery_weeks"":4},{""target"":""corridor"",""magnitude"":0.22348364515630176,""start_week"":43,""duration_weeks"":3,""recovery_weeks"":1}]"
A,314,121,Independent baseline,True,False,True,Adaptation-limited,Concentrated dependency; Hidden convergent dependency; Propagation-amplified cascade,Hidden convergent dependency,3,0.6653952533324433,905.7213600040049,True,False,False,True,True,"[{""target"":""T2P"",""magnitude"":0.40114427200080105,""start_week"":16,""duration_weeks"":4,""recovery_weeks"":1},{""target"":""S1C"",""magnitude"":0.2525199278760896,""start_week"":18,""duration_weeks"":2,""recovery_weeks"":1},{""target"":""S1B"",""magnitude"":0.33166553177810554,""start_week"":42,""duration_weeks"":1,""recovery_weeks"":3}]"
A,314,122,Independent baseline,True,False,False,Adaptation-limited,Concentrated dependency; Hidden convergent dependency; Propagation-amplified cascade,Hidden convergent dependency,2,0.638213911395367,489.6261791045945,True,False,False,False,False,"[{""target"":""T2P"",""magnitude"":0.4256074797441698,""start_week"":7,""duration_weeks"":2,""recovery_weeks"":2},{""target"":""T2P"",""magnitude"":0.4259992188650764,""start_week"":51,""duration_weeks"":2,""recovery_weeks"":2}]"
A,314,123,Independent baseline,True,True,False,Structural,Compounding moderate disturbance,Compounding moderate disturbance,2,0.8114952880427337,726.7703530682892,False,False,False,False,False,"[{""target"":""demand"",""magnitude"":0.21472711851440757,""start_week"":9,""duration_weeks"":4,""recovery_weeks"":1},{""target"":""demand"",""magnitude"":0.12717866774578868,""start_week"":11,""duration_weeks"":5,""recovery_weeks"":1}]"
A,314,124,Independent baseline,False,,False,Non-failure,Unclassified,Unclassified,2,0.8819721133175199,298.17495797978575,True,False,False,False,False,"[{""target"":""T2P"",""magnitude"":0.36590003564153895,""start_week"":33,""duration_weeks"":1,""recovery_weeks"":4},{""target"":""demand"",""magnitude"":0.16869690231692913,""start_week"":42,""duration_weeks"":1,""recovery_weeks"":4}]"
A,314,125,Independent baseline,False,,False,Non-failure,Unclassified,Unclassified,3,0.9140296208345325,251.06671337280784,True,False,False,False,True,"[{""target"":""T2P"",""magnitude"":0.3095096438965582,""start_week"":23,""duration_weeks"":1,""recovery_weeks"":4},{""target"":""S1C"",""magnitude"":0.43358944868261096,""start_week"":27,""duration_weeks"":6,""recovery_weeks"":2},{""target"":""T2P"",""magnitude"":0.32983314248015305,""start_week"":39,""duration_weeks"":1,""recovery_weeks"":4}]"
A,314,126,Independent baseline,True,True,False,Structural,Compounding moderate disturbance,Compounding moderate disturbance,5,0.8593161617248816,800.6678406876808,True,True,False,True,True,"[{""target"":""demand"",""magnitude"":0.11378899488292904,""start_week"":5,""duration_weeks"":9,""recovery_weeks"":2},{""target"":""S1C"",""magnitude"":0.38120730846030393,""start_week"":7,""duration_weeks"":13,""recovery_weeks"":2},{""target"":""S1B"",""magnitude"":0.2101153208038264,""start_week"":10,""duration_weeks"":2,""recovery_weeks"":2},{""target"":""corridor"",""magnitude"":0.2821773369593408,""start_week"":11,""duration_weeks"":4,""recovery_weeks"":2},{""target"":""T2P"",""magnitude"":0.2268394351677872,""start_week"":14,""duration_weeks"":1,""recovery_weeks"":2}]"
A,314,127,Independent baseline,True,True,True,Structural,Concentrated dependency,Concentrated dependency,2,0.8428170982225094,879.8861282982557,False,True,False,False,False,"[{""target"":""corridor"",""magnitude"":0.3678871763331179,""start_week"":20,""duration_weeks"":5,""recovery_weeks"":4},{""target"":""demand"",""magnitude"":0.08249992040887347,""start_week"":32,""duration_weeks"":1,""recovery_weeks"":2}]"
A,314,128,Independent baseline,False,,False,Non-failure,Unclassified,Unclassified,0,1.0,0.0,False,False,False,False,False,[]
A,314,129,Independent baseline,True,True,True,Structural,Hidden convergent dependency; Compounding moderate disturbance,Hidden convergent dependency,7,0.6417187420407403,1473.3163452592967,True,True,False,False,False,"[{""target"":""T2P"",""magnitude"":0.3273014628758171,""start_week"":2,""duration_weeks"":2,""recovery_weeks"":1},{""target"":""demand"",""magnitude"":0.164751424666069,""start_week"":5,""duration_weeks"":3,""recovery_weeks"":1},{""target"":""corridor"",""magnitude"":0.3407808202904542,""start_week"":12,""duration_weeks"":10,""recovery_weeks"":2},{""target"":""T2P"",""magnitude"":0.23210368915395357,""start_week"":15,""duration_weeks"":1,""recovery_weeks"":1},{""target"":""corridor"",""magnitude"":0.42716316579906877,""start_week"":29,""duration_weeks"":2,""recovery_weeks"":2},{""target"":""corridor"",""magnitude"":0.27284278625332165,""start_week"":48,""duration_weeks"":7,""recovery_weeks"":3},{""target"":""T2P"",""magnitude"":0.48329479508209916,""start_week"":51,""duration_weeks"":3,""recovery_weeks"":3}]"
A,314,130,Independent baseline,False,,False,Non-failure,Unclassified,Unclassified,2,0.9137783843784526,89.42720685190307,False,False,False,False,True,"[{""target"":""S1C"",""magnitude"":0.33482139440409353,""start_week"":30,""duration_weeks"":7,""recovery_weeks"":1},{""target"":""demand"",""magnitude"":0.1524205670758685,""start_week"":42,""duration_weeks"":4,""recovery_weeks"":1}]"
A,314,131,Independent baseline,True,False,False,Adaptation-limited,Concentrated dependency,Concentrated dependency,2,0.7967816117908922,793.7391502561686,False,False,False,False,False,"[{""target"":""demand"",""magnitude"":0.25504904380554466,""start_week"":1,""duration_weeks"":6,""recovery_weeks"":4},{""target"":""demand"",""magnitude"":0.1677396908245136,""start_week"":32,""duration_weeks"":3,""recovery_weeks"":2}]"
A,314,132,Independent baseline,False,,False,Non-failure,Unclassified,Unclassified,1,0.9842439678647429,28.36085784346278,False,False,False,True,False,"[{""target"":""S1B"",""magnitude"":0.2854510723043283,""start_week"":11,""duration_weeks"":1,""recovery_weeks"":3}]"
A,314,133,Independent baseline,True,True,False,Structural,Concentrated dependency,Concentrated dependency,3,0.8665481262192318,375.40007401009257,True,True,False,True,False,"[{""target"":""corridor"",""magnitude"":0.35008890533557624,""start_week"":3,""duration_weeks"":2,""recovery_weeks"":4},{""target"":""S1B"",""magnitude"":0.28371352465273747,""start_week"":7,""duration_weeks"":1,""recovery_weeks"":4},{""target"":""T2P"",""magnitude"":0.17344624542781942,""start_week"":35,""duration_weeks"":5,""recovery_weeks"":1}]"
A,314,134,Independent baseline,True,False,False,Adaptation-limited,Concentrated dependency,Concentrated dependency,2,0.6894519959090162,541.5712843400911,False,True,True,False,False,"[{""target"":""S1A"",""magnitude"":0.2717689037795995,""start_week"":26,""duration_weeks"":4,""recovery_weeks"":3},{""target"":""corridor"",""magnitude"":0.482911003068238,""start_week"":49,""duration_weeks"":3,""recovery_weeks"":3}]"
A,314,135,Independent baseline,True,False,False,Adaptation-limited,Concentrated dependency,Concentrated dependency,2,0.7319815354427823,482.4332362029918,False,True,False,False,True,"[{""target"":""corridor"",""magnitude"":0.45101384841791325,""start_week"":10,""duration_weeks"":1,""recovery_weeks"":2},{""target"":""S1C"",""magnitude"":0.24892117658951884,""start_week"":45,""duration_weeks"":1,""recovery_weeks"":1}]"
A,314,136,Independent baseline,True,True,False,Structural,Concentrated dependency,Concentrated dependency,3,0.8612260489548081,268.46552883685,True,True,True,False,False,"[{""target"":""corridor"",""magnitude"":0.35408046328389386,""start_week"":16,""duration_weeks"":1,""recovery_weeks"":4},{""target"":""T2P"",""magnitude"":0.3384171448189061,""start_week"":46,""duration_weeks"":10,""recovery_weeks"":4},{""target"":""S1A"",""magnitude"":0.24243102499808672,""start_week"":48,""duration_weeks"":1,""recovery_weeks"":2}]"
A,314,137,Independent baseline,True,False,False,Adaptation-limited,Concentrated dependency,Concentrated dependency,4,0.7918108260909998,374.74051303620035,False,True,False,False,False,"[{""target"":""corridor"",""magnitude"":0.2001246174990586,""start_week"":3,""duration_weeks"":2,""recovery_weeks"":1},{""target"":""corridor"",""magnitude"":0.40614188043175015,""start_week"":8,""duration_weeks"":1,""recovery_weeks"":1},{""target"":""demand"",""magnitude"":0.13934707602978164,""start_week"":30,""duration_weeks"":3,""recovery_weeks"":4},{""target"":""demand"",""magnitude"":0.06728352604566612,""start_week"":34,""duration_weeks"":4,""recovery_weeks"":3}]"
A,314,138,Independent baseline,True,True,False,Structural,Concentrated dependency,Concentrated dependency,4,0.7506742216906711,382.684640267606,True,True,True,False,False,"[{""target"":""S1A"",""magnitude"":0.3023052587771413,""start_week"":1,""duration_weeks"":1,""recovery_weeks"":1},{""target"":""demand"",""magnitude"":0.08752301927583134,""start_week"":14,""duration_weeks"":2,""recovery_weeks"":4},{""target"":""corridor"",""magnitude"":0.4369943337319967,""start_week"":22,""duration_weeks"":1,""recovery_weeks"":3},{""target"":""T2P"",""magnitude"":0.19653585721484734,""start_week"":37,""duration_weeks"":1,""recovery_weeks"":4}]"
A,314,139,Independent baseline,False,,False,Non-failure,Unclassified,Unclassified,0,1.0,0.0,False,False,False,False,False,[]
A,314,140,Independent baseline,False,,False,Non-failure,Unclassified,Unclassified,4,0.9057640023341701,187.05290464430323,False,False,True,False,True,"[{""target"":""S1C"",""magnitude"":0.27733735343093413,""start_week"":3,""duration_weeks"":1,""recovery_weeks"":4},{""target"":""S1A"",""magnitude"":0.33686702401035823,""start_week"":47,""duration_weeks"":1,""recovery_weeks"":4},{""target"":""S1C"",""magnitude"":0.3775779200595407,""start_week"":49,""duration_weeks"":3,""recovery_weeks"":1},{""target"":""demand"",""magnitude"":0.08038687947279496,""start_week"":51,""duration_weeks"":17,""recovery_weeks"":2}]"
A,314,141,Independent baseline,False,,False,Non-failure,Unclassified,Unclassified,3,0.9353842148695808,62.17146461626544,False,False,True,False,True,"[{""target"":""demand"",""magnitude"":0.06907940512918365,""start_week"":27,""duration_weeks"":8,""recovery_weeks"":4},{""target"":""S1A"",""magnitude"":0.2571022224580799,""start_week"":49,""duration_weeks"":1,""recovery_weeks"":4},{""target"":""S1C"",""magnitude"":0.38292969293486245,""start_week"":51,""duration_weeks"":5,""recovery_weeks"":4}]"
A,314,142,Independent baseline,False,,False,Non-failure,Unclassified,Unclassified,5,0.9002719998479584,111.30822095064207,True,False,False,True,True,"[{""target"":""demand"",""magnitude"":0.05822768219546041,""start_week"":7,""duration_weeks"":5,""recovery_weeks"":3},{""target"":""demand"",""magnitude"":0.17189446686401383,""start_week"":10,""duration_weeks"":1,""recovery_weeks"":3},{""target"":""T2P"",""magnitude"":0.2799607988924393,""start_week"":23,""duration_weeks"":1,""recovery_weeks"":4},{""target"":""S1B"",""magnitude"":0.22791342280129587,""start_week"":41,""duration_weeks"":1,""recovery_weeks"":2},{""target"":""S1C"",""magnitude"":0.29225473287318243,""start_week"":47,""duration_weeks"":10,""recovery_weeks"":2}]"
A,314,143,Independent baseline,False,,False,Non-failure,Unclassified,Unclassified,3,0.9118495892980617,218.94130665463217,True,True,True,False,False,"[{""target"":""corridor"",""magnitude"":0.31611280802645364,""start_week"":7,""duration_weeks"":1,""recovery_weeks"":1},{""target"":""S1A"",""magnitude"":0.5506927794421308,""start_week"":10,""duration_weeks"":2,""recovery_weeks"":3},{""target"":""T2P"",""magnitude"":0.5209943423857181,""start_week"":46,""duration_weeks"":1,""recovery_weeks"":3}]"
A,314,144,Independent baseline,False,,False,Non-failure,Unclassified,Unclassified,2,0.8904088532032213,110.7716211067252,True,False,False,False,False,"[{""target"":""demand"",""magnitude"":0.12307957900747227,""start_week"":31,""duration_weeks"":4,""recovery_weeks"":1},{""target"":""T2P"",""magnitude"":0.34207790303250046,""start_week"":50,""duration_weeks"":5,""recovery_weeks"":4}]"
A,314,145,Independent baseline,True,True,True,Structural,Concentrated dependency,Concentrated dependency,3,0.8090530893999921,1085.002481895048,False,True,True,False,False,"[{""target"":""corridor"",""magnitude"":0.393210182950006,""start_week"":15,""duration_weeks"":5,""recovery_weeks"":4},{""target"":""corridor"",""magnitude"":0.26731014594951086,""start_week"":26,""duration_weeks"":1,""recovery_weeks"":1},{""target"":""S1A"",""magnitude"":0.3155771188265105,""start_week"":36,""duration_weeks"":1,""recovery_weeks"":3}]"
A,314,146,Independent baseline,True,False,True,Adaptation-limited,Concentrated dependency,Concentrated dependency,7,0.729686285238832,951.6387242306151,True,True,False,False,True,"[{""target"":""corridor"",""magnitude"":0.452735286070876,""start_week"":8,""duration_weeks"":1,""recovery_weeks"":1},{""target"":""demand"",""magnitude"":0.05956177032224065,""start_week"":12,""duration_weeks"":4,""recovery_weeks"":3},{""target"":""S1C"",""magnitude"":0.34239812699780536,""start_week"":21,""duration_weeks"":2,""recovery_weeks"":4},{""target"":""corridor"",""magnitude"":0.43412441992480244,""start_week"":22,""duration_weeks"":3,""recovery_weeks"":4},{""target"":""S1C"",""magnitude"":0.17463002902489821,""start_week"":38,""duration_weeks"":1,""recovery_weeks"":1},{""target"":""T2P"",""magnitude"":0.2744921069448244,""start_week"":45,""duration_weeks"":5,""recovery_weeks"":2},{""target"":""T2P"",""magnitude"":0.25625869085537156,""start_week"":46,""duration_weeks"":1,""recovery_weeks"":4}]"
A,314,147,Independent baseline,True,True,True,Structural,Concentrated dependency,Concentrated dependency,2,0.8176217967709802,820.701914530589,False,True,False,False,False,"[{""target"":""corridor"",""magnitude"":0.23340689308625734,""start_week"":8,""duration_weeks"":5,""recovery_weeks"":2},{""target"":""corridor"",""magnitude"":0.3867836524217648,""start_week"":29,""duration_weeks"":4,""recovery_weeks"":2}]"
A,314,148,Independent baseline,True,False,True,Adaptation-limited,Concentrated dependency; Propagation-amplified cascade,Propagation-amplified cascade,6,0.7899482964770815,908.0340829576382,True,True,True,False,False,"[{""target"":""S1A"",""magnitude"":0.2678490834372178,""start_week"":1,""duration_weeks"":1,""recovery_weeks"":3},{""target"":""corridor"",""magnitude"":0.17776465505859315,""start_week"":5,""duration_weeks"":5,""recovery_weeks"":3},{""target"":""T2P"",""magnitude"":0.2853151482070293,""start_week"":11,""duration_weeks"":2,""recovery_weeks"":1},{""target"":""S1A"",""magnitude"":0.3834782254032666,""start_week"":14,""duration_weeks"":6,""recovery_weeks"":1},{""target"":""demand"",""magnitude"":0.055555832483053305,""start_week"":37,""duration_weeks"":4,""recovery_weeks"":4},{""target"":""corridor"",""magnitude"":0.3828527703256772,""start_week"":40,""duration_weeks"":4,""recovery_weeks"":2}]"
A,314,149,Independent baseline,True,True,True,Structural,Concentrated dependency,Concentrated dependency,4,0.5270546916566855,1762.4255869904837,True,True,False,False,False,"[{""target"":""corridor"",""magnitude"":0.19457672388405478,""start_week"":34,""duration_weeks"":8,""recovery_weeks"":2},{""target"":""T2P"",""magnitude"":0.4254426576992245,""start_week"":35,""duration_weeks"":3,""recovery_weeks"":1},{""target"":""demand"",""magnitude"":0.21125389282504026,""start_week"":40,""duration_weeks"":1,""recovery_weeks"":4},{""target"":""T2P"",""magnitude"":0.4317350645982365,""start_week"":45,""duration_weeks"":4,""recovery_weeks"":3}]"
A,314,150,Independent baseline,True,True,True,Structural,Concentrated dependency,Concentrated dependency,5,0.47727012106827615,1682.9552515106066,True,True,False,False,False,"[{""target"":""corridor"",""magnitude"":0.624108872845217,""start_week"":4,""duration_weeks"":2,""recovery_weeks"":4},{""target"":""corridor"",""magnitude"":0.28367401061439534,""start_week"":22,""duration_weeks"":1,""recovery_weeks"":4},{""target"":""T2P"",""magnitude"":0.35466421739739507,""start_week"":34,""duration_weeks"":1,""recovery_weeks"":2},{""target"":""corridor"",""magnitude"":0.32469679364337245,""start_week"":39,""duration_weeks"":4,""recovery_weeks"":1},{""target"":""corridor"",""magnitude"":0.4699379664840916,""start_week"":42,""duration_weeks"":2,""recovery_weeks"":4}]"
A,314,151,Independent baseline,True,False,False,Adaptation-limited,Hidden convergent dependency; Compounding moderate disturbance; Propagation-amplified cascade; Recovery lag and temporal overlap,Hidden convergent dependency,3,0.6844655552359076,409.8240927912773,True,True,False,False,False,"[{""target"":""demand"",""magnitude"":0.09534560675063494,""start_week"":4,""duration_weeks"":5,""recovery_weeks"":4},{""target"":""corridor"",""magnitude"":0.28432324834160116,""start_week"":26,""duration_weeks"":8,""recovery_weeks"":2},{""target"":""T2P"",""magnitude"":0.38398100028768334,""start_week"":34,""duration_weeks"":2,""recovery_weeks"":1}]"
A,314,152,Independent baseline,False,,False,Non-failure,Unclassified,Unclassified,1,0.880025247163663,122.69793156584535,False,False,False,False,False,"[{""target"":""demand"",""magnitude"":0.13633103507316144,""start_week"":18,""duration_weeks"":6,""recovery_weeks"":2}]"
A,314,153,Independent baseline,True,False,False,Adaptation-limited,Concentrated dependency; Hidden convergent dependency; Propagation-amplified cascade,Hidden convergent dependency,4,0.7460609318600824,433.21075285432005,True,False,False,True,False,"[{""target"":""T2P"",""magnitude"":0.4380602151012344,""start_week"":8,""duration_weeks"":1,""recovery_weeks"":4},{""target"":""T2P"",""magnitude"":0.22567501391381234,""start_week"":25,""duration_weeks"":2,""recovery_weeks"":4},{""target"":""S1B"",""magnitude"":0.2007241873326862,""start_week"":42,""duration_weeks"":4,""recovery_weeks"":4},{""target"":""demand"",""magnitude"":0.20019391025562788,""start_week"":43,""duration_weeks"":1,""recovery_weeks"":2}]"
A,314,154,Independent baseline,True,False,False,Adaptation-limited,Concentrated dependency; Hidden convergent dependency; Propagation-amplified cascade,Hidden convergent dependency,1,0.7509645411996816,520.6595646014332,True,False,False,False,False,"[{""target"":""T2P"",""magnitude"":0.3241319129202866,""start_week"":18,""duration_weeks"":4,""recovery_weeks"":1}]"
A,314,155,Independent baseline,True,False,False,Adaptation-limited,Concentrated dependency,Concentrated dependency,3,0.8003938425448153,606.4382403934454,False,True,False,False,True,"[{""target"":""S1C"",""magnitude"":0.2947968387384875,""start_week"":13,""duration_weeks"":4,""recovery_weeks"":2},{""target"":""S1C"",""magnitude"":0.6156829670445295,""start_week"":15,""duration_weeks"":13,""recovery_weeks"":3},{""target"":""corridor"",""magnitude"":0.3252939753841725,""start_week"":48,""duration_weeks"":1,""recovery_weeks"":3}]"
A,314,156,Independent baseline,True,True,True,Structural,Concentrated dependency; Hidden convergent dependency; Propagation-amplified cascade,Hidden convergent dependency,3,0.8316170641482697,1229.9910568847858,True,True,False,True,False,"[{""target"":""S1B"",""magnitude"":0.38315064354936235,""start_week"":4,""duration_weeks"":2,""recovery_weeks"":4},{""target"":""corridor"",""magnitude"":0.2657091314361306,""start_week"":9,""duration_weeks"":4,""recovery_weeks"":3},{""target"":""T2P"",""magnitude"":0.25154464226655726,""start_week"":24,""duration_weeks"":11,""recovery_weeks"":3}]"
A,314,157,Independent baseline,True,True,True,Structural,Concentrated dependency,Concentrated dependency,2,0.8171486603715843,706.105566344452,False,True,False,False,True,"[{""target"":""S1C"",""magnitude"":0.4514434195666789,""start_week"":15,""duration_weeks"":2,""recovery_weeks"":3},{""target"":""corridor"",""magnitude"":0.3871385047213116,""start_week"":28,""duration_weeks"":4,""recovery_weeks"":4}]"
A,314,158,Independent baseline,False,,False,Non-failure,Unclassified,Unclassified,3,0.8847657709737479,117.21837521978932,True,False,True,False,False,"[{""target"":""T2P"",""magnitude"":0.2112047689452146,""start_week"":3,""duration_weeks"":2,""recovery_weeks"":4},{""target"":""S1A"",""magnitude"":0.24376440128016758,""start_week"":32,""duration_weeks"":1,""recovery_weeks"":3},{""target"":""demand"",""magnitude"":0.1302426391330992,""start_week"":51,""duration_weeks"":2,""recovery_weeks"":4}]"
A,314,159,Independent baseline,True,False,True,Adaptation-limited,Concentrated dependency,Concentrated dependency,4,0.80380490828657,1399.2251522672295,False,True,True,False,False,"[{""target"":""corridor"",""magnitude"":0.2915400300167198,""start_week"":18,""duration_weeks"":16,""recovery_weeks"":4},{""target"":""S1A"",""magnitude"":0.512933429763962,""start_week"":25,""duration_weeks"":1,""recovery_weeks"":2},{""target"":""demand"",""magnitude"":0.17517731426226824,""start_week"":31,""duration_weeks"":1,""recovery_weeks"":4},{""target"":""corridor"",""magnitude"":0.24587455641679495,""start_week"":38,""duration_weeks"":1,""recovery_weeks"":3}]"
A,314,160,Independent baseline,True,True,False,Structural,Concentrated dependency; Hidden convergent dependency; Propagation-amplified cascade,Hidden convergent dependency,7,0.774804499801629,649.5328912763891,True,True,True,False,True,"[{""target"":""corridor"",""magnitude"":0.2898505554413098,""start_week"":11,""duration_weeks"":1,""recovery_weeks"":4},{""target"":""S1A"",""magnitude"":0.3055073800362726,""start_week"":23,""duration_weeks"":2,""recovery_weeks"":1},{""target"":""S1C"",""magnitude"":0.2086130245205533,""start_week"":34,""duration_weeks"":1,""recovery_weeks"":2},{""target"":""T2P"",""magnitude"":0.302675950178534,""start_week"":38,""duration_weeks"":4,""recovery_weeks"":3},{""target"":""S1C"",""magnitude"":0.26660038691952925,""start_week"":45,""duration_weeks"":2,""recovery_weeks"":3},{""target"":""T2P"",""magnitude"":0.23125483361040106,""start_week"":46,""duration_weeks"":5,""recovery_weeks"":2},{""target"":""S1C"",""magnitude"":0.19658150916794653,""start_week"":51,""duration_weeks"":1,""recovery_weeks"":2}]"
A,314,161,Independent baseline,False,,False,Non-failure,Unclassified,Unclassified,1,1.0,0.0,False,False,False,False,True,"[{""target"":""S1C"",""magnitude"":0.17468938480084997,""start_week"":26,""duration_weeks"":4,""recovery_weeks"":4}]"
A,314,162,Independent baseline,False,,False,Non-failure,Unclassified,Unclassified,2,0.8707405649186106,133.60293095352063,True,False,False,False,False,"[{""target"":""demand"",""magnitude"":0.1484477010594672,""start_week"":5,""duration_weeks"":1,""recovery_weeks"":2},{""target"":""T2P"",""magnitude"":0.23010657505836765,""start_week"":41,""duration_weeks"":3,""recovery_weeks"":2}]"
A,314,163,Independent baseline,True,True,True,Structural,Concentrated dependency; Propagation-amplified cascade,Propagation-amplified cascade,3,0.6934512077148157,645.1638280206377,True,True,False,False,False,"[{""target"":""T2P"",""magnitude"":0.3115860122463933,""start_week"":27,""duration_weeks"":2,""recovery_weeks"":3},{""target"":""corridor"",""magnitude"":0.4799115942138882,""start_week"":32,""duration_weeks"":1,""recovery_weeks"":1},{""target"":""corridor"",""magnitude"":0.40410834393601647,""start_week"":45,""duration_weeks"":3,""recovery_weeks"":2}]"
A,314,164,Independent baseline,True,True,True,Structural,Concentrated dependency,Concentrated dependency,4,0.5500748962615294,3091.532697882223,True,True,False,False,False,"[{""target"":""corridor"",""magnitude"":0.4096526999290542,""start_week"":12,""duration_weeks"":13,""recovery_weeks"":3},{""target"":""demand"",""magnitude"":0.12115719972408591,""start_week"":17,""duration_weeks"":2,""recovery_weeks"":2},{""target"":""T2P"",""magnitude"":0.4629947342706431,""start_week"":18,""duration_weeks"":3,""recovery_weeks"":1},{""target"":""T2P"",""magnitude"":0.5049325933646236,""start_week"":36,""duration_weeks"":1,""recovery_weeks"":3}]"
A,314,165,Independent baseline,True,True,False,Structural,Concentrated dependency,Concentrated dependency,2,0.8253570001116108,261.8829584459463,False,True,True,False,False,"[{""target"":""S1A"",""magnitude"":0.3062226157355226,""start_week"":18,""duration_weeks"":2,""recovery_weeks"":2},{""target"":""corridor"",""magnitude"":0.3809822499162918,""start_week"":30,""duration_weeks"":1,""recovery_weeks"":1}]"
A,314,166,Independent baseline,False,,False,Non-failure,Unclassified,Unclassified,1,1.0,0.0,False,True,False,False,False,"[{""target"":""corridor"",""magnitude"":0.1664039353283119,""start_week"":23,""duration_weeks"":4,""recovery_weeks"":2}]"
A,314,167,Independent baseline,False,,False,Non-failure,Unclassified,Unclassified,2,0.9364233021161336,61.10380633008174,True,False,False,False,False,"[{""target"":""demand"",""magnitude"":0.06789311814453536,""start_week"":24,""duration_weeks"":4,""recovery_weeks"":3},{""target"":""T2P"",""magnitude"":0.2343170557485625,""start_week"":48,""duration_weeks"":1,""recovery_weeks"":3}]"
A,314,168,Independent baseline,True,True,False,Structural,Concentrated dependency; Hidden convergent dependency,Hidden convergent dependency,2,0.8137226600557806,334.5620074372466,True,False,False,False,False,"[{""target"":""demand"",""magnitude"":0.17211312693993147,""start_week"":21,""duration_weeks"":8,""recovery_weeks"":1},{""target"":""T2P"",""magnitude"":0.5338248029748986,""start_week"":39,""duration_weeks"":1,""recovery_weeks"":2}]"
A,314,169,Independent baseline,True,True,True,Structural,Concentrated dependency; Hidden convergent dependency,Hidden convergent dependency,4,0.5793700405860721,3801.1790829366296,True,False,False,False,False,"[{""target"":""T2P"",""magnitude"":0.3121329461396334,""start_week"":2,""duration_weeks"":2,""recovery_weeks"":4},{""target"":""demand"",""magnitude"":0.20965195667283276,""start_week"":4,""duration_weeks"":1,""recovery_weeks"":1},{""target"":""T2P"",""magnitude"":0.31918939963013,""start_week"":5,""duration_weeks"":13,""recovery_weeks"":1},{""target"":""T2P"",""magnitude"":0.26533707716041094,""start_week"":50,""duration_weeks"":2,""recovery_weeks"":3}]"
A,314,170,Independent baseline,False,,False,Non-failure,Unclassified,Unclassified,1,0.7874139234015839,242.98207493214068,False,False,False,False,False,"[{""target"":""demand"",""magnitude"":0.2699800832579341,""start_week"":50,""duration_weeks"":2,""recovery_weeks"":3}]"
A,314,171,Independent baseline,False,,False,Non-failure,Unclassified,Unclassified,2,0.9032688795322432,435.2900421049054,False,True,False,False,False,"[{""target"":""corridor"",""magnitude"":0.3225483403508176,""start_week"":23,""duration_weeks"":4,""recovery_weeks"":3},{""target"":""demand"",""magnitude"":0.22477277199444073,""start_week"":42,""duration_weeks"":4,""recovery_weeks"":1}]"
A,314,172,Independent baseline,True,True,True,Structural,Concentrated dependency,Concentrated dependency,4,0.7934621090932663,1635.164684600812,False,True,True,False,True,"[{""target"":""S1C"",""magnitude"":0.27420674265423084,""start_week"":10,""duration_weeks"":6,""recovery_weeks"":1},{""target"":""corridor"",""magnitude"":0.34481467863768334,""start_week"":15,""duration_weeks"":1,""recovery_weeks"":4},{""target"":""corridor"",""magnitude"":0.40490341818005027,""start_week"":20,""duration_weeks"":8,""recovery_weeks"":2},{""target"":""S1A"",""magnitude"":0.4318216170464776,""start_week"":21,""duration_weeks"":16,""recovery_weeks"":2}]"
A,314,173,Independent baseline,False,,False,Non-failure,Unclassified,Unclassified,2,0.8552787057007474,130.2491648693274,False,True,False,False,False,"[{""target"":""demand"",""magnitude"":0.07967993186134276,""start_week"":10,""duration_weeks"":2,""recovery_weeks"":2},{""target"":""corridor"",""magnitude"":0.3640304342582269,""start_week"":22,""duration_weeks"":1,""recovery_weeks"":3}]"
A,314,174,Independent baseline,False,,False,Non-failure,Unclassified,Unclassified,2,0.9043912668609494,344.19143930058215,False,True,False,False,True,"[{""target"":""S1C"",""magnitude"":0.23457315512904953,""start_week"":45,""duration_weeks"":2,""recovery_weeks"":1},{""target"":""corridor"",""magnitude"":0.3217065498542879,""start_week"":46,""duration_weeks"":3,""recovery_weeks"":1}]"
A,314,175,Independent baseline,False,,False,Non-failure,Unclassified,Unclassified,2,0.8466489190633689,163.01440861183914,False,True,False,False,False,"[{""target"":""demand"",""magnitude"":0.18112712067982129,""start_week"":33,""duration_weeks"":1,""recovery_weeks"":2},{""target"":""corridor"",""magnitude"":0.21935284584430784,""start_week"":36,""duration_weeks"":1,""recovery_weeks"":4}]"
A,314,176,Independent baseline,True,False,True,Adaptation-limited,Concentrated dependency; Hidden convergent dependency; Propagation-amplified cascade,Hidden convergent dependency,1,0.7082773472396587,794.0271311636893,True,False,False,False,False,"[{""target"":""T2P"",""magnitude"":0.3625503874843072,""start_week"":26,""duration_weeks"":4,""recovery_weeks"":2}]"
A,314,177,Independent baseline,True,True,True,Structural,Concentrated dependency; Propagation-amplified cascade,Propagation-amplified cascade,2,0.8097259231391346,738.4216785801989,True,True,False,False,False,"[{""target"":""T2P"",""magnitude"":0.3124134472880541,""start_week"":32,""duration_weeks"":1,""recovery_weeks"":2},{""target"":""corridor"",""magnitude"":0.39270555764564896,""start_week"":37,""duration_weeks"":3,""recovery_weeks"":4}]"
A,314,178,Independent baseline,True,True,True,Structural,Concentrated dependency; Propagation-amplified cascade,Propagation-amplified cascade,4,0.5066650250648302,5616.0206841831405,True,False,True,True,True,"[{""target"":""T2P"",""magnitude"":0.5440014774416528,""start_week"":6,""duration_weeks"":13,""recovery_weeks"":1},{""target"":""S1A"",""magnitude"":0.6570117463912992,""start_week"":8,""duration_weeks"":3,""recovery_weeks"":3},{""target"":""S1C"",""magnitude"":0.3139417192098523,""start_week"":19,""duration_weeks"":2,""recovery_weeks"":4},{""target"":""S1B"",""magnitude"":0.22162157375997374,""start_week"":28,""duration_weeks"":1,""recovery_weeks"":1}]"
A,314,179,Independent baseline,True,True,False,Structural,Concentrated dependency,Concentrated dependency,3,0.8477849152569604,229.7804479713618,True,False,False,False,True,"[{""target"":""S1C"",""magnitude"":0.5372255599642024,""start_week"":8,""duration_weeks"":1,""recovery_weeks"":4},{""target"":""T2P"",""magnitude"":0.44263080208583117,""start_week"":32,""duration_weeks"":1,""recovery_weeks"":3},{""target"":""S1C"",""magnitude"":0.5924839406718391,""start_week"":47,""duration_weeks"":1,""recovery_weeks"":3}]"
A,314,180,Independent baseline,True,True,True,Structural,Concentrated dependency; Propagation-amplified cascade,Propagation-amplified cascade,3,0.8453965852354749,1181.644964558708,True,True,False,False,False,"[{""target"":""T2P"",""magnitude"":0.3087301429310719,""start_week"":21,""duration_weeks"":1,""recovery_weeks"":3},{""target"":""demand"",""magnitude"":0.09927346258484214,""start_week"":24,""duration_weeks"":2,""recovery_weeks"":1},{""target"":""corridor"",""magnitude"":0.3659525610733938,""start_week"":32,""duration_weeks"":8,""recovery_weeks"":4}]"
A,314,181,Independent baseline,False,,False,Non-failure,Unclassified,Unclassified,2,0.9377219895214343,130.78382200498822,False,False,False,True,True,"[{""target"":""S1B"",""magnitude"":0.39012552357677305,""start_week"":2,""duration_weeks"":2,""recovery_weeks"":2},{""target"":""S1C"",""magnitude"":0.1837992899808047,""start_week"":19,""duration_weeks"":2,""recovery_weeks"":2}]"
A,314,182,Independent baseline,True,True,True,Structural,Compounding moderate disturbance,Compounding moderate disturbance,3,0.8051251418407153,1435.206629433284,True,True,False,False,False,"[{""target"":""corridor"",""magnitude"":0.2678388121466725,""start_week"":8,""duration_weeks"":7,""recovery_weeks"":3},{""target"":""demand"",""magnitude"":0.18828202654299642,""start_week"":11,""duration_weeks"":1,""recovery_weeks"":2},{""target"":""T2P"",""magnitude"":0.2753873723433562,""start_week"":34,""duration_weeks"":11,""recovery_weeks"":2}]"
A,314,183,Independent baseline,True,True,False,Structural,Concentrated dependency; Hidden convergent dependency; Propagation-amplified cascade,Hidden convergent dependency,2,0.7363885341464748,417.62643670677767,True,False,True,False,False,"[{""target"":""S1A"",""magnitude"":0.1934683618914424,""start_week"":3,""duration_weeks"":4,""recovery_weeks"":1},{""target"":""T2P"",""magnitude"":0.3372503192681728,""start_week"":29,""duration_weeks"":3,""recovery_weeks"":2}]"
A,314,184,Independent baseline,False,,False,Non-failure,Unclassified,Unclassified,3,0.9346120673126544,117.698278837222,False,True,True,False,True,"[{""target"":""S1A"",""magnitude"":0.39712284854652746,""start_week"":10,""duration_weeks"":1,""recovery_weeks"":2},{""target"":""corridor"",""magnitude"":0.2658182106316332,""start_week"":24,""duration_weeks"":2,""recovery_weeks"":2},{""target"":""S1C"",""magnitude"":0.2839221558323429,""start_week"":42,""duration_weeks"":1,""recovery_weeks"":4}]"
A,314,185,Independent baseline,False,,False,Non-failure,Unclassified,Unclassified,0,1.0,0.0,False,False,False,False,False,[]
A,314,186,Independent baseline,False,,False,Non-failure,Unclassified,Unclassified,2,0.843359681622867,169.90495452226355,True,False,False,False,False,"[{""target"":""demand"",""magnitude"":0.1857337050731569,""start_week"":14,""duration_weeks"":2,""recovery_weeks"":1},{""target"":""T2P"",""magnitude"":0.48109784798256894,""start_week"":41,""duration_weeks"":1,""recovery_weeks"":2}]"
A,314,187,Independent baseline,False,,False,Non-failure,Unclassified,Unclassified,2,0.9404357785368413,57.00314741347631,False,True,False,False,False,"[{""target"":""demand"",""magnitude"":0.0633368304594179,""start_week"":25,""duration_weeks"":3,""recovery_weeks"":3},{""target"":""corridor"",""magnitude"":0.21143424033791086,""start_week"":34,""duration_weeks"":3,""recovery_weeks"":3}]"
A,314,188,Independent baseline,False,,False,Non-failure,Unclassified,Unclassified,2,1.0,0.0,True,False,False,False,False,"[{""target"":""T2P"",""magnitude"":0.19202198724804126,""start_week"":15,""duration_weeks"":4,""recovery_weeks"":1},{""target"":""T2P"",""magnitude"":0.39624126577825325,""start_week"":50,""duration_weeks"":6,""recovery_weeks"":4}]"
A,314,189,Independent baseline,True,True,True,Structural,Compounding moderate disturbance; Recovery lag and temporal overlap,Compounding moderate disturbance,5,0.8018128065849632,729.8792929063611,True,True,False,True,False,"[{""target"":""corridor"",""magnitude"":0.27403083410554796,""start_week"":16,""duration_weeks"":4,""recovery_weeks"":4},{""target"":""T2P"",""magnitude"":0.24181492672135227,""start_week"":23,""duration_weeks"":4,""recovery_weeks"":4},{""target"":""S1B"",""magnitude"":0.2782686766727128,""start_week"":33,""duration_weeks"":2,""recovery_weeks"":2},{""target"":""demand"",""magnitude"":0.12336159841871114,""start_week"":36,""duration_weeks"":18,""recovery_weeks"":4},{""target"":""corridor"",""magnitude"":0.32445571297159215,""start_week"":41,""duration_weeks"":2,""recovery_weeks"":1}]"
A,314,190,Independent baseline,False,,False,Non-failure,Unclassified,Unclassified,3,0.893316736104743,107.4814045513117,False,False,False,True,False,"[{""target"":""demand"",""magnitude"":0.11942378283479087,""start_week"":3,""duration_weeks"":10,""recovery_weeks"":2},{""target"":""S1B"",""magnitude"":0.21815028699923122,""start_week"":22,""duration_weeks"":1,""recovery_weeks"":1},{""target"":""demand"",""magnitude"":0.16526115328047636,""start_week"":47,""duration_weeks"":1,""recovery_weeks"":1}]"
A,314,191,Independent baseline,False,,False,Non-failure,Unclassified,Unclassified,1,0.9287140035862425,69.08197413265782,False,False,False,False,False,"[{""target"":""demand"",""magnitude"":0.07675774903628634,""start_week"":28,""duration_weeks"":1,""recovery_weeks"":4}]"
A,314,192,Independent baseline,True,True,True,Structural,Concentrated dependency,Concentrated dependency,4,0.6747384310720282,981.0354143205607,True,True,False,False,False,"[{""target"":""corridor"",""magnitude"":0.4089757962236118,""start_week"":8,""duration_weeks"":4,""recovery_weeks"":3},{""target"":""T2P"",""magnitude"":0.1920957252673918,""start_week"":18,""duration_weeks"":1,""recovery_weeks"":3},{""target"":""T2P"",""magnitude"":0.5236472160468997,""start_week"":36,""duration_weeks"":1,""recovery_weeks"":4},{""target"":""demand"",""magnitude"":0.11286775744059546,""start_week"":51,""duration_weeks"":1,""recovery_weeks"":3}]"
A,314,193,Independent baseline,False,,False,Non-failure,Unclassified,Unclassified,4,0.8572161391409291,223.047424206178,False,False,False,False,True,"[{""target"":""demand"",""magnitude"":0.12856577786081091,""start_week"":10,""duration_weeks"":3,""recovery_weeks"":1},{""target"":""S1C"",""magnitude"":0.40220934489836024,""start_week"":18,""duration_weeks"":4,""recovery_weeks"":3},{""target"":""demand"",""magnitude"":0.167632233753295,""start_week"":24,""duration_weeks"":4,""recovery_weeks"":2},{""target"":""demand"",""magnitude"":0.1725125613248285,""start_week"":31,""duration_weeks"":1,""recovery_weeks"":1}]"
A,314,194,Independent baseline,False,,False,Non-failure,Unclassified,Unclassified,2,0.9213925856179799,141.49334588763622,False,False,True,False,False,"[{""target"":""S1A"",""magnitude"":0.4268666823595453,""start_week"":6,""duration_weeks"":1,""recovery_weeks"":4},{""target"":""S1A"",""magnitude"":0.39446883558560886,""start_week"":30,""duration_weeks"":5,""recovery_weeks"":4}]"
A,314,195,Independent baseline,False,,False,Non-failure,Unclassified,Unclassified,1,0.8537727904944177,154.14462725945214,False,False,False,False,False,"[{""target"":""demand"",""magnitude"":0.17127180806605763,""start_week"":17,""duration_weeks"":1,""recovery_weeks"":2}]"
A,314,196,Independent baseline,False,,False,Non-failure,Unclassified,Unclassified,0,1.0,0.0,False,False,False,False,False,[]
A,314,197,Independent baseline,False,,False,Non-failure,Unclassified,Unclassified,2,0.9662803028121794,70.8113640944232,False,True,False,True,False,"[{""target"":""corridor"",""magnitude"":0.20850956247348446,""start_week"":7,""duration_weeks"":1,""recovery_weeks"":3},{""target"":""S1B"",""magnitude"":0.32586931867259616,""start_week"":34,""duration_weeks"":5,""recovery_weeks"":1}]"
A,314,198,Independent baseline,True,True,True,Structural,Concentrated dependency; Hidden convergent dependency; Propagation-amplified cascade,Hidden convergent dependency,1,0.5745323992918597,831.6833625493053,True,False,False,False,False,"[{""target"":""T2P"",""magnitude"":0.4829208406373262,""start_week"":24,""duration_weeks"":2,""recovery_weeks"":3}]"
A,314,199,Independent baseline,False,,False,Non-failure,Unclassified,Unclassified,3,0.96342809057834,67.80987351905424,False,False,False,True,True,"[{""target"":""S1C"",""magnitude"":0.3248601590984867,""start_week"":17,""duration_weeks"":1,""recovery_weeks"":3},{""target"":""S1B"",""magnitude"":0.33228679619873513,""start_week"":23,""duration_weeks"":3,""recovery_weeks"":4},{""target"":""demand"",""magnitude"":0.10952561043285561,""start_week"":34,""duration_weeks"":8,""recovery_weeks"":3}]"
A,314,200,Independent baseline,False,,False,Non-failure,Unclassified,Unclassified,2,0.9577651069749704,76.02280744505333,False,False,False,True,False,"[{""target"":""S1B"",""magnitude"":0.3450285093063168,""start_week"":3,""duration_weeks"":1,""recovery_weeks"":3},{""target"":""S1B"",""magnitude"":0.32257168116849516,""start_week"":49,""duration_weeks"":1,""recovery_weeks"":2}]"
A,314,201,Independent baseline,True,False,False,Adaptation-limited,Concentrated dependency; Hidden convergent dependency; Propagation-amplified cascade,Hidden convergent dependency,1,0.7019723198183442,557.0121047357056,True,False,False,False,False,"[{""target"":""T2P"",""magnitude"":0.3682249121634901,""start_week"":6,""duration_weeks"":3,""recovery_weeks"":2}]"
A,314,202,Independent baseline,False,,False,Non-failure,Unclassified,Unclassified,1,0.9385465388548977,129.05226840471482,False,False,False,True,False,"[{""target"":""S1B"",""magnitude"":0.3882702875764802,""start_week"":12,""duration_weeks"":3,""recovery_weeks"":2}]"
A,314,203,Independent baseline,True,True,False,Structural,Concentrated dependency,Concentrated dependency,2,0.8787079244588368,436.65147194818746,False,True,False,False,True,"[{""target"":""S1C"",""magnitude"":0.21221015546687366,""start_week"":22,""duration_weeks"":5,""recovery_weeks"":1},{""target"":""corridor"",""magnitude"":0.3409690566558724,""start_week"":37,""duration_weeks"":3,""recovery_weeks"":3}]"
A,314,204,Independent baseline,True,False,False,Adaptation-limited,Concentrated dependency; Recovery lag and temporal overlap,Recovery lag and temporal overlap,2,0.7273800541722456,554.2878699866105,False,True,False,False,False,"[{""target"":""demand"",""magnitude"":0.14343649838610062,""start_week"":22,""duration_weeks"":1,""recovery_weeks"":3},{""target"":""corridor"",""magnitude"":0.45446495937081577,""start_week"":24,""duration_weeks"":1,""recovery_weeks"":3}]"
A,314,205,Independent baseline,False,,False,Non-failure,Unclassified,Unclassified,1,0.8317409571079393,182.0676705995163,False,False,False,False,False,"[{""target"":""demand"",""magnitude"":0.2022974117772402,""start_week"":25,""duration_weeks"":1,""recovery_weeks"":3}]"
A,314,206,Independent baseline,False,,False,Non-failure,Unclassified,Unclassified,4,0.9788488840288099,266.5040612369943,True,True,False,False,True,"[{""target"":""corridor"",""magnitude"":0.26586333697839243,""start_week"":14,""duration_weeks"":13,""recovery_weeks"":4},{""target"":""T2P"",""magnitude"":0.30584750031260044,""start_week"":17,""duration_weeks"":1,""recovery_weeks"":4},{""target"":""S1C"",""magnitude"":0.28154613894827213,""start_week"":36,""duration_weeks"":3,""recovery_weeks"":2},{""target"":""T2P"",""magnitude"":0.5443053438728185,""start_week"":50,""duration_weeks"":2,""recovery_weeks"":3}]"
A,314,207,Independent baseline,True,False,True,Adaptation-limited,Concentrated dependency,Concentrated dependency,2,0.5806215159018685,1001.6820659870345,False,True,False,False,False,"[{""target"":""corridor"",""magnitude"":0.5645338630735987,""start_week"":5,""duration_weeks"":1,""recovery_weeks"":4},{""target"":""demand"",""magnitude"":0.17818846069822009,""start_week"":22,""duration_weeks"":2,""recovery_weeks"":2}]"
A,314,208,Independent baseline,False,,False,Non-failure,Unclassified,Unclassified,2,1.0,0.0,True,True,False,False,False,"[{""target"":""corridor"",""magnitude"":0.23814498497524128,""start_week"":8,""duration_weeks"":2,""recovery_weeks"":1},{""target"":""T2P"",""magnitude"":0.1951446241036569,""start_week"":45,""duration_weeks"":1,""recovery_weeks"":4}]"
A,314,209,Independent baseline,False,,False,Non-failure,Unclassified,Unclassified,4,0.9201201838092898,78.13309156419928,False,True,False,False,False,"[{""target"":""demand"",""magnitude"":0.08681454618244357,""start_week"":8,""duration_weeks"":2,""recovery_weeks"":3},{""target"":""corridor"",""magnitude"":0.2333223943575953,""start_week"":13,""duration_weeks"":2,""recovery_weeks"":4},{""target"":""demand"",""magnitude"":0.09140217019096458,""start_week"":20,""duration_weeks"":3,""recovery_weeks"":2},{""target"":""demand"",""magnitude"":0.14754957189258525,""start_week"":24,""duration_weeks"":6,""recovery_weeks"":2}]"
A,314,210,Independent baseline,True,True,True,Structural,Concentrated dependency,Concentrated dependency,5,0.4705290858334519,2203.5610381719566,True,True,True,True,False,"[{""target"":""S1A"",""magnitude"":0.31238854061092375,""start_week"":2,""duration_weeks"":4,""recovery_weeks"":3},{""target"":""S1B"",""magnitude"":0.19322043782644222,""start_week"":11,""duration_weeks"":2,""recovery_weeks"":1},{""target"":""corridor"",""magnitude"":0.6471031856249111,""start_week"":30,""duration_weeks"":1,""recovery_weeks"":4},{""target"":""T2P"",""magnitude"":0.283398603997712,""start_week"":36,""duration_weeks"":1,""recovery_weeks"":4},{""target"":""T2P"",""magnitude"":0.23998589120221736,""start_week"":38,""duration_weeks"":6,""recovery_weeks"":3}]"
A,314,211,Independent baseline,False,,False,Non-failure,Unclassified,Unclassified,1,0.9142797619571983,462.8892854311292,False,True,False,False,False,"[{""target"":""corridor"",""magnitude"":0.3142901785321012,""start_week"":43,""duration_weeks"":5,""recovery_weeks"":4}]"
A,314,212,Independent baseline,True,True,False,Structural,Concentrated dependency,Concentrated dependency,3,0.8441272626221716,1382.951089765858,True,False,False,False,False,"[{""target"":""T2P"",""magnitude"":0.42638782448660184,""start_week"":3,""duration_weeks"":1,""recovery_weeks"":1},{""target"":""demand"",""magnitude"":0.25412323099445927,""start_week"":10,""duration_weeks"":10,""recovery_weeks"":2},{""target"":""demand"",""magnitude"":0.1830728535235301,""start_week"":39,""duration_weeks"":1,""recovery_weeks"":3}]"
A,314,213,Independent baseline,False,,False,Non-failure,Unclassified,Unclassified,2,0.8839419529431689,1595.63752118597,True,False,False,False,False,"[{""target"":""T2P"",""magnitude"":0.408904484702296,""start_week"":16,""duration_weeks"":1,""recovery_weeks"":2},{""target"":""demand"",""magnitude"":0.22324209304511156,""start_week"":30,""duration_weeks"":18,""recovery_weeks"":2}]"
A,314,214,Independent baseline,True,True,True,Structural,Concentrated dependency; Hidden convergent dependency; Propagation-amplified cascade,Hidden convergent dependency,1,0.7287865093774055,1094.668026312428,True,False,False,False,False,"[{""target"":""T2P"",""magnitude"":0.34409214156033485,""start_week"":3,""duration_weeks"":5,""recovery_weeks"":4}]"
A,314,215,Independent baseline,False,,False,Non-failure,Unclassified,Unclassified,1,1.0,0.0,False,False,False,False,True,"[{""target"":""S1C"",""magnitude"":0.22743383428969288,""start_week"":25,""duration_weeks"":6,""recovery_weeks"":3}]"
A,314,216,Independent baseline,False,,False,Non-failure,Unclassified,Unclassified,4,0.8450487606769906,229.29651482234704,False,True,False,True,False,"[{""target"":""demand"",""magnitude"":0.05405592098670031,""start_week"":5,""duration_weeks"":18,""recovery_weeks"":1},{""target"":""S1B"",""magnitude"":0.23332982133085423,""start_week"":23,""duration_weeks"":1,""recovery_weeks"":2},{""target"":""S1B"",""magnitude"":0.41003218960010346,""start_week"":28,""duration_weeks"":1,""recovery_weeks"":3},{""target"":""corridor"",""magnitude"":0.36621342949225705,""start_week"":44,""duration_weeks"":1,""recovery_weeks"":1}]"
A,314,217,Independent baseline,False,,False,Non-failure,Unclassified,Unclassified,1,0.9571224807389599,90.0427904481844,False,False,False,False,True,"[{""target"":""S1C"",""magnitude"":0.3464744183373405,""start_week"":40,""duration_weeks"":3,""recovery_weeks"":2}]"
A,314,218,Independent baseline,False,,False,Non-failure,Unclassified,Unclassified,1,1.0,0.0,False,True,False,False,False,"[{""target"":""corridor"",""magnitude"":0.22550005491631825,""start_week"":18,""duration_weeks"":2,""recovery_weeks"":2}]"
A,314,219,Independent baseline,False,,False,Non-failure,Unclassified,Unclassified,4,0.7918478576224819,431.8095323812463,False,True,True,True,False,"[{""target"":""S1A"",""magnitude"":0.22814961529890615,""start_week"":36,""duration_weeks"":5,""recovery_weeks"":3},{""target"":""S1B"",""magnitude"":0.412339426280217,""start_week"":38,""duration_weeks"":5,""recovery_weeks"":2},{""target"":""corridor"",""magnitude"":0.25518143707392715,""start_week"":40,""duration_weeks"":3,""recovery_weeks"":1},{""target"":""demand"",""magnitude"":0.25414422439244116,""start_week"":44,""duration_weeks"":2,""recovery_weeks"":1}]"
A,314,220,Independent baseline,False,,False,Non-failure,Unclassified,Unclassified,2,1.0,0.0,True,False,False,False,False,"[{""target"":""T2P"",""magnitude"":0.2809416412219562,""start_week"":29,""duration_weeks"":1,""recovery_weeks"":2},{""target"":""T2P"",""magnitude"":0.3042916968407345,""start_week"":50,""duration_weeks"":1,""recovery_weeks"":2}]"
A,314,221,Independent baseline,True,True,True,Structural,Concentrated dependency,Concentrated dependency,4,0.6230419638677384,2475.155236929511,True,True,False,False,False,"[{""target"":""corridor"",""magnitude"":0.36296202638645386,""start_week"":5,""duration_weeks"":1,""recovery_weeks"":3},{""target"":""T2P"",""magnitude"":0.37071553571316423,""start_week"":27,""duration_weeks"":7,""recovery_weeks"":3},{""target"":""demand"",""magnitude"":0.12224376666085407,""start_week"":32,""duration_weeks"":9,""recovery_weeks"":1},{""target"":""T2P"",""magnitude"":0.3137175317884026,""start_week"":51,""duration_weeks"":1,""recovery_weeks"":3}]"
A,314,222,Independent baseline,True,True,False,Structural,Concentrated dependency,Concentrated dependency,3,0.8629309531313922,246.724284363494,False,True,False,True,False,"[{""target"":""S1B"",""magnitude"":0.5584053554543674,""start_week"":11,""duration_weeks"":1,""recovery_weeks"":2},{""target"":""S1B"",""magnitude"":0.4238061850837451,""start_week"":28,""duration_weeks"":11,""recovery_weeks"":1},{""target"":""corridor"",""magnitude"":0.3965258357060445,""start_week"":50,""duration_weeks"":1,""recovery_weeks"":3}]"
A,314,223,Independent baseline,False,,False,Non-failure,Unclassified,Unclassified,1,1.0,0.0,True,False,False,False,False,"[{""target"":""T2P"",""magnitude"":0.2374934941227525,""start_week"":3,""duration_weeks"":3,""recovery_weeks"":1}]"
A,314,224,Independent baseline,True,True,False,Structural,Concentrated dependency; Propagation-amplified cascade,Propagation-amplified cascade,3,0.8644071041054715,244.06721261015127,True,True,False,False,False,"[{""target"":""T2P"",""magnitude"":0.2098490725212625,""start_week"":17,""duration_weeks"":1,""recovery_weeks"":1},{""target"":""T2P"",""magnitude"":0.26193136168271924,""start_week"":38,""duration_weeks"":1,""recovery_weeks"":1},{""target"":""corridor"",""magnitude"":0.3516946719208963,""start_week"":49,""duration_weeks"":1,""recovery_weeks"":3}]"
A,314,225,Independent baseline,False,,False,Non-failure,Unclassified,Unclassified,3,0.9412754344559215,76.62289642949554,False,False,True,True,True,"[{""target"":""S1B"",""magnitude"":0.20336046242736727,""start_week"":3,""duration_weeks"":1,""recovery_weeks"":2},{""target"":""S1C"",""magnitude"":0.34577862053686964,""start_week"":7,""duration_weeks"":1,""recovery_weeks"":1},{""target"":""S1A"",""magnitude"":0.4118437567739577,""start_week"":32,""duration_weeks"":1,""recovery_weeks"":1}]"
A,314,226,Independent baseline,False,,False,Non-failure,Unclassified,Unclassified,2,0.9556227746423641,55.71749256983958,False,False,False,False,True,"[{""target"":""S1C"",""magnitude"":0.3196468657122994,""start_week"":13,""duration_weeks"":1,""recovery_weeks"":1},{""target"":""demand"",""magnitude"":0.11122124048897,""start_week"":31,""duration_weeks"":2,""recovery_weeks"":3}]"
A,314,227,Independent baseline,True,True,False,Structural,Concentrated dependency; Hidden convergent dependency; Propagation-amplified cascade,Hidden convergent dependency,2,0.7905219912651476,342.6510393068354,True,True,False,False,False,"[{""target"":""T2P"",""magnitude"":0.28853020786136707,""start_week"":10,""duration_weeks"":4,""recovery_weeks"":1},{""target"":""corridor"",""magnitude"":0.1649000494349914,""start_week"":49,""duration_weeks"":2,""recovery_weeks"":2}]"
A,314,228,Independent baseline,True,True,True,Structural,Concentrated dependency,Concentrated dependency,2,0.6890784776496321,1578.9762206919863,False,True,False,False,False,"[{""target"":""demand"",""magnitude"":0.1893641869002653,""start_week"":3,""duration_weeks"":3,""recovery_weeks"":3},{""target"":""corridor"",""magnitude"":0.4831911417627759,""start_week"":25,""duration_weeks"":5,""recovery_weeks"":1}]"
A,314,229,Independent baseline,False,,False,Non-failure,Unclassified,Unclassified,5,0.8887339759486478,118.42089532010232,True,True,False,False,True,"[{""target"":""T2P"",""magnitude"":0.20021554934266875,""start_week"":10,""duration_weeks"":2,""recovery_weeks"":3},{""target"":""corridor"",""magnitude"":0.2540506556841161,""start_week"":11,""duration_weeks"":1,""recovery_weeks"":3},{""target"":""S1C"",""magnitude"":0.32551035981643583,""start_week"":21,""duration_weeks"":5,""recovery_weeks"":3},{""target"":""T2P"",""magnitude"":0.16343697621984998,""start_week"":25,""duration_weeks"":2,""recovery_weeks"":2},{""target"":""demand"",""magnitude"":0.18256020829111708,""start_week"":37,""duration_weeks"":1,""recovery_weeks"":3}]"
A,314,230,Independent baseline,False,,False,Non-failure,Unclassified,Unclassified,1,0.8977891307059687,102.46257079576458,False,False,False,False,False,"[{""target"":""demand"",""magnitude"":0.11384730088418268,""start_week"":48,""duration_weeks"":2,""recovery_weeks"":3}]"
A,314,231,Independent baseline,True,True,True,Structural,Concentrated dependency; Hidden convergent dependency; Propagation-amplified cascade,Hidden convergent dependency,4,0.634238557678314,6281.26813857092,True,True,False,False,False,"[{""target"":""T2P"",""magnitude"":0.2910268517766677,""start_week"":3,""duration_weeks"":3,""recovery_weeks"":3},{""target"":""T2P"",""magnitude"":0.19188949028192928,""start_week"":12,""duration_weeks"":1,""recovery_weeks"":4},{""target"":""T2P"",""magnitude"":0.42918529808951733,""start_week"":18,""duration_weeks"":18,""recovery_weeks"":1},{""target"":""corridor"",""magnitude"":0.17742580195777602,""start_week"":31,""duration_weeks"":4,""recovery_weeks"":4}]"
A,314,232,Independent baseline,False,,False,Non-failure,Unclassified,Unclassified,3,0.8859220858358315,115.89069105426643,False,False,False,True,False,"[{""target"":""demand"",""magnitude"":0.12876743450474037,""start_week"":19,""duration_weeks"":5,""recovery_weeks"":3},{""target"":""S1B"",""magnitude"":0.2467472882802999,""start_week"":28,""duration_weeks"":6,""recovery_weeks"":2},{""target"":""demand"",""magnitude"":0.1789461560933357,""start_week"":38,""duration_weeks"":2,""recovery_weeks"":2}]"
A,314,233,Independent baseline,True,True,False,Structural,Concentrated dependency,Concentrated dependency,2,0.8977864137360239,183.98445527515696,False,False,False,False,True,"[{""target"":""S1C"",""magnitude"":0.47998056909394604,""start_week"":4,""duration_weeks"":1,""recovery_weeks"":2},{""target"":""demand"",""magnitude"":0.10371701375413415,""start_week"":43,""duration_weeks"":1,""recovery_weeks"":4}]"
A,314,234,Independent baseline,False,,False,Non-failure,Unclassified,Unclassified,2,0.9695072948968736,54.886869185627575,True,True,False,False,False,"[{""target"":""T2P"",""magnitude"":0.19813743113108517,""start_week"":4,""duration_weeks"":1,""recovery_weeks"":3},{""target"":""corridor"",""magnitude"":0.27286952882734483,""start_week"":34,""duration_weeks"":1,""recovery_weeks"":2}]"
A,314,235,Independent baseline,True,True,False,Structural,Concentrated dependency,Concentrated dependency,5,0.713496486015375,314.3148782931453,True,True,False,True,False,"[{""target"":""S1B"",""magnitude"":0.5218461820930217,""start_week"":17,""duration_weeks"":2,""recovery_weeks"":1},{""target"":""T2P"",""magnitude"":0.23723978294992437,""start_week"":25,""duration_weeks"":1,""recovery_weeks"":1},{""target"":""demand"",""magnitude"":0.10663974838467882,""start_week"":29,""duration_weeks"":1,""recovery_weeks"":2},{""target"":""corridor"",""magnitude"":0.4105757230457543,""start_week"":49,""duration_weeks"":2,""recovery_weeks"":1},{""target"":""demand"",""magnitude"":0.10147569237230865,""start_week"":50,""duration_weeks"":3,""recovery_weeks"":1}]"
A,314,236,Independent baseline,False,,False,Non-failure,Unclassified,Unclassified,2,0.9899449615446745,21.115580756183817,False,False,True,False,True,"[{""target"":""S1C"",""magnitude"":0.1541276165049165,""start_week"":29,""duration_weeks"":2,""recovery_weeks"":1},{""target"":""S1A"",""magnitude"":0.2726238365244825,""start_week"":41,""duration_weeks"":4,""recovery_weeks"":1}]"
A,314,237,Independent baseline,False,,False,Non-failure,Unclassified,Unclassified,3,0.9080963737188775,91.08423516138396,False,False,True,False,False,"[{""target"":""demand"",""magnitude"":0.10120470573487113,""start_week"":8,""duration_weeks"":1,""recovery_weeks"":2},{""target"":""S1A"",""magnitude"":0.3042765003057084,""start_week"":14,""duration_weeks"":2,""recovery_weeks"":1},{""target"":""S1A"",""magnitude"":0.2913082216829661,""start_week"":15,""duration_weeks"":2,""recovery_weeks"":1}]"
A,314,238,Independent baseline,False,,False,Non-failure,Unclassified,Unclassified,3,0.858219363219229,270.3912016750487,False,True,False,False,False,"[{""target"":""demand"",""magnitude"":0.1652032602118691,""start_week"":30,""duration_weeks"":1,""recovery_weeks"":4},{""target"":""corridor"",""magnitude"":0.3140990462014823,""start_week"":38,""duration_weeks"":5,""recovery_weeks"":3},{""target"":""demand"",""magnitude"":0.1357527288673187,""start_week"":49,""duration_weeks"":1,""recovery_weeks"":1}]"
A,314,239,Independent baseline,True,True,False,Structural,Concentrated dependency; Hidden convergent dependency; Propagation-amplified cascade,Hidden convergent dependency,3,0.5881273279150633,1149.6284947397846,True,False,True,False,False,"[{""target"":""T2P"",""magnitude"":0.28470961416448315,""start_week"":25,""duration_weeks"":4,""recovery_weeks"":3},{""target"":""T2P"",""magnitude"":0.47068540487644306,""start_week"":32,""duration_weeks"":1,""recovery_weeks"":1},{""target"":""S1A"",""magnitude"":0.3587057520303093,""start_week"":49,""duration_weeks"":2,""recovery_weeks"":2}]"
A,314,240,Independent baseline,False,,False,Non-failure,Unclassified,Unclassified,2,0.9138673744557086,155.0387259797244,False,False,False,True,True,"[{""target"":""S1C"",""magnitude"":0.4437984074746555,""start_week"":29,""duration_weeks"":1,""recovery_weeks"":1},{""target"":""S1B"",""magnitude"":0.3593925781283378,""start_week"":44,""duration_weeks"":7,""recovery_weeks"":2}]"
A,314,241,Independent baseline,False,,False,Non-failure,Unclassified,Unclassified,1,0.9267642619945112,78.42906733210964,True,False,False,False,False,"[{""target"":""T2P"",""magnitude"":0.33182432840987985,""start_week"":17,""duration_weeks"":1,""recovery_weeks"":4}]"
A,314,242,Independent baseline,False,,False,Non-failure,Unclassified,Unclassified,0,1.0,0.0,False,False,False,False,False,[]
A,314,243,Independent baseline,False,,False,Non-failure,Unclassified,Unclassified,1,1.0,0.0,True,False,False,False,False,"[{""target"":""T2P"",""magnitude"":0.26664883717917537,""start_week"":8,""duration_weeks"":1,""recovery_weeks"":3}]"
A,314,244,Independent baseline,True,False,False,Adaptation-limited,Concentrated dependency,Concentrated dependency,1,0.7377572733095871,574.0507485587723,False,True,False,False,False,"[{""target"":""corridor"",""magnitude"":0.4466820450178097,""start_week"":16,""duration_weeks"":1,""recovery_weeks"":4}]"
A,314,245,Independent baseline,False,,False,Non-failure,Unclassified,Unclassified,1,0.9337858983794403,119.18538291700747,False,False,False,False,True,"[{""target"":""S1C"",""magnitude"":0.39898172864625936,""start_week"":17,""duration_weeks"":1,""recovery_weeks"":1}]"
A,314,246,Independent baseline,True,True,True,Structural,Concentrated dependency,Concentrated dependency,4,0.4254821650621439,2834.0707880424425,True,True,False,False,False,"[{""target"":""demand"",""magnitude"":0.24508615040951315,""start_week"":10,""duration_weeks"":3,""recovery_weeks"":4},{""target"":""T2P"",""magnitude"":0.1602206836146947,""start_week"":28,""duration_weeks"":1,""recovery_weeks"":4},{""target"":""corridor"",""magnitude"":0.3664350104634369,""start_week"":32,""duration_weeks"":1,""recovery_weeks"":3},{""target"":""corridor"",""magnitude"":0.680888376203392,""start_week"":44,""duration_weeks"":4,""recovery_weeks"":4}]"
A,314,247,Independent baseline,True,True,True,Structural,Concentrated dependency,Concentrated dependency,2,0.8352882156996437,480.9022720137025,False,True,False,False,False,"[{""target"":""corridor"",""magnitude"":0.3735338382252672,""start_week"":13,""duration_weeks"":2,""recovery_weeks"":4},{""target"":""corridor"",""magnitude"":0.5124510984013697,""start_week"":51,""duration_weeks"":5,""recovery_weeks"":2}]"
A,314,248,Independent baseline,False,,False,Non-failure,Unclassified,Unclassified,2,0.9476572666726373,109.91973998746175,False,False,False,False,True,"[{""target"":""S1C"",""magnitude"":0.3677711499865661,""start_week"":17,""duration_weeks"":8,""recovery_weeks"":1},{""target"":""S1C"",""magnitude"":0.3072744702273418,""start_week"":43,""duration_weeks"":3,""recovery_weeks"":1}]"
A,314,249,Independent baseline,False,,False,Non-failure,Unclassified,Unclassified,1,0.8338315074340745,179.35475210039,False,False,False,False,False,"[{""target"":""demand"",""magnitude"":0.19928305788932216,""start_week"":10,""duration_weeks"":3,""recovery_weeks"":3}]"
A,314,250,Independent baseline,False,,False,Non-failure,Unclassified,Unclassified,1,1.0,0.0,False,False,False,True,False,"[{""target"":""S1B"",""magnitude"":0.2403172807910341,""start_week"":24,""duration_weeks"":7,""recovery_weeks"":4}]"
A,314,251,Independent baseline,False,,False,Non-failure,Unclassified,Unclassified,3,0.8707740434702952,133.56319213791744,False,False,False,False,False,"[{""target"":""demand"",""magnitude"":0.14840354681990836,""start_week"":14,""duration_weeks"":2,""recovery_weeks"":4},{""target"":""demand"",""magnitude"":0.19927361957417006,""start_week"":23,""duration_weeks"":3,""recovery_weeks"":3},{""target"":""demand"",""magnitude"":0.09900333644289164,""start_week"":27,""duration_weeks"":1,""recovery_weeks"":3}]"
A,314,252,Independent baseline,True,False,True,Adaptation-limited,Concentrated dependency,Concentrated dependency,5,0.7731153719984469,743.102820619569,True,False,True,False,True,"[{""target"":""demand"",""magnitude"":0.1842102323887248,""start_week"":12,""duration_weeks"":5,""recovery_weeks"":4},{""target"":""S1A"",""magnitude"":0.6067216144071199,""start_week"":16,""duration_weeks"":3,""recovery_weeks"":2},{""target"":""T2P"",""magnitude"":0.3307478624602964,""start_week"":18,""duration_weeks"":1,""recovery_weeks"":2},{""target"":""S1C"",""magnitude"":0.2976178377736648,""start_week"":23,""duration_weeks"":3,""recovery_weeks"":2},{""target"":""S1A"",""magnitude"":0.42382906235958573,""start_week"":34,""duration_weeks"":6,""recovery_weeks"":2}]"
A,314,253,Independent baseline,True,True,True,Structural,Concentrated dependency; Hidden convergent dependency; Propagation-amplified cascade,Hidden convergent dependency,4,0.5481121980836074,3113.6407063851548,True,True,True,True,False,"[{""target"":""T2P"",""magnitude"":0.5066990217247532,""start_week"":19,""duration_weeks"":7,""recovery_weeks"":4},{""target"":""corridor"",""magnitude"":0.25179183302238145,""start_week"":27,""duration_weeks"":2,""recovery_weeks"":3},{""target"":""S1B"",""magnitude"":0.22299770196843205,""start_week"":30,""duration_weeks"":1,""recovery_weeks"":1},{""target"":""S1A"",""magnitude"":0.29737025907743564,""start_week"":37,""duration_weeks"":1,""recovery_weeks"":3}]"
A,314,254,Independent baseline,False,,False,Non-failure,Unclassified,Unclassified,2,0.9416961680972152,91.92283378137665,False,True,True,False,False,"[{""target"":""S1A"",""magnitude"":0.26628007955454497,""start_week"":12,""duration_weeks"":1,""recovery_weeks"":1},{""target"":""corridor"",""magnitude"":0.29372787392708855,""start_week"":45,""duration_weeks"":1,""recovery_weeks"":1}]"
A,314,255,Independent baseline,False,,False,Non-failure,Unclassified,Unclassified,3,0.9117887353513963,158.78027636748675,False,True,False,True,False,"[{""target"":""corridor"",""magnitude"":0.31615844848645275,""start_week"":16,""duration_weeks"":1,""recovery_weeks"":1},{""target"":""S1B"",""magnitude"":0.36145068227939936,""start_week"":46,""duration_weeks"":5,""recovery_weeks"":2},{""target"":""demand"",""magnitude"":0.11797337394949763,""start_week"":48,""duration_weeks"":1,""recovery_weeks"":3}]"
A,314,256,Independent baseline,False,,False,Non-failure,Unclassified,Unclassified,2,1.0,0.0,True,False,False,True,False,"[{""target"":""S1B"",""magnitude"":0.19195671122600988,""start_week"":24,""duration_weeks"":4,""recovery_weeks"":3},{""target"":""T2P"",""magnitude"":0.2918052248261488,""start_week"":49,""duration_weeks"":1,""recovery_weeks"":3}]"
A,314,257,Independent baseline,True,True,True,Structural,Concentrated dependency; Hidden convergent dependency; Propagation-amplified cascade,Hidden convergent dependency,3,0.4634018129248423,2074.7099991636064,True,False,False,False,False,"[{""target"":""T2P"",""magnitude"":0.4726094051333367,""start_week"":40,""duration_weeks"":4,""recovery_weeks"":3},{""target"":""T2P"",""magnitude"":0.20919782094748773,""start_week"":44,""duration_weeks"":3,""recovery_weeks"":3},{""target"":""T2P"",""magnitude"":0.34663673626643593,""start_week"":48,""duration_weeks"":2,""recovery_weeks"":3}]"
A,314,258,Independent baseline,False,,False,Non-failure,Unclassified,Unclassified,2,0.9400581799937046,108.73783632242771,False,True,False,False,False,"[{""target"":""corridor"",""magnitude"":0.24496894303778166,""start_week"":5,""duration_weeks"":9,""recovery_weeks"":3},{""target"":""demand"",""magnitude"":0.0637639470428275,""start_week"":14,""duration_weeks"":1,""recovery_weeks"":2}]"
A,314,259,Independent baseline,True,True,True,Structural,Concentrated dependency,Concentrated dependency,2,0.6814587271856092,1210.8982937696796,True,True,False,False,False,"[{""target"":""corridor"",""magnitude"":0.3310859125285517,""start_week"":16,""duration_weeks"":1,""recovery_weeks"":4},{""target"":""T2P"",""magnitude"":0.3866871455329518,""start_week"":23,""duration_weeks"":5,""recovery_weeks"":4}]"
A,314,260,Independent baseline,False,,False,Non-failure,Unclassified,Unclassified,0,1.0,0.0,False,False,False,False,False,[]
A,314,261,Independent baseline,False,,False,Non-failure,Unclassified,Unclassified,2,0.8910086236130366,110.09123385417251,False,True,False,False,False,"[{""target"":""demand"",""magnitude"":0.1223235931713028,""start_week"":12,""duration_weeks"":4,""recovery_weeks"":1},{""target"":""corridor"",""magnitude"":0.18158384159976868,""start_week"":26,""duration_weeks"":1,""recovery_weeks"":1}]"
A,314,262,Independent baseline,False,,False,Non-failure,Unclassified,Unclassified,1,0.7568563304258006,460.140580634966,False,False,False,False,False,"[{""target"":""demand"",""magnitude"":0.3212547214045351,""start_week"":1,""duration_weeks"":2,""recovery_weeks"":3}]"
A,314,263,Independent baseline,False,,False,Non-failure,Unclassified,Unclassified,4,0.8440788608379081,670.8131144167777,False,False,True,True,False,"[{""target"":""S1A"",""magnitude"":0.27537306396833483,""start_week"":8,""duration_weeks"":2,""recovery_weeks"":2},{""target"":""demand"",""magnitude"":0.2158968251609371,""start_week"":17,""duration_weeks"":8,""recovery_weeks"":4},{""target"":""S1B"",""magnitude"":0.3806731255219408,""start_week"":35,""duration_weeks"":1,""recovery_weeks"":2},{""target"":""demand"",""magnitude"":0.09757963393780222,""start_week"":46,""duration_weeks"":7,""recovery_weeks"":1}]"
A,314,264,Independent baseline,False,,False,Non-failure,Unclassified,Unclassified,2,0.883679781975941,120.16027377018145,False,False,False,False,True,"[{""target"":""S1C"",""magnitude"":0.26377056061717946,""start_week"":32,""duration_weeks"":2,""recovery_weeks"":3},{""target"":""demand"",""magnitude"":0.14779199668098045,""start_week"":46,""duration_weeks"":1,""recovery_weeks"":2}]"
A,314,265,Independent baseline,False,,False,Non-failure,Unclassified,Unclassified,3,0.8882551854098475,113.22234283916214,False,True,False,False,False,"[{""target"":""demand"",""magnitude"":0.12580260315462471,""start_week"":3,""duration_weeks"":4,""recovery_weeks"":1},{""target"":""corridor"",""magnitude"":0.317545096788033,""start_week"":9,""duration_weeks"":1,""recovery_weeks"":2},{""target"":""corridor"",""magnitude"":0.27100829519983033,""start_week"":27,""duration_weeks"":4,""recovery_weeks"":2}]"
A,314,266,Independent baseline,True,True,True,Structural,Concentrated dependency; Propagation-amplified cascade,Propagation-amplified cascade,4,0.6594498813290208,1211.9957569543872,True,True,True,False,False,"[{""target"":""T2P"",""magnitude"":0.412985930254391,""start_week"":5,""duration_weeks"":3,""recovery_weeks"":4},{""target"":""S1A"",""magnitude"":0.4945945499190515,""start_week"":8,""duration_weeks"":3,""recovery_weeks"":4},{""target"":""T2P"",""magnitude"":0.28337311888199335,""start_week"":27,""duration_weeks"":6,""recovery_weeks"":4},{""target"":""corridor"",""magnitude"":0.36446815447842157,""start_week"":39,""duration_weeks"":1,""recovery_weeks"":4}]"
A,314,267,Independent baseline,True,False,False,Adaptation-limited,Hidden convergent dependency; Compounding moderate disturbance; Recovery lag and temporal overlap,Hidden convergent dependency,5,0.6365981118587747,613.3141766946449,True,True,False,False,False,"[{""target"":""T2P"",""magnitude"":0.3389330781324518,""start_week"":1,""duration_weeks"":1,""recovery_weeks"":4},{""target"":""demand"",""magnitude"":0.18954973804057296,""start_week"":14,""duration_weeks"":9,""recovery_weeks"":4},{""target"":""corridor"",""magnitude"":0.23652066332630908,""start_week"":23,""duration_weeks"":2,""recovery_weeks"":4},{""target"":""T2P"",""magnitude"":0.4270616993271029,""start_week"":28,""duration_weeks"":1,""recovery_weeks"":1},{""target"":""corridor"",""magnitude"":0.3220579243509724,""start_week"":46,""duration_weeks"":3,""recovery_weeks"":3}]"
A,314,268,Independent baseline,True,True,True,Structural,Concentrated dependency,Concentrated dependency,2,0.8238285692743069,792.7714382656188,False,True,True,False,False,"[{""target"":""corridor"",""magnitude"":0.3821285730442699,""start_week"":21,""duration_weeks"":4,""recovery_weeks"":1},{""target"":""S1A"",""magnitude"":0.4278237141966422,""start_week"":31,""duration_weeks"":1,""recovery_weeks"":3}]"
A,314,269,Independent baseline,True,True,False,Structural,Concentrated dependency,Concentrated dependency,3,0.7874330007564548,691.2296104688171,True,True,False,False,False,"[{""target"":""corridor"",""magnitude"":0.34600411256511343,""start_week"":33,""duration_weeks"":5,""recovery_weeks"":2},{""target"":""T2P"",""magnitude"":0.1823981290861675,""start_week"":40,""duration_weeks"":3,""recovery_weeks"":3},{""target"":""demand"",""magnitude"":0.15368103999309668,""start_week"":46,""duration_weeks"":1,""recovery_weeks"":1}]"
A,314,270,Independent baseline,False,,False,Non-failure,Unclassified,Unclassified,0,1.0,0.0,False,False,False,False,False,[]
A,314,271,Independent baseline,True,False,False,Adaptation-limited,Concentrated dependency; Hidden convergent dependency; Propagation-amplified cascade,Hidden convergent dependency,1,0.7537008392413623,408.34622341386967,True,False,False,False,False,"[{""target"":""T2P"",""magnitude"":0.3216692446827739,""start_week"":17,""duration_weeks"":3,""recovery_weeks"":3}]"
A,314,272,Independent baseline,True,True,True,Structural,Concentrated dependency; Hidden convergent dependency; Propagation-amplified cascade,Hidden convergent dependency,3,0.5489352932202661,1227.630560824321,True,True,False,False,False,"[{""target"":""T2P"",""magnitude"":0.2845742120800772,""start_week"":12,""duration_weeks"":5,""recovery_weeks"":4},{""target"":""T2P"",""magnitude"":0.30944372953811206,""start_week"":16,""duration_weeks"":1,""recovery_weeks"":2},{""target"":""corridor"",""magnitude"":0.34354046417910067,""start_week"":43,""duration_weeks"":3,""recovery_weeks"":3}]"
A,314,273,Independent baseline,False,,False,Non-failure,Unclassified,Unclassified,2,0.9350655769595713,102.54649214080371,True,True,False,False,False,"[{""target"":""corridor"",""magnitude"":0.2762230862497103,""start_week"":27,""duration_weeks"":2,""recovery_weeks"":2},{""target"":""T2P"",""magnitude"":0.2882110228088358,""start_week"":40,""duration_weeks"":3,""recovery_weeks"":2}]"
A,314,274,Independent baseline,False,,False,Non-failure,Unclassified,Unclassified,2,0.9100874958884599,88.91590541125697,False,False,True,False,False,"[{""target"":""demand"",""magnitude"":0.09879545045695204,""start_week"":26,""duration_weeks"":4,""recovery_weeks"":2},{""target"":""S1A"",""magnitude"":0.3810293551695405,""start_week"":49,""duration_weeks"":1,""recovery_weeks"":4}]"
A,314,275,Independent baseline,True,False,False,Adaptation-limited,Concentrated dependency; Propagation-amplified cascade; Recovery lag and temporal overlap,Propagation-amplified cascade,7,0.8302717669453589,393.0334349512168,True,True,False,False,True,"[{""target"":""S1C"",""magnitude"":0.3626335278873568,""start_week"":9,""duration_weeks"":1,""recovery_weeks"":4},{""target"":""corridor"",""magnitude"":0.2622437744152597,""start_week"":10,""duration_weeks"":1,""recovery_weeks"":3},{""target"":""T2P"",""magnitude"":0.40192830872189456,""start_week"":27,""duration_weeks"":1,""recovery_weeks"":2},{""target"":""corridor"",""magnitude"":0.3772961747909809,""start_week"":29,""duration_weeks"":2,""recovery_weeks"":4},{""target"":""T2P"",""magnitude"":0.28196564613677566,""start_week"":34,""duration_weeks"":1,""recovery_weeks"":3},{""target"":""corridor"",""magnitude"":0.29933189552975836,""start_week"":44,""duration_weeks"":1,""recovery_weeks"":1},{""target"":""demand"",""magnitude"":0.13189754384537516,""start_week"":49,""duration_weeks"":3,""recovery_weeks"":3}]"
A,314,276,Independent baseline,False,,False,Non-failure,Unclassified,Unclassified,3,0.882003180009698,120.17929985252522,True,False,True,False,False,"[{""target"":""T2P"",""magnitude"":0.231412125198091,""start_week"":10,""duration_weeks"":2,""recovery_weeks"":1},{""target"":""T2P"",""magnitude"":0.20648573106456314,""start_week"":14,""duration_weeks"":3,""recovery_weeks"":1},{""target"":""S1A"",""magnitude"":0.256066395003265,""start_week"":18,""duration_weeks"":2,""recovery_weeks"":1}]"
A,314,277,Independent baseline,False,,False,Non-failure,Unclassified,Unclassified,2,0.9035897194308136,96.02726840111166,False,True,False,False,False,"[{""target"":""demand"",""magnitude"":0.10669696489012395,""start_week"":39,""duration_weeks"":5,""recovery_weeks"":2},{""target"":""corridor"",""magnitude"":0.5825577031575028,""start_week"":51,""duration_weeks"":2,""recovery_weeks"":4}]"
A,314,278,Independent baseline,True,False,True,Adaptation-limited,Concentrated dependency; Hidden convergent dependency; Propagation-amplified cascade,Hidden convergent dependency,3,0.7037819393343805,642.679157272381,True,True,False,False,True,"[{""target"":""corridor"",""magnitude"":0.2482559468055553,""start_week"":10,""duration_weeks"":10,""recovery_weeks"":4},{""target"":""T2P"",""magnitude"":0.36659625459905776,""start_week"":34,""duration_weeks"":3,""recovery_weeks"":3},{""target"":""S1C"",""magnitude"":0.28821199126743985,""start_week"":38,""duration_weeks"":9,""recovery_weeks"":1}]"
A,314,279,Independent baseline,False,,False,Non-failure,Unclassified,Unclassified,1,0.9589179326626117,86.27234140851533,False,False,False,False,True,"[{""target"":""S1C"",""magnitude"":0.34243465150912356,""start_week"":14,""duration_weeks"":2,""recovery_weeks"":2}]"
A,314,280,Independent baseline,True,True,True,Structural,Concentrated dependency; Hidden convergent dependency; Propagation-amplified cascade,Hidden convergent dependency,3,0.4796799710015302,1456.8709116330888,True,False,False,False,False,"[{""target"":""T2P"",""magnitude"":0.32914480952492015,""start_week"":12,""duration_weeks"":2,""recovery_weeks"":2},{""target"":""T2P"",""magnitude"":0.5682880260986228,""start_week"":17,""duration_weeks"":2,""recovery_weeks"":1},{""target"":""demand"",""magnitude"":0.22104559572006016,""start_week"":39,""duration_weeks"":6,""recovery_weeks"":4}]"
A,314,281,Independent baseline,False,,False,Non-failure,Unclassified,Unclassified,1,0.8988927360790276,101.23180873148704,False,False,False,False,False,"[{""target"":""demand"",""magnitude"":0.11247978747942994,""start_week"":23,""duration_weeks"":6,""recovery_weeks"":3}]"
A,314,282,Independent baseline,True,True,False,Structural,Concentrated dependency; Hidden convergent dependency; Propagation-amplified cascade,Hidden convergent dependency,3,0.7215964399622848,477.53441815274607,True,False,True,False,False,"[{""target"":""S1A"",""magnitude"":0.35942067083193396,""start_week"":5,""duration_weeks"":3,""recovery_weeks"":2},{""target"":""T2P"",""magnitude"":0.3111625107989848,""start_week"":19,""duration_weeks"":3,""recovery_weeks"":3},{""target"":""T2P"",""magnitude"":0.5258448060509153,""start_week"":44,""duration_weeks"":1,""recovery_weeks"":3}]"
A,314,283,Independent baseline,False,,False,Non-failure,Unclassified,Unclassified,1,1.0,0.0,False,False,True,False,False,"[{""target"":""S1A"",""magnitude"":0.371182555127878,""start_week"":51,""duration_weeks"":6,""recovery_weeks"":1}]"
A,314,284,Independent baseline,False,,False,Non-failure,Unclassified,Unclassified,4,0.8667089491302729,138.41087703448102,False,False,True,False,True,"[{""target"":""demand"",""magnitude"":0.15378986337164535,""start_week"":10,""duration_weeks"":1,""recovery_weeks"":1},{""target"":""S1C"",""magnitude"":0.18454080548189186,""start_week"":15,""duration_weeks"":8,""recovery_weeks"":1},{""target"":""S1A"",""magnitude"":0.31298620521824316,""start_week"":17,""duration_weeks"":2,""recovery_weeks"":1},{""target"":""demand"",""magnitude"":0.22143977748083193,""start_week"":51,""duration_weeks"":1,""recovery_weeks"":2}]"
A,314,285,Independent baseline,False,,False,Non-failure,Unclassified,Unclassified,2,0.8956627907899964,106.21884417202261,False,False,False,True,False,"[{""target"":""S1B"",""magnitude"":0.26476915721069627,""start_week"":27,""duration_weeks"":1,""recovery_weeks"":3},{""target"":""demand"",""magnitude"":0.13114907771175527,""start_week"":41,""duration_weeks"":3,""recovery_weeks"":4}]"
A,314,286,Independent baseline,False,,False,Non-failure,Unclassified,Unclassified,2,1.0,0.0,False,False,True,False,True,"[{""target"":""S1C"",""magnitude"":0.24840773713390876,""start_week"":20,""duration_weeks"":1,""recovery_weeks"":1},{""target"":""S1A"",""magnitude"":0.19147714090997348,""start_week"":42,""duration_weeks"":3,""recovery_weeks"":3}]"
A,314,287,Independent baseline,True,True,False,Structural,Concentrated dependency,Concentrated dependency,4,0.8178082151879287,1107.9103106219277,False,True,False,True,False,"[{""target"":""demand"",""magnitude"":0.22278057548028468,""start_week"":1,""duration_weeks"":7,""recovery_weeks"":4},{""target"":""corridor"",""magnitude"":0.33370671312684425,""start_week"":13,""duration_weeks"":6,""recovery_weeks"":2},{""target"":""demand"",""magnitude"":0.05611654062331735,""start_week"":28,""duration_weeks"":13,""recovery_weeks"":4},{""target"":""S1B"",""magnitude"":0.32296562255537165,""start_week"":36,""duration_weeks"":5,""recovery_weeks"":3}]"
A,314,288,Independent baseline,True,True,True,Structural,Concentrated dependency,Concentrated dependency,3,0.5296078696164994,4919.950806301652,False,True,False,False,False,"[{""target"":""corridor"",""magnitude"":0.32235585389800486,""start_week"":11,""duration_weeks"":2,""recovery_weeks"":4},{""target"":""corridor"",""magnitude"":0.5060519859247768,""start_week"":17,""duration_weeks"":1,""recovery_weeks"":2},{""target"":""corridor"",""magnitude"":0.6027940977876255,""start_week"":26,""duration_weeks"":10,""recovery_weeks"":4}]"
A,314,289,Independent baseline,False,,False,Non-failure,Unclassified,Unclassified,3,1.0,0.0,False,True,False,False,True,"[{""target"":""corridor"",""magnitude"":0.2286534926120219,""start_week"":9,""duration_weeks"":1,""recovery_weeks"":4},{""target"":""corridor"",""magnitude"":0.2373602322226334,""start_week"":19,""duration_weeks"":2,""recovery_weeks"":4},{""target"":""S1C"",""magnitude"":0.22995847364973218,""start_week"":37,""duration_weeks"":4,""recovery_weeks"":4}]"
A,314,290,Independent baseline,False,,False,Non-failure,Unclassified,Unclassified,1,1.0,0.0,False,False,True,False,False,"[{""target"":""S1A"",""magnitude"":0.17457125235399268,""start_week"":40,""duration_weeks"":3,""recovery_weeks"":1}]"
A,314,291,Independent baseline,True,True,True,Structural,Concentrated dependency,Concentrated dependency,3,0.5407593832668002,1035.9670219425866,True,True,False,False,False,"[{""target"":""demand"",""magnitude"":0.13827594043262909,""start_week"":7,""duration_weeks"":2,""recovery_weeks"":1},{""target"":""corridor"",""magnitude"":0.4528962536042168,""start_week"":25,""duration_weeks"":2,""recovery_weeks"":4},{""target"":""T2P"",""magnitude"":0.6151003112551378,""start_week"":36,""duration_weeks"":1,""recovery_weeks"":4}]"
A,314,292,Independent baseline,False,,False,Non-failure,Unclassified,Unclassified,2,0.8913552893814944,109.69838931959907,False,False,False,False,True,"[{""target"":""demand"",""magnitude"":0.12188709924399883,""start_week"":10,""duration_weeks"":5,""recovery_weeks"":3},{""target"":""S1C"",""magnitude"":0.1771330266732059,""start_week"":23,""duration_weeks"":2,""recovery_weeks"":1}]"
A,314,293,Independent baseline,False,,False,Non-failure,Unclassified,Unclassified,6,0.8319393112750434,471.20493022011055,True,True,True,True,True,"[{""target"":""S1C"",""magnitude"":0.3046323945251498,""start_week"":6,""duration_weeks"":3,""recovery_weeks"":1},{""target"":""S1B"",""magnitude"":0.30648847750171415,""start_week"":21,""duration_weeks"":1,""recovery_weeks"":4},{""target"":""corridor"",""magnitude"":0.26160198692956843,""start_week"":26,""duration_weeks"":3,""recovery_weeks"":2},{""target"":""corridor"",""magnitude"":0.28215002690410584,""start_week"":30,""duration_weeks"":7,""recovery_weeks"":2},{""target"":""T2P"",""magnitude"":0.3809836722665155,""start_week"":45,""duration_weeks"":1,""recovery_weeks"":1},{""target"":""S1A"",""magnitude"":0.23701581656761195,""start_week"":48,""duration_weeks"":4,""recovery_weeks"":4}]"
A,314,294,Independent baseline,False,,False,Non-failure,Unclassified,Unclassified,3,0.871690208792665,257.85818696358297,True,False,False,True,False,"[{""target"":""demand"",""magnitude"":0.08682344318009935,""start_week"":31,""duration_weeks"":2,""recovery_weeks"":1},{""target"":""T2P"",""magnitude"":0.18492316439300227,""start_week"":32,""duration_weeks"":2,""recovery_weeks"":4},{""target"":""S1B"",""magnitude"":0.5386970302165038,""start_week"":44,""duration_weeks"":3,""recovery_weeks"":2}]"
A,314,295,Independent baseline,False,,False,Non-failure,Unclassified,Unclassified,2,0.9095781609430011,89.46966697939297,False,True,False,False,False,"[{""target"":""corridor"",""magnitude"":0.22761696106319462,""start_week"":22,""duration_weeks"":4,""recovery_weeks"":1},{""target"":""demand"",""magnitude"":0.09941074108821427,""start_week"":47,""duration_weeks"":2,""recovery_weeks"":2}]"
A,314,296,Independent baseline,False,,False,Non-failure,Unclassified,Unclassified,0,1.0,0.0,False,False,False,False,False,[]
A,314,297,Independent baseline,False,,False,Non-failure,Unclassified,Unclassified,4,0.8204869057626659,196.9096443573644,False,False,False,True,True,"[{""target"":""demand"",""magnitude"":0.21878849373040477,""start_week"":2,""duration_weeks"":2,""recovery_weeks"":3},{""target"":""S1C"",""magnitude"":0.3044213758149344,""start_week"":8,""duration_weeks"":4,""recovery_weeks"":1},{""target"":""S1B"",""magnitude"":0.3530264431909569,""start_week"":31,""duration_weeks"":1,""recovery_weeks"":2},{""target"":""S1B"",""magnitude"":0.24049442066390042,""start_week"":35,""duration_weeks"":2,""recovery_weeks"":4}]"
A,314,298,Independent baseline,True,True,True,Structural,Concentrated dependency,Concentrated dependency,3,0.5675677380420322,2171.6630749774295,True,True,False,False,False,"[{""target"":""corridor"",""magnitude"":0.5743241964684759,""start_week"":18,""duration_weeks"":3,""recovery_weeks"":3},{""target"":""corridor"",""magnitude"":0.2650542160793009,""start_week"":22,""duration_weeks"":5,""recovery_weeks"":4},{""target"":""T2P"",""magnitude"":0.24505097027800393,""start_week"":31,""duration_weeks"":4,""recovery_weeks"":1}]"
A,314,299,Independent baseline,False,,False,Non-failure,Unclassified,Unclassified,1,0.8523601163979367,155.89173247968097,False,False,False,False,False,"[{""target"":""demand"",""magnitude"":0.17321303608853444,""start_week"":12,""duration_weeks"":1,""recovery_weeks"":2}]"
A,314,300,Independent baseline,False,,False,Non-failure,Unclassified,Unclassified,2,0.9778708791331193,41.14697470894532,False,False,True,False,False,"[{""target"":""S1A"",""magnitude"":0.2940860443310127,""start_week"":16,""duration_weeks"":2,""recovery_weeks"":1},{""target"":""S1A"",""magnitude"":0.2997905219504814,""start_week"":21,""duration_weeks"":2,""recovery_weeks"":3}]"
A,314,301,Independent baseline,True,True,True,Structural,Concentrated dependency,Concentrated dependency,1,0.622933098201,1483.6809875558004,False,True,False,False,False,"[{""target"":""corridor"",""magnitude"":0.53280017634925,""start_week"":22,""duration_weeks"":3,""recovery_weeks"":3}]"
A,314,302,Independent baseline,False,,False,Non-failure,Unclassified,Unclassified,2,0.9860029747806045,29.393752960730694,True,False,True,False,False,"[{""target"":""S1A"",""magnitude"":0.2814933067436399,""start_week"":9,""duration_weeks"":3,""recovery_weeks"":4},{""target"":""T2P"",""magnitude"":0.5440650184762074,""start_week"":49,""duration_weeks"":1,""recovery_weeks"":1}]"
A,314,303,Independent baseline,True,True,True,Structural,Concentrated dependency; Hidden convergent dependency,Hidden convergent dependency,4,0.4122674546833608,1824.7445733768232,True,True,False,False,False,"[{""target"":""T2P"",""magnitude"":0.5974546343030553,""start_week"":5,""duration_weeks"":2,""recovery_weeks"":3},{""target"":""corridor"",""magnitude"":0.205026826980731,""start_week"":6,""duration_weeks"":2,""recovery_weeks"":3},{""target"":""demand"",""magnitude"":0.16981778925860352,""start_week"":7,""duration_weeks"":2,""recovery_weeks"":2},{""target"":""demand"",""magnitude"":0.08129367673778393,""start_week"":16,""duration_weeks"":1,""recovery_weeks"":2}]"
A,314,304,Independent baseline,False,,False,Non-failure,Unclassified,Unclassified,3,0.9054453276444995,198.56481194655134,True,False,False,True,False,"[{""target"":""T2P"",""magnitude"":0.30933747894500646,""start_week"":5,""duration_weeks"":1,""recovery_weeks"":1},{""target"":""S1B"",""magnitude"":0.4627480127998763,""start_week"":6,""duration_weeks"":4,""recovery_weeks"":2},{""target"":""demand"",""magnitude"":0.08200226853021458,""start_week"":20,""duration_weeks"":1,""recovery_weeks"":3}]"
A,314,305,Independent baseline,False,,False,Non-failure,Unclassified,Unclassified,4,0.885367960878857,115.84417604514283,True,True,False,True,False,"[{""target"":""corridor"",""magnitude"":0.23245796360964097,""start_week"":1,""duration_weeks"":16,""recovery_weeks"":1},{""target"":""T2P"",""magnitude"":0.40633767041805713,""start_week"":5,""duration_weeks"":1,""recovery_weeks"":2},{""target"":""S1B"",""magnitude"":0.33287077260629283,""start_week"":20,""duration_weeks"":1,""recovery_weeks"":2},{""target"":""demand"",""magnitude"":0.13402585461078803,""start_week"":51,""duration_weeks"":5,""recovery_weeks"":1}]"
A,314,306,Independent baseline,True,True,True,Structural,Concentrated dependency,Concentrated dependency,3,0.5353181883460567,1722.6440826927746,True,True,False,False,True,"[{""target"":""S1C"",""magnitude"":0.4832971252981485,""start_week"":25,""duration_weeks"":1,""recovery_weeks"":1},{""target"":""T2P"",""magnitude"":0.518213630488549,""start_week"":42,""duration_weeks"":8,""recovery_weeks"":4},{""target"":""corridor"",""magnitude"":0.29153275907729626,""start_week"":47,""duration_weeks"":6,""recovery_weeks"":2}]"
A,314,307,Independent baseline,True,True,True,Structural,Concentrated dependency; Hidden convergent dependency; Propagation-amplified cascade,Hidden convergent dependency,3,0.5636133157557717,1363.7400790990273,True,False,False,True,False,"[{""target"":""T2P"",""magnitude"":0.22962583623951366,""start_week"":3,""duration_weeks"":3,""recovery_weeks"":2},{""target"":""S1B"",""magnitude"":0.24321467152590637,""start_week"":9,""duration_weeks"":1,""recovery_weeks"":1},{""target"":""T2P"",""magnitude"":0.49274801581980543,""start_week"":43,""duration_weeks"":6,""recovery_weeks"":4}]"
A,314,308,Independent baseline,False,,False,Non-failure,Unclassified,Unclassified,1,1.0,0.0,False,False,True,False,False,"[{""target"":""S1A"",""magnitude"":0.24730073797190877,""start_week"":44,""duration_weeks"":1,""recovery_weeks"":3}]"
A,314,309,Independent baseline,True,True,False,Structural,Concentrated dependency,Concentrated dependency,3,0.8810198170368959,249.85838422251868,True,False,True,False,False,"[{""target"":""S1A"",""magnitude"":0.5177054116669841,""start_week"":7,""duration_weeks"":2,""recovery_weeks"":1},{""target"":""demand"",""magnitude"":0.14895040529324105,""start_week"":32,""duration_weeks"":4,""recovery_weeks"":1},{""target"":""T2P"",""magnitude"":0.41432927400973163,""start_week"":40,""duration_weeks"":1,""recovery_weeks"":3}]"
A,314,310,Independent baseline,False,,False,Non-failure,Unclassified,Unclassified,2,0.9662717246485324,60.71089563264172,False,False,True,False,False,"[{""target"":""S1A"",""magnitude"":0.3258886195408022,""start_week"":30,""duration_weeks"":1,""recovery_weeks"":3},{""target"":""S1A"",""magnitude"":0.2366186165546315,""start_week"":41,""duration_weeks"":10,""recovery_weeks"":4}]"
A,314,311,Independent baseline,True,True,False,Structural,Concentrated dependency,Concentrated dependency,2,0.8543121315539525,275.7693398201279,False,False,False,True,True,"[{""target"":""S1C"",""magnitude"":0.3715766552491476,""start_week"":12,""duration_weeks"":1,""recovery_weeks"":4},{""target"":""S1B"",""magnitude"":0.577797704003607,""start_week"":19,""duration_weeks"":2,""recovery_weeks"":4}]"
A,314,312,Independent baseline,False,,False,Non-failure,Unclassified,Unclassified,2,0.8161795875996076,203.84862315120847,False,False,True,False,False,"[{""target"":""S1A"",""magnitude"":0.2563833635482181,""start_week"":41,""duration_weeks"":4,""recovery_weeks"":3},{""target"":""demand"",""magnitude"":0.23217257109975886,""start_week"":48,""duration_weeks"":1,""recovery_weeks"":2}]"
A,314,313,Independent baseline,False,,False,Non-failure,Unclassified,Unclassified,0,1.0,0.0,False,False,False,False,False,[]
A,314,314,Independent baseline,False,,False,Non-failure,Unclassified,Unclassified,3,0.8893568745714066,111.96721556093291,True,False,False,False,False,"[{""target"":""T2P"",""magnitude"":0.30888501260724327,""start_week"":11,""duration_weeks"":1,""recovery_weeks"":1},{""target"":""demand"",""magnitude"":0.12440801728992543,""start_week"":15,""duration_weeks"":3,""recovery_weeks"":4},{""target"":""demand"",""magnitude"":0.11493021918139655,""start_week"":37,""duration_weeks"":2,""recovery_weeks"":3}]"
A,314,315,Independent baseline,True,False,False,Adaptation-limited,Hidden convergent dependency; Compounding moderate disturbance; Recovery lag and temporal overlap,Hidden convergent dependency,5,0.7769643376830055,418.83125988239044,True,True,False,False,False,"[{""target"":""corridor"",""magnitude"":0.3110719774758021,""start_week"":10,""duration_weeks"":4,""recovery_weeks"":4},{""target"":""demand"",""magnitude"":0.07149210265681116,""start_week"":23,""duration_weeks"":5,""recovery_weeks"":2},{""target"":""corridor"",""magnitude"":0.1965913573465473,""start_week"":31,""duration_weeks"":5,""recovery_weeks"":3},{""target"":""T2P"",""magnitude"":0.3201939526275188,""start_week"":38,""duration_weeks"":1,""recovery_weeks"":3},{""target"":""demand"",""magnitude"":0.19202478696343062,""start_week"":42,""duration_weeks"":3,""recovery_weeks"":2}]"
A,314,316,Independent baseline,True,True,True,Structural,Concentrated dependency,Concentrated dependency,7,0.45383427211127964,3388.939151546723,True,True,False,False,False,"[{""target"":""demand"",""magnitude"":0.08894576919910424,""start_week"":21,""duration_weeks"":1,""recovery_weeks"":2},{""target"":""corridor"",""magnitude"":0.5141453603468455,""start_week"":22,""duration_weeks"":1,""recovery_weeks"":3},{""target"":""corridor"",""magnitude"":0.48211071329459154,""start_week"":24,""duration_weeks"":6,""recovery_weeks"":2},{""target"":""T2P"",""magnitude"":0.33817729289853027,""start_week"":32,""duration_weeks"":1,""recovery_weeks"":3},{""target"":""demand"",""magnitude"":0.1608270005462571,""start_week"":34,""duration_weeks"":1,""recovery_weeks"":2},{""target"":""corridor"",""magnitude"":0.2690597134747788,""start_week"":35,""duration_weeks"":2,""recovery_weeks"":4},{""target"":""T2P"",""magnitude"":0.5572768313842005,""start_week"":49,""duration_weeks"":5,""recovery_weeks"":1}]"
A,314,317,Independent baseline,True,True,False,Structural,Concentrated dependency,Concentrated dependency,3,0.7793286691779054,323.6571824320057,True,False,False,True,True,"[{""target"":""S1B"",""magnitude"":0.5967755526057203,""start_week"":1,""duration_weeks"":2,""recovery_weeks"":4},{""target"":""S1C"",""magnitude"":0.5901054571393393,""start_week"":9,""duration_weeks"":1,""recovery_weeks"":1},{""target"":""T2P"",""magnitude"":0.2986041977398851,""start_week"":31,""duration_weeks"":4,""recovery_weeks"":1}]"
A,314,318,Independent baseline,False,,False,Non-failure,Unclassified,Unclassified,1,0.8555735258706982,151.9259570170666,False,False,False,False,False,"[{""target"":""demand"",""magnitude"":0.16880661890785137,""start_week"":50,""duration_weeks"":6,""recovery_weeks"":2}]"
A,314,319,Independent baseline,False,,False,Non-failure,Unclassified,Unclassified,2,0.9644756345614431,95.91578668410318,False,True,True,False,False,"[{""target"":""corridor"",""magnitude"":0.27664327407891753,""start_week"":24,""duration_weeks"":2,""recovery_weeks"":2},{""target"":""S1A"",""magnitude"":0.3121788239910225,""start_week"":38,""duration_weeks"":2,""recovery_weeks"":3}]"
A,314,320,Independent baseline,False,,False,Non-failure,Unclassified,Unclassified,0,1.0,0.0,False,False,False,False,False,[]
A,314,321,Independent baseline,False,,False,Non-failure,Unclassified,Unclassified,2,0.8410509891157464,170.0896992538237,False,False,False,False,False,"[{""target"":""demand"",""magnitude"":0.1889885547264707,""start_week"":13,""duration_weeks"":1,""recovery_weeks"":3},{""target"":""demand"",""magnitude"":0.15343954507493351,""start_week"":30,""duration_weeks"":2,""recovery_weeks"":2}]"
A,314,322,Independent baseline,False,,False,Non-failure,Unclassified,Unclassified,3,0.9457748417728942,195.21056961758097,True,True,False,False,False,"[{""target"":""corridor"",""magnitude"":0.2906688686703294,""start_week"":16,""duration_weeks"":3,""recovery_weeks"":1},{""target"":""T2P"",""magnitude"":0.3076554563907855,""start_week"":40,""duration_weeks"":1,""recovery_weeks"":3},{""target"":""T2P"",""magnitude"":0.3512883302980368,""start_week"":47,""duration_weeks"":1,""recovery_weeks"":3}]"
A,314,323,Independent baseline,False,,False,Non-failure,Unclassified,Unclassified,3,0.9348973968236552,83.41760321946936,True,True,False,False,True,"[{""target"":""S1C"",""magnitude"":0.29220885312243894,""start_week"":34,""duration_weeks"":1,""recovery_weeks"":1},{""target"":""T2P"",""magnitude"":0.3487946825678745,""start_week"":38,""duration_weeks"":1,""recovery_weeks"":1},{""target"":""corridor"",""magnitude"":0.29882695238225854,""start_week"":49,""duration_weeks"":2,""recovery_weeks"":4}]"
A,314,324,Independent baseline,True,True,False,Structural,Concentrated dependency,Concentrated dependency,3,0.8956183867638525,219.2013877959098,True,False,False,False,True,"[{""target"":""S1C"",""magnitude"":0.4848586297813319,""start_week"":8,""duration_weeks"":2,""recovery_weeks"":2},{""target"":""T2P"",""magnitude"":0.17569173154026507,""start_week"":36,""duration_weeks"":2,""recovery_weeks"":1},{""target"":""S1C"",""magnitude"":0.29319029175567834,""start_week"":40,""duration_weeks"":1,""recovery_weeks"":3}]"
A,314,325,Independent baseline,True,True,True,Structural,Concentrated dependency,Concentrated dependency,6,0.7013163853258959,3092.2774919932203,True,True,True,False,False,"[{""target"":""demand"",""magnitude"":0.10325742283966999,""start_week"":5,""duration_weeks"":1,""recovery_weeks"":4},{""target"":""corridor"",""magnitude"":0.4291268608400599,""start_week"":20,""duration_weeks"":13,""recovery_weeks"":2},{""target"":""demand"",""magnitude"":0.08533637809257827,""start_week"":22,""duration_weeks"":2,""recovery_weeks"":2},{""target"":""T2P"",""magnitude"":0.232566415564268,""start_week"":34,""duration_weeks"":1,""recovery_weeks"":1},{""target"":""S1A"",""magnitude"":0.37538152638584565,""start_week"":37,""duration_weeks"":1,""recovery_weeks"":4},{""target"":""S1A"",""magnitude"":0.2552433132902575,""start_week"":40,""duration_weeks"":5,""recovery_weeks"":1}]"
A,314,326,Independent baseline,False,,False,Non-failure,Unclassified,Unclassified,1,1.0,0.0,True,False,False,False,False,"[{""target"":""T2P"",""magnitude"":0.2534279292299517,""start_week"":23,""duration_weeks"":1,""recovery_weeks"":2}]"
A,314,327,Independent baseline,False,,False,Non-failure,Unclassified,Unclassified,3,0.9284849015339881,128.72717723882147,True,False,False,True,False,"[{""target"":""S1B"",""magnitude"":0.4109089715485269,""start_week"":27,""duration_weeks"":1,""recovery_weeks"":3},{""target"":""T2P"",""magnitude"":0.3068860117193669,""start_week"":32,""duration_weeks"":1,""recovery_weeks"":1},{""target"":""demand"",""magnitude"":0.22026076010710138,""start_week"":44,""duration_weeks"":2,""recovery_weeks"":2}]"
A,314,328,Independent baseline,True,True,False,Structural,Concentrated dependency,Concentrated dependency,2,0.8689695548656007,367.2277523285976,False,True,False,False,True,"[{""target"":""corridor"",""magnitude"":0.34827283385079943,""start_week"":3,""duration_weeks"":2,""recovery_weeks"":4},{""target"":""S1C"",""magnitude"":0.2522661917830691,""start_week"":8,""duration_weeks"":1,""recovery_weeks"":1}]"
A,314,329,Independent baseline,True,True,True,Structural,Concentrated dependency; Propagation-amplified cascade,Propagation-amplified cascade,3,0.8169520133269597,584.9138990668415,True,False,False,False,True,"[{""target"":""S1C"",""magnitude"":0.2508746679507177,""start_week"":9,""duration_weeks"":1,""recovery_weeks"":2},{""target"":""T2P"",""magnitude"":0.35299091734098187,""start_week"":21,""duration_weeks"":2,""recovery_weeks"":4},{""target"":""S1C"",""magnitude"":0.4878351956068687,""start_week"":28,""duration_weeks"":2,""recovery_weeks"":1}]"
A,314,330,Independent baseline,True,False,True,Adaptation-limited,Concentrated dependency; Hidden convergent dependency; Propagation-amplified cascade,Hidden convergent dependency,2,0.6421446159508254,1503.3751487107613,True,True,False,False,False,"[{""target"":""T2P"",""magnitude"":0.4220698456442571,""start_week"":22,""duration_weeks"":3,""recovery_weeks"":2},{""target"":""corridor"",""magnitude"":0.47335023425322353,""start_week"":31,""duration_weeks"":2,""recovery_weeks"":2}]"
A,314,331,Independent baseline,False,,False,Non-failure,Unclassified,Unclassified,2,0.9019785263658882,95.57093679325908,True,False,False,False,True,"[{""target"":""T2P"",""magnitude"":0.21470322104511674,""start_week"":24,""duration_weeks"":5,""recovery_weeks"":2},{""target"":""S1C"",""magnitude"":0.3628069425238093,""start_week"":41,""duration_weeks"":1,""recovery_weeks"":1}]"
A,314,332,Independent baseline,True,True,True,Structural,Concentrated dependency; Hidden convergent dependency; Propagation-amplified cascade,Hidden convergent dependency,5,0.640411488681781,907.6542447428085,True,True,True,False,False,"[{""target"":""T2P"",""magnitude"":0.3679423741238014,""start_week"":4,""duration_weeks"":4,""recovery_weeks"":3},{""target"":""S1A"",""magnitude"":0.4270289065091537,""start_week"":16,""duration_weeks"":8,""recovery_weeks"":3},{""target"":""S1A"",""magnitude"":0.34634302369205905,""start_week"":33,""duration_weeks"":2,""recovery_weeks"":1},{""target"":""corridor"",""magnitude"":0.3421121155022099,""start_week"":39,""duration_weeks"":2,""recovery_weeks"":3},{""target"":""corridor"",""magnitude"":0.3777783372528425,""start_week"":42,""duration_weeks"":1,""recovery_weeks"":3}]"
A,314,333,Independent baseline,True,True,True,Structural,Concentrated dependency; Hidden convergent dependency; Propagation-amplified cascade,Hidden convergent dependency,4,0.35533510317470907,5032.456263893202,True,True,False,False,False,"[{""target"":""corridor"",""magnitude"":0.23728517578368702,""start_week"":5,""duration_weeks"":12,""recovery_weeks"":3},{""target"":""T2P"",""magnitude"":0.3918693361715706,""start_week"":30,""duration_weeks"":2,""recovery_weeks"":2},{""target"":""T2P"",""magnitude"":0.4843888009437096,""start_week"":35,""duration_weeks"":5,""recovery_weeks"":3},{""target"":""T2P"",""magnitude"":0.3797621280481056,""start_week"":40,""duration_weeks"":8,""recovery_weeks"":1}]"
A,314,334,Independent baseline,False,,False,Non-failure,Unclassified,Unclassified,1,0.9184918611359392,79.86714752913599,False,False,False,False,False,"[{""target"":""demand"",""magnitude"":0.08874127503237328,""start_week"":11,""duration_weeks"":1,""recovery_weeks"":3}]"
A,314,335,Independent baseline,False,,False,Non-failure,Unclassified,Unclassified,3,0.814286082828621,220.3716728329723,False,False,True,False,False,"[{""target"":""demand"",""magnitude"":0.22806961961852107,""start_week"":9,""duration_weeks"":1,""recovery_weeks"":2},{""target"":""demand"",""magnitude"":0.18785741803381512,""start_week"":12,""duration_weeks"":2,""recovery_weeks"":2},{""target"":""S1A"",""magnitude"":0.3049601146345678,""start_week"":39,""duration_weeks"":5,""recovery_weeks"":3}]"
A,314,336,Independent baseline,True,False,True,Adaptation-limited,Concentrated dependency,Concentrated dependency,1,0.7481907878065255,1359.7697458447612,False,True,False,False,False,"[{""target"":""corridor"",""magnitude"":0.4388569091451058,""start_week"":36,""duration_weeks"":5,""recovery_weeks"":1}]"
A,314,337,Independent baseline,False,,False,Non-failure,Unclassified,Unclassified,3,0.9093984264052493,167.26262413701784,False,False,False,True,True,"[{""target"":""S1C"",""magnitude"":0.33625255154484524,""start_week"":19,""duration_weeks"":4,""recovery_weeks"":2},{""target"":""S1B"",""magnitude"":0.45385354058818916,""start_week"":45,""duration_weeks"":2,""recovery_weeks"":1},{""target"":""S1B"",""magnitude"":0.3816315842926028,""start_week"":49,""duration_weeks"":1,""recovery_weeks"":3}]"
A,314,338,Independent baseline,True,True,False,Structural,Concentrated dependency,Concentrated dependency,1,0.8755421424595081,336.0362153593279,False,True,False,False,False,"[{""target"":""corridor"",""magnitude"":0.3433433931553689,""start_week"":44,""duration_weeks"":2,""recovery_weeks"":3}]"
A,314,339,Independent baseline,False,,False,Non-failure,Unclassified,Unclassified,4,0.8309284045413668,183.12580853070904,True,True,False,False,True,"[{""target"":""demand"",""magnitude"":0.20347312058967681,""start_week"":13,""duration_weeks"":3,""recovery_weeks"":1},{""target"":""S1C"",""magnitude"":0.2906000490034264,""start_week"":30,""duration_weeks"":1,""recovery_weeks"":2},{""target"":""T2P"",""magnitude"":0.404913500881505,""start_week"":32,""duration_weeks"":1,""recovery_weeks"":2},{""target"":""corridor"",""magnitude"":0.32227977446103717,""start_week"":42,""duration_weeks"":1,""recovery_weeks"":1}]"
A,314,340,Independent baseline,True,True,True,Structural,Concentrated dependency; Propagation-amplified cascade,Propagation-amplified cascade,4,0.7728220404326301,923.0512853758876,True,True,True,False,True,"[{""target"":""S1A"",""magnitude"":0.31636591887570475,""start_week"":18,""duration_weeks"":14,""recovery_weeks"":3},{""target"":""S1C"",""magnitude"":0.3003538693557334,""start_week"":30,""duration_weeks"":10,""recovery_weeks"":2},{""target"":""T2P"",""magnitude"":0.3825680172263482,""start_week"":31,""duration_weeks"":2,""recovery_weeks"":3},{""target"":""corridor"",""magnitude"":0.4203834696755274,""start_week"":32,""duration_weeks"":3,""recovery_weeks"":2}]"
A,314,341,Independent baseline,False,,False,Non-failure,Unclassified,Unclassified,1,0.9575422734578127,38.21195388796855,True,False,False,False,False,"[{""target"":""T2P"",""magnitude"":0.3752847815551875,""start_week"":3,""duration_weeks"":1,""recovery_weeks"":2}]"
A,314,342,Independent baseline,False,,False,Non-failure,Unclassified,Unclassified,3,0.8908020714336112,110.32544586653933,False,False,True,False,False,"[{""target"":""S1A"",""magnitude"":0.23710793442038722,""start_week"":5,""duration_weeks"":2,""recovery_weeks"":1},{""target"":""demand"",""magnitude"":0.12258382874059914,""start_week"":34,""duration_weeks"":2,""recovery_weeks"":1},{""target"":""demand"",""magnitude"":0.13169075669072874,""start_week"":43,""duration_weeks"":9,""recovery_weeks"":4}]"
A,314,343,Independent baseline,False,,False,Non-failure,Unclassified,Unclassified,1,1.0,0.0,True,False,False,False,False,"[{""target"":""T2P"",""magnitude"":0.32464336484657574,""start_week"":5,""duration_weeks"":1,""recovery_weeks"":1}]"
A,314,344,Independent baseline,False,,False,Non-failure,Unclassified,Unclassified,0,1.0,0.0,False,False,False,False,False,[]
A,314,345,Independent baseline,False,,False,Non-failure,Unclassified,Unclassified,2,0.9560164216991219,42.67746088305307,False,True,False,False,False,"[{""target"":""corridor"",""magnitude"":0.2615112372311424,""start_week"":24,""duration_weeks"":1,""recovery_weeks"":1},{""target"":""demand"",""magnitude"":0.07811603359754965,""start_week"":45,""duration_weeks"":1,""recovery_weeks"":3}]"
A,314,346,Independent baseline,True,True,True,Structural,Concentrated dependency; Hidden convergent dependency; Propagation-amplified cascade,Hidden convergent dependency,2,0.48728538915184855,1787.9373236983502,True,False,False,False,True,"[{""target"":""S1C"",""magnitude"":0.23999963350730902,""start_week"":8,""duration_weeks"":1,""recovery_weeks"":1},{""target"":""T2P"",""magnitude"":0.5614431497633363,""start_week"":18,""duration_weeks"":3,""recovery_weeks"":4}]"
A,314,347,Independent baseline,True,True,True,Structural,Concentrated dependency; Propagation-amplified cascade,Propagation-amplified cascade,4,0.6026323956990963,1255.7756007405421,True,True,False,True,False,"[{""target"":""corridor"",""magnitude"":0.5480257032256778,""start_week"":24,""duration_weeks"":2,""recovery_weeks"":1},{""target"":""T2P"",""magnitude"":0.5853620601624526,""start_week"":25,""duration_weeks"":1,""recovery_weeks"":3},{""target"":""T2P"",""magnitude"":0.27102928819118527,""start_week"":31,""duration_weeks"":1,""recovery_weeks"":1},{""target"":""S1B"",""magnitude"":0.2750163690136542,""start_week"":32,""duration_weeks"":1,""recovery_weeks"":3}]"
A,314,348,Independent baseline,True,True,False,Structural,Concentrated dependency,Concentrated dependency,3,0.8705193160082255,233.06523118519408,False,True,False,True,False,"[{""target"":""corridor"",""magnitude"":0.3471105129938309,""start_week"":1,""duration_weeks"":1,""recovery_weeks"":3},{""target"":""corridor"",""magnitude"":0.3281294628150755,""start_week"":17,""duration_weeks"":1,""recovery_weeks"":1},{""target"":""S1B"",""magnitude"":0.4387519239213451,""start_week"":50,""duration_weeks"":15,""recovery_weeks"":4}]"
A,314,349,Independent baseline,True,True,False,Structural,Concentrated dependency; Hidden convergent dependency; Propagation-amplified cascade,Hidden convergent dependency,2,0.8070092680441039,306.91403519778,True,True,False,False,False,"[{""target"":""corridor"",""magnitude"":0.30634829890169124,""start_week"":10,""duration_weeks"":1,""recovery_weeks"":2},{""target"":""T2P"",""magnitude"":0.27369165876030654,""start_week"":33,""duration_weeks"":5,""recovery_weeks"":1}]"
A,314,350,Independent baseline,False,,False,Non-failure,Unclassified,Unclassified,0,1.0,0.0,False,False,False,False,False,[]
A,314,351,Independent baseline,False,,False,Non-failure,Unclassified,Unclassified,1,0.8846889192689369,117.30673957543809,False,False,False,False,False,"[{""target"":""demand"",""magnitude"":0.13034082175048678,""start_week"":5,""duration_weeks"":3,""recovery_weeks"":3}]"
A,314,352,Independent baseline,False,,False,Non-failure,Unclassified,Unclassified,0,1.0,0.0,False,False,False,False,False,[]
A,314,353,Independent baseline,False,,False,Non-failure,Unclassified,Unclassified,3,0.9008570624211367,219.66469003796146,False,True,False,True,False,"[{""target"":""S1B"",""magnitude"":0.2738925441628492,""start_week"":10,""duration_weeks"":7,""recovery_weeks"":1},{""target"":""corridor"",""magnitude"":0.26030587953569106,""start_week"":13,""duration_weeks"":3,""recovery_weeks"":3},{""target"":""demand"",""magnitude"":0.19857210328243402,""start_week"":44,""duration_weeks"":5,""recovery_weeks"":3}]"
A,314,354,Independent baseline,True,True,True,Structural,Concentrated dependency,Concentrated dependency,2,0.6493277477403454,1057.21843245686,False,True,False,False,False,"[{""target"":""corridor"",""magnitude"":0.5130041891947409,""start_week"":14,""duration_weeks"":2,""recovery_weeks"":3},{""target"":""corridor"",""magnitude"":0.35912494073329937,""start_week"":44,""duration_weeks"":1,""recovery_weeks"":1}]"
A,314,355,Independent baseline,False,,False,Non-failure,Unclassified,Unclassified,2,0.9124046049528682,123.67563231753581,False,False,False,True,False,"[{""target"":""S1B"",""magnitude"":0.38250960605450257,""start_week"":21,""duration_weeks"":6,""recovery_weeks"":4},{""target"":""demand"",""magnitude"":0.17011473285407397,""start_week"":38,""duration_weeks"":1,""recovery_weeks"":3}]"
A,314,356,Independent baseline,True,False,True,Adaptation-limited,Concentrated dependency,Concentrated dependency,1,0.7884964882384411,951.7658029270149,False,True,False,False,False,"[{""target"":""corridor"",""magnitude"":0.4086276338211692,""start_week"":46,""duration_weeks"":6,""recovery_weeks"":4}]"
A,314,357,Independent baseline,True,True,True,Structural,Concentrated dependency; Propagation-amplified cascade,Propagation-amplified cascade,3,0.40438768389469837,4036.373288159116,True,True,False,False,False,"[{""target"":""T2P"",""magnitude"":0.3069888179274678,""start_week"":9,""duration_weeks"":1,""recovery_weeks"":3},{""target"":""corridor"",""magnitude"":0.49008012450497374,""start_week"":15,""duration_weeks"":1,""recovery_weeks"":4},{""target"":""corridor"",""magnitude"":0.5204433500388735,""start_week"":17,""duration_weeks"":8,""recovery_weeks"":3}]"
A,314,358,Independent baseline,True,True,True,Structural,Concentrated dependency,Concentrated dependency,4,0.6587401909510748,3127.409386387863,True,True,False,False,False,"[{""target"":""corridor"",""magnitude"":0.4222694346163455,""start_week"":4,""duration_weeks"":2,""recovery_weeks"":1},{""target"":""T2P"",""magnitude"":0.2272113077229627,""start_week"":14,""duration_weeks"":2,""recovery_weeks"":1},{""target"":""corridor"",""magnitude"":0.29867208267191553,""start_week"":25,""duration_weeks"":2,""recovery_weeks"":3},{""target"":""T2P"",""magnitude"":0.40713382814403265,""start_week"":26,""duration_weeks"":10,""recovery_weeks"":4}]"
A,314,359,Independent baseline,False,,False,Non-failure,Unclassified,Unclassified,2,0.9145321168289786,170.1379496358271,False,False,False,True,False,"[{""target"":""S1B"",""magnitude"":0.31104137152328654,""start_week"":17,""duration_weeks"":6,""recovery_weeks"":2},{""target"":""S1B"",""magnitude"":0.4423027371347982,""start_week"":42,""duration_weeks"":5,""recovery_weeks"":3}]"
A,314,360,Independent baseline,True,True,True,Structural,Concentrated dependency,Concentrated dependency,3,0.6745107257153871,1718.3412324052995,False,True,False,False,True,"[{""target"":""corridor"",""magnitude"":0.45324720313623934,""start_week"":15,""duration_weeks"":4,""recovery_weeks"":3},{""target"":""demand"",""magnitude"":0.08078893538497631,""start_week"":16,""duration_weeks"":8,""recovery_weeks"":2},{""target"":""S1C"",""magnitude"":0.4989872628558585,""start_week"":23,""duration_weeks"":1,""recovery_weeks"":3}]"
A,314,361,Independent baseline,False,,False,Non-failure,Unclassified,Unclassified,1,1.0,0.0,False,True,False,False,False,"[{""target"":""corridor"",""magnitude"":0.22555991965795952,""start_week"":47,""duration_weeks"":1,""recovery_weeks"":3}]"
A,314,362,Independent baseline,False,,False,Non-failure,Unclassified,Unclassified,2,0.9056230207952811,186.44270062669966,False,False,False,False,False,"[{""target"":""demand"",""magnitude"":0.10421221307055649,""start_week"":17,""duration_weeks"":13,""recovery_weeks"":2},{""target"":""demand"",""magnitude"":0.16426154482904642,""start_week"":40,""duration_weeks"":12,""recovery_weeks"":3}]"
A,314,363,Independent baseline,True,True,True,Structural,Concentrated dependency,Concentrated dependency,4,0.7592252223230112,650.09189972787,False,True,True,False,True,"[{""target"":""corridor"",""magnitude"":0.4305810832577416,""start_week"":7,""duration_weeks"":2,""recovery_weeks"":1},{""target"":""S1C"",""magnitude"":0.45945386354787443,""start_week"":11,""duration_weeks"":4,""recovery_weeks"":2},{""target"":""corridor"",""magnitude"":0.3742575971364084,""start_week"":25,""duration_weeks"":2,""recovery_weeks"":1},{""target"":""S1A"",""magnitude"":0.4074748586626813,""start_week"":47,""duration_weeks"":1,""recovery_weeks"":3}]"
A,314,364,Independent baseline,True,True,False,Structural,Compounding moderate disturbance,Compounding moderate disturbance,4,0.8826272264316896,335.6296737802677,True,True,True,False,False,"[{""target"":""T2P"",""magnitude"":0.23726864568990866,""start_week"":4,""duration_weeks"":1,""recovery_weeks"":2},{""target"":""corridor"",""magnitude"":0.26611956735383824,""start_week"":7,""duration_weeks"":1,""recovery_weeks"":2},{""target"":""demand"",""magnitude"":0.14083076613519158,""start_week"":33,""duration_weeks"":6,""recovery_weeks"":2},{""target"":""S1A"",""magnitude"":0.42922431332816813,""start_week"":35,""duration_weeks"":4,""recovery_weeks"":2}]"
A,314,365,Independent baseline,False,,False,Non-failure,Unclassified,Unclassified,3,0.8456548586828235,182.56620702201724,False,False,True,False,False,"[{""target"":""demand"",""magnitude"":0.1825155259647907,""start_week"":7,""duration_weeks"":1,""recovery_weeks"":4},{""target"":""demand"",""magnitude"":0.17059173037152348,""start_week"":28,""duration_weeks"":1,""recovery_weeks"":4},{""target"":""S1A"",""magnitude"":0.4462471284715699,""start_week"":45,""duration_weeks"":4,""recovery_weeks"":2}]"
A,314,366,Independent baseline,False,,False,Non-failure,Unclassified,Unclassified,2,1.0,0.0,False,True,False,False,False,"[{""target"":""corridor"",""magnitude"":0.19243256024813848,""start_week"":16,""duration_weeks"":7,""recovery_weeks"":1},{""target"":""corridor"",""magnitude"":0.24893977916309606,""start_week"":29,""duration_weeks"":2,""recovery_weeks"":1}]"
A,314,367,Independent baseline,True,False,True,Adaptation-limited,Concentrated dependency,Concentrated dependency,2,0.6845002760119494,1031.3580724672465,False,True,True,False,False,"[{""target"":""S1A"",""magnitude"":0.30193313000946975,""start_week"":25,""duration_weeks"":3,""recovery_weeks"":4},{""target"":""corridor"",""magnitude"":0.486624792991038,""start_week"":27,""duration_weeks"":2,""recovery_weeks"":4}]"
A,314,368,Independent baseline,False,,False,Non-failure,Unclassified,Unclassified,6,0.9297055537838779,103.36966947385383,True,False,False,True,False,"[{""target"":""demand"",""magnitude"":0.07560936463165746,""start_week"":29,""duration_weeks"":1,""recovery_weeks"":3},{""target"":""demand"",""magnitude"":0.12282377307936031,""start_week"":31,""duration_weeks"":1,""recovery_weeks"":3},{""target"":""S1B"",""magnitude"":0.3286814259663382,""start_week"":36,""duration_weeks"":2,""recovery_weeks"":4},{""target"":""demand"",""magnitude"":0.15650478326983652,""start_week"":42,""duration_weeks"":10,""recovery_weeks"":4},{""target"":""S1B"",""magnitude"":0.26901424553623043,""start_week"":45,""duration_weeks"":1,""recovery_weeks"":4},{""target"":""T2P"",""magnitude"":0.4595163036982892,""start_week"":51,""duration_weeks"":4,""recovery_weeks"":1}]"
A,314,369,Independent baseline,True,True,True,Structural,Concentrated dependency,Concentrated dependency,4,0.7144101707058866,1478.693653408111,False,True,False,False,True,"[{""target"":""S1C"",""magnitude"":0.2578937114158816,""start_week"":29,""duration_weeks"":3,""recovery_weeks"":1},{""target"":""corridor"",""magnitude"":0.35584451547856333,""start_week"":42,""duration_weeks"":3,""recovery_weeks"":4},{""target"":""corridor"",""magnitude"":0.3482275452976736,""start_week"":47,""duration_weeks"":3,""recovery_weeks"":1},{""target"":""corridor"",""magnitude"":0.17741267915293724,""start_week"":49,""duration_weeks"":1,""recovery_weeks"":1}]"
A,314,370,Independent baseline,True,False,False,Adaptation-limited,Concentrated dependency; Propagation-amplified cascade,Propagation-amplified cascade,3,0.8120421180323842,431.91168057891036,True,True,False,False,True,"[{""target"":""T2P"",""magnitude"":0.3703863461953113,""start_week"":6,""duration_weeks"":1,""recovery_weeks"":1},{""target"":""S1C"",""magnitude"":0.34465999633666644,""start_week"":19,""duration_weeks"":3,""recovery_weeks"":2},{""target"":""corridor"",""magnitude"":0.3909684114757118,""start_week"":28,""duration_weeks"":2,""recovery_weeks"":3}]"
A,314,371,Independent baseline,True,True,True,Structural,Concentrated dependency; Hidden convergent dependency; Propagation-amplified cascade,Hidden convergent dependency,5,0.778967910108298,1509.3416385000116,True,True,False,False,True,"[{""target"":""T2P"",""magnitude"":0.2989288809025319,""start_week"":5,""duration_weeks"":9,""recovery_weeks"":3},{""target"":""S1C"",""magnitude"":0.2596758269899027,""start_week"":13,""duration_weeks"":8,""recovery_weeks"":3},{""target"":""corridor"",""magnitude"":0.3509163210763281,""start_week"":23,""duration_weeks"":1,""recovery_weeks"":3},{""target"":""demand"",""magnitude"":0.21324273175504516,""start_week"":42,""duration_weeks"":3,""recovery_weeks"":1},{""target"":""corridor"",""magnitude"":0.194933322642402,""start_week"":47,""duration_weeks"":1,""recovery_weeks"":3}]"
A,314,372,Independent baseline,True,True,False,Structural,Concentrated dependency; Propagation-amplified cascade,Propagation-amplified cascade,3,0.8712085065050873,240.90753461039253,True,False,False,True,True,"[{""target"":""T2P"",""magnitude"":0.2449842001594158,""start_week"":24,""duration_weeks"":1,""recovery_weeks"":4},{""target"":""S1B"",""magnitude"":0.5397808603635535,""start_week"":44,""duration_weeks"":1,""recovery_weeks"":4},{""target"":""S1C"",""magnitude"":0.21446509064739333,""start_week"":45,""duration_weeks"":5,""recovery_weeks"":2}]"
A,314,373,Independent baseline,True,True,False,Structural,Concentrated dependency,Concentrated dependency,2,0.8545316208103995,692.2014055305262,False,False,True,False,False,"[{""target"":""S1A"",""magnitude"":0.4059750555536903,""start_week"":17,""duration_weeks"":4,""recovery_weeks"":1},{""target"":""demand"",""magnitude"":0.258179319861748,""start_week"":27,""duration_weeks"":6,""recovery_weeks"":4}]"
A,314,374,Independent baseline,False,,False,Non-failure,Unclassified,Unclassified,0,1.0,0.0,False,False,False,False,False,[]
A,314,375,Independent baseline,False,,False,Non-failure,Unclassified,Unclassified,3,0.7163671387545743,315.3731617753954,True,False,False,False,False,"[{""target"":""T2P"",""magnitude"":0.34151660471738676,""start_week"":15,""duration_weeks"":2,""recovery_weeks"":1},{""target"":""T2P"",""magnitude"":0.3552695751208831,""start_week"":25,""duration_weeks"":1,""recovery_weeks"":1},{""target"":""demand"",""magnitude"":0.21126899854526066,""start_week"":26,""duration_weeks"":1,""recovery_weeks"":1}]"
A,314,376,Independent baseline,True,True,False,Structural,Concentrated dependency,Concentrated dependency,1,0.8745334451366309,225.8397987540643,False,False,False,False,True,"[{""target"":""S1C"",""magnitude"":0.5322997484425804,""start_week"":49,""duration_weeks"":1,""recovery_weeks"":2}]"
A,314,377,Independent baseline,True,True,True,Structural,Concentrated dependency; Propagation-amplified cascade,Propagation-amplified cascade,5,0.71158999808293,1104.0958896921786,True,True,False,True,False,"[{""target"":""T2P"",""magnitude"":0.35956900172536305,""start_week"":1,""duration_weeks"":4,""recovery_weeks"":2},{""target"":""corridor"",""magnitude"":0.2765851120385652,""start_week"":2,""duration_weeks"":1,""recovery_weeks"":4},{""target"":""corridor"",""magnitude"":0.3958336003228373,""start_week"":7,""duration_weeks"":3,""recovery_weeks"":4},{""target"":""S1B"",""magnitude"":0.5534428322220658,""start_week"":34,""duration_weeks"":4,""recovery_weeks"":4},{""target"":""demand"",""magnitude"":0.055696417201154924,""start_week"":39,""duration_weeks"":8,""recovery_weeks"":2}]"
A,314,378,Independent baseline,True,True,True,Structural,Compounding moderate disturbance,Compounding moderate disturbance,6,0.7029395828879308,1513.856549053383,False,True,False,False,False,"[{""target"":""corridor"",""magnitude"":0.20446319809770547,""start_week"":2,""duration_weeks"":3,""recovery_weeks"":3},{""target"":""corridor"",""magnitude"":0.2872316268237875,""start_week"":3,""duration_weeks"":7,""recovery_weeks"":2},{""target"":""demand"",""magnitude"":0.08895885574506256,""start_week"":27,""duration_weeks"":3,""recovery_weeks"":2},{""target"":""corridor"",""magnitude"":0.35416775050477456,""start_week"":29,""duration_weeks"":2,""recovery_weeks"":2},{""target"":""corridor"",""magnitude"":0.39135821467249815,""start_week"":33,""duration_weeks"":4,""recovery_weeks"":2},{""target"":""demand"",""magnitude"":0.15446960192886125,""start_week"":36,""duration_weeks"":1,""recovery_weeks"":1}]"
A,314,379,Independent baseline,False,,False,Non-failure,Unclassified,Unclassified,3,0.8918735994381081,130.59856521210168,False,False,True,False,False,"[{""target"":""demand"",""magnitude"":0.08963484239167016,""start_week"":2,""duration_weeks"":3,""recovery_weeks"":2},{""target"":""S1A"",""magnitude"":0.49328440126425666,""start_week"":33,""duration_weeks"":2,""recovery_weeks"":1},{""target"":""demand"",""magnitude"":0.19842879374325118,""start_week"":51,""duration_weeks"":1,""recovery_weeks"":2}]"
A,314,380,Independent baseline,True,True,True,Structural,Concentrated dependency,Concentrated dependency,2,0.6553407779274211,4919.607601650855,True,True,False,False,False,"[{""target"":""corridor"",""magnitude"":0.43992814344621656,""start_week"":17,""duration_weeks"":12,""recovery_weeks"":4},{""target"":""T2P"",""magnitude"":0.41019329986532105,""start_week"":36,""duration_weeks"":8,""recovery_weeks"":2}]"
A,314,381,Independent baseline,False,,False,Non-failure,Unclassified,Unclassified,2,0.9481054323187045,58.3642374225883,False,True,False,False,False,"[{""target"":""corridor"",""magnitude"":0.2597273729037647,""start_week"":9,""duration_weeks"":4,""recovery_weeks"":2},{""target"":""demand"",""magnitude"":0.12313368998166126,""start_week"":35,""duration_weeks"":1,""recovery_weeks"":2}]"
A,314,382,Independent baseline,False,,False,Non-failure,Unclassified,Unclassified,0,1.0,0.0,False,False,False,False,False,[]
A,314,383,Independent baseline,True,False,False,Adaptation-limited,Hidden convergent dependency; Compounding moderate disturbance; Propagation-amplified cascade,Hidden convergent dependency,4,0.8172375426491676,469.8255580132957,True,True,False,False,False,"[{""target"":""demand"",""magnitude"":0.11107887753382925,""start_week"":8,""duration_weeks"":5,""recovery_weeks"":1},{""target"":""T2P"",""magnitude"":0.25940657807842304,""start_week"":12,""duration_weeks"":4,""recovery_weeks"":3},{""target"":""corridor"",""magnitude"":0.260134340799105,""start_week"":14,""duration_weeks"":4,""recovery_weeks"":1},{""target"":""corridor"",""magnitude"":0.3870718430131245,""start_week"":45,""duration_weeks"":1,""recovery_weeks"":3}]"
A,314,384,Independent baseline,False,,False,Non-failure,Unclassified,Unclassified,1,0.9025712546182224,97.15118933262511,False,False,False,False,False,"[{""target"":""demand"",""magnitude"":0.1079457659251388,""start_week"":4,""duration_weeks"":1,""recovery_weeks"":3}]"
A,314,385,Independent baseline,True,True,True,Structural,Concentrated dependency; Hidden convergent dependency; Propagation-amplified cascade,Hidden convergent dependency,3,0.7237856123047953,712.4728227677329,True,False,True,False,True,"[{""target"":""S1A"",""magnitude"":0.3585719368380121,""start_week"":24,""duration_weeks"":6,""recovery_weeks"":1},{""target"":""S1C"",""magnitude"":0.3878574561951772,""start_week"":29,""duration_weeks"":2,""recovery_weeks"":3},{""target"":""T2P"",""magnitude"":0.34859294892568427,""start_week"":36,""duration_weeks"":4,""recovery_weeks"":4}]"
A,314,386,Independent baseline,True,False,True,Adaptation-limited,Compounding moderate disturbance,Compounding moderate disturbance,3,0.81230438519217,642.7037859118179,False,True,False,False,False,"[{""target"":""corridor"",""magnitude"":0.26135238123949917,""start_week"":9,""duration_weeks"":4,""recovery_weeks"":1},{""target"":""demand"",""magnitude"":0.2124315830791373,""start_week"":12,""duration_weeks"":5,""recovery_weeks"":3},{""target"":""corridor"",""magnitude"":0.2036499306583833,""start_week"":31,""duration_weeks"":2,""recovery_weeks"":1}]"
A,314,387,Independent baseline,True,True,True,Structural,Concentrated dependency,Concentrated dependency,3,0.4264497315900189,3303.9203251373915,True,True,False,True,False,"[{""target"":""S1B"",""magnitude"":0.5234850068432682,""start_week"":17,""duration_weeks"":15,""recovery_weeks"":1},{""target"":""corridor"",""magnitude"":0.31789905633557725,""start_week"":23,""duration_weeks"":3,""recovery_weeks"":3},{""target"":""T2P"",""magnitude"":0.616195241568983,""start_week"":40,""duration_weeks"":7,""recovery_weeks"":3}]"
A,314,388,Independent baseline,False,,False,Non-failure,Unclassified,Unclassified,2,0.8509801608744516,203.22781852662172,False,False,False,False,True,"[{""target"":""S1C"",""magnitude"":0.2230756930548638,""start_week"":12,""duration_weeks"":8,""recovery_weeks"":4},{""target"":""demand"",""magnitude"":0.1751155267502575,""start_week"":38,""duration_weeks"":6,""recovery_weeks"":2}]"
A,314,389,Independent baseline,True,True,True,Structural,Concentrated dependency; Hidden convergent dependency; Propagation-amplified cascade,Hidden convergent dependency,6,0.4541504146188665,3489.6161815653904,True,False,False,False,False,"[{""target"":""T2P"",""magnitude"":0.44274664302714184,""start_week"":14,""duration_weeks"":3,""recovery_weeks"":2},{""target"":""T2P"",""magnitude"":0.26651788088395884,""start_week"":16,""duration_weeks"":5,""recovery_weeks"":2},{""target"":""T2P"",""magnitude"":0.3968426965616403,""start_week"":32,""duration_weeks"":7,""recovery_weeks"":1},{""target"":""T2P"",""magnitude"":0.18685860882943567,""start_week"":42,""duration_weeks"":2,""recovery_weeks"":3},{""target"":""T2P"",""magnitude"":0.3682807782367038,""start_week"":48,""duration_weeks"":2,""recovery_weeks"":4},{""target"":""demand"",""magnitude"":0.06618272281052225,""start_week"":51,""duration_weeks"":1,""recovery_weeks"":2}]"
A,314,390,Independent baseline,True,True,False,Structural,Concentrated dependency,Concentrated dependency,2,0.8028589258529433,412.9241585139654,False,True,False,False,False,"[{""target"":""corridor"",""magnitude"":0.39785580561029255,""start_week"":13,""duration_weeks"":1,""recovery_weeks"":4},{""target"":""corridor"",""magnitude"":0.3811185050973175,""start_week"":41,""duration_weeks"":1,""recovery_weeks"":1}]"
A,314,391,Independent baseline,True,True,True,Structural,Concentrated dependency,Concentrated dependency,4,0.4895654898637085,3436.433302028562,False,True,False,False,False,"[{""target"":""corridor"",""magnitude"":0.21056450273744828,""start_week"":5,""duration_weeks"":2,""recovery_weeks"":1},{""target"":""corridor"",""magnitude"":0.34938073976919315,""start_week"":17,""duration_weeks"":16,""recovery_weeks"":3},{""target"":""corridor"",""magnitude"":0.58442829993719,""start_week"":35,""duration_weeks"":2,""recovery_weeks"":3},{""target"":""demand"",""magnitude"":0.12164031079861713,""start_week"":46,""duration_weeks"":1,""recovery_weeks"":4}]"
A,314,392,Independent baseline,False,,False,Non-failure,Unclassified,Unclassified,6,0.8768688873434707,126.37921471544792,True,True,True,False,False,"[{""target"":""T2P"",""magnitude"":0.21784068104596518,""start_week"":12,""duration_weeks"":1,""recovery_weeks"":2},{""target"":""demand"",""magnitude"":0.14042134968383108,""start_week"":21,""duration_weeks"":1,""recovery_weeks"":2},{""target"":""S1A"",""magnitude"":0.4880398855337921,""start_week"":29,""duration_weeks"":2,""recovery_weeks"":1},{""target"":""demand"",""magnitude"":0.14578602846297267,""start_week"":40,""duration_weeks"":2,""recovery_weeks"":2},{""target"":""demand"",""magnitude"":0.19302406432793612,""start_week"":43,""duration_weeks"":1,""recovery_weeks"":2},{""target"":""corridor"",""magnitude"":0.23272501458884864,""start_week"":51,""duration_weeks"":2,""recovery_weeks"":2}]"
A,314,393,Independent baseline,False,,False,Non-failure,Unclassified,Unclassified,4,0.9130725066014699,720.17471769189,False,True,False,True,False,"[{""target"":""corridor"",""magnitude"":0.21426750316959964,""start_week"":11,""duration_weeks"":1,""recovery_weeks"":1},{""target"":""S1B"",""magnitude"":0.3710664946643276,""start_week"":41,""duration_weeks"":19,""recovery_weeks"":2},{""target"":""corridor"",""magnitude"":0.2360816610500715,""start_week"":44,""duration_weeks"":7,""recovery_weeks"":3},{""target"":""demand"",""magnitude"":0.11484659720633526,""start_week"":45,""duration_weeks"":9,""recovery_weeks"":4}]"
A,314,394,Independent baseline,True,True,False,Structural,Concentrated dependency; Propagation-amplified cascade,Propagation-amplified cascade,2,0.8970054776098455,185.39014030227804,True,False,True,False,False,"[{""target"":""T2P"",""magnitude"":0.17696567821808548,""start_week"":37,""duration_weeks"":1,""recovery_weeks"":2},{""target"":""S1A"",""magnitude"":0.4817376753778475,""start_week"":45,""duration_weeks"":1,""recovery_weeks"":3}]"
A,314,395,Independent baseline,True,True,False,Structural,Compounding moderate disturbance,Compounding moderate disturbance,5,0.7335959148580371,1091.6685514073888,False,True,False,False,False,"[{""target"":""demand"",""magnitude"":0.15481366902459537,""start_week"":13,""duration_weeks"":2,""recovery_weeks"":1},{""target"":""corridor"",""magnitude"":0.30273715914040555,""start_week"":27,""duration_weeks"":6,""recovery_weeks"":1},{""target"":""demand"",""magnitude"":0.08022255486133648,""start_week"":30,""duration_weeks"":7,""recovery_weeks"":1},{""target"":""demand"",""magnitude"":0.11322439864453,""start_week"":35,""duration_weeks"":4,""recovery_weeks"":4},{""target"":""demand"",""magnitude"":0.13356685408517213,""start_week"":37,""duration_weeks"":3,""recovery_weeks"":1}]"
A,314,396,Independent baseline,True,True,False,Structural,Hidden convergent dependency; Compounding moderate disturbance; Propagation-amplified cascade; Recovery lag and temporal overlap,Hidden convergent dependency,5,0.8321582672713325,372.57051787548494,True,True,False,True,False,"[{""target"":""S1B"",""magnitude"":0.37125200236621697,""start_week"":11,""duration_weeks"":1,""recovery_weeks"":2},{""target"":""S1B"",""magnitude"":0.3284116150148859,""start_week"":13,""duration_weeks"":4,""recovery_weeks"":3},{""target"":""T2P"",""magnitude"":0.37743767099565895,""start_week"":14,""duration_weeks"":1,""recovery_weeks"":4},{""target"":""corridor"",""magnitude"":0.34980397186554,""start_week"":33,""duration_weeks"":1,""recovery_weeks"":3},{""target"":""demand"",""magnitude"":0.12457364082985735,""start_week"":37,""duration_weeks"":7,""recovery_weeks"":1}]"
A,314,397,Independent baseline,True,True,True,Structural,Concentrated dependency,Concentrated dependency,5,0.6641759595858303,1584.1434150800378,True,True,False,True,False,"[{""target"":""S1B"",""magnitude"":0.517173622775636,""start_week"":5,""duration_weeks"":2,""recovery_weeks"":1},{""target"":""T2P"",""magnitude"":0.37013798556183464,""start_week"":11,""duration_weeks"":6,""recovery_weeks"":1},{""target"":""corridor"",""magnitude"":0.442098920474121,""start_week"":31,""duration_weeks"":1,""recovery_weeks"":4},{""target"":""corridor"",""magnitude"":0.3605088586998466,""start_week"":34,""duration_weeks"":3,""recovery_weeks"":1},{""target"":""corridor"",""magnitude"":0.30696666215710383,""start_week"":51,""duration_weeks"":2,""recovery_weeks"":4}]"
A,314,398,Independent baseline,True,True,False,Structural,Hidden convergent dependency; Compounding moderate disturbance; Recovery lag and temporal overlap,Hidden convergent dependency,3,0.7662241393100342,665.5915080157777,True,False,False,True,False,"[{""target"":""T2P"",""magnitude"":0.2167762792607698,""start_week"":11,""duration_weeks"":1,""recovery_weeks"":4},{""target"":""demand"",""magnitude"":0.30510114298992896,""start_week"":14,""duration_weeks"":2,""recovery_weeks"":2},{""target"":""S1B"",""magnitude"":0.23529378422027264,""start_week"":51,""duration_weeks"":2,""recovery_weeks"":1}]"
A,314,399,Independent baseline,True,True,True,Structural,Concentrated dependency; Propagation-amplified cascade,Propagation-amplified cascade,4,0.7208354914624816,1156.2402884188327,True,True,False,False,False,"[{""target"":""corridor"",""magnitude"":0.3101337685857527,""start_week"":4,""duration_weeks"":2,""recovery_weeks"":4},{""target"":""demand"",""magnitude"":0.07953894042376446,""start_week"":12,""duration_weeks"":3,""recovery_weeks"":3},{""target"":""T2P"",""magnitude"":0.36102375884364324,""start_week"":19,""duration_weeks"":2,""recovery_weeks"":4},{""target"":""corridor"",""magnitude"":0.45937338140313877,""start_week"":46,""duration_weeks"":12,""recovery_weeks"":4}]"
A,314,400,Independent baseline,True,True,False,Structural,Concentrated dependency; Hidden convergent dependency; Propagation-amplified cascade,Hidden convergent dependency,1,0.528489468028896,673.0784363219806,True,False,False,False,False,"[{""target"":""T2P"",""magnitude"":0.5243594787739935,""start_week"":45,""duration_weeks"":3,""recovery_weeks"":2}]"
A,314,401,Independent baseline,True,True,True,Structural,Concentrated dependency; Hidden convergent dependency,Hidden convergent dependency,2,0.6330392783584561,2008.4157781540498,True,False,False,False,False,"[{""target"":""demand"",""magnitude"":0.16796250844026658,""start_week"":5,""duration_weeks"":2,""recovery_weeks"":2},{""target"":""T2P"",""magnitude"":0.4302646494773895,""start_week"":35,""duration_weeks"":7,""recovery_weeks"":2}]"
A,314,402,Independent baseline,False,,False,Non-failure,Unclassified,Unclassified,2,0.7901584307656269,188.85741231093584,True,False,False,False,False,"[{""target"":""T2P"",""magnitude"":0.49442870615546797,""start_week"":3,""duration_weeks"":1,""recovery_weeks"":1},{""target"":""T2P"",""magnitude"":0.2732729495338734,""start_week"":19,""duration_weeks"":4,""recovery_weeks"":1}]"
A,314,403,Independent baseline,True,True,True,Structural,Concentrated dependency; Hidden convergent dependency; Propagation-amplified cascade,Hidden convergent dependency,3,0.5536252934560864,1057.626979757751,True,False,False,False,False,"[{""target"":""T2P"",""magnitude"":0.47588581325010193,""start_week"":33,""duration_weeks"":2,""recovery_weeks"":1},{""target"":""T2P"",""magnitude"":0.27341443526292236,""start_week"":43,""duration_weeks"":3,""recovery_weeks"":2},{""target"":""T2P"",""magnitude"":0.31424076076878965,""start_week"":46,""duration_weeks"":2,""recovery_weeks"":2}]"
A,314,404,Independent baseline,True,True,True,Structural,Concentrated dependency,Concentrated dependency,5,0.5713185876501774,999.894803353151,True,True,False,False,False,"[{""target"":""corridor"",""magnitude"":0.36485122563509126,""start_week"":7,""duration_weeks"":1,""recovery_weeks"":3},{""target"":""corridor"",""magnitude"":0.3253723253011339,""start_week"":8,""duration_weeks"":2,""recovery_weeks"":2},{""target"":""corridor"",""magnitude"":0.3057983095354112,""start_week"":31,""duration_weeks"":1,""recovery_weeks"":1},{""target"":""T2P"",""magnitude"":0.3511442912884071,""start_week"":34,""duration_weeks"":1,""recovery_weeks"":3},{""target"":""T2P"",""magnitude"":0.26171460970859173,""start_week"":35,""duration_weeks"":1,""recovery_weeks"":2}]"
A,314,405,Independent baseline,True,False,False,Adaptation-limited,Concentrated dependency; Hidden convergent dependency; Propagation-amplified cascade,Hidden convergent dependency,3,0.6608934961182993,723.3813407208878,True,False,False,True,False,"[{""target"":""T2P"",""magnitude"":0.16907795982580856,""start_week"":1,""duration_weeks"":1,""recovery_weeks"":4},{""target"":""T2P"",""magnitude"":0.4051958534935307,""start_week"":8,""duration_weeks"":3,""recovery_weeks"":2},{""target"":""S1B"",""magnitude"":0.25054762589306473,""start_week"":27,""duration_weeks"":1,""recovery_weeks"":1}]"
A,314,406,Independent baseline,False,,False,Non-failure,Unclassified,Unclassified,2,0.884119527167774,230.04697884302482,True,False,False,False,False,"[{""target"":""T2P"",""magnitude"":0.27238990073200475,""start_week"":20,""duration_weeks"":3,""recovery_weeks"":4},{""target"":""T2P"",""magnitude"":0.2747891808684897,""start_week"":49,""duration_weeks"":3,""recovery_weeks"":2}]"
A,314,407,Independent baseline,False,,False,Non-failure,Unclassified,Unclassified,2,0.885088459987466,116.84751376460736,False,False,False,False,False,"[{""target"":""demand"",""magnitude"":0.12983057084956362,""start_week"":12,""duration_weeks"":6,""recovery_weeks"":3},{""target"":""demand"",""magnitude"":0.11842088602441661,""start_week"":46,""duration_weeks"":1,""recovery_weeks"":1}]"
A,314,408,Independent baseline,False,,False,Non-failure,Unclassified,Unclassified,3,0.9097015462942485,81.2686083351764,True,False,True,False,False,"[{""target"":""T2P"",""magnitude"":0.4406343041675881,""start_week"":6,""duration_weeks"":1,""recovery_weeks"":1},{""target"":""S1A"",""magnitude"":0.22188318108657312,""start_week"":8,""duration_weeks"":2,""recovery_weeks"":4},{""target"":""T2P"",""magnitude"":0.2771729630418477,""start_week"":45,""duration_weeks"":1,""recovery_weeks"":4}]"
A,314,409,Independent baseline,False,,False,Non-failure,Unclassified,Unclassified,1,0.8957548761487174,104.73915795974722,False,False,False,False,False,"[{""target"":""demand"",""magnitude"":0.11637684217749698,""start_week"":24,""duration_weeks"":5,""recovery_weeks"":1}]"
A,314,410,Independent baseline,True,True,True,Structural,Concentrated dependency; Propagation-amplified cascade,Propagation-amplified cascade,2,0.8118575528449986,677.3128097580048,True,True,False,False,False,"[{""target"":""T2P"",""magnitude"":0.24365750848081755,""start_week"":7,""duration_weeks"":1,""recovery_weeks"":3},{""target"":""corridor"",""magnitude"":0.3911068353662511,""start_week"":11,""duration_weeks"":3,""recovery_weeks"":1}]"
A,314,411,Independent baseline,True,True,True,Structural,Concentrated dependency; Hidden convergent dependency; Propagation-amplified cascade,Hidden convergent dependency,3,0.5648619135230257,1646.9182579352673,True,True,False,False,False,"[{""target"":""corridor"",""magnitude"":0.2198642609101947,""start_week"":2,""duration_weeks"":1,""recovery_weeks"":1},{""target"":""T2P"",""magnitude"":0.33916295234062194,""start_week"":3,""duration_weeks"":3,""recovery_weeks"":2},{""target"":""T2P"",""magnitude"":0.49162427782927687,""start_week"":8,""duration_weeks"":1,""recovery_weeks"":4}]"
A,314,412,Independent baseline,True,True,False,Structural,Compounding moderate disturbance,Compounding moderate disturbance,4,0.8322122918053972,288.0316732978439,True,False,False,True,False,"[{""target"":""S1B"",""magnitude"":0.2807842431408466,""start_week"":10,""duration_weeks"":2,""recovery_weeks"":4},{""target"":""S1B"",""magnitude"":0.4355350567371481,""start_week"":11,""duration_weeks"":1,""recovery_weeks"":3},{""target"":""T2P"",""magnitude"":0.3986440356028173,""start_week"":32,""duration_weeks"":2,""recovery_weeks"":2},{""target"":""T2P"",""magnitude"":0.2510089373751425,""start_week"":40,""duration_weeks"":2,""recovery_weeks"":2}]"
A,314,413,Independent baseline,False,,False,Non-failure,Unclassified,Unclassified,2,0.9710267776333027,52.1518002600551,True,True,False,False,False,"[{""target"":""corridor"",""magnitude"":0.2717299167750229,""start_week"":19,""duration_weeks"":1,""recovery_weeks"":4},{""target"":""T2P"",""magnitude"":0.1960215980453653,""start_week"":31,""duration_weeks"":2,""recovery_weeks"":1}]"
A,314,414,Independent baseline,True,True,True,Structural,Hidden convergent dependency; Compounding moderate disturbance; Recovery lag and temporal overlap,Hidden convergent dependency,3,0.8023212741070765,1040.6139418815403,True,False,False,False,False,"[{""target"":""demand"",""magnitude"":0.14893837920177938,""start_week"":28,""duration_weeks"":1,""recovery_weeks"":4},{""target"":""T2P"",""magnitude"":0.1838604286141837,""start_week"":29,""duration_weeks"":9,""recovery_weeks"":3},{""target"":""demand"",""magnitude"":0.1302476641834839,""start_week"":40,""duration_weeks"":2,""recovery_weeks"":2}]"
A,314,415,Independent baseline,False,,False,Non-failure,Unclassified,Unclassified,2,0.9225449142243592,69.70957719807666,True,True,False,False,False,"[{""target"":""T2P"",""magnitude"":0.21593230132350938,""start_week"":32,""duration_weeks"":1,""recovery_weeks"":4},{""target"":""corridor"",""magnitude"":0.3080913143317304,""start_week"":50,""duration_weeks"":2,""recovery_weeks"":4}]"
A,314,416,Independent baseline,False,,False,Non-failure,Unclassified,Unclassified,3,0.9103952143413795,88.58164654468237,True,False,False,False,False,"[{""target"":""demand"",""magnitude"":0.09842405171631377,""start_week"":29,""duration_weeks"":1,""recovery_weeks"":1},{""target"":""demand"",""magnitude"":0.22166183878285134,""start_week"":42,""duration_weeks"":1,""recovery_weeks"":4},{""target"":""T2P"",""magnitude"":0.4688059189553664,""start_week"":49,""duration_weeks"":2,""recovery_weeks"":3}]"
A,314,417,Independent baseline,True,True,False,Structural,Concentrated dependency,Concentrated dependency,1,0.8825964764401636,633.979027223117,False,True,False,False,False,"[{""target"":""corridor"",""magnitude"":0.33805264266987733,""start_week"":39,""duration_weeks"":5,""recovery_weeks"":2}]"
A,314,418,Independent baseline,True,True,True,Structural,Concentrated dependency,Concentrated dependency,5,0.6769928349248119,1796.9548714602902,True,True,True,False,False,"[{""target"":""T2P"",""magnitude"":0.2046604380826813,""start_week"":2,""duration_weeks"":2,""recovery_weeks"":4},{""target"":""demand"",""magnitude"":0.19776125779550563,""start_week"":8,""duration_weeks"":9,""recovery_weeks"":3},{""target"":""corridor"",""magnitude"":0.39184315789143404,""start_week"":9,""duration_weeks"":3,""recovery_weeks"":3},{""target"":""S1A"",""magnitude"":0.35676831440060575,""start_week"":34,""duration_weeks"":1,""recovery_weeks"":4},{""target"":""demand"",""magnitude"":0.13149316217126256,""start_week"":49,""duration_weeks"":3,""recovery_weeks"":4}]"
A,314,419,Independent baseline,True,False,True,Adaptation-limited,Concentrated dependency; Hidden convergent dependency; Propagation-amplified cascade,Hidden convergent dependency,2,0.6570834677271442,943.124395227851,True,False,False,False,False,"[{""target"":""T2P"",""magnitude"":0.4086248790455702,""start_week"":16,""duration_weeks"":4,""recovery_weeks"":1},{""target"":""T2P"",""magnitude"":0.3506470223825491,""start_week"":51,""duration_weeks"":1,""recovery_weeks"":1}]"
A,314,420,Independent baseline,False,,False,Non-failure,Unclassified,Unclassified,1,1.0,0.0,True,False,False,False,False,"[{""target"":""T2P"",""magnitude"":0.30673875969460535,""start_week"":10,""duration_weeks"":1,""recovery_weeks"":3}]"
A,314,421,Independent baseline,True,False,True,Adaptation-limited,Concentrated dependency,Concentrated dependency,2,0.7083802487485187,673.7846760795385,False,True,False,False,False,"[{""target"":""corridor"",""magnitude"":0.468714813438611,""start_week"":11,""duration_weeks"":1,""recovery_weeks"":2},{""target"":""corridor"",""magnitude"":0.4471909626735695,""start_week"":36,""duration_weeks"":2,""recovery_weeks"":3}]"
A,314,422,Independent baseline,False,,False,Non-failure,Unclassified,Unclassified,5,0.8852194296353251,121.37994207212796,False,True,True,False,False,"[{""target"":""demand"",""magnitude"":0.10292605483333288,""start_week"":6,""duration_weeks"":2,""recovery_weeks"":3},{""target"":""corridor"",""magnitude"":0.31214637229845776,""start_week"":13,""duration_weeks"":1,""recovery_weeks"":3},{""target"":""demand"",""magnitude"":0.17499505250647557,""start_week"":22,""duration_weeks"":2,""recovery_weeks"":1},{""target"":""demand"",""magnitude"":0.2145582195191051,""start_week"":33,""duration_weeks"":1,""recovery_weeks"":2},{""target"":""S1A"",""magnitude"":0.49488051990301984,""start_week"":38,""duration_weeks"":2,""recovery_weeks"":3}]"
A,314,423,Independent baseline,False,,False,Non-failure,Unclassified,Unclassified,2,0.9244800499965393,77.45151165948903,False,False,False,True,False,"[{""target"":""S1B"",""magnitude"":0.30156285148102513,""start_week"":33,""duration_weeks"":3,""recovery_weeks"":3},{""target"":""demand"",""magnitude"":0.13952982189827312,""start_week"":39,""duration_weeks"":4,""recovery_weeks"":1}]"
A,314,424,Independent baseline,True,False,False,Adaptation-limited,Concentrated dependency; Hidden convergent dependency; Propagation-amplified cascade,Hidden convergent dependency,3,0.6709126562453477,644.2679140687806,True,False,True,False,True,"[{""target"":""T2P"",""magnitude"":0.5480893046895935,""start_week"":36,""duration_weeks"":1,""recovery_weeks"":3},{""target"":""S1A"",""magnitude"":0.3813795401649386,""start_week"":44,""duration_weeks"":3,""recovery_weeks"":4},{""target"":""S1C"",""magnitude"":0.21242485948328452,""start_week"":51,""duration_weeks"":1,""recovery_weeks"":2}]"
A,314,425,Independent baseline,True,True,True,Structural,Concentrated dependency; Propagation-amplified cascade; Recovery lag and temporal overlap,Propagation-amplified cascade,6,0.6481351452188322,1091.0943599249692,True,True,False,True,False,"[{""target"":""demand"",""magnitude"":0.10582707192865437,""start_week"":1,""duration_weeks"":1,""recovery_weeks"":2},{""target"":""T2P"",""magnitude"":0.18936503427271303,""start_week"":4,""duration_weeks"":2,""recovery_weeks"":2},{""target"":""corridor"",""magnitude"":0.4001720749344072,""start_week"":6,""duration_weeks"":6,""recovery_weeks"":3},{""target"":""T2P"",""magnitude"":0.32320657329811137,""start_week"":11,""duration_weeks"":1,""recovery_weeks"":4},{""target"":""S1B"",""magnitude"":0.4807551334314859,""start_week"":20,""duration_weeks"":2,""recovery_weeks"":1},{""target"":""T2P"",""magnitude"":0.416678369303051,""start_week"":23,""duration_weeks"":1,""recovery_weeks"":2}]"
A,314,426,Independent baseline,True,True,False,Structural,Concentrated dependency; Propagation-amplified cascade,Propagation-amplified cascade,3,0.8029990290148584,354.60174777325483,True,True,False,False,False,"[{""target"":""T2P"",""magnitude"":0.2208722909737114,""start_week"":9,""duration_weeks"":5,""recovery_weeks"":2},{""target"":""corridor"",""magnitude"":0.39775072823885615,""start_week"":12,""duration_weeks"":1,""recovery_weeks"":1},{""target"":""demand"",""magnitude"":0.10220776019036887,""start_week"":30,""duration_weeks"":1,""recovery_weeks"":2}]"
A,314,427,Independent baseline,True,True,True,Structural,Concentrated dependency; Hidden convergent dependency,Hidden convergent dependency,5,0.520077955824451,2168.8016023704454,True,True,False,False,False,"[{""target"":""demand"",""magnitude"":0.17446551259056015,""start_week"":7,""duration_weeks"":5,""recovery_weeks"":1},{""target"":""T2P"",""magnitude"":0.4502677393230271,""start_week"":8,""duration_weeks"":1,""recovery_weeks"":2},{""target"":""corridor"",""magnitude"":0.35958971726717837,""start_week"":16,""duration_weeks"":3,""recovery_weeks"":3},{""target"":""demand"",""magnitude"":0.1843337873107177,""start_week"":38,""duration_weeks"":2,""recovery_weeks"":3},{""target"":""corridor"",""magnitude"":0.4113017566061645,""start_week"":39,""duration_weeks"":8,""recovery_weeks"":3}]"
A,314,428,Independent baseline,False,,False,Non-failure,Unclassified,Unclassified,2,0.9005125596366992,179.0773926539414,False,False,True,False,False,"[{""target"":""S1A"",""magnitude"":0.4738467408174266,""start_week"":32,""duration_weeks"":1,""recovery_weeks"":2},{""target"":""S1A"",""magnitude"":0.3753781949547643,""start_week"":41,""duration_weeks"":2,""recovery_weeks"":3}]"
A,314,429,Independent baseline,False,,False,Non-failure,Unclassified,Unclassified,2,0.8854711805519297,117.67888655178024,False,False,True,False,False,"[{""target"":""S1A"",""magnitude"":0.2622821171038144,""start_week"":21,""duration_weeks"":1,""recovery_weeks"":1},{""target"":""demand"",""magnitude"":0.14167175581647945,""start_week"":51,""duration_weeks"":2,""recovery_weeks"":1}]"
A,314,430,Independent baseline,False,,False,Non-failure,Unclassified,Unclassified,2,0.9625441033465725,168.55153494042383,False,True,False,False,False,"[{""target"":""corridor"",""magnitude"":0.22745000350002204,""start_week"":7,""duration_weeks"":1,""recovery_weeks"":1},{""target"":""corridor"",""magnitude"":0.27809192249007075,""start_week"":38,""duration_weeks"":4,""recovery_weeks"":1}]"
A,314,431,Independent baseline,True,True,False,Structural,Concentrated dependency,Concentrated dependency,3,0.7032856259310379,735.6080624657529,True,True,False,False,False,"[{""target"":""demand"",""magnitude"":0.154569618899494,""start_week"":12,""duration_weeks"":3,""recovery_weeks"":3},{""target"":""corridor"",""magnitude"":0.4725357805517215,""start_week"":23,""duration_weeks"":2,""recovery_weeks"":3},{""target"":""T2P"",""magnitude"":0.16909067380987358,""start_week"":40,""duration_weeks"":9,""recovery_weeks"":3}]"
A,314,432,Independent baseline,True,False,False,Adaptation-limited,Concentrated dependency; Hidden convergent dependency; Propagation-amplified cascade,Hidden convergent dependency,1,0.5033521400887667,658.7288424001375,True,False,False,False,False,"[{""target"":""T2P"",""magnitude"":0.623491536960055,""start_week"":36,""duration_weeks"":1,""recovery_weeks"":2}]"
A,314,433,Independent baseline,True,True,True,Structural,Concentrated dependency,Concentrated dependency,4,0.5903006023218323,2133.525116413598,True,True,False,False,False,"[{""target"":""corridor"",""magnitude"":0.4233386453025457,""start_week"":2,""duration_weeks"":7,""recovery_weeks"":2},{""target"":""corridor"",""magnitude"":0.19644518043910822,""start_week"":21,""duration_weeks"":2,""recovery_weeks"":1},{""target"":""T2P"",""magnitude"":0.4687294579103509,""start_week"":27,""duration_weeks"":6,""recovery_weeks"":2},{""target"":""corridor"",""magnitude"":0.3706438973841755,""start_week"":45,""duration_weeks"":1,""recovery_weeks"":3}]"
A,314,434,Independent baseline,False,,False,Non-failure,Unclassified,Unclassified,1,1.0,0.0,False,True,False,False,False,"[{""target"":""corridor"",""magnitude"":0.2392222788231536,""start_week"":42,""duration_weeks"":1,""recovery_weeks"":3}]"
A,314,435,Independent baseline,False,,False,Non-failure,Unclassified,Unclassified,3,0.8831124517763341,119.12276085531073,False,False,False,False,False,"[{""target"":""demand"",""magnitude"":0.13235862317256725,""start_week"":34,""duration_weeks"":5,""recovery_weeks"":3},{""target"":""demand"",""magnitude"":0.11483863469502474,""start_week"":42,""duration_weeks"":5,""recovery_weeks"":4},{""target"":""demand"",""magnitude"":0.15474540809682477,""start_week"":48,""duration_weeks"":1,""recovery_weeks"":4}]"
A,314,436,Independent baseline,False,,False,Non-failure,Unclassified,Unclassified,3,0.8366854138536137,175.67310855196024,True,False,False,False,True,"[{""target"":""demand"",""magnitude"":0.1951923428355114,""start_week"":4,""duration_weeks"":3,""recovery_weeks"":4},{""target"":""T2P"",""magnitude"":0.3480537630431979,""start_week"":15,""duration_weeks"":1,""recovery_weeks"":2},{""target"":""S1C"",""magnitude"":0.2790230246029595,""start_week"":21,""duration_weeks"":1,""recovery_weeks"":1}]"
A,314,437,Independent baseline,False,,False,Non-failure,Unclassified,Unclassified,5,0.8983957678751082,101.78566304768583,True,True,False,True,False,"[{""target"":""S1B"",""magnitude"":0.22381664191593584,""start_week"":4,""duration_weeks"":1,""recovery_weeks"":4},{""target"":""T2P"",""magnitude"":0.24156684195497008,""start_week"":8,""duration_weeks"":2,""recovery_weeks"":4},{""target"":""demand"",""magnitude"":0.11309518116409518,""start_week"":34,""duration_weeks"":4,""recovery_weeks"":2},{""target"":""corridor"",""magnitude"":0.19429870511408126,""start_week"":37,""duration_weeks"":3,""recovery_weeks"":2},{""target"":""corridor"",""magnitude"":0.3482121943651383,""start_week"":50,""duration_weeks"":2,""recovery_weeks"":2}]"
A,314,438,Independent baseline,True,True,True,Structural,Concentrated dependency; Hidden convergent dependency,Hidden convergent dependency,3,0.6222851906382946,1317.4033010614316,True,False,False,False,False,"[{""target"":""demand"",""magnitude"":0.11116483222920795,""start_week"":4,""duration_weeks"":2,""recovery_weeks"":3},{""target"":""T2P"",""magnitude"":0.33939586261990573,""start_week"":15,""duration_weeks"":2,""recovery_weeks"":3},{""target"":""T2P"",""magnitude"":0.27616576547962757,""start_week"":16,""duration_weeks"":5,""recovery_weeks"":3}]"
A,314,439,Independent baseline,False,,False,Non-failure,Unclassified,Unclassified,0,1.0,0.0,False,False,False,False,False,[]
A,314,440,Independent baseline,True,True,True,Structural,Concentrated dependency,Concentrated dependency,4,0.8488859204965364,659.2744859839407,False,True,True,False,False,"[{""target"":""S1A"",""magnitude"":0.27222021976604793,""start_week"":4,""duration_weeks"":2,""recovery_weeks"":1},{""target"":""corridor"",""magnitude"":0.19453334772765477,""start_week"":17,""duration_weeks"":5,""recovery_weeks"":2},{""target"":""corridor"",""magnitude"":0.36333555962759756,""start_week"":27,""duration_weeks"":4,""recovery_weeks"":3},{""target"":""S1A"",""magnitude"":0.23681706907342587,""start_week"":43,""duration_weeks"":2,""recovery_weeks"":1}]"
A,314,441,Independent baseline,True,True,True,Structural,Concentrated dependency,Concentrated dependency,4,0.7557330418957987,679.4608574748913,True,True,False,False,False,"[{""target"":""corridor"",""magnitude"":0.4202063186149929,""start_week"":5,""duration_weeks"":1,""recovery_weeks"":2},{""target"":""T2P"",""magnitude"":0.31984026229378115,""start_week"":24,""duration_weeks"":5,""recovery_weeks"":4},{""target"":""T2P"",""magnitude"":0.24675150034188975,""start_week"":43,""duration_weeks"":3,""recovery_weeks"":4},{""target"":""corridor"",""magnitude"":0.23015048619586936,""start_week"":51,""duration_weeks"":3,""recovery_weeks"":3}]"
A,314,442,Independent baseline,True,False,True,Adaptation-limited,Concentrated dependency,Concentrated dependency,4,0.7277776748742563,2695.001018744862,False,True,True,True,False,"[{""target"":""corridor"",""magnitude"":0.4541667438443078,""start_week"":3,""duration_weeks"":10,""recovery_weeks"":2},{""target"":""S1B"",""magnitude"":0.3642496280220141,""start_week"":33,""duration_weeks"":1,""recovery_weeks"":1},{""target"":""corridor"",""magnitude"":0.18110682725524022,""start_week"":34,""duration_weeks"":9,""recovery_weeks"":2},{""target"":""S1A"",""magnitude"":0.2028207851661866,""start_week"":43,""duration_weeks"":8,""recovery_weeks"":2}]"
A,314,443,Independent baseline,True,False,False,Adaptation-limited,Concentrated dependency; Hidden convergent dependency; Propagation-amplified cascade,Hidden convergent dependency,3,0.6503146692779063,658.8671905995374,True,False,False,False,True,"[{""target"":""T2P"",""magnitude"":0.41471679764988434,""start_week"":31,""duration_weeks"":3,""recovery_weeks"":1},{""target"":""S1C"",""magnitude"":0.3627676110915445,""start_week"":34,""duration_weeks"":1,""recovery_weeks"":2},{""target"":""demand"",""magnitude"":0.17570950779851946,""start_week"":45,""duration_weeks"":4,""recovery_weeks"":2}]"
A,314,444,Independent baseline,False,,False,Non-failure,Unclassified,Unclassified,3,0.9627479901182223,35.49386320153337,True,False,True,False,False,"[{""target"":""S1A"",""magnitude"":0.287691378861069,""start_week"":12,""duration_weeks"":6,""recovery_weeks"":3},{""target"":""demand"",""magnitude"":0.05867108659747551,""start_week"":31,""duration_weeks"":1,""recovery_weeks"":4},{""target"":""T2P"",""magnitude"":0.2726701530765923,""start_week"":45,""duration_weeks"":1,""recovery_weeks"":1}]"
A,314,445,Independent baseline,True,False,False,Adaptation-limited,Concentrated dependency; Hidden convergent dependency; Propagation-amplified cascade,Hidden convergent dependency,3,0.6662825394186982,688.5631336873506,True,True,False,False,True,"[{""target"":""T2P"",""magnitude"":0.4003457145231717,""start_week"":20,""duration_weeks"":2,""recovery_weeks"":4},{""target"":""S1C"",""magnitude"":0.1819391446167962,""start_week"":23,""duration_weeks"":4,""recovery_weeks"":1},{""target"":""corridor"",""magnitude"":0.32257820580322605,""start_week"":27,""duration_weeks"":1,""recovery_weeks"":3}]"
A,314,446,Independent baseline,True,True,False,Structural,Concentrated dependency,Concentrated dependency,1,0.8783889993283562,328.34970181343806,False,True,False,False,False,"[{""target"":""corridor"",""magnitude"":0.34120825050373293,""start_week"":48,""duration_weeks"":3,""recovery_weeks"":3}]"
A,314,447,Independent baseline,True,True,True,Structural,Compounding moderate disturbance,Compounding moderate disturbance,5,0.5738397635636305,2536.27331145254,False,True,False,False,True,"[{""target"":""demand"",""magnitude"":0.23846124372792,""start_week"":22,""duration_weeks"":3,""recovery_weeks"":1},{""target"":""corridor"",""magnitude"":0.20770049905489865,""start_week"":29,""duration_weeks"":7,""recovery_weeks"":3},{""target"":""demand"",""magnitude"":0.25321415033753164,""start_week"":33,""duration_weeks"":2,""recovery_weeks"":3},{""target"":""corridor"",""magnitude"":0.5004488251082989,""start_week"":37,""duration_weeks"":5,""recovery_weeks"":1},{""target"":""S1C"",""magnitude"":0.2307290068257115,""start_week"":48,""duration_weeks"":7,""recovery_weeks"":3}]"
A,314,448,Independent baseline,False,,False,Non-failure,Unclassified,Unclassified,1,1.0,0.0,False,True,False,False,False,"[{""target"":""corridor"",""magnitude"":0.19040395569805624,""start_week"":11,""duration_weeks"":1,""recovery_weeks"":2}]"
A,314,449,Independent baseline,False,,False,Non-failure,Unclassified,Unclassified,2,0.8119593815552985,342.14915453074013,False,False,False,True,False,"[{""target"":""S1B"",""magnitude"":0.18068168061403259,""start_week"":17,""duration_weeks"":5,""recovery_weeks"":4},{""target"":""demand"",""magnitude"":0.2315887010068311,""start_week"":34,""duration_weeks"":4,""recovery_weeks"":1}]"
A,314,450,Independent baseline,False,,False,Non-failure,Unclassified,Unclassified,3,0.973187159031308,96.52622748729118,False,True,False,True,False,"[{""target"":""corridor"",""magnitude"":0.27010963072651906,""start_week"":9,""duration_weeks"":3,""recovery_weeks"":4},{""target"":""S1B"",""magnitude"":0.1991988437392439,""start_week"":21,""duration_weeks"":1,""recovery_weeks"":3},{""target"":""S1B"",""magnitude"":0.2031098596616629,""start_week"":25,""duration_weeks"":8,""recovery_weeks"":1}]"
A,314,451,Independent baseline,True,True,True,Structural,Concentrated dependency,Concentrated dependency,4,0.7071984671350727,740.0541527842297,False,True,False,True,True,"[{""target"":""S1B"",""magnitude"":0.2754052897430057,""start_week"":7,""duration_weeks"":7,""recovery_weeks"":4},{""target"":""S1C"",""magnitude"":0.319828587556342,""start_week"":15,""duration_weeks"":3,""recovery_weeks"":4},{""target"":""corridor"",""magnitude"":0.4696011496486955,""start_week"":35,""duration_weeks"":2,""recovery_weeks"":2},{""target"":""corridor"",""magnitude"":0.36132689973612164,""start_week"":45,""duration_weeks"":3,""recovery_weeks"":1}]"
A,314,452,Independent baseline,False,,False,Non-failure,Unclassified,Unclassified,0,1.0,0.0,False,False,False,False,False,[]
A,314,453,Independent baseline,False,,False,Non-failure,Unclassified,Unclassified,2,0.9260533157182982,155.2880369915739,True,False,False,False,True,"[{""target"":""S1C"",""magnitude"":0.4163800396338292,""start_week"":38,""duration_weeks"":2,""recovery_weeks"":4},{""target"":""T2P"",""magnitude"":0.2586660276774202,""start_week"":44,""duration_weeks"":3,""recovery_weeks"":1}]"
A,314,454,Independent baseline,False,,False,Non-failure,Unclassified,Unclassified,1,0.9374261954870269,131.40498947724348,False,False,False,True,False,"[{""target"":""S1B"",""magnitude"":0.39079106015418946,""start_week"":12,""duration_weeks"":7,""recovery_weeks"":2}]"
A,314,455,Independent baseline,True,True,True,Structural,Concentrated dependency; Hidden convergent dependency; Propagation-amplified cascade,Hidden convergent dependency,1,0.5361849495349887,1963.318045220315,True,False,False,False,False,"[{""target"":""T2P"",""magnitude"":0.51743354541851,""start_week"":2,""duration_weeks"":4,""recovery_weeks"":4}]"
A,314,456,Independent baseline,True,True,True,Structural,Concentrated dependency,Concentrated dependency,2,0.6749803218650243,537.6618975699824,True,True,False,False,False,"[{""target"":""corridor"",""magnitude"":0.3861470883488849,""start_week"":18,""duration_weeks"":2,""recovery_weeks"":4},{""target"":""T2P"",""magnitude"":0.3925177103214783,""start_week"":24,""duration_weeks"":1,""recovery_weeks"":1}]"
A,314,457,Independent baseline,False,,False,Non-failure,Unclassified,Unclassified,1,0.947305933570701,50.06266519160317,False,False,False,False,False,"[{""target"":""demand"",""magnitude"":0.05562518354622579,""start_week"":42,""duration_weeks"":1,""recovery_weeks"":1}]"
A,314,458,Independent baseline,False,,False,Non-failure,Unclassified,Unclassified,2,0.8322076727650854,391.19969186792594,True,False,False,False,False,"[{""target"":""demand"",""magnitude"":0.20162314374897483,""start_week"":7,""duration_weeks"":6,""recovery_weeks"":3},{""target"":""T2P"",""magnitude"":0.23526307706881583,""start_week"":45,""duration_weeks"":1,""recovery_weeks"":2}]"
A,314,459,Independent baseline,False,,False,Non-failure,Unclassified,Unclassified,0,1.0,0.0,False,False,False,False,False,[]
A,314,460,Independent baseline,False,,False,Non-failure,Unclassified,Unclassified,4,0.9049267988405232,171.13176208705818,True,False,False,True,False,"[{""target"":""S1B"",""magnitude"":0.4639147026088226,""start_week"":16,""duration_weeks"":1,""recovery_weeks"":3},{""target"":""demand"",""magnitude"":0.1860375060857612,""start_week"":24,""duration_weeks"":1,""recovery_weeks"":2},{""target"":""T2P"",""magnitude"":0.36135106065187694,""start_week"":48,""duration_weeks"":1,""recovery_weeks"":1},{""target"":""S1B"",""magnitude"":0.24305192024564645,""start_week"":50,""duration_weeks"":1,""recovery_weeks"":1}]"
A,314,461,Independent baseline,True,True,False,Structural,Concentrated dependency,Concentrated dependency,2,0.8625530317438631,388.8835178644623,False,True,True,False,False,"[{""target"":""corridor"",""magnitude"":0.3530852261921027,""start_week"":19,""duration_weeks"":2,""recovery_weeks"":4},{""target"":""S1A"",""magnitude"":0.32855429098445743,""start_week"":51,""duration_weeks"":3,""recovery_weeks"":1}]"
A,314,462,Independent baseline,True,True,True,Structural,Compounding moderate disturbance,Compounding moderate disturbance,5,0.8286860644800098,849.5857914997137,True,True,False,False,True,"[{""target"":""corridor"",""magnitude"":0.3155310568388682,""start_week"":5,""duration_weeks"":6,""recovery_weeks"":3},{""target"":""demand"",""magnitude"":0.09630557460614636,""start_week"":10,""duration_weeks"":5,""recovery_weeks"":1},{""target"":""S1C"",""magnitude"":0.2845335102871371,""start_week"":16,""duration_weeks"":2,""recovery_weeks"":3},{""target"":""T2P"",""magnitude"":0.40474709977948764,""start_week"":28,""duration_weeks"":2,""recovery_weeks"":2},{""target"":""S1C"",""magnitude"":0.29660665929242197,""start_week"":29,""duration_weeks"":4,""recovery_weeks"":4}]"
A,314,463,Independent baseline,False,,False,Non-failure,Unclassified,Unclassified,2,0.9347310866343171,62.84376637202354,False,False,False,False,False,"[{""target"":""demand"",""magnitude"":0.06982640708002613,""start_week"":37,""duration_weeks"":7,""recovery_weeks"":1},{""target"":""demand"",""magnitude"":0.1115927802927761,""start_week"":50,""duration_weeks"":3,""recovery_weeks"":4}]"
A,314,464,Independent baseline,True,True,True,Structural,Concentrated dependency; Hidden convergent dependency,Hidden convergent dependency,4,0.6743918188497092,1008.5937271592717,True,False,False,False,False,"[{""target"":""demand"",""magnitude"":0.1336215781458438,""start_week"":1,""duration_weeks"":4,""recovery_weeks"":3},{""target"":""T2P"",""magnitude"":0.47450622364570205,""start_week"":11,""duration_weeks"":1,""recovery_weeks"":1},{""target"":""T2P"",""magnitude"":0.39304736303526167,""start_week"":35,""duration_weeks"":4,""recovery_weeks"":3},{""target"":""demand"",""magnitude"":0.12632363962365295,""start_week"":51,""duration_weeks"":3,""recovery_weeks"":1}]"
A,314,465,Independent baseline,True,True,True,Structural,Concentrated dependency,Concentrated dependency,5,0.4235621536048733,4901.685620712453,True,True,False,False,False,"[{""target"":""corridor"",""magnitude"":0.4118734198981675,""start_week"":2,""duration_weeks"":14,""recovery_weeks"":1},{""target"":""demand"",""magnitude"":0.15236198739199305,""start_week"":13,""duration_weeks"":1,""recovery_weeks"":4},{""target"":""T2P"",""magnitude"":0.45381851693938946,""start_week"":22,""duration_weeks"":3,""recovery_weeks"":2},{""target"":""T2P"",""magnitude"":0.3020526142551724,""start_week"":23,""duration_weeks"":1,""recovery_weeks"":3},{""target"":""T2P"",""magnitude"":0.34935588778163607,""start_week"":29,""duration_weeks"":2,""recovery_weeks"":1}]"
A,314,466,Independent baseline,False,,False,Non-failure,Unclassified,Unclassified,0,1.0,0.0,False,False,False,False,False,[]
A,314,467,Independent baseline,True,True,True,Structural,Concentrated dependency,Concentrated dependency,3,0.6162787644109324,1005.8112699507095,False,True,False,False,False,"[{""target"":""corridor"",""magnitude"":0.3803002338248601,""start_week"":12,""duration_weeks"":2,""recovery_weeks"":4},{""target"":""corridor"",""magnitude"":0.5377909266918006,""start_week"":21,""duration_weeks"":2,""recovery_weeks"":3},{""target"":""demand"",""magnitude"":0.16608224348032383,""start_week"":45,""duration_weeks"":3,""recovery_weeks"":1}]"
A,314,468,Independent baseline,True,True,False,Structural,Concentrated dependency; Propagation-amplified cascade,Propagation-amplified cascade,3,0.6311861410375872,395.7974191985147,True,True,False,False,False,"[{""target"":""T2P"",""magnitude"":0.43193247306617166,""start_week"":10,""duration_weeks"":2,""recovery_weeks"":1},{""target"":""corridor"",""magnitude"":0.35020507010978297,""start_week"":22,""duration_weeks"":2,""recovery_weeks"":2},{""target"":""demand"",""magnitude"":0.1055451713073664,""start_week"":26,""duration_weeks"":7,""recovery_weeks"":3}]"
A,314,469,Independent baseline,False,,False,Non-failure,Unclassified,Unclassified,3,0.8397625382438145,220.23222357962334,True,True,False,False,False,"[{""target"":""demand"",""magnitude"":0.18972094124986094,""start_week"":38,""duration_weeks"":1,""recovery_weeks"":1},{""target"":""corridor"",""magnitude"":0.4177983422211736,""start_week"":45,""duration_weeks"":1,""recovery_weeks"":4},{""target"":""T2P"",""magnitude"":0.22352183819518104,""start_week"":50,""duration_weeks"":1,""recovery_weeks"":3}]"
A,314,470,Independent baseline,False,,False,Non-failure,Unclassified,Unclassified,3,0.911578940971774,164.0350356866859,True,True,True,False,False,"[{""target"":""corridor"",""magnitude"":0.25902049511357855,""start_week"":15,""duration_weeks"":5,""recovery_weeks"":3},{""target"":""S1A"",""magnitude"":0.4489473828135083,""start_week"":29,""duration_weeks"":2,""recovery_weeks"":2},{""target"":""T2P"",""magnitude"":0.2741410245880867,""start_week"":47,""duration_weeks"":1,""recovery_weeks"":2}]"
A,314,471,Independent baseline,False,,False,Non-failure,Unclassified,Unclassified,3,0.8753241495061667,112.20826544445003,True,False,False,False,True,"[{""target"":""T2P"",""magnitude"":0.24244165308888993,""start_week"":14,""duration_weeks"":4,""recovery_weeks"":1},{""target"":""S1C"",""magnitude"":0.2526609712498473,""start_week"":24,""duration_weeks"":4,""recovery_weeks"":1},{""target"":""demand"",""magnitude"":0.09776806072627758,""start_week"":42,""duration_weeks"":1,""recovery_weeks"":1}]"
A,314,472,Independent baseline,False,,False,Non-failure,Unclassified,Unclassified,1,0.8228446586481131,193.76659438811794,False,False,False,False,False,"[{""target"":""demand"",""magnitude"":0.21529621598679777,""start_week"":51,""duration_weeks"":1,""recovery_weeks"":3}]"
A,314,473,Independent baseline,False,,False,Non-failure,Unclassified,Unclassified,3,0.9764174989481398,84.8970037866959,True,True,False,True,False,"[{""target"":""T2P"",""magnitude"":0.20270455633960327,""start_week"":25,""duration_weeks"":1,""recovery_weeks"":3},{""target"":""S1B"",""magnitude"":0.2388209395631063,""start_week"":28,""duration_weeks"":1,""recovery_weeks"":4},{""target"":""corridor"",""magnitude"":0.26768687578889505,""start_week"":38,""duration_weeks"":3,""recovery_weeks"":3}]"
A,314,474,Independent baseline,True,True,True,Structural,Concentrated dependency,Concentrated dependency,2,0.8009353694157101,1612.423507732747,True,True,False,False,False,"[{""target"":""corridor"",""magnitude"":0.39929847293821735,""start_week"":37,""duration_weeks"":8,""recovery_weeks"":2},{""target"":""T2P"",""magnitude"":0.2541911719456383,""start_week"":42,""duration_weeks"":5,""recovery_weeks"":4}]"
A,314,475,Independent baseline,False,,False,Non-failure,Unclassified,Unclassified,4,0.728089803812282,305.91508945127055,True,True,False,True,False,"[{""target"":""corridor"",""magnitude"":0.2160211525819333,""start_week"":21,""duration_weeks"":1,""recovery_weeks"":1},{""target"":""S1B"",""magnitude"":0.2539437381935021,""start_week"":31,""duration_weeks"":2,""recovery_weeks"":3},{""target"":""S1B"",""magnitude"":0.27013831683207995,""start_week"":34,""duration_weeks"":3,""recovery_weeks"":3},{""target"":""T2P"",""magnitude"":0.45962556875859484,""start_week"":45,""duration_weeks"":1,""recovery_weeks"":4}]"
A,314,476,Independent baseline,False,,False,Non-failure,Unclassified,Unclassified,3,0.813650303206997,206.1263007617108,False,False,False,False,False,"[{""target"":""demand"",""magnitude"":0.22902922306856754,""start_week"":2,""duration_weeks"":2,""recovery_weeks"":2},{""target"":""demand"",""magnitude"":0.16965364133324295,""start_week"":23,""duration_weeks"":1,""recovery_weeks"":3},{""target"":""demand"",""magnitude"":0.0965586785390724,""start_week"":43,""duration_weeks"":1,""recovery_weeks"":4}]"
A,314,477,Independent baseline,False,,False,Non-failure,Unclassified,Unclassified,2,0.8359568573750328,176.6105835007652,True,False,False,False,False,"[{""target"":""T2P"",""magnitude"":0.31292198364643287,""start_week"":23,""duration_weeks"":1,""recovery_weeks"":3},{""target"":""demand"",""magnitude"":0.19623398166751693,""start_week"":40,""duration_weeks"":2,""recovery_weeks"":1}]"
A,314,478,Independent baseline,False,,False,Non-failure,Unclassified,Unclassified,2,0.8573731987506023,222.39770469857967,True,False,False,False,False,"[{""target"":""T2P"",""magnitude"":0.17108250621777246,""start_week"":3,""duration_weeks"":3,""recovery_weeks"":3},{""target"":""demand"",""magnitude"":0.1663532303753361,""start_week"":8,""duration_weeks"":2,""recovery_weeks"":2}]"
A,314,479,Independent baseline,True,False,True,Adaptation-limited,Concentrated dependency,Concentrated dependency,1,0.6436088155535317,817.4442145059202,False,True,False,False,False,"[{""target"":""corridor"",""magnitude"":0.5172933883348514,""start_week"":34,""duration_weeks"":1,""recovery_weeks"":4}]"
A,314,480,Independent baseline,False,,False,Non-failure,Unclassified,Unclassified,0,1.0,0.0,False,False,False,False,False,[]
A,314,481,Independent baseline,True,True,True,Structural,Concentrated dependency; Hidden convergent dependency; Propagation-amplified cascade,Hidden convergent dependency,6,0.7524142558617781,748.1644990033317,True,True,False,True,True,"[{""target"":""T2P"",""magnitude"":0.3228271697243996,""start_week"":4,""duration_weeks"":3,""recovery_weeks"":3},{""target"":""demand"",""magnitude"":0.15404607796428513,""start_week"":17,""duration_weeks"":1,""recovery_weeks"":3},{""target"":""S1B"",""magnitude"":0.4371414915763373,""start_week"":26,""duration_weeks"":1,""recovery_weeks"":1},{""target"":""corridor"",""magnitude"":0.3765040133716524,""start_week"":37,""duration_weeks"":4,""recovery_weeks"":4},{""target"":""S1C"",""magnitude"":0.4266984675877984,""start_week"":45,""duration_weeks"":1,""recovery_weeks"":1},{""target"":""demand"",""magnitude"":0.19425250529718008,""start_week"":46,""duration_weeks"":5,""recovery_weeks"":3}]"
A,314,482,Independent baseline,False,,False,Non-failure,Unclassified,Unclassified,2,0.945626450087983,114.18445481523577,True,False,False,True,False,"[{""target"":""S1B"",""magnitude"":0.3723404873020383,""start_week"":4,""duration_weeks"":4,""recovery_weeks"":2},{""target"":""T2P"",""magnitude"":0.3279252731752062,""start_week"":43,""duration_weeks"":1,""recovery_weeks"":2}]"
A,314,483,Independent baseline,True,True,False,Structural,Concentrated dependency; Hidden convergent dependency; Propagation-amplified cascade,Hidden convergent dependency,2,0.7922776138289029,378.22581154693034,True,False,False,False,True,"[{""target"":""T2P"",""magnitude"":0.2869501475539873,""start_week"":8,""duration_weeks"":4,""recovery_weeks"":2},{""target"":""S1C"",""magnitude"":0.2552277558733575,""start_week"":9,""duration_weeks"":1,""recovery_weeks"":3}]"
A,314,484,Independent baseline,True,True,True,Structural,Concentrated dependency,Concentrated dependency,3,0.6959571400522883,1573.9069226224701,True,True,False,False,False,"[{""target"":""corridor"",""magnitude"":0.26886792252643704,""start_week"":16,""duration_weeks"":2,""recovery_weeks"":2},{""target"":""corridor"",""magnitude"":0.4780321449607837,""start_week"":23,""duration_weeks"":5,""recovery_weeks"":1},{""target"":""T2P"",""magnitude"":0.24906008027417403,""start_week"":30,""duration_weeks"":1,""recovery_weeks"":3}]"
A,314,485,Independent baseline,True,False,False,Adaptation-limited,Concentrated dependency,Concentrated dependency,3,0.798737372950346,517.3648504421266,True,True,False,False,False,"[{""target"":""demand"",""magnitude"":0.2519759734119337,""start_week"":8,""duration_weeks"":4,""recovery_weeks"":4},{""target"":""corridor"",""magnitude"":0.1988110933877647,""start_week"":19,""duration_weeks"":2,""recovery_weeks"":2},{""target"":""T2P"",""magnitude"":0.3417398443540913,""start_week"":36,""duration_weeks"":2,""recovery_weeks"":1}]"
A,314,486,Independent baseline,True,False,True,Adaptation-limited,Concentrated dependency,Concentrated dependency,3,0.433138962712248,1530.5248006769305,False,True,True,False,False,"[{""target"":""S1A"",""magnitude"":0.2143930844439352,""start_week"":18,""duration_weeks"":3,""recovery_weeks"":1},{""target"":""corridor"",""magnitude"":0.675145777965814,""start_week"":48,""duration_weeks"":4,""recovery_weeks"":2},{""target"":""S1A"",""magnitude"":0.30169574999678983,""start_week"":50,""duration_weeks"":7,""recovery_weeks"":3}]"
A,314,487,Independent baseline,True,True,False,Structural,Hidden convergent dependency; Compounding moderate disturbance; Propagation-amplified cascade,Hidden convergent dependency,3,0.8551078831164826,487.4525517441647,True,False,False,False,False,"[{""target"":""T2P"",""magnitude"":0.2826007262987915,""start_week"":22,""duration_weeks"":3,""recovery_weeks"":3},{""target"":""T2P"",""magnitude"":0.2057526871176958,""start_week"":29,""duration_weeks"":2,""recovery_weeks"":4},{""target"":""T2P"",""magnitude"":0.4115949546289447,""start_week"":47,""duration_weeks"":2,""recovery_weeks"":3}]"
A,314,488,Independent baseline,False,,False,Non-failure,Unclassified,Unclassified,2,1.0,0.0,True,False,False,False,False,"[{""target"":""T2P"",""magnitude"":0.20358723879233862,""start_week"":37,""duration_weeks"":4,""recovery_weeks"":3},{""target"":""T2P"",""magnitude"":0.22984630624324542,""start_week"":46,""duration_weeks"":2,""recovery_weeks"":2}]"
A,314,489,Independent baseline,False,,False,Non-failure,Unclassified,Unclassified,4,0.8211116787424947,237.05956966557926,True,True,False,False,False,"[{""target"":""corridor"",""magnitude"":0.2941924097616563,""start_week"":16,""duration_weeks"":1,""recovery_weeks"":3},{""target"":""T2P"",""magnitude"":0.3479993188423397,""start_week"":18,""duration_weeks"":1,""recovery_weeks"":4},{""target"":""T2P"",""magnitude"":0.3749881741034319,""start_week"":40,""duration_weeks"":2,""recovery_weeks"":1},{""target"":""corridor"",""magnitude"":0.22387116912855787,""start_week"":50,""duration_weeks"":9,""recovery_weeks"":4}]"
A,314,490,Independent baseline,False,,False,Non-failure,Unclassified,Unclassified,2,0.9391424221268736,109.54364017162743,False,True,False,True,False,"[{""target"":""S1B"",""magnitude"":0.3869295502145343,""start_week"":6,""duration_weeks"":1,""recovery_weeks"":4},{""target"":""corridor"",""magnitude"":0.2753633634307852,""start_week"":11,""duration_weeks"":1,""recovery_weeks"":1}]"
A,314,491,Independent baseline,True,True,True,Structural,Concentrated dependency,Concentrated dependency,4,0.5693227367738206,1039.099203339812,False,True,True,False,False,"[{""target"":""demand"",""magnitude"":0.2645947736828484,""start_week"":5,""duration_weeks"":1,""recovery_weeks"":1},{""target"":""corridor"",""magnitude"":0.5730079474196346,""start_week"":18,""duration_weeks"":2,""recovery_weeks"":1},{""target"":""demand"",""magnitude"":0.0884991478096456,""start_week"":40,""duration_weeks"":1,""recovery_weeks"":3},{""target"":""S1A"",""magnitude"":0.29749682148612255,""start_week"":45,""duration_weeks"":1,""recovery_weeks"":1}]"
A,314,492,Independent baseline,True,True,False,Structural,Concentrated dependency,Concentrated dependency,2,0.8844455324660084,242.66438182138256,False,True,False,True,False,"[{""target"":""S1B"",""magnitude"":0.5099975519514812,""start_week"":3,""duration_weeks"":3,""recovery_weeks"":1},{""target"":""corridor"",""magnitude"":0.3026391379829942,""start_week"":27,""duration_weeks"":3,""recovery_weeks"":2}]"
A,314,493,Independent baseline,True,True,True,Structural,Concentrated dependency,Concentrated dependency,2,0.6475528727639469,1268.8096580497913,False,True,False,False,False,"[{""target"":""corridor"",""magnitude"":0.5143353454270398,""start_week"":19,""duration_weeks"":3,""recovery_weeks"":1},{""target"":""demand"",""magnitude"":0.17381527673740765,""start_week"":42,""duration_weeks"":1,""recovery_weeks"":2}]"
A,314,494,Independent baseline,True,True,False,Structural,Concentrated dependency,Concentrated dependency,2,0.8266940056910212,311.9507897561617,False,True,False,False,True,"[{""target"":""corridor"",""magnitude"":0.37997949573173406,""start_week"":5,""duration_weeks"":1,""recovery_weeks"":1},{""target"":""S1C"",""magnitude"":0.18694754031027797,""start_week"":10,""duration_weeks"":1,""recovery_weeks"":2}]"
A,314,495,Independent baseline,False,,False,Non-failure,Unclassified,Unclassified,2,0.9282925935395969,106.47488792294462,True,False,False,False,False,"[{""target"":""T2P"",""magnitude"":0.28387644421716346,""start_week"":13,""duration_weeks"":2,""recovery_weeks"":4},{""target"":""T2P"",""magnitude"":0.19311804291946036,""start_week"":48,""duration_weeks"":1,""recovery_weeks"":1}]"
A,314,496,Independent baseline,True,True,True,Structural,Hidden convergent dependency; Compounding moderate disturbance; Recovery lag and temporal overlap,Hidden convergent dependency,5,0.7972601123930416,531.2465736937238,True,False,False,True,True,"[{""target"":""demand"",""magnitude"":0.18146133183694535,""start_week"":2,""duration_weeks"":1,""recovery_weeks"":4},{""target"":""demand"",""magnitude"":0.19598921918388845,""start_week"":27,""duration_weeks"":5,""recovery_weeks"":3},{""target"":""T2P"",""magnitude"":0.2824658988462625,""start_week"":32,""duration_weeks"":2,""recovery_weeks"":1},{""target"":""S1B"",""magnitude"":0.3232778309912797,""start_week"":40,""duration_weeks"":3,""recovery_weeks"":3},{""target"":""S1C"",""magnitude"":0.16217817692753497,""start_week"":43,""duration_weeks"":2,""recovery_weeks"":4}]"
A,314,497,Independent baseline,True,True,False,Structural,Concentrated dependency; Hidden convergent dependency; Propagation-amplified cascade,Hidden convergent dependency,4,0.7584332538619994,452.0272786482353,True,True,False,True,False,"[{""target"":""corridor"",""magnitude"":0.24819874955635618,""start_week"":4,""duration_weeks"":1,""recovery_weeks"":2},{""target"":""S1B"",""magnitude"":0.43234755346014586,""start_week"":18,""duration_weeks"":3,""recovery_weeks"":4},{""target"":""corridor"",""magnitude"":0.34043933461882575,""start_week"":36,""duration_weeks"":1,""recovery_weeks"":1},{""target"":""T2P"",""magnitude"":0.3174100715242004,""start_week"":41,""duration_weeks"":4,""recovery_weeks"":2}]"
A,314,498,Independent baseline,False,,False,Non-failure,Unclassified,Unclassified,1,0.9439300368865888,90.5246957090128,True,False,False,False,False,"[{""target"":""T2P"",""magnitude"":0.2801234578138853,""start_week"":22,""duration_weeks"":2,""recovery_weeks"":4}]"
A,314,499,Independent baseline,False,,False,Non-failure,Unclassified,Unclassified,2,0.9420308453892754,65.20567404756594,True,False,False,False,False,"[{""target"":""T2P"",""magnitude"":0.3043444782993046,""start_week"":44,""duration_weeks"":2,""recovery_weeks"":2},{""target"":""T2P"",""magnitude"":0.54482875132944,""start_week"":50,""duration_weeks"":3,""recovery_weeks"":2}]"
A,314,500,Independent baseline,True,True,True,Structural,Concentrated dependency; Hidden convergent dependency; Propagation-amplified cascade,Hidden convergent dependency,3,0.6870480543768733,899.1121308344774,True,False,False,True,False,"[{""target"":""T2P"",""magnitude"":0.381656751060814,""start_week"":18,""duration_weeks"":4,""recovery_weeks"":2},{""target"":""S1B"",""magnitude"":0.3570412615960963,""start_week"":23,""duration_weeks"":1,""recovery_weeks"":4},{""target"":""T2P"",""magnitude"":0.22189833976570542,""start_week"":29,""duration_weeks"":2,""recovery_weeks"":3}]"
A,314,501,Independent baseline,False,,False,Non-failure,Unclassified,Unclassified,3,0.8654644183157376,139.90410345404075,True,False,False,False,True,"[{""target"":""demand"",""magnitude"":0.15544900383782304,""start_week"":12,""duration_weeks"":2,""recovery_weeks"":1},{""target"":""T2P"",""magnitude"":0.3283777278737633,""start_week"":27,""duration_weeks"":2,""recovery_weeks"":3},{""target"":""S1C"",""magnitude"":0.1868298086411851,""start_week"":39,""duration_weeks"":1,""recovery_weeks"":1}]"
A,314,502,Independent baseline,False,,False,Non-failure,Unclassified,Unclassified,3,0.9056444394441195,764.2800405026306,True,True,True,False,False,"[{""target"":""corridor"",""magnitude"":0.32076667041691026,""start_week"":4,""duration_weeks"":8,""recovery_weeks"":4},{""target"":""T2P"",""magnitude"":0.2138881099529174,""start_week"":7,""duration_weeks"":2,""recovery_weeks"":3},{""target"":""S1A"",""magnitude"":0.44560862618492836,""start_week"":28,""duration_weeks"":4,""recovery_weeks"":3}]"
A,314,503,Independent baseline,True,True,False,Structural,Concentrated dependency; Hidden convergent dependency; Propagation-amplified cascade,Hidden convergent dependency,2,0.6988456524370567,570.8618913622993,True,False,True,False,False,"[{""target"":""S1A"",""magnitude"":0.3258162938359114,""start_week"":1,""duration_weeks"":1,""recovery_weeks"":1},{""target"":""T2P"",""magnitude"":0.49471855040886514,""start_week"":12,""duration_weeks"":1,""recovery_weeks"":4}]"
A,314,504,Independent baseline,False,,False,Non-failure,Unclassified,Unclassified,0,1.0,0.0,False,False,False,False,False,[]
A,314,505,Independent baseline,False,,False,Non-failure,Unclassified,Unclassified,3,0.9493082812946283,48.05872626815858,False,True,False,False,True,"[{""target"":""demand"",""magnitude"":0.05339858474239833,""start_week"":4,""duration_weeks"":2,""recovery_weeks"":1},{""target"":""corridor"",""magnitude"":0.18427346746356468,""start_week"":16,""duration_weeks"":1,""recovery_weeks"":2},{""target"":""S1C"",""magnitude"":0.33632451972115474,""start_week"":48,""duration_weeks"":2,""recovery_weeks"":1}]"
A,314,506,Independent baseline,True,False,False,Adaptation-limited,Concentrated dependency,Concentrated dependency,2,0.8115782624374261,408.7386914189493,False,True,False,False,False,"[{""target"":""demand"",""magnitude"":0.16533966964786775,""start_week"":12,""duration_weeks"":9,""recovery_weeks"":4},{""target"":""corridor"",""magnitude"":0.39131630317193045,""start_week"":48,""duration_weeks"":2,""recovery_weeks"":2}]"
A,314,507,Independent baseline,False,,False,Non-failure,Unclassified,Unclassified,3,0.8485094773750479,213.48574114958274,True,True,True,False,False,"[{""target"":""corridor"",""magnitude"":0.16139791793892214,""start_week"":5,""duration_weeks"":1,""recovery_weeks"":2},{""target"":""S1A"",""magnitude"":0.27841873681460516,""start_week"":11,""duration_weeks"":3,""recovery_weeks"":2},{""target"":""T2P"",""magnitude"":0.3542885415742517,""start_week"":40,""duration_weeks"":2,""recovery_weeks"":2}]"
A,314,508,Independent baseline,True,True,True,Structural,Concentrated dependency; Hidden convergent dependency; Propagation-amplified cascade,Hidden convergent dependency,5,0.49356364316835816,4706.218476566184,True,True,False,True,False,"[{""target"":""S1B"",""magnitude"":0.4402375761487569,""start_week"":7,""duration_weeks"":1,""recovery_weeks"":3},{""target"":""T2P"",""magnitude"":0.37880266397235896,""start_week"":12,""duration_weeks"":5,""recovery_weeks"":4},{""target"":""corridor"",""magnitude"":0.6298272676237313,""start_week"":26,""duration_weeks"":7,""recovery_weeks"":1},{""target"":""T2P"",""magnitude"":0.27873114048838477,""start_week"":36,""duration_weeks"":1,""recovery_weeks"":2},{""target"":""demand"",""magnitude"":0.08839451092554657,""start_week"":50,""duration_weeks"":2,""recovery_weeks"":4}]"
A,314,509,Independent baseline,True,False,False,Adaptation-limited,Concentrated dependency,Concentrated dependency,1,0.7233493861373338,497.9711049527991,False,True,False,False,False,"[{""target"":""corridor"",""magnitude"":0.4574879603969997,""start_week"":46,""duration_weeks"":1,""recovery_weeks"":2}]"
A,314,510,Independent baseline,False,,False,Non-failure,Unclassified,Unclassified,2,0.9439318898801302,100.92259821576567,False,True,False,False,False,"[{""target"":""corridor"",""magnitude"":0.2920510825899024,""start_week"":11,""duration_weeks"":1,""recovery_weeks"":2},{""target"":""corridor"",""magnitude"":0.23423305744953327,""start_week"":25,""duration_weeks"":3,""recovery_weeks"":3}]"
A,314,511,Independent baseline,True,True,False,Structural,Concentrated dependency; Hidden convergent dependency; Propagation-amplified cascade,Hidden convergent dependency,3,0.8048199804481945,316.1410967814377,True,False,True,True,False,"[{""target"":""T2P"",""magnitude"":0.2756620175966252,""start_week"":12,""duration_weeks"":4,""recovery_weeks"":2},{""target"":""S1A"",""magnitude"":0.28140391965066736,""start_week"":23,""duration_weeks"":1,""recovery_weeks"":1},{""target"":""S1B"",""magnitude"":0.24254732810658136,""start_week"":51,""duration_weeks"":3,""recovery_weeks"":4}]"
A,314,512,Independent baseline,False,,False,Non-failure,Unclassified,Unclassified,3,0.8766591528789669,152.67301184512587,True,False,False,True,True,"[{""target"":""S1B"",""magnitude"":0.3366756412159173,""start_week"":18,""duration_weeks"":1,""recovery_weeks"":1},{""target"":""T2P"",""magnitude"":0.26110490280509396,""start_week"":38,""duration_weeks"":2,""recovery_weeks"":2},{""target"":""S1C"",""magnitude"":0.5275169060223245,""start_week"":47,""duration_weeks"":1,""recovery_weeks"":1}]"
A,314,513,Independent baseline,True,True,True,Structural,Concentrated dependency,Concentrated dependency,6,0.6564236306821509,922.3699089095414,True,True,True,False,False,"[{""target"":""corridor"",""magnitude"":0.34944177050898084,""start_week"":6,""duration_weeks"":2,""recovery_weeks"":2},{""target"":""T2P"",""magnitude"":0.3743557929210866,""start_week"":10,""duration_weeks"":1,""recovery_weeks"":4},{""target"":""corridor"",""magnitude"":0.34274752963990607,""start_week"":22,""duration_weeks"":3,""recovery_weeks"":1},{""target"":""corridor"",""magnitude"":0.4505646056115966,""start_week"":47,""duration_weeks"":1,""recovery_weeks"":4},{""target"":""corridor"",""magnitude"":0.2564036195796614,""start_week"":49,""duration_weeks"":10,""recovery_weeks"":2},{""target"":""S1A"",""magnitude"":0.5307220138499495,""start_week"":50,""duration_weeks"":1,""recovery_weeks"":3}]"
A,314,514,Independent baseline,True,True,True,Structural,Concentrated dependency,Concentrated dependency,1,0.8378129977933093,583.8732079440866,False,True,False,False,False,"[{""target"":""corridor"",""magnitude"":0.371640251655018,""start_week"":20,""duration_weeks"":3,""recovery_weeks"":2}]"
A,314,515,Independent baseline,True,True,True,Structural,Concentrated dependency; Hidden convergent dependency; Propagation-amplified cascade,Hidden convergent dependency,4,0.6430109887934946,2271.603154970637,True,False,False,True,True,"[{""target"":""T2P"",""magnitude"":0.28437674560583875,""start_week"":11,""duration_weeks"":6,""recovery_weeks"":1},{""target"":""S1B"",""magnitude"":0.26693292136120206,""start_week"":25,""duration_weeks"":2,""recovery_weeks"":2},{""target"":""T2P"",""magnitude"":0.4212901100858547,""start_week"":29,""duration_weeks"":7,""recovery_weeks"":2},{""target"":""S1C"",""magnitude"":0.21446870942208618,""start_week"":39,""duration_weeks"":4,""recovery_weeks"":2}]"
A,314,516,Independent baseline,False,,False,Non-failure,Unclassified,Unclassified,2,0.807434351710569,822.8813369730624,False,True,False,False,False,"[{""target"":""demand"",""magnitude"":0.19578839086651018,""start_week"":22,""duration_weeks"":12,""recovery_weeks"":4},{""target"":""corridor"",""magnitude"":0.39442423621707334,""start_week"":49,""duration_weeks"":1,""recovery_weeks"":2}]"
A,314,517,Independent baseline,False,,False,Non-failure,Unclassified,Unclassified,4,0.9317981819267238,397.7121660361387,False,True,True,False,True,"[{""target"":""S1A"",""magnitude"":0.4034540906648716,""start_week"":1,""duration_weeks"":7,""recovery_weeks"":1},{""target"":""corridor"",""magnitude"":0.21256281220489592,""start_week"":6,""duration_weeks"":3,""recovery_weeks"":1},{""target"":""corridor"",""magnitude"":0.2836181344163626,""start_week"":14,""duration_weeks"":11,""recovery_weeks"":2},{""target"":""S1C"",""magnitude"":0.27931717287151864,""start_week"":50,""duration_weeks"":1,""recovery_weeks"":4}]"
A,314,518,Independent baseline,False,,False,Non-failure,Unclassified,Unclassified,2,0.8695341489180067,135.03698057161182,False,False,False,False,False,"[{""target"":""demand"",""magnitude"":0.15004108952401313,""start_week"":22,""duration_weeks"":7,""recovery_weeks"":4},{""target"":""demand"",""magnitude"":0.2193629958554849,""start_week"":51,""duration_weeks"":2,""recovery_weeks"":4}]"
A,314,519,Independent baseline,True,True,True,Structural,Concentrated dependency; Hidden convergent dependency; Propagation-amplified cascade,Hidden convergent dependency,6,0.6358886948867107,3010.942330324494,True,True,False,False,False,"[{""target"":""T2P"",""magnitude"":0.4277001746019604,""start_week"":1,""duration_weeks"":9,""recovery_weeks"":2},{""target"":""corridor"",""magnitude"":0.22908958141263025,""start_week"":13,""duration_weeks"":2,""recovery_weeks"":1},{""target"":""corridor"",""magnitude"":0.30900794842697266,""start_week"":22,""duration_weeks"":3,""recovery_weeks"":2},{""target"":""corridor"",""magnitude"":0.2695707020681584,""start_week"":23,""duration_weeks"":1,""recovery_weeks"":4},{""target"":""T2P"",""magnitude"":0.2981432462537579,""start_week"":42,""duration_weeks"":1,""recovery_weeks"":4},{""target"":""corridor"",""magnitude"":0.4836005438838141,""start_week"":50,""duration_weeks"":12,""recovery_weeks"":2}]"
A,314,520,Independent baseline,True,True,False,Structural,Hidden convergent dependency; Compounding moderate disturbance,Hidden convergent dependency,3,0.8080290343131091,328.7502018183902,True,True,False,False,False,"[{""target"":""T2P"",""magnitude"":0.4413302571265483,""start_week"":8,""duration_weeks"":1,""recovery_weeks"":1},{""target"":""demand"",""magnitude"":0.12391380210147063,""start_week"":12,""duration_weeks"":3,""recovery_weeks"":1},{""target"":""corridor"",""magnitude"":0.22702187385258393,""start_week"":49,""duration_weeks"":4,""recovery_weeks"":4}]"
A,314,521,Independent baseline,False,,False,Non-failure,Unclassified,Unclassified,2,0.8206674713216585,380.0097953236459,False,False,False,False,False,"[{""target"":""demand"",""magnitude"":0.21852033246734182,""start_week"":8,""duration_weeks"":5,""recovery_weeks"":1},{""target"":""demand"",""magnitude"":0.17012418929239126,""start_week"":37,""duration_weeks"":9,""recovery_weeks"":1}]"
A,314,522,Independent baseline,True,False,False,Adaptation-limited,Concentrated dependency; Recovery lag and temporal overlap,Recovery lag and temporal overlap,4,0.7898964027678962,341.1758255457248,False,True,False,False,True,"[{""target"":""demand"",""magnitude"":0.26598880118440144,""start_week"":14,""duration_weeks"":1,""recovery_weeks"":2},{""target"":""demand"",""magnitude"":0.21805248976744185,""start_week"":24,""duration_weeks"":1,""recovery_weeks"":4},{""target"":""corridor"",""magnitude"":0.3812169007134676,""start_week"":27,""duration_weeks"":1,""recovery_weeks"":2},{""target"":""S1C"",""magnitude"":0.2345180642695549,""start_week"":36,""duration_weeks"":2,""recovery_weeks"":3}]"
A,314,523,Independent baseline,True,False,True,Adaptation-limited,Concentrated dependency; Propagation-amplified cascade,Propagation-amplified cascade,3,0.66611161981572,1657.951092894202,True,True,False,False,False,"[{""target"":""T2P"",""magnitude"":0.24754076197702446,""start_week"":6,""duration_weeks"":1,""recovery_weeks"":2},{""target"":""corridor"",""magnitude"":0.4404282154841659,""start_week"":35,""duration_weeks"":4,""recovery_weeks"":4},{""target"":""corridor"",""magnitude"":0.25399507013662154,""start_week"":40,""duration_weeks"":1,""recovery_weeks"":3}]"
A,314,524,Independent baseline,False,,False,Non-failure,Unclassified,Unclassified,2,0.8658537961118734,139.43645456249146,False,True,False,False,False,"[{""target"":""corridor"",""magnitude"":0.18946355375395724,""start_week"":32,""duration_weeks"":2,""recovery_weeks"":2},{""target"":""demand"",""magnitude"":0.15492939395832395,""start_week"":35,""duration_weeks"":3,""recovery_weeks"":1}]"
A,314,525,Independent baseline,False,,False,Non-failure,Unclassified,Unclassified,0,1.0,0.0,False,False,False,False,False,[]
A,314,526,Independent baseline,False,,False,Non-failure,Unclassified,Unclassified,0,1.0,0.0,False,False,False,False,False,[]
A,314,527,Independent baseline,False,,False,Non-failure,Unclassified,Unclassified,2,0.9458150416007268,146.29938767803765,True,True,False,False,False,"[{""target"":""corridor"",""magnitude"":0.290638718799455,""start_week"":28,""duration_weeks"":2,""recovery_weeks"":4},{""target"":""T2P"",""magnitude"":0.18191071231141898,""start_week"":40,""duration_weeks"":2,""recovery_weeks"":4}]"
A,314,528,Independent baseline,True,False,False,Adaptation-limited,Concentrated dependency,Concentrated dependency,5,0.7041242699506999,532.5763140887402,True,True,False,False,True,"[{""target"":""corridor"",""magnitude"":0.47190679753697506,""start_week"":9,""duration_weeks"":1,""recovery_weeks"":2},{""target"":""T2P"",""magnitude"":0.29157695594023325,""start_week"":20,""duration_weeks"":1,""recovery_weeks"":3},{""target"":""S1C"",""magnitude"":0.2281526736229068,""start_week"":23,""duration_weeks"":3,""recovery_weeks"":4},{""target"":""demand"",""magnitude"":0.05204764459033416,""start_week"":25,""duration_weeks"":2,""recovery_weeks"":3},{""target"":""demand"",""magnitude"":0.12017039186404863,""start_week"":41,""duration_weeks"":1,""recovery_weeks"":1}]"
A,314,529,Independent baseline,True,True,False,Structural,Concentrated dependency; Propagation-amplified cascade,Propagation-amplified cascade,3,0.8784833698226238,255.18492337249018,True,False,True,False,False,"[{""target"":""T2P"",""magnitude"":0.1944593662998968,""start_week"":23,""duration_weeks"":3,""recovery_weeks"":1},{""target"":""S1A"",""magnitude"":0.5234124178990964,""start_week"":40,""duration_weeks"":2,""recovery_weeks"":2},{""target"":""demand"",""magnitude"":0.19686805477443164,""start_week"":46,""duration_weeks"":3,""recovery_weeks"":4}]"
A,314,530,Independent baseline,False,,False,Non-failure,Unclassified,Unclassified,2,0.9336798683838868,119.37623690900364,False,True,False,False,True,"[{""target"":""S1C"",""magnitude"":0.39922029613625454,""start_week"":10,""duration_weeks"":1,""recovery_weeks"":4},{""target"":""corridor"",""magnitude"":0.2273501622745606,""start_week"":16,""duration_weeks"":7,""recovery_weeks"":1}]"
A,314,531,Independent baseline,False,,False,Non-failure,Unclassified,Unclassified,2,0.9229437236349172,75.1407122153064,False,False,False,False,False,"[{""target"":""demand"",""magnitude"":0.0834896802392294,""start_week"":28,""duration_weeks"":1,""recovery_weeks"":4},{""target"":""demand"",""magnitude"":0.10825720132879617,""start_week"":40,""duration_weeks"":2,""recovery_weeks"":4}]"
A,314,532,Independent baseline,True,False,False,Adaptation-limited,Concentrated dependency,Concentrated dependency,3,0.7081680635426197,525.2974856232845,True,True,False,False,True,"[{""target"":""corridor"",""magnitude"":0.4688739523430352,""start_week"":16,""duration_weeks"":1,""recovery_weeks"":1},{""target"":""S1C"",""magnitude"":0.22918401016369905,""start_week"":25,""duration_weeks"":2,""recovery_weeks"":4},{""target"":""T2P"",""magnitude"":0.21866225351775964,""start_week"":27,""duration_weeks"":5,""recovery_weeks"":1}]"
A,314,533,Independent baseline,False,,False,Non-failure,Unclassified,Unclassified,1,1.0,0.0,True,False,False,False,False,"[{""target"":""T2P"",""magnitude"":0.26268076001860796,""start_week"":45,""duration_weeks"":6,""recovery_weeks"":3}]"
A,314,534,Independent baseline,False,,False,Non-failure,Unclassified,Unclassified,2,0.9002036076044796,209.57242403059308,False,False,True,True,False,"[{""target"":""S1B"",""magnitude"":0.47454188288992116,""start_week"":23,""duration_weeks"":3,""recovery_weeks"":1},{""target"":""S1A"",""magnitude"":0.3356829995984489,""start_week"":38,""duration_weeks"":1,""recovery_weeks"":1}]"
A,314,535,Independent baseline,False,,False,Non-failure,Unclassified,Unclassified,1,0.9223068252589824,75.81409499737936,False,False,False,False,False,"[{""target"":""demand"",""magnitude"":0.08423788333042145,""start_week"":2,""duration_weeks"":4,""recovery_weeks"":2}]"
A,314,536,Independent baseline,False,,False,Non-failure,Unclassified,Unclassified,0,1.0,0.0,False,False,False,False,False,[]
A,314,537,Independent baseline,False,,False,Non-failure,Unclassified,Unclassified,0,1.0,0.0,False,False,False,False,False,[]
A,314,538,Independent baseline,True,False,True,Adaptation-limited,Concentrated dependency,Concentrated dependency,3,0.731670814012465,1313.603537485493,True,True,True,False,False,"[{""target"":""corridor"",""magnitude"":0.45124688949065117,""start_week"":45,""duration_weeks"":4,""recovery_weeks"":4},{""target"":""S1A"",""magnitude"":0.5024963487904573,""start_week"":49,""duration_weeks"":1,""recovery_weeks"":3},{""target"":""T2P"",""magnitude"":0.23920594920388216,""start_week"":51,""duration_weeks"":1,""recovery_weeks"":2}]"
A,314,539,Independent baseline,False,,False,Non-failure,Unclassified,Unclassified,3,0.8947111152420535,109.36498321585555,False,True,False,False,False,"[{""target"":""corridor"",""magnitude"":0.254076179216668,""start_week"":24,""duration_weeks"":5,""recovery_weeks"":4},{""target"":""demand"",""magnitude"":0.15412608175096032,""start_week"":33,""duration_weeks"":7,""recovery_weeks"":1},{""target"":""corridor"",""magnitude"":0.2078292730717119,""start_week"":45,""duration_weeks"":1,""recovery_weeks"":3}]"
A,314,540,Independent baseline,False,,False,Non-failure,Unclassified,Unclassified,2,0.9030493332419943,96.62329273745536,False,False,False,False,False,"[{""target"":""demand"",""magnitude"":0.10735921415272831,""start_week"":12,""duration_weeks"":4,""recovery_weeks"":1},{""target"":""demand"",""magnitude"":0.10982661427880702,""start_week"":15,""duration_weeks"":2,""recovery_weeks"":1}]"
A,314,541,Independent baseline,False,,False,Non-failure,Unclassified,Unclassified,3,0.818112210405663,450.6785401901809,False,False,False,True,False,"[{""target"":""S1B"",""magnitude"":0.19985479760801383,""start_week"":15,""duration_weeks"":3,""recovery_weeks"":1},{""target"":""demand"",""magnitude"":0.22232621305596656,""start_week"":19,""duration_weeks"":5,""recovery_weeks"":4},{""target"":""demand"",""magnitude"":0.0913713139590438,""start_week"":49,""duration_weeks"":1,""recovery_weeks"":1}]"
A,314,542,Independent baseline,False,,False,Non-failure,Unclassified,Unclassified,3,0.8494668452693593,490.88042726495485,True,False,False,False,False,"[{""target"":""T2P"",""magnitude"":0.23273258380798167,""start_week"":36,""duration_weeks"":1,""recovery_weeks"":2},{""target"":""demand"",""magnitude"":0.165462506566584,""start_week"":40,""duration_weeks"":4,""recovery_weeks"":2},{""target"":""demand"",""magnitude"":0.2080652293182514,""start_week"":45,""duration_weeks"":1,""recovery_weeks"":1}]"
A,314,543,Independent baseline,True,True,True,Structural,Concentrated dependency; Hidden convergent dependency; Propagation-amplified cascade,Hidden convergent dependency,3,0.6674121825472248,896.4774374643637,True,True,False,False,False,"[{""target"":""T2P"",""magnitude"":0.3993290357074978,""start_week"":7,""duration_weeks"":3,""recovery_weeks"":4},{""target"":""T2P"",""magnitude"":0.4369277884549764,""start_week"":31,""duration_weeks"":1,""recovery_weeks"":4},{""target"":""corridor"",""magnitude"":0.21353568081061575,""start_week"":37,""duration_weeks"":3,""recovery_weeks"":4}]"
A,314,544,Independent baseline,True,False,True,Adaptation-limited,Concentrated dependency,Concentrated dependency,2,0.7579990571264089,741.7531821983698,False,True,False,False,False,"[{""target"":""corridor"",""magnitude"":0.2469905560032179,""start_week"":7,""duration_weeks"":4,""recovery_weeks"":2},{""target"":""corridor"",""magnitude"":0.4315007071551933,""start_week"":34,""duration_weeks"":2,""recovery_weeks"":4}]"
A,314,545,Independent baseline,True,True,True,Structural,Concentrated dependency; Hidden convergent dependency,Hidden convergent dependency,4,0.5948652575998459,1329.298228826191,True,False,True,False,False,"[{""target"":""T2P"",""magnitude"":0.4042712107768399,""start_week"":5,""duration_weeks"":3,""recovery_weeks"":4},{""target"":""demand"",""magnitude"":0.11272404709821424,""start_week"":12,""duration_weeks"":3,""recovery_weeks"":2},{""target"":""S1A"",""magnitude"":0.37424881381441505,""start_week"":29,""duration_weeks"":5,""recovery_weeks"":4},{""target"":""demand"",""magnitude"":0.1308591407828461,""start_week"":33,""duration_weeks"":2,""recovery_weeks"":1}]"
A,314,546,Independent baseline,True,True,False,Structural,Concentrated dependency,Concentrated dependency,3,0.8046948512051242,496.9192671898129,False,True,False,False,False,"[{""target"":""corridor"",""magnitude"":0.3503367135420724,""start_week"":11,""duration_weeks"":3,""recovery_weeks"":4},{""target"":""demand"",""magnitude"":0.11045116699996396,""start_week"":38,""duration_weeks"":8,""recovery_weeks"":2},{""target"":""corridor"",""magnitude"":0.3964788615961568,""start_week"":48,""duration_weeks"":5,""recovery_weeks"":2}]"
A,314,547,Independent baseline,True,True,True,Structural,Concentrated dependency,Concentrated dependency,3,0.5597842743002762,733.923539783398,False,True,True,False,False,"[{""target"":""demand"",""magnitude"":0.12366344549774388,""start_week"":10,""duration_weeks"":1,""recovery_weeks"":2},{""target"":""corridor"",""magnitude"":0.5801617942747929,""start_week"":25,""duration_weeks"":1,""recovery_weeks"":3},{""target"":""S1A"",""magnitude"":0.27755678601812406,""start_week"":42,""duration_weeks"":3,""recovery_weeks"":1}]"
A,314,548,Independent baseline,True,True,True,Structural,Concentrated dependency,Concentrated dependency,6,0.6645511332905595,2085.860608087645,True,False,True,False,False,"[{""target"":""S1A"",""magnitude"":0.5190766927478957,""start_week"":9,""duration_weeks"":3,""recovery_weeks"":1},{""target"":""T2P"",""magnitude"":0.2006833070246547,""start_week"":12,""duration_weeks"":2,""recovery_weeks"":1},{""target"":""T2P"",""magnitude"":0.40190398003849637,""start_week"":14,""duration_weeks"":6,""recovery_weeks"":1},{""target"":""demand"",""magnitude"":0.14398423515539824,""start_week"":38,""duration_weeks"":1,""recovery_weeks"":4},{""target"":""demand"",""magnitude"":0.12433995786670156,""start_week"":47,""duration_weeks"":1,""recovery_weeks"":3},{""target"":""T2P"",""magnitude"":0.5772351662419789,""start_week"":51,""duration_weeks"":3,""recovery_weeks"":3}]"
A,314,549,Independent baseline,True,True,True,Structural,Concentrated dependency; Hidden convergent dependency; Propagation-amplified cascade,Hidden convergent dependency,8,0.44248649704854925,2108.1168447674845,True,True,True,True,False,"[{""target"":""S1A"",""magnitude"":0.22492283539121527,""start_week"":3,""duration_weeks"":1,""recovery_weeks"":4},{""target"":""S1B"",""magnitude"":0.47239230486265193,""start_week"":6,""duration_weeks"":1,""recovery_weeks"":3},{""target"":""demand"",""magnitude"":0.0903484881579738,""start_week"":25,""duration_weeks"":1,""recovery_weeks"":3},{""target"":""T2P"",""magnitude"":0.39190249389115045,""start_week"":32,""duration_weeks"":4,""recovery_weeks"":2},{""target"":""T2P"",""magnitude"":0.34510856672974144,""start_week"":33,""duration_weeks"":1,""recovery_weeks"":4},{""target"":""corridor"",""magnitude"":0.22024056377857704,""start_week"":36,""duration_weeks"":1,""recovery_weeks"":2},{""target"":""T2P"",""magnitude"":0.31137235956085363,""start_week"":43,""duration_weeks"":4,""recovery_weeks"":2},{""target"":""T2P"",""magnitude"":0.4534757745781842,""start_week"":51,""duration_weeks"":1,""recovery_weeks"":1}]"
A,314,550,Independent baseline,True,True,False,Structural,Concentrated dependency,Concentrated dependency,1,0.8521714810094116,290.8755845017064,False,True,False,False,False,"[{""target"":""corridor"",""magnitude"":0.36087138924294127,""start_week"":19,""duration_weeks"":1,""recovery_weeks"":4}]"
A,314,551,Independent baseline,False,,False,Non-failure,Unclassified,Unclassified,2,0.9505455700137879,46.824674578142776,False,True,False,False,False,"[{""target"":""demand"",""magnitude"":0.05202741619793629,""start_week"":39,""duration_weeks"":4,""recovery_weeks"":2},{""target"":""corridor"",""magnitude"":0.22609734871734355,""start_week"":41,""duration_weeks"":2,""recovery_weeks"":4}]"
A,314,552,Independent baseline,False,,False,Non-failure,Unclassified,Unclassified,2,0.8714290199513508,132.78635367255083,False,True,False,False,False,"[{""target"":""corridor"",""magnitude"":0.21423218901662666,""start_week"":13,""duration_weeks"":1,""recovery_weeks"":1},{""target"":""demand"",""magnitude"":0.14754039296950067,""start_week"":43,""duration_weeks"":5,""recovery_weeks"":4}]"
A,314,553,Independent baseline,False,,False,Non-failure,Unclassified,Unclassified,2,0.9501117301251923,89.79888577465385,False,True,False,False,True,"[{""target"":""S1C"",""magnitude"":0.3622486072183174,""start_week"":26,""duration_weeks"":1,""recovery_weeks"":1},{""target"":""corridor"",""magnitude"":0.17493178520239844,""start_week"":39,""duration_weeks"":4,""recovery_weeks"":1}]"
A,314,554,Independent baseline,True,True,False,Structural,Concentrated dependency,Concentrated dependency,3,0.7076943471874501,551.7092389930515,False,True,False,False,False,"[{""target"":""corridor"",""magnitude"":0.34450653356406796,""start_week"":11,""duration_weeks"":2,""recovery_weeks"":1},{""target"":""demand"",""magnitude"":0.23498413129156287,""start_week"":14,""duration_weeks"":2,""recovery_weeks"":3},{""target"":""demand"",""magnitude"":0.05631426202917107,""start_week"":40,""duration_weeks"":2,""recovery_weeks"":2}]"
A,314,555,Independent baseline,True,True,False,Structural,Concentrated dependency; Hidden convergent dependency; Propagation-amplified cascade; Recovery lag and temporal overlap,Hidden convergent dependency,3,0.6425150561105107,540.9529713537443,True,True,False,False,True,"[{""target"":""corridor"",""magnitude"":0.322689514576319,""start_week"":21,""duration_weeks"":1,""recovery_weeks"":4},{""target"":""T2P"",""magnitude"":0.42173644950054034,""start_week"":25,""duration_weeks"":2,""recovery_weeks"":2},{""target"":""S1C"",""magnitude"":0.4548494350254594,""start_week"":46,""duration_weeks"":1,""recovery_weeks"":1}]"
A,314,556,Independent baseline,True,False,True,Adaptation-limited,Concentrated dependency; Hidden convergent dependency; Propagation-amplified cascade,Hidden convergent dependency,3,0.6305414546775484,974.6407163404808,True,True,False,False,False,"[{""target"":""corridor"",""magnitude"":0.2600643853245407,""start_week"":9,""duration_weeks"":1,""recovery_weeks"":2},{""target"":""T2P"",""magnitude"":0.4325126907902064,""start_week"":12,""duration_weeks"":3,""recovery_weeks"":3},{""target"":""T2P"",""magnitude"":0.2988751628172282,""start_week"":29,""duration_weeks"":2,""recovery_weeks"":2}]"
A,314,557,Independent baseline,False,,False,Non-failure,Unclassified,Unclassified,1,1.0,0.0,False,False,False,True,False,"[{""target"":""S1B"",""magnitude"":0.19019708997827112,""start_week"":51,""duration_weeks"":6,""recovery_weeks"":2}]"
A,314,558,Independent baseline,False,,False,Non-failure,Unclassified,Unclassified,1,0.9667627000628624,149.56784971711932,False,True,False,False,False,"[{""target"":""corridor"",""magnitude"":0.2749279749528533,""start_week"":28,""duration_weeks"":4,""recovery_weeks"":2}]"
A,314,559,Independent baseline,True,True,True,Structural,Concentrated dependency,Concentrated dependency,3,0.6213570002031933,1419.0528557160094,False,True,False,False,False,"[{""target"":""corridor"",""magnitude"":0.3323318168142009,""start_week"":13,""duration_weeks"":3,""recovery_weeks"":3},{""target"":""corridor"",""magnitude"":0.4746091303221227,""start_week"":28,""duration_weeks"":1,""recovery_weeks"":1},{""target"":""corridor"",""magnitude"":0.533982249847605,""start_week"":31,""duration_weeks"":2,""recovery_weeks"":3}]"
A,314,560,Independent baseline,False,,False,Non-failure,Unclassified,Unclassified,2,0.9176233907859631,85.3928999307484,False,False,False,True,False,"[{""target"":""S1B"",""magnitude"":0.32798985125205726,""start_week"":26,""duration_weeks"":8,""recovery_weeks"":2},{""target"":""demand"",""magnitude"":0.15179540440329287,""start_week"":50,""duration_weeks"":1,""recovery_weeks"":3}]"
A,314,561,Independent baseline,False,,False,Non-failure,Unclassified,Unclassified,1,0.9307691798408628,66.94220166795435,False,False,False,False,False,"[{""target"":""demand"",""magnitude"":0.07438022407550461,""start_week"":36,""duration_weeks"":5,""recovery_weeks"":3}]"
A,314,562,Independent baseline,False,,False,Non-failure,Unclassified,Unclassified,2,0.9726569733732241,98.43489585639327,False,True,False,False,False,"[{""target"":""corridor"",""magnitude"":0.27050726997008195,""start_week"":2,""duration_weeks"":3,""recovery_weeks"":2},{""target"":""demand"",""magnitude"":0.13955744167319412,""start_week"":18,""duration_weeks"":1,""recovery_weeks"":4}]"
A,314,563,Independent baseline,False,,False,Non-failure,Unclassified,Unclassified,2,0.8588857185207833,147.8693271906136,False,True,False,False,False,"[{""target"":""demand"",""magnitude"":0.16429925243401505,""start_week"":13,""duration_weeks"":1,""recovery_weeks"":3},{""target"":""corridor"",""magnitude"":0.2586256284893158,""start_week"":24,""duration_weeks"":4,""recovery_weeks"":3}]"
A,314,564,Independent baseline,True,True,False,Structural,Concentrated dependency; Propagation-amplified cascade,Propagation-amplified cascade,4,0.8135630632303321,386.4314185049286,True,True,True,False,False,"[{""target"":""corridor"",""magnitude"":0.38982770257725097,""start_week"":4,""duration_weeks"":1,""recovery_weeks"":4},{""target"":""T2P"",""magnitude"":0.3070239395508599,""start_week"":6,""duration_weeks"":1,""recovery_weeks"":2},{""target"":""T2P"",""magnitude"":0.1862509370964669,""start_week"":33,""duration_weeks"":1,""recovery_weeks"":2},{""target"":""S1A"",""magnitude"":0.31325428051880977,""start_week"":40,""duration_weeks"":2,""recovery_weeks"":2}]"
A,314,565,Independent baseline,False,,False,Non-failure,Unclassified,Unclassified,0,1.0,0.0,False,False,False,False,False,[]
A,314,566,Independent baseline,False,,False,Non-failure,Unclassified,Unclassified,3,0.898022301680598,398.7136250156574,True,False,False,True,False,"[{""target"":""T2P"",""magnitude"":0.21318697730179015,""start_week"":27,""duration_weeks"":1,""recovery_weeks"":4},{""target"":""S1B"",""magnitude"":0.46322873528093456,""start_week"":32,""duration_weeks"":5,""recovery_weeks"":2},{""target"":""demand"",""magnitude"":0.172185889448139,""start_week"":37,""duration_weeks"":3,""recovery_weeks"":1}]"
A,314,567,Independent baseline,False,,False,Non-failure,Unclassified,Unclassified,1,1.0,0.0,True,False,False,False,False,"[{""target"":""T2P"",""magnitude"":0.22942991354035094,""start_week"":7,""duration_weeks"":2,""recovery_weeks"":4}]"
A,314,568,Independent baseline,False,,False,Non-failure,Unclassified,Unclassified,2,0.8949225486023016,215.56405989315,False,False,False,True,False,"[{""target"":""S1B"",""magnitude"":0.3462772027086851,""start_week"":39,""duration_weeks"":5,""recovery_weeks"":1},{""target"":""demand"",""magnitude"":0.14397849335218593,""start_week"":44,""duration_weeks"":1,""recovery_weeks"":1}]"
A,314,569,Independent baseline,True,True,True,Structural,Concentrated dependency; Hidden convergent dependency; Propagation-amplified cascade,Hidden convergent dependency,4,0.41799624735027296,4432.363644241012,True,False,False,True,False,"[{""target"":""S1B"",""magnitude"":0.2710173451653242,""start_week"":5,""duration_weeks"":5,""recovery_weeks"":1},{""target"":""T2P"",""magnitude"":0.3501358057547792,""start_week"":8,""duration_weeks"":7,""recovery_weeks"":3},{""target"":""T2P"",""magnitude"":0.4261997862156529,""start_week"":16,""duration_weeks"":4,""recovery_weeks"":3},{""target"":""T2P"",""magnitude"":0.25774723448404346,""start_week"":17,""duration_weeks"":4,""recovery_weeks"":4}]"
A,314,570,Independent baseline,False,,False,Non-failure,Unclassified,Unclassified,1,0.8425646830993826,168.16724941441998,False,False,False,False,False,"[{""target"":""demand"",""magnitude"":0.18685249934935572,""start_week"":51,""duration_weeks"":1,""recovery_weeks"":2}]"
A,314,571,Independent baseline,False,,False,Non-failure,Unclassified,Unclassified,0,1.0,0.0,False,False,False,False,False,[]
A,314,572,Independent baseline,False,,False,Non-failure,Unclassified,Unclassified,3,0.9078030916285951,179.46868053841365,False,True,False,True,False,"[{""target"":""demand"",""magnitude"":0.10156046968952723,""start_week"":31,""duration_weeks"":4,""recovery_weeks"":1},{""target"":""corridor"",""magnitude"":0.24860826462386035,""start_week"":33,""duration_weeks"":1,""recovery_weeks"":2},{""target"":""S1B"",""magnitude"":0.2799661022300361,""start_week"":40,""duration_weeks"":3,""recovery_weeks"":1}]"
A,314,573,Independent baseline,True,True,True,Structural,Concentrated dependency; Propagation-amplified cascade,Propagation-amplified cascade,5,0.6229368246554698,1513.7760978501776,True,True,True,False,False,"[{""target"":""T2P"",""magnitude"":0.2909812324011366,""start_week"":12,""duration_weeks"":2,""recovery_weeks"":4},{""target"":""corridor"",""magnitude"":0.5327973815083976,""start_week"":20,""duration_weeks"":3,""recovery_weeks"":2},{""target"":""S1A"",""magnitude"":0.30232838551026664,""start_week"":26,""duration_weeks"":1,""recovery_weeks"":1},{""target"":""demand"",""magnitude"":0.25365214876282,""start_week"":39,""duration_weeks"":1,""recovery_weeks"":4},{""target"":""T2P"",""magnitude"":0.24959379650722197,""start_week"":45,""duration_weeks"":3,""recovery_weeks"":1}]"
A,314,574,Independent baseline,False,,False,Non-failure,Unclassified,Unclassified,3,0.9889334224140599,23.239812930474272,True,False,False,True,True,"[{""target"":""T2P"",""magnitude"":0.2917289821928671,""start_week"":3,""duration_weeks"":1,""recovery_weeks"":2},{""target"":""S1C"",""magnitude"":0.2748997995683652,""start_week"":17,""duration_weeks"":7,""recovery_weeks"":4},{""target"":""S1B"",""magnitude"":0.20075149862196234,""start_week"":43,""duration_weeks"":1,""recovery_weeks"":3}]"
A,314,575,Independent baseline,False,,False,Non-failure,Unclassified,Unclassified,3,0.8914673337970306,109.5714849882678,True,False,False,False,False,"[{""target"":""T2P"",""magnitude"":0.2985646154656791,""start_week"":1,""duration_weeks"":2,""recovery_weeks"":1},{""target"":""demand"",""magnitude"":0.1217460944314087,""start_week"":29,""duration_weeks"":1,""recovery_weeks"":3},{""target"":""T2P"",""magnitude"":0.42729526861709577,""start_week"":47,""duration_weeks"":7,""recovery_weeks"":2}]"
A,314,576,Independent baseline,True,True,True,Structural,Compounding moderate disturbance; Recovery lag and temporal overlap,Compounding moderate disturbance,5,0.4268480138439015,1526.5171199951967,False,True,False,False,False,"[{""target"":""demand"",""magnitude"":0.20341663468749532,""start_week"":2,""duration_weeks"":4,""recovery_weeks"":2},{""target"":""demand"",""magnitude"":0.17286991754905823,""start_week"":6,""duration_weeks"":15,""recovery_weeks"":2},{""target"":""demand"",""magnitude"":0.1329005786427284,""start_week"":27,""duration_weeks"":4,""recovery_weeks"":1},{""target"":""corridor"",""magnitude"":0.6051490845663735,""start_week"":44,""duration_weeks"":2,""recovery_weeks"":2},{""target"":""corridor"",""magnitude"":0.18922307668616686,""start_week"":45,""duration_weeks"":1,""recovery_weeks"":3}]"
A,314,577,Independent baseline,False,,False,Non-failure,Unclassified,Unclassified,0,1.0,0.0,False,False,False,False,False,[]
A,314,578,Independent baseline,False,,False,Non-failure,Unclassified,Unclassified,0,1.0,0.0,False,False,False,False,False,[]
A,314,579,Independent baseline,False,,False,Non-failure,Unclassified,Unclassified,4,0.9214852806167972,218.35663110510427,True,False,True,False,False,"[{""target"":""S1A"",""magnitude"":0.3484302047539454,""start_week"":5,""duration_weeks"":1,""recovery_weeks"":1},{""target"":""T2P"",""magnitude"":0.2702717248169204,""start_week"":24,""duration_weeks"":2,""recovery_weeks"":3},{""target"":""demand"",""magnitude"":0.18015288818170294,""start_week"":36,""duration_weeks"":7,""recovery_weeks"":2},{""target"":""demand"",""magnitude"":0.07410754325007,""start_week"":45,""duration_weeks"":1,""recovery_weeks"":1}]"
A,314,580,Independent baseline,False,,False,Non-failure,Unclassified,Unclassified,3,0.8635674305349218,142.18844780020345,False,True,False,False,False,"[{""target"":""demand"",""magnitude"":0.157987164222448,""start_week"":13,""duration_weeks"":1,""recovery_weeks"":1},{""target"":""demand"",""magnitude"":0.19183925181898231,""start_week"":45,""duration_weeks"":2,""recovery_weeks"":2},{""target"":""corridor"",""magnitude"":0.29555317551743376,""start_week"":49,""duration_weeks"":1,""recovery_weeks"":4}]"
A,314,581,Independent baseline,False,,False,Non-failure,Unclassified,Unclassified,2,0.9277473697054732,136.55102960464285,True,False,True,False,False,"[{""target"":""T2P"",""magnitude"":0.2959736416936336,""start_week"":37,""duration_weeks"":2,""recovery_weeks"":1},{""target"":""S1A"",""magnitude"":0.339404577924461,""start_week"":38,""duration_weeks"":4,""recovery_weeks"":2}]"
A,314,582,Independent baseline,False,,False,Non-failure,Unclassified,Unclassified,1,0.9676297758160763,67.97747078623979,False,False,True,False,False,"[{""target"":""S1A"",""magnitude"":0.32283300441382823,""start_week"":22,""duration_weeks"":2,""recovery_weeks"":4}]"
A,314,583,Independent baseline,False,,False,Non-failure,Unclassified,Unclassified,2,0.9559979925581166,237.61084018617044,False,True,False,False,False,"[{""target"":""corridor"",""magnitude"":0.28300150558141246,""start_week"":5,""duration_weeks"":5,""recovery_weeks"":2},{""target"":""demand"",""magnitude"":0.08735671827773153,""start_week"":14,""duration_weeks"":1,""recovery_weeks"":1}]"
A,314,584,Independent baseline,True,False,True,Adaptation-limited,Concentrated dependency,Concentrated dependency,5,0.5864454238637143,1146.1596328485837,True,True,True,False,False,"[{""target"":""corridor"",""magnitude"":0.23864523945695768,""start_week"":14,""duration_weeks"":5,""recovery_weeks"":4},{""target"":""S1A"",""magnitude"":0.3284473868724733,""start_week"":24,""duration_weeks"":2,""recovery_weeks"":1},{""target"":""T2P"",""magnitude"":0.2663077907348432,""start_week"":25,""duration_weeks"":2,""recovery_weeks"":3},{""target"":""corridor"",""magnitude"":0.48421315147594535,""start_week"":42,""duration_weeks"":2,""recovery_weeks"":1},{""target"":""demand"",""magnitude"":0.17268507869181185,""start_week"":44,""duration_weeks"":4,""recovery_weeks"":3}]"
A,314,585,Independent baseline,True,True,False,Structural,Concentrated dependency; Hidden convergent dependency; Propagation-amplified cascade,Hidden convergent dependency,5,0.7089871099053678,855.569998817771,True,True,True,False,True,"[{""target"":""S1A"",""magnitude"":0.26842993127481907,""start_week"":4,""duration_weeks"":8,""recovery_weeks"":2},{""target"":""T2P"",""magnitude"":0.5375405573938887,""start_week"":32,""duration_weeks"":1,""recovery_weeks"":2},{""target"":""S1C"",""magnitude"":0.32027625480808597,""start_week"":34,""duration_weeks"":3,""recovery_weeks"":2},{""target"":""T2P"",""magnitude"":0.36191160108516895,""start_week"":36,""duration_weeks"":1,""recovery_weeks"":1},{""target"":""corridor"",""magnitude"":0.30997916915365775,""start_week"":48,""duration_weeks"":5,""recovery_weeks"":3}]"
A,314,586,Independent baseline,False,,False,Non-failure,Unclassified,Unclassified,2,0.8649071415308779,140.5741342440624,False,False,False,False,False,"[{""target"":""demand"",""magnitude"":0.1561934824934026,""start_week"":13,""duration_weeks"":3,""recovery_weeks"":4},{""target"":""demand"",""magnitude"":0.056601278235758855,""start_week"":37,""duration_weeks"":1,""recovery_weeks"":2}]"
A,314,587,Independent baseline,True,True,True,Structural,Concentrated dependency; Hidden convergent dependency,Hidden convergent dependency,4,0.42561868322457125,5630.0753242115725,True,False,True,False,False,"[{""target"":""S1A"",""magnitude"":0.29263350778775865,""start_week"":7,""duration_weeks"":3,""recovery_weeks"":4},{""target"":""demand"",""magnitude"":0.13704902719080644,""start_week"":31,""duration_weeks"":4,""recovery_weeks"":2},{""target"":""T2P"",""magnitude"":0.5795635922946318,""start_week"":33,""duration_weeks"":10,""recovery_weeks"":2},{""target"":""demand"",""magnitude"":0.09758237250734177,""start_week"":35,""duration_weeks"":2,""recovery_weeks"":2}]"
A,314,588,Independent baseline,True,True,True,Structural,Concentrated dependency; Hidden convergent dependency,Hidden convergent dependency,4,0.6556330596766857,3837.0605721113716,True,True,True,False,False,"[{""target"":""S1A"",""magnitude"":0.31674936539789494,""start_week"":4,""duration_weeks"":1,""recovery_weeks"":2},{""target"":""demand"",""magnitude"":0.1611166315363023,""start_week"":29,""duration_weeks"":9,""recovery_weeks"":4},{""target"":""T2P"",""magnitude"":0.31486019520193054,""start_week"":33,""duration_weeks"":18,""recovery_weeks"":2},{""target"":""corridor"",""magnitude"":0.23735063135849604,""start_week"":50,""duration_weeks"":2,""recovery_weeks"":3}]"
A,314,589,Independent baseline,False,,False,Non-failure,Unclassified,Unclassified,2,0.8760665033096587,127.31926925629932,False,True,False,False,False,"[{""target"":""demand"",""magnitude"":0.14146585472922146,""start_week"":28,""duration_weeks"":3,""recovery_weeks"":3},{""target"":""corridor"",""magnitude"":0.19552072632805423,""start_week"":33,""duration_weeks"":1,""recovery_weeks"":1}]"
A,314,590,Independent baseline,False,,False,Non-failure,Unclassified,Unclassified,1,1.0,0.0,False,True,False,False,False,"[{""target"":""corridor"",""magnitude"":0.17058472491864007,""start_week"":49,""duration_weeks"":4,""recovery_weeks"":2}]"
A,314,591,Independent baseline,False,,False,Non-failure,Unclassified,Unclassified,3,0.9127637238706654,314.85346954893987,True,True,False,False,True,"[{""target"":""S1C"",""magnitude"":0.38871308653551573,""start_week"":6,""duration_weeks"":12,""recovery_weeks"":3},{""target"":""corridor"",""magnitude"":0.3154272070970008,""start_week"":29,""duration_weeks"":4,""recovery_weeks"":1},{""target"":""T2P"",""magnitude"":0.3012131664116412,""start_week"":51,""duration_weeks"":2,""recovery_weeks"":2}]"
A,314,592,Independent baseline,False,,False,Non-failure,Unclassified,Unclassified,5,0.7558022406097787,511.698928890817,True,False,False,True,True,"[{""target"":""S1C"",""magnitude"":0.24103462492386568,""start_week"":10,""duration_weeks"":1,""recovery_weeks"":1},{""target"":""T2P"",""magnitude"":0.24102966202116,""start_week"":22,""duration_weeks"":3,""recovery_weeks"":2},{""target"":""T2P"",""magnitude"":0.22673290333879062,""start_week"":44,""duration_weeks"":2,""recovery_weeks"":3},{""target"":""S1B"",""magnitude"":0.4703028052026038,""start_week"":46,""duration_weeks"":3,""recovery_weeks"":1},{""target"":""demand"",""magnitude"":0.19354983838679107,""start_week"":48,""duration_weeks"":1,""recovery_weeks"":1}]"
A,314,593,Independent baseline,False,,False,Non-failure,Unclassified,Unclassified,1,0.8786224433011142,124.33076557726804,False,False,False,False,False,"[{""target"":""demand"",""magnitude"":0.13814529508585338,""start_week"":33,""duration_weeks"":1,""recovery_weeks"":1}]"
A,314,594,Independent baseline,True,True,False,Structural,Concentrated dependency,Concentrated dependency,1,0.828171838836062,309.2906900950884,False,False,True,False,False,"[{""target"":""S1A"",""magnitude"":0.6366133626188605,""start_week"":23,""duration_weeks"":1,""recovery_weeks"":3}]"
A,314,595,Independent baseline,True,True,True,Structural,Concentrated dependency; Hidden convergent dependency; Propagation-amplified cascade,Hidden convergent dependency,6,0.5791611228394283,3593.251359973423,True,False,False,True,False,"[{""target"":""demand"",""magnitude"":0.06152667930748087,""start_week"":11,""duration_weeks"":5,""recovery_weeks"":4},{""target"":""T2P"",""magnitude"":0.298915251683768,""start_week"":17,""duration_weeks"":1,""recovery_weeks"":3},{""target"":""T2P"",""magnitude"":0.29341855587029997,""start_week"":22,""duration_weeks"":10,""recovery_weeks"":2},{""target"":""T2P"",""magnitude"":0.2623001709342855,""start_week"":32,""duration_weeks"":2,""recovery_weeks"":4},{""target"":""T2P"",""magnitude"":0.3969948109875713,""start_week"":43,""duration_weeks"":5,""recovery_weeks"":4},{""target"":""S1B"",""magnitude"":0.3492343257258599,""start_week"":49,""duration_weeks"":3,""recovery_weeks"":1}]"
A,314,596,Independent baseline,True,True,True,Structural,Concentrated dependency,Concentrated dependency,1,0.4995013115301313,2139.8563030201294,False,True,False,False,False,"[{""target"":""corridor"",""magnitude"":0.6253740163524015,""start_week"":25,""duration_weeks"":3,""recovery_weeks"":4}]"
A,314,597,Independent baseline,False,,False,Non-failure,Unclassified,Unclassified,2,0.8388135466615064,217.31335648061076,False,False,True,False,False,"[{""target"":""S1A"",""magnitude"":0.27133158516733713,""start_week"":6,""duration_weeks"":10,""recovery_weeks"":4},{""target"":""demand"",""magnitude"":0.1932298358998355,""start_week"":17,""duration_weeks"":1,""recovery_weeks"":4}]"
A,314,598,Independent baseline,True,True,True,Structural,Concentrated dependency; Recovery lag and temporal overlap,Recovery lag and temporal overlap,5,0.612200476836806,1844.818211652865,True,True,True,False,False,"[{""target"":""corridor"",""magnitude"":0.2512776045595435,""start_week"":19,""duration_weeks"":1,""recovery_weeks"":2},{""target"":""S1A"",""magnitude"":0.4950166202096766,""start_week"":21,""duration_weeks"":1,""recovery_weeks"":4},{""target"":""T2P"",""magnitude"":0.3377555517200961,""start_week"":26,""duration_weeks"":6,""recovery_weeks"":4},{""target"":""corridor"",""magnitude"":0.23501514693807735,""start_week"":43,""duration_weeks"":1,""recovery_weeks"":3},{""target"":""T2P"",""magnitude"":0.4490195708468746,""start_week"":44,""duration_weeks"":3,""recovery_weeks"":3}]"
A,314,599,Independent baseline,False,,False,Non-failure,Unclassified,Unclassified,1,0.947238639892924,110.7988562248596,False,False,False,True,False,"[{""target"":""S1B"",""magnitude"":0.3687130602409209,""start_week"":13,""duration_weeks"":3,""recovery_weeks"":1}]"
A,314,600,Independent baseline,False,,False,Non-failure,Unclassified,Unclassified,0,1.0,0.0,False,False,False,False,False,[]
A,314,601,Independent baseline,True,True,True,Structural,Concentrated dependency; Hidden convergent dependency,Hidden convergent dependency,2,0.7921949071405201,1303.5022318071117,True,False,False,False,False,"[{""target"":""demand"",""magnitude"":0.2623156132239807,""start_week"":9,""duration_weeks"":1,""recovery_weeks"":2},{""target"":""T2P"",""magnitude"":0.25414476829475685,""start_week"":30,""duration_weeks"":11,""recovery_weeks"":4}]"
A,314,602,Independent baseline,False,,False,Non-failure,Unclassified,Unclassified,0,1.0,0.0,False,False,False,False,False,[]
A,314,603,Independent baseline,True,True,False,Structural,Concentrated dependency; Hidden convergent dependency; Propagation-amplified cascade,Hidden convergent dependency,4,0.7313633635627765,494.94053970300524,True,True,True,True,False,"[{""target"":""T2P"",""magnitude"":0.45569729705800166,""start_week"":19,""duration_weeks"":1,""recovery_weeks"":4},{""target"":""S1A"",""magnitude"":0.45115868359314304,""start_week"":31,""duration_weeks"":6,""recovery_weeks"":3},{""target"":""S1B"",""magnitude"":0.2299770578042566,""start_week"":45,""duration_weeks"":3,""recovery_weeks"":1},{""target"":""corridor"",""magnitude"":0.28143048320380115,""start_week"":47,""duration_weeks"":1,""recovery_weeks"":1}]"
A,314,604,Independent baseline,True,True,False,Structural,Concentrated dependency; Recovery lag and temporal overlap,Recovery lag and temporal overlap,6,0.852141827211217,226.34135180112128,True,True,True,False,False,"[{""target"":""demand"",""magnitude"":0.1268862386424922,""start_week"":2,""duration_weeks"":1,""recovery_weeks"":4},{""target"":""S1A"",""magnitude"":0.30750380866213195,""start_week"":6,""duration_weeks"":1,""recovery_weeks"":3},{""target"":""demand"",""magnitude"":0.09958291495080991,""start_week"":18,""duration_weeks"":3,""recovery_weeks"":2},{""target"":""T2P"",""magnitude"":0.24702324068603088,""start_week"":21,""duration_weeks"":1,""recovery_weeks"":3},{""target"":""corridor"",""magnitude"":0.3608936295915872,""start_week"":42,""duration_weeks"":2,""recovery_weeks"":2},{""target"":""T2P"",""magnitude"":0.18558032286084825,""start_week"":45,""duration_weeks"":8,""recovery_weeks"":1}]"
A,314,605,Independent baseline,False,,False,Non-failure,Unclassified,Unclassified,4,0.7827920176986929,423.788066856475,True,False,False,False,False,"[{""target"":""T2P"",""magnitude"":0.23560568220672967,""start_week"":4,""duration_weeks"":1,""recovery_weeks"":3},{""target"":""demand"",""magnitude"":0.2774785350262904,""start_week"":17,""duration_weeks"":3,""recovery_weeks"":2},{""target"":""demand"",""magnitude"":0.1257054340714293,""start_week"":32,""duration_weeks"":2,""recovery_weeks"":1},{""target"":""demand"",""magnitude"":0.06814407521612563,""start_week"":37,""duration_weeks"":1,""recovery_weeks"":4}]"
A,314,606,Independent baseline,False,,False,Non-failure,Unclassified,Unclassified,2,0.9375599840868786,59.93858022485938,True,False,False,False,False,"[{""target"":""demand"",""magnitude"":0.06659842247206596,""start_week"":38,""duration_weeks"":1,""recovery_weeks"":1},{""target"":""T2P"",""magnitude"":0.35135173691114074,""start_week"":49,""duration_weeks"":6,""recovery_weeks"":4}]"
A,314,607,Independent baseline,False,,False,Non-failure,Unclassified,Unclassified,2,0.8492114755687575,159.80668642899218,False,True,False,False,False,"[{""target"":""demand"",""magnitude"":0.17756298492110256,""start_week"":7,""duration_weeks"":2,""recovery_weeks"":4},{""target"":""corridor"",""magnitude"":0.22170921539244082,""start_week"":50,""duration_weeks"":5,""recovery_weeks"":4}]"
A,314,608,Independent baseline,True,False,False,Adaptation-limited,Concentrated dependency,Concentrated dependency,3,0.7974037196120171,624.4193780778277,False,False,True,False,True,"[{""target"":""demand"",""magnitude"":0.2540698963463045,""start_week"":7,""duration_weeks"":5,""recovery_weeks"":3},{""target"":""S1C"",""magnitude"":0.20055518260950178,""start_week"":13,""duration_weeks"":3,""recovery_weeks"":2},{""target"":""S1A"",""magnitude"":0.3107578206151379,""start_week"":18,""duration_weeks"":1,""recovery_weeks"":1}]"
A,314,609,Independent baseline,False,,False,Non-failure,Unclassified,Unclassified,2,0.9128388796234171,183.0383527908241,False,True,False,False,True,"[{""target"":""S1C"",""magnitude"":0.44611252084731146,""start_week"":28,""duration_weeks"":2,""recovery_weeks"":1},{""target"":""corridor"",""magnitude"":0.2422642008374417,""start_week"":41,""duration_weeks"":4,""recovery_weeks"":3}]"
A,314,610,Independent baseline,True,False,True,Adaptation-limited,Concentrated dependency; Hidden convergent dependency,Hidden convergent dependency,4,0.8260289219587612,664.465896719307,True,False,True,False,True,"[{""target"":""T2P"",""magnitude"":0.23910838465846165,""start_week"":4,""duration_weeks"":5,""recovery_weeks"":3},{""target"":""demand"",""magnitude"":0.12178243984132625,""start_week"":9,""duration_weeks"":2,""recovery_weeks"":1},{""target"":""S1A"",""magnitude"":0.34366343094747753,""start_week"":11,""duration_weeks"":6,""recovery_weeks"":4},{""target"":""S1C"",""magnitude"":0.3895903819396229,""start_week"":27,""duration_weeks"":1,""recovery_weeks"":1}]"
A,314,611,Independent baseline,False,,False,Non-failure,Unclassified,Unclassified,0,1.0,0.0,False,False,False,False,False,[]
A,314,612,Independent baseline,False,,False,Non-failure,Unclassified,Unclassified,5,0.8775528561633417,436.9362502174354,False,True,True,True,False,"[{""target"":""S1A"",""magnitude"":0.3226827543869627,""start_week"":1,""duration_weeks"":4,""recovery_weeks"":3},{""target"":""S1B"",""magnitude"":0.16507161742574228,""start_week"":29,""duration_weeks"":5,""recovery_weeks"":3},{""target"":""S1A"",""magnitude"":0.28037884140137975,""start_week"":37,""duration_weeks"":7,""recovery_weeks"":3},{""target"":""demand"",""magnitude"":0.1908923244191264,""start_week"":38,""duration_weeks"":5,""recovery_weeks"":4},{""target"":""corridor"",""magnitude"":0.2406959930505158,""start_week"":47,""duration_weeks"":3,""recovery_weeks"":4}]"
A,314,613,Independent baseline,True,True,True,Structural,Concentrated dependency; Propagation-amplified cascade,Propagation-amplified cascade,4,0.8250733839349178,830.2452381368013,True,True,True,False,False,"[{""target"":""S1A"",""magnitude"":0.1916693747568861,""start_week"":11,""duration_weeks"":5,""recovery_weeks"":3},{""target"":""corridor"",""magnitude"":0.38119496204881165,""start_week"":31,""duration_weeks"":4,""recovery_weeks"":4},{""target"":""T2P"",""magnitude"":0.19477113930744136,""start_week"":32,""duration_weeks"":3,""recovery_weeks"":2},{""target"":""corridor"",""magnitude"":0.26753500044067297,""start_week"":39,""duration_weeks"":4,""recovery_weeks"":3}]"
A,314,614,Independent baseline,False,,False,Non-failure,Unclassified,Unclassified,2,0.9188616872497248,79.47276776096714,False,False,True,False,False,"[{""target"":""demand"",""magnitude"":0.08830307528996331,""start_week"":13,""duration_weeks"":13,""recovery_weeks"":2},{""target"":""S1A"",""magnitude"":0.29006722491408377,""start_week"":33,""duration_weeks"":1,""recovery_weeks"":1}]"
A,314,615,Independent baseline,True,True,True,Structural,Concentrated dependency; Hidden convergent dependency; Propagation-amplified cascade,Hidden convergent dependency,2,0.6746439200326342,725.4895874990216,True,True,False,False,False,"[{""target"":""T2P"",""magnitude"":0.28935565535700314,""start_week"":12,""duration_weeks"":6,""recovery_weeks"":1},{""target"":""corridor"",""magnitude"":0.49401705997552436,""start_week"":42,""duration_weeks"":1,""recovery_weeks"":1}]"
A,314,616,Independent baseline,False,,False,Non-failure,Unclassified,Unclassified,2,0.9343646111616719,83.0152666422432,False,False,True,False,False,"[{""target"":""S1A"",""magnitude"":0.353769083302804,""start_week"":14,""duration_weeks"":1,""recovery_weeks"":2},{""target"":""demand"",""magnitude"":0.16896463341017864,""start_week"":29,""duration_weeks"":3,""recovery_weeks"":3}]"
A,314,617,Independent baseline,True,True,True,Structural,Concentrated dependency,Concentrated dependency,3,0.5808733369080882,2852.856093656509,False,True,True,False,False,"[{""target"":""S1A"",""magnitude"":0.2920758109733753,""start_week"":26,""duration_weeks"":5,""recovery_weeks"":4},{""target"":""S1A"",""magnitude"":0.30562481469055924,""start_week"":27,""duration_weeks"":1,""recovery_weeks"":3},{""target"":""corridor"",""magnitude"":0.5643449973189337,""start_week"":29,""duration_weeks"":6,""recovery_weeks"":1}]"
A,314,618,Independent baseline,True,True,False,Structural,Hidden convergent dependency; Compounding moderate disturbance; Propagation-amplified cascade; Recovery lag and temporal overlap,Hidden convergent dependency,4,0.7041800387177168,609.9290489014845,True,True,False,False,False,"[{""target"":""T2P"",""magnitude"":0.18715354887390973,""start_week"":10,""duration_weeks"":1,""recovery_weeks"":2},{""target"":""T2P"",""magnitude"":0.23042447816052436,""start_week"":12,""duration_weeks"":4,""recovery_weeks"":4},{""target"":""corridor"",""magnitude"":0.3915276950671698,""start_week"":27,""duration_weeks"":1,""recovery_weeks"":4},{""target"":""demand"",""magnitude"":0.15211503020512315,""start_week"":28,""duration_weeks"":1,""recovery_weeks"":1}]"
A,314,619,Independent baseline,True,True,False,Structural,Concentrated dependency,Concentrated dependency,3,0.7831251176039282,446.31463014558074,True,True,False,False,False,"[{""target"":""T2P"",""magnitude"":0.2283801090828567,""start_week"":1,""duration_weeks"":2,""recovery_weeks"":4},{""target"":""demand"",""magnitude"":0.2769351633869543,""start_week"":22,""duration_weeks"":1,""recovery_weeks"":2},{""target"":""corridor"",""magnitude"":0.3822615779373264,""start_week"":39,""duration_weeks"":2,""recovery_weeks"":4}]"
A,314,620,Independent baseline,True,True,True,Structural,Concentrated dependency; Hidden convergent dependency; Propagation-amplified cascade,Hidden convergent dependency,3,0.6645503386297517,4162.021060554801,True,True,False,False,False,"[{""target"":""T2P"",""magnitude"":0.4019046952332236,""start_week"":16,""duration_weeks"":10,""recovery_weeks"":1},{""target"":""T2P"",""magnitude"":0.3901782354982235,""start_week"":30,""duration_weeks"":5,""recovery_weeks"":1},{""target"":""corridor"",""magnitude"":0.2563189893067095,""start_week"":45,""duration_weeks"":7,""recovery_weeks"":2}]"
A,314,621,Independent baseline,False,,False,Non-failure,Unclassified,Unclassified,2,0.9327646379744177,121.02365164604817,False,False,True,False,False,"[{""target"":""S1A"",""magnitude"":0.4012795645575601,""start_week"":10,""duration_weeks"":1,""recovery_weeks"":1},{""target"":""S1A"",""magnitude"":0.22910936440406862,""start_week"":49,""duration_weeks"":3,""recovery_weeks"":4}]"
A,314,622,Independent baseline,True,True,True,Structural,Concentrated dependency; Hidden convergent dependency; Propagation-amplified cascade; Recovery lag and temporal overlap,Hidden convergent dependency,4,0.6122277337866437,1219.163555895832,True,False,False,False,False,"[{""target"":""demand"",""magnitude"":0.08327608113698505,""start_week"":25,""duration_weeks"":5,""recovery_weeks"":3},{""target"":""T2P"",""magnitude"":0.4489950395920206,""start_week"":30,""duration_weeks"":3,""recovery_weeks"":4},{""target"":""demand"",""magnitude"":0.11082016686862449,""start_week"":44,""duration_weeks"":1,""recovery_weeks"":4},{""target"":""demand"",""magnitude"":0.09789859636885984,""start_week"":51,""duration_weeks"":6,""recovery_weeks"":2}]"
A,314,623,Independent baseline,True,False,True,Adaptation-limited,Concentrated dependency,Concentrated dependency,1,0.6611786362433065,1070.9917163693522,False,True,False,False,False,"[{""target"":""corridor"",""magnitude"":0.5041160228175201,""start_week"":31,""duration_weeks"":2,""recovery_weeks"":4}]"
A,314,624,Independent baseline,False,,False,Non-failure,Unclassified,Unclassified,2,0.9314498094815998,123.39034293312034,False,False,True,True,False,"[{""target"":""S1A"",""magnitude"":0.4042379286664005,""start_week"":6,""duration_weeks"":1,""recovery_weeks"":2},{""target"":""S1B"",""magnitude"":0.20983486185193675,""start_week"":37,""duration_weeks"":4,""recovery_weeks"":3}]"
A,314,625,Independent baseline,False,,False,Non-failure,Unclassified,Unclassified,2,1.0,0.0,False,True,False,True,False,"[{""target"":""S1B"",""magnitude"":0.22008720162659,""start_week"":19,""duration_weeks"":1,""recovery_weeks"":1},{""target"":""corridor"",""magnitude"":0.24764916499429346,""start_week"":21,""duration_weeks"":1,""recovery_weeks"":4}]"
A,314,626,Independent baseline,True,True,True,Structural,Concentrated dependency; Hidden convergent dependency; Propagation-amplified cascade,Hidden convergent dependency,6,0.28120297441832004,3589.8820519725436,True,True,False,True,False,"[{""target"":""T2P"",""magnitude"":0.47721294154843397,""start_week"":6,""duration_weeks"":4,""recovery_weeks"":2},{""target"":""S1B"",""magnitude"":0.24446555558698055,""start_week"":8,""duration_weeks"":1,""recovery_weeks"":3},{""target"":""T2P"",""magnitude"":0.5158972034883778,""start_week"":10,""duration_weeks"":3,""recovery_weeks"":4},{""target"":""corridor"",""magnitude"":0.32467307745123725,""start_week"":15,""duration_weeks"":2,""recovery_weeks"":2},{""target"":""T2P"",""magnitude"":0.3492663718225071,""start_week"":25,""duration_weeks"":3,""recovery_weeks"":1},{""target"":""demand"",""magnitude"":0.11802356711604044,""start_week"":50,""duration_weeks"":3,""recovery_weeks"":3}]"
A,314,627,Independent baseline,False,,False,Non-failure,Unclassified,Unclassified,1,0.827213788179527,187.98960179406072,False,False,False,False,False,"[{""target"":""demand"",""magnitude"":0.20887733532673403,""start_week"":49,""duration_weeks"":1,""recovery_weeks"":4}]"
A,314,628,Independent baseline,True,False,True,Adaptation-limited,Concentrated dependency,Concentrated dependency,1,0.7031481202138322,1603.000150845306,False,True,False,False,False,"[{""target"":""corridor"",""magnitude"":0.47263890983962586,""start_week"":12,""duration_weeks"":5,""recovery_weeks"":1}]"
A,314,629,Independent baseline,False,,False,Non-failure,Unclassified,Unclassified,4,0.9020139330901941,264.56238065647597,True,True,False,True,False,"[{""target"":""S1B"",""magnitude"":0.21048637784422025,""start_week"":9,""duration_weeks"":4,""recovery_weeks"":2},{""target"":""corridor"",""magnitude"":0.3234895501823545,""start_week"":13,""duration_weeks"":2,""recovery_weeks"":3},{""target"":""T2P"",""magnitude"":0.22221804888299643,""start_week"":16,""duration_weeks"":1,""recovery_weeks"":2},{""target"":""S1B"",""magnitude"":0.393691878162304,""start_week"":50,""duration_weeks"":2,""recovery_weeks"":3}]"
A,314,630,Independent baseline,False,,False,Non-failure,Unclassified,Unclassified,4,0.8987368918146832,164.85079967461047,True,True,True,False,False,"[{""target"":""demand"",""magnitude"":0.11267269554368856,""start_week"":1,""duration_weeks"":1,""recovery_weeks"":1},{""target"":""S1A"",""magnitude"":0.6069651378665906,""start_week"":11,""duration_weeks"":1,""recovery_weeks"":4},{""target"":""corridor"",""magnitude"":0.2033079018969704,""start_week"":15,""duration_weeks"":2,""recovery_weeks"":1},{""target"":""T2P"",""magnitude"":0.15508377515221045,""start_week"":49,""duration_weeks"":9,""recovery_weeks"":3}]"
A,314,631,Independent baseline,False,,False,Non-failure,Unclassified,Unclassified,4,0.8952562601740227,146.04955739618424,True,False,True,True,False,"[{""target"":""T2P"",""magnitude"":0.19949026547047533,""start_week"":35,""duration_weeks"":6,""recovery_weeks"":4},{""target"":""S1B"",""magnitude"":0.26722019526901913,""start_week"":39,""duration_weeks"":2,""recovery_weeks"":1},{""target"":""S1A"",""magnitude"":0.210482759319002,""start_week"":40,""duration_weeks"":1,""recovery_weeks"":3},{""target"":""S1A"",""magnitude"":0.15355427196162397,""start_week"":47,""duration_weeks"":2,""recovery_weeks"":3}]"
A,314,632,Independent baseline,True,True,False,Structural,Concentrated dependency,Concentrated dependency,4,0.8812510237545614,279.5682034531171,False,True,True,False,True,"[{""target"":""S1C"",""magnitude"":0.5171851965522368,""start_week"":26,""duration_weeks"":1,""recovery_weeks"":1},{""target"":""S1A"",""magnitude"":0.22282457907704045,""start_week"":27,""duration_weeks"":1,""recovery_weeks"":3},{""target"":""corridor"",""magnitude"":0.27465660005462916,""start_week"":29,""duration_weeks"":4,""recovery_weeks"":1},{""target"":""demand"",""magnitude"":0.15870975780418237,""start_week"":38,""duration_weeks"":1,""recovery_weeks"":1}]"
A,314,633,Independent baseline,False,,False,Non-failure,Unclassified,Unclassified,0,1.0,0.0,False,False,False,False,False,[]
A,314,634,Independent baseline,False,,False,Non-failure,Unclassified,Unclassified,2,1.0,0.0,True,False,False,True,False,"[{""target"":""S1B"",""magnitude"":0.1656164813055254,""start_week"":15,""duration_weeks"":1,""recovery_weeks"":3},{""target"":""T2P"",""magnitude"":0.30116744629453585,""start_week"":33,""duration_weeks"":1,""recovery_weeks"":1}]"
A,314,635,Independent baseline,True,True,True,Structural,Concentrated dependency; Hidden convergent dependency; Propagation-amplified cascade,Hidden convergent dependency,3,0.5465292711290609,2278.6183800573126,True,False,False,False,False,"[{""target"":""T2P"",""magnitude"":0.4164966797891315,""start_week"":24,""duration_weeks"":3,""recovery_weeks"":1},{""target"":""T2P"",""magnitude"":0.34189962500939136,""start_week"":29,""duration_weeks"":4,""recovery_weeks"":3},{""target"":""T2P"",""magnitude"":0.2525815776610457,""start_week"":33,""duration_weeks"":1,""recovery_weeks"":1}]"
A,314,636,Independent baseline,False,,False,Non-failure,Unclassified,Unclassified,1,1.0,0.0,True,False,False,False,False,"[{""target"":""T2P"",""magnitude"":0.2525648157686068,""start_week"":49,""duration_weeks"":6,""recovery_weeks"":4}]"
A,314,637,Independent baseline,True,True,True,Structural,Concentrated dependency,Concentrated dependency,6,0.4023719140110917,1784.2371214851596,True,True,True,False,False,"[{""target"":""corridor"",""magnitude"":0.24179021838351356,""start_week"":4,""duration_weeks"":2,""recovery_weeks"":2},{""target"":""corridor"",""magnitude"":0.45796997050018007,""start_week"":26,""duration_weeks"":1,""recovery_weeks"":2},{""target"":""T2P"",""magnitude"":0.3027318357190224,""start_week"":40,""duration_weeks"":4,""recovery_weeks"":2},{""target"":""T2P"",""magnitude"":0.28926233640276283,""start_week"":44,""duration_weeks"":2,""recovery_weeks"":2},{""target"":""T2P"",""magnitude"":0.3996004356179067,""start_week"":45,""duration_weeks"":1,""recovery_weeks"":3},{""target"":""S1A"",""magnitude"":0.5054203426153355,""start_week"":49,""duration_weeks"":11,""recovery_weeks"":2}]"
A,314,638,Independent baseline,False,,False,Non-failure,Unclassified,Unclassified,3,0.9010581753129175,267.14292665512266,False,True,False,False,False,"[{""target"":""corridor"",""magnitude"":0.3242063685153118,""start_week"":6,""duration_weeks"":2,""recovery_weeks"":3},{""target"":""corridor"",""magnitude"":0.2663833060883505,""start_week"":24,""duration_weeks"":1,""recovery_weeks"":2},{""target"":""corridor"",""magnitude"":0.31637586211562707,""start_week"":46,""duration_weeks"":6,""recovery_weeks"":4}]"
A,314,639,Independent baseline,True,True,True,Structural,Concentrated dependency,Concentrated dependency,4,0.6009107509607364,1910.9471265576447,True,True,False,False,False,"[{""target"":""corridor"",""magnitude"":0.49517865759970914,""start_week"":24,""duration_weeks"":5,""recovery_weeks"":4},{""target"":""corridor"",""magnitude"":0.24353731190150413,""start_week"":39,""duration_weeks"":1,""recovery_weeks"":4},{""target"":""T2P"",""magnitude"":0.36688720273863984,""start_week"":44,""duration_weeks"":1,""recovery_weeks"":2},{""target"":""demand"",""magnitude"":0.17065414872182522,""start_week"":47,""duration_weeks"":3,""recovery_weeks"":3}]"
A,314,640,Independent baseline,False,,False,Non-failure,Unclassified,Unclassified,1,0.8428874932527243,167.75816132575073,False,False,False,False,False,"[{""target"":""demand"",""magnitude"":0.18639795702861173,""start_week"":20,""duration_weeks"":3,""recovery_weeks"":1}]"
A,314,641,Independent baseline,False,,False,Non-failure,Unclassified,Unclassified,2,0.8314101889860387,744.3533830718775,False,False,False,False,True,"[{""target"":""demand"",""magnitude"":0.20277573362381823,""start_week"":14,""duration_weeks"":10,""recovery_weeks"":4},{""target"":""S1C"",""magnitude"":0.18891199660966965,""start_week"":45,""duration_weeks"":2,""recovery_weeks"":4}]"
A,314,642,Independent baseline,False,,False,Non-failure,Unclassified,Unclassified,4,0.8453652006533906,185.76075554860938,True,True,False,False,False,"[{""target"":""T2P"",""magnitude"":0.2873189267447272,""start_week"":19,""duration_weeks"":1,""recovery_weeks"":1},{""target"":""T2P"",""magnitude"":0.22134873827939738,""start_week"":20,""duration_weeks"":2,""recovery_weeks"":2},{""target"":""corridor"",""magnitude"":0.23542137766857799,""start_week"":49,""duration_weeks"":1,""recovery_weeks"":1},{""target"":""demand"",""magnitude"":0.3143563400200562,""start_week"":51,""duration_weeks"":3,""recovery_weeks"":2}]"
A,314,643,Independent baseline,False,,False,Non-failure,Unclassified,Unclassified,3,0.8982457297891104,206.15158748097156,False,True,False,True,False,"[{""target"":""corridor"",""magnitude"":0.2975733262814544,""start_week"":19,""duration_weeks"":1,""recovery_weeks"":2},{""target"":""S1B"",""magnitude"":0.1960503480334485,""start_week"":25,""duration_weeks"":3,""recovery_weeks"":1},{""target"":""S1B"",""magnitude"":0.4789471079745016,""start_week"":31,""duration_weeks"":3,""recovery_weeks"":1}]"
A,314,644,Independent baseline,True,True,True,Structural,Concentrated dependency,Concentrated dependency,2,0.8398564017724368,762.7675117478026,True,True,False,False,False,"[{""target"":""corridor"",""magnitude"":0.3400070875651705,""start_week"":9,""duration_weeks"":5,""recovery_weeks"":3},{""target"":""T2P"",""magnitude"":0.24412923840480683,""start_week"":16,""duration_weeks"":4,""recovery_weeks"":2}]"
A,314,645,Independent baseline,False,,False,Non-failure,Unclassified,Unclassified,3,0.867453088351211,188.92372214094803,False,False,False,False,True,"[{""target"":""S1C"",""magnitude"":0.28004543468959675,""start_week"":14,""duration_weeks"":2,""recovery_weeks"":4},{""target"":""demand"",""magnitude"":0.13740614532439197,""start_week"":15,""duration_weeks"":2,""recovery_weeks"":1},{""target"":""demand"",""magnitude"":0.22781659288132738,""start_week"":20,""duration_weeks"":2,""recovery_weeks"":4}]"
A,314,646,Independent baseline,False,,False,Non-failure,Unclassified,Unclassified,4,0.9113467653757016,104.08325979804602,False,True,True,False,True,"[{""target"":""demand"",""magnitude"":0.09727717043879684,""start_week"":1,""duration_weeks"":2,""recovery_weeks"":2},{""target"":""S1C"",""magnitude"":0.22270167606557162,""start_week"":14,""duration_weeks"":1,""recovery_weeks"":2},{""target"":""S1A"",""magnitude"":0.3642923938369189,""start_week"":19,""duration_weeks"":6,""recovery_weeks"":2},{""target"":""corridor"",""magnitude"":0.2054866692003075,""start_week"":30,""duration_weeks"":1,""recovery_weeks"":1}]"
A,314,647,Independent baseline,False,,False,Non-failure,Unclassified,Unclassified,2,0.9353930237537003,135.67465011722948,False,True,True,False,False,"[{""target"":""S1A"",""magnitude"":0.3953656965541744,""start_week"":17,""duration_weeks"":9,""recovery_weeks"":1},{""target"":""corridor"",""magnitude"":0.23168265952304334,""start_week"":19,""duration_weeks"":5,""recovery_weeks"":2}]"
A,314,648,Independent baseline,True,True,False,Structural,Concentrated dependency,Concentrated dependency,4,0.4209084809376582,1165.256788141299,False,True,False,False,True,"[{""target"":""demand"",""magnitude"":0.25002273577507617,""start_week"":23,""duration_weeks"":3,""recovery_weeks"":1},{""target"":""corridor"",""magnitude"":0.43574337819090314,""start_week"":33,""duration_weeks"":2,""recovery_weeks"":2},{""target"":""corridor"",""magnitude"":0.44053583333923696,""start_week"":34,""duration_weeks"":1,""recovery_weeks"":1},{""target"":""S1C"",""magnitude"":0.30898715090098494,""start_week"":46,""duration_weeks"":1,""recovery_weeks"":3}]"
A,314,649,Independent baseline,False,,False,Non-failure,Unclassified,Unclassified,0,1.0,0.0,False,False,False,False,False,[]
A,314,650,Independent baseline,True,True,False,Structural,Concentrated dependency; Hidden convergent dependency,Hidden convergent dependency,4,0.5852866586326788,935.5606923125681,True,True,False,False,True,"[{""target"":""demand"",""magnitude"":0.14828295711847844,""start_week"":17,""duration_weeks"":8,""recovery_weeks"":4},{""target"":""T2P"",""magnitude"":0.4537146990171784,""start_week"":24,""duration_weeks"":1,""recovery_weeks"":2},{""target"":""S1C"",""magnitude"":0.35820643145065645,""start_week"":33,""duration_weeks"":1,""recovery_weeks"":1},{""target"":""corridor"",""magnitude"":0.44225368929412123,""start_week"":46,""duration_weeks"":1,""recovery_weeks"":3}]"
A,314,651,Independent baseline,True,True,True,Structural,Concentrated dependency,Concentrated dependency,4,0.6822357334761024,1387.2580775247823,True,True,False,False,False,"[{""target"":""demand"",""magnitude"":0.18161639429216697,""start_week"":2,""duration_weeks"":7,""recovery_weeks"":2},{""target"":""corridor"",""magnitude"":0.3953943044145219,""start_week"":6,""duration_weeks"":3,""recovery_weeks"":1},{""target"":""T2P"",""magnitude"":0.23068360438674224,""start_week"":9,""duration_weeks"":2,""recovery_weeks"":4},{""target"":""demand"",""magnitude"":0.1650249987188359,""start_week"":33,""duration_weeks"":2,""recovery_weeks"":2}]"
A,314,652,Independent baseline,True,True,True,Structural,Concentrated dependency; Hidden convergent dependency; Propagation-amplified cascade,Hidden convergent dependency,1,0.6847030138663295,4224.043887845158,True,False,False,False,False,"[{""target"":""T2P"",""magnitude"":0.38376728752030353,""start_week"":4,""duration_weeks"":16,""recovery_weeks"":1}]"
A,314,653,Independent baseline,False,,False,Non-failure,Unclassified,Unclassified,1,0.9791915267447476,43.69779383602986,False,False,False,True,False,"[{""target"":""S1B"",""magnitude"":0.29681906482431764,""start_week"":19,""duration_weeks"":4,""recovery_weeks"":3}]"
A,314,654,Independent baseline,False,,False,Non-failure,Unclassified,Unclassified,1,0.8085666445589211,294.37702292447386,False,False,False,False,False,"[{""target"":""demand"",""magnitude"":0.23675643402963664,""start_week"":17,""duration_weeks"":3,""recovery_weeks"":3}]"
A,314,655,Independent baseline,True,False,False,Adaptation-limited,Concentrated dependency; Hidden convergent dependency; Propagation-amplified cascade,Hidden convergent dependency,4,0.7200467806577835,435.9438632106601,True,False,False,True,False,"[{""target"":""S1B"",""magnitude"":0.1979142768214773,""start_week"":9,""duration_weeks"":14,""recovery_weeks"":3},{""target"":""T2P"",""magnitude"":0.383985965802665,""start_week"":22,""duration_weeks"":2,""recovery_weeks"":3},{""target"":""demand"",""magnitude"":0.0734341973245344,""start_week"":34,""duration_weeks"":4,""recovery_weeks"":4},{""target"":""S1B"",""magnitude"":0.1767553058876757,""start_week"":45,""duration_weeks"":1,""recovery_weeks"":3}]"
A,314,656,Independent baseline,False,,False,Non-failure,Unclassified,Unclassified,1,0.9294449902756081,148.16552042122305,False,False,False,False,True,"[{""target"":""S1C"",""magnitude"":0.4087487718798818,""start_week"":9,""duration_weeks"":3,""recovery_weeks"":2}]"
A,314,657,Independent baseline,True,True,False,Structural,Compounding moderate disturbance,Compounding moderate disturbance,5,0.8419471835587667,395.030323132107,True,True,False,False,False,"[{""target"":""demand"",""magnitude"":0.11658838710417903,""start_week"":19,""duration_weeks"":1,""recovery_weeks"":3},{""target"":""demand"",""magnitude"":0.16649111842503164,""start_week"":26,""duration_weeks"":3,""recovery_weeks"":2},{""target"":""corridor"",""magnitude"":0.2634070661467966,""start_week"":27,""duration_weeks"":4,""recovery_weeks"":2},{""target"":""T2P"",""magnitude"":0.22801889189860391,""start_week"":38,""duration_weeks"":7,""recovery_weeks"":4},{""target"":""T2P"",""magnitude"":0.5691812088116838,""start_week"":49,""duration_weeks"":4,""recovery_weeks"":4}]"
A,314,658,Independent baseline,True,True,False,Structural,Concentrated dependency; Hidden convergent dependency; Propagation-amplified cascade,Hidden convergent dependency,5,0.7293108685769519,957.0995610845126,True,True,True,False,True,"[{""target"":""T2P"",""magnitude"":0.4581602910409911,""start_week"":3,""duration_weeks"":1,""recovery_weeks"":4},{""target"":""S1C"",""magnitude"":0.32884295449488227,""start_week"":12,""duration_weeks"":2,""recovery_weeks"":1},{""target"":""S1A"",""magnitude"":0.3477078846571372,""start_week"":16,""duration_weeks"":11,""recovery_weeks"":1},{""target"":""T2P"",""magnitude"":0.16308037321753766,""start_week"":41,""duration_weeks"":3,""recovery_weeks"":3},{""target"":""corridor"",""magnitude"":0.3564948734838512,""start_week"":43,""duration_weeks"":8,""recovery_weeks"":2}]"
A,314,659,Independent baseline,True,False,False,Adaptation-limited,Concentrated dependency,Concentrated dependency,2,0.7883702160815184,486.1537567062526,False,True,False,False,False,"[{""target"":""corridor"",""magnitude"":0.28114170125667537,""start_week"":3,""duration_weeks"":2,""recovery_weeks"":2},{""target"":""corridor"",""magnitude"":0.40872233793886126,""start_week"":7,""duration_weeks"":1,""recovery_weeks"":4}]"
A,314,660,Independent baseline,True,True,False,Structural,Compounding moderate disturbance,Compounding moderate disturbance,3,0.8567330053851979,429.86520565158685,True,True,False,False,False,"[{""target"":""demand"",""magnitude"":0.08254136918202129,""start_week"":26,""duration_weeks"":5,""recovery_weeks"":2},{""target"":""corridor"",""magnitude"":0.30441330949515977,""start_week"":28,""duration_weeks"":2,""recovery_weeks"":4},{""target"":""T2P"",""magnitude"":0.35642205816748546,""start_week"":43,""duration_weeks"":1,""recovery_weeks"":2}]"
A,314,661,Independent baseline,True,False,True,Adaptation-limited,Concentrated dependency; Propagation-amplified cascade,Propagation-amplified cascade,3,0.49740897612960433,1205.5104219794619,True,True,False,False,False,"[{""target"":""T2P"",""magnitude"":0.17523304760605446,""start_week"":21,""duration_weeks"":1,""recovery_weeks"":2},{""target"":""demand"",""magnitude"":0.08415852359478157,""start_week"":27,""duration_weeks"":1,""recovery_weeks"":3},{""target"":""corridor"",""magnitude"":0.6269432679027968,""start_week"":42,""duration_weeks"":2,""recovery_weeks"":1}]"
A,314,662,Independent baseline,False,,False,Non-failure,Unclassified,Unclassified,1,0.9793916651297657,37.09500276642166,False,True,False,False,False,"[{""target"":""corridor"",""magnitude"":0.2654562511526757,""start_week"":44,""duration_weeks"":1,""recovery_weeks"":3}]"
A,314,663,Independent baseline,True,True,True,Structural,Concentrated dependency; Hidden convergent dependency; Propagation-amplified cascade,Hidden convergent dependency,3,0.6646845077561045,3625.8671737828345,True,True,False,False,True,"[{""target"":""T2P"",""magnitude"":0.40178394301950593,""start_week"":32,""duration_weeks"":12,""recovery_weeks"":4},{""target"":""corridor"",""magnitude"":0.21531837505533263,""start_week"":34,""duration_weeks"":2,""recovery_weeks"":3},{""target"":""S1C"",""magnitude"":0.45108402319107455,""start_week"":38,""duration_weeks"":2,""recovery_weeks"":4}]"
A,314,664,Independent baseline,True,False,True,Adaptation-limited,Concentrated dependency; Hidden convergent dependency; Propagation-amplified cascade,Hidden convergent dependency,1,0.6942700215363992,650.7325762137891,True,False,False,False,False,"[{""target"":""T2P"",""magnitude"":0.5002093074896542,""start_week"":32,""duration_weeks"":1,""recovery_weeks"":4}]"
A,314,665,Independent baseline,False,,False,Non-failure,Unclassified,Unclassified,6,0.7164056129128433,372.59935405820465,True,False,True,True,False,"[{""target"":""demand"",""magnitude"":0.13764397282957117,""start_week"":2,""duration_weeks"":1,""recovery_weeks"":3},{""target"":""S1B"",""magnitude"":0.2808643947367947,""start_week"":7,""duration_weeks"":3,""recovery_weeks"":2},{""target"":""S1B"",""magnitude"":0.26657517854246976,""start_week"":8,""duration_weeks"":1,""recovery_weeks"":3},{""target"":""S1A"",""magnitude"":0.292439734096266,""start_week"":21,""duration_weeks"":5,""recovery_weeks"":2},{""target"":""S1A"",""magnitude"":0.3897706917882302,""start_week"":41,""duration_weeks"":10,""recovery_weeks"":1},{""target"":""T2P"",""magnitude"":0.4531332319517791,""start_week"":46,""duration_weeks"":5,""recovery_weeks"":1}]"
A,314,666,Independent baseline,True,True,True,Structural,Concentrated dependency; Hidden convergent dependency; Propagation-amplified cascade,Hidden convergent dependency,3,0.5529725886102553,5370.680153084147,True,False,False,False,False,"[{""target"":""T2P"",""magnitude"":0.25999675475999484,""start_week"":5,""duration_weeks"":1,""recovery_weeks"":1},{""target"":""T2P"",""magnitude"":0.26523961395983287,""start_week"":16,""duration_weeks"":6,""recovery_weeks"":2},{""target"":""T2P"",""magnitude"":0.5023246702507702,""start_week"":29,""duration_weeks"":11,""recovery_weeks"":4}]"
A,314,667,Independent baseline,False,,False,Non-failure,Unclassified,Unclassified,4,0.919794625686899,78.47929838455377,False,False,False,True,False,"[{""target"":""demand"",""magnitude"":0.08719922042728173,""start_week"":1,""duration_weeks"":1,""recovery_weeks"":1},{""target"":""S1B"",""magnitude"":0.24843398184198962,""start_week"":8,""duration_weeks"":1,""recovery_weeks"":1},{""target"":""demand"",""magnitude"":0.1530732135956544,""start_week"":19,""duration_weeks"":3,""recovery_weeks"":4},{""target"":""demand"",""magnitude"":0.10879058706213238,""start_week"":40,""duration_weeks"":4,""recovery_weeks"":1}]"
A,314,668,Independent baseline,True,True,False,Structural,Concentrated dependency; Hidden convergent dependency,Hidden convergent dependency,5,0.7178342203279434,823.9318447720266,True,True,False,False,True,"[{""target"":""corridor"",""magnitude"":0.19265365290548783,""start_week"":17,""duration_weeks"":2,""recovery_weeks"":1},{""target"":""T2P"",""magnitude"":0.25632063985299636,""start_week"":22,""duration_weeks"":1,""recovery_weeks"":2},{""target"":""demand"",""magnitude"":0.22161797796467586,""start_week"":32,""duration_weeks"":1,""recovery_weeks"":2},{""target"":""S1C"",""magnitude"":0.5310524065679977,""start_week"":33,""duration_weeks"":7,""recovery_weeks"":3},{""target"":""T2P"",""magnitude"":0.4290646728565489,""start_week"":36,""duration_weeks"":1,""recovery_weeks"":3}]"
A,314,669,Independent baseline,True,True,False,Structural,Concentrated dependency,Concentrated dependency,4,0.7942372999379984,496.371333162562,False,True,False,False,False,"[{""target"":""corridor"",""magnitude"":0.36225737159659466,""start_week"":4,""duration_weeks"":1,""recovery_weeks"":2},{""target"":""corridor"",""magnitude"":0.40432202504650117,""start_week"":8,""duration_weeks"":2,""recovery_weeks"":3},{""target"":""demand"",""magnitude"":0.13158495769801903,""start_week"":26,""duration_weeks"":2,""recovery_weeks"":3},{""target"":""corridor"",""magnitude"":0.48274253090198127,""start_week"":50,""duration_weeks"":4,""recovery_weeks"":2}]"
A,314,670,Independent baseline,True,False,False,Adaptation-limited,Concentrated dependency; Hidden convergent dependency; Propagation-amplified cascade,Hidden convergent dependency,1,0.7535400372965624,401.79851002110445,True,False,False,False,False,"[{""target"":""T2P"",""magnitude"":0.4290852885774584,""start_week"":36,""duration_weeks"":1,""recovery_weeks"":4}]"
A,314,671,Independent baseline,False,,False,Non-failure,Unclassified,Unclassified,3,0.8992867846969735,100.79308994101018,False,True,False,False,False,"[{""target"":""demand"",""magnitude"":0.11199232215667784,""start_week"":4,""duration_weeks"":1,""recovery_weeks"":3},{""target"":""corridor"",""magnitude"":0.26513411515284635,""start_week"":16,""duration_weeks"":2,""recovery_weeks"":4},{""target"":""corridor"",""magnitude"":0.34276994920665094,""start_week"":39,""duration_weeks"":1,""recovery_weeks"":3}]"
A,314,672,Independent baseline,True,False,False,Adaptation-limited,Concentrated dependency; Hidden convergent dependency; Propagation-amplified cascade,Hidden convergent dependency,1,0.7333673067166931,529.8624077973927,True,False,False,False,False,"[{""target"":""T2P"",""magnitude"":0.5099541359324642,""start_week"":6,""duration_weeks"":1,""recovery_weeks"":3}]"
A,314,673,Independent baseline,True,True,False,Structural,Concentrated dependency; Hidden convergent dependency; Propagation-amplified cascade,Hidden convergent dependency,8,0.5633175543881603,820.5528442099264,True,True,False,True,True,"[{""target"":""T2P"",""magnitude"":0.4593802978871473,""start_week"":1,""duration_weeks"":1,""recovery_weeks"":2},{""target"":""corridor"",""magnitude"":0.2228121968908178,""start_week"":18,""duration_weeks"":2,""recovery_weeks"":1},{""target"":""demand"",""magnitude"":0.12674949519070197,""start_week"":21,""duration_weeks"":2,""recovery_weeks"":1},{""target"":""demand"",""magnitude"":0.13958622505295343,""start_week"":26,""duration_weeks"":9,""recovery_weeks"":2},{""target"":""T2P"",""magnitude"":0.19853830308807058,""start_week"":34,""duration_weeks"":1,""recovery_weeks"":1},{""target"":""S1B"",""magnitude"":0.22266070988629832,""start_week"":37,""duration_weeks"":1,""recovery_weeks"":2},{""target"":""corridor"",""magnitude"":0.5775118342088797,""start_week"":44,""duration_weeks"":1,""recovery_weeks"":2},{""target"":""S1C"",""magnitude"":0.3658982586417654,""start_week"":49,""duration_weeks"":5,""recovery_weeks"":3}]"
A,314,674,Independent baseline,True,True,False,Structural,Concentrated dependency,Concentrated dependency,3,0.8573469025043056,385.16336323837504,False,True,False,False,True,"[{""target"":""corridor"",""magnitude"":0.3569898231217708,""start_week"":10,""duration_weeks"":2,""recovery_weeks"":2},{""target"":""demand"",""magnitude"":0.1776447127473803,""start_week"":22,""duration_weeks"":2,""recovery_weeks"":2},{""target"":""S1C"",""magnitude"":0.466412188965876,""start_week"":30,""duration_weeks"":7,""recovery_weeks"":2}]"
A,314,675,Independent baseline,False,,False,Non-failure,Unclassified,Unclassified,3,0.9125941792767792,93.76170490464665,False,False,True,False,False,"[{""target"":""S1A"",""magnitude"":0.2658660808886397,""start_week"":11,""duration_weeks"":1,""recovery_weeks"":2},{""target"":""demand"",""magnitude"":0.11123126362233599,""start_week"":15,""duration_weeks"":3,""recovery_weeks"":4},{""target"":""demand"",""magnitude"":0.1754076805641222,""start_week"":51,""duration_weeks"":3,""recovery_weeks"":2}]"
A,314,676,Independent baseline,False,,False,Non-failure,Unclassified,Unclassified,3,0.7970854018615239,271.8041224608281,True,True,True,False,False,"[{""target"":""T2P"",""magnitude"":0.42393470748694273,""start_week"":6,""duration_weeks"":1,""recovery_weeks"":3},{""target"":""S1A"",""magnitude"":0.19497990477269458,""start_week"":16,""duration_weeks"":5,""recovery_weeks"":4},{""target"":""corridor"",""magnitude"":0.29387640943365917,""start_week"":18,""duration_weeks"":5,""recovery_weeks"":4}]"
A,314,677,Independent baseline,False,,False,Non-failure,Unclassified,Unclassified,2,1.0,0.0,True,False,False,False,True,"[{""target"":""S1C"",""magnitude"":0.2017132316004852,""start_week"":13,""duration_weeks"":1,""recovery_weeks"":1},{""target"":""T2P"",""magnitude"":0.18920723971455514,""start_week"":24,""duration_weeks"":5,""recovery_weeks"":4}]"
A,314,678,Independent baseline,True,True,True,Structural,Concentrated dependency; Hidden convergent dependency; Propagation-amplified cascade,Hidden convergent dependency,3,0.6263640394396482,1652.8005214340947,True,False,False,False,False,"[{""target"":""T2P"",""magnitude"":0.37111256282967964,""start_week"":1,""duration_weeks"":1,""recovery_weeks"":4},{""target"":""T2P"",""magnitude"":0.4362723645043166,""start_week"":14,""duration_weeks"":5,""recovery_weeks"":3},{""target"":""demand"",""magnitude"":0.08912723549209917,""start_week"":32,""duration_weeks"":2,""recovery_weeks"":2}]"
A,314,679,Independent baseline,True,False,True,Adaptation-limited,Concentrated dependency,Concentrated dependency,2,0.6463108766410648,954.9606330691253,False,True,False,False,False,"[{""target"":""corridor"",""magnitude"":0.5152668425192014,""start_week"":40,""duration_weeks"":2,""recovery_weeks"":1},{""target"":""demand"",""magnitude"":0.22410486456217704,""start_week"":51,""duration_weeks"":5,""recovery_weeks"":4}]"
A,314,680,Independent baseline,True,True,True,Structural,Concentrated dependency,Concentrated dependency,4,0.7279335386055148,1154.025689012251,True,True,False,False,False,"[{""target"":""corridor"",""magnitude"":0.4091145618903689,""start_week"":3,""duration_weeks"":1,""recovery_weeks"":2},{""target"":""T2P"",""magnitude"":0.34485981525503656,""start_week"":8,""duration_weeks"":3,""recovery_weeks"":4},{""target"":""corridor"",""magnitude"":0.4426124186974276,""start_week"":34,""duration_weeks"":4,""recovery_weeks"":4},{""target"":""demand"",""magnitude"":0.12422847989387738,""start_week"":47,""duration_weeks"":3,""recovery_weeks"":4}]"
A,314,681,Independent baseline,False,,False,Non-failure,Unclassified,Unclassified,1,0.8300104342860464,184.32371789898866,False,False,False,False,False,"[{""target"":""demand"",""magnitude"":0.2048041309988764,""start_week"":22,""duration_weeks"":1,""recovery_weeks"":2}]"
A,314,682,Independent baseline,False,,False,Non-failure,Unclassified,Unclassified,3,0.9170188907142679,164.2588909161069,False,False,True,False,False,"[{""target"":""S1A"",""magnitude"":0.3737781748160648,""start_week"":3,""duration_weeks"":1,""recovery_weeks"":3},{""target"":""S1A"",""magnitude"":0.2385530094656272,""start_week"":5,""duration_weeks"":2,""recovery_weeks"":3},{""target"":""S1A"",""magnitude"":0.43670749589289737,""start_week"":19,""duration_weeks"":9,""recovery_weeks"":1}]"
A,314,683,Independent baseline,False,,False,Non-failure,Unclassified,Unclassified,2,0.8776489202278207,125.46699398476721,False,False,False,False,True,"[{""target"":""demand"",""magnitude"":0.13940777109418573,""start_week"":2,""duration_weeks"":2,""recovery_weeks"":1},{""target"":""S1C"",""magnitude"":0.3632217745934071,""start_week"":28,""duration_weeks"":1,""recovery_weeks"":3}]"
A,314,684,Independent baseline,False,,False,Non-failure,Unclassified,Unclassified,2,0.8057117584429425,236.86737830608251,True,False,False,False,False,"[{""target"":""T2P"",""magnitude"":0.4122891261020275,""start_week"":13,""duration_weeks"":1,""recovery_weeks"":3},{""target"":""T2P"",""magnitude"":0.16600495982988622,""start_week"":26,""duration_weeks"":1,""recovery_weeks"":1}]"
A,314,685,Independent baseline,False,,False,Non-failure,Unclassified,Unclassified,1,1.0,0.0,False,False,False,False,True,"[{""target"":""S1C"",""magnitude"":0.19372251690746206,""start_week"":38,""duration_weeks"":8,""recovery_weeks"":4}]"
A,314,686,Independent baseline,False,,False,Non-failure,Unclassified,Unclassified,2,0.9346930988563541,171.32933122223767,False,True,True,False,False,"[{""target"":""S1A"",""magnitude"":0.3844422729091884,""start_week"":25,""duration_weeks"":4,""recovery_weeks"":4},{""target"":""corridor"",""magnitude"":0.2989801758577344,""start_week"":26,""duration_weeks"":1,""recovery_weeks"":4}]"
A,314,687,Independent baseline,True,True,True,Structural,Concentrated dependency,Concentrated dependency,1,0.8249613538795587,1102.7434705587793,False,True,False,False,False,"[{""target"":""corridor"",""magnitude"":0.3812789845903308,""start_week"":18,""duration_weeks"":6,""recovery_weeks"":1}]"
A,314,688,Independent baseline,False,,False,Non-failure,Unclassified,Unclassified,3,0.8572099700217082,309.95699248658343,False,True,False,True,False,"[{""target"":""demand"",""magnitude"":0.16657532573340916,""start_week"":16,""duration_weeks"":5,""recovery_weeks"":2},{""target"":""corridor"",""magnitude"":0.3154142602628167,""start_week"":22,""duration_weeks"":2,""recovery_weeks"":2},{""target"":""S1B"",""magnitude"":0.20928455306846705,""start_week"":32,""duration_weeks"":2,""recovery_weeks"":4}]"
A,314,689,Independent baseline,False,,False,Non-failure,Unclassified,Unclassified,3,0.8414314085278959,169.6059011804316,False,False,True,True,False,"[{""target"":""S1B"",""magnitude"":0.21007284269032658,""start_week"":13,""duration_weeks"":5,""recovery_weeks"":2},{""target"":""demand"",""magnitude"":0.18845100131159082,""start_week"":25,""duration_weeks"":3,""recovery_weeks"":4},{""target"":""S1A"",""magnitude"":0.2616456782889232,""start_week"":29,""duration_weeks"":8,""recovery_weeks"":4}]"
A,314,690,Independent baseline,True,False,False,Adaptation-limited,Concentrated dependency; Hidden convergent dependency; Propagation-amplified cascade,Hidden convergent dependency,5,0.7039157246721864,679.5651296553881,True,False,True,True,True,"[{""target"":""S1C"",""magnitude"":0.2836317123158557,""start_week"":4,""duration_weeks"":3,""recovery_weeks"":3},{""target"":""S1A"",""magnitude"":0.17099205721962435,""start_week"":5,""duration_weeks"":2,""recovery_weeks"":1},{""target"":""S1C"",""magnitude"":0.4207071653473521,""start_week"":9,""duration_weeks"":1,""recovery_weeks"":1},{""target"":""S1B"",""magnitude"":0.22486774192935122,""start_week"":28,""duration_weeks"":2,""recovery_weeks"":4},{""target"":""T2P"",""magnitude"":0.3664758477950322,""start_week"":37,""duration_weeks"":4,""recovery_weeks"":2}]"
A,314,691,Independent baseline,True,True,True,Structural,Concentrated dependency; Propagation-amplified cascade,Propagation-amplified cascade,4,0.8186284238637316,517.979368295561,True,True,False,False,False,"[{""target"":""T2P"",""magnitude"":0.3676598804657381,""start_week"":4,""duration_weeks"":1,""recovery_weeks"":2},{""target"":""corridor"",""magnitude"":0.3860286821022015,""start_week"":18,""duration_weeks"":2,""recovery_weeks"":4},{""target"":""corridor"",""magnitude"":0.19112582163404282,""start_week"":24,""duration_weeks"":1,""recovery_weeks"":1},{""target"":""corridor"",""magnitude"":0.31329305798149937,""start_week"":46,""duration_weeks"":3,""recovery_weeks"":1}]"
A,314,692,Independent baseline,True,False,True,Adaptation-limited,Concentrated dependency; Hidden convergent dependency; Propagation-amplified cascade,Hidden convergent dependency,7,0.6944563143073533,774.9465856169096,True,True,False,True,True,"[{""target"":""T2P"",""magnitude"":0.37498931712338196,""start_week"":3,""duration_weeks"":4,""recovery_weeks"":1},{""target"":""S1B"",""magnitude"":0.27250157897730753,""start_week"":25,""duration_weeks"":1,""recovery_weeks"":4},{""target"":""corridor"",""magnitude"":0.3186091923649954,""start_week"":29,""duration_weeks"":1,""recovery_weeks"":3},{""target"":""demand"",""magnitude"":0.07766553569766825,""start_week"":37,""duration_weeks"":3,""recovery_weeks"":3},{""target"":""T2P"",""magnitude"":0.40316746211729104,""start_week"":44,""duration_weeks"":1,""recovery_weeks"":1},{""target"":""demand"",""magnitude"":0.07966946025805194,""start_week"":46,""duration_weeks"":4,""recovery_weeks"":3},{""target"":""S1C"",""magnitude"":0.3848522201127626,""start_week"":48,""duration_weeks"":1,""recovery_weeks"":1}]"
A,314,693,Independent baseline,True,True,True,Structural,Concentrated dependency,Concentrated dependency,2,0.7914360182617279,1126.3568292620766,False,True,False,False,False,"[{""target"":""corridor"",""magnitude"":0.35336670829928246,""start_week"":36,""duration_weeks"":5,""recovery_weeks"":2},{""target"":""demand"",""magnitude"":0.08938398351046636,""start_week"":38,""duration_weeks"":3,""recovery_weeks"":4}]"
A,314,694,Independent baseline,False,,False,Non-failure,Unclassified,Unclassified,2,0.7267717830938513,394.10702756921603,True,False,False,False,False,"[{""target"":""T2P"",""magnitude"":0.2278127147716157,""start_week"":25,""duration_weeks"":1,""recovery_weeks"":3},{""target"":""T2P"",""magnitude"":0.345905395215534,""start_week"":30,""duration_weeks"":2,""recovery_weeks"":2}]"
A,314,695,Independent baseline,False,,False,Non-failure,Unclassified,Unclassified,3,0.8376564765814765,219.04562891083424,True,False,False,True,False,"[{""target"":""T2P"",""magnitude"":0.2765917278583288,""start_week"":11,""duration_weeks"":1,""recovery_weeks"":4},{""target"":""S1B"",""magnitude"":0.30836898665368206,""start_week"":42,""duration_weeks"":1,""recovery_weeks"":4},{""target"":""demand"",""magnitude"":0.16283733891619367,""start_week"":44,""duration_weeks"":3,""recovery_weeks"":4}]"
A,314,696,Independent baseline,False,,False,Non-failure,Unclassified,Unclassified,2,0.8800715582779348,126.66684976121041,False,True,False,False,False,"[{""target"":""corridor"",""magnitude"":0.2623000232847583,""start_week"":10,""duration_weeks"":1,""recovery_weeks"":3},{""target"":""demand"",""magnitude"":0.17354100627181118,""start_week"":30,""duration_weeks"":1,""recovery_weeks"":2}]"
A,314,697,Independent baseline,False,,False,Non-failure,Unclassified,Unclassified,5,0.9028040927617551,154.84380434878847,True,True,False,False,True,"[{""target"":""S1C"",""magnitude"":0.29258334355860005,""start_week"":15,""duration_weeks"":7,""recovery_weeks"":1},{""target"":""corridor"",""magnitude"":0.2787105139427809,""start_week"":16,""duration_weeks"":3,""recovery_weeks"":1},{""target"":""T2P"",""magnitude"":0.2232248446796372,""start_week"":19,""duration_weeks"":1,""recovery_weeks"":3},{""target"":""demand"",""magnitude"":0.06681325196649268,""start_week"":36,""duration_weeks"":2,""recovery_weeks"":2},{""target"":""corridor"",""magnitude"":0.3864132839939224,""start_week"":50,""duration_weeks"":1,""recovery_weeks"":1}]"
A,314,698,Independent baseline,False,,False,Non-failure,Unclassified,Unclassified,3,0.939027303915744,164.626279427491,True,True,False,False,False,"[{""target"":""corridor"",""magnitude"":0.29572952206319186,""start_week"":9,""duration_weeks"":2,""recovery_weeks"":1},{""target"":""demand"",""magnitude"":0.09260057558457846,""start_week"":20,""duration_weeks"":2,""recovery_weeks"":1},{""target"":""T2P"",""magnitude"":0.18376212264004982,""start_week"":24,""duration_weeks"":7,""recovery_weeks"":2}]"
A,314,699,Independent baseline,False,,False,Non-failure,Unclassified,Unclassified,0,1.0,0.0,False,False,False,False,False,[]
A,314,700,Independent baseline,True,True,True,Structural,Concentrated dependency,Concentrated dependency,3,0.37407679671063987,3079.439700912586,False,True,False,False,False,"[{""target"":""corridor"",""magnitude"":0.3477298967859479,""start_week"":16,""duration_weeks"":4,""recovery_weeks"":3},{""target"":""corridor"",""magnitude"":0.36327513381436083,""start_week"":28,""duration_weeks"":2,""recovery_weeks"":2},{""target"":""corridor"",""magnitude"":0.5593738953314531,""start_week"":29,""duration_weeks"":6,""recovery_weeks"":1}]"
A,314,701,Independent baseline,True,True,True,Structural,Concentrated dependency; Hidden convergent dependency; Propagation-amplified cascade,Hidden convergent dependency,4,0.7020006014618717,1536.56344678769,True,True,False,True,False,"[{""target"":""T2P"",""magnitude"":0.36819945868431536,""start_week"":3,""duration_weeks"":3,""recovery_weeks"":4},{""target"":""S1B"",""magnitude"":0.3554317821713048,""start_week"":9,""duration_weeks"":1,""recovery_weeks"":3},{""target"":""corridor"",""magnitude"":0.42047535904038436,""start_week"":43,""duration_weeks"":7,""recovery_weeks"":4},{""target"":""T2P"",""magnitude"":0.29936626483576967,""start_week"":44,""duration_weeks"":4,""recovery_weeks"":1}]"
A,314,702,Independent baseline,True,True,True,Structural,Concentrated dependency; Propagation-amplified cascade,Propagation-amplified cascade,3,0.6516468178318469,1410.1537488735466,True,True,False,False,False,"[{""target"":""T2P"",""magnitude"":0.2739533420708017,""start_week"":14,""duration_weeks"":1,""recovery_weeks"":3},{""target"":""corridor"",""magnitude"":0.4165413631652827,""start_week"":29,""duration_weeks"":3,""recovery_weeks"":2},{""target"":""T2P"",""magnitude"":0.4135178639513377,""start_week"":35,""duration_weeks"":3,""recovery_weeks"":2}]"
A,314,703,Independent baseline,True,True,True,Structural,Concentrated dependency; Hidden convergent dependency; Propagation-amplified cascade,Hidden convergent dependency,5,0.5758372795057737,1105.0567563288166,True,True,False,False,False,"[{""target"":""T2P"",""magnitude"":0.6300162160939475,""start_week"":16,""duration_weeks"":1,""recovery_weeks"":4},{""target"":""corridor"",""magnitude"":0.28261915989295483,""start_week"":18,""duration_weeks"":3,""recovery_weeks"":4},{""target"":""demand"",""magnitude"":0.14270260461975082,""start_week"":29,""duration_weeks"":1,""recovery_weeks"":2},{""target"":""corridor"",""magnitude"":0.401018618549004,""start_week"":36,""duration_weeks"":2,""recovery_weeks"":2},{""target"":""corridor"",""magnitude"":0.2891164638686632,""start_week"":50,""duration_weeks"":7,""recovery_weeks"":1}]"
A,314,704,Independent baseline,False,,False,Non-failure,Unclassified,Unclassified,3,0.9048663146580427,139.9419137640632,True,False,True,False,False,"[{""target"":""S1A"",""magnitude"":0.26331926276891854,""start_week"":7,""duration_weeks"":3,""recovery_weeks"":2},{""target"":""T2P"",""magnitude"":0.20063175366958322,""start_week"":20,""duration_weeks"":1,""recovery_weeks"":4},{""target"":""demand"",""magnitude"":0.1204003866366998,""start_week"":24,""duration_weeks"":5,""recovery_weeks"":2}]"
A,314,705,Independent baseline,False,,False,Non-failure,Unclassified,Unclassified,3,0.8961864645661055,559.3894099068734,False,False,True,True,False,"[{""target"":""S1A"",""magnitude"":0.3754088925519572,""start_week"":18,""duration_weeks"":10,""recovery_weeks"":1},{""target"":""S1B"",""magnitude"":0.44177749054227666,""start_week"":22,""duration_weeks"":6,""recovery_weeks"":2},{""target"":""demand"",""magnitude"":0.12274100686972797,""start_week"":45,""duration_weeks"":2,""recovery_weeks"":1}]"
A,314,706,Independent baseline,True,False,False,Adaptation-limited,Concentrated dependency; Recovery lag and temporal overlap,Recovery lag and temporal overlap,3,0.6312849561552676,672.2574109225967,False,True,False,False,False,"[{""target"":""corridor"",""magnitude"":0.32267284960795944,""start_week"":39,""duration_weeks"":1,""recovery_weeks"":4},{""target"":""corridor"",""magnitude"":0.4849914649927465,""start_week"":43,""duration_weeks"":1,""recovery_weeks"":1},{""target"":""corridor"",""magnitude"":0.34067779440211216,""start_week"":51,""duration_weeks"":5,""recovery_weeks"":1}]"
A,314,707,Independent baseline,True,True,True,Structural,Concentrated dependency; Hidden convergent dependency,Hidden convergent dependency,5,0.8242867903472054,1014.8206210660892,True,True,False,False,True,"[{""target"":""corridor"",""magnitude"":0.3211779596088583,""start_week"":2,""duration_weeks"":1,""recovery_weeks"":1},{""target"":""T2P"",""magnitude"":0.23682933490642755,""start_week"":8,""duration_weeks"":9,""recovery_weeks"":1},{""target"":""corridor"",""magnitude"":0.28622387994567766,""start_week"":11,""duration_weeks"":2,""recovery_weeks"":1},{""target"":""demand"",""magnitude"":0.1545756944678055,""start_week"":13,""duration_weeks"":2,""recovery_weeks"":1},{""target"":""S1C"",""magnitude"":0.24367799077914823,""start_week"":37,""duration_weeks"":3,""recovery_weeks"":2}]"
A,314,708,Independent baseline,False,,False,Non-failure,Unclassified,Unclassified,2,0.6714301769711161,710.1914438874628,True,False,False,False,False,"[{""target"":""T2P"",""magnitude"":0.3984033027309988,""start_week"":7,""duration_weeks"":1,""recovery_weeks"":1},{""target"":""demand"",""magnitude"":0.1987029094951892,""start_week"":10,""duration_weeks"":4,""recovery_weeks"":3}]"
A,314,709,Independent baseline,True,True,True,Structural,Concentrated dependency; Hidden convergent dependency; Propagation-amplified cascade,Hidden convergent dependency,4,0.4154550979766762,1476.7607329618752,True,False,False,False,True,"[{""target"":""S1C"",""magnitude"":0.29777081324977206,""start_week"":2,""duration_weeks"":5,""recovery_weeks"":3},{""target"":""T2P"",""magnitude"":0.6260904118209915,""start_week"":22,""duration_weeks"":3,""recovery_weeks"":1},{""target"":""T2P"",""magnitude"":0.21915999850562767,""start_week"":41,""duration_weeks"":5,""recovery_weeks"":2},{""target"":""T2P"",""magnitude"":0.22432950762353443,""start_week"":50,""duration_weeks"":1,""recovery_weeks"":2}]"
A,314,710,Independent baseline,True,False,True,Adaptation-limited,Concentrated dependency; Hidden convergent dependency; Propagation-amplified cascade,Hidden convergent dependency,4,0.7047780601876896,719.9236656131665,True,False,True,False,False,"[{""target"":""S1A"",""magnitude"":0.2094220456020923,""start_week"":5,""duration_weeks"":1,""recovery_weeks"":1},{""target"":""T2P"",""magnitude"":0.3656997458310793,""start_week"":13,""duration_weeks"":3,""recovery_weeks"":4},{""target"":""S1A"",""magnitude"":0.5347862626523381,""start_week"":24,""duration_weeks"":1,""recovery_weeks"":4},{""target"":""T2P"",""magnitude"":0.31852354034439423,""start_week"":42,""duration_weeks"":1,""recovery_weeks"":4}]"
A,314,711,Independent baseline,False,,False,Non-failure,Unclassified,Unclassified,1,0.8859174216607638,115.89603951216657,False,False,False,False,False,"[{""target"":""demand"",""magnitude"":0.12877337723574078,""start_week"":20,""duration_weeks"":2,""recovery_weeks"":2}]"
A,314,712,Independent baseline,True,True,False,Structural,Concentrated dependency,Concentrated dependency,3,0.8599331909371634,252.12025631310598,True,True,False,False,False,"[{""target"":""corridor"",""magnitude"":0.35505010679712756,""start_week"":16,""duration_weeks"":1,""recovery_weeks"":2},{""target"":""demand"",""magnitude"":0.1158667885980217,""start_week"":31,""duration_weeks"":1,""recovery_weeks"":1},{""target"":""T2P"",""magnitude"":0.3331792706326082,""start_week"":48,""duration_weeks"":1,""recovery_weeks"":4}]"
A,314,713,Independent baseline,False,,False,Non-failure,Unclassified,Unclassified,0,1.0,0.0,False,False,False,False,False,[]
A,314,714,Independent baseline,True,True,False,Structural,Concentrated dependency; Hidden convergent dependency; Propagation-amplified cascade,Hidden convergent dependency,4,0.68084380268314,699.317023802915,True,False,False,False,True,"[{""target"":""T2P"",""magnitude"":0.44982925595072876,""start_week"":1,""duration_weeks"":2,""recovery_weeks"":3},{""target"":""S1C"",""magnitude"":0.3298401519439228,""start_week"":3,""duration_weeks"":2,""recovery_weeks"":1},{""target"":""T2P"",""magnitude"":0.23516778978873965,""start_week"":21,""duration_weeks"":1,""recovery_weeks"":3},{""target"":""demand"",""magnitude"":0.10139447381176188,""start_week"":38,""duration_weeks"":4,""recovery_weeks"":3}]"
A,314,715,Independent baseline,False,,False,Non-failure,Unclassified,Unclassified,0,1.0,0.0,False,False,False,False,False,[]
A,314,716,Independent baseline,True,True,True,Structural,Concentrated dependency; Hidden convergent dependency; Propagation-amplified cascade,Hidden convergent dependency,3,0.8424053937361073,839.2690291937859,True,False,False,False,True,"[{""target"":""T2P"",""magnitude"":0.24183514563750336,""start_week"":13,""duration_weeks"":9,""recovery_weeks"":2},{""target"":""S1C"",""magnitude"":0.4125645002228543,""start_week"":33,""duration_weeks"":3,""recovery_weeks"":1},{""target"":""T2P"",""magnitude"":0.2366816083002893,""start_week"":51,""duration_weeks"":6,""recovery_weeks"":2}]"
A,314,717,Independent baseline,False,,False,Non-failure,Unclassified,Unclassified,2,0.8981891133251293,102.60347297489977,False,False,False,False,True,"[{""target"":""S1C"",""magnitude"":0.2576031626326207,""start_week"":15,""duration_weeks"":10,""recovery_weeks"":3},{""target"":""demand"",""magnitude"":0.11976098612191402,""start_week"":45,""duration_weeks"":6,""recovery_weeks"":3}]"
A,314,718,Independent baseline,True,True,True,Structural,Concentrated dependency; Hidden convergent dependency; Propagation-amplified cascade,Hidden convergent dependency,1,0.5972514203573405,1212.3686083919677,True,False,False,False,False,"[{""target"":""T2P"",""magnitude"":0.4624737216783935,""start_week"":34,""duration_weeks"":4,""recovery_weeks"":1}]"
A,314,719,Independent baseline,False,,False,Non-failure,Unclassified,Unclassified,5,0.8674303567146155,137.54727170114484,False,False,False,False,True,"[{""target"":""demand"",""magnitude"":0.1528303018901606,""start_week"":13,""duration_weeks"":1,""recovery_weeks"":1},{""target"":""demand"",""magnitude"":0.09859159152132974,""start_week"":18,""duration_weeks"":1,""recovery_weeks"":1},{""target"":""demand"",""magnitude"":0.1255424919157572,""start_week"":31,""duration_weeks"":3,""recovery_weeks"":4},{""target"":""S1C"",""magnitude"":0.3884912420963717,""start_week"":39,""duration_weeks"":1,""recovery_weeks"":2},{""target"":""demand"",""magnitude"":0.20350073347648578,""start_week"":40,""duration_weeks"":2,""recovery_weeks"":2}]"
A,314,720,Independent baseline,False,,False,Non-failure,Unclassified,Unclassified,1,0.8707714957842407,133.5662161167038,False,False,False,False,False,"[{""target"":""demand"",""magnitude"":0.14840690679633758,""start_week"":4,""duration_weeks"":2,""recovery_weeks"":2}]"
A,314,721,Independent baseline,True,True,False,Structural,Concentrated dependency; Hidden convergent dependency,Hidden convergent dependency,3,0.806639873229606,317.52870704169425,True,False,False,True,False,"[{""target"":""S1B"",""magnitude"":0.2905869746115265,""start_week"":1,""duration_weeks"":4,""recovery_weeks"":1},{""target"":""demand"",""magnitude"":0.1210901702258027,""start_week"":15,""duration_weeks"":1,""recovery_weeks"":2},{""target"":""T2P"",""magnitude"":0.4580061239311193,""start_week"":38,""duration_weeks"":1,""recovery_weeks"":4}]"
A,314,722,Independent baseline,True,True,True,Structural,Concentrated dependency; Hidden convergent dependency; Propagation-amplified cascade,Hidden convergent dependency,2,0.6479447332762689,1092.6735702824685,True,False,True,False,False,"[{""target"":""T2P"",""magnitude"":0.4168497400513579,""start_week"":36,""duration_weeks"":4,""recovery_weeks"":2},{""target"":""S1A"",""magnitude"":0.269647151353047,""start_week"":51,""duration_weeks"":1,""recovery_weeks"":1}]"
A,314,723,Independent baseline,True,True,False,Structural,Hidden convergent dependency; Compounding moderate disturbance; Propagation-amplified cascade,Hidden convergent dependency,3,0.8235831596583787,280.9881550058549,True,False,True,False,False,"[{""target"":""T2P"",""magnitude"":0.26585946059773413,""start_week"":6,""duration_weeks"":2,""recovery_weeks"":3},{""target"":""T2P"",""magnitude"":0.2587751563074592,""start_week"":11,""duration_weeks"":1,""recovery_weeks"":1},{""target"":""S1A"",""magnitude"":0.22190621109145314,""start_week"":29,""duration_weeks"":2,""recovery_weeks"":2}]"
A,314,724,Independent baseline,True,True,True,Structural,Concentrated dependency; Hidden convergent dependency; Propagation-amplified cascade,Hidden convergent dependency,5,0.6742663280906704,2231.6030471839654,True,False,True,False,True,"[{""target"":""T2P"",""magnitude"":0.3931603047183965,""start_week"":2,""duration_weeks"":8,""recovery_weeks"":3},{""target"":""S1A"",""magnitude"":0.32829191578144584,""start_week"":18,""duration_weeks"":4,""recovery_weeks"":4},{""target"":""S1C"",""magnitude"":0.5912838016201581,""start_week"":35,""duration_weeks"":2,""recovery_weeks"":2},{""target"":""demand"",""magnitude"":0.126270924439213,""start_week"":42,""duration_weeks"":1,""recovery_weeks"":2},{""target"":""T2P"",""magnitude"":0.22832786104005984,""start_week"":44,""duration_weeks"":2,""recovery_weeks"":1}]"
A,314,725,Independent baseline,True,True,False,Structural,Concentrated dependency,Concentrated dependency,2,0.8745694261826548,247.7575708146726,False,True,True,False,False,"[{""target"":""S1A"",""magnitude"":0.3049563448586284,""start_week"":35,""duration_weeks"":2,""recovery_weeks"":1},{""target"":""corridor"",""magnitude"":0.3440729303630089,""start_week"":36,""duration_weeks"":1,""recovery_weeks"":2}]"
A,314,726,Independent baseline,False,,False,Non-failure,Unclassified,Unclassified,3,0.779197989705532,255.03378074694524,True,False,False,False,True,"[{""target"":""demand"",""magnitude"":0.2833708674966057,""start_week"":22,""duration_weeks"":1,""recovery_weeks"":3},{""target"":""T2P"",""magnitude"":0.2604059716763867,""start_week"":34,""duration_weeks"":3,""recovery_weeks"":2},{""target"":""S1C"",""magnitude"":0.2199273025820304,""start_week"":44,""duration_weeks"":6,""recovery_weeks"":3}]"
A,314,727,Independent baseline,False,,False,Non-failure,Unclassified,Unclassified,1,0.9939266760943644,12.75398020183502,False,False,True,False,False,"[{""target"":""S1A"",""magnitude"":0.2636649787876803,""start_week"":36,""duration_weeks"":2,""recovery_weeks"":3}]"
A,314,728,Independent baseline,False,,False,Non-failure,Unclassified,Unclassified,2,0.9468483803955098,47.83645764404116,False,True,False,False,False,"[{""target"":""corridor"",""magnitude"":0.2666493493136065,""start_week"":11,""duration_weeks"":1,""recovery_weeks"":4},{""target"":""corridor"",""magnitude"":0.3231624133305806,""start_week"":50,""duration_weeks"":2,""recovery_weeks"":3}]"
A,314,729,Independent baseline,False,,False,Non-failure,Unclassified,Unclassified,1,0.9432824405818435,54.11507866599777,False,False,False,False,False,"[{""target"":""demand"",""magnitude"":0.060127865184441846,""start_week"":35,""duration_weeks"":9,""recovery_weeks"":3}]"
A,314,730,Independent baseline,True,False,True,Adaptation-limited,Concentrated dependency,Concentrated dependency,1,0.7699145443574454,2277.84601086129,False,True,False,False,False,"[{""target"":""corridor"",""magnitude"":0.4225640917319158,""start_week"":40,""duration_weeks"":11,""recovery_weeks"":2}]"
A,314,731,Independent baseline,True,True,True,Structural,Concentrated dependency; Hidden convergent dependency; Propagation-amplified cascade,Hidden convergent dependency,2,0.8157952764215259,1300.8162642406435,True,False,True,False,False,"[{""target"":""T2P"",""magnitude"":0.26578425122062654,""start_week"":4,""duration_weeks"":10,""recovery_weeks"":3},{""target"":""S1A"",""magnitude"":0.3257549300541957,""start_week"":35,""duration_weeks"":6,""recovery_weeks"":3}]"
A,314,732,Independent baseline,True,True,False,Structural,Concentrated dependency; Hidden convergent dependency; Propagation-amplified cascade,Hidden convergent dependency,3,0.6059509494063768,836.2981251211512,True,False,True,False,True,"[{""target"":""S1A"",""magnitude"":0.260286281910381,""start_week"":25,""duration_weeks"":2,""recovery_weeks"":4},{""target"":""T2P"",""magnitude"":0.4546441455342607,""start_week"":42,""duration_weeks"":2,""recovery_weeks"":4},{""target"":""S1C"",""magnitude"":0.16537652655430485,""start_week"":47,""duration_weeks"":14,""recovery_weeks"":1}]"
A,314,733,Independent baseline,False,,False,Non-failure,Unclassified,Unclassified,1,1.0,0.0,True,False,False,False,False,"[{""target"":""T2P"",""magnitude"":0.17911655703315754,""start_week"":18,""duration_weeks"":1,""recovery_weeks"":4}]"
A,314,734,Independent baseline,True,True,True,Structural,Concentrated dependency,Concentrated dependency,4,0.8135306680978869,486.55849602545936,False,True,False,False,False,"[{""target"":""corridor"",""magnitude"":0.1841751901622895,""start_week"":6,""duration_weeks"":1,""recovery_weeks"":2},{""target"":""corridor"",""magnitude"":0.25469686114173495,""start_week"":14,""duration_weeks"":2,""recovery_weeks"":2},{""target"":""corridor"",""magnitude"":0.38985199892658484,""start_week"":24,""duration_weeks"":2,""recovery_weeks"":1},{""target"":""corridor"",""magnitude"":0.28853732312864694,""start_week"":49,""duration_weeks"":3,""recovery_weeks"":2}]"
A,314,735,Independent baseline,False,,False,Non-failure,Unclassified,Unclassified,1,0.9185396165170809,171.06680531413008,False,False,False,True,False,"[{""target"":""S1B"",""magnitude"":0.433285862836568,""start_week"":19,""duration_weeks"":4,""recovery_weeks"":3}]"
A,314,736,Independent baseline,True,True,True,Structural,Concentrated dependency,Concentrated dependency,4,0.4952511448993371,1756.424540933374,False,True,False,True,False,"[{""target"":""corridor"",""magnitude"":0.3974719463583957,""start_week"":15,""duration_weeks"":2,""recovery_weeks"":2},{""target"":""corridor"",""magnitude"":0.38353350283098697,""start_week"":17,""duration_weeks"":5,""recovery_weeks"":2},{""target"":""S1B"",""magnitude"":0.16507022908051308,""start_week"":30,""duration_weeks"":3,""recovery_weeks"":1},{""target"":""corridor"",""magnitude"":0.2404353156897464,""start_week"":34,""duration_weeks"":4,""recovery_weeks"":1}]"
A,314,737,Independent baseline,True,True,True,Structural,Concentrated dependency; Hidden convergent dependency; Propagation-amplified cascade,Hidden convergent dependency,1,0.7775283804679948,1802.693490945657,True,False,False,False,False,"[{""target"":""T2P"",""magnitude"":0.30022445757880484,""start_week"":5,""duration_weeks"":11,""recovery_weeks"":1}]"
A,314,738,Independent baseline,False,,False,Non-failure,Unclassified,Unclassified,0,1.0,0.0,False,False,False,False,False,[]
A,314,739,Independent baseline,True,False,True,Adaptation-limited,Concentrated dependency,Concentrated dependency,3,0.7885147572461699,788.238019566086,False,True,True,True,False,"[{""target"":""corridor"",""magnitude"":0.40861393206537255,""start_week"":3,""duration_weeks"":3,""recovery_weeks"":3},{""target"":""S1B"",""magnitude"":0.33795669075360535,""start_week"":26,""duration_weeks"":1,""recovery_weeks"":4},{""target"":""S1A"",""magnitude"":0.27905110049579057,""start_week"":27,""duration_weeks"":1,""recovery_weeks"":4}]"
A,314,740,Independent baseline,False,,False,Non-failure,Unclassified,Unclassified,3,0.8061584821527814,263.7548570556396,True,False,False,False,False,"[{""target"":""T2P"",""magnitude"":0.19784126469617333,""start_week"":2,""duration_weeks"":2,""recovery_weeks"":1},{""target"":""demand"",""magnitude"":0.1055983449939111,""start_week"":3,""duration_weeks"":6,""recovery_weeks"":4},{""target"":""T2P"",""magnitude"":0.24025197665049342,""start_week"":18,""duration_weeks"":1,""recovery_weeks"":4}]"
A,314,741,Independent baseline,True,True,True,Structural,Concentrated dependency,Concentrated dependency,4,0.8211189420941195,1248.157116622653,False,True,True,False,True,"[{""target"":""S1A"",""magnitude"":0.29595984564193134,""start_week"":9,""duration_weeks"":1,""recovery_weeks"":2},{""target"":""demand"",""magnitude"":0.07793693801826687,""start_week"":19,""duration_weeks"":9,""recovery_weeks"":2},{""target"":""corridor"",""magnitude"":0.3361641713576996,""start_week"":20,""duration_weeks"":6,""recovery_weeks"":1},{""target"":""S1C"",""magnitude"":0.4124030430057477,""start_week"":25,""duration_weeks"":2,""recovery_weeks"":4}]"
A,314,742,Independent baseline,True,True,True,Structural,Concentrated dependency; Hidden convergent dependency; Propagation-amplified cascade,Hidden convergent dependency,3,0.6916560941273014,1025.1130592887444,True,True,False,False,True,"[{""target"":""S1C"",""magnitude"":0.4077435301202015,""start_week"":5,""duration_weeks"":1,""recovery_weeks"":2},{""target"":""T2P"",""magnitude"":0.37750951528542886,""start_week"":9,""duration_weeks"":4,""recovery_weeks"":4},{""target"":""corridor"",""magnitude"":0.31144556197557705,""start_week"":26,""duration_weeks"":3,""recovery_weeks"":4}]"
A,314,743,Independent baseline,True,True,True,Structural,Concentrated dependency; Hidden convergent dependency,Hidden convergent dependency,4,0.5658681075186447,2075.2227834902906,True,False,False,True,True,"[{""target"":""S1C"",""magnitude"":0.3230306038305998,""start_week"":17,""duration_weeks"":3,""recovery_weeks"":3},{""target"":""demand"",""magnitude"":0.1985259130831104,""start_week"":34,""duration_weeks"":9,""recovery_weeks"":2},{""target"":""T2P"",""magnitude"":0.3896131687764442,""start_week"":37,""duration_weeks"":3,""recovery_weeks"":1},{""target"":""S1B"",""magnitude"":0.17705220236455713,""start_week"":45,""duration_weeks"":1,""recovery_weeks"":1}]"
A,314,744,Independent baseline,False,,False,Non-failure,Unclassified,Unclassified,3,0.8333543689742694,279.836430985016,True,False,False,False,False,"[{""target"":""demand"",""magnitude"":0.1999697094416698,""start_week"":33,""duration_weeks"":5,""recovery_weeks"":1},{""target"":""T2P"",""magnitude"":0.2644142044891923,""start_week"":45,""duration_weeks"":6,""recovery_weeks"":4},{""target"":""T2P"",""magnitude"":0.21131580779018222,""start_week"":48,""duration_weeks"":3,""recovery_weeks"":2}]"
A,314,745,Independent baseline,True,True,False,Structural,Concentrated dependency,Concentrated dependency,2,0.8070329495733557,572.4160494538652,True,True,False,False,False,"[{""target"":""corridor"",""magnitude"":0.3363824375075063,""start_week"":11,""duration_weeks"":3,""recovery_weeks"":1},{""target"":""T2P"",""magnitude"":0.27367034538397994,""start_week"":23,""duration_weeks"":6,""recovery_weeks"":4}]"
A,314,746,Independent baseline,True,True,False,Structural,Concentrated dependency,Concentrated dependency,3,0.8639860641191573,244.82508458551683,True,True,True,False,False,"[{""target"":""corridor"",""magnitude"":0.35201045191063207,""start_week"":11,""duration_weeks"":1,""recovery_weeks"":3},{""target"":""T2P"",""magnitude"":0.2783988564855271,""start_week"":33,""duration_weeks"":2,""recovery_weeks"":4},{""target"":""S1A"",""magnitude"":0.45407699236662613,""start_week"":34,""duration_weeks"":6,""recovery_weeks"":4}]"
A,314,747,Independent baseline,True,True,True,Structural,Concentrated dependency,Concentrated dependency,4,0.6258760786621194,880.4639002507074,True,True,False,False,False,"[{""target"":""demand"",""magnitude"":0.19476993128739872,""start_week"":2,""duration_weeks"":6,""recovery_weeks"":3},{""target"":""corridor"",""magnitude"":0.4018149562202634,""start_week"":13,""duration_weeks"":2,""recovery_weeks"":3},{""target"":""T2P"",""magnitude"":0.4367115292040926,""start_week"":18,""duration_weeks"":2,""recovery_weeks"":1},{""target"":""demand"",""magnitude"":0.09403375053488724,""start_week"":30,""duration_weeks"":2,""recovery_weeks"":3}]"
A,314,748,Independent baseline,False,,False,Non-failure,Unclassified,Unclassified,3,0.8951018893422188,105.47212637589303,True,False,False,False,False,"[{""target"":""demand"",""magnitude"":0.11719125152877004,""start_week"":9,""duration_weeks"":2,""recovery_weeks"":2},{""target"":""demand"",""magnitude"":0.1429007267065619,""start_week"":40,""duration_weeks"":4,""recovery_weeks"":4},{""target"":""T2P"",""magnitude"":0.3496529584489901,""start_week"":51,""duration_weeks"":5,""recovery_weeks"":4}]"
A,314,749,Independent baseline,True,True,True,Structural,Concentrated dependency,Concentrated dependency,5,0.6648557521474444,2501.6891948963394,True,True,False,False,True,"[{""target"":""demand"",""magnitude"":0.2927097064782952,""start_week"":7,""duration_weeks"":1,""recovery_weeks"":2},{""target"":""corridor"",""magnitude"":0.31557406675309896,""start_week"":15,""duration_weeks"":1,""recovery_weeks"":2},{""target"":""T2P"",""magnitude"":0.258803210999434,""start_week"":32,""duration_weeks"":8,""recovery_weeks"":4},{""target"":""S1C"",""magnitude"":0.5039024619729824,""start_week"":35,""duration_weeks"":1,""recovery_weeks"":4},{""target"":""demand"",""magnitude"":0.23869273164650057,""start_week"":38,""duration_weeks"":5,""recovery_weeks"":4}]"
A,314,750,Independent baseline,False,,False,Non-failure,Unclassified,Unclassified,4,0.8948466845073365,105.75888091433308,False,False,True,True,True,"[{""target"":""demand"",""magnitude"":0.11750986768259235,""start_week"":4,""duration_weeks"":1,""recovery_weeks"":1},{""target"":""S1A"",""magnitude"":0.29925901159602164,""start_week"":11,""duration_weeks"":1,""recovery_weeks"":3},{""target"":""S1C"",""magnitude"":0.2153722290424277,""start_week"":32,""duration_weeks"":1,""recovery_weeks"":2},{""target"":""S1B"",""magnitude"":0.24083835007262497,""start_week"":42,""duration_weeks"":2,""recovery_weeks"":3}]"
A,314,751,Independent baseline,True,True,False,Structural,Concentrated dependency,Concentrated dependency,2,0.7245289558331683,658.2638433499021,False,True,False,False,True,"[{""target"":""S1C"",""magnitude"":0.4842846316071364,""start_week"":8,""duration_weeks"":10,""recovery_weeks"":2},{""target"":""corridor"",""magnitude"":0.45660328312512377,""start_week"":26,""duration_weeks"":2,""recovery_weeks"":3}]"
A,314,752,Independent baseline,False,,False,Non-failure,Unclassified,Unclassified,3,0.9222702860399555,73.5987734893663,True,False,True,False,False,"[{""target"":""S1A"",""magnitude"":0.27012303057364234,""start_week"":6,""duration_weeks"":1,""recovery_weeks"":4},{""target"":""T2P"",""magnitude"":0.25493511384606005,""start_week"":35,""duration_weeks"":3,""recovery_weeks"":3},{""target"":""T2P"",""magnitude"":0.44748163162455756,""start_week"":48,""duration_weeks"":3,""recovery_weeks"":3}]"
A,314,753,Independent baseline,False,,False,Non-failure,Unclassified,Unclassified,3,0.9168462458204024,145.72530815023924,False,True,False,False,True,"[{""target"":""S1C"",""magnitude"":0.40613425873239917,""start_week"":33,""duration_weeks"":2,""recovery_weeks"":3},{""target"":""S1C"",""magnitude"":0.4233819237106523,""start_week"":40,""duration_weeks"":3,""recovery_weeks"":3},{""target"":""corridor"",""magnitude"":0.31236531563469816,""start_week"":46,""duration_weeks"":1,""recovery_weeks"":2}]"
A,314,754,Independent baseline,True,True,True,Structural,Concentrated dependency,Concentrated dependency,4,0.7266602837578645,820.2482556751818,True,True,False,False,False,"[{""target"":""corridor"",""magnitude"":0.38613373697502185,""start_week"":4,""duration_weeks"":1,""recovery_weeks"":1},{""target"":""T2P"",""magnitude"":0.27776072579810096,""start_week"":16,""duration_weeks"":1,""recovery_weeks"":2},{""target"":""corridor"",""magnitude"":0.45500478718160153,""start_week"":39,""duration_weeks"":3,""recovery_weeks"":4},{""target"":""corridor"",""magnitude"":0.3754952472823705,""start_week"":49,""duration_weeks"":4,""recovery_weeks"":1}]"
A,314,755,Independent baseline,False,,False,Non-failure,Unclassified,Unclassified,4,0.8669269265384711,261.23749145061663,False,True,True,False,True,"[{""target"":""demand"",""magnitude"":0.14372760630638948,""start_week"":23,""duration_weeks"":1,""recovery_weeks"":4},{""target"":""S1C"",""magnitude"":0.35252986184178337,""start_week"":28,""duration_weeks"":1,""recovery_weeks"":3},{""target"":""corridor"",""magnitude"":0.2948343318593655,""start_week"":32,""duration_weeks"":1,""recovery_weeks"":2},{""target"":""S1A"",""magnitude"":0.5494144152884399,""start_week"":42,""duration_weeks"":15,""recovery_weeks"":1}]"
A,314,756,Independent baseline,False,,False,Non-failure,Unclassified,Unclassified,4,0.8976194179408223,102.65210623967869,False,True,False,False,False,"[{""target"":""demand"",""magnitude"":0.11405789582186517,""start_week"":3,""duration_weeks"":2,""recovery_weeks"":2},{""target"":""corridor"",""magnitude"":0.2327621064658184,""start_week"":7,""duration_weeks"":2,""recovery_weeks"":4},{""target"":""demand"",""magnitude"":0.09134806725946232,""start_week"":30,""duration_weeks"":1,""recovery_weeks"":3},{""target"":""corridor"",""magnitude"":0.32780404871653845,""start_week"":36,""duration_weeks"":2,""recovery_weeks"":2}]"
A,314,757,Independent baseline,True,True,False,Structural,Concentrated dependency,Concentrated dependency,3,0.8942916243628615,190.27507614684941,False,True,True,False,False,"[{""target"":""S1A"",""magnitude"":0.23089266301312905,""start_week"":30,""duration_weeks"":2,""recovery_weeks"":1},{""target"":""corridor"",""magnitude"":0.329281281727854,""start_week"":35,""duration_weeks"":1,""recovery_weeks"":4},{""target"":""demand"",""magnitude"":0.1149637698116681,""start_week"":44,""duration_weeks"":1,""recovery_weeks"":3}]"
A,314,758,Independent baseline,False,,False,Non-failure,Unclassified,Unclassified,1,1.0,0.0,True,False,False,False,False,"[{""target"":""T2P"",""magnitude"":0.17860038208560927,""start_week"":46,""duration_weeks"":1,""recovery_weeks"":2}]"
A,314,759,Independent baseline,True,True,False,Structural,Concentrated dependency,Concentrated dependency,2,0.8197631085193257,371.086306414669,False,True,False,True,False,"[{""target"":""corridor"",""magnitude"":0.38517766861050573,""start_week"":22,""duration_weeks"":1,""recovery_weeks"":4},{""target"":""S1B"",""magnitude"":0.2980239645455146,""start_week"":36,""duration_weeks"":4,""recovery_weeks"":3}]"
A,314,760,Independent baseline,True,False,True,Adaptation-limited,Concentrated dependency,Concentrated dependency,4,0.7880352531960203,585.3955818113905,False,True,True,False,False,"[{""target"":""demand"",""magnitude"":0.10703393234297046,""start_week"":2,""duration_weeks"":4,""recovery_weeks"":2},{""target"":""corridor"",""magnitude"":0.34571367612214077,""start_week"":4,""duration_weeks"":2,""recovery_weeks"":2},{""target"":""S1A"",""magnitude"":0.3307562027806396,""start_week"":44,""duration_weeks"":3,""recovery_weeks"":3},{""target"":""S1A"",""magnitude"":0.23811570648599883,""start_week"":47,""duration_weeks"":1,""recovery_weeks"":2}]"
A,314,761,Independent baseline,True,True,False,Structural,Concentrated dependency,Concentrated dependency,5,0.4640559323999353,1072.519179061316,True,True,False,True,False,"[{""target"":""demand"",""magnitude"":0.22636512119181595,""start_week"":5,""duration_weeks"":4,""recovery_weeks"":3},{""target"":""S1B"",""magnitude"":0.2976579828938866,""start_week"":28,""duration_weeks"":2,""recovery_weeks"":1},{""target"":""corridor"",""magnitude"":0.3392012996757988,""start_week"":33,""duration_weeks"":2,""recovery_weeks"":1},{""target"":""T2P"",""magnitude"":0.35189222742334036,""start_week"":43,""duration_weeks"":4,""recovery_weeks"":1},{""target"":""T2P"",""magnitude"":0.3555850479936327,""start_week"":45,""duration_weeks"":18,""recovery_weeks"":3}]"
A,314,762,Independent baseline,False,,False,Non-failure,Unclassified,Unclassified,5,0.8663846729406215,270.1054442319935,False,True,False,True,True,"[{""target"":""S1C"",""magnitude"":0.3434620506178139,""start_week"":20,""duration_weeks"":2,""recovery_weeks"":4},{""target"":""S1C"",""magnitude"":0.41045680491825753,""start_week"":22,""duration_weeks"":3,""recovery_weeks"":1},{""target"":""S1C"",""magnitude"":0.2948704741894411,""start_week"":49,""duration_weeks"":3,""recovery_weeks"":3},{""target"":""S1B"",""magnitude"":0.5907036276921739,""start_week"":50,""duration_weeks"":4,""recovery_weeks"":3},{""target"":""corridor"",""magnitude"":0.2619520564271893,""start_week"":51,""duration_weeks"":1,""recovery_weeks"":3}]"
A,314,763,Independent baseline,True,True,True,Structural,Concentrated dependency; Recovery lag and temporal overlap,Recovery lag and temporal overlap,7,0.4416252549138413,5042.868468671744,True,True,False,False,True,"[{""target"":""corridor"",""magnitude"":0.23292151665503213,""start_week"":27,""duration_weeks"":1,""recovery_weeks"":3},{""target"":""S1C"",""magnitude"":0.21124817057755774,""start_week"":28,""duration_weeks"":3,""recovery_weeks"":1},{""target"":""corridor"",""magnitude"":0.3732304768598494,""start_week"":29,""duration_weeks"":6,""recovery_weeks"":4},{""target"":""corridor"",""magnitude"":0.3763739953881591,""start_week"":33,""duration_weeks"":7,""recovery_weeks"":1},{""target"":""demand"",""magnitude"":0.18009487056959633,""start_week"":35,""duration_weeks"":1,""recovery_weeks"":3},{""target"":""demand"",""magnitude"":0.22291693240806487,""start_week"":42,""duration_weeks"":2,""recovery_weeks"":1},{""target"":""T2P"",""magnitude"":0.40359411572402315,""start_week"":43,""duration_weeks"":4,""recovery_weeks"":3}]"
A,314,764,Independent baseline,True,True,True,Structural,Concentrated dependency; Hidden convergent dependency; Propagation-amplified cascade,Hidden convergent dependency,1,0.330094164743205,3771.8643879833653,True,False,False,False,False,"[{""target"":""T2P"",""magnitude"":0.7029152517311155,""start_week"":22,""duration_weeks"":5,""recovery_weeks"":4}]"
A,314,765,Independent baseline,False,,False,Non-failure,Unclassified,Unclassified,0,1.0,0.0,False,False,False,False,False,[]
A,314,766,Independent baseline,True,True,True,Structural,Concentrated dependency,Concentrated dependency,4,0.5275510008038964,1835.5495371945663,True,True,False,False,False,"[{""target"":""corridor"",""magnitude"":0.3655669720450282,""start_week"":15,""duration_weeks"":1,""recovery_weeks"":2},{""target"":""corridor"",""magnitude"":0.20617644502454652,""start_week"":21,""duration_weeks"":1,""recovery_weeks"":2},{""target"":""T2P"",""magnitude"":0.47332355125434467,""start_week"":29,""duration_weeks"":1,""recovery_weeks"":3},{""target"":""T2P"",""magnitude"":0.43626034790578583,""start_week"":31,""duration_weeks"":3,""recovery_weeks"":4}]"
A,314,767,Independent baseline,False,,False,Non-failure,Unclassified,Unclassified,2,0.9521958133927168,104.27195315345159,False,False,True,False,True,"[{""target"":""S1C"",""magnitude"":0.341962878389421,""start_week"":6,""duration_weeks"":3,""recovery_weeks"":3},{""target"":""S1A"",""magnitude"":0.3651392025371962,""start_week"":11,""duration_weeks"":4,""recovery_weeks"":1}]"
A,314,768,Independent baseline,True,False,True,Adaptation-limited,Concentrated dependency,Concentrated dependency,6,0.6401329510635859,804.6227740088675,False,True,False,True,False,"[{""target"":""corridor"",""magnitude"":0.24153652316989266,""start_week"":3,""duration_weeks"":5,""recovery_weeks"":1},{""target"":""corridor"",""magnitude"":0.3670101093012421,""start_week"":4,""duration_weeks"":1,""recovery_weeks"":2},{""target"":""S1B"",""magnitude"":0.24252985442901454,""start_week"":16,""duration_weeks"":1,""recovery_weeks"":2},{""target"":""corridor"",""magnitude"":0.22372100203731488,""start_week"":26,""duration_weeks"":4,""recovery_weeks"":3},{""target"":""demand"",""magnitude"":0.13726307957686001,""start_week"":49,""duration_weeks"":4,""recovery_weeks"":3},{""target"":""demand"",""magnitude"":0.05992591889853471,""start_week"":51,""duration_weeks"":1,""recovery_weeks"":1}]"
A,314,769,Independent baseline,True,True,True,Structural,Concentrated dependency,Concentrated dependency,4,0.5278159200093924,2096.563557632957,True,True,False,True,False,"[{""target"":""T2P"",""magnitude"":0.2343643468747766,""start_week"":1,""duration_weeks"":4,""recovery_weeks"":2},{""target"":""S1B"",""magnitude"":0.39518643590098834,""start_week"":6,""duration_weeks"":2,""recovery_weeks"":3},{""target"":""demand"",""magnitude"":0.2848799797678281,""start_week"":13,""duration_weeks"":1,""recovery_weeks"":1},{""target"":""corridor"",""magnitude"":0.6041380599929558,""start_week"":33,""duration_weeks"":4,""recovery_weeks"":2}]"
A,314,770,Independent baseline,False,,False,Non-failure,Unclassified,Unclassified,1,1.0,0.0,True,False,False,False,False,"[{""target"":""T2P"",""magnitude"":0.2099690738797249,""start_week"":24,""duration_weeks"":4,""recovery_weeks"":3}]"
A,314,771,Independent baseline,False,,False,Non-failure,Unclassified,Unclassified,3,0.9208333446987326,347.20193593208705,True,False,False,False,False,"[{""target"":""T2P"",""magnitude"":0.2045508262755993,""start_week"":3,""duration_weeks"":5,""recovery_weeks"":4},{""target"":""demand"",""magnitude"":0.14493186331191954,""start_week"":15,""duration_weeks"":6,""recovery_weeks"":1},{""target"":""T2P"",""magnitude"":0.3936586879816883,""start_week"":48,""duration_weeks"":4,""recovery_weeks"":3}]"
A,314,772,Independent baseline,True,True,True,Structural,Concentrated dependency; Hidden convergent dependency; Propagation-amplified cascade,Hidden convergent dependency,4,0.3547699755289791,2936.780393327845,True,True,True,False,False,"[{""target"":""T2P"",""magnitude"":0.5209956803253745,""start_week"":31,""duration_weeks"":5,""recovery_weeks"":2},{""target"":""S1A"",""magnitude"":0.3103248555515925,""start_week"":32,""duration_weeks"":3,""recovery_weeks"":1},{""target"":""T2P"",""magnitude"":0.3334235937726654,""start_week"":33,""duration_weeks"":3,""recovery_weeks"":2},{""target"":""corridor"",""magnitude"":0.41959541567798464,""start_week"":47,""duration_weeks"":2,""recovery_weeks"":4}]"
A,314,773,Independent baseline,False,,False,Non-failure,Unclassified,Unclassified,4,0.9243003449085366,75.49524984313939,False,False,True,False,False,"[{""target"":""demand"",""magnitude"":0.08189941235925231,""start_week"":7,""duration_weeks"":1,""recovery_weeks"":4},{""target"":""demand"",""magnitude"":0.144329087498634,""start_week"":13,""duration_weeks"":1,""recovery_weeks"":4},{""target"":""demand"",""magnitude"":0.12581639582951915,""start_week"":15,""duration_weeks"":1,""recovery_weeks"":1},{""target"":""S1A"",""magnitude"":0.23662105860425683,""start_week"":31,""duration_weeks"":1,""recovery_weeks"":1}]"
A,314,774,Independent baseline,True,True,False,Structural,Concentrated dependency,Concentrated dependency,4,0.7587666528866204,339.98064238252937,True,True,True,False,True,"[{""target"":""S1C"",""magnitude"":0.2510662561106074,""start_week"":3,""duration_weeks"":3,""recovery_weeks"":1},{""target"":""corridor"",""magnitude"":0.34534987443706255,""start_week"":11,""duration_weeks"":1,""recovery_weeks"":3},{""target"":""T2P"",""magnitude"":0.3171100124020416,""start_week"":25,""duration_weeks"":4,""recovery_weeks"":2},{""target"":""S1A"",""magnitude"":0.32197875664722336,""start_week"":49,""duration_weeks"":2,""recovery_weeks"":3}]"
A,314,775,Independent baseline,False,,False,Non-failure,Unclassified,Unclassified,1,1.0,0.0,False,False,True,False,False,"[{""target"":""S1A"",""magnitude"":0.23027917664627595,""start_week"":37,""duration_weeks"":2,""recovery_weeks"":4}]"
A,314,776,Independent baseline,False,,False,Non-failure,Unclassified,Unclassified,4,0.9447494971830362,52.63347869835775,True,False,False,False,True,"[{""target"":""S1C"",""magnitude"":0.21087826525851514,""start_week"":32,""duration_weeks"":3,""recovery_weeks"":3},{""target"":""demand"",""magnitude"":0.058481642998175196,""start_week"":43,""duration_weeks"":5,""recovery_weeks"":3},{""target"":""T2P"",""magnitude"":0.23522609674635736,""start_week"":48,""duration_weeks"":1,""recovery_weeks"":4},{""target"":""S1C"",""magnitude"":0.29430646009038886,""start_week"":49,""duration_weeks"":1,""recovery_weeks"":4}]"
A,314,777,Independent baseline,True,True,True,Structural,Concentrated dependency; Hidden convergent dependency; Propagation-amplified cascade,Hidden convergent dependency,3,0.8359378856636009,1048.0428833817302,True,False,False,True,False,"[{""target"":""T2P"",""magnitude"":0.2476559029027592,""start_week"":15,""duration_weeks"":10,""recovery_weeks"":2},{""target"":""S1B"",""magnitude"":0.31351273008761865,""start_week"":22,""duration_weeks"":1,""recovery_weeks"":4},{""target"":""T2P"",""magnitude"":0.2843830034970758,""start_week"":45,""duration_weeks"":4,""recovery_weeks"":2}]"
A,314,778,Independent baseline,False,,False,Non-failure,Unclassified,Unclassified,2,0.8685850901712588,136.1679128322903,True,False,False,False,False,"[{""target"":""demand"",""magnitude"":0.15129768092476698,""start_week"":37,""duration_weeks"":7,""recovery_weeks"":2},{""target"":""T2P"",""magnitude"":0.17380656491277818,""start_week"":51,""duration_weeks"":1,""recovery_weeks"":3}]"
A,314,779,Independent baseline,False,,False,Non-failure,Unclassified,Unclassified,1,0.8063012073400948,234.48011027261612,True,False,False,False,False,"[{""target"":""T2P"",""magnitude"":0.41149337009087206,""start_week"":40,""duration_weeks"":1,""recovery_weeks"":3}]"
A,314,780,Independent baseline,True,True,False,Structural,Concentrated dependency,Concentrated dependency,3,0.6951477605992962,367.8243199990734,False,True,True,False,True,"[{""target"":""S1C"",""magnitude"":0.44383183313092145,""start_week"":17,""duration_weeks"":3,""recovery_weeks"":1},{""target"":""corridor"",""magnitude"":0.4786391795505278,""start_week"":38,""duration_weeks"":1,""recovery_weeks"":2},{""target"":""S1A"",""magnitude"":0.43899837503281414,""start_week"":41,""duration_weeks"":1,""recovery_weeks"":3}]"
A,314,781,Independent baseline,True,True,False,Structural,Concentrated dependency,Concentrated dependency,3,0.7143478135378467,1559.659186090682,True,False,False,False,False,"[{""target"":""T2P"",""magnitude"":0.32653325417987655,""start_week"":25,""duration_weeks"":1,""recovery_weeks"":1},{""target"":""demand"",""magnitude"":0.2618556270046382,""start_week"":28,""duration_weeks"":8,""recovery_weeks"":1},{""target"":""demand"",""magnitude"":0.14027916605973714,""start_week"":36,""duration_weeks"":1,""recovery_weeks"":4}]"
A,314,782,Independent baseline,False,,False,Non-failure,Unclassified,Unclassified,2,0.9719979687510325,58.804265622831736,False,False,True,True,False,"[{""target"":""S1B"",""magnitude"":0.3130045703101767,""start_week"":17,""duration_weeks"":4,""recovery_weeks"":3},{""target"":""S1A"",""magnitude"":0.1914979810675392,""start_week"":46,""duration_weeks"":5,""recovery_weeks"":3}]"
A,314,783,Independent baseline,True,True,False,Structural,Concentrated dependency; Propagation-amplified cascade; Recovery lag and temporal overlap,Propagation-amplified cascade,4,0.8812355607001385,320.66398610962585,True,True,False,False,False,"[{""target"":""T2P"",""magnitude"":0.19406068469793722,""start_week"":8,""duration_weeks"":4,""recovery_weeks"":4},{""target"":""corridor"",""magnitude"":0.3390733294748961,""start_week"":13,""duration_weeks"":2,""recovery_weeks"":3},{""target"":""T2P"",""magnitude"":0.24100689477131287,""start_week"":25,""duration_weeks"":5,""recovery_weeks"":1},{""target"":""T2P"",""magnitude"":0.2504343838752169,""start_week"":49,""duration_weeks"":1,""recovery_weeks"":1}]"
A,314,784,Independent baseline,True,False,False,Adaptation-limited,Hidden convergent dependency; Compounding moderate disturbance; Propagation-amplified cascade,Hidden convergent dependency,2,0.6604921118377242,489.359742826619,True,False,False,False,False,"[{""target"":""demand"",""magnitude"":0.08515416156868666,""start_week"":9,""duration_weeks"":5,""recovery_weeks"":3},{""target"":""T2P"",""magnitude"":0.3718109081422847,""start_week"":10,""duration_weeks"":1,""recovery_weeks"":2}]"
A,314,785,Independent baseline,True,False,True,Adaptation-limited,Concentrated dependency; Propagation-amplified cascade,Propagation-amplified cascade,5,0.6134500101331474,1234.9501126637501,True,True,True,False,False,"[{""target"":""T2P"",""magnitude"":0.2777618227487171,""start_week"":2,""duration_weeks"":2,""recovery_weeks"":1},{""target"":""corridor"",""magnitude"":0.40079240984978004,""start_week"":19,""duration_weeks"":4,""recovery_weeks"":2},{""target"":""corridor"",""magnitude"":0.2321734317742577,""start_week"":23,""duration_weeks"":1,""recovery_weeks"":3},{""target"":""corridor"",""magnitude"":0.4300787842698951,""start_week"":40,""duration_weeks"":1,""recovery_weeks"":4},{""target"":""S1A"",""magnitude"":0.2179248396743061,""start_week"":47,""duration_weeks"":5,""recovery_weeks"":1}]"
A,314,786,Independent baseline,True,True,False,Structural,Concentrated dependency,Concentrated dependency,2,0.7658560052407049,1200.743974738943,False,False,False,False,False,"[{""target"":""demand"",""magnitude"":0.3057284831052604,""start_week"":36,""duration_weeks"":5,""recovery_weeks"":3},{""target"":""demand"",""magnitude"":0.09971294887789245,""start_week"":41,""duration_weeks"":1,""recovery_weeks"":2}]"
A,314,787,Independent baseline,False,,False,Non-failure,Unclassified,Unclassified,3,0.8198342038239259,239.46895001484108,False,False,True,False,False,"[{""target"":""demand"",""magnitude"":0.21975881871692204,""start_week"":22,""duration_weeks"":3,""recovery_weeks"":4},{""target"":""demand"",""magnitude"":0.12543883035850617,""start_week"":34,""duration_weeks"":2,""recovery_weeks"":2},{""target"":""S1A"",""magnitude"":0.19371995509729587,""start_week"":41,""duration_weeks"":4,""recovery_weeks"":4}]"
A,314,788,Independent baseline,False,,False,Non-failure,Unclassified,Unclassified,5,0.9471921129470601,101.83453369988865,True,False,True,True,False,"[{""target"":""T2P"",""magnitude"":0.3555153469482386,""start_week"":17,""duration_weeks"":1,""recovery_weeks"":1},{""target"":""S1A"",""magnitude"":0.36881774586911487,""start_week"":20,""duration_weeks"":1,""recovery_weeks"":2},{""target"":""S1A"",""magnitude"":0.36126605494304387,""start_week"":29,""duration_weeks"":4,""recovery_weeks"":3},{""target"":""S1B"",""magnitude"":0.27034790283937354,""start_week"":34,""duration_weeks"":1,""recovery_weeks"":2},{""target"":""S1B"",""magnitude"":0.36919684649512424,""start_week"":36,""duration_weeks"":9,""recovery_weeks"":3}]"
A,314,789,Independent baseline,True,True,True,Structural,Concentrated dependency,Concentrated dependency,5,0.703710460463768,3040.1266217760767,True,True,False,True,False,"[{""target"":""corridor"",""magnitude"":0.4581071626905868,""start_week"":8,""duration_weeks"":7,""recovery_weeks"":4},{""target"":""S1B"",""magnitude"":0.4067696539518677,""start_week"":9,""duration_weeks"":13,""recovery_weeks"":2},{""target"":""T2P"",""magnitude"":0.3660130534731506,""start_week"":24,""duration_weeks"":2,""recovery_weeks"":2},{""target"":""corridor"",""magnitude"":0.47221715465217406,""start_week"":25,""duration_weeks"":5,""recovery_weeks"":4},{""target"":""demand"",""magnitude"":0.07195079328233403,""start_week"":41,""duration_weeks"":2,""recovery_weeks"":2}]"
A,314,790,Independent baseline,True,True,True,Structural,Concentrated dependency,Concentrated dependency,3,0.4331973525705312,2336.3250037385988,False,True,False,False,False,"[{""target"":""corridor"",""magnitude"":0.6087572344083925,""start_week"":10,""duration_weeks"":4,""recovery_weeks"":1},{""target"":""demand"",""magnitude"":0.20420177476471568,""start_week"":15,""duration_weeks"":1,""recovery_weeks"":2},{""target"":""demand"",""magnitude"":0.07720465474219886,""start_week"":43,""duration_weeks"":1,""recovery_weeks"":3}]"
A,314,791,Independent baseline,True,True,False,Structural,Concentrated dependency,Concentrated dependency,6,0.7451207277106571,513.266500846802,True,True,False,False,True,"[{""target"":""corridor"",""magnitude"":0.37863276094874876,""start_week"":1,""duration_weeks"":1,""recovery_weeks"":2},{""target"":""demand"",""magnitude"":0.17454345820697523,""start_week"":9,""duration_weeks"":4,""recovery_weeks"":4},{""target"":""S1C"",""magnitude"":0.44317323441735024,""start_week"":26,""duration_weeks"":4,""recovery_weeks"":2},{""target"":""T2P"",""magnitude"":0.4287250481496445,""start_week"":27,""duration_weeks"":1,""recovery_weeks"":2},{""target"":""T2P"",""magnitude"":0.22061548569342232,""start_week"":34,""duration_weeks"":2,""recovery_weeks"":2},{""target"":""T2P"",""magnitude"":0.3293913450604087,""start_week"":40,""duration_weeks"":2,""recovery_weeks"":2}]"
A,314,792,Independent baseline,True,True,True,Structural,Concentrated dependency,Concentrated dependency,2,0.5702216527376004,1926.8647300515042,False,True,False,False,False,"[{""target"":""corridor"",""magnitude"":0.5723337604467997,""start_week"":17,""duration_weeks"":1,""recovery_weeks"":3},{""target"":""corridor"",""magnitude"":0.5158580912564379,""start_week"":36,""duration_weeks"":5,""recovery_weeks"":3}]"
A,314,793,Independent baseline,False,,False,Non-failure,Unclassified,Unclassified,3,0.8539627252370549,153.9101689130116,False,True,False,False,True,"[{""target"":""demand"",""magnitude"":0.1710112987922347,""start_week"":14,""duration_weeks"":4,""recovery_weeks"":4},{""target"":""S1C"",""magnitude"":0.4265565211492839,""start_week"":25,""duration_weeks"":1,""recovery_weeks"":4},{""target"":""corridor"",""magnitude"":0.34100698007271546,""start_week"":51,""duration_weeks"":1,""recovery_weeks"":3}]"
A,314,794,Independent baseline,True,True,True,Structural,Concentrated dependency,Concentrated dependency,4,0.6276294673091999,841.2228609432464,False,True,True,True,True,"[{""target"":""S1B"",""magnitude"":0.3208828353728823,""start_week"":3,""duration_weeks"":8,""recovery_weeks"":3},{""target"":""S1A"",""magnitude"":0.40225615151038774,""start_week"":7,""duration_weeks"":3,""recovery_weeks"":4},{""target"":""corridor"",""magnitude"":0.5292778995181,""start_week"":25,""duration_weeks"":2,""recovery_weeks"":2},{""target"":""S1C"",""magnitude"":0.20643648712967003,""start_week"":30,""duration_weeks"":2,""recovery_weeks"":4}]"
A,314,795,Independent baseline,False,,False,Non-failure,Unclassified,Unclassified,2,0.7500230727321124,302.19063408377883,True,False,False,False,False,"[{""target"":""T2P"",""magnitude"":0.3534053071170553,""start_week"":24,""duration_weeks"":1,""recovery_weeks"":3},{""target"":""T2P"",""magnitude"":0.3249792345410988,""start_week"":42,""duration_weeks"":3,""recovery_weeks"":2}]"
A,314,796,Independent baseline,False,,False,Non-failure,Unclassified,Unclassified,0,1.0,0.0,False,False,False,False,False,[]
A,314,797,Independent baseline,False,,False,Non-failure,Unclassified,Unclassified,1,0.8166986265928918,201.997690083826,False,False,False,False,False,"[{""target"":""demand"",""magnitude"":0.22444187787091785,""start_week"":22,""duration_weeks"":2,""recovery_weeks"":1}]"
A,314,798,Independent baseline,True,True,True,Structural,Concentrated dependency; Hidden convergent dependency; Propagation-amplified cascade,Hidden convergent dependency,6,0.5534915328252713,3423.026931395095,True,True,False,True,False,"[{""target"":""corridor"",""magnitude"":0.1897313633638044,""start_week"":2,""duration_weeks"":3,""recovery_weeks"":2},{""target"":""T2P"",""magnitude"":0.42303572013764346,""start_week"":10,""duration_weeks"":9,""recovery_weeks"":3},{""target"":""demand"",""magnitude"":0.15823166941139313,""start_week"":22,""duration_weeks"":3,""recovery_weeks"":2},{""target"":""demand"",""magnitude"":0.18631673179999925,""start_week"":35,""duration_weeks"":2,""recovery_weeks"":2},{""target"":""S1B"",""magnitude"":0.3478344365934193,""start_week"":38,""duration_weeks"":3,""recovery_weeks"":1},{""target"":""T2P"",""magnitude"":0.41963014523206477,""start_week"":41,""duration_weeks"":2,""recovery_weeks"":1}]"
A,314,799,Independent baseline,True,False,False,Adaptation-limited,Concentrated dependency,Concentrated dependency,2,0.7491437765591215,425.01865296436176,False,True,True,False,False,"[{""target"":""S1A"",""magnitude"":0.28315318653652444,""start_week"":2,""duration_weeks"":1,""recovery_weeks"":3},{""target"":""corridor"",""magnitude"":0.4381421675806588,""start_week"":25,""duration_weeks"":1,""recovery_weeks"":1}]"
A,314,800,Independent baseline,True,True,True,Structural,Concentrated dependency; Hidden convergent dependency,Hidden convergent dependency,2,0.757853309683563,1043.2809151686297,True,False,False,False,False,"[{""target"":""demand"",""magnitude"":0.15329106172377377,""start_week"":8,""duration_weeks"":4,""recovery_weeks"":2},{""target"":""T2P"",""magnitude"":0.31793202128479336,""start_week"":15,""duration_weeks"":6,""recovery_weeks"":2}]"
A,314,801,Independent baseline,False,,False,Non-failure,Unclassified,Unclassified,1,1.0,0.0,False,True,False,False,False,"[{""target"":""corridor"",""magnitude"":0.1870817193248366,""start_week"":24,""duration_weeks"":5,""recovery_weeks"":4}]"
A,314,802,Independent baseline,True,False,True,Adaptation-limited,Concentrated dependency,Concentrated dependency,3,0.7122950171015635,1240.6218598966889,False,True,False,True,True,"[{""target"":""S1C"",""magnitude"":0.30791131765672364,""start_week"":11,""duration_weeks"":2,""recovery_weeks"":4},{""target"":""corridor"",""magnitude"":0.46577873717382723,""start_week"":28,""duration_weeks"":4,""recovery_weeks"":1},{""target"":""S1B"",""magnitude"":0.4269009369677548,""start_week"":31,""duration_weeks"":6,""recovery_weeks"":2}]"
A,314,803,Independent baseline,True,True,True,Structural,Concentrated dependency; Hidden convergent dependency; Propagation-amplified cascade,Hidden convergent dependency,3,0.7309003406913759,2498.4950269583014,True,False,False,True,False,"[{""target"":""T2P"",""magnitude"":0.34218969337776173,""start_week"":14,""duration_weeks"":9,""recovery_weeks"":1},{""target"":""T2P"",""magnitude"":0.3191495232951711,""start_week"":25,""duration_weeks"":2,""recovery_weeks"":3},{""target"":""S1B"",""magnitude"":0.46316463255199636,""start_week"":28,""duration_weeks"":2,""recovery_weeks"":2}]"
A,314,804,Independent baseline,False,,False,Non-failure,Unclassified,Unclassified,4,0.8682467737145413,333.1795906968126,False,True,True,False,False,"[{""target"":""corridor"",""magnitude"":0.16843608599385493,""start_week"":23,""duration_weeks"":1,""recovery_weeks"":2},{""target"":""S1A"",""magnitude"":0.22585398321707917,""start_week"":38,""duration_weeks"":1,""recovery_weeks"":4},{""target"":""demand"",""magnitude"":0.15174628950452748,""start_week"":47,""duration_weeks"":4,""recovery_weeks"":2},{""target"":""demand"",""magnitude"":0.12673555333568912,""start_week"":49,""duration_weeks"":1,""recovery_weeks"":3}]"
A,314,805,Independent baseline,True,True,False,Structural,Concentrated dependency,Concentrated dependency,2,0.8016163361769422,1297.9843187267647,False,False,False,False,True,"[{""target"":""demand"",""magnitude"":0.2036210058825017,""start_week"":3,""duration_weeks"":8,""recovery_weeks"":2},{""target"":""S1C"",""magnitude"":0.49577157968410923,""start_week"":4,""duration_weeks"":10,""recovery_weeks"":4}]"
A,314,806,Independent baseline,True,False,True,Adaptation-limited,Concentrated dependency; Propagation-amplified cascade,Propagation-amplified cascade,2,0.643486356127273,741.6231040452508,True,True,False,False,False,"[{""target"":""T2P"",""magnitude"":0.23203260077863197,""start_week"":27,""duration_weeks"":4,""recovery_weeks"":2},{""target"":""corridor"",""magnitude"":0.5173852329045453,""start_week"":45,""duration_weeks"":1,""recovery_weeks"":4}]"
A,314,807,Independent baseline,True,True,True,Structural,Concentrated dependency,Concentrated dependency,2,0.4399848007593597,2580.064359152845,False,True,False,False,False,"[{""target"":""corridor"",""magnitude"":0.534006032172281,""start_week"":35,""duration_weeks"":5,""recovery_weeks"":3},{""target"":""corridor"",""magnitude"":0.29186078929777326,""start_week"":36,""duration_weeks"":1,""recovery_weeks"":2}]"
A,314,808,Independent baseline,True,False,False,Adaptation-limited,Concentrated dependency; Hidden convergent dependency; Propagation-amplified cascade,Hidden convergent dependency,2,0.7464481813157771,391.7799255667128,True,False,False,True,False,"[{""target"":""S1B"",""magnitude"":0.29523628147896736,""start_week"":20,""duration_weeks"":5,""recovery_weeks"":3},{""target"":""T2P"",""magnitude"":0.5271665775018243,""start_week"":35,""duration_weeks"":1,""recovery_weeks"":2}]"
A,314,809,Independent baseline,True,True,True,Structural,Concentrated dependency,Concentrated dependency,3,0.5333702763793445,1346.9633079085443,False,True,False,False,False,"[{""target"":""demand"",""magnitude"":0.2546433867635881,""start_week"":2,""duration_weeks"":2,""recovery_weeks"":4},{""target"":""demand"",""magnitude"":0.1776720079857208,""start_week"":43,""duration_weeks"":2,""recovery_weeks"":1},{""target"":""corridor"",""magnitude"":0.5288985667123288,""start_week"":44,""duration_weeks"":2,""recovery_weeks"":3}]"
A,314,810,Independent baseline,True,False,True,Adaptation-limited,Concentrated dependency; Hidden convergent dependency; Propagation-amplified cascade,Hidden convergent dependency,5,0.6752578773607874,726.9770392640783,True,True,False,False,True,"[{""target"":""S1C"",""magnitude"":0.44962744206279837,""start_week"":5,""duration_weeks"":1,""recovery_weeks"":2},{""target"":""T2P"",""magnitude"":0.5230238805003884,""start_week"":9,""duration_weeks"":1,""recovery_weeks"":4},{""target"":""corridor"",""magnitude"":0.31293825177727064,""start_week"":31,""duration_weeks"":3,""recovery_weeks"":3},{""target"":""S1C"",""magnitude"":0.38865795069201237,""start_week"":41,""duration_weeks"":2,""recovery_weeks"":4},{""target"":""demand"",""magnitude"":0.08752408820112331,""start_week"":43,""duration_weeks"":1,""recovery_weeks"":2}]"
A,314,811,Independent baseline,False,,False,Non-failure,Unclassified,Unclassified,2,0.9426251917648247,54.78033884812692,False,False,False,False,False,"[{""target"":""demand"",""magnitude"":0.06086704316458544,""start_week"":40,""duration_weeks"":5,""recovery_weeks"":4},{""target"":""demand"",""magnitude"":0.13013510338457968,""start_week"":49,""duration_weeks"":1,""recovery_weeks"":4}]"
A,314,812,Independent baseline,True,True,False,Structural,Concentrated dependency,Concentrated dependency,1,0.8885725001214408,300.85424967210963,False,True,False,False,False,"[{""target"":""corridor"",""magnitude"":0.3335706249089193,""start_week"":4,""duration_weeks"":2,""recovery_weeks"":2}]"
A,314,813,Independent baseline,False,,False,Non-failure,Unclassified,Unclassified,2,0.7957966453858876,183.78301915270117,True,False,False,False,False,"[{""target"":""T2P"",""magnitude"":0.49189150957635064,""start_week"":16,""duration_weeks"":1,""recovery_weeks"":1},{""target"":""T2P"",""magnitude"":0.3260573326653099,""start_week"":49,""duration_weeks"":1,""recovery_weeks"":4}]"
A,314,814,Independent baseline,False,,False,Non-failure,Unclassified,Unclassified,4,0.8050223243375271,226.42102816550823,True,False,False,True,False,"[{""target"":""T2P"",""magnitude"":0.3055997270778504,""start_week"":5,""duration_weeks"":1,""recovery_weeks"":2},{""target"":""demand"",""magnitude"":0.24220157599098247,""start_week"":24,""duration_weeks"":2,""recovery_weeks"":4},{""target"":""S1B"",""magnitude"":0.45885918099805034,""start_week"":34,""duration_weeks"":3,""recovery_weeks"":2},{""target"":""demand"",""magnitude"":0.12668204689157178,""start_week"":45,""duration_weeks"":2,""recovery_weeks"":1}]"
A,314,815,Independent baseline,True,False,True,Adaptation-limited,Concentrated dependency,Concentrated dependency,4,0.7019490849201283,1542.3119460367413,False,True,True,False,False,"[{""target"":""S1A"",""magnitude"":0.4196686024006795,""start_week"":3,""duration_weeks"":4,""recovery_weeks"":2},{""target"":""corridor"",""magnitude"":0.412803054437215,""start_week"":22,""duration_weeks"":2,""recovery_weeks"":3},{""target"":""corridor"",""magnitude"":0.47353818630990374,""start_week"":28,""duration_weeks"":4,""recovery_weeks"":4},{""target"":""S1A"",""magnitude"":0.2508289421469829,""start_week"":41,""duration_weeks"":3,""recovery_weeks"":2}]"
A,314,816,Independent baseline,True,True,True,Structural,Concentrated dependency,Concentrated dependency,4,0.6183011296506664,1112.1104774680575,True,True,True,False,False,"[{""target"":""corridor"",""magnitude"":0.4429071002489048,""start_week"":18,""duration_weeks"":2,""recovery_weeks"":1},{""target"":""T2P"",""magnitude"":0.44352898331440005,""start_week"":27,""duration_weeks"":3,""recovery_weeks"":3},{""target"":""corridor"",""magnitude"":0.3211841674980497,""start_week"":30,""duration_weeks"":3,""recovery_weeks"":3},{""target"":""S1A"",""magnitude"":0.2704775860105439,""start_week"":41,""duration_weeks"":1,""recovery_weeks"":3}]"
A,314,817,Independent baseline,True,True,True,Structural,Concentrated dependency,Concentrated dependency,3,0.7861811847751144,1414.106659178497,False,True,False,False,False,"[{""target"":""corridor"",""magnitude"":0.3556104013601771,""start_week"":11,""duration_weeks"":10,""recovery_weeks"":4},{""target"":""corridor"",""magnitude"":0.41036411141866413,""start_week"":31,""duration_weeks"":3,""recovery_weeks"":1},{""target"":""corridor"",""magnitude"":0.2561624452516249,""start_week"":35,""duration_weeks"":5,""recovery_weeks"":1}]"
A,314,818,Independent baseline,True,False,True,Adaptation-limited,Concentrated dependency,Concentrated dependency,2,0.6237851706525008,2303.452727814475,True,True,False,False,False,"[{""target"":""corridor"",""magnitude"":0.4811012238283149,""start_week"":32,""duration_weeks"":7,""recovery_weeks"":3},{""target"":""T2P"",""magnitude"":0.4385933464127494,""start_week"":47,""duration_weeks"":1,""recovery_weeks"":4}]"
A,314,819,Independent baseline,False,,False,Non-failure,Unclassified,Unclassified,4,0.8929030321637539,179.02767030468544,True,True,False,False,True,"[{""target"":""S1C"",""magnitude"":0.3337130756604698,""start_week"":7,""duration_weeks"":1,""recovery_weeks"":4},{""target"":""T2P"",""magnitude"":0.31168026219765876,""start_week"":15,""duration_weeks"":1,""recovery_weeks"":2},{""target"":""corridor"",""magnitude"":0.22511952253217393,""start_week"":44,""duration_weeks"":3,""recovery_weeks"":3},{""target"":""demand"",""magnitude"":0.2032791737818455,""start_week"":48,""duration_weeks"":3,""recovery_weeks"":3}]"
A,314,820,Independent baseline,True,True,True,Structural,Concentrated dependency,Concentrated dependency,3,0.6331043872851628,1079.183044782987,False,True,False,False,False,"[{""target"":""corridor"",""magnitude"":0.26952384779783106,""start_week"":15,""duration_weeks"":1,""recovery_weeks"":2},{""target"":""corridor"",""magnitude"":0.41183531298025655,""start_week"":30,""duration_weeks"":2,""recovery_weeks"":2},{""target"":""demand"",""magnitude"":0.2386892247830264,""start_week"":33,""duration_weeks"":5,""recovery_weeks"":2}]"
A,314,821,Independent baseline,False,,False,Non-failure,Unclassified,Unclassified,3,0.9797421749044599,36.4640851719721,False,True,False,False,True,"[{""target"":""S1C"",""magnitude"":0.1942718211049242,""start_week"":10,""duration_weeks"":3,""recovery_weeks"":2},{""target"":""corridor"",""magnitude"":0.265193368821655,""start_week"":25,""duration_weeks"":1,""recovery_weeks"":2},{""target"":""corridor"",""magnitude"":0.21790087571739924,""start_week"":41,""duration_weeks"":13,""recovery_weeks"":3}]"
A,314,822,Independent baseline,False,,False,Non-failure,Unclassified,Unclassified,1,0.8491238428227467,159.9160624298636,False,False,False,False,False,"[{""target"":""demand"",""magnitude"":0.17768451381095957,""start_week"":5,""duration_weeks"":1,""recovery_weeks"":1}]"
A,314,823,Independent baseline,False,,False,Non-failure,Unclassified,Unclassified,1,0.9877567572994087,22.037836861064307,False,False,False,True,False,"[{""target"":""S1B"",""magnitude"":0.27754729607633044,""start_week"":28,""duration_weeks"":1,""recovery_weeks"":4}]"
A,314,824,Independent baseline,False,,False,Non-failure,Unclassified,Unclassified,3,0.9493767525284365,65.3678227234659,False,True,False,True,False,"[{""target"":""corridor"",""magnitude"":0.2535769476007429,""start_week"":4,""duration_weeks"":5,""recovery_weeks"":4},{""target"":""S1B"",""magnitude"":0.19370629952751942,""start_week"":46,""duration_weeks"":1,""recovery_weeks"":3},{""target"":""corridor"",""magnitude"":0.2879674356036725,""start_week"":49,""duration_weeks"":1,""recovery_weeks"":3}]"
A,314,825,Independent baseline,True,True,True,Structural,Concentrated dependency,Concentrated dependency,7,0.5387314430378708,1627.5435514376104,True,True,False,True,False,"[{""target"":""S1B"",""magnitude"":0.4953018529537976,""start_week"":11,""duration_weeks"":10,""recovery_weeks"":4},{""target"":""S1B"",""magnitude"":0.29082569396020097,""start_week"":12,""duration_weeks"":2,""recovery_weeks"":1},{""target"":""corridor"",""magnitude"":0.40404601604917845,""start_week"":16,""duration_weeks"":1,""recovery_weeks"":3},{""target"":""corridor"",""magnitude"":0.32201379106520855,""start_week"":17,""duration_weeks"":5,""recovery_weeks"":3},{""target"":""T2P"",""magnitude"":0.1655901618913843,""start_week"":22,""duration_weeks"":1,""recovery_weeks"":2},{""target"":""T2P"",""magnitude"":0.39924649668324497,""start_week"":39,""duration_weeks"":4,""recovery_weeks"":2},{""target"":""T2P"",""magnitude"":0.15802067041312395,""start_week"":50,""duration_weeks"":8,""recovery_weeks"":4}]"
A,314,826,Independent baseline,True,True,True,Structural,Concentrated dependency; Hidden convergent dependency; Propagation-amplified cascade,Hidden convergent dependency,5,0.3389905380883472,5711.381190006591,True,True,False,False,True,"[{""target"":""T2P"",""magnitude"":0.6511781169981669,""start_week"":6,""duration_weeks"":9,""recovery_weeks"":2},{""target"":""S1C"",""magnitude"":0.46503585147584847,""start_week"":14,""duration_weeks"":2,""recovery_weeks"":3},{""target"":""demand"",""magnitude"":0.1433353632455259,""start_week"":17,""duration_weeks"":5,""recovery_weeks"":1},{""target"":""corridor"",""magnitude"":0.2628659609517116,""start_week"":35,""duration_weeks"":1,""recovery_weeks"":1},{""target"":""S1C"",""magnitude"":0.2811504613269592,""start_week"":49,""duration_weeks"":9,""recovery_weeks"":1}]"
A,314,827,Independent baseline,True,True,False,Structural,Concentrated dependency,Concentrated dependency,5,0.5554298858870514,1003.3244089163636,True,True,False,False,False,"[{""target"":""T2P"",""magnitude"":0.42000728915833696,""start_week"":16,""duration_weeks"":1,""recovery_weeks"":2},{""target"":""corridor"",""magnitude"":0.4973926245986079,""start_week"":18,""duration_weeks"":1,""recovery_weeks"":1},{""target"":""demand"",""magnitude"":0.20653062470990607,""start_week"":19,""duration_weeks"":4,""recovery_weeks"":3},{""target"":""demand"",""magnitude"":0.0988066618939898,""start_week"":42,""duration_weeks"":1,""recovery_weeks"":2},{""target"":""demand"",""magnitude"":0.2708948381995767,""start_week"":48,""duration_weeks"":1,""recovery_weeks"":1}]"
A,314,828,Independent baseline,True,True,True,Structural,Concentrated dependency; Hidden convergent dependency; Propagation-amplified cascade,Hidden convergent dependency,1,0.48679690629037486,2071.296706031975,True,False,False,False,False,"[{""target"":""T2P"",""magnitude"":0.5618827843386626,""start_week"":24,""duration_weeks"":4,""recovery_weeks"":3}]"
A,314,829,Independent baseline,False,,False,Non-failure,Unclassified,Unclassified,3,0.8724361446696934,131.59412353409812,False,True,True,False,False,"[{""target"":""demand"",""magnitude"":0.1462156928156646,""start_week"":11,""duration_weeks"":2,""recovery_weeks"":1},{""target"":""S1A"",""magnitude"":0.4491627223614516,""start_week"":28,""duration_weeks"":2,""recovery_weeks"":1},{""target"":""corridor"",""magnitude"":0.22274083423947683,""start_week"":42,""duration_weeks"":1,""recovery_weeks"":4}]"
A,314,830,Independent baseline,True,True,False,Structural,Concentrated dependency,Concentrated dependency,2,0.8670553164062826,415.07795538774735,False,False,True,False,False,"[{""target"":""S1A"",""magnitude"":0.4732080716589837,""start_week"":1,""duration_weeks"":4,""recovery_weeks"":1},{""target"":""demand"",""magnitude"":0.258082298650914,""start_week"":46,""duration_weeks"":6,""recovery_weeks"":1}]"
A,314,831,Independent baseline,False,,False,Non-failure,Unclassified,Unclassified,3,0.9284271431805001,128.83114227509986,False,False,True,False,False,"[{""target"":""S1A"",""magnitude"":0.41103892784387486,""start_week"":13,""duration_weeks"":1,""recovery_weeks"":2},{""target"":""demand"",""magnitude"":0.0972808025780007,""start_week"":38,""duration_weeks"":4,""recovery_weeks"":2},{""target"":""S1A"",""magnitude"":0.23346236156380532,""start_week"":47,""duration_weeks"":4,""recovery_weeks"":2}]"
A,314,832,Independent baseline,True,True,True,Structural,Hidden convergent dependency; Compounding moderate disturbance,Hidden convergent dependency,5,0.5029860987801756,2886.4352905041756,True,False,False,False,False,"[{""target"":""T2P"",""magnitude"":0.623656255548921,""start_week"":7,""duration_weeks"":1,""recovery_weeks"":1},{""target"":""demand"",""magnitude"":0.16533459245727677,""start_week"":32,""duration_weeks"":19,""recovery_weeks"":1},{""target"":""T2P"",""magnitude"":0.28041692966280873,""start_week"":40,""duration_weeks"":2,""recovery_weeks"":1},{""target"":""T2P"",""magnitude"":0.25419575848452475,""start_week"":42,""duration_weeks"":4,""recovery_weeks"":3},{""target"":""T2P"",""magnitude"":0.21240706457138997,""start_week"":51,""duration_weeks"":10,""recovery_weeks"":2}]"
A,314,833,Independent baseline,True,False,False,Adaptation-limited,Concentrated dependency,Concentrated dependency,2,0.7135708971988647,571.8067611324807,False,True,False,False,False,"[{""target"":""demand"",""magnitude"":0.26432747966630066,""start_week"":8,""duration_weeks"":1,""recovery_weeks"":2},{""target"":""corridor"",""magnitude"":0.4648218271008516,""start_week"":13,""duration_weeks"":1,""recovery_weeks"":4}]"
A,314,834,Independent baseline,True,True,True,Structural,Concentrated dependency,Concentrated dependency,3,0.6144409894819669,2533.189795758853,False,True,False,False,False,"[{""target"":""corridor"",""magnitude"":0.4053908767619301,""start_week"":8,""duration_weeks"":4,""recovery_weeks"":3},{""target"":""corridor"",""magnitude"":0.5391692578885249,""start_week"":17,""duration_weeks"":3,""recovery_weeks"":4},{""target"":""corridor"",""magnitude"":0.5254442174666708,""start_week"":26,""duration_weeks"":2,""recovery_weeks"":4}]"
A,314,835,Independent baseline,False,,False,Non-failure,Unclassified,Unclassified,1,0.9799436402103396,72.20289524277723,False,True,False,False,False,"[{""target"":""corridor"",""magnitude"":0.26504226984224516,""start_week"":24,""duration_weeks"":3,""recovery_weeks"":4}]"
A,314,836,Independent baseline,True,False,False,Adaptation-limited,Concentrated dependency,Concentrated dependency,2,0.8399498692118372,340.237827247734,False,True,True,False,False,"[{""target"":""S1A"",""magnitude"":0.38036897957260296,""start_week"":10,""duration_weeks"":8,""recovery_weeks"":2},{""target"":""corridor"",""magnitude"":0.37003759809112213,""start_week"":11,""duration_weeks"":1,""recovery_weeks"":2}]"
A,314,837,Independent baseline,False,,False,Non-failure,Unclassified,Unclassified,1,0.9163489670321617,82.15857973288053,False,False,False,False,False,"[{""target"":""demand"",""magnitude"":0.09128731081431155,""start_week"":24,""duration_weeks"":1,""recovery_weeks"":4}]"
A,314,838,Independent baseline,True,True,True,Structural,Concentrated dependency,Concentrated dependency,4,0.4259105742724004,2380.8503580748898,False,True,True,False,False,"[{""target"":""demand"",""magnitude"":0.16990373387173707,""start_week"":3,""duration_weeks"":3,""recovery_weeks"":2},{""target"":""corridor"",""magnitude"":0.6262942216474473,""start_week"":5,""duration_weeks"":3,""recovery_weeks"":4},{""target"":""S1A"",""magnitude"":0.45039750076659957,""start_week"":12,""duration_weeks"":6,""recovery_weeks"":4},{""target"":""corridor"",""magnitude"":0.2942766077142761,""start_week"":44,""duration_weeks"":3,""recovery_weeks"":2}]"
A,314,839,Independent baseline,False,,False,Non-failure,Unclassified,Unclassified,5,0.8362726233487343,487.25888590808995,True,False,True,False,True,"[{""target"":""T2P"",""magnitude"":0.22507181636746948,""start_week"":13,""duration_weeks"":4,""recovery_weeks"":2},{""target"":""S1C"",""magnitude"":0.39549169488359887,""start_week"":14,""duration_weeks"":3,""recovery_weeks"":2},{""target"":""demand"",""magnitude"":0.11609846382031497,""start_week"":16,""duration_weeks"":1,""recovery_weeks"":2},{""target"":""S1A"",""magnitude"":0.4452799273324811,""start_week"":18,""duration_weeks"":2,""recovery_weeks"":3},{""target"":""demand"",""magnitude"":0.13240329194633899,""start_week"":41,""duration_weeks"":10,""recovery_weeks"":4}]"
A,314,840,Independent baseline,False,,False,Non-failure,Unclassified,Unclassified,2,0.8617158828984576,168.42051443902733,False,False,False,True,False,"[{""target"":""demand"",""magnitude"":0.16047530264431425,""start_week"":6,""duration_weeks"":5,""recovery_weeks"":3},{""target"":""S1B"",""magnitude"":0.43914423228658794,""start_week"":31,""duration_weeks"":11,""recovery_weeks"":2}]"
A,314,841,Independent baseline,False,,False,Non-failure,Unclassified,Unclassified,2,1.0,0.0,False,True,False,True,False,"[{""target"":""corridor"",""magnitude"":0.19407369557062826,""start_week"":7,""duration_weeks"":1,""recovery_weeks"":1},{""target"":""S1B"",""magnitude"":0.20030202775624534,""start_week"":30,""duration_weeks"":1,""recovery_weeks"":1}]"
A,314,842,Independent baseline,True,True,True,Structural,Concentrated dependency; Hidden convergent dependency; Propagation-amplified cascade,Hidden convergent dependency,2,0.5762900601834312,1728.7031479269274,True,False,False,False,False,"[{""target"":""T2P"",""magnitude"":0.4813389458349119,""start_week"":12,""duration_weeks"":4,""recovery_weeks"":4},{""target"":""demand"",""magnitude"":0.0860093403748497,""start_week"":44,""duration_weeks"":2,""recovery_weeks"":2}]"
A,314,843,Independent baseline,False,,False,Non-failure,Unclassified,Unclassified,1,0.9811165671588945,39.65520896632154,False,False,True,False,False,"[{""target"":""S1A"",""magnitude"":0.2924877238924872,""start_week"":34,""duration_weeks"":3,""recovery_weeks"":4}]"
A,314,844,Independent baseline,False,,False,Non-failure,Unclassified,Unclassified,2,0.9362328591130942,57.39042679821523,True,False,True,False,False,"[{""target"":""T2P"",""magnitude"":0.3191301422660717,""start_week"":45,""duration_weeks"":2,""recovery_weeks"":1},{""target"":""S1A"",""magnitude"":0.2738848826870905,""start_week"":50,""duration_weeks"":2,""recovery_weeks"":2}]"
A,314,845,Independent baseline,True,True,True,Structural,Concentrated dependency; Hidden convergent dependency,Hidden convergent dependency,3,0.618939752945463,986.0916548758489,True,False,False,True,False,"[{""target"":""T2P"",""magnitude"":0.3999597960553827,""start_week"":9,""duration_weeks"":2,""recovery_weeks"":3},{""target"":""demand"",""magnitude"":0.15436586369978367,""start_week"":12,""duration_weeks"":2,""recovery_weeks"":2},{""target"":""S1B"",""magnitude"":0.3247320469312709,""start_week"":42,""duration_weeks"":1,""recovery_weeks"":1}]"
A,314,846,Independent baseline,True,True,True,Structural,Concentrated dependency,Concentrated dependency,4,0.8196849207719341,1101.1997994380117,True,False,False,False,True,"[{""target"":""S1C"",""magnitude"":0.4899044350185717,""start_week"":20,""duration_weeks"":5,""recovery_weeks"":4},{""target"":""T2P"",""magnitude"":0.26228357130525937,""start_week"":31,""duration_weeks"":8,""recovery_weeks"":4},{""target"":""S1C"",""magnitude"":0.33844650332252524,""start_week"":41,""duration_weeks"":1,""recovery_weeks"":1},{""target"":""S1C"",""magnitude"":0.49111921548483484,""start_week"":44,""duration_weeks"":5,""recovery_weeks"":4}]"
A,314,847,Independent baseline,False,,False,Non-failure,Unclassified,Unclassified,1,0.813556232611942,543.7794063401095,False,False,False,False,False,"[{""target"":""demand"",""magnitude"":0.22917133433969983,""start_week"":30,""duration_weeks"":6,""recovery_weeks"":1}]"
A,314,848,Independent baseline,True,False,True,Adaptation-limited,Concentrated dependency,Concentrated dependency,4,0.8100215329638661,562.8774003072684,False,True,False,True,False,"[{""target"":""demand"",""magnitude"":0.09095657126263845,""start_week"":15,""duration_weeks"":4,""recovery_weeks"":1},{""target"":""S1B"",""magnitude"":0.3033459340624194,""start_week"":28,""duration_weeks"":1,""recovery_weeks"":2},{""target"":""corridor"",""magnitude"":0.18198785875746626,""start_week"":29,""duration_weeks"":4,""recovery_weeks"":3},{""target"":""corridor"",""magnitude"":0.3924838502771005,""start_week"":47,""duration_weeks"":3,""recovery_weeks"":2}]"
A,314,849,Independent baseline,True,True,True,Structural,Concentrated dependency,Concentrated dependency,5,0.4042556080929812,3644.9445513749856,True,True,False,False,False,"[{""target"":""demand"",""magnitude"":0.3021359408799282,""start_week"":1,""duration_weeks"":5,""recovery_weeks"":2},{""target"":""corridor"",""magnitude"":0.47726891729508525,""start_week"":22,""duration_weeks"":9,""recovery_weeks"":3},{""target"":""corridor"",""magnitude"":0.41998531156623475,""start_week"":28,""duration_weeks"":2,""recovery_weeks"":1},{""target"":""demand"",""magnitude"":0.14147393732956454,""start_week"":33,""duration_weeks"":4,""recovery_weeks"":3},{""target"":""T2P"",""magnitude"":0.20013747957128794,""start_week"":46,""duration_weeks"":2,""recovery_weeks"":1}]"
A,314,850,Independent baseline,True,True,True,Structural,Compounding moderate disturbance; Recovery lag and temporal overlap,Compounding moderate disturbance,5,0.4531714963080822,1790.4410258227977,True,True,False,False,False,"[{""target"":""corridor"",""magnitude"":0.28713145420351044,""start_week"":16,""duration_weeks"":1,""recovery_weeks"":3},{""target"":""demand"",""magnitude"":0.1221008782162613,""start_week"":17,""duration_weeks"":2,""recovery_weeks"":4},{""target"":""T2P"",""magnitude"":0.2658835357072678,""start_week"":27,""duration_weeks"":7,""recovery_weeks"":3},{""target"":""corridor"",""magnitude"":0.2946109918681013,""start_week"":38,""duration_weeks"":1,""recovery_weeks"":4},{""target"":""corridor"",""magnitude"":0.5637222015761844,""start_week"":40,""duration_weeks"":1,""recovery_weeks"":2}]"
A,314,851,Independent baseline,True,False,True,Adaptation-limited,Concentrated dependency,Concentrated dependency,6,0.6967078575474639,804.0917598423086,False,True,True,True,False,"[{""target"":""S1A"",""magnitude"":0.2463030176030608,""start_week"":1,""duration_weeks"":3,""recovery_weeks"":2},{""target"":""S1B"",""magnitude"":0.2202848115010345,""start_week"":8,""duration_weeks"":4,""recovery_weeks"":3},{""target"":""corridor"",""magnitude"":0.44289336917494826,""start_week"":9,""duration_weeks"":1,""recovery_weeks"":2},{""target"":""S1A"",""magnitude"":0.19736231128521645,""start_week"":11,""duration_weeks"":2,""recovery_weeks"":1},{""target"":""corridor"",""magnitude"":0.3169505904451414,""start_week"":27,""duration_weeks"":3,""recovery_weeks"":4},{""target"":""corridor"",""magnitude"":0.3145221498274634,""start_week"":31,""duration_weeks"":3,""recovery_weeks"":2}]"
A,314,852,Independent baseline,False,,False,Non-failure,Unclassified,Unclassified,1,1.0,0.0,False,False,False,True,False,"[{""target"":""S1B"",""magnitude"":0.24931053813241094,""start_week"":40,""duration_weeks"":1,""recovery_weeks"":3}]"
A,314,853,Independent baseline,True,True,True,Structural,Concentrated dependency; Hidden convergent dependency; Propagation-amplified cascade,Hidden convergent dependency,2,0.4989807598467775,1730.045238758452,True,False,False,False,True,"[{""target"":""S1C"",""magnitude"":0.24800704617496344,""start_week"":31,""duration_weeks"":1,""recovery_weeks"":4},{""target"":""T2P"",""magnitude"":0.5509173161379003,""start_week"":40,""duration_weeks"":3,""recovery_weeks"":4}]"
A,314,854,Independent baseline,False,,False,Non-failure,Unclassified,Unclassified,3,0.8387190375265734,182.1682874511971,True,False,False,True,True,"[{""target"":""S1B"",""magnitude"":0.31371312946852725,""start_week"":13,""duration_weeks"":1,""recovery_weeks"":1},{""target"":""T2P"",""magnitude"":0.4110462636753396,""start_week"":35,""duration_weeks"":1,""recovery_weeks"":3},{""target"":""S1C"",""magnitude"":0.41450653487205125,""start_week"":42,""duration_weeks"":1,""recovery_weeks"":3}]"
A,314,855,Independent baseline,False,,False,Non-failure,Unclassified,Unclassified,3,0.8158531438521495,454.2647291524462,False,False,False,False,True,"[{""target"":""demand"",""magnitude"":0.22571078819207435,""start_week"":20,""duration_weeks"":5,""recovery_weeks"":3},{""target"":""S1C"",""magnitude"":0.3169317405234914,""start_week"":38,""duration_weeks"":1,""recovery_weeks"":4},{""target"":""demand"",""magnitude"":0.17105138201735368,""start_week"":51,""duration_weeks"":7,""recovery_weeks"":1}]"
A,314,856,Independent baseline,True,True,True,Structural,Concentrated dependency; Hidden convergent dependency; Propagation-amplified cascade,Hidden convergent dependency,1,0.6892246089036025,1357.8849639073042,True,False,False,False,False,"[{""target"":""T2P"",""magnitude"":0.37969785198675776,""start_week"":5,""duration_weeks"":6,""recovery_weeks"":1}]"
A,314,857,Independent baseline,False,,False,Non-failure,Unclassified,Unclassified,1,0.882692392057693,119.60774568585589,False,False,False,False,False,"[{""target"":""demand"",""magnitude"":0.13289749520650657,""start_week"":28,""duration_weeks"":3,""recovery_weeks"":4}]"
A,314,858,Independent baseline,False,,False,Non-failure,Unclassified,Unclassified,1,0.8531472033888658,132.16751695002085,True,False,False,False,False,"[{""target"":""T2P"",""magnitude"":0.4660837584750104,""start_week"":3,""duration_weeks"":1,""recovery_weeks"":1}]"
A,314,859,Independent baseline,True,True,True,Structural,Concentrated dependency,Concentrated dependency,6,0.7453073606269733,1663.806207011729,True,True,False,False,True,"[{""target"":""demand"",""magnitude"":0.3323761738486736,""start_week"":1,""duration_weeks"":7,""recovery_weeks"":1},{""target"":""S1C"",""magnitude"":0.24875135395572817,""start_week"":5,""duration_weeks"":1,""recovery_weeks"":4},{""target"":""demand"",""magnitude"":0.0821720162727192,""start_week"":7,""duration_weeks"":2,""recovery_weeks"":4},{""target"":""demand"",""magnitude"":0.2402577159666321,""start_week"":35,""duration_weeks"":2,""recovery_weeks"":2},{""target"":""T2P"",""magnitude"":0.2022557720780424,""start_week"":37,""duration_weeks"":5,""recovery_weeks"":1},{""target"":""corridor"",""magnitude"":0.31406703966988875,""start_week"":51,""duration_weeks"":4,""recovery_weeks"":2}]"
A,314,860,Independent baseline,True,True,True,Structural,Concentrated dependency; Hidden convergent dependency; Propagation-amplified cascade; Recovery lag and temporal overlap,Hidden convergent dependency,2,0.7918137306866667,1222.4967902677922,True,False,False,True,False,"[{""target"":""S1B"",""magnitude"":0.3093536755687682,""start_week"":32,""duration_weeks"":1,""recovery_weeks"":4},{""target"":""T2P"",""magnitude"":0.28736764238199997,""start_week"":36,""duration_weeks"":8,""recovery_weeks"":4}]"
A,314,861,Independent baseline,False,,False,Non-failure,Unclassified,Unclassified,1,0.8249510692885834,190.97379651393976,False,False,False,False,False,"[{""target"":""demand"",""magnitude"":0.21219310723771084,""start_week"":44,""duration_weeks"":3,""recovery_weeks"":2}]"
A,314,862,Independent baseline,True,True,False,Structural,Concentrated dependency,Concentrated dependency,3,0.8816474279039884,213.03462977282084,True,True,False,False,False,"[{""target"":""corridor"",""magnitude"":0.3387644290720087,""start_week"":1,""duration_weeks"":1,""recovery_weeks"":1},{""target"":""demand"",""magnitude"":0.056632634865463334,""start_week"":8,""duration_weeks"":9,""recovery_weeks"":1},{""target"":""T2P"",""magnitude"":0.21964073156618957,""start_week"":25,""duration_weeks"":1,""recovery_weeks"":4}]"
A,314,863,Independent baseline,False,,False,Non-failure,Unclassified,Unclassified,2,0.9714722577576462,102.69987207247345,False,True,False,False,False,"[{""target"":""corridor"",""magnitude"":0.2713958066817653,""start_week"":5,""duration_weeks"":3,""recovery_weeks"":3},{""target"":""demand"",""magnitude"":0.0752044126540801,""start_week"":22,""duration_weeks"":4,""recovery_weeks"":3}]"
A,314,864,Independent baseline,False,,False,Non-failure,Unclassified,Unclassified,2,0.9648931139569826,126.3847897548626,True,True,False,False,False,"[{""target"":""corridor"",""magnitude"":0.276330164532263,""start_week"":30,""duration_weeks"":3,""recovery_weeks"":4},{""target"":""T2P"",""magnitude"":0.25511893648115336,""start_week"":48,""duration_weeks"":5,""recovery_weeks"":4}]"
A,314,865,Independent baseline,True,True,True,Structural,Concentrated dependency; Hidden convergent dependency; Propagation-amplified cascade,Hidden convergent dependency,6,0.6226624876562148,968.8503946303434,True,False,True,False,False,"[{""target"":""T2P"",""magnitude"":0.217364964099656,""start_week"":6,""duration_weeks"":5,""recovery_weeks"":4},{""target"":""T2P"",""magnitude"":0.4396037611094067,""start_week"":17,""duration_weeks"":1,""recovery_weeks"":4},{""target"":""demand"",""magnitude"":0.19454231605504896,""start_week"":33,""duration_weeks"":4,""recovery_weeks"":2},{""target"":""S1A"",""magnitude"":0.2097230223477699,""start_week"":37,""duration_weeks"":2,""recovery_weeks"":2},{""target"":""demand"",""magnitude"":0.21651223356624016,""start_week"":41,""duration_weeks"":1,""recovery_weeks"":1},{""target"":""demand"",""magnitude"":0.16648426376995845,""start_week"":43,""duration_weeks"":2,""recovery_weeks"":2}]"
A,314,866,Independent baseline,False,,False,Non-failure,Unclassified,Unclassified,1,0.9713300583520069,51.605894966387496,False,False,True,False,False,"[{""target"":""S1A"",""magnitude"":0.31450736870798446,""start_week"":12,""duration_weeks"":1,""recovery_weeks"":3}]"
A,314,867,Independent baseline,True,True,False,Structural,Concentrated dependency,Concentrated dependency,1,0.8957430565938349,187.6624981310972,False,False,True,False,False,"[{""target"":""S1A"",""magnitude"":0.48457812266387146,""start_week"":41,""duration_weeks"":1,""recovery_weeks"":2}]"
A,314,868,Independent baseline,False,,False,Non-failure,Unclassified,Unclassified,4,0.8872116194332408,172.74339335159993,True,True,True,False,True,"[{""target"":""corridor"",""magnitude"":0.18825031458731648,""start_week"":2,""duration_weeks"":5,""recovery_weeks"":1},{""target"":""S1C"",""magnitude"":0.4222792552737292,""start_week"":18,""duration_weeks"":1,""recovery_weeks"":1},{""target"":""T2P"",""magnitude"":0.4030190850201666,""start_week"":24,""duration_weeks"":1,""recovery_weeks"":4},{""target"":""S1A"",""magnitude"":0.250114154636128,""start_week"":45,""duration_weeks"":3,""recovery_weeks"":2}]"
A,314,869,Independent baseline,True,False,True,Adaptation-limited,Concentrated dependency,Concentrated dependency,1,0.7482689397566576,730.7124988030296,False,True,False,False,False,"[{""target"":""corridor"",""magnitude"":0.4387982951825068,""start_week"":14,""duration_weeks"":2,""recovery_weeks"":3}]"
A,314,870,Independent baseline,True,True,True,Structural,Concentrated dependency; Hidden convergent dependency; Propagation-amplified cascade,Hidden convergent dependency,4,0.6984207549291696,2117.887490582727,True,True,False,False,False,"[{""target"":""T2P"",""magnitude"":0.5357106602818738,""start_week"":3,""duration_weeks"":1,""recovery_weeks"":3},{""target"":""corridor"",""magnitude"":0.3896357992872991,""start_week"":15,""duration_weeks"":11,""recovery_weeks"":1},{""target"":""T2P"",""magnitude"":0.2275606094457199,""start_week"":20,""duration_weeks"":2,""recovery_weeks"":2},{""target"":""demand"",""magnitude"":0.25525047385386757,""start_week"":39,""duration_weeks"":5,""recovery_weeks"":1}]"
A,314,871,Independent baseline,False,,False,Non-failure,Unclassified,Unclassified,1,0.8474144582529729,162.05410025153128,False,False,False,False,False,"[{""target"":""demand"",""magnitude"":0.18006011139059047,""start_week"":9,""duration_weeks"":2,""recovery_weeks"":4}]"
A,314,872,Independent baseline,False,,False,Non-failure,Unclassified,Unclassified,2,0.9168350768281626,149.6968617093073,False,True,False,False,True,"[{""target"":""corridor"",""magnitude"":0.31237369237887797,""start_week"":37,""duration_weeks"":1,""recovery_weeks"":2},{""target"":""S1C"",""magnitude"":0.4149390932588868,""start_week"":47,""duration_weeks"":2,""recovery_weeks"":2}]"
A,314,873,Independent baseline,False,,False,Non-failure,Unclassified,Unclassified,2,0.8791800629891109,199.6756477643803,False,False,False,False,False,"[{""target"":""demand"",""magnitude"":0.1374234267780314,""start_week"":47,""duration_weeks"":3,""recovery_weeks"":4},{""target"":""demand"",""magnitude"":0.12272880966362937,""start_week"":49,""duration_weeks"":1,""recovery_weeks"":2}]"
A,314,874,Independent baseline,False,,False,Non-failure,Unclassified,Unclassified,2,0.9507523579577528,103.42004828871916,False,False,False,True,False,"[{""target"":""S1B"",""magnitude"":0.21802478562369404,""start_week"":25,""duration_weeks"":3,""recovery_weeks"":4},{""target"":""S1B"",""magnitude"":0.36080719459505606,""start_week"":33,""duration_weeks"":2,""recovery_weeks"":2}]"
A,314,875,Independent baseline,False,,False,Non-failure,Unclassified,Unclassified,3,0.9270120682231365,102.48645899062001,False,True,False,True,False,"[{""target"":""S1B"",""magnitude"":0.3056997957746547,""start_week"":31,""duration_weeks"":3,""recovery_weeks"":2},{""target"":""S1B"",""magnitude"":0.3325312692385468,""start_week"":36,""duration_weeks"":1,""recovery_weeks"":3},{""target"":""corridor"",""magnitude"":0.3047409488326476,""start_week"":45,""duration_weeks"":1,""recovery_weeks"":2}]"
A,314,876,Independent baseline,True,False,True,Adaptation-limited,Concentrated dependency,Concentrated dependency,2,0.7186344106787135,2542.8676938533445,False,True,False,False,False,"[{""target"":""corridor"",""magnitude"":0.4610241919909649,""start_week"":20,""duration_weeks"":9,""recovery_weeks"":2},{""target"":""corridor"",""magnitude"":0.2594341318797745,""start_week"":31,""duration_weeks"":2,""recovery_weeks"":1}]"
A,314,877,Independent baseline,False,,False,Non-failure,Unclassified,Unclassified,2,0.9050409187222518,341.85269259989343,True,True,False,False,False,"[{""target"":""T2P"",""magnitude"":0.24283046472554154,""start_week"":30,""duration_weeks"":1,""recovery_weeks"":2},{""target"":""corridor"",""magnitude"":0.3212193109583111,""start_week"":46,""duration_weeks"":3,""recovery_weeks"":3}]"
A,314,878,Independent baseline,True,True,True,Structural,Concentrated dependency; Propagation-amplified cascade,Propagation-amplified cascade,3,0.7337519961446239,937.9513808377966,True,True,False,False,True,"[{""target"":""T2P"",""magnitude"":0.37987440115661286,""start_week"":8,""duration_weeks"":2,""recovery_weeks"":1},{""target"":""S1C"",""magnitude"":0.34307104421308904,""start_week"":19,""duration_weeks"":6,""recovery_weeks"":2},{""target"":""corridor"",""magnitude"":0.41484155947325163,""start_week"":42,""duration_weeks"":4,""recovery_weeks"":3}]"
A,314,879,Independent baseline,False,,False,Non-failure,Unclassified,Unclassified,3,0.8901022488297833,111.119791218626,True,False,False,True,False,"[{""target"":""demand"",""magnitude"":0.12346643468736208,""start_week"":13,""duration_weeks"":2,""recovery_weeks"":4},{""target"":""T2P"",""magnitude"":0.18041247546079678,""start_week"":23,""duration_weeks"":1,""recovery_weeks"":4},{""target"":""S1B"",""magnitude"":0.4829303057686124,""start_week"":27,""duration_weeks"":1,""recovery_weeks"":3}]"
A,314,880,Independent baseline,False,,False,Non-failure,Unclassified,Unclassified,2,0.9281078727872829,194.10874347433605,True,True,False,False,False,"[{""target"":""T2P"",""magnitude"":0.28023356558086,""start_week"":45,""duration_weeks"":1,""recovery_weeks"":2},{""target"":""corridor"",""magnitude"":0.3039190954095379,""start_week"":48,""duration_weeks"":7,""recovery_weeks"":3}]"
A,314,881,Independent baseline,True,True,True,Structural,Concentrated dependency,Concentrated dependency,4,0.768360883661084,2145.379703946099,True,False,False,True,False,"[{""target"":""T2P"",""magnitude"":0.27082873084989334,""start_week"":21,""duration_weeks"":3,""recovery_weeks"":1},{""target"":""demand"",""magnitude"":0.14978999389556436,""start_week"":31,""duration_weeks"":4,""recovery_weeks"":2},{""target"":""demand"",""magnitude"":0.2576903201420667,""start_week"":33,""duration_weeks"":11,""recovery_weeks"":2},{""target"":""S1B"",""magnitude"":0.24354266373747968,""start_week"":38,""duration_weeks"":2,""recovery_weeks"":4}]"
A,314,882,Independent baseline,False,,False,Non-failure,Unclassified,Unclassified,1,1.0,0.0,True,False,False,False,False,"[{""target"":""T2P"",""magnitude"":0.29054323715453434,""start_week"":29,""duration_weeks"":1,""recovery_weeks"":1}]"
A,314,883,Independent baseline,True,True,False,Structural,Concentrated dependency,Concentrated dependency,4,0.8512912217933776,267.6758007719204,False,True,True,True,False,"[{""target"":""S1A"",""magnitude"":0.5845947509649007,""start_week"":6,""duration_weeks"":1,""recovery_weeks"":4},{""target"":""S1B"",""magnitude"":0.36384062250504345,""start_week"":24,""duration_weeks"":8,""recovery_weeks"":2},{""target"":""demand"",""magnitude"":0.10595560907048027,""start_week"":44,""duration_weeks"":4,""recovery_weeks"":2},{""target"":""corridor"",""magnitude"":0.29107450402367274,""start_week"":50,""duration_weeks"":3,""recovery_weeks"":4}]"
A,314,884,Independent baseline,True,False,False,Adaptation-limited,Hidden convergent dependency; Compounding moderate disturbance; Recovery lag and temporal overlap,Hidden convergent dependency,3,0.837460341344222,377.2620679664293,True,True,False,False,False,"[{""target"":""T2P"",""magnitude"":0.32008741428608756,""start_week"":34,""duration_weeks"":1,""recovery_weeks"":4},{""target"":""demand"",""magnitude"":0.11331940252861043,""start_week"":38,""duration_weeks"":1,""recovery_weeks"":4},{""target"":""corridor"",""magnitude"":0.29050629094066127,""start_week"":48,""duration_weeks"":11,""recovery_weeks"":3}]"
A,314,885,Independent baseline,True,True,False,Structural,Concentrated dependency,Concentrated dependency,3,0.8871373953578442,204.3349464893356,False,True,False,True,False,"[{""target"":""corridor"",""magnitude"":0.23888306954674438,""start_week"":1,""duration_weeks"":1,""recovery_weeks"":3},{""target"":""corridor"",""magnitude"":0.33464695348161677,""start_week"":43,""duration_weeks"":1,""recovery_weeks"":4},{""target"":""S1B"",""magnitude"":0.2572460806395985,""start_week"":48,""duration_weeks"":2,""recovery_weeks"":2}]"
A,314,886,Independent baseline,False,,False,Non-failure,Unclassified,Unclassified,2,0.919843330091602,78.4274892881748,False,False,False,False,False,"[{""target"":""demand"",""magnitude"":0.08714165476463862,""start_week"":26,""duration_weeks"":2,""recovery_weeks"":4},{""target"":""demand"",""magnitude"":0.17398906732049443,""start_week"":42,""duration_weeks"":3,""recovery_weeks"":2}]"
A,314,887,Independent baseline,True,True,False,Structural,Compounding moderate disturbance,Compounding moderate disturbance,4,0.8570210497697053,270.7887344986392,True,False,False,True,False,"[{""target"":""S1B"",""magnitude"":0.35069968063081547,""start_week"":9,""duration_weeks"":2,""recovery_weeks"":4},{""target"":""S1B"",""magnitude"":0.34037093590537393,""start_week"":10,""duration_weeks"":3,""recovery_weeks"":4},{""target"":""T2P"",""magnitude"":0.22629738089244167,""start_week"":15,""duration_weeks"":1,""recovery_weeks"":1},{""target"":""demand"",""magnitude"":0.12517777590151408,""start_week"":22,""duration_weeks"":4,""recovery_weeks"":3}]"
A,314,888,Independent baseline,True,False,False,Adaptation-limited,Concentrated dependency; Hidden convergent dependency; Propagation-amplified cascade,Hidden convergent dependency,3,0.7354886241276621,521.2710722829682,True,False,False,True,False,"[{""target"":""T2P"",""magnitude"":0.5070903574276562,""start_week"":3,""duration_weeks"":1,""recovery_weeks"":3},{""target"":""T2P"",""magnitude"":0.16677656566299542,""start_week"":18,""duration_weeks"":2,""recovery_weeks"":3},{""target"":""S1B"",""magnitude"":0.43193841043643555,""start_week"":27,""duration_weeks"":3,""recovery_weeks"":4}]"
A,314,889,Independent baseline,True,True,False,Structural,Concentrated dependency; Hidden convergent dependency; Propagation-amplified cascade,Hidden convergent dependency,1,0.8053665347867284,275.8505934597217,True,False,False,False,False,"[{""target"":""T2P"",""magnitude"":0.27517011869194447,""start_week"":14,""duration_weeks"":4,""recovery_weeks"":1}]"
A,314,890,Independent baseline,False,,False,Non-failure,Unclassified,Unclassified,1,0.9773736283062104,47.51538055695801,False,False,True,False,False,"[{""target"":""S1A"",""magnitude"":0.3009093363110263,""start_week"":16,""duration_weeks"":4,""recovery_weeks"":4}]"
A,314,891,Independent baseline,False,,False,Non-failure,Unclassified,Unclassified,1,1.0,0.0,False,True,False,False,False,"[{""target"":""corridor"",""magnitude"":0.20352985903758838,""start_week"":33,""duration_weeks"":2,""recovery_weeks"":4}]"
A,314,892,Independent baseline,False,,False,Non-failure,Unclassified,Unclassified,6,0.772890660561057,403.9383148466395,True,False,False,True,True,"[{""target"":""S1C"",""magnitude"":0.46096991409060406,""start_week"":8,""duration_weeks"":2,""recovery_weeks"":2},{""target"":""demand"",""magnitude"":0.1725275514128408,""start_week"":10,""duration_weeks"":1,""recovery_weeks"":4},{""target"":""T2P"",""magnitude"":0.22524395919146037,""start_week"":33,""duration_weeks"":4,""recovery_weeks"":3},{""target"":""S1C"",""magnitude"":0.25730390018494703,""start_week"":39,""duration_weeks"":1,""recovery_weeks"":3},{""target"":""S1B"",""magnitude"":0.35744740231940714,""start_week"":46,""duration_weeks"":6,""recovery_weeks"":4},{""target"":""S1B"",""magnitude"":0.3606548070636155,""start_week"":51,""duration_weeks"":6,""recovery_weeks"":1}]"
A,314,893,Independent baseline,False,,False,Non-failure,Unclassified,Unclassified,1,0.9988668005722582,2.3797187982578407,False,False,False,False,True,"[{""target"":""S1C"",""magnitude"":0.25254969871241906,""start_week"":26,""duration_weeks"":3,""recovery_weeks"":2}]"
A,314,894,Independent baseline,True,True,False,Structural,Compounding moderate disturbance,Compounding moderate disturbance,2,0.8704772913648184,974.8866106206776,False,True,False,False,False,"[{""target"":""corridor"",""magnitude"":0.28160321316543213,""start_week"":8,""duration_weeks"":10,""recovery_weeks"":3},{""target"":""demand"",""magnitude"":0.10038755973089336,""start_week"":14,""duration_weeks"":8,""recovery_weeks"":4}]"
A,314,895,Independent baseline,True,False,False,Adaptation-limited,Concentrated dependency; Recovery lag and temporal overlap,Recovery lag and temporal overlap,6,0.6917527323962548,972.4717119439337,False,True,False,True,True,"[{""target"":""S1B"",""magnitude"":0.2767075202753957,""start_week"":35,""duration_weeks"":3,""recovery_weeks"":3},{""target"":""S1B"",""magnitude"":0.43038219068037653,""start_week"":39,""duration_weeks"":9,""recovery_weeks"":4},{""target"":""S1C"",""magnitude"":0.17825601156864032,""start_week"":40,""duration_weeks"":4,""recovery_weeks"":4},{""target"":""demand"",""magnitude"":0.15328483767475526,""start_week"":46,""duration_weeks"":2,""recovery_weeks"":3},{""target"":""corridor"",""magnitude"":0.4546766493787018,""start_week"":49,""duration_weeks"":1,""recovery_weeks"":1},{""target"":""S1C"",""magnitude"":0.2956579812742428,""start_week"":50,""duration_weeks"":1,""recovery_weeks"":2}]"
A,314,896,Independent baseline,False,,False,Non-failure,Unclassified,Unclassified,3,0.9355513664878548,61.999556880219416,False,True,False,False,False,"[{""target"":""demand"",""magnitude"":0.06888839653357724,""start_week"":24,""duration_weeks"":1,""recovery_weeks"":2},{""target"":""demand"",""magnitude"":0.11309480614259813,""start_week"":29,""duration_weeks"":2,""recovery_weeks"":2},{""target"":""corridor"",""magnitude"":0.291509690283406,""start_week"":32,""duration_weeks"":1,""recovery_weeks"":1}]"
A,314,897,Independent baseline,True,False,True,Adaptation-limited,Concentrated dependency; Hidden convergent dependency,Hidden convergent dependency,5,0.5204780282873047,1134.7929785294928,True,False,False,True,True,"[{""target"":""T2P"",""magnitude"":0.4747239877147972,""start_week"":7,""duration_weeks"":1,""recovery_weeks"":3},{""target"":""demand"",""magnitude"":0.12135379772084255,""start_week"":9,""duration_weeks"":11,""recovery_weeks"":4},{""target"":""S1B"",""magnitude"":0.3098728452023476,""start_week"":23,""duration_weeks"":4,""recovery_weeks"":2},{""target"":""S1C"",""magnitude"":0.1926311942634643,""start_week"":37,""duration_weeks"":2,""recovery_weeks"":2},{""target"":""T2P"",""magnitude"":0.19989318984901838,""start_week"":51,""duration_weeks"":1,""recovery_weeks"":1}]"
A,314,898,Independent baseline,False,,False,Non-failure,Unclassified,Unclassified,0,1.0,0.0,False,False,False,False,False,[]
A,314,899,Independent baseline,False,,False,Non-failure,Unclassified,Unclassified,1,0.9412570520112311,56.16813502424759,False,False,False,False,False,"[{""target"":""demand"",""magnitude"":0.062409038915830564,""start_week"":28,""duration_weeks"":2,""recovery_weeks"":1}]"
A,314,900,Independent baseline,True,False,False,Adaptation-limited,Concentrated dependency; Hidden convergent dependency; Propagation-amplified cascade,Hidden convergent dependency,1,0.6294142773386694,700.2907255927962,True,False,False,False,False,"[{""target"":""T2P"",""magnitude"":0.5667635751975987,""start_week"":15,""duration_weeks"":1,""recovery_weeks"":3}]"
A,314,901,Independent baseline,True,False,False,Adaptation-limited,Concentrated dependency,Concentrated dependency,3,0.696278297102614,811.5863038270727,False,True,False,True,False,"[{""target"":""corridor"",""magnitude"":0.346299368019065,""start_week"":7,""duration_weeks"":2,""recovery_weeks"":4},{""target"":""demand"",""magnitude"":0.25179952652293347,""start_week"":8,""duration_weeks"":1,""recovery_weeks"":1},{""target"":""S1B"",""magnitude"":0.24768285314402264,""start_week"":13,""duration_weeks"":9,""recovery_weeks"":3}]"
A,314,902,Independent baseline,True,True,True,Structural,Concentrated dependency; Hidden convergent dependency; Propagation-amplified cascade,Hidden convergent dependency,5,0.33034129903034254,1486.111142193622,True,False,False,True,True,"[{""target"":""T2P"",""magnitude"":0.5150030832650723,""start_week"":2,""duration_weeks"":1,""recovery_weeks"":2},{""target"":""T2P"",""magnitude"":0.5240602900903435,""start_week"":13,""duration_weeks"":2,""recovery_weeks"":1},{""target"":""T2P"",""magnitude"":0.37532598575617165,""start_week"":14,""duration_weeks"":1,""recovery_weeks"":4},{""target"":""S1C"",""magnitude"":0.24285226057137543,""start_week"":35,""duration_weeks"":3,""recovery_weeks"":4},{""target"":""S1B"",""magnitude"":0.35203719934194133,""start_week"":42,""duration_weeks"":3,""recovery_weeks"":3}]"
A,314,903,Independent baseline,False,,False,Non-failure,Unclassified,Unclassified,2,0.824832744514657,217.6789988726107,True,False,False,False,False,"[{""target"":""T2P"",""magnitude"":0.22009844677763846,""start_week"":7,""duration_weeks"":2,""recovery_weeks"":4},{""target"":""demand"",""magnitude"":0.21236700003758185,""start_week"":12,""duration_weeks"":1,""recovery_weeks"":1}]"
A,314,904,Independent baseline,True,True,True,Structural,Concentrated dependency; Hidden convergent dependency,Hidden convergent dependency,7,0.6788603482218596,1019.5696480238868,True,True,False,True,True,"[{""target"":""S1C"",""magnitude"":0.3886641527744955,""start_week"":6,""duration_weeks"":1,""recovery_weeks"":2},{""target"":""corridor"",""magnitude"":0.3142371343377708,""start_week"":9,""duration_weeks"":2,""recovery_weeks"":4},{""target"":""T2P"",""magnitude"":0.3377095335029714,""start_week"":19,""duration_weeks"":3,""recovery_weeks"":1},{""target"":""demand"",""magnitude"":0.14381381466988855,""start_week"":20,""duration_weeks"":2,""recovery_weeks"":1},{""target"":""demand"",""magnitude"":0.12598603240408107,""start_week"":21,""duration_weeks"":2,""recovery_weeks"":3},{""target"":""S1B"",""magnitude"":0.25143119949980774,""start_week"":25,""duration_weeks"":1,""recovery_weeks"":4},{""target"":""T2P"",""magnitude"":0.48811182468380365,""start_week"":51,""duration_weeks"":2,""recovery_weeks"":3}]"
A,314,905,Independent baseline,False,,False,Non-failure,Unclassified,Unclassified,3,0.8805531771206236,178.59414007996827,False,True,False,False,True,"[{""target"":""S1C"",""magnitude"":0.41539358944567917,""start_week"":19,""duration_weeks"":7,""recovery_weeks"":4},{""target"":""corridor"",""magnitude"":0.2600944958044448,""start_week"":22,""duration_weeks"":1,""recovery_weeks"":2},{""target"":""demand"",""magnitude"":0.20565808065985547,""start_week"":51,""duration_weeks"":2,""recovery_weeks"":1}]"
A,314,906,Independent baseline,True,True,True,Structural,Concentrated dependency; Hidden convergent dependency; Propagation-amplified cascade,Hidden convergent dependency,4,0.5411568667788463,1523.9741807100927,True,True,False,True,False,"[{""target"":""T2P"",""magnitude"":0.35452502357004656,""start_week"":5,""duration_weeks"":3,""recovery_weeks"":3},{""target"":""S1B"",""magnitude"":0.22215895887066733,""start_week"":18,""duration_weeks"":2,""recovery_weeks"":3},{""target"":""corridor"",""magnitude"":0.4247752241861502,""start_week"":25,""duration_weeks"":3,""recovery_weeks"":4},{""target"":""corridor"",""magnitude"":0.29441903904452327,""start_week"":28,""duration_weeks"":2,""recovery_weeks"":2}]"
A,314,907,Independent baseline,False,,False,Non-failure,Unclassified,Unclassified,1,1.0,0.0,False,False,False,True,False,"[{""target"":""S1B"",""magnitude"":0.22128735635893743,""start_week"":45,""duration_weeks"":1,""recovery_weeks"":3}]"
A,314,908,Independent baseline,True,True,False,Structural,Concentrated dependency; Hidden convergent dependency; Propagation-amplified cascade; Recovery lag and temporal overlap,Hidden convergent dependency,5,0.7825377110256646,369.87712287695376,True,False,True,False,True,"[{""target"":""S1A"",""magnitude"":0.3719290847489257,""start_week"":3,""duration_weeks"":5,""recovery_weeks"":4},{""target"":""S1C"",""magnitude"":0.545291445547093,""start_week"":30,""duration_weeks"":4,""recovery_weeks"":2},{""target"":""S1C"",""magnitude"":0.31273374685632294,""start_week"":39,""duration_weeks"":2,""recovery_weeks"":1},{""target"":""T2P"",""magnitude"":0.27895314110244673,""start_week"":42,""duration_weeks"":1,""recovery_weeks"":3},{""target"":""T2P"",""magnitude"":0.274161062800052,""start_week"":44,""duration_weeks"":2,""recovery_weeks"":1}]"
A,314,909,Independent baseline,True,True,True,Structural,Concentrated dependency; Hidden convergent dependency; Propagation-amplified cascade,Hidden convergent dependency,5,0.38514228323060656,3835.4716715428335,True,False,True,False,False,"[{""target"":""T2P"",""magnitude"":0.4037893532160258,""start_week"":13,""duration_weeks"":7,""recovery_weeks"":1},{""target"":""T2P"",""magnitude"":0.6533719450924541,""start_week"":34,""duration_weeks"":1,""recovery_weeks"":4},{""target"":""T2P"",""magnitude"":0.35263222515941695,""start_week"":43,""duration_weeks"":3,""recovery_weeks"":4},{""target"":""T2P"",""magnitude"":0.459307365842768,""start_week"":44,""duration_weeks"":1,""recovery_weeks"":2},{""target"":""S1A"",""magnitude"":0.3586946329764835,""start_week"":46,""duration_weeks"":1,""recovery_weeks"":2}]"
A,314,910,Independent baseline,False,,False,Non-failure,Unclassified,Unclassified,1,0.908116300180124,91.06248816532184,False,False,False,False,False,"[{""target"":""demand"",""magnitude"":0.10118054240591318,""start_week"":35,""duration_weeks"":6,""recovery_weeks"":2}]"
A,314,911,Independent baseline,True,True,True,Structural,Concentrated dependency,Concentrated dependency,2,0.8304745893408267,497.1482609747093,False,True,False,False,False,"[{""target"":""corridor"",""magnitude"":0.37714405799437983,""start_week"":3,""duration_weeks"":2,""recovery_weeks"":4},{""target"":""demand"",""magnitude"":0.07093671833244396,""start_week"":42,""duration_weeks"":2,""recovery_weeks"":4}]"
A,314,912,Independent baseline,False,,False,Non-failure,Unclassified,Unclassified,4,1.0,0.0,True,False,True,True,False,"[{""target"":""T2P"",""magnitude"":0.17279268287098878,""start_week"":4,""duration_weeks"":5,""recovery_weeks"":2},{""target"":""T2P"",""magnitude"":0.1771663616111721,""start_week"":16,""duration_weeks"":1,""recovery_weeks"":2},{""target"":""S1A"",""magnitude"":0.24423628879099707,""start_week"":17,""duration_weeks"":3,""recovery_weeks"":1},{""target"":""S1B"",""magnitude"":0.20617103656066116,""start_week"":50,""duration_weeks"":6,""recovery_weeks"":2}]"
A,314,913,Independent baseline,True,True,False,Structural,Concentrated dependency; Hidden convergent dependency; Propagation-amplified cascade,Hidden convergent dependency,5,0.7571291692512224,698.762471809107,True,True,True,False,False,"[{""target"":""corridor"",""magnitude"":0.29567158195944354,""start_week"":2,""duration_weeks"":3,""recovery_weeks"":2},{""target"":""T2P"",""magnitude"":0.4522552552733178,""start_week"":10,""duration_weeks"":1,""recovery_weeks"":2},{""target"":""T2P"",""magnitude"":0.3185837476738997,""start_week"":24,""duration_weeks"":3,""recovery_weeks"":4},{""target"":""corridor"",""magnitude"":0.36093923219570934,""start_week"":44,""duration_weeks"":5,""recovery_weeks"":3},{""target"":""S1A"",""magnitude"":0.2708867224143097,""start_week"":46,""duration_weeks"":4,""recovery_weeks"":1}]"
A,314,914,Independent baseline,False,,False,Non-failure,Unclassified,Unclassified,3,0.9179946557711673,364.5911140646763,True,True,False,False,False,"[{""target"":""T2P"",""magnitude"":0.22694117832545022,""start_week"":9,""duration_weeks"":2,""recovery_weeks"":3},{""target"":""corridor"",""magnitude"":0.28259906032125837,""start_week"":28,""duration_weeks"":1,""recovery_weeks"":3},{""target"":""corridor"",""magnitude"":0.3115040081716245,""start_week"":40,""duration_weeks"":5,""recovery_weeks"":1}]"
A,314,915,Independent baseline,True,False,True,Adaptation-limited,Concentrated dependency,Concentrated dependency,5,0.5406250668847177,970.5741919025033,False,True,True,False,True,"[{""target"":""S1A"",""magnitude"":0.4165630425311987,""start_week"":1,""duration_weeks"":2,""recovery_weeks"":3},{""target"":""corridor"",""magnitude"":0.5945311998364617,""start_week"":23,""duration_weeks"":1,""recovery_weeks"":4},{""target"":""S1A"",""magnitude"":0.34185611016530193,""start_week"":28,""duration_weeks"":7,""recovery_weeks"":4},{""target"":""S1C"",""magnitude"":0.398058523770502,""start_week"":46,""duration_weeks"":5,""recovery_weeks"":3},{""target"":""corridor"",""magnitude"":0.35031826952200723,""start_week"":51,""duration_weeks"":1,""recovery_weeks"":1}]"
A,314,916,Independent baseline,True,False,True,Adaptation-limited,Concentrated dependency; Hidden convergent dependency; Propagation-amplified cascade,Hidden convergent dependency,3,0.6739302109417576,736.1597807112846,True,True,False,False,False,"[{""target"":""T2P"",""magnitude"":0.5246170802032242,""start_week"":11,""duration_weeks"":1,""recovery_weeks"":4},{""target"":""corridor"",""magnitude"":0.3126852340294425,""start_week"":38,""duration_weeks"":1,""recovery_weeks"":3},{""target"":""corridor"",""magnitude"":0.1880499802451172,""start_week"":39,""duration_weeks"":6,""recovery_weeks"":3}]"
A,314,917,Independent baseline,False,,False,Non-failure,Unclassified,Unclassified,0,1.0,0.0,False,False,False,False,False,[]
A,314,918,Independent baseline,True,True,True,Structural,Concentrated dependency; Hidden convergent dependency; Propagation-amplified cascade,Hidden convergent dependency,5,0.7942116889264522,1302.27202817128,True,True,True,True,False,"[{""target"":""T2P"",""magnitude"":0.28520947996619295,""start_week"":11,""duration_weeks"":6,""recovery_weeks"":2},{""target"":""S1B"",""magnitude"":0.3554855320492696,""start_week"":20,""duration_weeks"":7,""recovery_weeks"":1},{""target"":""corridor"",""magnitude"":0.3473588672155681,""start_week"":24,""duration_weeks"":4,""recovery_weeks"":2},{""target"":""S1A"",""magnitude"":0.467407128451095,""start_week"":31,""duration_weeks"":4,""recovery_weeks"":1},{""target"":""corridor"",""magnitude"":0.2604310301920842,""start_week"":48,""duration_weeks"":3,""recovery_weeks"":3}]"
A,314,919,Independent baseline,False,,False,Non-failure,Unclassified,Unclassified,2,0.9020631386156536,213.8643663185925,False,False,True,False,True,"[{""target"":""S1C"",""magnitude"":0.39091755935038264,""start_week"":48,""duration_weeks"":8,""recovery_weeks"":4},{""target"":""S1A"",""magnitude"":0.3294403787643969,""start_week"":49,""duration_weeks"":2,""recovery_weeks"":4}]"
A,314,920,Independent baseline,False,,False,Non-failure,Unclassified,Unclassified,4,0.9384772044897437,61.05314723005995,False,False,False,False,True,"[{""target"":""S1C"",""magnitude"":0.2989082681683728,""start_week"":4,""duration_weeks"":11,""recovery_weeks"":4},{""target"":""demand"",""magnitude"":0.10262919122901595,""start_week"":21,""duration_weeks"":3,""recovery_weeks"":2},{""target"":""demand"",""magnitude"":0.12004195050685057,""start_week"":29,""duration_weeks"":1,""recovery_weeks"":1},{""target"":""demand"",""magnitude"":0.06419168737237613,""start_week"":35,""duration_weeks"":2,""recovery_weeks"":2}]"
A,314,921,Independent baseline,True,True,True,Structural,Concentrated dependency; Hidden convergent dependency; Propagation-amplified cascade,Hidden convergent dependency,2,0.780629094752886,1472.6273570389608,True,False,True,False,False,"[{""target"":""T2P"",""magnitude"":0.2974338147224026,""start_week"":32,""duration_weeks"":9,""recovery_weeks"":3},{""target"":""S1A"",""magnitude"":0.29530920505164815,""start_week"":40,""duration_weeks"":3,""recovery_weeks"":3}]"
A,314,922,Independent baseline,True,True,True,Structural,Hidden convergent dependency; Compounding moderate disturbance; Propagation-amplified cascade,Hidden convergent dependency,4,0.45879878203086377,1399.1870473800732,True,False,False,False,False,"[{""target"":""T2P"",""magnitude"":0.18189131088457758,""start_week"":7,""duration_weeks"":6,""recovery_weeks"":1},{""target"":""T2P"",""magnitude"":0.4952762275703919,""start_week"":11,""duration_weeks"":1,""recovery_weeks"":1},{""target"":""T2P"",""magnitude"":0.5577841503063701,""start_week"":17,""duration_weeks"":1,""recovery_weeks"":1},{""target"":""T2P"",""magnitude"":0.39078357546401754,""start_week"":36,""duration_weeks"":3,""recovery_weeks"":1}]"
A,314,923,Independent baseline,True,True,False,Structural,Concentrated dependency,Concentrated dependency,4,0.6133445034620587,748.2488926178212,True,True,False,True,False,"[{""target"":""corridor"",""magnitude"":0.37660345804107825,""start_week"":1,""duration_weeks"":1,""recovery_weeks"":2},{""target"":""T2P"",""magnitude"":0.41611232205131143,""start_week"":6,""duration_weeks"":2,""recovery_weeks"":4},{""target"":""S1B"",""magnitude"":0.35411810388730836,""start_week"":13,""duration_weeks"":2,""recovery_weeks"":4},{""target"":""T2P"",""magnitude"":0.44798994688414695,""start_week"":32,""duration_weeks"":2,""recovery_weeks"":1}]"
A,314,924,Independent baseline,True,True,True,Structural,Concentrated dependency; Hidden convergent dependency; Propagation-amplified cascade,Hidden convergent dependency,1,0.506697311035793,3395.751780610075,True,False,False,False,False,"[{""target"":""T2P"",""magnitude"":0.5439724200677862,""start_week"":15,""duration_weeks"":8,""recovery_weeks"":1}]"
A,314,925,Independent baseline,True,True,True,Structural,Concentrated dependency; Hidden convergent dependency; Propagation-amplified cascade,Hidden convergent dependency,3,0.62104123735157,1970.0558030989232,True,True,False,True,False,"[{""target"":""S1B"",""magnitude"":0.34417732988664496,""start_week"":19,""duration_weeks"":4,""recovery_weeks"":3},{""target"":""T2P"",""magnitude"":0.4410628863835869,""start_week"":32,""duration_weeks"":6,""recovery_weeks"":3},{""target"":""corridor"",""magnitude"":0.342601868098242,""start_week"":37,""duration_weeks"":1,""recovery_weeks"":2}]"
A,314,926,Independent baseline,False,,False,Non-failure,Unclassified,Unclassified,3,0.937397241853071,131.46579210855077,True,True,True,False,False,"[{""target"":""S1A"",""magnitude"":0.3908562058305901,""start_week"":9,""duration_weeks"":3,""recovery_weeks"":4},{""target"":""corridor"",""magnitude"":0.21883868821529223,""start_week"":10,""duration_weeks"":6,""recovery_weeks"":1},{""target"":""T2P"",""magnitude"":0.3177974457295679,""start_week"":15,""duration_weeks"":1,""recovery_weeks"":3}]"
A,314,927,Independent baseline,False,,False,Non-failure,Unclassified,Unclassified,3,0.9036114659383081,244.1050742073653,False,True,False,False,True,"[{""target"":""S1C"",""magnitude"":0.2701799596990039,""start_week"":17,""duration_weeks"":2,""recovery_weeks"":2},{""target"":""corridor"",""magnitude"":0.322291400546269,""start_week"":22,""duration_weeks"":2,""recovery_weeks"":4},{""target"":""S1C"",""magnitude"":0.262644296289287,""start_week"":49,""duration_weeks"":3,""recovery_weeks"":2}]"
A,314,928,Independent baseline,False,,False,Non-failure,Unclassified,Unclassified,1,0.8947110873043088,105.91130787439579,False,False,False,False,False,"[{""target"":""demand"",""magnitude"":0.11767923097155081,""start_week"":47,""duration_weeks"":5,""recovery_weeks"":1}]"
A,314,929,Independent baseline,True,True,True,Structural,Concentrated dependency; Hidden convergent dependency; Propagation-amplified cascade,Hidden convergent dependency,3,0.45980201849719243,4669.025878811943,True,False,False,True,False,"[{""target"":""T2P"",""magnitude"":0.29503242723592243,""start_week"":8,""duration_weeks"":13,""recovery_weeks"":4},{""target"":""S1B"",""magnitude"":0.2062751450638379,""start_week"":14,""duration_weeks"":1,""recovery_weeks"":3},{""target"":""T2P"",""magnitude"":0.4129916997104751,""start_week"":15,""duration_weeks"":6,""recovery_weeks"":3}]"
A,314,930,Independent baseline,True,True,True,Structural,Concentrated dependency; Hidden convergent dependency; Propagation-amplified cascade,Hidden convergent dependency,3,0.5869558391528689,886.958979049672,True,True,False,False,False,"[{""target"":""T2P"",""magnitude"":0.471739744762418,""start_week"":1,""duration_weeks"":3,""recovery_weeks"":1},{""target"":""corridor"",""magnitude"":0.1861080363637782,""start_week"":27,""duration_weeks"":2,""recovery_weeks"":1},{""target"":""demand"",""magnitude"":0.12397643163764688,""start_week"":43,""duration_weeks"":1,""recovery_weeks"":2}]"
A,314,931,Independent baseline,True,True,True,Structural,Concentrated dependency; Hidden convergent dependency,Hidden convergent dependency,3,0.4412582839079444,3951.431252897414,True,False,False,False,False,"[{""target"":""demand"",""magnitude"":0.19147037158203756,""start_week"":4,""duration_weeks"":3,""recovery_weeks"":2},{""target"":""T2P"",""magnitude"":0.5218957537596922,""start_week"":24,""duration_weeks"":6,""recovery_weeks"":3},{""target"":""demand"",""magnitude"":0.20389114412146303,""start_week"":25,""duration_weeks"":6,""recovery_weeks"":2}]"
A,314,932,Independent baseline,False,,False,Non-failure,Unclassified,Unclassified,2,0.9896400562872482,18.647898682953382,False,False,True,False,True,"[{""target"":""S1A"",""magnitude"":0.2733098733536918,""start_week"":14,""duration_weeks"":1,""recovery_weeks"":2},{""target"":""S1C"",""magnitude"":0.1836671461516029,""start_week"":49,""duration_weeks"":3,""recovery_weeks"":3}]"
A,314,933,Independent baseline,False,,False,Non-failure,Unclassified,Unclassified,3,0.9067310481465354,92.576576968116,True,False,False,True,False,"[{""target"":""demand"",""magnitude"":0.10286286329790659,""start_week"":3,""duration_weeks"":4,""recovery_weeks"":4},{""target"":""S1B"",""magnitude"":0.3217344093768058,""start_week"":21,""duration_weeks"":3,""recovery_weeks"":3},{""target"":""T2P"",""magnitude"":0.4070114068698405,""start_week"":23,""duration_weeks"":1,""recovery_weeks"":1}]"
A,314,934,Independent baseline,False,,False,Non-failure,Unclassified,Unclassified,5,0.8911147308017252,133.07665247806653,True,True,False,True,True,"[{""target"":""S1C"",""magnitude"":0.3471163813037572,""start_week"":13,""duration_weeks"":3,""recovery_weeks"":3},{""target"":""S1B"",""magnitude"":0.26847034120522223,""start_week"":28,""duration_weeks"":1,""recovery_weeks"":1},{""target"":""corridor"",""magnitude"":0.3316639518987062,""start_week"":36,""duration_weeks"":1,""recovery_weeks"":2},{""target"":""S1B"",""magnitude"":0.4033582506053034,""start_week"":46,""duration_weeks"":3,""recovery_weeks"":1},{""target"":""T2P"",""magnitude"":0.22451906164739094,""start_week"":51,""duration_weeks"":1,""recovery_weeks"":3}]"
A,314,935,Independent baseline,True,False,True,Adaptation-limited,Concentrated dependency,Concentrated dependency,1,0.7658634126502315,842.8917144591667,False,True,False,False,False,"[{""target"":""corridor"",""magnitude"":0.4256024405123263,""start_week"":26,""duration_weeks"":3,""recovery_weeks"":2}]"
A,314,936,Independent baseline,True,False,False,Adaptation-limited,Compounding moderate disturbance; Recovery lag and temporal overlap,Compounding moderate disturbance,3,0.8420160398816525,318.8325160126981,False,True,True,False,False,"[{""target"":""S1A"",""magnitude"":0.4413521552818874,""start_week"":4,""duration_weeks"":7,""recovery_weeks"":2},{""target"":""corridor"",""magnitude"":0.17305276835808253,""start_week"":20,""duration_weeks"":5,""recovery_weeks"":3},{""target"":""corridor"",""magnitude"":0.2861298307282777,""start_week"":25,""duration_weeks"":2,""recovery_weeks"":3}]"
A,314,937,Independent baseline,True,True,True,Structural,Concentrated dependency; Hidden convergent dependency; Propagation-amplified cascade,Hidden convergent dependency,3,0.6237577771914193,1770.3260036940578,True,True,False,False,False,"[{""target"":""T2P"",""magnitude"":0.4386180005277225,""start_week"":7,""duration_weeks"":6,""recovery_weeks"":1},{""target"":""corridor"",""magnitude"":0.36426500320369815,""start_week"":27,""duration_weeks"":3,""recovery_weeks"":4},{""target"":""demand"",""magnitude"":0.21026529141444222,""start_week"":34,""duration_weeks"":1,""recovery_weeks"":1}]"
A,314,938,Independent baseline,False,,False,Non-failure,Unclassified,Unclassified,4,0.8890836015200965,173.87645188102942,False,False,True,True,False,"[{""target"":""demand"",""magnitude"":0.1247536207959138,""start_week"":2,""duration_weeks"":5,""recovery_weeks"":4},{""target"":""S1A"",""magnitude"":0.20057033661480536,""start_week"":23,""duration_weeks"":2,""recovery_weeks"":3},{""target"":""demand"",""magnitude"":0.0854920400208382,""start_week"":32,""duration_weeks"":2,""recovery_weeks"":3},{""target"":""S1B"",""magnitude"":0.45014951696374506,""start_week"":35,""duration_weeks"":4,""recovery_weeks"":2}]"
A,314,939,Independent baseline,False,,False,Non-failure,Unclassified,Unclassified,2,0.883540453499589,417.99228756727575,False,True,False,False,False,"[{""target"":""demand"",""magnitude"":0.1318100897804168,""start_week"":19,""duration_weeks"":2,""recovery_weeks"":3},{""target"":""corridor"",""magnitude"":0.3182552551220861,""start_week"":24,""duration_weeks"":7,""recovery_weeks"":1}]"
A,314,940,Independent baseline,False,,False,Non-failure,Unclassified,Unclassified,5,0.9150120814230488,83.593570262262,True,False,False,True,True,"[{""target"":""demand"",""magnitude"":0.09288174473584657,""start_week"":5,""duration_weeks"":1,""recovery_weeks"":3},{""target"":""demand"",""magnitude"":0.0896967007653997,""start_week"":18,""duration_weeks"":3,""recovery_weeks"":1},{""target"":""T2P"",""magnitude"":0.2005924569626902,""start_week"":21,""duration_weeks"":1,""recovery_weeks"":3},{""target"":""S1B"",""magnitude"":0.3092767637223852,""start_week"":24,""duration_weeks"":2,""recovery_weeks"":2},{""target"":""S1C"",""magnitude"":0.24785363270737226,""start_week"":44,""duration_weeks"":2,""recovery_weeks"":2}]"
A,314,941,Independent baseline,False,,False,Non-failure,Unclassified,Unclassified,1,0.9889618237170553,23.180170194183802,False,False,False,False,True,"[{""target"":""S1C"",""magnitude"":0.27483589663662533,""start_week"":36,""duration_weeks"":2,""recovery_weeks"":2}]"
A,314,942,Independent baseline,True,True,True,Structural,Concentrated dependency,Concentrated dependency,3,0.8445405224666653,682.8387810797276,False,True,False,True,False,"[{""target"":""S1B"",""magnitude"":0.27091108477534787,""start_week"":24,""duration_weeks"":1,""recovery_weeks"":4},{""target"":""corridor"",""magnitude"":0.366594608150001,""start_week"":41,""duration_weeks"":4,""recovery_weeks"":2},{""target"":""demand"",""magnitude"":0.09860223964532386,""start_week"":51,""duration_weeks"":3,""recovery_weeks"":1}]"
A,314,943,Independent baseline,False,,False,Non-failure,Unclassified,Unclassified,1,1.0,0.0,False,True,False,False,False,"[{""target"":""corridor"",""magnitude"":0.2495791852121244,""start_week"":16,""duration_weeks"":6,""recovery_weeks"":3}]"
A,314,944,Independent baseline,True,True,False,Structural,Concentrated dependency; Recovery lag and temporal overlap,Recovery lag and temporal overlap,6,0.7747536388649158,1053.5309508696487,False,True,True,True,False,"[{""target"":""corridor"",""magnitude"":0.29363720624218426,""start_week"":21,""duration_weeks"":1,""recovery_weeks"":4},{""target"":""S1A"",""magnitude"":0.24715254211490403,""start_week"":27,""duration_weeks"":4,""recovery_weeks"":1},{""target"":""S1B"",""magnitude"":0.2559750567824425,""start_week"":39,""duration_weeks"":5,""recovery_weeks"":3},{""target"":""demand"",""magnitude"":0.12299738953031601,""start_week"":41,""duration_weeks"":3,""recovery_weeks"":2},{""target"":""corridor"",""magnitude"":0.3545394517078746,""start_week"":44,""duration_weeks"":4,""recovery_weeks"":3},{""target"":""demand"",""magnitude"":0.1108228748049224,""start_week"":48,""duration_weeks"":6,""recovery_weeks"":3}]"
A,314,945,Independent baseline,True,True,True,Structural,Concentrated dependency,Concentrated dependency,3,0.38235298280427854,1764.006660635977,True,True,False,False,False,"[{""target"":""corridor"",""magnitude"":0.3380982101854124,""start_week"":21,""duration_weeks"":5,""recovery_weeks"":4},{""target"":""corridor"",""magnitude"":0.5667563654971567,""start_week"":23,""duration_weeks"":1,""recovery_weeks"":2},{""target"":""T2P"",""magnitude"":0.4498560012872751,""start_week"":48,""duration_weeks"":3,""recovery_weeks"":3}]"
A,314,946,Independent baseline,False,,False,Non-failure,Unclassified,Unclassified,1,0.8752181773733989,128.3150227763474,False,False,False,False,False,"[{""target"":""demand"",""magnitude"":0.142572247529275,""start_week"":3,""duration_weeks"":5,""recovery_weeks"":4}]"
A,314,947,Independent baseline,False,,False,Non-failure,Unclassified,Unclassified,0,1.0,0.0,False,False,False,False,False,[]
A,314,948,Independent baseline,True,True,False,Structural,Hidden convergent dependency; Compounding moderate disturbance; Recovery lag and temporal overlap,Hidden convergent dependency,3,0.8390803568842772,350.1126902170827,True,True,False,False,False,"[{""target"":""demand"",""magnitude"":0.19178096805085432,""start_week"":22,""duration_weeks"":1,""recovery_weeks"":4},{""target"":""T2P"",""magnitude"":0.22644163181428179,""start_week"":26,""duration_weeks"":4,""recovery_weeks"":3},{""target"":""corridor"",""magnitude"":0.2645588083285336,""start_week"":36,""duration_weeks"":4,""recovery_weeks"":3}]"
A,314,949,Independent baseline,False,,False,Non-failure,Unclassified,Unclassified,3,0.9640578483156451,226.4355556114358,True,True,False,False,False,"[{""target"":""corridor"",""magnitude"":0.2769566137632662,""start_week"":44,""duration_weeks"":9,""recovery_weeks"":1},{""target"":""T2P"",""magnitude"":0.4660827463453612,""start_week"":46,""duration_weeks"":2,""recovery_weeks"":1},{""target"":""T2P"",""magnitude"":0.2064852936183289,""start_week"":51,""duration_weeks"":2,""recovery_weeks"":1}]"
A,314,950,Independent baseline,False,,False,Non-failure,Unclassified,Unclassified,3,0.9125352751978246,86.26324314409976,False,False,False,False,False,"[{""target"":""demand"",""magnitude"":0.09584804793788841,""start_week"":7,""duration_weeks"":2,""recovery_weeks"":1},{""target"":""demand"",""magnitude"":0.12923097012307116,""start_week"":11,""duration_weeks"":1,""recovery_weeks"":3},{""target"":""demand"",""magnitude"":0.1507166784696669,""start_week"":19,""duration_weeks"":3,""recovery_weeks"":3}]"
A,314,951,Independent baseline,False,,False,Non-failure,Unclassified,Unclassified,1,0.8412437333394348,525.8286143110181,False,False,False,False,False,"[{""target"":""demand"",""magnitude"":0.18871613584610014,""start_week"":23,""duration_weeks"":9,""recovery_weeks"":4}]"
A,314,952,Independent baseline,False,,False,Non-failure,Unclassified,Unclassified,5,0.8692194129986165,162.3097062810175,True,False,True,False,False,"[{""target"":""S1A"",""magnitude"":0.22776125695388783,""start_week"":17,""duration_weeks"":1,""recovery_weeks"":1},{""target"":""S1A"",""magnitude"":0.2906891251877476,""start_week"":19,""duration_weeks"":1,""recovery_weeks"":3},{""target"":""S1A"",""magnitude"":0.35752363104498736,""start_week"":23,""duration_weeks"":1,""recovery_weeks"":4},{""target"":""demand"",""magnitude"":0.07915928825727854,""start_week"":27,""duration_weeks"":1,""recovery_weeks"":4},{""target"":""T2P"",""magnitude"":0.4338215339393169,""start_week"":43,""duration_weeks"":1,""recovery_weeks"":3}]"
A,314,953,Independent baseline,False,,False,Non-failure,Unclassified,Unclassified,3,0.896520410022384,113.91924801866958,False,False,False,False,True,"[{""target"":""S1C"",""magnitude"":0.3923990600233369,""start_week"":16,""duration_weeks"":1,""recovery_weeks"":2},{""target"":""S1C"",""magnitude"":0.34906024385281,""start_week"":20,""duration_weeks"":1,""recovery_weeks"":1},{""target"":""demand"",""magnitude"":0.13486232297341938,""start_week"":26,""duration_weeks"":1,""recovery_weeks"":3}]"
A,314,954,Independent baseline,False,,False,Non-failure,Unclassified,Unclassified,2,0.9032611840944879,174.12986862992193,False,True,False,False,False,"[{""target"":""corridor"",""magnitude"":0.32255411192913425,""start_week"":15,""duration_weeks"":1,""recovery_weeks"":1},{""target"":""demand"",""magnitude"":0.16852036710730214,""start_week"":45,""duration_weeks"":6,""recovery_weeks"":3}]"
A,314,955,Independent baseline,False,,False,Non-failure,Unclassified,Unclassified,3,0.9382856098741488,111.0859022265322,False,False,False,False,True,"[{""target"":""S1C"",""magnitude"":0.3888573777831653,""start_week"":14,""duration_weeks"":1,""recovery_weeks"":2},{""target"":""demand"",""magnitude"":0.09408175967256954,""start_week"":37,""duration_weeks"":1,""recovery_weeks"":3},{""target"":""S1C"",""magnitude"":0.3714092669506819,""start_week"":51,""duration_weeks"":5,""recovery_weeks"":3}]"
A,314,956,Independent baseline,False,,False,Non-failure,Unclassified,Unclassified,0,1.0,0.0,False,False,False,False,False,[]
A,314,957,Independent baseline,False,,False,Non-failure,Unclassified,Unclassified,1,1.0,0.0,False,True,False,False,False,"[{""target"":""corridor"",""magnitude"":0.15778174862465405,""start_week"":20,""duration_weeks"":1,""recovery_weeks"":4}]"
A,314,958,Independent baseline,False,,False,Non-failure,Unclassified,Unclassified,5,0.9428628304659935,77.61832937795839,True,True,False,True,False,"[{""target"":""S1B"",""magnitude"":0.26426079314913464,""start_week"":12,""duration_weeks"":1,""recovery_weeks"":4},{""target"":""corridor"",""magnitude"":0.2353226242698867,""start_week"":17,""duration_weeks"":1,""recovery_weeks"":2},{""target"":""T2P"",""magnitude"":0.3028469051612114,""start_week"":31,""duration_weeks"":1,""recovery_weeks"":4},{""target"":""demand"",""magnitude"":0.05820806784629365,""start_week"":32,""duration_weeks"":1,""recovery_weeks"":1},{""target"":""demand"",""magnitude"":0.14608693766798325,""start_week"":49,""duration_weeks"":1,""recovery_weeks"":3}]"
A,314,959,Independent baseline,True,True,True,Structural,Concentrated dependency; Hidden convergent dependency; Propagation-amplified cascade,Hidden convergent dependency,1,0.7293247187706964,1477.9338602552343,True,False,False,False,False,"[{""target"":""T2P"",""magnitude"":0.34360775310637326,""start_week"":39,""duration_weeks"":7,""recovery_weeks"":3}]"
A,314,960,Independent baseline,False,,False,Non-failure,Unclassified,Unclassified,0,1.0,0.0,False,False,False,False,False,[]
A,314,961,Independent baseline,True,True,True,Structural,Concentrated dependency,Concentrated dependency,2,0.5471250701500752,1599.6470541242234,False,True,False,False,True,"[{""target"":""S1C"",""magnitude"":0.44011692647793665,""start_week"":21,""duration_weeks"":6,""recovery_weeks"":1},{""target"":""corridor"",""magnitude"":0.5896561973874436,""start_week"":30,""duration_weeks"":3,""recovery_weeks"":2}]"
A,314,962,Independent baseline,False,,False,Non-failure,Unclassified,Unclassified,1,0.8815994236441208,120.87181078206686,False,False,False,False,False,"[{""target"":""demand"",""magnitude"":0.13430201198007413,""start_week"":7,""duration_weeks"":4,""recovery_weeks"":2}]"
A,314,963,Independent baseline,True,True,True,Structural,Concentrated dependency; Propagation-amplified cascade,Propagation-amplified cascade,4,0.6600604800225205,5927.829711564231,True,True,False,False,False,"[{""target"":""T2P"",""magnitude"":0.40594556797973147,""start_week"":21,""duration_weeks"":20,""recovery_weeks"":2},{""target"":""corridor"",""magnitude"":0.3352033149164747,""start_week"":28,""duration_weeks"":9,""recovery_weeks"":3},{""target"":""corridor"",""magnitude"":0.4393724218594429,""start_week"":50,""duration_weeks"":1,""recovery_weeks"":1},{""target"":""T2P"",""magnitude"":0.3572891537196836,""start_week"":51,""duration_weeks"":1,""recovery_weeks"":3}]"
A,314,964,Independent baseline,False,,False,Non-failure,Unclassified,Unclassified,2,0.8422382329073419,168.58126933191943,True,False,False,False,False,"[{""target"":""demand"",""magnitude"":0.18731252147991023,""start_week"":40,""duration_weeks"":4,""recovery_weeks"":3},{""target"":""T2P"",""magnitude"":0.45288138836319725,""start_week"":49,""duration_weeks"":1,""recovery_weeks"":1}]"
A,314,965,Independent baseline,False,,False,Non-failure,Unclassified,Unclassified,2,0.8588600720609891,147.90061766439817,False,False,True,False,False,"[{""target"":""demand"",""magnitude"":0.1643340196271091,""start_week"":10,""duration_weeks"":3,""recovery_weeks"":1},{""target"":""S1A"",""magnitude"":0.3422314182226904,""start_week"":37,""duration_weeks"":11,""recovery_weeks"":1}]"
A,314,966,Independent baseline,False,,False,Non-failure,Unclassified,Unclassified,1,0.9770377307278452,41.332084689878684,False,False,False,True,False,"[{""target"":""S1B"",""magnitude"":0.30166510586234857,""start_week"":9,""duration_weeks"":1,""recovery_weeks"":4}]"
A,314,967,Independent baseline,True,False,False,Adaptation-limited,Concentrated dependency; Hidden convergent dependency; Propagation-amplified cascade,Hidden convergent dependency,2,0.7210041452041789,463.6062530181591,True,False,False,False,False,"[{""target"":""T2P"",""magnitude"":0.3254177551750941,""start_week"":36,""duration_weeks"":2,""recovery_weeks"":1},{""target"":""T2P"",""magnitude"":0.35109626931623916,""start_week"":44,""duration_weeks"":2,""recovery_weeks"":3}]"
A,314,968,Independent baseline,True,True,False,Structural,Concentrated dependency; Propagation-amplified cascade; Recovery lag and temporal overlap,Propagation-amplified cascade,4,0.8957728656561299,187.60884181896608,True,True,False,False,True,"[{""target"":""T2P"",""magnitude"":0.27583265429740067,""start_week"":27,""duration_weeks"":1,""recovery_weeks"":3},{""target"":""S1C"",""magnitude"":0.4845110522737075,""start_week"":29,""duration_weeks"":1,""recovery_weeks"":2},{""target"":""corridor"",""magnitude"":0.1978062508965782,""start_week"":30,""duration_weeks"":1,""recovery_weeks"":2},{""target"":""demand"",""magnitude"":0.06828003982164153,""start_week"":48,""duration_weeks"":4,""recovery_weeks"":2}]"
A,314,969,Independent baseline,False,,False,Non-failure,Unclassified,Unclassified,1,0.9083902329758949,192.38051075062072,False,False,False,True,False,"[{""target"":""S1B"",""magnitude"":0.4561219758042364,""start_week"":32,""duration_weeks"":6,""recovery_weeks"":2}]"
A,314,970,Independent baseline,False,,False,Non-failure,Unclassified,Unclassified,1,0.9482166680374352,279.6299925978493,False,True,False,False,False,"[{""target"":""corridor"",""magnitude"":0.28883749897192346,""start_week"":45,""duration_weeks"":5,""recovery_weeks"":2}]"
A,314,971,Independent baseline,True,True,True,Structural,Concentrated dependency,Concentrated dependency,4,0.31756343157418243,4115.61435544038,False,True,False,False,True,"[{""target"":""S1C"",""magnitude"":0.3686832961279758,""start_week"":20,""duration_weeks"":2,""recovery_weeks"":1},{""target"":""demand"",""magnitude"":0.06696419431394894,""start_week"":31,""duration_weeks"":3,""recovery_weeks"":4},{""target"":""corridor"",""magnitude"":0.5140604083493022,""start_week"":38,""duration_weeks"":9,""recovery_weeks"":2},{""target"":""corridor"",""magnitude"":0.5098720545251649,""start_week"":46,""duration_weeks"":2,""recovery_weeks"":1}]"
A,314,972,Independent baseline,True,False,False,Adaptation-limited,Concentrated dependency; Hidden convergent dependency; Propagation-amplified cascade,Hidden convergent dependency,2,0.763825751346386,519.0625308353889,True,True,False,False,False,"[{""target"":""T2P"",""magnitude"":0.31255682378825256,""start_week"":21,""duration_weeks"":4,""recovery_weeks"":2},{""target"":""corridor"",""magnitude"":0.2844108075706344,""start_week"":44,""duration_weeks"":1,""recovery_weeks"":2}]"
A,314,973,Independent baseline,False,,False,Non-failure,Unclassified,Unclassified,3,0.9347594002833042,137.00525940506122,False,True,True,False,True,"[{""target"":""S1A"",""magnitude"":0.39679134936256555,""start_week"":5,""duration_weeks"":3,""recovery_weeks"":4},{""target"":""corridor"",""magnitude"":0.30143787679072254,""start_week"":33,""duration_weeks"":1,""recovery_weeks"":1},{""target"":""S1C"",""magnitude"":0.24748465676167297,""start_week"":44,""duration_weeks"":6,""recovery_weeks"":2}]"
A,314,974,Independent baseline,False,,False,Non-failure,Unclassified,Unclassified,3,0.9751550065239922,44.72098825681405,False,True,True,False,True,"[{""target"":""corridor"",""magnitude"":0.2686337451070058,""start_week"":4,""duration_weeks"":1,""recovery_weeks"":1},{""target"":""S1A"",""magnitude"":0.23083888548869763,""start_week"":5,""duration_weeks"":3,""recovery_weeks"":3},{""target"":""S1C"",""magnitude"":0.26641757606022737,""start_week"":26,""duration_weeks"":6,""recovery_weeks"":2}]"
A,314,975,Independent baseline,False,,False,Non-failure,Unclassified,Unclassified,3,0.8677443522389172,137.17183255397526,False,True,False,False,False,"[{""target"":""demand"",""magnitude"":0.15241314728219485,""start_week"":12,""duration_weeks"":2,""recovery_weeks"":3},{""target"":""demand"",""magnitude"":0.06697024205573428,""start_week"":28,""duration_weeks"":2,""recovery_weeks"":1},{""target"":""corridor"",""magnitude"":0.39426725409769847,""start_week"":50,""duration_weeks"":6,""recovery_weeks"":1}]"
A,314,976,Independent baseline,False,,False,Non-failure,Unclassified,Unclassified,1,0.8379432008012305,174.0584793091366,False,False,False,False,False,"[{""target"":""demand"",""magnitude"":0.19339831034348476,""start_week"":41,""duration_weeks"":1,""recovery_weeks"":1}]"
A,314,977,Independent baseline,True,False,False,Adaptation-limited,Concentrated dependency; Hidden convergent dependency; Recovery lag and temporal overlap,Hidden convergent dependency,4,0.6511104347505718,481.84328257138236,True,False,False,False,False,"[{""target"":""demand"",""magnitude"":0.14827014134619532,""start_week"":7,""duration_weeks"":9,""recovery_weeks"":3},{""target"":""demand"",""magnitude"":0.09840085335976528,""start_week"":32,""duration_weeks"":4,""recovery_weeks"":2},{""target"":""T2P"",""magnitude"":0.4140006087244853,""start_week"":36,""duration_weeks"":2,""recovery_weeks"":2},{""target"":""T2P"",""magnitude"":0.2733400993903077,""start_week"":47,""duration_weeks"":1,""recovery_weeks"":1}]"
A,314,978,Independent baseline,False,,False,Non-failure,Unclassified,Unclassified,3,0.8946405758309729,105.99058919728645,False,True,False,False,True,"[{""target"":""demand"",""magnitude"":0.11776732133031835,""start_week"":1,""duration_weeks"":8,""recovery_weeks"":2},{""target"":""S1C"",""magnitude"":0.2694819007075479,""start_week"":18,""duration_weeks"":1,""recovery_weeks"":2},{""target"":""corridor"",""magnitude"":0.25998470223484205,""start_week"":44,""duration_weeks"":2,""recovery_weeks"":1}]"
A,314,979,Independent baseline,False,,False,Non-failure,Unclassified,Unclassified,2,1.0,0.0,True,False,False,False,True,"[{""target"":""T2P"",""magnitude"":0.2458548374516386,""start_week"":46,""duration_weeks"":1,""recovery_weeks"":2},{""target"":""S1C"",""magnitude"":0.24082882876036393,""start_week"":48,""duration_weeks"":1,""recovery_weeks"":3}]"
A,314,980,Independent baseline,False,,False,Non-failure,Unclassified,Unclassified,4,0.8830057226691939,119.24594246052573,True,False,False,False,False,"[{""target"":""demand"",""magnitude"":0.1324954916228062,""start_week"":11,""duration_weeks"":5,""recovery_weeks"":4},{""target"":""demand"",""magnitude"":0.11296323576179336,""start_week"":19,""duration_weeks"":1,""recovery_weeks"":4},{""target"":""demand"",""magnitude"":0.09920243038466355,""start_week"":22,""duration_weeks"":5,""recovery_weeks"":4},{""target"":""T2P"",""magnitude"":0.26879306496189076,""start_week"":42,""duration_weeks"":1,""recovery_weeks"":3}]"
A,314,981,Independent baseline,True,False,False,Adaptation-limited,Concentrated dependency,Concentrated dependency,3,0.7999262168187163,366.6089997441352,False,True,False,False,True,"[{""target"":""S1C"",""magnitude"":0.2891414765783418,""start_week"":13,""duration_weeks"":1,""recovery_weeks"":3},{""target"":""demand"",""magnitude"":0.10769811101959612,""start_week"":24,""duration_weeks"":3,""recovery_weeks"":3},{""target"":""corridor"",""magnitude"":0.3354424305061421,""start_week"":26,""duration_weeks"":1,""recovery_weeks"":1}]"
A,314,982,Independent baseline,True,True,True,Structural,Concentrated dependency,Concentrated dependency,3,0.7940203653184026,1191.4396119366525,False,True,False,True,False,"[{""target"":""corridor"",""magnitude"":0.336553684316812,""start_week"":6,""duration_weeks"":8,""recovery_weeks"":2},{""target"":""demand"",""magnitude"":0.11407103169559263,""start_week"":11,""duration_weeks"":1,""recovery_weeks"":2},{""target"":""S1B"",""magnitude"":0.3061628342221864,""start_week"":31,""duration_weeks"":1,""recovery_weeks"":2}]"
A,314,983,Independent baseline,True,True,True,Structural,Concentrated dependency,Concentrated dependency,4,0.6208459275375611,5462.915306499606,True,True,True,False,True,"[{""target"":""corridor"",""magnitude"":0.37613393067109635,""start_week"":4,""duration_weeks"":5,""recovery_weeks"":2},{""target"":""S1A"",""magnitude"":0.26282032199676,""start_week"":5,""duration_weeks"":3,""recovery_weeks"":3},{""target"":""T2P"",""magnitude"":0.44123866521619504,""start_week"":27,""duration_weeks"":16,""recovery_weeks"":4},{""target"":""S1C"",""magnitude"":0.2515359625355672,""start_week"":40,""duration_weeks"":2,""recovery_weeks"":3}]"
A,314,984,Independent baseline,True,True,True,Structural,Concentrated dependency; Hidden convergent dependency; Propagation-amplified cascade,Hidden convergent dependency,2,0.6595714637260484,1035.1212545560602,True,False,False,False,False,"[{""target"":""T2P"",""magnitude"":0.4063856826465565,""start_week"":28,""duration_weeks"":4,""recovery_weeks"":2},{""target"":""demand"",""magnitude"":0.06300633495726783,""start_week"":43,""duration_weeks"":1,""recovery_weeks"":4}]"
A,314,985,Independent baseline,True,True,True,Structural,Concentrated dependency,Concentrated dependency,3,0.5454189082777174,1486.5939651506187,True,True,False,False,False,"[{""target"":""corridor"",""magnitude"":0.49776566085843643,""start_week"":26,""duration_weeks"":4,""recovery_weeks"":1},{""target"":""demand"",""magnitude"":0.2120709473998278,""start_week"":43,""duration_weeks"":2,""recovery_weeks"":2},{""target"":""T2P"",""magnitude"":0.554505533089979,""start_week"":47,""duration_weeks"":1,""recovery_weeks"":2}]"
A,314,986,Independent baseline,True,True,True,Structural,Hidden convergent dependency; Compounding moderate disturbance,Hidden convergent dependency,5,0.7472331555728385,660.625675946857,True,True,False,False,False,"[{""target"":""T2P"",""magnitude"":0.3223029547891899,""start_week"":1,""duration_weeks"":2,""recovery_weeks"":3},{""target"":""demand"",""magnitude"":0.16746449904095634,""start_week"":8,""duration_weeks"":1,""recovery_weeks"":3},{""target"":""corridor"",""magnitude"":0.43569459465485716,""start_week"":33,""duration_weeks"":2,""recovery_weeks"":4},{""target"":""T2P"",""magnitude"":0.20412185619815992,""start_week"":43,""duration_weeks"":5,""recovery_weeks"":1},{""target"":""demand"",""magnitude"":0.09853095914449223,""start_week"":46,""duration_weeks"":5,""recovery_weeks"":2}]"
A,314,987,Independent baseline,False,,False,Non-failure,Unclassified,Unclassified,1,0.9727325974734845,57.2615453056826,False,False,False,True,False,"[{""target"":""S1B"",""magnitude"":0.31135165568466006,""start_week"":41,""duration_weeks"":9,""recovery_weeks"":3}]"
A,314,988,Independent baseline,True,True,True,Structural,Concentrated dependency,Concentrated dependency,1,0.554844259432651,4807.681998127369,False,True,False,False,False,"[{""target"":""corridor"",""magnitude"":0.5838668054255117,""start_week"":39,""duration_weeks"":16,""recovery_weeks"":2}]"
A,314,989,Independent baseline,True,True,True,Structural,Concentrated dependency; Hidden convergent dependency; Propagation-amplified cascade,Hidden convergent dependency,7,0.6002222587567134,1388.6174991816974,True,True,False,False,False,"[{""target"":""T2P"",""magnitude"":0.24678684657696967,""start_week"":4,""duration_weeks"":9,""recovery_weeks"":2},{""target"":""corridor"",""magnitude"":0.3116442935640822,""start_week"":13,""duration_weeks"":2,""recovery_weeks"":4},{""target"":""demand"",""magnitude"":0.09696794122672367,""start_week"":22,""duration_weeks"":3,""recovery_weeks"":2},{""target"":""demand"",""magnitude"":0.18836323718646275,""start_week"":32,""duration_weeks"":1,""recovery_weeks"":3},{""target"":""demand"",""magnitude"":0.23705210646760394,""start_week"":38,""duration_weeks"":5,""recovery_weeks"":2},{""target"":""corridor"",""magnitude"":0.2587108076876587,""start_week"":42,""duration_weeks"":2,""recovery_weeks"":1},{""target"":""corridor"",""magnitude"":0.5498333059324649,""start_week"":47,""duration_weeks"":2,""recovery_weeks"":2}]"
A,314,990,Independent baseline,False,,False,Non-failure,Unclassified,Unclassified,1,0.7854177799672556,245.88696990985045,False,False,False,False,False,"[{""target"":""demand"",""magnitude"":0.273207744344278,""start_week"":28,""duration_weeks"":2,""recovery_weeks"":1}]"
A,314,991,Independent baseline,True,True,False,Structural,Concentrated dependency,Concentrated dependency,2,0.8885646709976823,200.58359220417174,False,False,False,False,True,"[{""target"":""S1C"",""magnitude"":0.5007294902552146,""start_week"":5,""duration_weeks"":1,""recovery_weeks"":1},{""target"":""demand"",""magnitude"":0.09158537963734367,""start_week"":14,""duration_weeks"":4,""recovery_weeks"":4}]"
A,314,992,Independent baseline,True,True,True,Structural,Concentrated dependency,Concentrated dependency,4,0.5269527363930683,1896.1454652423404,True,True,False,False,True,"[{""target"":""corridor"",""magnitude"":0.368683092551927,""start_week"":1,""duration_weeks"":2,""recovery_weeks"":3},{""target"":""S1C"",""magnitude"":0.4832555127584286,""start_week"":20,""duration_weeks"":2,""recovery_weeks"":4},{""target"":""T2P"",""magnitude"":0.32466414665134047,""start_week"":23,""duration_weeks"":2,""recovery_weeks"":4},{""target"":""T2P"",""magnitude"":0.3696499652962183,""start_week"":25,""duration_weeks"":4,""recovery_weeks"":2}]"
A,314,993,Independent baseline,True,True,True,Structural,Concentrated dependency,Concentrated dependency,2,0.8401864785389396,1483.2586185695106,False,True,False,False,False,"[{""target"":""demand"",""magnitude"":0.1488635778291908,""start_week"":10,""duration_weeks"":1,""recovery_weeks"":3},{""target"":""corridor"",""magnitude"":0.3698601410957953,""start_week"":17,""duration_weeks"":11,""recovery_weeks"":1}]"
A,314,994,Independent baseline,False,,False,Non-failure,Unclassified,Unclassified,3,0.9425851212331979,120.57124541028429,False,True,True,True,False,"[{""target"":""S1B"",""magnitude"":0.37918347722530465,""start_week"":4,""duration_weeks"":3,""recovery_weeks"":3},{""target"":""S1A"",""magnitude"":0.4228870617787832,""start_week"":12,""duration_weeks"":1,""recovery_weeks"":2},{""target"":""corridor"",""magnitude"":0.18539774014517607,""start_week"":34,""duration_weeks"":3,""recovery_weeks"":3}]"
A,314,995,Independent baseline,False,,False,Non-failure,Unclassified,Unclassified,2,0.9297433311044092,147.53900468074073,True,False,True,False,False,"[{""target"":""S1A"",""magnitude"":0.4080775050150792,""start_week"":12,""duration_weeks"":2,""recovery_weeks"":3},{""target"":""T2P"",""magnitude"":0.3468901206930972,""start_week"":49,""duration_weeks"":1,""recovery_weeks"":1}]"
A,314,996,Independent baseline,False,,False,Non-failure,Unclassified,Unclassified,2,0.9160548482625506,377.7531828185224,False,True,True,False,False,"[{""target"":""corridor"",""magnitude"":0.31295886380308713,""start_week"":1,""duration_weeks"":4,""recovery_weeks"":3},{""target"":""S1A"",""magnitude"":0.37083568364098596,""start_week"":50,""duration_weeks"":3,""recovery_weeks"":2}]"
A,314,997,Independent baseline,True,True,False,Structural,Concentrated dependency; Propagation-amplified cascade,Propagation-amplified cascade,3,0.768159446482858,492.15245519499786,True,True,False,False,False,"[{""target"":""T2P"",""magnitude"":0.3155025615360376,""start_week"":2,""duration_weeks"":1,""recovery_weeks"":1},{""target"":""corridor"",""magnitude"":0.38600415146748157,""start_week"":28,""duration_weeks"":1,""recovery_weeks"":4},{""target"":""demand"",""magnitude"":0.06574375297350483,""start_week"":30,""duration_weeks"":2,""recovery_weeks"":4}]"
A,314,998,Independent baseline,False,,False,Non-failure,Unclassified,Unclassified,1,1.0,0.0,False,True,False,False,False,"[{""target"":""corridor"",""magnitude"":0.212541274003663,""start_week"":41,""duration_weeks"":1,""recovery_weeks"":4}]"
A,314,999,Independent baseline,False,,False,Non-failure,Unclassified,Unclassified,0,1.0,0.0,False,False,False,False,False,[]
A,314,1000,Independent baseline,False,,False,Non-failure,Unclassified,Unclassified,1,0.9747075121055009,53.114224578448216,False,False,False,True,False,"[{""target"":""S1B"",""magnitude"":0.30690809776262296,""start_week"":12,""duration_weeks"":2,""recovery_weeks"":2}]"
