topology,seed,replication,dependence_model,moderate_passive_failure,moderate_active_failure,severe_passive_failure,passive_active_classification,mechanism_labels,primary_mechanism,event_count,worst_service_level,max_backlog_passive,has_T2P,has_corridor,has_S1A,has_S1B,has_S1C,event_specification
A,314,1,Supplier-cluster shock,True,False,False,Adaptation-limited,Concentrated dependency; Hidden convergent dependency; Propagation-amplified cascade,Hidden convergent dependency,4,0.7630204845619905,466.40781947104324,True,True,False,False,False,"[{""target"":""T2P"",""magnitude"":0.31328156389420864,""start_week"":12,""duration_weeks"":4,""recovery_weeks"":1},{""target"":""T2P"",""magnitude"":0.3510026784488834,""start_week"":39,""duration_weeks"":1,""recovery_weeks"":2},{""target"":""corridor"",""magnitude"":0.2820850546420469,""start_week"":50,""duration_weeks"":1,""recovery_weeks"":1},{""target"":""corridor"",""magnitude"":0.3079666608978696,""start_week"":51,""duration_weeks"":5,""recovery_weeks"":1}]"
A,314,2,Supplier-cluster shock,True,True,True,Structural,Concentrated dependency; Hidden convergent dependency; Propagation-amplified cascade,Hidden convergent dependency,2,0.5317445772478104,2506.490196150011,True,False,False,False,False,"[{""target"":""T2P"",""magnitude"":0.3509977868431714,""start_week"":31,""duration_weeks"":9,""recovery_weeks"":1},{""target"":""T2P"",""magnitude"":0.2626063365867367,""start_week"":36,""duration_weeks"":1,""recovery_weeks"":4}]"
A,314,3,Supplier-cluster shock,False,,False,Non-failure,Unclassified,Unclassified,2,0.8564647171359844,150.83137926521658,False,True,False,False,False,"[{""target"":""corridor"",""magnitude"":0.20396203043155217,""start_week"":17,""duration_weeks"":1,""recovery_weeks"":3},{""target"":""demand"",""magnitude"":0.16759042140579622,""start_week"":45,""duration_weeks"":1,""recovery_weeks"":1}]"
A,314,4,Supplier-cluster shock,True,False,False,Adaptation-limited,Concentrated dependency,Concentrated dependency,1,0.7933378334955736,623.9077515362686,False,False,False,False,False,"[{""target"":""demand"",""magnitude"":0.2604970515446613,""start_week"":30,""duration_weeks"":5,""recovery_weeks"":2}]"
A,314,5,Supplier-cluster shock,False,,False,Non-failure,Unclassified,Unclassified,2,0.8565937292209381,150.67311293364173,False,False,True,False,False,"[{""target"":""demand"",""magnitude"":0.16741456992626857,""start_week"":18,""duration_weeks"":1,""recovery_weeks"":2},{""target"":""S1A"",""magnitude"":0.3359993701521046,""start_week"":19,""duration_weeks"":1,""recovery_weeks"":4}]"
A,314,6,Supplier-cluster shock,False,,False,Non-failure,Unclassified,Unclassified,0,1.0,0.0,False,False,False,False,False,[]
A,314,7,Supplier-cluster shock,False,,False,Non-failure,Unclassified,Unclassified,2,0.9552317623848343,88.686407106415,False,False,True,True,False,"[{""target"":""S1A"",""magnitude"":0.2699758445703745,""start_week"":21,""duration_weeks"":1,""recovery_weeks"":1},{""target"":""S1B"",""magnitude"":0.350728534634123,""start_week"":38,""duration_weeks"":3,""recovery_weeks"":4}]"
A,314,8,Supplier-cluster shock,False,,False,Non-failure,Unclassified,Unclassified,2,0.865682364252074,240.79696744372438,False,False,False,False,False,"[{""target"":""demand"",""magnitude"":0.15515810566843727,""start_week"":2,""duration_weeks"":10,""recovery_weeks"":4},{""target"":""demand"",""magnitude"":0.19467756930350094,""start_week"":18,""duration_weeks"":2,""recovery_weeks"":2}]"
A,314,9,Supplier-cluster shock,False,,False,Non-failure,Unclassified,Unclassified,2,0.9979948293406856,4.210858384560197,False,False,True,False,True,"[{""target"":""S1C"",""magnitude"":0.2545116339834575,""start_week"":15,""duration_weeks"":8,""recovery_weeks"":3},{""target"":""S1A"",""magnitude"":0.20474950722737348,""start_week"":19,""duration_weeks"":7,""recovery_weeks"":2}]"
A,314,10,Supplier-cluster shock,False,,False,Non-failure,Unclassified,Unclassified,1,0.8021261246042919,222.01806223926656,False,False,False,False,False,"[{""target"":""demand"",""magnitude"":0.24668673582140732,""start_week"":6,""duration_weeks"":1,""recovery_weeks"":3}]"
A,314,11,Supplier-cluster shock,True,True,True,Structural,Concentrated dependency; Hidden convergent dependency; Propagation-amplified cascade,Hidden convergent dependency,4,0.547804696817599,3437.1425061254517,True,True,False,False,False,"[{""target"":""demand"",""magnitude"":0.08838845206047106,""start_week"":12,""duration_weeks"":2,""recovery_weeks"":1},{""target"":""T2P"",""magnitude"":0.2987274447772003,""start_week"":25,""duration_weeks"":11,""recovery_weeks"":2},{""target"":""corridor"",""magnitude"":0.3265038712713547,""start_week"":40,""duration_weeks"":5,""recovery_weeks"":3},{""target"":""corridor"",""magnitude"":0.3899689915237299,""start_week"":41,""duration_weeks"":2,""recovery_weeks"":3}]"
A,314,12,Supplier-cluster shock,False,,False,Non-failure,Unclassified,Unclassified,2,0.8811276684782934,121.41838486844847,False,False,True,False,False,"[{""target"":""demand"",""magnitude"":0.1349093165204981,""start_week"":5,""duration_weeks"":1,""recovery_weeks"":2},{""target"":""S1A"",""magnitude"":0.366961647070415,""start_week"":26,""duration_weeks"":1,""recovery_weeks"":1}]"
A,314,13,Supplier-cluster shock,True,True,True,Structural,Concentrated dependency; Hidden convergent dependency; Propagation-amplified cascade,Hidden convergent dependency,2,0.6654206641485017,1106.7284135980908,True,True,False,False,False,"[{""target"":""corridor"",""magnitude"":0.18608761506017563,""start_week"":16,""duration_weeks"":12,""recovery_weeks"":2},{""target"":""T2P"",""magnitude"":0.4011214022663485,""start_week"":26,""duration_weeks"":4,""recovery_weeks"":3}]"
A,314,14,Supplier-cluster shock,False,,False,Non-failure,Unclassified,Unclassified,3,0.8959651009661836,104.50341093583359,True,False,False,False,False,"[{""target"":""demand"",""magnitude"":0.11611490103981509,""start_week"":20,""duration_weeks"":5,""recovery_weeks"":2},{""target"":""demand"",""magnitude"":0.09409099645689112,""start_week"":23,""duration_weeks"":1,""recovery_weeks"":4},{""target"":""T2P"",""magnitude"":0.2369090184545457,""start_week"":31,""duration_weeks"":4,""recovery_weeks"":4}]"
A,314,15,Supplier-cluster shock,False,,False,Non-failure,Unclassified,Unclassified,1,1.0,0.0,False,True,False,False,False,"[{""target"":""corridor"",""magnitude"":0.18929469424703899,""start_week"":4,""duration_weeks"":1,""recovery_weeks"":2}]"
A,314,16,Supplier-cluster shock,False,,False,Non-failure,Unclassified,Unclassified,0,1.0,0.0,False,False,False,False,False,[]
A,314,17,Supplier-cluster shock,False,,False,Non-failure,Unclassified,Unclassified,3,0.9594935392696218,85.0635675337943,False,False,True,True,True,"[{""target"":""S1C"",""magnitude"":0.34113953664335106,""start_week"":2,""duration_weeks"":3,""recovery_weeks"":4},{""target"":""S1B"",""magnitude"":0.24626225373777919,""start_week"":24,""duration_weeks"":3,""recovery_weeks"":3},{""target"":""S1A"",""magnitude"":0.25939212587314703,""start_week"":40,""duration_weeks"":1,""recovery_weeks"":3}]"
A,314,18,Supplier-cluster shock,False,,False,Non-failure,Unclassified,Unclassified,1,0.9065933509331163,336.26393664078114,False,True,False,False,False,"[{""target"":""corridor"",""magnitude"":0.32005498680016276,""start_week"":37,""duration_weeks"":3,""recovery_weeks"":1}]"
A,314,19,Supplier-cluster shock,False,,False,Non-failure,Unclassified,Unclassified,1,0.9501750382411362,104.63241969361411,False,False,False,True,False,"[{""target"":""S1B"",""magnitude"":0.36210616395744355,""start_week"":22,""duration_weeks"":2,""recovery_weeks"":3}]"
A,314,20,Supplier-cluster shock,True,True,False,Structural,Compounding moderate disturbance,Compounding moderate disturbance,4,0.8617535266953325,526.3200178869718,False,True,False,False,True,"[{""target"":""demand"",""magnitude"":0.14483840603701897,""start_week"":19,""duration_weeks"":5,""recovery_weeks"":3},{""target"":""corridor"",""magnitude"":0.260073599576002,""start_week"":21,""duration_weeks"":3,""recovery_weeks"":3},{""target"":""demand"",""magnitude"":0.1661051909071568,""start_week"":41,""duration_weeks"":1,""recovery_weeks"":1},{""target"":""S1C"",""magnitude"":0.2683092701672327,""start_week"":43,""duration_weeks"":1,""recovery_weeks"":1}]"
A,314,21,Supplier-cluster shock,False,,False,Non-failure,Unclassified,Unclassified,6,0.9456625601499192,110.90502009993111,False,True,True,True,True,"[{""target"":""corridor"",""magnitude"":0.21708891204455008,""start_week"":8,""duration_weeks"":2,""recovery_weeks"":4},{""target"":""S1B"",""magnitude"":0.35927233020467464,""start_week"":9,""duration_weeks"":5,""recovery_weeks"":2},{""target"":""S1A"",""magnitude"":0.23326088034061532,""start_week"":15,""duration_weeks"":2,""recovery_weeks"":4},{""target"":""S1C"",""magnitude"":0.3722592396626819,""start_week"":24,""duration_weeks"":6,""recovery_weeks"":3},{""target"":""S1B"",""magnitude"":0.20738332273635462,""start_week"":31,""duration_weeks"":3,""recovery_weeks"":2},{""target"":""corridor"",""magnitude"":0.17176050372180593,""start_week"":38,""duration_weeks"":1,""recovery_weeks"":4}]"
A,314,22,Supplier-cluster shock,True,True,False,Structural,Concentrated dependency,Concentrated dependency,2,0.7851572990194504,741.7808348634662,False,True,False,False,False,"[{""target"":""demand"",""magnitude"":0.2736301391439111,""start_week"":9,""duration_weeks"":5,""recovery_weeks"":3},{""target"":""corridor"",""magnitude"":0.32969921153253134,""start_week"":42,""duration_weeks"":1,""recovery_weeks"":3}]"
A,314,23,Supplier-cluster shock,False,,False,Non-failure,Unclassified,Unclassified,4,0.8012178754106222,299.14730489427984,False,False,False,True,False,"[{""target"":""S1B"",""magnitude"":0.26062438016751094,""start_week"":8,""duration_weeks"":2,""recovery_weeks"":1},{""target"":""demand"",""magnitude"":0.24220650063355925,""start_week"":9,""duration_weeks"":1,""recovery_weeks"":3},{""target"":""demand"",""magnitude"":0.11347760760056456,""start_week"":27,""duration_weeks"":1,""recovery_weeks"":4},{""target"":""demand"",""magnitude"":0.1349594109459032,""start_week"":28,""duration_weeks"":2,""recovery_weeks"":2}]"
A,314,24,Supplier-cluster shock,True,True,True,Structural,Concentrated dependency; Hidden convergent dependency; Propagation-amplified cascade,Hidden convergent dependency,3,0.6575396243381892,1370.7899370059204,True,False,False,False,False,"[{""target"":""T2P"",""magnitude"":0.17597564794452286,""start_week"":22,""duration_weeks"":4,""recovery_weeks"":4},{""target"":""T2P"",""magnitude"":0.18413950353975161,""start_week"":23,""duration_weeks"":1,""recovery_weeks"":1},{""target"":""T2P"",""magnitude"":0.281834741378458,""start_week"":25,""duration_weeks"":4,""recovery_weeks"":3}]"
A,314,25,Supplier-cluster shock,True,True,False,Structural,Concentrated dependency,Concentrated dependency,2,0.892796121132952,192.96698196068633,False,False,True,True,False,"[{""target"":""S1A"",""magnitude"":0.491208727450858,""start_week"":16,""duration_weeks"":1,""recovery_weeks"":4},{""target"":""S1B"",""magnitude"":0.40395279704818354,""start_week"":28,""duration_weeks"":2,""recovery_weeks"":2}]"
A,314,26,Supplier-cluster shock,False,,False,Non-failure,Unclassified,Unclassified,3,0.8990420741961701,129.97687079469438,False,False,False,True,True,"[{""target"":""S1C"",""magnitude"":0.4124710884933679,""start_week"":23,""duration_weeks"":1,""recovery_weeks"":4},{""target"":""S1B"",""magnitude"":0.1751922122283955,""start_week"":26,""duration_weeks"":3,""recovery_weeks"":2},{""target"":""demand"",""magnitude"":0.2402313690612996,""start_week"":51,""duration_weeks"":1,""recovery_weeks"":4}]"
A,314,27,Supplier-cluster shock,False,,False,Non-failure,Unclassified,Unclassified,1,0.9550108675046655,40.490219245801086,True,False,False,False,False,"[{""target"":""T2P"",""magnitude"":0.32015083669101574,""start_week"":35,""duration_weeks"":1,""recovery_weeks"":4}]"
A,314,28,Supplier-cluster shock,False,,False,Non-failure,Unclassified,Unclassified,2,0.9617738552560527,68.80706053910512,False,False,True,False,True,"[{""target"":""S1C"",""magnitude"":0.3360088256738813,""start_week"":27,""duration_weeks"":1,""recovery_weeks"":4},{""target"":""S1A"",""magnitude"":0.2829710987858216,""start_week"":33,""duration_weeks"":1,""recovery_weeks"":4}]"
A,314,29,Supplier-cluster shock,False,,False,Non-failure,Unclassified,Unclassified,0,1.0,0.0,False,False,False,False,False,[]
A,314,30,Supplier-cluster shock,True,False,False,Adaptation-limited,Concentrated dependency; Hidden convergent dependency; Propagation-amplified cascade,Hidden convergent dependency,2,0.658871824154411,424.55375391360485,True,True,False,False,False,"[{""target"":""T2P"",""magnitude"":0.40701535826102997,""start_week"":6,""duration_weeks"":2,""recovery_weeks"":2},{""target"":""corridor"",""magnitude"":0.23975534948850255,""start_week"":7,""duration_weeks"":1,""recovery_weeks"":3}]"
A,314,31,Supplier-cluster shock,True,False,True,Adaptation-limited,Concentrated dependency; Recovery lag and temporal overlap,Recovery lag and temporal overlap,3,0.7135549535800078,1903.357625669537,False,True,True,False,False,"[{""target"":""S1A"",""magnitude"":0.3172170134289802,""start_week"":11,""duration_weeks"":1,""recovery_weeks"":2},{""target"":""corridor"",""magnitude"":0.46483378481499404,""start_week"":12,""duration_weeks"":6,""recovery_weeks"":3},{""target"":""demand"",""magnitude"":0.19876056650687557,""start_week"":22,""duration_weeks"":2,""recovery_weeks"":1}]"
A,314,32,Supplier-cluster shock,False,,False,Non-failure,Unclassified,Unclassified,0,1.0,0.0,False,False,False,False,False,[]
A,314,33,Supplier-cluster shock,False,,False,Non-failure,Unclassified,Unclassified,1,1.0,0.0,False,False,False,False,True,"[{""target"":""S1C"",""magnitude"":0.19587257518012638,""start_week"":37,""duration_weeks"":2,""recovery_weeks"":2}]"
A,314,34,Supplier-cluster shock,True,True,False,Structural,Concentrated dependency; Hidden convergent dependency; Propagation-amplified cascade,Hidden convergent dependency,3,0.8841971375869614,496.5585345725101,True,True,False,False,False,"[{""target"":""corridor"",""magnitude"":0.21973208164572638,""start_week"":20,""duration_weeks"":3,""recovery_weeks"":1},{""target"":""corridor"",""magnitude"":0.2755014510234183,""start_week"":32,""duration_weeks"":5,""recovery_weeks"":1},{""target"":""T2P"",""magnitude"":0.2042225761717347,""start_week"":36,""duration_weeks"":8,""recovery_weeks"":3}]"
A,314,35,Supplier-cluster shock,True,True,True,Structural,Concentrated dependency; Hidden convergent dependency; Propagation-amplified cascade,Hidden convergent dependency,4,0.4110666009886098,5394.510732904937,True,False,False,False,True,"[{""target"":""T2P"",""magnitude"":0.4845179284103246,""start_week"":18,""duration_weeks"":1,""recovery_weeks"":4},{""target"":""T2P"",""magnitude"":0.42096149906408586,""start_week"":21,""duration_weeks"":6,""recovery_weeks"":3},{""target"":""T2P"",""magnitude"":0.3610788569468635,""start_week"":26,""duration_weeks"":7,""recovery_weeks"":4},{""target"":""S1C"",""magnitude"":0.4271172628030099,""start_week"":41,""duration_weeks"":1,""recovery_weeks"":1}]"
A,314,36,Supplier-cluster shock,True,True,False,Structural,Concentrated dependency,Concentrated dependency,1,0.8293213703809688,419.2574221713502,False,False,False,False,True,"[{""target"":""S1C"",""magnitude"":0.6340269166428203,""start_week"":11,""duration_weeks"":6,""recovery_weeks"":1}]"
A,314,37,Supplier-cluster shock,False,,False,Non-failure,Unclassified,Unclassified,4,0.8806809283377838,156.77850481161101,True,False,False,True,True,"[{""target"":""T2P"",""magnitude"":0.18380512839133223,""start_week"":2,""duration_weeks"":1,""recovery_weeks"":4},{""target"":""S1B"",""magnitude"":0.34248434067641903,""start_week"":11,""duration_weeks"":4,""recovery_weeks"":3},{""target"":""S1C"",""magnitude"":0.5184679112399865,""start_week"":36,""duration_weeks"":1,""recovery_weeks"":2},{""target"":""S1B"",""magnitude"":0.27487105941175344,""start_week"":39,""duration_weeks"":3,""recovery_weeks"":3}]"
A,314,38,Supplier-cluster shock,False,,False,Non-failure,Unclassified,Unclassified,3,1.0,0.0,True,True,False,False,False,"[{""target"":""T2P"",""magnitude"":0.25621952462222447,""start_week"":9,""duration_weeks"":1,""recovery_weeks"":2},{""target"":""corridor"",""magnitude"":0.2332128889419252,""start_week"":16,""duration_weeks"":1,""recovery_weeks"":1},{""target"":""T2P"",""magnitude"":0.281616908845019,""start_week"":25,""duration_weeks"":1,""recovery_weeks"":2}]"
A,314,39,Supplier-cluster shock,False,,False,Non-failure,Unclassified,Unclassified,0,1.0,0.0,False,False,False,False,False,[]
A,314,40,Supplier-cluster shock,True,True,True,Structural,Concentrated dependency; Hidden convergent dependency; Recovery lag and temporal overlap,Hidden convergent dependency,5,0.8148788395766784,818.0401019897131,True,False,False,False,True,"[{""target"":""demand"",""magnitude"":0.10075526266206633,""start_week"":4,""duration_weeks"":3,""recovery_weeks"":1},{""target"":""demand"",""magnitude"":0.21880783338678117,""start_week"":11,""duration_weeks"":5,""recovery_weeks"":2},{""target"":""demand"",""magnitude"":0.20485571807475467,""start_week"":22,""duration_weeks"":1,""recovery_weeks"":3},{""target"":""T2P"",""magnitude"":0.2666090443809894,""start_week"":25,""duration_weeks"":6,""recovery_weeks"":1},{""target"":""S1C"",""magnitude"":0.1756240924529467,""start_week"":39,""duration_weeks"":8,""recovery_weeks"":4}]"
A,314,41,Supplier-cluster shock,True,True,True,Structural,Compounding moderate disturbance,Compounding moderate disturbance,7,0.3675703096371172,1854.055303881592,True,True,True,True,False,"[{""target"":""demand"",""magnitude"":0.14451710165976342,""start_week"":5,""duration_weeks"":4,""recovery_weeks"":3},{""target"":""demand"",""magnitude"":0.31622808519583245,""start_week"":12,""duration_weeks"":3,""recovery_weeks"":1},{""target"":""corridor"",""magnitude"":0.20749026208823151,""start_week"":26,""duration_weeks"":3,""recovery_weeks"":4},{""target"":""T2P"",""magnitude"":0.4308114304258328,""start_week"":41,""duration_weeks"":5,""recovery_weeks"":4},{""target"":""S1A"",""magnitude"":0.2762886779267613,""start_week"":42,""duration_weeks"":3,""recovery_weeks"":2},{""target"":""T2P"",""magnitude"":0.5112757151448907,""start_week"":47,""duration_weeks"":4,""recovery_weeks"":1},{""target"":""S1B"",""magnitude"":0.4543527892043613,""start_week"":51,""duration_weeks"":1,""recovery_weeks"":3}]"
A,314,42,Supplier-cluster shock,False,,False,Non-failure,Unclassified,Unclassified,7,0.859711152052544,158.94574666053973,True,True,False,False,True,"[{""target"":""T2P"",""magnitude"":0.21907283833376437,""start_week"":1,""duration_weeks"":1,""recovery_weeks"":1},{""target"":""T2P"",""magnitude"":0.18333036402179012,""start_week"":9,""duration_weeks"":2,""recovery_weeks"":1},{""target"":""demand"",""magnitude"":0.16318137506128566,""start_week"":21,""duration_weeks"":1,""recovery_weeks"":4},{""target"":""demand"",""magnitude"":0.16848053207208835,""start_week"":26,""duration_weeks"":2,""recovery_weeks"":3},{""target"":""corridor"",""magnitude"":0.2606651388216592,""start_week"":28,""duration_weeks"":2,""recovery_weeks"":1},{""target"":""corridor"",""magnitude"":0.27871748920202055,""start_week"":40,""duration_weeks"":1,""recovery_weeks"":3},{""target"":""S1C"",""magnitude"":0.2066524249157379,""start_week"":43,""duration_weeks"":3,""recovery_weeks"":2}]"
A,314,43,Supplier-cluster shock,True,True,True,Structural,Concentrated dependency; Hidden convergent dependency; Propagation-amplified cascade,Hidden convergent dependency,5,0.5672014798931841,2512.8988726978546,True,True,True,False,True,"[{""target"":""T2P"",""magnitude"":0.5159450048115579,""start_week"":10,""duration_weeks"":1,""recovery_weeks"":4},{""target"":""S1A"",""magnitude"":0.30562709829298307,""start_week"":17,""duration_weeks"":1,""recovery_weeks"":2},{""target"":""S1C"",""magnitude"":0.1931129706804937,""start_week"":18,""duration_weeks"":3,""recovery_weeks"":3},{""target"":""demand"",""magnitude"":0.1964919268328757,""start_week"":19,""duration_weeks"":7,""recovery_weeks"":4},{""target"":""corridor"",""magnitude"":0.4910110063151092,""start_week"":20,""duration_weeks"":2,""recovery_weeks"":2}]"
A,314,44,Supplier-cluster shock,False,,False,Non-failure,Unclassified,Unclassified,1,0.95775123682585,38.02388685673509,True,False,False,False,False,"[{""target"":""T2P"",""magnitude"":0.4190119434283677,""start_week"":23,""duration_weeks"":1,""recovery_weeks"":1}]"
A,314,45,Supplier-cluster shock,False,,False,Non-failure,Unclassified,Unclassified,2,0.9280968261136108,69.72640642327633,False,False,False,False,False,"[{""target"":""demand"",""magnitude"":0.07747378491475138,""start_week"":37,""duration_weeks"":1,""recovery_weeks"":1},{""target"":""demand"",""magnitude"":0.07502771320143226,""start_week"":40,""duration_weeks"":5,""recovery_weeks"":3}]"
A,314,46,Supplier-cluster shock,True,True,False,Structural,Concentrated dependency; Hidden convergent dependency; Propagation-amplified cascade,Hidden convergent dependency,1,0.8354091237042053,398.95546783006034,True,False,False,False,False,"[{""target"":""T2P"",""magnitude"":0.24813178866621521,""start_week"":6,""duration_weeks"":5,""recovery_weeks"":4}]"
A,314,47,Supplier-cluster shock,False,,False,Non-failure,Unclassified,Unclassified,2,0.8720004078909955,132.10960895846802,False,True,False,False,False,"[{""target"":""demand"",""magnitude"":0.14678845439829785,""start_week"":5,""duration_weeks"":1,""recovery_weeks"":3},{""target"":""corridor"",""magnitude"":0.2555058447842693,""start_week"":42,""duration_weeks"":1,""recovery_weeks"":1}]"
A,314,48,Supplier-cluster shock,True,True,True,Structural,Concentrated dependency,Concentrated dependency,4,0.76096034057672,1922.5730114392813,False,True,False,True,True,"[{""target"":""demand"",""magnitude"":0.22334576298834957,""start_week"":16,""duration_weeks"":1,""recovery_weeks"":3},{""target"":""corridor"",""magnitude"":0.42927974456746,""start_week"":29,""duration_weeks"":8,""recovery_weeks"":4},{""target"":""S1B"",""magnitude"":0.3806456000221183,""start_week"":33,""duration_weeks"":3,""recovery_weeks"":3},{""target"":""S1C"",""magnitude"":0.19794048790794327,""start_week"":40,""duration_weeks"":1,""recovery_weeks"":4}]"
A,314,49,Supplier-cluster shock,True,True,True,Structural,Concentrated dependency,Concentrated dependency,3,0.8389458787903119,434.8461272661576,False,True,True,False,False,"[{""target"":""corridor"",""magnitude"":0.37079059090726596,""start_week"":2,""duration_weeks"":2,""recovery_weeks"":1},{""target"":""demand"",""magnitude"":0.15806952628761656,""start_week"":24,""duration_weeks"":1,""recovery_weeks"":3},{""target"":""S1A"",""magnitude"":0.3443979813454626,""start_week"":37,""duration_weeks"":1,""recovery_weeks"":1}]"
A,314,50,Supplier-cluster shock,True,True,True,Structural,Concentrated dependency; Hidden convergent dependency; Propagation-amplified cascade,Hidden convergent dependency,3,0.6542280285818917,2643.237746659511,True,False,False,False,False,"[{""target"":""demand"",""magnitude"":0.08107695645676356,""start_week"":22,""duration_weeks"":3,""recovery_weeks"":2},{""target"":""T2P"",""magnitude"":0.3461701131906451,""start_week"":27,""duration_weeks"":10,""recovery_weeks"":4},{""target"":""demand"",""magnitude"":0.11043492524328435,""start_week"":34,""duration_weeks"":3,""recovery_weeks"":2}]"
A,314,51,Supplier-cluster shock,False,,False,Non-failure,Unclassified,Unclassified,1,0.8858108287311378,116.01828608167648,False,False,False,False,False,"[{""target"":""demand"",""magnitude"":0.1289092067574182,""start_week"":8,""duration_weeks"":3,""recovery_weeks"":1}]"
A,314,52,Supplier-cluster shock,True,True,False,Structural,Concentrated dependency,Concentrated dependency,4,0.6616459155687149,439.87896161440256,False,True,False,True,True,"[{""target"":""S1B"",""magnitude"":0.1965965163965127,""start_week"":8,""duration_weeks"":6,""recovery_weeks"":1},{""target"":""S1C"",""magnitude"":0.3170925134314911,""start_week"":14,""duration_weeks"":1,""recovery_weeks"":3},{""target"":""demand"",""magnitude"":0.21534027572590336,""start_week"":33,""duration_weeks"":1,""recovery_weeks"":2},{""target"":""corridor"",""magnitude"":0.5037655633234638,""start_week"":41,""duration_weeks"":1,""recovery_weeks"":1}]"
A,314,53,Supplier-cluster shock,True,False,False,Adaptation-limited,Concentrated dependency,Concentrated dependency,3,0.7163848277543597,966.8473137033282,False,True,False,False,False,"[{""target"":""demand"",""magnitude"":0.1636630172310094,""start_week"":5,""duration_weeks"":11,""recovery_weeks"":1},{""target"":""corridor"",""magnitude"":0.3747771023776337,""start_week"":13,""duration_weeks"":1,""recovery_weeks"":3},{""target"":""corridor"",""magnitude"":0.3563774417103851,""start_week"":21,""duration_weeks"":1,""recovery_weeks"":4}]"
A,314,54,Supplier-cluster shock,False,,False,Non-failure,Unclassified,Unclassified,1,0.9720670708887635,58.65915113359665,False,False,True,False,False,"[{""target"":""S1A"",""magnitude"":0.312849090500282,""start_week"":31,""duration_weeks"":6,""recovery_weeks"":4}]"
A,314,55,Supplier-cluster shock,False,,False,Non-failure,Unclassified,Unclassified,3,0.9798340245816939,42.34854837844273,True,False,False,True,True,"[{""target"":""S1C"",""magnitude"":0.17964365232017646,""start_week"":15,""duration_weeks"":1,""recovery_weeks"":1},{""target"":""S1B"",""magnitude"":0.29537344469118854,""start_week"":17,""duration_weeks"":2,""recovery_weeks"":4},{""target"":""T2P"",""magnitude"":0.2808009567442888,""start_week"":46,""duration_weeks"":1,""recovery_weeks"":3}]"
A,314,56,Supplier-cluster shock,False,,False,Non-failure,Unclassified,Unclassified,3,0.9712896634545761,60.29170674539023,True,False,True,True,False,"[{""target"":""S1A"",""magnitude"":0.31459825722720364,""start_week"":15,""duration_weeks"":5,""recovery_weeks"":1},{""target"":""S1B"",""magnitude"":0.22226359126809375,""start_week"":21,""duration_weeks"":5,""recovery_weeks"":2},{""target"":""T2P"",""magnitude"":0.29117118845478196,""start_week"":50,""duration_weeks"":3,""recovery_weeks"":3}]"
A,314,57,Supplier-cluster shock,True,True,False,Structural,Concentrated dependency,Concentrated dependency,3,0.8528809387518825,308.95002862104684,True,False,False,False,True,"[{""target"":""S1C"",""magnitude"":0.5810178878082642,""start_week"":1,""duration_weeks"":4,""recovery_weeks"":3},{""target"":""demand"",""magnitude"":0.19728973861012966,""start_week"":32,""duration_weeks"":1,""recovery_weeks"":1},{""target"":""T2P"",""magnitude"":0.4206168709761391,""start_week"":50,""duration_weeks"":1,""recovery_weeks"":3}]"
A,314,58,Supplier-cluster shock,False,,False,Non-failure,Unclassified,Unclassified,0,1.0,0.0,False,False,False,False,False,[]
A,314,59,Supplier-cluster shock,False,,False,Non-failure,Unclassified,Unclassified,2,1.0,0.0,True,True,False,False,False,"[{""target"":""corridor"",""magnitude"":0.2438697265905323,""start_week"":3,""duration_weeks"":3,""recovery_weeks"":1},{""target"":""T2P"",""magnitude"":0.266887430316002,""start_week"":19,""duration_weeks"":1,""recovery_weeks"":4}]"
A,314,60,Supplier-cluster shock,True,True,False,Structural,Concentrated dependency; Hidden convergent dependency; Propagation-amplified cascade,Hidden convergent dependency,3,0.7389627844109453,574.6674701507454,True,True,False,False,False,"[{""target"":""T2P"",""magnitude"":0.33493349403014905,""start_week"":4,""duration_weeks"":4,""recovery_weeks"":1},{""target"":""T2P"",""magnitude"":0.37357471902175754,""start_week"":22,""duration_weeks"":2,""recovery_weeks"":4},{""target"":""corridor"",""magnitude"":0.40572678107404425,""start_week"":38,""duration_weeks"":1,""recovery_weeks"":3}]"
A,314,61,Supplier-cluster shock,False,,False,Non-failure,Unclassified,Unclassified,5,0.9361034415405902,133.3499340989407,True,False,True,True,True,"[{""target"":""S1C"",""magnitude"":0.2982807741061313,""start_week"":9,""duration_weeks"":3,""recovery_weeks"":3},{""target"":""S1A"",""magnitude"":0.2160801658935118,""start_week"":10,""duration_weeks"":1,""recovery_weeks"":3},{""target"":""T2P"",""magnitude"":0.2912896123096901,""start_week"":27,""duration_weeks"":1,""recovery_weeks"":3},{""target"":""S1B"",""magnitude"":0.3750880530604971,""start_week"":36,""duration_weeks"":1,""recovery_weeks"":2},{""target"":""S1C"",""magnitude"":0.39376725653367217,""start_week"":47,""duration_weeks"":3,""recovery_weeks"":3}]"
A,314,62,Supplier-cluster shock,False,,False,Non-failure,Unclassified,Unclassified,1,0.9792063211660377,18.714310950566073,True,False,False,False,False,"[{""target"":""T2P"",""magnitude"":0.40935715547528295,""start_week"":22,""duration_weeks"":1,""recovery_weeks"":1}]"
A,314,63,Supplier-cluster shock,True,True,True,Structural,Concentrated dependency; Hidden convergent dependency; Propagation-amplified cascade,Hidden convergent dependency,6,0.35499512983881654,2504.1494309575764,True,True,False,False,False,"[{""target"":""T2P"",""magnitude"":0.5504598894960963,""start_week"":16,""duration_weeks"":1,""recovery_weeks"":4},{""target"":""corridor"",""magnitude"":0.216972163158333,""start_week"":34,""duration_weeks"":2,""recovery_weeks"":1},{""target"":""T2P"",""magnitude"":0.4429858869882737,""start_week"":39,""duration_weeks"":4,""recovery_weeks"":2},{""target"":""demand"",""magnitude"":0.27630849545900427,""start_week"":40,""duration_weeks"":3,""recovery_weeks"":4},{""target"":""corridor"",""magnitude"":0.46597826818544785,""start_week"":41,""duration_weeks"":3,""recovery_weeks"":2},{""target"":""corridor"",""magnitude"":0.3636729466228992,""start_week"":42,""duration_weeks"":1,""recovery_weeks"":1}]"
A,314,64,Supplier-cluster shock,False,,False,Non-failure,Unclassified,Unclassified,3,0.9128346032811309,183.04733310962513,False,False,True,True,False,"[{""target"":""S1A"",""magnitude"":0.22096669934122182,""start_week"":14,""duration_weeks"":3,""recovery_weeks"":4},{""target"":""S1B"",""magnitude"":0.44612214261745553,""start_week"":23,""duration_weeks"":5,""recovery_weeks"":4},{""target"":""demand"",""magnitude"":0.16582143171817632,""start_week"":46,""duration_weeks"":1,""recovery_weeks"":2}]"
A,314,65,Supplier-cluster shock,True,True,False,Structural,Concentrated dependency,Concentrated dependency,2,0.8890868205272303,199.6437230509855,True,True,False,False,False,"[{""target"":""corridor"",""magnitude"":0.3331848846045774,""start_week"":16,""duration_weeks"":1,""recovery_weeks"":4},{""target"":""T2P"",""magnitude"":0.3963850452077618,""start_week"":31,""duration_weeks"":1,""recovery_weeks"":1}]"
A,314,66,Supplier-cluster shock,False,,False,Non-failure,Unclassified,Unclassified,1,0.9634523905234874,65.7856970577227,False,False,False,False,True,"[{""target"":""S1C"",""magnitude"":0.3322321213221534,""start_week"":21,""duration_weeks"":1,""recovery_weeks"":1}]"
A,314,67,Supplier-cluster shock,False,,False,Non-failure,Unclassified,Unclassified,0,1.0,0.0,False,False,False,False,False,[]
A,314,68,Supplier-cluster shock,True,False,True,Adaptation-limited,Concentrated dependency,Concentrated dependency,3,0.7628521487376121,1280.5983968168948,False,True,False,False,False,"[{""target"":""corridor"",""magnitude"":0.42786088844679093,""start_week"":21,""duration_weeks"":5,""recovery_weeks"":1},{""target"":""demand"",""magnitude"":0.28509358335902973,""start_week"":36,""duration_weeks"":1,""recovery_weeks"":2},{""target"":""demand"",""magnitude"":0.1941211375423833,""start_week"":38,""duration_weeks"":1,""recovery_weeks"":1}]"
A,314,69,Supplier-cluster shock,False,,False,Non-failure,Unclassified,Unclassified,2,0.8537664818414767,154.15241654697297,False,True,False,False,False,"[{""target"":""demand"",""magnitude"":0.17128046282996992,""start_week"":11,""duration_weeks"":3,""recovery_weeks"":4},{""target"":""corridor"",""magnitude"":0.3337335084584794,""start_week"":22,""duration_weeks"":1,""recovery_weeks"":2}]"
A,314,70,Supplier-cluster shock,True,True,True,Structural,Concentrated dependency,Concentrated dependency,5,0.5917465636013128,2011.9903163703852,True,True,False,False,True,"[{""target"":""corridor"",""magnitude"":0.4384655288227842,""start_week"":7,""duration_weeks"":1,""recovery_weeks"":2},{""target"":""T2P"",""magnitude"":0.2788599570463891,""start_week"":14,""duration_weeks"":2,""recovery_weeks"":3},{""target"":""demand"",""magnitude"":0.11565561455787457,""start_week"":23,""duration_weeks"":4,""recovery_weeks"":4},{""target"":""T2P"",""magnitude"":0.46742809275881847,""start_week"":28,""duration_weeks"":5,""recovery_weeks"":1},{""target"":""S1C"",""magnitude"":0.27007254262251973,""start_week"":50,""duration_weeks"":10,""recovery_weeks"":2}]"
A,314,71,Supplier-cluster shock,True,True,False,Structural,Concentrated dependency,Concentrated dependency,1,0.8707201564246824,232.70371843557177,False,True,False,False,False,"[{""target"":""corridor"",""magnitude"":0.3469598826814883,""start_week"":15,""duration_weeks"":1,""recovery_weeks"":2}]"
A,314,72,Supplier-cluster shock,True,True,True,Structural,Concentrated dependency; Hidden convergent dependency,Hidden convergent dependency,5,0.5408986173305881,3101.7900448939554,True,True,True,False,True,"[{""target"":""corridor"",""magnitude"":0.24499042429681195,""start_week"":13,""duration_weeks"":5,""recovery_weeks"":1},{""target"":""demand"",""magnitude"":0.13214116132516654,""start_week"":21,""duration_weeks"":7,""recovery_weeks"":2},{""target"":""T2P"",""magnitude"":0.4488637700945539,""start_week"":22,""duration_weeks"":7,""recovery_weeks"":1},{""target"":""S1A"",""magnitude"":0.3029683094304856,""start_week"":35,""duration_weeks"":9,""recovery_weeks"":3},{""target"":""S1C"",""magnitude"":0.31931956630626523,""start_week"":49,""duration_weeks"":2,""recovery_weeks"":2}]"
A,314,73,Supplier-cluster shock,True,True,True,Structural,Compounding moderate disturbance,Compounding moderate disturbance,6,0.6657974518837793,1418.464868956712,True,True,False,False,False,"[{""target"":""demand"",""magnitude"":0.08404236635307993,""start_week"":1,""duration_weeks"":10,""recovery_weeks"":2},{""target"":""demand"",""magnitude"":0.28708211740381745,""start_week"":2,""duration_weeks"":2,""recovery_weeks"":3},{""target"":""T2P"",""magnitude"":0.40078229330459847,""start_week"":16,""duration_weeks"":4,""recovery_weeks"":1},{""target"":""corridor"",""magnitude"":0.30647879977103853,""start_week"":20,""duration_weeks"":1,""recovery_weeks"":3},{""target"":""demand"",""magnitude"":0.13006783003532596,""start_week"":27,""duration_weeks"":2,""recovery_weeks"":3},{""target"":""T2P"",""magnitude"":0.33313509582949385,""start_week"":47,""duration_weeks"":1,""recovery_weeks"":2}]"
A,314,74,Supplier-cluster shock,False,,False,Non-failure,Unclassified,Unclassified,2,0.930742560664991,66.9698561511724,True,False,False,False,False,"[{""target"":""demand"",""magnitude"":0.07441095127908016,""start_week"":2,""duration_weeks"":2,""recovery_weeks"":4},{""target"":""T2P"",""magnitude"":0.33130457557951376,""start_week"":30,""duration_weeks"":2,""recovery_weeks"":2}]"
A,314,75,Supplier-cluster shock,False,,False,Non-failure,Unclassified,Unclassified,3,0.9783388781958698,43.703868267904795,False,False,False,True,True,"[{""target"":""S1B"",""magnitude"":0.25926560828091333,""start_week"":10,""duration_weeks"":5,""recovery_weeks"":2},{""target"":""S1C"",""magnitude"":0.18415220500367768,""start_week"":20,""duration_weeks"":1,""recovery_weeks"":2},{""target"":""S1B"",""magnitude"":0.29873752405929266,""start_week"":23,""duration_weeks"":2,""recovery_weeks"":4}]"
A,314,76,Supplier-cluster shock,False,,False,Non-failure,Unclassified,Unclassified,3,0.9152114901700369,157.0515802155519,False,False,False,True,True,"[{""target"":""S1B"",""magnitude"":0.3047520805426898,""start_week"":2,""duration_weeks"":2,""recovery_weeks"":3},{""target"":""S1C"",""magnitude"":0.27765824644733533,""start_week"":4,""duration_weeks"":1,""recovery_weeks"":4},{""target"":""S1B"",""magnitude"":0.44077414711741725,""start_week"":22,""duration_weeks"":2,""recovery_weeks"":2}]"
A,314,77,Supplier-cluster shock,False,,False,Non-failure,Unclassified,Unclassified,0,1.0,0.0,False,False,False,False,False,[]
A,314,78,Supplier-cluster shock,False,,False,Non-failure,Unclassified,Unclassified,2,0.9185565374805742,459.7512797396935,False,True,False,True,False,"[{""target"":""corridor"",""magnitude"":0.3047322952071063,""start_week"":13,""duration_weeks"":6,""recovery_weeks"":4},{""target"":""S1B"",""magnitude"":0.433247790668708,""start_week"":29,""duration_weeks"":5,""recovery_weeks"":2}]"
A,314,79,Supplier-cluster shock,True,False,True,Adaptation-limited,Compounding moderate disturbance,Compounding moderate disturbance,4,0.6718798128838211,1590.1563117524724,False,True,False,False,False,"[{""target"":""corridor"",""magnitude"":0.31815393968903805,""start_week"":11,""duration_weeks"":8,""recovery_weeks"":3},{""target"":""corridor"",""magnitude"":0.2609624239332654,""start_week"":13,""duration_weeks"":2,""recovery_weeks"":3},{""target"":""demand"",""magnitude"":0.10663622732384549,""start_week"":29,""duration_weeks"":7,""recovery_weeks"":3},{""target"":""corridor"",""magnitude"":0.26118578025665484,""start_week"":36,""duration_weeks"":3,""recovery_weeks"":4}]"
A,314,80,Supplier-cluster shock,False,,False,Non-failure,Unclassified,Unclassified,1,0.8656925107643739,139.63010977804788,False,False,False,False,False,"[{""target"":""demand"",""magnitude"":0.15514456642005334,""start_week"":40,""duration_weeks"":4,""recovery_weeks"":1}]"
A,314,81,Supplier-cluster shock,True,True,True,Structural,Concentrated dependency; Hidden convergent dependency; Propagation-amplified cascade,Hidden convergent dependency,8,0.7182968014395129,965.8268399704525,True,False,True,True,True,"[{""target"":""T2P"",""magnitude"":0.3535328787044382,""start_week"":8,""duration_weeks"":4,""recovery_weeks"":1},{""target"":""S1C"",""magnitude"":0.23093161033143156,""start_week"":16,""duration_weeks"":1,""recovery_weeks"":1},{""target"":""S1A"",""magnitude"":0.41058505950442614,""start_week"":17,""duration_weeks"":13,""recovery_weeks"":2},{""target"":""S1B"",""magnitude"":0.2762466202279888,""start_week"":18,""duration_weeks"":2,""recovery_weeks"":4},{""target"":""S1C"",""magnitude"":0.2878559755578963,""start_week"":23,""duration_weeks"":3,""recovery_weeks"":4},{""target"":""T2P"",""magnitude"":0.2111174791134728,""start_week"":24,""duration_weeks"":3,""recovery_weeks"":4},{""target"":""S1A"",""magnitude"":0.4724267589122175,""start_week"":28,""duration_weeks"":1,""recovery_weeks"":1},{""target"":""S1B"",""magnitude"":0.33716869742837646,""start_week"":38,""duration_weeks"":6,""recovery_weeks"":4}]"
A,314,82,Supplier-cluster shock,False,,False,Non-failure,Unclassified,Unclassified,1,0.9177893954244988,80.6171268559159,False,False,False,False,False,"[{""target"":""demand"",""magnitude"":0.08957458539546195,""start_week"":10,""duration_weeks"":5,""recovery_weeks"":2}]"
A,314,83,Supplier-cluster shock,False,,False,Non-failure,Unclassified,Unclassified,1,0.9483137876413933,108.5410459530741,False,False,True,False,False,"[{""target"":""S1A"",""magnitude"":0.3662939778068651,""start_week"":33,""duration_weeks"":5,""recovery_weeks"":4}]"
A,314,84,Supplier-cluster shock,False,,False,Non-failure,Unclassified,Unclassified,1,0.8686869867400361,136.04637083084867,False,False,False,False,False,"[{""target"":""demand"",""magnitude"":0.15116263425649848,""start_week"":20,""duration_weeks"":1,""recovery_weeks"":2}]"
A,314,85,Supplier-cluster shock,True,True,True,Structural,Concentrated dependency; Hidden convergent dependency; Propagation-amplified cascade,Hidden convergent dependency,3,0.7715686442018629,811.2084670981319,True,False,False,False,False,"[{""target"":""T2P"",""magnitude"":0.24380183252565973,""start_week"":15,""duration_weeks"":4,""recovery_weeks"":4},{""target"":""T2P"",""magnitude"":0.30558822021832344,""start_week"":27,""duration_weeks"":3,""recovery_weeks"":3},{""target"":""demand"",""magnitude"":0.10950606065525317,""start_week"":36,""duration_weeks"":2,""recovery_weeks"":1}]"
A,314,86,Supplier-cluster shock,False,,False,Non-failure,Unclassified,Unclassified,1,0.9619510141208467,68.48817458247595,False,False,True,False,False,"[{""target"":""S1A"",""magnitude"":0.3356102182280948,""start_week"":32,""duration_weeks"":1,""recovery_weeks"":3}]"
A,314,87,Supplier-cluster shock,False,,False,Non-failure,Unclassified,Unclassified,4,0.8940942775083786,106.60525700721337,False,True,False,False,False,"[{""target"":""demand"",""magnitude"":0.11845028556357019,""start_week"":17,""duration_weeks"":1,""recovery_weeks"":1},{""target"":""corridor"",""magnitude"":0.23320250750292448,""start_week"":23,""duration_weeks"":3,""recovery_weeks"":3},{""target"":""demand"",""magnitude"":0.11282686699530177,""start_week"":37,""duration_weeks"":1,""recovery_weeks"":2},{""target"":""corridor"",""magnitude"":0.25842379920544745,""start_week"":47,""duration_weeks"":1,""recovery_weeks"":2}]"
A,314,88,Supplier-cluster shock,True,True,True,Structural,Concentrated dependency,Concentrated dependency,4,0.6194448319027063,1955.6636150982367,False,True,False,False,True,"[{""target"":""corridor"",""magnitude"":0.5354163760729703,""start_week"":7,""duration_weeks"":4,""recovery_weeks"":4},{""target"":""demand"",""magnitude"":0.19935097969896515,""start_week"":15,""duration_weeks"":1,""recovery_weeks"":3},{""target"":""S1C"",""magnitude"":0.2160279338878975,""start_week"":21,""duration_weeks"":1,""recovery_weeks"":4},{""target"":""corridor"",""magnitude"":0.34555321652803606,""start_week"":50,""duration_weeks"":2,""recovery_weeks"":2}]"
A,314,89,Supplier-cluster shock,True,False,False,Adaptation-limited,Compounding moderate disturbance,Compounding moderate disturbance,3,0.8121704800467828,617.1935605172882,False,False,True,False,False,"[{""target"":""S1A"",""magnitude"":0.2841310746158722,""start_week"":30,""duration_weeks"":4,""recovery_weeks"":4},{""target"":""demand"",""magnitude"":0.17687085204239622,""start_week"":40,""duration_weeks"":6,""recovery_weeks"":2},{""target"":""demand"",""magnitude"":0.16246927712162573,""start_week"":44,""duration_weeks"":1,""recovery_weeks"":2}]"
A,314,90,Supplier-cluster shock,False,,False,Non-failure,Unclassified,Unclassified,3,0.8484856325086602,160.71330558542377,False,True,False,False,False,"[{""target"":""demand"",""magnitude"":0.17857033953935986,""start_week"":18,""duration_weeks"":3,""recovery_weeks"":3},{""target"":""corridor"",""magnitude"":0.27298785592170216,""start_week"":31,""duration_weeks"":1,""recovery_weeks"":2},{""target"":""demand"",""magnitude"":0.09990315297279916,""start_week"":45,""duration_weeks"":16,""recovery_weeks"":2}]"
A,314,91,Supplier-cluster shock,False,,False,Non-failure,Unclassified,Unclassified,3,0.8818574756599437,226.09307698297255,False,False,False,True,True,"[{""target"":""demand"",""magnitude"":0.13397008881922065,""start_week"":2,""duration_weeks"":3,""recovery_weeks"":4},{""target"":""S1C"",""magnitude"":0.47998972984943067,""start_week"":3,""duration_weeks"":1,""recovery_weeks"":1},{""target"":""S1B"",""magnitude"":0.44409709934920394,""start_week"":34,""duration_weeks"":3,""recovery_weeks"":1}]"
A,314,92,Supplier-cluster shock,False,,False,Non-failure,Unclassified,Unclassified,1,1.0,0.0,False,True,False,False,False,"[{""target"":""corridor"",""magnitude"":0.17624515659192247,""start_week"":28,""duration_weeks"":3,""recovery_weeks"":4}]"
A,314,93,Supplier-cluster shock,False,,False,Non-failure,Unclassified,Unclassified,1,0.9171717251528541,81.2775245006685,False,False,False,False,False,"[{""target"":""demand"",""magnitude"":0.09030836055629823,""start_week"":42,""duration_weeks"":3,""recovery_weeks"":4}]"
A,314,94,Supplier-cluster shock,True,False,True,Adaptation-limited,Concentrated dependency,Concentrated dependency,2,0.7072105715144139,1349.3049169732228,False,True,False,False,False,"[{""target"":""corridor"",""magnitude"":0.4034341679796075,""start_week"":6,""duration_weeks"":1,""recovery_weeks"":1},{""target"":""corridor"",""magnitude"":0.46959207136418957,""start_week"":29,""duration_weeks"":5,""recovery_weeks"":2}]"
A,314,95,Supplier-cluster shock,False,,False,Non-failure,Unclassified,Unclassified,1,1.0,0.0,False,False,True,False,False,"[{""target"":""S1A"",""magnitude"":0.19008935165188667,""start_week"":4,""duration_weeks"":5,""recovery_weeks"":1}]"
A,314,96,Supplier-cluster shock,False,,False,Non-failure,Unclassified,Unclassified,2,0.847406338837592,162.0642763122969,False,False,False,True,False,"[{""target"":""demand"",""magnitude"":0.18007141812477406,""start_week"":43,""duration_weeks"":1,""recovery_weeks"":1},{""target"":""S1B"",""magnitude"":0.1836106436767733,""start_week"":50,""duration_weeks"":1,""recovery_weeks"":2}]"
A,314,97,Supplier-cluster shock,False,,False,Non-failure,Unclassified,Unclassified,3,0.9339178907477276,63.682149058551886,True,False,False,False,False,"[{""target"":""demand"",""magnitude"":0.07075794339839103,""start_week"":2,""duration_weeks"":1,""recovery_weeks"":4},{""target"":""T2P"",""magnitude"":0.30605289612964504,""start_week"":22,""duration_weeks"":2,""recovery_weeks"":1},{""target"":""demand"",""magnitude"":0.08223449707231242,""start_week"":49,""duration_weeks"":1,""recovery_weeks"":3}]"
A,314,98,Supplier-cluster shock,True,True,False,Structural,Concentrated dependency; Propagation-amplified cascade,Propagation-amplified cascade,5,0.8468595609507736,606.2060379011536,True,False,True,True,False,"[{""target"":""T2P"",""magnitude"":0.32028544378806434,""start_week"":9,""duration_weeks"":1,""recovery_weeks"":2},{""target"":""S1A"",""magnitude"":0.484164114792597,""start_week"":27,""duration_weeks"":4,""recovery_weeks"":3},{""target"":""S1B"",""magnitude"":0.3320229579258235,""start_week"":28,""duration_weeks"":2,""recovery_weeks"":3},{""target"":""S1A"",""magnitude"":0.21823571512219153,""start_week"":32,""duration_weeks"":1,""recovery_weeks"":2},{""target"":""demand"",""magnitude"":0.17915910367038818,""start_week"":33,""duration_weeks"":6,""recovery_weeks"":4}]"
A,314,99,Supplier-cluster shock,True,True,True,Structural,Compounding moderate disturbance,Compounding moderate disturbance,6,0.77645887512607,1402.1996116204955,False,False,True,False,True,"[{""target"":""S1C"",""magnitude"":0.19534661098815875,""start_week"":7,""duration_weeks"":1,""recovery_weeks"":1},{""target"":""demand"",""magnitude"":0.17344342920442904,""start_week"":10,""duration_weeks"":4,""recovery_weeks"":4},{""target"":""demand"",""magnitude"":0.21948615677587552,""start_week"":12,""duration_weeks"":5,""recovery_weeks"":4},{""target"":""S1A"",""magnitude"":0.30951602216718566,""start_week"":39,""duration_weeks"":2,""recovery_weeks"":1},{""target"":""S1C"",""magnitude"":0.414854351364512,""start_week"":42,""duration_weeks"":3,""recovery_weeks"":3},{""target"":""S1A"",""magnitude"":0.39726313941166214,""start_week"":51,""duration_weeks"":1,""recovery_weeks"":2}]"
A,314,100,Supplier-cluster shock,False,,False,Non-failure,Unclassified,Unclassified,0,1.0,0.0,False,False,False,False,False,[]
A,314,101,Supplier-cluster shock,True,True,True,Structural,Concentrated dependency,Concentrated dependency,4,0.7467188896250485,2780.133121343377,False,True,False,False,False,"[{""target"":""corridor"",""magnitude"":0.4399608327812137,""start_week"":9,""duration_weeks"":7,""recovery_weeks"":3},{""target"":""corridor"",""magnitude"":0.37849618336017665,""start_week"":26,""duration_weeks"":12,""recovery_weeks"":1},{""target"":""corridor"",""magnitude"":0.2941595006304214,""start_week"":45,""duration_weeks"":1,""recovery_weeks"":1},{""target"":""corridor"",""magnitude"":0.34249230899415006,""start_week"":50,""duration_weeks"":1,""recovery_weeks"":2}]"
A,314,102,Supplier-cluster shock,True,False,False,Adaptation-limited,Concentrated dependency; Hidden convergent dependency; Propagation-amplified cascade,Hidden convergent dependency,3,0.47200709387360956,693.9920193921891,True,False,False,False,True,"[{""target"":""T2P"",""magnitude"":0.6375968077568757,""start_week"":11,""duration_weeks"":1,""recovery_weeks"":2},{""target"":""T2P"",""magnitude"":0.22416844105434086,""start_week"":40,""duration_weeks"":2,""recovery_weeks"":1},{""target"":""S1C"",""magnitude"":0.2992053991912573,""start_week"":44,""duration_weeks"":1,""recovery_weeks"":4}]"
A,314,103,Supplier-cluster shock,False,,False,Non-failure,Unclassified,Unclassified,2,0.9349694295034785,62.59831776312808,False,False,False,False,False,"[{""target"":""demand"",""magnitude"":0.06955368640347553,""start_week"":9,""duration_weeks"":1,""recovery_weeks"":1},{""target"":""demand"",""magnitude"":0.13628150747024598,""start_week"":16,""duration_weeks"":2,""recovery_weeks"":1}]"
A,314,104,Supplier-cluster shock,True,True,False,Structural,Concentrated dependency; Recovery lag and temporal overlap,Recovery lag and temporal overlap,7,0.5044710169567109,1103.1927918631172,True,True,False,False,False,"[{""target"":""demand"",""magnitude"":0.15368292947131207,""start_week"":3,""duration_weeks"":3,""recovery_weeks"":2},{""target"":""corridor"",""magnitude"":0.22413796516309564,""start_week"":9,""duration_weeks"":5,""recovery_weeks"":3},{""target"":""corridor"",""magnitude"":0.33495399945140186,""start_week"":15,""duration_weeks"":4,""recovery_weeks"":1},{""target"":""corridor"",""magnitude"":0.4310870790811032,""start_week"":19,""duration_weeks"":1,""recovery_weeks"":2},{""target"":""T2P"",""magnitude"":0.2445804184549007,""start_week"":34,""duration_weeks"":1,""recovery_weeks"":1},{""target"":""corridor"",""magnitude"":0.21594218973668142,""start_week"":41,""duration_weeks"":3,""recovery_weeks"":2},{""target"":""demand"",""magnitude"":0.16512170804137166,""start_week"":47,""duration_weeks"":2,""recovery_weeks"":3}]"
A,314,105,Supplier-cluster shock,False,,False,Non-failure,Unclassified,Unclassified,2,1.0,0.0,False,False,False,True,True,"[{""target"":""S1C"",""magnitude"":0.24034685426384417,""start_week"":9,""duration_weeks"":8,""recovery_weeks"":4},{""target"":""S1B"",""magnitude"":0.5003617409271315,""start_week"":51,""duration_weeks"":1,""recovery_weeks"":4}]"
A,314,106,Supplier-cluster shock,True,True,True,Structural,Concentrated dependency; Hidden convergent dependency; Propagation-amplified cascade,Hidden convergent dependency,3,0.7645800387576014,2210.352529095142,True,True,False,False,False,"[{""target"":""T2P"",""magnitude"":0.3118779651181587,""start_week"":4,""duration_weeks"":12,""recovery_weeks"":2},{""target"":""corridor"",""magnitude"":0.20185877442970318,""start_week"":32,""duration_weeks"":1,""recovery_weeks"":1},{""target"":""demand"",""magnitude"":0.13089094600772627,""start_week"":50,""duration_weeks"":12,""recovery_weeks"":1}]"
A,314,107,Supplier-cluster shock,False,,False,Non-failure,Unclassified,Unclassified,0,1.0,0.0,False,False,False,False,False,[]
A,314,108,Supplier-cluster shock,True,True,True,Structural,Concentrated dependency; Hidden convergent dependency; Propagation-amplified cascade,Hidden convergent dependency,2,0.6706168461997384,1548.8320193027412,True,False,False,False,False,"[{""target"":""T2P"",""magnitude"":0.331411224962001,""start_week"":19,""duration_weeks"":5,""recovery_weeks"":3},{""target"":""T2P"",""magnitude"":0.3214895072345828,""start_week"":26,""duration_weeks"":1,""recovery_weeks"":3}]"
A,314,109,Supplier-cluster shock,False,,False,Non-failure,Unclassified,Unclassified,1,0.9388549170558973,110.06114929938485,False,False,False,False,True,"[{""target"":""S1C"",""magnitude"":0.3875764366242309,""start_week"":20,""duration_weeks"":1,""recovery_weeks"":2}]"
A,314,110,Supplier-cluster shock,False,,False,Non-failure,Unclassified,Unclassified,3,0.8572652854084682,149.85004679288932,True,False,False,False,False,"[{""target"":""T2P"",""magnitude"":0.30117382678287097,""start_week"":11,""duration_weeks"":1,""recovery_weeks"":2},{""target"":""demand"",""magnitude"":0.16650005199209922,""start_week"":19,""duration_weeks"":1,""recovery_weeks"":1},{""target"":""T2P"",""magnitude"":0.22802128931360124,""start_week"":50,""duration_weeks"":6,""recovery_weeks"":4}]"
A,314,111,Supplier-cluster shock,False,,False,Non-failure,Unclassified,Unclassified,0,1.0,0.0,False,False,False,False,False,[]
A,314,112,Supplier-cluster shock,False,,False,Non-failure,Unclassified,Unclassified,2,0.9037268081463109,95.87617838409028,True,False,False,False,False,"[{""target"":""demand"",""magnitude"":0.1065290870934337,""start_week"":5,""duration_weeks"":1,""recovery_weeks"":3},{""target"":""T2P"",""magnitude"":0.23105895085247669,""start_week"":27,""duration_weeks"":1,""recovery_weeks"":2}]"
A,314,113,Supplier-cluster shock,True,False,True,Adaptation-limited,Concentrated dependency,Concentrated dependency,6,0.7880965198699819,599.2814844290599,True,True,True,True,False,"[{""target"":""corridor"",""magnitude"":0.40892761009751355,""start_week"":9,""duration_weeks"":2,""recovery_weeks"":3},{""target"":""T2P"",""magnitude"":0.21683854214542297,""start_week"":22,""duration_weeks"":7,""recovery_weeks"":2},{""target"":""corridor"",""magnitude"":0.24212064328697835,""start_week"":34,""duration_weeks"":1,""recovery_weeks"":4},{""target"":""S1A"",""magnitude"":0.3580259975630626,""start_week"":39,""duration_weeks"":6,""recovery_weeks"":1},{""target"":""S1B"",""magnitude"":0.28586981438999537,""start_week"":48,""duration_weeks"":3,""recovery_weeks"":3},{""target"":""S1A"",""magnitude"":0.23843055647669315,""start_week"":49,""duration_weeks"":1,""recovery_weeks"":3}]"
A,314,114,Supplier-cluster shock,True,False,False,Adaptation-limited,Concentrated dependency,Concentrated dependency,3,0.46633009026030775,1050.3126727453364,False,True,False,False,False,"[{""target"":""corridor"",""magnitude"":0.2736705810837279,""start_week"":15,""duration_weeks"":1,""recovery_weeks"":3},{""target"":""corridor"",""magnitude"":0.596907248459853,""start_week"":49,""duration_weeks"":1,""recovery_weeks"":3},{""target"":""demand"",""magnitude"":0.15252481724590905,""start_week"":50,""duration_weeks"":7,""recovery_weeks"":3}]"
A,314,115,Supplier-cluster shock,False,,False,Non-failure,Unclassified,Unclassified,4,0.8929886187928745,107.8515907813063,True,True,False,False,False,"[{""target"":""demand"",""magnitude"":0.11983510086811805,""start_week"":5,""duration_weeks"":6,""recovery_weeks"":2},{""target"":""demand"",""magnitude"":0.2078582892801102,""start_week"":34,""duration_weeks"":5,""recovery_weeks"":1},{""target"":""T2P"",""magnitude"":0.2665296697379484,""start_week"":42,""duration_weeks"":2,""recovery_weeks"":1},{""target"":""corridor"",""magnitude"":0.21309847465315815,""start_week"":50,""duration_weeks"":2,""recovery_weeks"":3}]"
A,314,116,Supplier-cluster shock,False,,False,Non-failure,Unclassified,Unclassified,3,0.9033903218339143,202.8803241487799,False,True,True,True,False,"[{""target"":""corridor"",""magnitude"":0.23819201949157448,""start_week"":3,""duration_weeks"":1,""recovery_weeks"":3},{""target"":""S1B"",""magnitude"":0.4673717758736927,""start_week"":13,""duration_weeks"":2,""recovery_weeks"":1},{""target"":""S1A"",""magnitude"":0.3759366502614323,""start_week"":36,""duration_weeks"":3,""recovery_weeks"":3}]"
A,314,117,Supplier-cluster shock,True,True,True,Structural,Concentrated dependency; Recovery lag and temporal overlap,Recovery lag and temporal overlap,6,0.689665480807031,2124.0340500064794,True,True,False,True,False,"[{""target"":""T2P"",""magnitude"":0.1749228602697977,""start_week"":2,""duration_weeks"":3,""recovery_weeks"":1},{""target"":""T2P"",""magnitude"":0.32473420386663054,""start_week"":17,""duration_weeks"":3,""recovery_weeks"":1},{""target"":""demand"",""magnitude"":0.1386359601586274,""start_week"":34,""duration_weeks"":1,""recovery_weeks"":2},{""target"":""corridor"",""magnitude"":0.3885521268603596,""start_week"":36,""duration_weeks"":5,""recovery_weeks"":3},{""target"":""T2P"",""magnitude"":0.37930106727367213,""start_week"":41,""duration_weeks"":6,""recovery_weeks"":2},{""target"":""S1B"",""magnitude"":0.22672552447919347,""start_week"":47,""duration_weeks"":4,""recovery_weeks"":2}]"
A,314,118,Supplier-cluster shock,False,,False,Non-failure,Unclassified,Unclassified,6,0.911178845784353,109.72637232246007,False,True,False,True,True,"[{""target"":""demand"",""magnitude"":0.06614568011440466,""start_week"":8,""duration_weeks"":6,""recovery_weeks"":1},{""target"":""corridor"",""magnitude"":0.3134681072213831,""start_week"":18,""duration_weeks"":2,""recovery_weeks"":3},{""target"":""S1C"",""magnitude"":0.4867025007314162,""start_week"":26,""duration_weeks"":1,""recovery_weeks"":3},{""target"":""S1B"",""magnitude"":0.26196240488923367,""start_week"":30,""duration_weeks"":1,""recovery_weeks"":3},{""target"":""S1C"",""magnitude"":0.3622950769455625,""start_week"":46,""duration_weeks"":2,""recovery_weeks"":2},{""target"":""S1B"",""magnitude"":0.20930707716647415,""start_week"":50,""duration_weeks"":4,""recovery_weeks"":3}]"
A,314,119,Supplier-cluster shock,True,False,True,Adaptation-limited,Concentrated dependency,Concentrated dependency,3,0.43003059264551763,944.7293266069437,False,True,False,False,False,"[{""target"":""corridor"",""magnitude"":0.4798242090348527,""start_week"":30,""duration_weeks"":1,""recovery_weeks"":1},{""target"":""corridor"",""magnitude"":0.3799731742884055,""start_week"":31,""duration_weeks"":1,""recovery_weeks"":1},{""target"":""demand"",""magnitude"":0.2657020936216617,""start_week"":45,""duration_weeks"":1,""recovery_weeks"":4}]"
A,314,120,Supplier-cluster shock,True,True,False,Structural,Concentrated dependency,Concentrated dependency,3,0.8567776596523562,257.80021262575883,False,True,False,False,False,"[{""target"":""corridor"",""magnitude"":0.3574167552607328,""start_week"":28,""duration_weeks"":1,""recovery_weeks"":1},{""target"":""demand"",""magnitude"":0.17139282709906045,""start_week"":37,""duration_weeks"":1,""recovery_weeks"":4},{""target"":""corridor"",""magnitude"":0.22348364515630176,""start_week"":43,""duration_weeks"":3,""recovery_weeks"":1}]"
A,314,121,Supplier-cluster shock,True,False,True,Adaptation-limited,Concentrated dependency; Hidden convergent dependency; Propagation-amplified cascade,Hidden convergent dependency,4,0.6653952533324433,905.7213600040049,True,False,True,False,True,"[{""target"":""T2P"",""magnitude"":0.40114427200080105,""start_week"":16,""duration_weeks"":4,""recovery_weeks"":1},{""target"":""S1C"",""magnitude"":0.2525199278760896,""start_week"":18,""duration_weeks"":2,""recovery_weeks"":1},{""target"":""S1A"",""magnitude"":0.33166553177810554,""start_week"":42,""duration_weeks"":1,""recovery_weeks"":4},{""target"":""S1C"",""magnitude"":0.28225415310490154,""start_week"":48,""duration_weeks"":2,""recovery_weeks"":4}]"
A,314,122,Supplier-cluster shock,True,False,False,Adaptation-limited,Concentrated dependency; Hidden convergent dependency; Propagation-amplified cascade,Hidden convergent dependency,2,0.638213911395367,489.6261791045945,True,False,False,False,False,"[{""target"":""T2P"",""magnitude"":0.4256074797441698,""start_week"":7,""duration_weeks"":2,""recovery_weeks"":2},{""target"":""T2P"",""magnitude"":0.4259992188650764,""start_week"":51,""duration_weeks"":2,""recovery_weeks"":2}]"
A,314,123,Supplier-cluster shock,True,True,False,Structural,Compounding moderate disturbance,Compounding moderate disturbance,2,0.8114952880427337,726.7703530682892,False,False,False,False,False,"[{""target"":""demand"",""magnitude"":0.21472711851440757,""start_week"":9,""duration_weeks"":4,""recovery_weeks"":1},{""target"":""demand"",""magnitude"":0.12717866774578868,""start_week"":11,""duration_weeks"":5,""recovery_weeks"":1}]"
A,314,124,Supplier-cluster shock,False,,False,Non-failure,Unclassified,Unclassified,2,0.8819721133175199,298.17495797978575,True,False,False,False,False,"[{""target"":""T2P"",""magnitude"":0.36590003564153895,""start_week"":33,""duration_weeks"":1,""recovery_weeks"":4},{""target"":""demand"",""magnitude"":0.16869690231692913,""start_week"":42,""duration_weeks"":1,""recovery_weeks"":4}]"
A,314,125,Supplier-cluster shock,False,,False,Non-failure,Unclassified,Unclassified,3,0.9140296208345325,251.06671337280784,True,False,True,False,True,"[{""target"":""T2P"",""magnitude"":0.3095096438965582,""start_week"":23,""duration_weeks"":1,""recovery_weeks"":4},{""target"":""S1C"",""magnitude"":0.43358944868261096,""start_week"":27,""duration_weeks"":6,""recovery_weeks"":2},{""target"":""S1A"",""magnitude"":0.32983314248015305,""start_week"":39,""duration_weeks"":1,""recovery_weeks"":4}]"
A,314,126,Supplier-cluster shock,True,True,False,Structural,Hidden convergent dependency; Compounding moderate disturbance,Hidden convergent dependency,5,0.8228713304573079,638.9280812333561,True,False,True,False,True,"[{""target"":""demand"",""magnitude"":0.11378899488292904,""start_week"":5,""duration_weeks"":9,""recovery_weeks"":2},{""target"":""S1C"",""magnitude"":0.38120730846030393,""start_week"":7,""duration_weeks"":13,""recovery_weeks"":2},{""target"":""S1A"",""magnitude"":0.2101153208038264,""start_week"":10,""duration_weeks"":2,""recovery_weeks"":1},{""target"":""T2P"",""magnitude"":0.2594158025884229,""start_week"":16,""duration_weeks"":4,""recovery_weeks"":2},{""target"":""T2P"",""magnitude"":0.2268394351677872,""start_week"":24,""duration_weeks"":1,""recovery_weeks"":3}]"
A,314,127,Supplier-cluster shock,True,True,True,Structural,Concentrated dependency,Concentrated dependency,2,0.8428170982225094,879.8861282982557,False,True,False,False,False,"[{""target"":""corridor"",""magnitude"":0.3678871763331179,""start_week"":20,""duration_weeks"":5,""recovery_weeks"":4},{""target"":""demand"",""magnitude"":0.08249992040887347,""start_week"":32,""duration_weeks"":1,""recovery_weeks"":2}]"
A,314,128,Supplier-cluster shock,False,,False,Non-failure,Unclassified,Unclassified,0,1.0,0.0,False,False,False,False,False,[]
A,314,129,Supplier-cluster shock,True,True,True,Structural,Hidden convergent dependency; Compounding moderate disturbance,Hidden convergent dependency,7,0.6417187420407403,1473.3163452592967,True,True,False,False,False,"[{""target"":""T2P"",""magnitude"":0.3273014628758171,""start_week"":2,""duration_weeks"":2,""recovery_weeks"":1},{""target"":""demand"",""magnitude"":0.164751424666069,""start_week"":5,""duration_weeks"":3,""recovery_weeks"":1},{""target"":""corridor"",""magnitude"":0.3407808202904542,""start_week"":12,""duration_weeks"":10,""recovery_weeks"":2},{""target"":""T2P"",""magnitude"":0.23210368915395357,""start_week"":15,""duration_weeks"":1,""recovery_weeks"":1},{""target"":""corridor"",""magnitude"":0.42716316579906877,""start_week"":29,""duration_weeks"":2,""recovery_weeks"":2},{""target"":""corridor"",""magnitude"":0.27284278625332165,""start_week"":48,""duration_weeks"":7,""recovery_weeks"":3},{""target"":""T2P"",""magnitude"":0.48329479508209916,""start_week"":51,""duration_weeks"":3,""recovery_weeks"":3}]"
A,314,130,Supplier-cluster shock,False,,False,Non-failure,Unclassified,Unclassified,3,0.933608299581895,112.92029242927833,False,False,True,True,True,"[{""target"":""S1C"",""magnitude"":0.33482139440409353,""start_week"":30,""duration_weeks"":7,""recovery_weeks"":1},{""target"":""S1B"",""magnitude"":0.3008353689506249,""start_week"":42,""duration_weeks"":2,""recovery_weeks"":3},{""target"":""S1A"",""magnitude"":0.36625347787980833,""start_week"":44,""duration_weeks"":9,""recovery_weeks"":1}]"
A,314,131,Supplier-cluster shock,True,False,False,Adaptation-limited,Concentrated dependency,Concentrated dependency,2,0.7967816117908922,793.7391502561686,False,False,False,False,False,"[{""target"":""demand"",""magnitude"":0.25504904380554466,""start_week"":1,""duration_weeks"":6,""recovery_weeks"":4},{""target"":""demand"",""magnitude"":0.1677396908245136,""start_week"":32,""duration_weeks"":3,""recovery_weeks"":2}]"
A,314,132,Supplier-cluster shock,False,,False,Non-failure,Unclassified,Unclassified,1,0.9842439678647429,28.36085784346278,False,False,False,True,False,"[{""target"":""S1B"",""magnitude"":0.2854510723043283,""start_week"":11,""duration_weeks"":1,""recovery_weeks"":3}]"
A,314,133,Supplier-cluster shock,True,True,False,Structural,Concentrated dependency,Concentrated dependency,4,0.8665481262192318,375.40007401009257,True,True,False,True,False,"[{""target"":""corridor"",""magnitude"":0.35008890533557624,""start_week"":3,""duration_weeks"":2,""recovery_weeks"":4},{""target"":""S1B"",""magnitude"":0.28371352465273747,""start_week"":7,""duration_weeks"":1,""recovery_weeks"":4},{""target"":""T2P"",""magnitude"":0.3351694368446231,""start_week"":35,""duration_weeks"":1,""recovery_weeks"":3},{""target"":""demand"",""magnitude"":0.09263625738978884,""start_week"":49,""duration_weeks"":3,""recovery_weeks"":2}]"
A,314,134,Supplier-cluster shock,False,,False,Non-failure,Unclassified,Unclassified,2,0.9769432982819798,24.08694006875669,False,False,True,False,True,"[{""target"":""S1A"",""magnitude"":0.2717689037795995,""start_week"":26,""duration_weeks"":4,""recovery_weeks"":3},{""target"":""S1C"",""magnitude"":0.3018775788655455,""start_week"":49,""duration_weeks"":1,""recovery_weeks"":1}]"
A,314,135,Supplier-cluster shock,True,False,False,Adaptation-limited,Concentrated dependency,Concentrated dependency,2,0.7319815354427823,482.4332362029918,False,True,False,False,True,"[{""target"":""corridor"",""magnitude"":0.45101384841791325,""start_week"":10,""duration_weeks"":1,""recovery_weeks"":2},{""target"":""S1C"",""magnitude"":0.24892117658951884,""start_week"":45,""duration_weeks"":1,""recovery_weeks"":1}]"
A,314,136,Supplier-cluster shock,True,True,False,Structural,Concentrated dependency,Concentrated dependency,3,0.8612260489548081,268.46552883685,True,True,True,False,False,"[{""target"":""corridor"",""magnitude"":0.35408046328389386,""start_week"":16,""duration_weeks"":1,""recovery_weeks"":4},{""target"":""T2P"",""magnitude"":0.3384171448189061,""start_week"":46,""duration_weeks"":10,""recovery_weeks"":4},{""target"":""S1A"",""magnitude"":0.24243102499808672,""start_week"":48,""duration_weeks"":1,""recovery_weeks"":2}]"
A,314,137,Supplier-cluster shock,True,False,False,Adaptation-limited,Concentrated dependency,Concentrated dependency,4,0.7918108260909998,374.74051303620035,False,True,False,False,False,"[{""target"":""corridor"",""magnitude"":0.2001246174990586,""start_week"":3,""duration_weeks"":2,""recovery_weeks"":1},{""target"":""corridor"",""magnitude"":0.40614188043175015,""start_week"":8,""duration_weeks"":1,""recovery_weeks"":1},{""target"":""demand"",""magnitude"":0.13934707602978164,""start_week"":30,""duration_weeks"":3,""recovery_weeks"":4},{""target"":""demand"",""magnitude"":0.06728352604566612,""start_week"":34,""duration_weeks"":4,""recovery_weeks"":3}]"
A,314,138,Supplier-cluster shock,False,,False,Non-failure,Unclassified,Unclassified,3,0.9200650224851772,157.8310285339188,False,False,True,True,True,"[{""target"":""S1A"",""magnitude"":0.3023052587771413,""start_week"":1,""duration_weeks"":1,""recovery_weeks"":1},{""target"":""S1C"",""magnitude"":0.4298536994083514,""start_week"":14,""duration_weeks"":5,""recovery_weeks"":3},{""target"":""S1B"",""magnitude"":0.28593794206013684,""start_week"":29,""duration_weeks"":1,""recovery_weeks"":4}]"
A,314,139,Supplier-cluster shock,False,,False,Non-failure,Unclassified,Unclassified,0,1.0,0.0,False,False,False,False,False,[]
A,314,140,Supplier-cluster shock,False,,False,Non-failure,Unclassified,Unclassified,2,0.9246554067914303,150.9336848230805,False,False,True,False,True,"[{""target"":""S1C"",""magnitude"":0.27733735343093413,""start_week"":3,""duration_weeks"":1,""recovery_weeks"":4},{""target"":""S1A"",""magnitude"":0.41952533471928166,""start_week"":47,""duration_weeks"":3,""recovery_weeks"":2}]"
A,314,141,Supplier-cluster shock,False,,False,Non-failure,Unclassified,Unclassified,3,0.9353842148695808,62.17146461626544,False,False,True,True,False,"[{""target"":""demand"",""magnitude"":0.06907940512918365,""start_week"":27,""duration_weeks"":8,""recovery_weeks"":4},{""target"":""S1A"",""magnitude"":0.2571022224580799,""start_week"":49,""duration_weeks"":1,""recovery_weeks"":4},{""target"":""S1B"",""magnitude"":0.2879563736405465,""start_week"":51,""duration_weeks"":2,""recovery_weeks"":1}]"
A,314,142,Supplier-cluster shock,False,,False,Non-failure,Unclassified,Unclassified,5,0.9002719998479584,111.30822095064207,True,False,True,True,False,"[{""target"":""demand"",""magnitude"":0.05822768219546041,""start_week"":7,""duration_weeks"":5,""recovery_weeks"":3},{""target"":""demand"",""magnitude"":0.17189446686401383,""start_week"":10,""duration_weeks"":1,""recovery_weeks"":3},{""target"":""T2P"",""magnitude"":0.2799607988924393,""start_week"":23,""duration_weeks"":1,""recovery_weeks"":4},{""target"":""S1B"",""magnitude"":0.22791342280129587,""start_week"":41,""duration_weeks"":1,""recovery_weeks"":2},{""target"":""S1A"",""magnitude"":0.29225473287318243,""start_week"":47,""duration_weeks"":10,""recovery_weeks"":2}]"
A,314,143,Supplier-cluster shock,False,,False,Non-failure,Unclassified,Unclassified,3,0.9118495892980617,218.94130665463217,False,True,True,True,False,"[{""target"":""corridor"",""magnitude"":0.31611280802645364,""start_week"":7,""duration_weeks"":1,""recovery_weeks"":1},{""target"":""S1A"",""magnitude"":0.5506927794421308,""start_week"":10,""duration_weeks"":2,""recovery_weeks"":3},{""target"":""S1B"",""magnitude"":0.5209943423857181,""start_week"":46,""duration_weeks"":1,""recovery_weeks"":3}]"
A,314,144,Supplier-cluster shock,False,,False,Non-failure,Unclassified,Unclassified,2,0.8904088532032213,110.7716211067252,True,False,False,False,False,"[{""target"":""demand"",""magnitude"":0.12307957900747227,""start_week"":31,""duration_weeks"":4,""recovery_weeks"":1},{""target"":""T2P"",""magnitude"":0.34207790303250046,""start_week"":50,""duration_weeks"":5,""recovery_weeks"":4}]"
A,314,145,Supplier-cluster shock,True,True,True,Structural,Concentrated dependency,Concentrated dependency,3,0.8090530893999921,1085.002481895048,False,True,True,False,False,"[{""target"":""corridor"",""magnitude"":0.393210182950006,""start_week"":15,""duration_weeks"":5,""recovery_weeks"":4},{""target"":""corridor"",""magnitude"":0.26731014594951086,""start_week"":26,""duration_weeks"":1,""recovery_weeks"":1},{""target"":""S1A"",""magnitude"":0.3155771188265105,""start_week"":36,""duration_weeks"":1,""recovery_weeks"":3}]"
A,314,146,Supplier-cluster shock,True,False,False,Adaptation-limited,Concentrated dependency,Concentrated dependency,7,0.729686285238832,486.56468657010237,False,True,True,True,True,"[{""target"":""corridor"",""magnitude"":0.452735286070876,""start_week"":8,""duration_weeks"":1,""recovery_weeks"":1},{""target"":""demand"",""magnitude"":0.05956177032224065,""start_week"":12,""duration_weeks"":4,""recovery_weeks"":3},{""target"":""S1C"",""magnitude"":0.34239812699780536,""start_week"":21,""duration_weeks"":2,""recovery_weeks"":4},{""target"":""S1B"",""magnitude"":0.2915326457919404,""start_week"":22,""duration_weeks"":4,""recovery_weeks"":4},{""target"":""S1A"",""magnitude"":0.41036042292414854,""start_week"":24,""duration_weeks"":5,""recovery_weeks"":1},{""target"":""demand"",""magnitude"":0.09902842028349626,""start_week"":46,""duration_weeks"":1,""recovery_weeks"":1},{""target"":""corridor"",""magnitude"":0.36438997781294064,""start_week"":50,""duration_weeks"":5,""recovery_weeks"":3}]"
A,314,147,Supplier-cluster shock,True,True,True,Structural,Concentrated dependency,Concentrated dependency,2,0.8176217967709802,820.701914530589,False,True,False,False,False,"[{""target"":""corridor"",""magnitude"":0.23340689308625734,""start_week"":8,""duration_weeks"":5,""recovery_weeks"":2},{""target"":""corridor"",""magnitude"":0.3867836524217648,""start_week"":29,""duration_weeks"":4,""recovery_weeks"":2}]"
A,314,148,Supplier-cluster shock,True,True,True,Structural,Concentrated dependency; Propagation-amplified cascade,Propagation-amplified cascade,6,0.38969906575372026,2912.9590163478415,True,True,True,False,True,"[{""target"":""S1A"",""magnitude"":0.2678490834372178,""start_week"":1,""duration_weeks"":1,""recovery_weeks"":3},{""target"":""S1C"",""magnitude"":0.5597152448684378,""start_week"":5,""duration_weeks"":1,""recovery_weeks"":3},{""target"":""T2P"",""magnitude"":0.43250392460132847,""start_week"":6,""duration_weeks"":4,""recovery_weeks"":1},{""target"":""S1A"",""magnitude"":0.3834782254032666,""start_week"":9,""duration_weeks"":6,""recovery_weeks"":1},{""target"":""corridor"",""magnitude"":0.7077257006847097,""start_week"":32,""duration_weeks"":4,""recovery_weeks"":3},{""target"":""T2P"",""magnitude"":0.27014191577574787,""start_week"":45,""duration_weeks"":4,""recovery_weeks"":4}]"
A,314,149,Supplier-cluster shock,True,True,True,Structural,Concentrated dependency,Concentrated dependency,4,0.5270546916566855,1762.4255869904837,True,True,False,False,False,"[{""target"":""corridor"",""magnitude"":0.19457672388405478,""start_week"":34,""duration_weeks"":8,""recovery_weeks"":2},{""target"":""T2P"",""magnitude"":0.4254426576992245,""start_week"":35,""duration_weeks"":3,""recovery_weeks"":1},{""target"":""demand"",""magnitude"":0.21125389282504026,""start_week"":40,""duration_weeks"":1,""recovery_weeks"":4},{""target"":""T2P"",""magnitude"":0.4317350645982365,""start_week"":45,""duration_weeks"":4,""recovery_weeks"":3}]"
A,314,150,Supplier-cluster shock,True,True,True,Structural,Concentrated dependency,Concentrated dependency,5,0.47727012106827615,1682.9552515106066,True,True,False,False,False,"[{""target"":""corridor"",""magnitude"":0.624108872845217,""start_week"":4,""duration_weeks"":2,""recovery_weeks"":4},{""target"":""corridor"",""magnitude"":0.28367401061439534,""start_week"":22,""duration_weeks"":1,""recovery_weeks"":4},{""target"":""T2P"",""magnitude"":0.35466421739739507,""start_week"":34,""duration_weeks"":1,""recovery_weeks"":2},{""target"":""corridor"",""magnitude"":0.32469679364337245,""start_week"":39,""duration_weeks"":4,""recovery_weeks"":1},{""target"":""corridor"",""magnitude"":0.4699379664840916,""start_week"":42,""duration_weeks"":2,""recovery_weeks"":4}]"
A,314,151,Supplier-cluster shock,True,False,False,Adaptation-limited,Hidden convergent dependency; Compounding moderate disturbance; Propagation-amplified cascade; Recovery lag and temporal overlap,Hidden convergent dependency,3,0.6844655552359076,409.8240927912773,True,True,False,False,False,"[{""target"":""demand"",""magnitude"":0.09534560675063494,""start_week"":4,""duration_weeks"":5,""recovery_weeks"":4},{""target"":""corridor"",""magnitude"":0.28432324834160116,""start_week"":26,""duration_weeks"":8,""recovery_weeks"":2},{""target"":""T2P"",""magnitude"":0.38398100028768334,""start_week"":34,""duration_weeks"":2,""recovery_weeks"":1}]"
A,314,152,Supplier-cluster shock,False,,False,Non-failure,Unclassified,Unclassified,1,0.880025247163663,122.69793156584535,False,False,False,False,False,"[{""target"":""demand"",""magnitude"":0.13633103507316144,""start_week"":18,""duration_weeks"":6,""recovery_weeks"":2}]"
A,314,153,Supplier-cluster shock,True,True,False,Structural,Concentrated dependency; Hidden convergent dependency; Propagation-amplified cascade,Hidden convergent dependency,4,0.7460609318600824,433.21075285432005,True,False,False,True,True,"[{""target"":""T2P"",""magnitude"":0.4380602151012344,""start_week"":8,""duration_weeks"":1,""recovery_weeks"":4},{""target"":""T2P"",""magnitude"":0.22567501391381234,""start_week"":25,""duration_weeks"":2,""recovery_weeks"":4},{""target"":""S1B"",""magnitude"":0.2007241873326862,""start_week"":42,""duration_weeks"":4,""recovery_weeks"":4},{""target"":""S1C"",""magnitude"":0.49687636545389846,""start_week"":43,""duration_weeks"":3,""recovery_weeks"":1}]"
A,314,154,Supplier-cluster shock,True,False,False,Adaptation-limited,Concentrated dependency; Hidden convergent dependency; Propagation-amplified cascade,Hidden convergent dependency,1,0.7509645411996816,520.6595646014332,True,False,False,False,False,"[{""target"":""T2P"",""magnitude"":0.3241319129202866,""start_week"":18,""duration_weeks"":4,""recovery_weeks"":1}]"
A,314,155,Supplier-cluster shock,True,True,False,Structural,Concentrated dependency,Concentrated dependency,2,0.8242010994651017,578.4589251786433,False,False,True,False,True,"[{""target"":""S1C"",""magnitude"":0.2947968387384875,""start_week"":13,""duration_weeks"":4,""recovery_weeks"":2},{""target"":""S1A"",""magnitude"":0.6156829670445295,""start_week"":15,""duration_weeks"":13,""recovery_weeks"":3}]"
A,314,156,Supplier-cluster shock,True,True,True,Structural,Concentrated dependency; Hidden convergent dependency; Propagation-amplified cascade,Hidden convergent dependency,5,0.45959898205256955,2305.243043736251,True,True,False,True,True,"[{""target"":""S1B"",""magnitude"":0.38315064354936235,""start_week"":4,""duration_weeks"":2,""recovery_weeks"":4},{""target"":""S1C"",""magnitude"":0.26003902148537644,""start_week"":9,""duration_weeks"":3,""recovery_weeks"":3},{""target"":""T2P"",""magnitude"":0.39893642780240557,""start_week"":24,""duration_weeks"":2,""recovery_weeks"":3},{""target"":""corridor"",""magnitude"":0.5124044138443887,""start_week"":36,""duration_weeks"":6,""recovery_weeks"":1},{""target"":""T2P"",""magnitude"":0.5863609161526874,""start_week"":46,""duration_weeks"":5,""recovery_weeks"":2}]"
A,314,157,Supplier-cluster shock,False,,False,Non-failure,Unclassified,Unclassified,3,0.9104695913036983,188.0138582622336,False,False,False,True,True,"[{""target"":""S1C"",""magnitude"":0.4514434195666789,""start_week"":15,""duration_weeks"":2,""recovery_weeks"":3},{""target"":""S1B"",""magnitude"":0.2936375429389326,""start_week"":28,""duration_weeks"":1,""recovery_weeks"":3},{""target"":""S1C"",""magnitude"":0.3316278288477065,""start_week"":39,""duration_weeks"":1,""recovery_weeks"":3}]"
A,314,158,Supplier-cluster shock,False,,False,Non-failure,Unclassified,Unclassified,3,1.0,0.0,True,False,True,False,True,"[{""target"":""T2P"",""magnitude"":0.2112047689452146,""start_week"":3,""duration_weeks"":2,""recovery_weeks"":4},{""target"":""S1A"",""magnitude"":0.24376440128016758,""start_week"":32,""duration_weeks"":1,""recovery_weeks"":3},{""target"":""S1C"",""magnitude"":0.279605656928692,""start_week"":51,""duration_weeks"":1,""recovery_weeks"":4}]"
A,314,159,Supplier-cluster shock,True,False,True,Adaptation-limited,Concentrated dependency,Concentrated dependency,3,0.822582910642926,1510.7575834069119,False,True,True,False,False,"[{""target"":""corridor"",""magnitude"":0.2915400300167198,""start_week"":18,""duration_weeks"":16,""recovery_weeks"":4},{""target"":""S1A"",""magnitude"":0.512933429763962,""start_week"":25,""duration_weeks"":1,""recovery_weeks"":2},{""target"":""demand"",""magnitude"":0.14835025270915975,""start_week"":31,""duration_weeks"":3,""recovery_weeks"":4}]"
A,314,160,Supplier-cluster shock,False,,False,Non-failure,Unclassified,Unclassified,4,0.9468659260782536,95.64133305914356,True,True,True,True,False,"[{""target"":""corridor"",""magnitude"":0.2898505554413098,""start_week"":11,""duration_weeks"":1,""recovery_weeks"":4},{""target"":""S1A"",""magnitude"":0.3055073800362726,""start_week"":23,""duration_weeks"":2,""recovery_weeks"":1},{""target"":""S1B"",""magnitude"":0.2086130245205533,""start_week"":34,""duration_weeks"":1,""recovery_weeks"":3},{""target"":""T2P"",""magnitude"":0.36721090427048075,""start_week"":47,""duration_weeks"":3,""recovery_weeks"":2}]"
A,314,161,Supplier-cluster shock,False,,False,Non-failure,Unclassified,Unclassified,1,1.0,0.0,False,False,False,False,True,"[{""target"":""S1C"",""magnitude"":0.17468938480084997,""start_week"":26,""duration_weeks"":4,""recovery_weeks"":4}]"
A,314,162,Supplier-cluster shock,False,,False,Non-failure,Unclassified,Unclassified,2,0.8707405649186106,133.60293095352063,True,False,False,False,False,"[{""target"":""demand"",""magnitude"":0.1484477010594672,""start_week"":5,""duration_weeks"":1,""recovery_weeks"":2},{""target"":""T2P"",""magnitude"":0.23010657505836765,""start_week"":41,""duration_weeks"":3,""recovery_weeks"":2}]"
A,314,163,Supplier-cluster shock,True,True,True,Structural,Concentrated dependency; Propagation-amplified cascade,Propagation-amplified cascade,3,0.6934512077148157,645.1638280206377,True,True,False,False,False,"[{""target"":""T2P"",""magnitude"":0.3115860122463933,""start_week"":27,""duration_weeks"":2,""recovery_weeks"":3},{""target"":""corridor"",""magnitude"":0.4799115942138882,""start_week"":32,""duration_weeks"":1,""recovery_weeks"":1},{""target"":""corridor"",""magnitude"":0.40410834393601647,""start_week"":45,""duration_weeks"":3,""recovery_weeks"":2}]"
A,314,164,Supplier-cluster shock,True,True,True,Structural,Concentrated dependency,Concentrated dependency,4,0.5500748962615294,3091.532697882223,True,True,False,False,False,"[{""target"":""corridor"",""magnitude"":0.4096526999290542,""start_week"":12,""duration_weeks"":13,""recovery_weeks"":3},{""target"":""demand"",""magnitude"":0.12115719972408591,""start_week"":17,""duration_weeks"":2,""recovery_weeks"":2},{""target"":""T2P"",""magnitude"":0.4629947342706431,""start_week"":18,""duration_weeks"":3,""recovery_weeks"":1},{""target"":""T2P"",""magnitude"":0.5049325933646236,""start_week"":36,""duration_weeks"":1,""recovery_weeks"":3}]"
A,314,165,Supplier-cluster shock,False,,False,Non-failure,Unclassified,Unclassified,3,0.8723573619184243,305.12620328237904,False,False,True,False,True,"[{""target"":""S1A"",""magnitude"":0.3062226157355226,""start_week"":18,""duration_weeks"":2,""recovery_weeks"":2},{""target"":""S1C"",""magnitude"":0.5371959356835454,""start_week"":30,""duration_weeks"":9,""recovery_weeks"":4},{""target"":""S1A"",""magnitude"":0.34863413649631647,""start_week"":39,""duration_weeks"":9,""recovery_weeks"":1}]"
A,314,166,Supplier-cluster shock,False,,False,Non-failure,Unclassified,Unclassified,1,1.0,0.0,False,True,False,False,False,"[{""target"":""corridor"",""magnitude"":0.1664039353283119,""start_week"":23,""duration_weeks"":4,""recovery_weeks"":2}]"
A,314,167,Supplier-cluster shock,False,,False,Non-failure,Unclassified,Unclassified,2,0.9364233021161336,61.10380633008174,True,False,False,False,False,"[{""target"":""demand"",""magnitude"":0.06789311814453536,""start_week"":24,""duration_weeks"":4,""recovery_weeks"":3},{""target"":""T2P"",""magnitude"":0.2343170557485625,""start_week"":48,""duration_weeks"":1,""recovery_weeks"":3}]"
A,314,168,Supplier-cluster shock,True,True,False,Structural,Concentrated dependency; Hidden convergent dependency,Hidden convergent dependency,2,0.8137226600557806,334.5620074372466,True,False,False,False,False,"[{""target"":""demand"",""magnitude"":0.17211312693993147,""start_week"":21,""duration_weeks"":8,""recovery_weeks"":1},{""target"":""T2P"",""magnitude"":0.5338248029748986,""start_week"":39,""duration_weeks"":1,""recovery_weeks"":2}]"
A,314,169,Supplier-cluster shock,True,True,True,Structural,Concentrated dependency; Hidden convergent dependency,Hidden convergent dependency,4,0.5793700405860721,3801.1790829366296,True,False,False,False,False,"[{""target"":""T2P"",""magnitude"":0.3121329461396334,""start_week"":2,""duration_weeks"":2,""recovery_weeks"":4},{""target"":""demand"",""magnitude"":0.20965195667283276,""start_week"":4,""duration_weeks"":1,""recovery_weeks"":1},{""target"":""T2P"",""magnitude"":0.31918939963013,""start_week"":5,""duration_weeks"":13,""recovery_weeks"":1},{""target"":""T2P"",""magnitude"":0.26533707716041094,""start_week"":50,""duration_weeks"":2,""recovery_weeks"":3}]"
A,314,170,Supplier-cluster shock,False,,False,Non-failure,Unclassified,Unclassified,1,0.7874139234015839,242.98207493214068,False,False,False,False,False,"[{""target"":""demand"",""magnitude"":0.2699800832579341,""start_week"":50,""duration_weeks"":2,""recovery_weeks"":3}]"
A,314,171,Supplier-cluster shock,False,,False,Non-failure,Unclassified,Unclassified,2,0.9032688795322432,435.2900421049054,False,True,False,False,False,"[{""target"":""corridor"",""magnitude"":0.3225483403508176,""start_week"":23,""duration_weeks"":4,""recovery_weeks"":3},{""target"":""demand"",""magnitude"":0.22477277199444073,""start_week"":42,""duration_weeks"":4,""recovery_weeks"":1}]"
A,314,172,Supplier-cluster shock,False,,False,Non-failure,Unclassified,Unclassified,5,0.9191903924237877,188.526140540494,False,False,True,True,True,"[{""target"":""S1C"",""magnitude"":0.27420674265423084,""start_week"":10,""duration_weeks"":6,""recovery_weeks"":1},{""target"":""S1B"",""magnitude"":0.26165185237823146,""start_week"":15,""duration_weeks"":3,""recovery_weeks"":2},{""target"":""S1A"",""magnitude"":0.23930777846804036,""start_week"":27,""duration_weeks"":2,""recovery_weeks"":2},{""target"":""S1B"",""magnitude"":0.4318216170464776,""start_week"":28,""duration_weeks"":16,""recovery_weeks"":3},{""target"":""S1C"",""magnitude"":0.2578702125754633,""start_week"":43,""duration_weeks"":4,""recovery_weeks"":2}]"
A,314,173,Supplier-cluster shock,False,,False,Non-failure,Unclassified,Unclassified,2,0.8552787057007474,130.2491648693274,False,True,False,False,False,"[{""target"":""demand"",""magnitude"":0.07967993186134276,""start_week"":10,""duration_weeks"":2,""recovery_weeks"":2},{""target"":""corridor"",""magnitude"":0.3640304342582269,""start_week"":22,""duration_weeks"":1,""recovery_weeks"":3}]"
A,314,174,Supplier-cluster shock,True,True,False,Structural,Concentrated dependency,Concentrated dependency,2,0.8948532805080928,220.80811093300508,False,False,False,True,True,"[{""target"":""S1C"",""magnitude"":0.23457315512904953,""start_week"":45,""duration_weeks"":2,""recovery_weeks"":1},{""target"":""S1B"",""magnitude"":0.4865801188567911,""start_week"":46,""duration_weeks"":2,""recovery_weeks"":1}]"
A,314,175,Supplier-cluster shock,False,,False,Non-failure,Unclassified,Unclassified,2,0.8466489190633689,163.01440861183914,False,True,False,False,False,"[{""target"":""demand"",""magnitude"":0.18112712067982129,""start_week"":33,""duration_weeks"":1,""recovery_weeks"":2},{""target"":""corridor"",""magnitude"":0.21935284584430784,""start_week"":36,""duration_weeks"":1,""recovery_weeks"":4}]"
A,314,176,Supplier-cluster shock,True,False,True,Adaptation-limited,Concentrated dependency; Hidden convergent dependency; Propagation-amplified cascade,Hidden convergent dependency,1,0.7082773472396587,794.0271311636893,True,False,False,False,False,"[{""target"":""T2P"",""magnitude"":0.3625503874843072,""start_week"":26,""duration_weeks"":4,""recovery_weeks"":2}]"
A,314,177,Supplier-cluster shock,True,True,True,Structural,Concentrated dependency; Propagation-amplified cascade,Propagation-amplified cascade,2,0.8097259231391346,738.4216785801989,True,True,False,False,False,"[{""target"":""T2P"",""magnitude"":0.3124134472880541,""start_week"":32,""duration_weeks"":1,""recovery_weeks"":2},{""target"":""corridor"",""magnitude"":0.39270555764564896,""start_week"":37,""duration_weeks"":3,""recovery_weeks"":4}]"
A,314,178,Supplier-cluster shock,True,True,True,Structural,Concentrated dependency; Propagation-amplified cascade,Propagation-amplified cascade,5,0.5066650250648302,5616.0206841831405,True,False,True,True,True,"[{""target"":""T2P"",""magnitude"":0.5440014774416528,""start_week"":6,""duration_weeks"":13,""recovery_weeks"":1},{""target"":""S1A"",""magnitude"":0.6570117463912992,""start_week"":8,""duration_weeks"":3,""recovery_weeks"":3},{""target"":""S1B"",""magnitude"":0.28127995158012614,""start_week"":19,""duration_weeks"":3,""recovery_weeks"":4},{""target"":""S1C"",""magnitude"":0.4511092659251076,""start_week"":27,""duration_weeks"":4,""recovery_weeks"":4},{""target"":""S1B"",""magnitude"":0.2376806595874237,""start_week"":36,""duration_weeks"":2,""recovery_weeks"":3}]"
A,314,179,Supplier-cluster shock,True,True,False,Structural,Concentrated dependency,Concentrated dependency,3,0.8477849152569604,256.946141889777,False,False,True,True,True,"[{""target"":""S1C"",""magnitude"":0.5372255599642024,""start_week"":8,""duration_weeks"":1,""recovery_weeks"":4},{""target"":""S1A"",""magnitude"":0.44263080208583117,""start_week"":32,""duration_weeks"":1,""recovery_weeks"":3},{""target"":""S1B"",""magnitude"":0.5924839406718391,""start_week"":47,""duration_weeks"":1,""recovery_weeks"":4}]"
A,314,180,Supplier-cluster shock,True,True,True,Structural,Concentrated dependency; Propagation-amplified cascade,Propagation-amplified cascade,3,0.8453965852354749,1181.644964558708,True,True,False,False,False,"[{""target"":""T2P"",""magnitude"":0.3087301429310719,""start_week"":21,""duration_weeks"":1,""recovery_weeks"":3},{""target"":""demand"",""magnitude"":0.09927346258484214,""start_week"":24,""duration_weeks"":2,""recovery_weeks"":1},{""target"":""corridor"",""magnitude"":0.3659525610733938,""start_week"":32,""duration_weeks"":8,""recovery_weeks"":4}]"
A,314,181,Supplier-cluster shock,False,,False,Non-failure,Unclassified,Unclassified,3,0.9377219895214343,130.78382200498822,False,False,True,True,True,"[{""target"":""S1B"",""magnitude"":0.39012552357677305,""start_week"":2,""duration_weeks"":2,""recovery_weeks"":2},{""target"":""S1A"",""magnitude"":0.1837992899808047,""start_week"":19,""duration_weeks"":2,""recovery_weeks"":3},{""target"":""S1C"",""magnitude"":0.3088828287424451,""start_week"":22,""duration_weeks"":10,""recovery_weeks"":2}]"
A,314,182,Supplier-cluster shock,True,True,True,Structural,Compounding moderate disturbance,Compounding moderate disturbance,3,0.8051251418407153,1435.206629433284,True,True,False,False,False,"[{""target"":""corridor"",""magnitude"":0.2678388121466725,""start_week"":8,""duration_weeks"":7,""recovery_weeks"":3},{""target"":""demand"",""magnitude"":0.18828202654299642,""start_week"":11,""duration_weeks"":1,""recovery_weeks"":2},{""target"":""T2P"",""magnitude"":0.2753873723433562,""start_week"":34,""duration_weeks"":11,""recovery_weeks"":2}]"
A,314,183,Supplier-cluster shock,False,,False,Non-failure,Unclassified,Unclassified,2,0.9612220803252566,81.43363131696128,False,False,True,True,False,"[{""target"":""S1A"",""magnitude"":0.1934683618914424,""start_week"":3,""duration_weeks"":4,""recovery_weeks"":1},{""target"":""S1B"",""magnitude"":0.3372503192681728,""start_week"":29,""duration_weeks"":3,""recovery_weeks"":2}]"
A,314,184,Supplier-cluster shock,False,,False,Non-failure,Unclassified,Unclassified,3,0.9003144526563728,117.698278837222,False,False,True,True,True,"[{""target"":""S1A"",""magnitude"":0.39712284854652746,""start_week"":10,""duration_weeks"":1,""recovery_weeks"":2},{""target"":""S1C"",""magnitude"":0.3114062366846685,""start_week"":24,""duration_weeks"":3,""recovery_weeks"":3},{""target"":""S1B"",""magnitude"":0.4171597342811053,""start_week"":25,""duration_weeks"":1,""recovery_weeks"":2}]"
A,314,185,Supplier-cluster shock,False,,False,Non-failure,Unclassified,Unclassified,0,1.0,0.0,False,False,False,False,False,[]
A,314,186,Supplier-cluster shock,False,,False,Non-failure,Unclassified,Unclassified,2,0.843359681622867,169.90495452226355,True,False,False,False,False,"[{""target"":""demand"",""magnitude"":0.1857337050731569,""start_week"":14,""duration_weeks"":2,""recovery_weeks"":1},{""target"":""T2P"",""magnitude"":0.48109784798256894,""start_week"":41,""duration_weeks"":1,""recovery_weeks"":2}]"
A,314,187,Supplier-cluster shock,False,,False,Non-failure,Unclassified,Unclassified,2,0.9404357785368413,57.00314741347631,False,True,False,False,False,"[{""target"":""demand"",""magnitude"":0.0633368304594179,""start_week"":25,""duration_weeks"":3,""recovery_weeks"":3},{""target"":""corridor"",""magnitude"":0.21143424033791086,""start_week"":34,""duration_weeks"":3,""recovery_weeks"":3}]"
A,314,188,Supplier-cluster shock,False,,False,Non-failure,Unclassified,Unclassified,2,1.0,0.0,True,False,False,False,False,"[{""target"":""T2P"",""magnitude"":0.19202198724804126,""start_week"":15,""duration_weeks"":4,""recovery_weeks"":1},{""target"":""T2P"",""magnitude"":0.39624126577825325,""start_week"":50,""duration_weeks"":6,""recovery_weeks"":4}]"
A,314,189,Supplier-cluster shock,False,,False,Non-failure,Unclassified,Unclassified,5,0.8890140122943972,202.15604733673263,True,True,True,True,True,"[{""target"":""corridor"",""magnitude"":0.27403083410554796,""start_week"":16,""duration_weeks"":4,""recovery_weeks"":4},{""target"":""T2P"",""magnitude"":0.24181492672135227,""start_week"":23,""duration_weeks"":4,""recovery_weeks"":4},{""target"":""S1B"",""magnitude"":0.2782686766727128,""start_week"":33,""duration_weeks"":2,""recovery_weeks"":2},{""target"":""S1C"",""magnitude"":0.2631534519831655,""start_week"":36,""duration_weeks"":6,""recovery_weeks"":3},{""target"":""S1A"",""magnitude"":0.2925239090535343,""start_week"":50,""duration_weeks"":2,""recovery_weeks"":3}]"
A,314,190,Supplier-cluster shock,False,,False,Non-failure,Unclassified,Unclassified,3,0.893316736104743,107.4814045513117,False,False,False,True,False,"[{""target"":""demand"",""magnitude"":0.11942378283479087,""start_week"":3,""duration_weeks"":10,""recovery_weeks"":2},{""target"":""S1B"",""magnitude"":0.21815028699923122,""start_week"":22,""duration_weeks"":1,""recovery_weeks"":1},{""target"":""demand"",""magnitude"":0.109478709986769,""start_week"":47,""duration_weeks"":3,""recovery_weeks"":1}]"
A,314,191,Supplier-cluster shock,False,,False,Non-failure,Unclassified,Unclassified,1,0.9287140035862425,69.08197413265782,False,False,False,False,False,"[{""target"":""demand"",""magnitude"":0.07675774903628634,""start_week"":28,""duration_weeks"":1,""recovery_weeks"":4}]"
A,314,192,Supplier-cluster shock,True,True,True,Structural,Concentrated dependency,Concentrated dependency,4,0.6747384310720282,981.0354143205607,True,True,False,False,False,"[{""target"":""corridor"",""magnitude"":0.4089757962236118,""start_week"":8,""duration_weeks"":4,""recovery_weeks"":3},{""target"":""T2P"",""magnitude"":0.1920957252673918,""start_week"":18,""duration_weeks"":1,""recovery_weeks"":3},{""target"":""T2P"",""magnitude"":0.5236472160468997,""start_week"":36,""duration_weeks"":1,""recovery_weeks"":4},{""target"":""demand"",""magnitude"":0.11286775744059546,""start_week"":51,""duration_weeks"":1,""recovery_weeks"":3}]"
A,314,193,Supplier-cluster shock,False,,False,Non-failure,Unclassified,Unclassified,4,0.8860803859350525,115.70920007472978,False,False,False,True,True,"[{""target"":""demand"",""magnitude"":0.12856577786081091,""start_week"":10,""duration_weeks"":3,""recovery_weeks"":1},{""target"":""S1C"",""magnitude"":0.40220934489836024,""start_week"":18,""duration_weeks"":4,""recovery_weeks"":3},{""target"":""S1B"",""magnitude"":0.24145154709548156,""start_week"":24,""duration_weeks"":3,""recovery_weeks"":2},{""target"":""S1C"",""magnitude"":0.24197846517232074,""start_week"":31,""duration_weeks"":3,""recovery_weeks"":1}]"
A,314,194,Supplier-cluster shock,True,True,False,Structural,Concentrated dependency,Concentrated dependency,2,0.8687516943692722,274.1996328583176,False,False,True,False,True,"[{""target"":""S1A"",""magnitude"":0.4268666823595453,""start_week"":6,""duration_weeks"":1,""recovery_weeks"":4},{""target"":""S1C"",""magnitude"":0.5453086876691375,""start_week"":30,""duration_weeks"":4,""recovery_weeks"":1}]"
A,314,195,Supplier-cluster shock,False,,False,Non-failure,Unclassified,Unclassified,1,0.8537727904944177,154.14462725945214,False,False,False,False,False,"[{""target"":""demand"",""magnitude"":0.17127180806605763,""start_week"":17,""duration_weeks"":1,""recovery_weeks"":2}]"
A,314,196,Supplier-cluster shock,False,,False,Non-failure,Unclassified,Unclassified,0,1.0,0.0,False,False,False,False,False,[]
A,314,197,Supplier-cluster shock,False,,False,Non-failure,Unclassified,Unclassified,2,0.9662803028121794,70.8113640944232,False,True,False,True,False,"[{""target"":""corridor"",""magnitude"":0.20850956247348446,""start_week"":7,""duration_weeks"":1,""recovery_weeks"":3},{""target"":""S1B"",""magnitude"":0.32586931867259616,""start_week"":34,""duration_weeks"":5,""recovery_weeks"":1}]"
A,314,198,Supplier-cluster shock,True,True,True,Structural,Concentrated dependency; Hidden convergent dependency; Propagation-amplified cascade,Hidden convergent dependency,1,0.5745323992918597,831.6833625493053,True,False,False,False,False,"[{""target"":""T2P"",""magnitude"":0.4829208406373262,""start_week"":24,""duration_weeks"":2,""recovery_weeks"":3}]"
A,314,199,Supplier-cluster shock,True,False,True,Adaptation-limited,Concentrated dependency,Concentrated dependency,3,0.6980005328257463,950.8213047317596,False,True,True,False,True,"[{""target"":""S1C"",""magnitude"":0.3248601590984867,""start_week"":17,""duration_weeks"":1,""recovery_weeks"":3},{""target"":""S1A"",""magnitude"":0.33307653787180347,""start_week"":23,""duration_weeks"":7,""recovery_weeks"":4},{""target"":""corridor"",""magnitude"":0.4764996003806904,""start_week"":25,""duration_weeks"":2,""recovery_weeks"":4}]"
A,314,200,Supplier-cluster shock,False,,False,Non-failure,Unclassified,Unclassified,2,0.9577651069749704,76.02280744505333,False,False,True,True,False,"[{""target"":""S1B"",""magnitude"":0.3450285093063168,""start_week"":3,""duration_weeks"":1,""recovery_weeks"":3},{""target"":""S1A"",""magnitude"":0.32257168116849516,""start_week"":49,""duration_weeks"":1,""recovery_weeks"":3}]"
A,314,201,Supplier-cluster shock,True,False,False,Adaptation-limited,Concentrated dependency; Hidden convergent dependency; Propagation-amplified cascade,Hidden convergent dependency,1,0.7019723198183442,557.0121047357056,True,False,False,False,False,"[{""target"":""T2P"",""magnitude"":0.3682249121634901,""start_week"":6,""duration_weeks"":3,""recovery_weeks"":2}]"
A,314,202,Supplier-cluster shock,False,,False,Non-failure,Unclassified,Unclassified,1,0.9385465388548977,129.05226840471482,False,False,False,True,False,"[{""target"":""S1B"",""magnitude"":0.3882702875764802,""start_week"":12,""duration_weeks"":3,""recovery_weeks"":2}]"
A,314,203,Supplier-cluster shock,False,,False,Non-failure,Unclassified,Unclassified,3,0.9859728462887644,29.457022793594888,False,False,True,True,True,"[{""target"":""S1C"",""magnitude"":0.21221015546687366,""start_week"":22,""duration_weeks"":5,""recovery_weeks"":1},{""target"":""S1B"",""magnitude"":0.2815610958502802,""start_week"":37,""duration_weeks"":5,""recovery_weeks"":2},{""target"":""S1A"",""magnitude"":0.2580020072755822,""start_week"":50,""duration_weeks"":1,""recovery_weeks"":1}]"
A,314,204,Supplier-cluster shock,True,False,False,Adaptation-limited,Concentrated dependency; Recovery lag and temporal overlap,Recovery lag and temporal overlap,2,0.7273800541722456,554.2878699866105,False,True,False,False,False,"[{""target"":""demand"",""magnitude"":0.14343649838610062,""start_week"":22,""duration_weeks"":1,""recovery_weeks"":3},{""target"":""corridor"",""magnitude"":0.45446495937081577,""start_week"":24,""duration_weeks"":1,""recovery_weeks"":3}]"
A,314,205,Supplier-cluster shock,False,,False,Non-failure,Unclassified,Unclassified,1,0.8317409571079393,182.0676705995163,False,False,False,False,False,"[{""target"":""demand"",""magnitude"":0.2022974117772402,""start_week"":25,""duration_weeks"":1,""recovery_weeks"":3}]"
A,314,206,Supplier-cluster shock,False,,False,Non-failure,Unclassified,Unclassified,4,0.9788488840288099,266.5040612369943,True,True,True,False,True,"[{""target"":""corridor"",""magnitude"":0.26586333697839243,""start_week"":14,""duration_weeks"":13,""recovery_weeks"":4},{""target"":""T2P"",""magnitude"":0.30584750031260044,""start_week"":17,""duration_weeks"":1,""recovery_weeks"":4},{""target"":""S1C"",""magnitude"":0.28154613894827213,""start_week"":36,""duration_weeks"":3,""recovery_weeks"":2},{""target"":""S1A"",""magnitude"":0.5443053438728185,""start_week"":50,""duration_weeks"":2,""recovery_weeks"":3}]"
A,314,207,Supplier-cluster shock,True,False,True,Adaptation-limited,Concentrated dependency,Concentrated dependency,2,0.5806215159018685,1001.6820659870345,False,True,False,False,False,"[{""target"":""corridor"",""magnitude"":0.5645338630735987,""start_week"":5,""duration_weeks"":1,""recovery_weeks"":4},{""target"":""demand"",""magnitude"":0.17818846069822009,""start_week"":22,""duration_weeks"":2,""recovery_weeks"":2}]"
A,314,208,Supplier-cluster shock,False,,False,Non-failure,Unclassified,Unclassified,2,1.0,0.0,True,True,False,False,False,"[{""target"":""corridor"",""magnitude"":0.23814498497524128,""start_week"":8,""duration_weeks"":2,""recovery_weeks"":1},{""target"":""T2P"",""magnitude"":0.1951446241036569,""start_week"":45,""duration_weeks"":1,""recovery_weeks"":4}]"
A,314,209,Supplier-cluster shock,False,,False,Non-failure,Unclassified,Unclassified,4,0.9201201838092898,78.13309156419928,False,True,False,False,False,"[{""target"":""demand"",""magnitude"":0.08681454618244357,""start_week"":8,""duration_weeks"":2,""recovery_weeks"":3},{""target"":""corridor"",""magnitude"":0.2333223943575953,""start_week"":13,""duration_weeks"":2,""recovery_weeks"":4},{""target"":""demand"",""magnitude"":0.09140217019096458,""start_week"":20,""duration_weeks"":3,""recovery_weeks"":2},{""target"":""demand"",""magnitude"":0.14754957189258525,""start_week"":24,""duration_weeks"":6,""recovery_weeks"":2}]"
A,314,210,Supplier-cluster shock,True,True,True,Structural,Concentrated dependency,Concentrated dependency,5,0.6276896073122109,2968.6600054231494,True,False,True,True,True,"[{""target"":""S1A"",""magnitude"":0.31238854061092375,""start_week"":2,""duration_weeks"":4,""recovery_weeks"":3},{""target"":""S1B"",""magnitude"":0.19322043782644222,""start_week"":11,""duration_weeks"":2,""recovery_weeks"":3},{""target"":""S1C"",""magnitude"":0.29963933925645986,""start_week"":20,""duration_weeks"":1,""recovery_weeks"":1},{""target"":""demand"",""magnitude"":0.25986222309221285,""start_week"":21,""duration_weeks"":12,""recovery_weeks"":2},{""target"":""T2P"",""magnitude"":0.2882778183277839,""start_week"":26,""duration_weeks"":4,""recovery_weeks"":1}]"
A,314,211,Supplier-cluster shock,False,,False,Non-failure,Unclassified,Unclassified,1,0.9142797619571983,462.8892854311292,False,True,False,False,False,"[{""target"":""corridor"",""magnitude"":0.3142901785321012,""start_week"":43,""duration_weeks"":5,""recovery_weeks"":4}]"
A,314,212,Supplier-cluster shock,True,True,False,Structural,Concentrated dependency,Concentrated dependency,3,0.8441272626221716,1382.951089765858,True,False,False,False,False,"[{""target"":""T2P"",""magnitude"":0.42638782448660184,""start_week"":3,""duration_weeks"":1,""recovery_weeks"":1},{""target"":""demand"",""magnitude"":0.25412323099445927,""start_week"":10,""duration_weeks"":10,""recovery_weeks"":2},{""target"":""demand"",""magnitude"":0.1830728535235301,""start_week"":39,""duration_weeks"":1,""recovery_weeks"":3}]"
A,314,213,Supplier-cluster shock,False,,False,Non-failure,Unclassified,Unclassified,2,0.8839419529431689,1595.63752118597,True,False,False,False,False,"[{""target"":""T2P"",""magnitude"":0.408904484702296,""start_week"":16,""duration_weeks"":1,""recovery_weeks"":2},{""target"":""demand"",""magnitude"":0.22324209304511156,""start_week"":30,""duration_weeks"":18,""recovery_weeks"":2}]"
A,314,214,Supplier-cluster shock,True,True,True,Structural,Concentrated dependency; Hidden convergent dependency; Propagation-amplified cascade,Hidden convergent dependency,1,0.7287865093774055,1094.668026312428,True,False,False,False,False,"[{""target"":""T2P"",""magnitude"":0.34409214156033485,""start_week"":3,""duration_weeks"":5,""recovery_weeks"":4}]"
A,314,215,Supplier-cluster shock,False,,False,Non-failure,Unclassified,Unclassified,1,1.0,0.0,False,False,False,False,True,"[{""target"":""S1C"",""magnitude"":0.22743383428969288,""start_week"":25,""duration_weeks"":6,""recovery_weeks"":3}]"
A,314,216,Supplier-cluster shock,False,,False,Non-failure,Unclassified,Unclassified,3,0.9487162683587996,48.650328888030344,False,False,True,True,False,"[{""target"":""demand"",""magnitude"":0.05405592098670031,""start_week"":5,""duration_weeks"":18,""recovery_weeks"":1},{""target"":""S1B"",""magnitude"":0.23332982133085423,""start_week"":23,""duration_weeks"":1,""recovery_weeks"":2},{""target"":""S1A"",""magnitude"":0.2259437500630535,""start_week"":28,""duration_weeks"":2,""recovery_weeks"":4}]"
A,314,217,Supplier-cluster shock,False,,False,Non-failure,Unclassified,Unclassified,1,0.9571224807389599,90.0427904481844,False,False,False,False,True,"[{""target"":""S1C"",""magnitude"":0.3464744183373405,""start_week"":40,""duration_weeks"":3,""recovery_weeks"":2}]"
A,314,218,Supplier-cluster shock,False,,False,Non-failure,Unclassified,Unclassified,1,1.0,0.0,False,True,False,False,False,"[{""target"":""corridor"",""magnitude"":0.22550005491631825,""start_week"":18,""duration_weeks"":2,""recovery_weeks"":2}]"
A,314,219,Supplier-cluster shock,False,,False,Non-failure,Unclassified,Unclassified,4,0.906633817757395,185.28027215033467,False,False,True,True,False,"[{""target"":""S1A"",""magnitude"":0.22814961529890615,""start_week"":36,""duration_weeks"":5,""recovery_weeks"":3},{""target"":""S1B"",""magnitude"":0.412339426280217,""start_week"":38,""duration_weeks"":5,""recovery_weeks"":2},{""target"":""S1A"",""magnitude"":0.4600739100458613,""start_week"":46,""duration_weeks"":3,""recovery_weeks"":4},{""target"":""S1B"",""magnitude"":0.19297540447100714,""start_week"":51,""duration_weeks"":2,""recovery_weeks"":4}]"
A,314,220,Supplier-cluster shock,False,,False,Non-failure,Unclassified,Unclassified,2,1.0,0.0,True,False,False,False,False,"[{""target"":""T2P"",""magnitude"":0.2809416412219562,""start_week"":29,""duration_weeks"":1,""recovery_weeks"":2},{""target"":""T2P"",""magnitude"":0.3042916968407345,""start_week"":50,""duration_weeks"":1,""recovery_weeks"":2}]"
A,314,221,Supplier-cluster shock,True,True,True,Structural,Concentrated dependency,Concentrated dependency,4,0.6230419638677384,2475.155236929511,True,True,False,False,False,"[{""target"":""corridor"",""magnitude"":0.36296202638645386,""start_week"":5,""duration_weeks"":1,""recovery_weeks"":3},{""target"":""T2P"",""magnitude"":0.37071553571316423,""start_week"":27,""duration_weeks"":7,""recovery_weeks"":3},{""target"":""demand"",""magnitude"":0.12224376666085407,""start_week"":32,""duration_weeks"":9,""recovery_weeks"":1},{""target"":""T2P"",""magnitude"":0.3137175317884026,""start_week"":51,""duration_weeks"":1,""recovery_weeks"":3}]"
A,314,222,Supplier-cluster shock,True,True,False,Structural,Concentrated dependency,Concentrated dependency,2,0.8629309531313922,246.724284363494,False,False,True,True,False,"[{""target"":""S1B"",""magnitude"":0.5584053554543674,""start_week"":11,""duration_weeks"":1,""recovery_weeks"":2},{""target"":""S1A"",""magnitude"":0.4238061850837451,""start_week"":28,""duration_weeks"":11,""recovery_weeks"":1}]"
A,314,223,Supplier-cluster shock,False,,False,Non-failure,Unclassified,Unclassified,1,1.0,0.0,True,False,False,False,False,"[{""target"":""T2P"",""magnitude"":0.2374934941227525,""start_week"":3,""duration_weeks"":3,""recovery_weeks"":1}]"
A,314,224,Supplier-cluster shock,True,True,False,Structural,Concentrated dependency; Propagation-amplified cascade,Propagation-amplified cascade,3,0.8644071041054715,244.06721261015127,True,True,False,False,False,"[{""target"":""T2P"",""magnitude"":0.2098490725212625,""start_week"":17,""duration_weeks"":1,""recovery_weeks"":1},{""target"":""T2P"",""magnitude"":0.26193136168271924,""start_week"":38,""duration_weeks"":1,""recovery_weeks"":1},{""target"":""corridor"",""magnitude"":0.3516946719208963,""start_week"":49,""duration_weeks"":1,""recovery_weeks"":3}]"
A,314,225,Supplier-cluster shock,True,True,False,Structural,Concentrated dependency; Recovery lag and temporal overlap,Recovery lag and temporal overlap,4,0.7564687385565629,1049.9254518846446,False,True,True,True,False,"[{""target"":""S1B"",""magnitude"":0.20336046242736727,""start_week"":3,""duration_weeks"":1,""recovery_weeks"":2},{""target"":""S1A"",""magnitude"":0.34577862053686964,""start_week"":7,""duration_weeks"":1,""recovery_weeks"":1},{""target"":""demand"",""magnitude"":0.2656593397801679,""start_week"":8,""duration_weeks"":7,""recovery_weeks"":4},{""target"":""corridor"",""magnitude"":0.23291189002167884,""start_week"":19,""duration_weeks"":4,""recovery_weeks"":2}]"
A,314,226,Supplier-cluster shock,False,,False,Non-failure,Unclassified,Unclassified,2,0.9690458374612002,55.71749256983958,False,False,False,True,True,"[{""target"":""S1C"",""magnitude"":0.3196468657122994,""start_week"":13,""duration_weeks"":1,""recovery_weeks"":1},{""target"":""S1B"",""magnitude"":0.1840089606989904,""start_week"":31,""duration_weeks"":5,""recovery_weeks"":2}]"
A,314,227,Supplier-cluster shock,True,True,False,Structural,Concentrated dependency; Hidden convergent dependency; Propagation-amplified cascade,Hidden convergent dependency,2,0.7905219912651476,342.6510393068354,True,True,False,False,False,"[{""target"":""T2P"",""magnitude"":0.28853020786136707,""start_week"":10,""duration_weeks"":4,""recovery_weeks"":1},{""target"":""corridor"",""magnitude"":0.1649000494349914,""start_week"":49,""duration_weeks"":2,""recovery_weeks"":2}]"
A,314,228,Supplier-cluster shock,True,True,True,Structural,Concentrated dependency,Concentrated dependency,2,0.6890784776496321,1578.9762206919863,False,True,False,False,False,"[{""target"":""demand"",""magnitude"":0.1893641869002653,""start_week"":3,""duration_weeks"":3,""recovery_weeks"":3},{""target"":""corridor"",""magnitude"":0.4831911417627759,""start_week"":25,""duration_weeks"":5,""recovery_weeks"":1}]"
A,314,229,Supplier-cluster shock,False,,False,Non-failure,Unclassified,Unclassified,6,0.8799087277086358,398.08409611165246,True,True,True,True,True,"[{""target"":""T2P"",""magnitude"":0.20021554934266875,""start_week"":10,""duration_weeks"":2,""recovery_weeks"":3},{""target"":""corridor"",""magnitude"":0.2540506556841161,""start_week"":11,""duration_weeks"":1,""recovery_weeks"":3},{""target"":""S1C"",""magnitude"":0.32551035981643583,""start_week"":21,""duration_weeks"":5,""recovery_weeks"":3},{""target"":""S1A"",""magnitude"":0.16343697621984998,""start_week"":25,""duration_weeks"":2,""recovery_weeks"":2},{""target"":""demand"",""magnitude"":0.1364322539042509,""start_week"":37,""duration_weeks"":2,""recovery_weeks"":4},{""target"":""S1B"",""magnitude"":0.582922126158034,""start_week"":38,""duration_weeks"":5,""recovery_weeks"":3}]"
A,314,230,Supplier-cluster shock,False,,False,Non-failure,Unclassified,Unclassified,1,0.8977891307059687,102.46257079576458,False,False,False,False,False,"[{""target"":""demand"",""magnitude"":0.11384730088418268,""start_week"":48,""duration_weeks"":2,""recovery_weeks"":3}]"
A,314,231,Supplier-cluster shock,True,True,True,Structural,Concentrated dependency; Hidden convergent dependency; Propagation-amplified cascade,Hidden convergent dependency,4,0.634238557678314,6281.26813857092,True,True,False,False,False,"[{""target"":""T2P"",""magnitude"":0.2910268517766677,""start_week"":3,""duration_weeks"":3,""recovery_weeks"":3},{""target"":""T2P"",""magnitude"":0.19188949028192928,""start_week"":12,""duration_weeks"":1,""recovery_weeks"":4},{""target"":""T2P"",""magnitude"":0.42918529808951733,""start_week"":18,""duration_weeks"":18,""recovery_weeks"":1},{""target"":""corridor"",""magnitude"":0.17742580195777602,""start_week"":31,""duration_weeks"":4,""recovery_weeks"":4}]"
A,314,232,Supplier-cluster shock,False,,False,Non-failure,Unclassified,Unclassified,3,0.8859220858358315,115.89069105426643,False,False,False,True,False,"[{""target"":""demand"",""magnitude"":0.12876743450474037,""start_week"":19,""duration_weeks"":5,""recovery_weeks"":3},{""target"":""S1B"",""magnitude"":0.2467472882802999,""start_week"":28,""duration_weeks"":6,""recovery_weeks"":2},{""target"":""demand"",""magnitude"":0.2381632266540203,""start_week"":38,""duration_weeks"":1,""recovery_weeks"":2}]"
A,314,233,Supplier-cluster shock,True,True,False,Structural,Concentrated dependency,Concentrated dependency,2,0.8977864137360239,183.98445527515696,False,False,False,False,True,"[{""target"":""S1C"",""magnitude"":0.47998056909394604,""start_week"":4,""duration_weeks"":1,""recovery_weeks"":2},{""target"":""demand"",""magnitude"":0.19234915473863695,""start_week"":43,""duration_weeks"":2,""recovery_weeks"":2}]"
A,314,234,Supplier-cluster shock,False,,False,Non-failure,Unclassified,Unclassified,2,0.9695072948968736,54.886869185627575,True,True,False,False,False,"[{""target"":""T2P"",""magnitude"":0.19813743113108517,""start_week"":4,""duration_weeks"":1,""recovery_weeks"":3},{""target"":""corridor"",""magnitude"":0.27286952882734483,""start_week"":34,""duration_weeks"":1,""recovery_weeks"":2}]"
A,314,235,Supplier-cluster shock,True,True,False,Structural,Concentrated dependency,Concentrated dependency,3,0.8791794746253236,253.72310328682033,False,False,True,True,True,"[{""target"":""S1B"",""magnitude"":0.5218461820930217,""start_week"":17,""duration_weeks"":2,""recovery_weeks"":1},{""target"":""S1A"",""magnitude"":0.23723978294992437,""start_week"":25,""duration_weeks"":1,""recovery_weeks"":1},{""target"":""S1C"",""magnitude"":0.20566227164583029,""start_week"":29,""duration_weeks"":1,""recovery_weeks"":2}]"
A,314,236,Supplier-cluster shock,False,,False,Non-failure,Unclassified,Unclassified,4,0.6635029501934504,437.98403857795483,True,False,True,False,True,"[{""target"":""S1C"",""magnitude"":0.1541276165049165,""start_week"":29,""duration_weeks"":2,""recovery_weeks"":1},{""target"":""S1A"",""magnitude"":0.2726238365244825,""start_week"":41,""duration_weeks"":4,""recovery_weeks"":3},{""target"":""S1C"",""magnitude"":0.4962658634389664,""start_week"":45,""duration_weeks"":12,""recovery_weeks"":2},{""target"":""T2P"",""magnitude"":0.5317581171071828,""start_week"":47,""duration_weeks"":3,""recovery_weeks"":3}]"
A,314,237,Supplier-cluster shock,False,,False,Non-failure,Unclassified,Unclassified,3,0.9080963737188775,91.08423516138396,False,False,True,True,False,"[{""target"":""demand"",""magnitude"":0.10120470573487113,""start_week"":8,""duration_weeks"":1,""recovery_weeks"":2},{""target"":""S1A"",""magnitude"":0.3042765003057084,""start_week"":14,""duration_weeks"":2,""recovery_weeks"":1},{""target"":""S1B"",""magnitude"":0.2913082216829661,""start_week"":15,""duration_weeks"":2,""recovery_weeks"":3}]"
A,314,238,Supplier-cluster shock,False,,False,Non-failure,Unclassified,Unclassified,3,0.858219363219229,270.3912016750487,False,True,False,False,False,"[{""target"":""demand"",""magnitude"":0.1652032602118691,""start_week"":30,""duration_weeks"":1,""recovery_weeks"":4},{""target"":""corridor"",""magnitude"":0.3140990462014823,""start_week"":38,""duration_weeks"":5,""recovery_weeks"":3},{""target"":""demand"",""magnitude"":0.1357527288673187,""start_week"":49,""duration_weeks"":1,""recovery_weeks"":1}]"
A,314,239,Supplier-cluster shock,True,True,False,Structural,Concentrated dependency; Hidden convergent dependency; Propagation-amplified cascade,Hidden convergent dependency,3,0.5881273279150633,1149.6284947397846,True,False,True,False,False,"[{""target"":""T2P"",""magnitude"":0.28470961416448315,""start_week"":25,""duration_weeks"":4,""recovery_weeks"":3},{""target"":""T2P"",""magnitude"":0.47068540487644306,""start_week"":32,""duration_weeks"":1,""recovery_weeks"":1},{""target"":""S1A"",""magnitude"":0.3587057520303093,""start_week"":49,""duration_weeks"":2,""recovery_weeks"":2}]"
A,314,240,Supplier-cluster shock,False,,False,Non-failure,Unclassified,Unclassified,2,0.9138673744557086,155.0387259797244,False,False,True,False,True,"[{""target"":""S1C"",""magnitude"":0.4437984074746555,""start_week"":29,""duration_weeks"":1,""recovery_weeks"":1},{""target"":""S1A"",""magnitude"":0.3593925781283378,""start_week"":44,""duration_weeks"":7,""recovery_weeks"":3}]"
A,314,241,Supplier-cluster shock,False,,False,Non-failure,Unclassified,Unclassified,1,0.9267642619945112,78.42906733210964,True,False,False,False,False,"[{""target"":""T2P"",""magnitude"":0.33182432840987985,""start_week"":17,""duration_weeks"":1,""recovery_weeks"":4}]"
A,314,242,Supplier-cluster shock,False,,False,Non-failure,Unclassified,Unclassified,0,1.0,0.0,False,False,False,False,False,[]
A,314,243,Supplier-cluster shock,False,,False,Non-failure,Unclassified,Unclassified,1,1.0,0.0,True,False,False,False,False,"[{""target"":""T2P"",""magnitude"":0.26664883717917537,""start_week"":8,""duration_weeks"":1,""recovery_weeks"":3}]"
A,314,244,Supplier-cluster shock,True,False,False,Adaptation-limited,Concentrated dependency,Concentrated dependency,1,0.7377572733095871,574.0507485587723,False,True,False,False,False,"[{""target"":""corridor"",""magnitude"":0.4466820450178097,""start_week"":16,""duration_weeks"":1,""recovery_weeks"":4}]"
A,314,245,Supplier-cluster shock,False,,False,Non-failure,Unclassified,Unclassified,1,0.9337858983794403,119.18538291700747,False,False,False,False,True,"[{""target"":""S1C"",""magnitude"":0.39898172864625936,""start_week"":17,""duration_weeks"":1,""recovery_weeks"":1}]"
A,314,246,Supplier-cluster shock,True,True,True,Structural,Concentrated dependency,Concentrated dependency,4,0.4254821650621439,2834.0707880424425,True,True,False,False,False,"[{""target"":""demand"",""magnitude"":0.24508615040951315,""start_week"":10,""duration_weeks"":3,""recovery_weeks"":4},{""target"":""T2P"",""magnitude"":0.1602206836146947,""start_week"":28,""duration_weeks"":1,""recovery_weeks"":4},{""target"":""corridor"",""magnitude"":0.3664350104634369,""start_week"":32,""duration_weeks"":1,""recovery_weeks"":3},{""target"":""corridor"",""magnitude"":0.680888376203392,""start_week"":44,""duration_weeks"":4,""recovery_weeks"":4}]"
A,314,247,Supplier-cluster shock,True,True,True,Structural,Concentrated dependency,Concentrated dependency,2,0.8352882156996437,480.9022720137025,False,True,False,False,False,"[{""target"":""corridor"",""magnitude"":0.3735338382252672,""start_week"":13,""duration_weeks"":2,""recovery_weeks"":4},{""target"":""corridor"",""magnitude"":0.5124510984013697,""start_week"":51,""duration_weeks"":5,""recovery_weeks"":2}]"
A,314,248,Supplier-cluster shock,False,,False,Non-failure,Unclassified,Unclassified,2,0.9476572666726373,109.91973998746175,False,False,True,False,True,"[{""target"":""S1C"",""magnitude"":0.3677711499865661,""start_week"":17,""duration_weeks"":8,""recovery_weeks"":1},{""target"":""S1A"",""magnitude"":0.3072744702273418,""start_week"":43,""duration_weeks"":3,""recovery_weeks"":3}]"
A,314,249,Supplier-cluster shock,False,,False,Non-failure,Unclassified,Unclassified,1,0.8338315074340745,179.35475210039,False,False,False,False,False,"[{""target"":""demand"",""magnitude"":0.19928305788932216,""start_week"":10,""duration_weeks"":3,""recovery_weeks"":3}]"
A,314,250,Supplier-cluster shock,False,,False,Non-failure,Unclassified,Unclassified,1,1.0,0.0,False,False,False,True,False,"[{""target"":""S1B"",""magnitude"":0.2403172807910341,""start_week"":24,""duration_weeks"":7,""recovery_weeks"":4}]"
A,314,251,Supplier-cluster shock,False,,False,Non-failure,Unclassified,Unclassified,3,0.8707740434702952,133.56319213791744,False,False,False,False,False,"[{""target"":""demand"",""magnitude"":0.14840354681990836,""start_week"":14,""duration_weeks"":2,""recovery_weeks"":4},{""target"":""demand"",""magnitude"":0.19927361957417006,""start_week"":23,""duration_weeks"":3,""recovery_weeks"":3},{""target"":""demand"",""magnitude"":0.09900333644289164,""start_week"":27,""duration_weeks"":1,""recovery_weeks"":3}]"
A,314,252,Supplier-cluster shock,True,True,True,Structural,Concentrated dependency,Concentrated dependency,5,0.7731153719984469,1307.6849871368925,True,True,True,True,False,"[{""target"":""demand"",""magnitude"":0.1842102323887248,""start_week"":12,""duration_weeks"":5,""recovery_weeks"":4},{""target"":""S1A"",""magnitude"":0.6067216144071199,""start_week"":16,""duration_weeks"":3,""recovery_weeks"":2},{""target"":""T2P"",""magnitude"":0.2678225668655594,""start_week"":18,""duration_weeks"":2,""recovery_weeks"":3},{""target"":""S1B"",""magnitude"":0.3201498453001568,""start_week"":19,""duration_weeks"":8,""recovery_weeks"":3},{""target"":""corridor"",""magnitude"":0.41159896477633395,""start_week"":27,""duration_weeks"":2,""recovery_weeks"":1}]"
A,314,253,Supplier-cluster shock,True,True,True,Structural,Concentrated dependency; Hidden convergent dependency; Propagation-amplified cascade,Hidden convergent dependency,4,0.5481121980836074,3113.6407063851548,True,True,True,True,False,"[{""target"":""T2P"",""magnitude"":0.5066990217247532,""start_week"":19,""duration_weeks"":7,""recovery_weeks"":4},{""target"":""corridor"",""magnitude"":0.25179183302238145,""start_week"":27,""duration_weeks"":2,""recovery_weeks"":3},{""target"":""S1B"",""magnitude"":0.22299770196843205,""start_week"":30,""duration_weeks"":1,""recovery_weeks"":1},{""target"":""S1A"",""magnitude"":0.29737025907743564,""start_week"":37,""duration_weeks"":1,""recovery_weeks"":2}]"
A,314,254,Supplier-cluster shock,False,,False,Non-failure,Unclassified,Unclassified,2,0.9927644090868688,13.024063643636055,False,False,True,False,True,"[{""target"":""S1A"",""magnitude"":0.26628007955454497,""start_week"":12,""duration_weeks"":1,""recovery_weeks"":1},{""target"":""S1C"",""magnitude"":0.20760447590335962,""start_week"":45,""duration_weeks"":1,""recovery_weeks"":2}]"
A,314,255,Supplier-cluster shock,True,False,False,Adaptation-limited,Compounding moderate disturbance,Compounding moderate disturbance,3,0.8573900056466376,295.8508327520916,False,True,False,True,True,"[{""target"":""corridor"",""magnitude"":0.31615844848645275,""start_week"":16,""duration_weeks"":1,""recovery_weeks"":1},{""target"":""S1B"",""magnitude"":0.36145068227939936,""start_week"":46,""duration_weeks"":5,""recovery_weeks"":2},{""target"":""S1C"",""magnitude"":0.4594218050156662,""start_week"":48,""duration_weeks"":5,""recovery_weeks"":3}]"
A,314,256,Supplier-cluster shock,False,,False,Non-failure,Unclassified,Unclassified,2,0.9814199000772672,33.44417986091912,False,False,True,True,False,"[{""target"":""S1B"",""magnitude"":0.19195671122600988,""start_week"":24,""duration_weeks"":4,""recovery_weeks"":3},{""target"":""S1A"",""magnitude"":0.2918052248261488,""start_week"":49,""duration_weeks"":1,""recovery_weeks"":3}]"
A,314,257,Supplier-cluster shock,True,True,True,Structural,Concentrated dependency; Hidden convergent dependency; Propagation-amplified cascade,Hidden convergent dependency,3,0.4634018129248423,2074.7099991636064,True,False,False,False,False,"[{""target"":""T2P"",""magnitude"":0.4726094051333367,""start_week"":40,""duration_weeks"":4,""recovery_weeks"":3},{""target"":""T2P"",""magnitude"":0.20919782094748773,""start_week"":44,""duration_weeks"":3,""recovery_weeks"":3},{""target"":""T2P"",""magnitude"":0.34663673626643593,""start_week"":48,""duration_weeks"":2,""recovery_weeks"":3}]"
A,314,258,Supplier-cluster shock,False,,False,Non-failure,Unclassified,Unclassified,2,0.9400581799937046,108.73783632242771,False,True,False,False,False,"[{""target"":""corridor"",""magnitude"":0.24496894303778166,""start_week"":5,""duration_weeks"":9,""recovery_weeks"":3},{""target"":""demand"",""magnitude"":0.0637639470428275,""start_week"":14,""duration_weeks"":1,""recovery_weeks"":2}]"
A,314,259,Supplier-cluster shock,True,True,True,Structural,Concentrated dependency,Concentrated dependency,2,0.6814587271856092,1210.8982937696796,True,True,False,False,False,"[{""target"":""corridor"",""magnitude"":0.3310859125285517,""start_week"":16,""duration_weeks"":1,""recovery_weeks"":4},{""target"":""T2P"",""magnitude"":0.3866871455329518,""start_week"":23,""duration_weeks"":5,""recovery_weeks"":4}]"
A,314,260,Supplier-cluster shock,False,,False,Non-failure,Unclassified,Unclassified,0,1.0,0.0,False,False,False,False,False,[]
A,314,261,Supplier-cluster shock,False,,False,Non-failure,Unclassified,Unclassified,2,0.8910086236130366,110.09123385417251,False,True,False,False,False,"[{""target"":""demand"",""magnitude"":0.1223235931713028,""start_week"":12,""duration_weeks"":4,""recovery_weeks"":1},{""target"":""corridor"",""magnitude"":0.18158384159976868,""start_week"":26,""duration_weeks"":1,""recovery_weeks"":1}]"
A,314,262,Supplier-cluster shock,False,,False,Non-failure,Unclassified,Unclassified,1,0.7568563304258006,460.140580634966,False,False,False,False,False,"[{""target"":""demand"",""magnitude"":0.3212547214045351,""start_week"":1,""duration_weeks"":2,""recovery_weeks"":3}]"
A,314,263,Supplier-cluster shock,False,,False,Non-failure,Unclassified,Unclassified,2,0.98872308268074,23.68152637044591,False,False,True,False,True,"[{""target"":""S1A"",""magnitude"":0.27537306396833483,""start_week"":8,""duration_weeks"":2,""recovery_weeks"":2},{""target"":""S1C"",""magnitude"":0.28797791844488607,""start_week"":17,""duration_weeks"":1,""recovery_weeks"":1}]"
A,314,264,Supplier-cluster shock,False,,False,Non-failure,Unclassified,Unclassified,2,0.9171297883836388,169.74326998012498,False,False,False,True,True,"[{""target"":""S1C"",""magnitude"":0.26377056061717946,""start_week"":32,""duration_weeks"":2,""recovery_weeks"":3},{""target"":""S1B"",""magnitude"":0.4364579761368128,""start_week"":46,""duration_weeks"":2,""recovery_weeks"":4}]"
A,314,265,Supplier-cluster shock,False,,False,Non-failure,Unclassified,Unclassified,3,0.8882551854098475,113.22234283916214,False,True,False,False,False,"[{""target"":""demand"",""magnitude"":0.12580260315462471,""start_week"":3,""duration_weeks"":4,""recovery_weeks"":1},{""target"":""corridor"",""magnitude"":0.317545096788033,""start_week"":9,""duration_weeks"":1,""recovery_weeks"":2},{""target"":""corridor"",""magnitude"":0.27100829519983033,""start_week"":27,""duration_weeks"":4,""recovery_weeks"":2}]"
A,314,266,Supplier-cluster shock,True,True,True,Structural,Concentrated dependency; Propagation-amplified cascade,Propagation-amplified cascade,4,0.6594498813290208,1566.824819954984,True,True,True,False,False,"[{""target"":""T2P"",""magnitude"":0.412985930254391,""start_week"":5,""duration_weeks"":3,""recovery_weeks"":4},{""target"":""S1A"",""magnitude"":0.4945945499190515,""start_week"":8,""duration_weeks"":3,""recovery_weeks"":4},{""target"":""T2P"",""magnitude"":0.3263827022760051,""start_week"":27,""duration_weeks"":6,""recovery_weeks"":4},{""target"":""corridor"",""magnitude"":0.36446815447842157,""start_week"":39,""duration_weeks"":1,""recovery_weeks"":4}]"
A,314,267,Supplier-cluster shock,True,False,False,Adaptation-limited,Hidden convergent dependency; Compounding moderate disturbance; Recovery lag and temporal overlap,Hidden convergent dependency,5,0.6365981118587747,613.3141766946449,True,True,False,False,False,"[{""target"":""T2P"",""magnitude"":0.3389330781324518,""start_week"":1,""duration_weeks"":1,""recovery_weeks"":4},{""target"":""demand"",""magnitude"":0.18954973804057296,""start_week"":14,""duration_weeks"":9,""recovery_weeks"":4},{""target"":""corridor"",""magnitude"":0.23652066332630908,""start_week"":23,""duration_weeks"":2,""recovery_weeks"":4},{""target"":""T2P"",""magnitude"":0.4270616993271029,""start_week"":28,""duration_weeks"":1,""recovery_weeks"":1},{""target"":""corridor"",""magnitude"":0.3220579243509724,""start_week"":46,""duration_weeks"":3,""recovery_weeks"":3}]"
A,314,268,Supplier-cluster shock,True,True,True,Structural,Concentrated dependency,Concentrated dependency,2,0.8238285692743069,792.7714382656188,False,True,True,False,False,"[{""target"":""corridor"",""magnitude"":0.3821285730442699,""start_week"":21,""duration_weeks"":4,""recovery_weeks"":1},{""target"":""S1A"",""magnitude"":0.4278237141966422,""start_week"":31,""duration_weeks"":1,""recovery_weeks"":3}]"
A,314,269,Supplier-cluster shock,True,True,False,Structural,Concentrated dependency,Concentrated dependency,3,0.7874330007564548,691.2296104688171,True,True,False,False,False,"[{""target"":""corridor"",""magnitude"":0.34600411256511343,""start_week"":33,""duration_weeks"":5,""recovery_weeks"":2},{""target"":""T2P"",""magnitude"":0.1823981290861675,""start_week"":40,""duration_weeks"":3,""recovery_weeks"":3},{""target"":""demand"",""magnitude"":0.15368103999309668,""start_week"":46,""duration_weeks"":1,""recovery_weeks"":1}]"
A,314,270,Supplier-cluster shock,False,,False,Non-failure,Unclassified,Unclassified,0,1.0,0.0,False,False,False,False,False,[]
A,314,271,Supplier-cluster shock,True,False,False,Adaptation-limited,Concentrated dependency; Hidden convergent dependency; Propagation-amplified cascade,Hidden convergent dependency,1,0.7537008392413623,408.34622341386967,True,False,False,False,False,"[{""target"":""T2P"",""magnitude"":0.3216692446827739,""start_week"":17,""duration_weeks"":3,""recovery_weeks"":3}]"
A,314,272,Supplier-cluster shock,True,True,True,Structural,Concentrated dependency; Hidden convergent dependency; Propagation-amplified cascade,Hidden convergent dependency,3,0.5489352932202661,1227.630560824321,True,True,False,False,False,"[{""target"":""T2P"",""magnitude"":0.2845742120800772,""start_week"":12,""duration_weeks"":5,""recovery_weeks"":4},{""target"":""T2P"",""magnitude"":0.30944372953811206,""start_week"":16,""duration_weeks"":1,""recovery_weeks"":2},{""target"":""corridor"",""magnitude"":0.34354046417910067,""start_week"":43,""duration_weeks"":3,""recovery_weeks"":3}]"
A,314,273,Supplier-cluster shock,False,,False,Non-failure,Unclassified,Unclassified,2,0.9350655769595713,102.54649214080371,True,True,False,False,False,"[{""target"":""corridor"",""magnitude"":0.2762230862497103,""start_week"":27,""duration_weeks"":2,""recovery_weeks"":2},{""target"":""T2P"",""magnitude"":0.2882110228088358,""start_week"":40,""duration_weeks"":3,""recovery_weeks"":2}]"
A,314,274,Supplier-cluster shock,False,,False,Non-failure,Unclassified,Unclassified,2,0.9100874958884599,88.91590541125697,False,False,True,False,False,"[{""target"":""demand"",""magnitude"":0.09879545045695204,""start_week"":26,""duration_weeks"":4,""recovery_weeks"":2},{""target"":""S1A"",""magnitude"":0.3810293551695405,""start_week"":49,""duration_weeks"":1,""recovery_weeks"":4}]"
A,314,275,Supplier-cluster shock,False,,False,Non-failure,Unclassified,Unclassified,5,0.8169172333091023,296.0031372140911,True,True,False,True,True,"[{""target"":""S1C"",""magnitude"":0.3626335278873568,""start_week"":9,""duration_weeks"":1,""recovery_weeks"":4},{""target"":""S1B"",""magnitude"":0.2589781385857144,""start_week"":10,""duration_weeks"":1,""recovery_weeks"":3},{""target"":""S1C"",""magnitude"":0.41641272486924197,""start_week"":16,""duration_weeks"":7,""recovery_weeks"":1},{""target"":""T2P"",""magnitude"":0.24543578976630026,""start_week"":23,""duration_weeks"":3,""recovery_weeks"":1},{""target"":""corridor"",""magnitude"":0.38731207501817333,""start_week"":26,""duration_weeks"":1,""recovery_weeks"":4}]"
A,314,276,Supplier-cluster shock,False,,False,Non-failure,Unclassified,Unclassified,3,0.882003180009698,120.17929985252522,True,False,True,False,False,"[{""target"":""T2P"",""magnitude"":0.231412125198091,""start_week"":10,""duration_weeks"":2,""recovery_weeks"":1},{""target"":""T2P"",""magnitude"":0.20648573106456314,""start_week"":14,""duration_weeks"":3,""recovery_weeks"":1},{""target"":""S1A"",""magnitude"":0.256066395003265,""start_week"":18,""duration_weeks"":2,""recovery_weeks"":1}]"
A,314,277,Supplier-cluster shock,False,,False,Non-failure,Unclassified,Unclassified,2,0.9035897194308136,96.02726840111166,False,True,False,False,False,"[{""target"":""demand"",""magnitude"":0.10669696489012395,""start_week"":39,""duration_weeks"":5,""recovery_weeks"":2},{""target"":""corridor"",""magnitude"":0.5825577031575028,""start_week"":51,""duration_weeks"":2,""recovery_weeks"":4}]"
A,314,278,Supplier-cluster shock,True,False,True,Adaptation-limited,Concentrated dependency; Hidden convergent dependency; Propagation-amplified cascade,Hidden convergent dependency,3,0.7037819393343805,642.679157272381,True,True,False,False,True,"[{""target"":""corridor"",""magnitude"":0.2482559468055553,""start_week"":10,""duration_weeks"":10,""recovery_weeks"":4},{""target"":""T2P"",""magnitude"":0.36659625459905776,""start_week"":34,""duration_weeks"":3,""recovery_weeks"":3},{""target"":""S1C"",""magnitude"":0.28821199126743985,""start_week"":38,""duration_weeks"":9,""recovery_weeks"":1}]"
A,314,279,Supplier-cluster shock,False,,False,Non-failure,Unclassified,Unclassified,1,0.9589179326626117,86.27234140851533,False,False,False,False,True,"[{""target"":""S1C"",""magnitude"":0.34243465150912356,""start_week"":14,""duration_weeks"":2,""recovery_weeks"":2}]"
A,314,280,Supplier-cluster shock,True,True,True,Structural,Concentrated dependency; Hidden convergent dependency; Propagation-amplified cascade,Hidden convergent dependency,3,0.4796799710015302,1456.8709116330888,True,False,False,False,False,"[{""target"":""T2P"",""magnitude"":0.32914480952492015,""start_week"":12,""duration_weeks"":2,""recovery_weeks"":2},{""target"":""T2P"",""magnitude"":0.5682880260986228,""start_week"":17,""duration_weeks"":2,""recovery_weeks"":1},{""target"":""demand"",""magnitude"":0.22104559572006016,""start_week"":39,""duration_weeks"":6,""recovery_weeks"":4}]"
A,314,281,Supplier-cluster shock,False,,False,Non-failure,Unclassified,Unclassified,1,0.8988927360790276,101.23180873148704,False,False,False,False,False,"[{""target"":""demand"",""magnitude"":0.11247978747942994,""start_week"":23,""duration_weeks"":6,""recovery_weeks"":3}]"
A,314,282,Supplier-cluster shock,True,True,True,Structural,Concentrated dependency; Hidden convergent dependency; Propagation-amplified cascade,Hidden convergent dependency,3,0.5697992500676136,784.6689629608718,True,False,True,True,False,"[{""target"":""S1A"",""magnitude"":0.35942067083193396,""start_week"":5,""duration_weeks"":3,""recovery_weeks"":2},{""target"":""S1B"",""magnitude"":0.3111625107989848,""start_week"":19,""duration_weeks"":3,""recovery_weeks"":3},{""target"":""T2P"",""magnitude"":0.48718067493914785,""start_week"":44,""duration_weeks"":2,""recovery_weeks"":3}]"
A,314,283,Supplier-cluster shock,False,,False,Non-failure,Unclassified,Unclassified,1,1.0,0.0,False,False,True,False,False,"[{""target"":""S1A"",""magnitude"":0.371182555127878,""start_week"":51,""duration_weeks"":6,""recovery_weeks"":1}]"
A,314,284,Supplier-cluster shock,False,,False,Non-failure,Unclassified,Unclassified,7,0.8667089491302729,175.07898397259555,False,False,True,True,True,"[{""target"":""demand"",""magnitude"":0.15378986337164535,""start_week"":10,""duration_weeks"":1,""recovery_weeks"":1},{""target"":""S1C"",""magnitude"":0.18454080548189186,""start_week"":15,""duration_weeks"":8,""recovery_weeks"":1},{""target"":""S1A"",""magnitude"":0.31298620521824316,""start_week"":17,""duration_weeks"":2,""recovery_weeks"":3},{""target"":""S1C"",""magnitude"":0.4361009825036496,""start_week"":24,""duration_weeks"":1,""recovery_weeks"":4},{""target"":""S1A"",""magnitude"":0.4957577637820638,""start_week"":31,""duration_weeks"":1,""recovery_weeks"":2},{""target"":""S1B"",""magnitude"":0.30863869257773235,""start_week"":46,""duration_weeks"":4,""recovery_weeks"":4},{""target"":""S1C"",""magnitude"":0.36049341773884375,""start_week"":47,""duration_weeks"":1,""recovery_weeks"":4}]"
A,314,285,Supplier-cluster shock,False,,False,Non-failure,Unclassified,Unclassified,2,0.9693950541444898,60.33194437371901,False,False,False,True,True,"[{""target"":""S1B"",""magnitude"":0.26476915721069627,""start_week"":27,""duration_weeks"":1,""recovery_weeks"":3},{""target"":""S1C"",""magnitude"":0.318861128174898,""start_week"":41,""duration_weeks"":2,""recovery_weeks"":4}]"
A,314,286,Supplier-cluster shock,False,,False,Non-failure,Unclassified,Unclassified,2,1.0,0.0,False,False,True,False,True,"[{""target"":""S1C"",""magnitude"":0.24840773713390876,""start_week"":20,""duration_weeks"":1,""recovery_weeks"":1},{""target"":""S1A"",""magnitude"":0.19147714090997348,""start_week"":42,""duration_weeks"":3,""recovery_weeks"":1}]"
A,314,287,Supplier-cluster shock,True,True,False,Structural,Concentrated dependency,Concentrated dependency,4,0.8178082151879287,1107.9103106219277,False,True,False,True,False,"[{""target"":""demand"",""magnitude"":0.22278057548028468,""start_week"":1,""duration_weeks"":7,""recovery_weeks"":4},{""target"":""corridor"",""magnitude"":0.33370671312684425,""start_week"":13,""duration_weeks"":6,""recovery_weeks"":2},{""target"":""demand"",""magnitude"":0.05611654062331735,""start_week"":28,""duration_weeks"":13,""recovery_weeks"":4},{""target"":""S1B"",""magnitude"":0.32296562255537165,""start_week"":36,""duration_weeks"":5,""recovery_weeks"":3}]"
A,314,288,Supplier-cluster shock,True,True,True,Structural,Concentrated dependency,Concentrated dependency,3,0.5296078696164994,4919.950806301652,False,True,False,False,False,"[{""target"":""corridor"",""magnitude"":0.32235585389800486,""start_week"":11,""duration_weeks"":2,""recovery_weeks"":4},{""target"":""corridor"",""magnitude"":0.5060519859247768,""start_week"":17,""duration_weeks"":1,""recovery_weeks"":2},{""target"":""corridor"",""magnitude"":0.6027940977876255,""start_week"":26,""duration_weeks"":10,""recovery_weeks"":4}]"
A,314,289,Supplier-cluster shock,False,,False,Non-failure,Unclassified,Unclassified,3,1.0,0.0,False,True,False,False,True,"[{""target"":""corridor"",""magnitude"":0.2286534926120219,""start_week"":9,""duration_weeks"":1,""recovery_weeks"":4},{""target"":""corridor"",""magnitude"":0.2373602322226334,""start_week"":19,""duration_weeks"":2,""recovery_weeks"":4},{""target"":""S1C"",""magnitude"":0.22995847364973218,""start_week"":37,""duration_weeks"":4,""recovery_weeks"":4}]"
A,314,290,Supplier-cluster shock,False,,False,Non-failure,Unclassified,Unclassified,1,1.0,0.0,False,False,True,False,False,"[{""target"":""S1A"",""magnitude"":0.17457125235399268,""start_week"":40,""duration_weeks"":3,""recovery_weeks"":1}]"
A,314,291,Supplier-cluster shock,True,True,True,Structural,Concentrated dependency,Concentrated dependency,3,0.5407593832668002,1035.9670219425866,True,True,False,False,False,"[{""target"":""demand"",""magnitude"":0.13827594043262909,""start_week"":7,""duration_weeks"":2,""recovery_weeks"":1},{""target"":""corridor"",""magnitude"":0.4528962536042168,""start_week"":25,""duration_weeks"":2,""recovery_weeks"":4},{""target"":""T2P"",""magnitude"":0.6151003112551378,""start_week"":36,""duration_weeks"":1,""recovery_weeks"":4}]"
A,314,292,Supplier-cluster shock,False,,False,Non-failure,Unclassified,Unclassified,2,0.8913552893814944,109.69838931959907,False,False,False,False,True,"[{""target"":""demand"",""magnitude"":0.12188709924399883,""start_week"":10,""duration_weeks"":5,""recovery_weeks"":3},{""target"":""S1C"",""magnitude"":0.1771330266732059,""start_week"":23,""duration_weeks"":2,""recovery_weeks"":1}]"
A,314,293,Supplier-cluster shock,False,,False,Non-failure,Unclassified,Unclassified,2,0.9757189357666001,50.990234890139845,False,False,False,True,True,"[{""target"":""S1C"",""magnitude"":0.3046323945251498,""start_week"":6,""duration_weeks"":3,""recovery_weeks"":1},{""target"":""S1B"",""magnitude"":0.24739759483682094,""start_week"":21,""duration_weeks"":7,""recovery_weeks"":3}]"
A,314,294,Supplier-cluster shock,False,,False,Non-failure,Unclassified,Unclassified,3,0.871690208792665,257.85818696358297,True,False,False,True,False,"[{""target"":""demand"",""magnitude"":0.08682344318009935,""start_week"":31,""duration_weeks"":2,""recovery_weeks"":1},{""target"":""T2P"",""magnitude"":0.18492316439300227,""start_week"":32,""duration_weeks"":2,""recovery_weeks"":4},{""target"":""S1B"",""magnitude"":0.5386970302165038,""start_week"":44,""duration_weeks"":3,""recovery_weeks"":2}]"
A,314,295,Supplier-cluster shock,False,,False,Non-failure,Unclassified,Unclassified,2,0.9095781609430011,89.46966697939297,False,True,False,False,False,"[{""target"":""corridor"",""magnitude"":0.22761696106319462,""start_week"":22,""duration_weeks"":4,""recovery_weeks"":1},{""target"":""demand"",""magnitude"":0.09941074108821427,""start_week"":47,""duration_weeks"":2,""recovery_weeks"":2}]"
A,314,296,Supplier-cluster shock,False,,False,Non-failure,Unclassified,Unclassified,0,1.0,0.0,False,False,False,False,False,[]
A,314,297,Supplier-cluster shock,False,,False,Non-failure,Unclassified,Unclassified,4,0.8204869057626659,196.9096443573644,False,False,True,True,True,"[{""target"":""demand"",""magnitude"":0.21878849373040477,""start_week"":2,""duration_weeks"":2,""recovery_weeks"":3},{""target"":""S1C"",""magnitude"":0.3044213758149344,""start_week"":8,""duration_weeks"":4,""recovery_weeks"":1},{""target"":""S1A"",""magnitude"":0.3530264431909569,""start_week"":31,""duration_weeks"":1,""recovery_weeks"":4},{""target"":""S1B"",""magnitude"":0.20570888232578927,""start_week"":34,""duration_weeks"":2,""recovery_weeks"":3}]"
A,314,298,Supplier-cluster shock,True,True,True,Structural,Concentrated dependency,Concentrated dependency,3,0.5675677380420322,2171.6630749774295,True,True,False,False,False,"[{""target"":""corridor"",""magnitude"":0.5743241964684759,""start_week"":18,""duration_weeks"":3,""recovery_weeks"":3},{""target"":""corridor"",""magnitude"":0.2650542160793009,""start_week"":22,""duration_weeks"":5,""recovery_weeks"":4},{""target"":""T2P"",""magnitude"":0.24505097027800393,""start_week"":31,""duration_weeks"":4,""recovery_weeks"":1}]"
A,314,299,Supplier-cluster shock,False,,False,Non-failure,Unclassified,Unclassified,1,0.8523601163979367,155.89173247968097,False,False,False,False,False,"[{""target"":""demand"",""magnitude"":0.17321303608853444,""start_week"":12,""duration_weeks"":1,""recovery_weeks"":2}]"
A,314,300,Supplier-cluster shock,False,,False,Non-failure,Unclassified,Unclassified,3,0.9778708791331193,41.14697470894532,False,False,True,True,False,"[{""target"":""S1A"",""magnitude"":0.2940860443310127,""start_week"":16,""duration_weeks"":2,""recovery_weeks"":1},{""target"":""S1B"",""magnitude"":0.2997905219504814,""start_week"":21,""duration_weeks"":2,""recovery_weeks"":1},{""target"":""S1A"",""magnitude"":0.24905264800828084,""start_week"":51,""duration_weeks"":6,""recovery_weeks"":4}]"
A,314,301,Supplier-cluster shock,True,True,True,Structural,Concentrated dependency,Concentrated dependency,1,0.622933098201,1483.6809875558004,False,True,False,False,False,"[{""target"":""corridor"",""magnitude"":0.53280017634925,""start_week"":22,""duration_weeks"":3,""recovery_weeks"":3}]"
A,314,302,Supplier-cluster shock,False,,False,Non-failure,Unclassified,Unclassified,2,0.9860029747806045,29.393752960730694,True,False,True,False,False,"[{""target"":""S1A"",""magnitude"":0.2814933067436399,""start_week"":9,""duration_weeks"":3,""recovery_weeks"":4},{""target"":""T2P"",""magnitude"":0.34248295415352414,""start_week"":49,""duration_weeks"":4,""recovery_weeks"":3}]"
A,314,303,Supplier-cluster shock,True,True,True,Structural,Concentrated dependency; Hidden convergent dependency,Hidden convergent dependency,4,0.4122674546833608,1824.7445733768232,True,True,False,False,False,"[{""target"":""T2P"",""magnitude"":0.5974546343030553,""start_week"":5,""duration_weeks"":2,""recovery_weeks"":3},{""target"":""corridor"",""magnitude"":0.205026826980731,""start_week"":6,""duration_weeks"":2,""recovery_weeks"":3},{""target"":""demand"",""magnitude"":0.16981778925860352,""start_week"":7,""duration_weeks"":2,""recovery_weeks"":2},{""target"":""demand"",""magnitude"":0.08129367673778393,""start_week"":16,""duration_weeks"":1,""recovery_weeks"":2}]"
A,314,304,Supplier-cluster shock,True,True,True,Structural,Concentrated dependency; Hidden convergent dependency,Hidden convergent dependency,6,0.5450474974476449,1870.4445732967215,True,True,False,True,True,"[{""target"":""T2P"",""magnitude"":0.30933747894500646,""start_week"":5,""duration_weeks"":1,""recovery_weeks"":1},{""target"":""S1B"",""magnitude"":0.4627480127998763,""start_week"":6,""duration_weeks"":4,""recovery_weeks"":2},{""target"":""demand"",""magnitude"":0.13854448741321712,""start_week"":20,""duration_weeks"":5,""recovery_weeks"":2},{""target"":""T2P"",""magnitude"":0.5094572522971196,""start_week"":28,""duration_weeks"":2,""recovery_weeks"":4},{""target"":""corridor"",""magnitude"":0.4213342593521948,""start_week"":37,""duration_weeks"":3,""recovery_weeks"":4},{""target"":""S1C"",""magnitude"":0.21519912236482516,""start_week"":43,""duration_weeks"":3,""recovery_weeks"":3}]"
A,314,305,Supplier-cluster shock,False,,False,Non-failure,Unclassified,Unclassified,4,0.885367960878857,115.84417604514283,True,True,False,True,False,"[{""target"":""corridor"",""magnitude"":0.23245796360964097,""start_week"":1,""duration_weeks"":16,""recovery_weeks"":1},{""target"":""T2P"",""magnitude"":0.40633767041805713,""start_week"":5,""duration_weeks"":1,""recovery_weeks"":2},{""target"":""S1B"",""magnitude"":0.33287077260629283,""start_week"":20,""duration_weeks"":1,""recovery_weeks"":2},{""target"":""demand"",""magnitude"":0.08987479762103237,""start_week"":51,""duration_weeks"":6,""recovery_weeks"":4}]"
A,314,306,Supplier-cluster shock,True,True,False,Structural,Concentrated dependency,Concentrated dependency,3,0.8480371918341755,223.66188180920744,True,True,False,False,True,"[{""target"":""S1C"",""magnitude"":0.4832971252981485,""start_week"":25,""duration_weeks"":1,""recovery_weeks"":1},{""target"":""T2P"",""magnitude"":0.2559335487473353,""start_week"":42,""duration_weeks"":5,""recovery_weeks"":4},{""target"":""corridor"",""magnitude"":0.3639721061243684,""start_week"":48,""duration_weeks"":3,""recovery_weeks"":2}]"
A,314,307,Supplier-cluster shock,True,True,False,Structural,Concentrated dependency; Propagation-amplified cascade,Propagation-amplified cascade,3,0.8921119929689754,226.5648147651517,True,False,True,True,False,"[{""target"":""T2P"",""magnitude"":0.22962583623951366,""start_week"":3,""duration_weeks"":3,""recovery_weeks"":2},{""target"":""S1B"",""magnitude"":0.24321467152590637,""start_week"":9,""duration_weeks"":1,""recovery_weeks"":1},{""target"":""S1A"",""magnitude"":0.49274801581980543,""start_week"":43,""duration_weeks"":6,""recovery_weeks"":4}]"
A,314,308,Supplier-cluster shock,False,,False,Non-failure,Unclassified,Unclassified,1,1.0,0.0,False,False,True,False,False,"[{""target"":""S1A"",""magnitude"":0.24730073797190877,""start_week"":44,""duration_weeks"":1,""recovery_weeks"":3}]"
A,314,309,Supplier-cluster shock,True,True,False,Structural,Concentrated dependency,Concentrated dependency,5,0.8810198170368959,308.5320099336984,False,False,True,True,True,"[{""target"":""S1A"",""magnitude"":0.5177054116669841,""start_week"":7,""duration_weeks"":2,""recovery_weeks"":1},{""target"":""demand"",""magnitude"":0.210561669528551,""start_week"":32,""duration_weeks"":2,""recovery_weeks"":3},{""target"":""S1B"",""magnitude"":0.3655252892153804,""start_week"":43,""duration_weeks"":1,""recovery_weeks"":3},{""target"":""S1C"",""magnitude"":0.5127142096607953,""start_week"":44,""duration_weeks"":8,""recovery_weeks"":2},{""target"":""S1A"",""magnitude"":0.23196540935099558,""start_week"":45,""duration_weeks"":4,""recovery_weeks"":4}]"
A,314,310,Supplier-cluster shock,False,,False,Non-failure,Unclassified,Unclassified,2,0.9385648508747017,127.20739268983539,False,False,True,False,True,"[{""target"":""S1A"",""magnitude"":0.3258886195408022,""start_week"":30,""duration_weeks"":1,""recovery_weeks"":3},{""target"":""S1C"",""magnitude"":0.38822908553192126,""start_week"":41,""duration_weeks"":5,""recovery_weeks"":2}]"
A,314,311,Supplier-cluster shock,True,False,False,Adaptation-limited,Concentrated dependency,Concentrated dependency,3,0.8453951304153571,302.82323232657507,False,False,True,False,True,"[{""target"":""S1C"",""magnitude"":0.3715766552491476,""start_week"":12,""duration_weeks"":1,""recovery_weeks"":4},{""target"":""S1A"",""magnitude"":0.38351585334128924,""start_week"":19,""duration_weeks"":8,""recovery_weeks"":2},{""target"":""S1C"",""magnitude"":0.5978609565654466,""start_week"":39,""duration_weeks"":4,""recovery_weeks"":2}]"
A,314,312,Supplier-cluster shock,False,,False,Non-failure,Unclassified,Unclassified,2,0.9472361060352406,109.10194704647006,False,False,True,False,True,"[{""target"":""S1A"",""magnitude"":0.2563833635482181,""start_week"":41,""duration_weeks"":4,""recovery_weeks"":3},{""target"":""S1C"",""magnitude"":0.3687187614207087,""start_week"":48,""duration_weeks"":3,""recovery_weeks"":3}]"
A,314,313,Supplier-cluster shock,False,,False,Non-failure,Unclassified,Unclassified,0,1.0,0.0,False,False,False,False,False,[]
A,314,314,Supplier-cluster shock,False,,False,Non-failure,Unclassified,Unclassified,3,0.8893568745714066,111.96721556093291,True,False,False,False,False,"[{""target"":""T2P"",""magnitude"":0.30888501260724327,""start_week"":11,""duration_weeks"":1,""recovery_weeks"":1},{""target"":""demand"",""magnitude"":0.12440801728992543,""start_week"":15,""duration_weeks"":3,""recovery_weeks"":4},{""target"":""demand"",""magnitude"":0.11493021918139655,""start_week"":37,""duration_weeks"":2,""recovery_weeks"":3}]"
A,314,315,Supplier-cluster shock,True,False,False,Adaptation-limited,Hidden convergent dependency; Compounding moderate disturbance; Recovery lag and temporal overlap,Hidden convergent dependency,5,0.7769643376830055,418.83125988239044,True,True,False,False,False,"[{""target"":""corridor"",""magnitude"":0.3110719774758021,""start_week"":10,""duration_weeks"":4,""recovery_weeks"":4},{""target"":""demand"",""magnitude"":0.07149210265681116,""start_week"":23,""duration_weeks"":5,""recovery_weeks"":2},{""target"":""corridor"",""magnitude"":0.1965913573465473,""start_week"":31,""duration_weeks"":5,""recovery_weeks"":3},{""target"":""T2P"",""magnitude"":0.3201939526275188,""start_week"":38,""duration_weeks"":1,""recovery_weeks"":3},{""target"":""demand"",""magnitude"":0.19202478696343062,""start_week"":42,""duration_weeks"":3,""recovery_weeks"":2}]"
A,314,316,Supplier-cluster shock,True,True,True,Structural,Concentrated dependency,Concentrated dependency,7,0.45383427211127964,3388.939151546723,True,True,False,False,False,"[{""target"":""demand"",""magnitude"":0.08894576919910424,""start_week"":21,""duration_weeks"":1,""recovery_weeks"":2},{""target"":""corridor"",""magnitude"":0.5141453603468455,""start_week"":22,""duration_weeks"":1,""recovery_weeks"":3},{""target"":""corridor"",""magnitude"":0.48211071329459154,""start_week"":24,""duration_weeks"":6,""recovery_weeks"":2},{""target"":""T2P"",""magnitude"":0.33817729289853027,""start_week"":32,""duration_weeks"":1,""recovery_weeks"":3},{""target"":""demand"",""magnitude"":0.1608270005462571,""start_week"":34,""duration_weeks"":1,""recovery_weeks"":2},{""target"":""corridor"",""magnitude"":0.2690597134747788,""start_week"":35,""duration_weeks"":2,""recovery_weeks"":4},{""target"":""T2P"",""magnitude"":0.5572768313842005,""start_week"":49,""duration_weeks"":5,""recovery_weeks"":1}]"
A,314,317,Supplier-cluster shock,True,True,False,Structural,Concentrated dependency,Concentrated dependency,4,0.8458775321752354,323.6571824320057,False,False,True,True,True,"[{""target"":""S1B"",""magnitude"":0.5967755526057203,""start_week"":1,""duration_weeks"":2,""recovery_weeks"":4},{""target"":""S1A"",""magnitude"":0.5901054571393393,""start_week"":9,""duration_weeks"":1,""recovery_weeks"":3},{""target"":""S1C"",""magnitude"":0.2986041977398851,""start_week"":12,""duration_weeks"":4,""recovery_weeks"":1},{""target"":""demand"",""magnitude"":0.18117344941425823,""start_week"":30,""duration_weeks"":1,""recovery_weeks"":3}]"
A,314,318,Supplier-cluster shock,False,,False,Non-failure,Unclassified,Unclassified,1,0.8555735258706982,151.9259570170666,False,False,False,False,False,"[{""target"":""demand"",""magnitude"":0.16880661890785137,""start_week"":50,""duration_weeks"":6,""recovery_weeks"":2}]"
A,314,319,Supplier-cluster shock,False,,False,Non-failure,Unclassified,Unclassified,2,0.9644756345614431,95.91578668410318,False,True,True,False,False,"[{""target"":""corridor"",""magnitude"":0.27664327407891753,""start_week"":24,""duration_weeks"":2,""recovery_weeks"":2},{""target"":""S1A"",""magnitude"":0.3121788239910225,""start_week"":38,""duration_weeks"":2,""recovery_weeks"":3}]"
A,314,320,Supplier-cluster shock,False,,False,Non-failure,Unclassified,Unclassified,0,1.0,0.0,False,False,False,False,False,[]
A,314,321,Supplier-cluster shock,False,,False,Non-failure,Unclassified,Unclassified,2,0.8410509891157464,170.0896992538237,False,False,False,False,False,"[{""target"":""demand"",""magnitude"":0.1889885547264707,""start_week"":13,""duration_weeks"":1,""recovery_weeks"":3},{""target"":""demand"",""magnitude"":0.15343954507493351,""start_week"":30,""duration_weeks"":2,""recovery_weeks"":2}]"
A,314,322,Supplier-cluster shock,False,,False,Non-failure,Unclassified,Unclassified,3,0.9457748417728942,195.21056961758097,True,True,False,False,False,"[{""target"":""corridor"",""magnitude"":0.2906688686703294,""start_week"":16,""duration_weeks"":3,""recovery_weeks"":1},{""target"":""T2P"",""magnitude"":0.3076554563907855,""start_week"":40,""duration_weeks"":1,""recovery_weeks"":3},{""target"":""T2P"",""magnitude"":0.3512883302980368,""start_week"":47,""duration_weeks"":1,""recovery_weeks"":3}]"
A,314,323,Supplier-cluster shock,False,,False,Non-failure,Unclassified,Unclassified,3,0.9080435861851757,114.62503422734335,False,False,True,False,True,"[{""target"":""S1C"",""magnitude"":0.29220885312243894,""start_week"":34,""duration_weeks"":1,""recovery_weeks"":1},{""target"":""S1A"",""magnitude"":0.3487946825678745,""start_week"":38,""duration_weeks"":1,""recovery_weeks"":1},{""target"":""S1C"",""magnitude"":0.45690193108335475,""start_week"":49,""duration_weeks"":1,""recovery_weeks"":1}]"
A,314,324,Supplier-cluster shock,True,True,False,Structural,Concentrated dependency,Concentrated dependency,4,0.8956183867638525,219.2013877959098,False,False,True,True,True,"[{""target"":""S1C"",""magnitude"":0.4848586297813319,""start_week"":8,""duration_weeks"":2,""recovery_weeks"":2},{""target"":""S1A"",""magnitude"":0.17569173154026507,""start_week"":36,""duration_weeks"":2,""recovery_weeks"":1},{""target"":""S1B"",""magnitude"":0.29319029175567834,""start_week"":40,""duration_weeks"":1,""recovery_weeks"":4},{""target"":""S1C"",""magnitude"":0.23043374445135956,""start_week"":47,""duration_weeks"":1,""recovery_weeks"":3}]"
A,314,325,Supplier-cluster shock,True,True,True,Structural,Concentrated dependency,Concentrated dependency,6,0.7013163853258959,3092.2774919932203,True,True,True,True,False,"[{""target"":""demand"",""magnitude"":0.10325742283966999,""start_week"":5,""duration_weeks"":1,""recovery_weeks"":4},{""target"":""corridor"",""magnitude"":0.4291268608400599,""start_week"":20,""duration_weeks"":13,""recovery_weeks"":2},{""target"":""demand"",""magnitude"":0.08533637809257827,""start_week"":22,""duration_weeks"":2,""recovery_weeks"":2},{""target"":""T2P"",""magnitude"":0.232566415564268,""start_week"":34,""duration_weeks"":1,""recovery_weeks"":1},{""target"":""S1A"",""magnitude"":0.37538152638584565,""start_week"":37,""duration_weeks"":1,""recovery_weeks"":4},{""target"":""S1B"",""magnitude"":0.2552433132902575,""start_week"":40,""duration_weeks"":5,""recovery_weeks"":1}]"
A,314,326,Supplier-cluster shock,False,,False,Non-failure,Unclassified,Unclassified,1,1.0,0.0,True,False,False,False,False,"[{""target"":""T2P"",""magnitude"":0.2534279292299517,""start_week"":23,""duration_weeks"":1,""recovery_weeks"":2}]"
A,314,327,Supplier-cluster shock,False,,False,Non-failure,Unclassified,Unclassified,3,0.9284849015339881,128.72717723882147,False,False,True,True,True,"[{""target"":""S1B"",""magnitude"":0.4109089715485269,""start_week"":27,""duration_weeks"":1,""recovery_weeks"":3},{""target"":""S1A"",""magnitude"":0.3068860117193669,""start_week"":32,""duration_weeks"":1,""recovery_weeks"":1},{""target"":""S1C"",""magnitude"":0.24537971977622802,""start_week"":44,""duration_weeks"":6,""recovery_weeks"":2}]"
A,314,328,Supplier-cluster shock,True,True,False,Structural,Concentrated dependency,Concentrated dependency,2,0.8689695548656007,367.2277523285976,False,True,False,False,True,"[{""target"":""corridor"",""magnitude"":0.34827283385079943,""start_week"":3,""duration_weeks"":2,""recovery_weeks"":4},{""target"":""S1C"",""magnitude"":0.2522661917830691,""start_week"":8,""duration_weeks"":1,""recovery_weeks"":1}]"
A,314,329,Supplier-cluster shock,True,True,False,Structural,Concentrated dependency,Concentrated dependency,4,0.8942954686191694,190.86966341179664,False,False,True,True,True,"[{""target"":""S1C"",""magnitude"":0.2508746679507177,""start_week"":9,""duration_weeks"":1,""recovery_weeks"":2},{""target"":""S1A"",""magnitude"":0.35299091734098187,""start_week"":21,""duration_weeks"":2,""recovery_weeks"":4},{""target"":""S1B"",""magnitude"":0.4878351956068687,""start_week"":28,""duration_weeks"":2,""recovery_weeks"":2},{""target"":""S1C"",""magnitude"":0.32171005145658504,""start_week"":39,""duration_weeks"":7,""recovery_weeks"":2}]"
A,314,330,Supplier-cluster shock,True,False,True,Adaptation-limited,Concentrated dependency; Hidden convergent dependency; Propagation-amplified cascade,Hidden convergent dependency,2,0.6421446159508254,1503.3751487107613,True,True,False,False,False,"[{""target"":""T2P"",""magnitude"":0.4220698456442571,""start_week"":22,""duration_weeks"":3,""recovery_weeks"":2},{""target"":""corridor"",""magnitude"":0.47335023425322353,""start_week"":31,""duration_weeks"":2,""recovery_weeks"":2}]"
A,314,331,Supplier-cluster shock,False,,False,Non-failure,Unclassified,Unclassified,2,0.9019785263658882,95.57093679325908,True,False,False,False,True,"[{""target"":""T2P"",""magnitude"":0.21470322104511674,""start_week"":24,""duration_weeks"":5,""recovery_weeks"":2},{""target"":""S1C"",""magnitude"":0.3628069425238093,""start_week"":41,""duration_weeks"":1,""recovery_weeks"":1}]"
A,314,332,Supplier-cluster shock,True,True,True,Structural,Concentrated dependency; Hidden convergent dependency; Propagation-amplified cascade,Hidden convergent dependency,3,0.7022862509735541,907.6542447428085,True,False,True,True,False,"[{""target"":""T2P"",""magnitude"":0.3679423741238014,""start_week"":4,""duration_weeks"":4,""recovery_weeks"":3},{""target"":""S1A"",""magnitude"":0.4270289065091537,""start_week"":16,""duration_weeks"":8,""recovery_weeks"":3},{""target"":""S1B"",""magnitude"":0.34634302369205905,""start_week"":33,""duration_weeks"":2,""recovery_weeks"":4}]"
A,314,333,Supplier-cluster shock,True,True,True,Structural,Concentrated dependency; Hidden convergent dependency; Propagation-amplified cascade,Hidden convergent dependency,4,0.35533510317470907,5032.456263893202,True,True,False,False,False,"[{""target"":""corridor"",""magnitude"":0.23728517578368702,""start_week"":5,""duration_weeks"":12,""recovery_weeks"":3},{""target"":""T2P"",""magnitude"":0.3918693361715706,""start_week"":30,""duration_weeks"":2,""recovery_weeks"":2},{""target"":""T2P"",""magnitude"":0.4843888009437096,""start_week"":35,""duration_weeks"":5,""recovery_weeks"":3},{""target"":""T2P"",""magnitude"":0.3797621280481056,""start_week"":40,""duration_weeks"":8,""recovery_weeks"":1}]"
A,314,334,Supplier-cluster shock,False,,False,Non-failure,Unclassified,Unclassified,1,0.9184918611359392,79.86714752913599,False,False,False,False,False,"[{""target"":""demand"",""magnitude"":0.08874127503237328,""start_week"":11,""duration_weeks"":1,""recovery_weeks"":3}]"
A,314,335,Supplier-cluster shock,False,,False,Non-failure,Unclassified,Unclassified,3,0.814286082828621,220.3716728329723,False,False,True,False,False,"[{""target"":""demand"",""magnitude"":0.22806961961852107,""start_week"":9,""duration_weeks"":1,""recovery_weeks"":2},{""target"":""demand"",""magnitude"":0.18785741803381512,""start_week"":12,""duration_weeks"":2,""recovery_weeks"":2},{""target"":""S1A"",""magnitude"":0.3049601146345678,""start_week"":39,""duration_weeks"":5,""recovery_weeks"":3}]"
A,314,336,Supplier-cluster shock,True,False,True,Adaptation-limited,Concentrated dependency,Concentrated dependency,1,0.7481907878065255,1359.7697458447612,False,True,False,False,False,"[{""target"":""corridor"",""magnitude"":0.4388569091451058,""start_week"":36,""duration_weeks"":5,""recovery_weeks"":1}]"
A,314,337,Supplier-cluster shock,False,,False,Non-failure,Unclassified,Unclassified,2,0.9093984264052493,167.26262413701784,False,False,True,False,True,"[{""target"":""S1C"",""magnitude"":0.33625255154484524,""start_week"":19,""duration_weeks"":4,""recovery_weeks"":2},{""target"":""S1A"",""magnitude"":0.45385354058818916,""start_week"":45,""duration_weeks"":2,""recovery_weeks"":4}]"
A,314,338,Supplier-cluster shock,True,True,False,Structural,Concentrated dependency,Concentrated dependency,1,0.8755421424595081,336.0362153593279,False,True,False,False,False,"[{""target"":""corridor"",""magnitude"":0.3433433931553689,""start_week"":44,""duration_weeks"":2,""recovery_weeks"":3}]"
A,314,339,Supplier-cluster shock,False,,False,Non-failure,Unclassified,Unclassified,4,0.8309284045413668,191.52142325644058,False,True,True,False,True,"[{""target"":""demand"",""magnitude"":0.20347312058967681,""start_week"":13,""duration_weeks"":3,""recovery_weeks"":1},{""target"":""S1C"",""magnitude"":0.2906000490034264,""start_week"":30,""duration_weeks"":1,""recovery_weeks"":2},{""target"":""S1A"",""magnitude"":0.404913500881505,""start_week"":32,""duration_weeks"":1,""recovery_weeks"":2},{""target"":""corridor"",""magnitude"":0.27295669103373943,""start_week"":42,""duration_weeks"":17,""recovery_weeks"":3}]"
A,314,340,Supplier-cluster shock,False,,False,Non-failure,Unclassified,Unclassified,2,0.9626095249728905,128.0454784229454,False,False,True,True,False,"[{""target"":""S1A"",""magnitude"":0.31636591887570475,""start_week"":18,""duration_weeks"":14,""recovery_weeks"":3},{""target"":""S1B"",""magnitude"":0.3003538693557334,""start_week"":30,""duration_weeks"":10,""recovery_weeks"":3}]"
A,314,341,Supplier-cluster shock,False,,False,Non-failure,Unclassified,Unclassified,1,0.9575422734578127,38.21195388796855,True,False,False,False,False,"[{""target"":""T2P"",""magnitude"":0.3752847815551875,""start_week"":3,""duration_weeks"":1,""recovery_weeks"":2}]"
A,314,342,Supplier-cluster shock,False,,False,Non-failure,Unclassified,Unclassified,3,0.8292687990560488,185.29345493821074,False,False,True,False,False,"[{""target"":""S1A"",""magnitude"":0.23710793442038722,""start_week"":5,""duration_weeks"":2,""recovery_weeks"":1},{""target"":""demand"",""magnitude"":0.20588161659801185,""start_week"":34,""duration_weeks"":1,""recovery_weeks"":1},{""target"":""demand"",""magnitude"":0.13169075669072874,""start_week"":43,""duration_weeks"":9,""recovery_weeks"":4}]"
A,314,343,Supplier-cluster shock,False,,False,Non-failure,Unclassified,Unclassified,1,1.0,0.0,True,False,False,False,False,"[{""target"":""T2P"",""magnitude"":0.32464336484657574,""start_week"":5,""duration_weeks"":1,""recovery_weeks"":1}]"
A,314,344,Supplier-cluster shock,False,,False,Non-failure,Unclassified,Unclassified,0,1.0,0.0,False,False,False,False,False,[]
A,314,345,Supplier-cluster shock,False,,False,Non-failure,Unclassified,Unclassified,2,0.9560164216991219,42.67746088305307,False,True,False,False,False,"[{""target"":""corridor"",""magnitude"":0.2615112372311424,""start_week"":24,""duration_weeks"":1,""recovery_weeks"":1},{""target"":""demand"",""magnitude"":0.07811603359754965,""start_week"":45,""duration_weeks"":1,""recovery_weeks"":3}]"
A,314,346,Supplier-cluster shock,True,True,True,Structural,Concentrated dependency; Propagation-amplified cascade,Propagation-amplified cascade,4,0.6621278709304713,1371.4458098535233,True,True,False,True,True,"[{""target"":""S1C"",""magnitude"":0.23999963350730902,""start_week"":8,""duration_weeks"":1,""recovery_weeks"":1},{""target"":""T2P"",""magnitude"":0.17382137788680455,""start_week"":18,""duration_weeks"":6,""recovery_weeks"":1},{""target"":""corridor"",""magnitude"":0.5034040968021465,""start_week"":28,""duration_weeks"":3,""recovery_weeks"":4},{""target"":""S1B"",""magnitude"":0.3391034794011153,""start_week"":35,""duration_weeks"":4,""recovery_weeks"":4}]"
A,314,347,Supplier-cluster shock,True,True,True,Structural,Concentrated dependency; Propagation-amplified cascade,Propagation-amplified cascade,4,0.6026323956990963,1255.7756007405421,True,True,False,True,False,"[{""target"":""corridor"",""magnitude"":0.5480257032256778,""start_week"":24,""duration_weeks"":2,""recovery_weeks"":1},{""target"":""T2P"",""magnitude"":0.5853620601624526,""start_week"":25,""duration_weeks"":1,""recovery_weeks"":3},{""target"":""T2P"",""magnitude"":0.27102928819118527,""start_week"":31,""duration_weeks"":1,""recovery_weeks"":1},{""target"":""S1B"",""magnitude"":0.2750163690136542,""start_week"":32,""duration_weeks"":1,""recovery_weeks"":3}]"
A,314,348,Supplier-cluster shock,True,True,False,Structural,Concentrated dependency,Concentrated dependency,3,0.8705193160082255,233.06523118519408,False,True,False,True,False,"[{""target"":""corridor"",""magnitude"":0.3471105129938309,""start_week"":1,""duration_weeks"":1,""recovery_weeks"":3},{""target"":""corridor"",""magnitude"":0.3281294628150755,""start_week"":17,""duration_weeks"":1,""recovery_weeks"":1},{""target"":""S1B"",""magnitude"":0.4387519239213451,""start_week"":50,""duration_weeks"":15,""recovery_weeks"":4}]"
A,314,349,Supplier-cluster shock,True,True,False,Structural,Concentrated dependency; Hidden convergent dependency; Propagation-amplified cascade,Hidden convergent dependency,2,0.8070092680441039,306.91403519778,True,True,False,False,False,"[{""target"":""corridor"",""magnitude"":0.30634829890169124,""start_week"":10,""duration_weeks"":1,""recovery_weeks"":2},{""target"":""T2P"",""magnitude"":0.27369165876030654,""start_week"":33,""duration_weeks"":5,""recovery_weeks"":1}]"
A,314,350,Supplier-cluster shock,False,,False,Non-failure,Unclassified,Unclassified,0,1.0,0.0,False,False,False,False,False,[]
A,314,351,Supplier-cluster shock,False,,False,Non-failure,Unclassified,Unclassified,1,0.8846889192689369,117.30673957543809,False,False,False,False,False,"[{""target"":""demand"",""magnitude"":0.13034082175048678,""start_week"":5,""duration_weeks"":3,""recovery_weeks"":3}]"
A,314,352,Supplier-cluster shock,False,,False,Non-failure,Unclassified,Unclassified,0,1.0,0.0,False,False,False,False,False,[]
A,314,353,Supplier-cluster shock,True,False,True,Adaptation-limited,Concentrated dependency,Concentrated dependency,5,0.6302992121809821,850.1593984511325,True,True,False,True,False,"[{""target"":""S1B"",""magnitude"":0.2738925441628492,""start_week"":10,""duration_weeks"":7,""recovery_weeks"":1},{""target"":""corridor"",""magnitude"":0.3188813311028613,""start_week"":13,""duration_weeks"":3,""recovery_weeks"":2},{""target"":""demand"",""magnitude"":0.12696084195853316,""start_week"":25,""duration_weeks"":4,""recovery_weeks"":3},{""target"":""corridor"",""magnitude"":0.4672581018660402,""start_week"":26,""duration_weeks"":1,""recovery_weeks"":3},{""target"":""T2P"",""magnitude"":0.34077552254031995,""start_week"":45,""duration_weeks"":1,""recovery_weeks"":1}]"
A,314,354,Supplier-cluster shock,True,True,True,Structural,Concentrated dependency,Concentrated dependency,2,0.6493277477403454,1057.21843245686,False,True,False,False,False,"[{""target"":""corridor"",""magnitude"":0.5130041891947409,""start_week"":14,""duration_weeks"":2,""recovery_weeks"":3},{""target"":""corridor"",""magnitude"":0.35912494073329937,""start_week"":44,""duration_weeks"":1,""recovery_weeks"":1}]"
A,314,355,Supplier-cluster shock,False,,False,Non-failure,Unclassified,Unclassified,5,0.9409667469185835,127.62059992338891,False,False,True,True,True,"[{""target"":""S1B"",""magnitude"":0.38250960605450257,""start_week"":21,""duration_weeks"":6,""recovery_weeks"":4},{""target"":""S1C"",""magnitude"":0.38282481943318714,""start_week"":38,""duration_weeks"":3,""recovery_weeks"":4},{""target"":""S1A"",""magnitude"":0.3105581861782695,""start_week"":42,""duration_weeks"":2,""recovery_weeks"":4},{""target"":""S1C"",""magnitude"":0.2974822792977171,""start_week"":48,""duration_weeks"":3,""recovery_weeks"":3},{""target"":""S1A"",""magnitude"":0.23223992319487263,""start_week"":49,""duration_weeks"":6,""recovery_weeks"":1}]"
A,314,356,Supplier-cluster shock,True,False,True,Adaptation-limited,Concentrated dependency,Concentrated dependency,1,0.7884964882384411,951.7658029270149,False,True,False,False,False,"[{""target"":""corridor"",""magnitude"":0.4086276338211692,""start_week"":46,""duration_weeks"":6,""recovery_weeks"":4}]"
A,314,357,Supplier-cluster shock,True,True,True,Structural,Concentrated dependency; Propagation-amplified cascade,Propagation-amplified cascade,3,0.40438768389469837,4036.373288159116,True,True,False,False,False,"[{""target"":""T2P"",""magnitude"":0.3069888179274678,""start_week"":9,""duration_weeks"":1,""recovery_weeks"":3},{""target"":""corridor"",""magnitude"":0.49008012450497374,""start_week"":15,""duration_weeks"":1,""recovery_weeks"":4},{""target"":""corridor"",""magnitude"":0.5204433500388735,""start_week"":17,""duration_weeks"":8,""recovery_weeks"":3}]"
A,314,358,Supplier-cluster shock,True,True,True,Structural,Concentrated dependency,Concentrated dependency,4,0.6587401909510748,3127.409386387863,True,True,False,False,False,"[{""target"":""corridor"",""magnitude"":0.4222694346163455,""start_week"":4,""duration_weeks"":2,""recovery_weeks"":1},{""target"":""T2P"",""magnitude"":0.2272113077229627,""start_week"":14,""duration_weeks"":2,""recovery_weeks"":1},{""target"":""corridor"",""magnitude"":0.29867208267191553,""start_week"":25,""duration_weeks"":2,""recovery_weeks"":3},{""target"":""T2P"",""magnitude"":0.40713382814403265,""start_week"":26,""duration_weeks"":10,""recovery_weeks"":4}]"
A,314,359,Supplier-cluster shock,False,,False,Non-failure,Unclassified,Unclassified,3,0.9145321168289786,170.1379496358271,False,True,True,True,False,"[{""target"":""S1B"",""magnitude"":0.31104137152328654,""start_week"":17,""duration_weeks"":6,""recovery_weeks"":2},{""target"":""S1A"",""magnitude"":0.4423027371347982,""start_week"":42,""duration_weeks"":5,""recovery_weeks"":2},{""target"":""corridor"",""magnitude"":0.27448694778798244,""start_week"":50,""duration_weeks"":1,""recovery_weeks"":2}]"
A,314,360,Supplier-cluster shock,True,True,True,Structural,Concentrated dependency,Concentrated dependency,3,0.6745107257153871,1718.3412324052995,False,True,False,False,True,"[{""target"":""corridor"",""magnitude"":0.45324720313623934,""start_week"":15,""duration_weeks"":4,""recovery_weeks"":3},{""target"":""demand"",""magnitude"":0.08078893538497631,""start_week"":16,""duration_weeks"":8,""recovery_weeks"":2},{""target"":""S1C"",""magnitude"":0.4989872628558585,""start_week"":23,""duration_weeks"":1,""recovery_weeks"":3}]"
A,314,361,Supplier-cluster shock,False,,False,Non-failure,Unclassified,Unclassified,1,1.0,0.0,False,True,False,False,False,"[{""target"":""corridor"",""magnitude"":0.22555991965795952,""start_week"":47,""duration_weeks"":1,""recovery_weeks"":3}]"
A,314,362,Supplier-cluster shock,False,,False,Non-failure,Unclassified,Unclassified,2,0.9056230207952811,186.44270062669966,False,False,False,False,False,"[{""target"":""demand"",""magnitude"":0.10421221307055649,""start_week"":17,""duration_weeks"":13,""recovery_weeks"":2},{""target"":""demand"",""magnitude"":0.16426154482904642,""start_week"":40,""duration_weeks"":12,""recovery_weeks"":3}]"
A,314,363,Supplier-cluster shock,True,False,True,Adaptation-limited,Concentrated dependency,Concentrated dependency,4,0.7592252223230112,650.09189972787,False,True,True,True,True,"[{""target"":""corridor"",""magnitude"":0.4305810832577416,""start_week"":7,""duration_weeks"":2,""recovery_weeks"":1},{""target"":""S1C"",""magnitude"":0.45945386354787443,""start_week"":11,""duration_weeks"":4,""recovery_weeks"":2},{""target"":""S1B"",""magnitude"":0.20338631351569775,""start_week"":25,""duration_weeks"":1,""recovery_weeks"":1},{""target"":""S1A"",""magnitude"":0.4074748586626813,""start_week"":47,""duration_weeks"":1,""recovery_weeks"":2}]"
A,314,364,Supplier-cluster shock,True,True,False,Structural,Compounding moderate disturbance,Compounding moderate disturbance,4,0.8826272264316896,335.6296737802677,True,True,True,False,False,"[{""target"":""T2P"",""magnitude"":0.23726864568990866,""start_week"":4,""duration_weeks"":1,""recovery_weeks"":2},{""target"":""corridor"",""magnitude"":0.26611956735383824,""start_week"":7,""duration_weeks"":1,""recovery_weeks"":2},{""target"":""demand"",""magnitude"":0.14083076613519158,""start_week"":33,""duration_weeks"":6,""recovery_weeks"":2},{""target"":""S1A"",""magnitude"":0.42922431332816813,""start_week"":35,""duration_weeks"":4,""recovery_weeks"":2}]"
A,314,365,Supplier-cluster shock,False,,False,Non-failure,Unclassified,Unclassified,3,0.8456548586828235,182.56620702201724,False,False,True,False,False,"[{""target"":""demand"",""magnitude"":0.1825155259647907,""start_week"":7,""duration_weeks"":1,""recovery_weeks"":4},{""target"":""demand"",""magnitude"":0.17059173037152348,""start_week"":28,""duration_weeks"":1,""recovery_weeks"":4},{""target"":""S1A"",""magnitude"":0.4462471284715699,""start_week"":45,""duration_weeks"":4,""recovery_weeks"":2}]"
A,314,366,Supplier-cluster shock,False,,False,Non-failure,Unclassified,Unclassified,2,1.0,0.0,False,True,False,False,False,"[{""target"":""corridor"",""magnitude"":0.19243256024813848,""start_week"":16,""duration_weeks"":7,""recovery_weeks"":1},{""target"":""corridor"",""magnitude"":0.24893977916309606,""start_week"":29,""duration_weeks"":2,""recovery_weeks"":1}]"
A,314,367,Supplier-cluster shock,True,False,True,Adaptation-limited,Concentrated dependency,Concentrated dependency,3,0.7382428951650105,805.344949963041,False,True,True,False,False,"[{""target"":""S1A"",""magnitude"":0.30193313000946975,""start_week"":25,""duration_weeks"":3,""recovery_weeks"":4},{""target"":""corridor"",""magnitude"":0.44631782862624203,""start_week"":27,""duration_weeks"":2,""recovery_weeks"":3},{""target"":""demand"",""magnitude"":0.1884613512534522,""start_week"":46,""duration_weeks"":1,""recovery_weeks"":1}]"
A,314,368,Supplier-cluster shock,False,,False,Non-failure,Unclassified,Unclassified,4,0.9297055537838779,93.43056284844329,False,False,False,True,False,"[{""target"":""demand"",""magnitude"":0.07560936463165746,""start_week"":29,""duration_weeks"":1,""recovery_weeks"":3},{""target"":""demand"",""magnitude"":0.12282377307936031,""start_week"":31,""duration_weeks"":1,""recovery_weeks"":3},{""target"":""S1B"",""magnitude"":0.3286814259663382,""start_week"":36,""duration_weeks"":2,""recovery_weeks"":4},{""target"":""demand"",""magnitude"":0.14559743526804375,""start_week"":42,""duration_weeks"":2,""recovery_weeks"":2}]"
A,314,369,Supplier-cluster shock,False,,False,Non-failure,Unclassified,Unclassified,2,0.9433507079859638,116.50769190009078,False,False,False,True,True,"[{""target"":""S1C"",""magnitude"":0.2578937114158816,""start_week"":29,""duration_weeks"":3,""recovery_weeks"":1},{""target"":""S1B"",""magnitude"":0.37746090703158147,""start_week"":42,""duration_weeks"":5,""recovery_weeks"":2}]"
A,314,370,Supplier-cluster shock,False,,False,Non-failure,Unclassified,Unclassified,3,0.9579288905170372,88.34932991422193,True,False,False,True,True,"[{""target"":""T2P"",""magnitude"":0.3703863461953113,""start_week"":6,""duration_weeks"":1,""recovery_weeks"":1},{""target"":""S1C"",""magnitude"":0.34465999633666644,""start_week"":19,""duration_weeks"":3,""recovery_weeks"":2},{""target"":""S1B"",""magnitude"":0.2869084542799234,""start_week"":28,""duration_weeks"":1,""recovery_weeks"":3}]"
A,314,371,Supplier-cluster shock,True,True,True,Structural,Concentrated dependency; Hidden convergent dependency; Propagation-amplified cascade,Hidden convergent dependency,5,0.778967910108298,1492.2070339568636,True,False,True,True,True,"[{""target"":""T2P"",""magnitude"":0.2989288809025319,""start_week"":5,""duration_weeks"":9,""recovery_weeks"":3},{""target"":""S1C"",""magnitude"":0.2596758269899027,""start_week"":13,""duration_weeks"":8,""recovery_weeks"":3},{""target"":""S1B"",""magnitude"":0.3707383948288435,""start_week"":23,""duration_weeks"":2,""recovery_weeks"":2},{""target"":""S1A"",""magnitude"":0.2459673474581009,""start_week"":40,""duration_weeks"":2,""recovery_weeks"":1},{""target"":""S1B"",""magnitude"":0.3098652719873644,""start_week"":41,""duration_weeks"":10,""recovery_weeks"":1}]"
A,314,372,Supplier-cluster shock,True,True,False,Structural,Concentrated dependency; Propagation-amplified cascade,Propagation-amplified cascade,3,0.8712085065050873,240.90753461039253,True,False,True,True,False,"[{""target"":""T2P"",""magnitude"":0.2449842001594158,""start_week"":24,""duration_weeks"":1,""recovery_weeks"":4},{""target"":""S1B"",""magnitude"":0.5397808603635535,""start_week"":44,""duration_weeks"":1,""recovery_weeks"":4},{""target"":""S1A"",""magnitude"":0.21446509064739333,""start_week"":45,""duration_weeks"":5,""recovery_weeks"":2}]"
A,314,373,Supplier-cluster shock,False,,False,Non-failure,Unclassified,Unclassified,2,0.9068973299071809,181.8530600751153,False,False,True,False,True,"[{""target"":""S1A"",""magnitude"":0.4059750555536903,""start_week"":17,""duration_weeks"":4,""recovery_weeks"":1},{""target"":""S1C"",""magnitude"":0.45948100770884326,""start_week"":27,""duration_weeks"":3,""recovery_weeks"":4}]"
A,314,374,Supplier-cluster shock,False,,False,Non-failure,Unclassified,Unclassified,0,1.0,0.0,False,False,False,False,False,[]
A,314,375,Supplier-cluster shock,False,,False,Non-failure,Unclassified,Unclassified,3,0.7163671387545743,315.3731617753954,True,False,False,False,False,"[{""target"":""T2P"",""magnitude"":0.34151660471738676,""start_week"":15,""duration_weeks"":2,""recovery_weeks"":1},{""target"":""T2P"",""magnitude"":0.3552695751208831,""start_week"":25,""duration_weeks"":1,""recovery_weeks"":1},{""target"":""demand"",""magnitude"":0.21126899854526066,""start_week"":26,""duration_weeks"":1,""recovery_weeks"":1}]"
A,314,376,Supplier-cluster shock,True,True,False,Structural,Concentrated dependency,Concentrated dependency,1,0.8745334451366309,225.8397987540643,False,False,False,False,True,"[{""target"":""S1C"",""magnitude"":0.5322997484425804,""start_week"":49,""duration_weeks"":1,""recovery_weeks"":2}]"
A,314,377,Supplier-cluster shock,True,True,True,Structural,Concentrated dependency; Propagation-amplified cascade,Propagation-amplified cascade,7,0.71158999808293,1104.0958896921786,True,True,False,True,True,"[{""target"":""T2P"",""magnitude"":0.35956900172536305,""start_week"":1,""duration_weeks"":4,""recovery_weeks"":2},{""target"":""corridor"",""magnitude"":0.2765851120385652,""start_week"":2,""duration_weeks"":1,""recovery_weeks"":4},{""target"":""corridor"",""magnitude"":0.3958336003228373,""start_week"":7,""duration_weeks"":3,""recovery_weeks"":4},{""target"":""S1B"",""magnitude"":0.5534428322220658,""start_week"":34,""duration_weeks"":4,""recovery_weeks"":4},{""target"":""S1C"",""magnitude"":0.5185345859601628,""start_week"":39,""duration_weeks"":3,""recovery_weeks"":2},{""target"":""S1B"",""magnitude"":0.35431883455414903,""start_week"":50,""duration_weeks"":3,""recovery_weeks"":2},{""target"":""S1C"",""magnitude"":0.37000900053414876,""start_week"":51,""duration_weeks"":1,""recovery_weeks"":2}]"
A,314,378,Supplier-cluster shock,True,True,True,Structural,Compounding moderate disturbance,Compounding moderate disturbance,6,0.7029395828879308,1513.856549053383,False,True,False,False,False,"[{""target"":""corridor"",""magnitude"":0.20446319809770547,""start_week"":2,""duration_weeks"":3,""recovery_weeks"":3},{""target"":""corridor"",""magnitude"":0.2872316268237875,""start_week"":3,""duration_weeks"":7,""recovery_weeks"":2},{""target"":""demand"",""magnitude"":0.08895885574506256,""start_week"":27,""duration_weeks"":3,""recovery_weeks"":2},{""target"":""corridor"",""magnitude"":0.35416775050477456,""start_week"":29,""duration_weeks"":2,""recovery_weeks"":2},{""target"":""corridor"",""magnitude"":0.39135821467249815,""start_week"":33,""duration_weeks"":4,""recovery_weeks"":2},{""target"":""demand"",""magnitude"":0.15446960192886125,""start_week"":36,""duration_weeks"":1,""recovery_weeks"":1}]"
A,314,379,Supplier-cluster shock,False,,False,Non-failure,Unclassified,Unclassified,3,0.8918735994381081,130.59856521210168,False,False,True,False,True,"[{""target"":""demand"",""magnitude"":0.08963484239167016,""start_week"":2,""duration_weeks"":3,""recovery_weeks"":2},{""target"":""S1A"",""magnitude"":0.49328440126425666,""start_week"":33,""duration_weeks"":2,""recovery_weeks"":1},{""target"":""S1C"",""magnitude"":0.2095700370024147,""start_week"":51,""duration_weeks"":7,""recovery_weeks"":3}]"
A,314,380,Supplier-cluster shock,True,True,True,Structural,Concentrated dependency,Concentrated dependency,2,0.6553407779274211,4919.607601650855,True,True,False,False,False,"[{""target"":""corridor"",""magnitude"":0.43992814344621656,""start_week"":17,""duration_weeks"":12,""recovery_weeks"":4},{""target"":""T2P"",""magnitude"":0.41019329986532105,""start_week"":36,""duration_weeks"":8,""recovery_weeks"":2}]"
A,314,381,Supplier-cluster shock,False,,False,Non-failure,Unclassified,Unclassified,2,0.9481054323187045,58.3642374225883,False,True,False,False,False,"[{""target"":""corridor"",""magnitude"":0.2597273729037647,""start_week"":9,""duration_weeks"":4,""recovery_weeks"":2},{""target"":""demand"",""magnitude"":0.12313368998166126,""start_week"":35,""duration_weeks"":1,""recovery_weeks"":2}]"
A,314,382,Supplier-cluster shock,False,,False,Non-failure,Unclassified,Unclassified,0,1.0,0.0,False,False,False,False,False,[]
A,314,383,Supplier-cluster shock,True,False,False,Adaptation-limited,Hidden convergent dependency; Compounding moderate disturbance; Propagation-amplified cascade,Hidden convergent dependency,4,0.8172375426491676,469.8255580132957,True,True,False,False,False,"[{""target"":""demand"",""magnitude"":0.11107887753382925,""start_week"":8,""duration_weeks"":5,""recovery_weeks"":1},{""target"":""T2P"",""magnitude"":0.25940657807842304,""start_week"":12,""duration_weeks"":4,""recovery_weeks"":3},{""target"":""corridor"",""magnitude"":0.260134340799105,""start_week"":14,""duration_weeks"":4,""recovery_weeks"":1},{""target"":""corridor"",""magnitude"":0.3870718430131245,""start_week"":45,""duration_weeks"":1,""recovery_weeks"":3}]"
A,314,384,Supplier-cluster shock,False,,False,Non-failure,Unclassified,Unclassified,1,0.9025712546182224,97.15118933262511,False,False,False,False,False,"[{""target"":""demand"",""magnitude"":0.1079457659251388,""start_week"":4,""duration_weeks"":1,""recovery_weeks"":3}]"
A,314,385,Supplier-cluster shock,False,,False,Non-failure,Unclassified,Unclassified,4,0.9137093262057293,210.0112995332786,False,False,True,True,True,"[{""target"":""S1A"",""magnitude"":0.3585719368380121,""start_week"":24,""duration_weeks"":6,""recovery_weeks"":1},{""target"":""S1B"",""magnitude"":0.3878574561951772,""start_week"":29,""duration_weeks"":2,""recovery_weeks"":2},{""target"":""S1C"",""magnitude"":0.3319203089749062,""start_week"":36,""duration_weeks"":1,""recovery_weeks"":3},{""target"":""S1B"",""magnitude"":0.2579461003917282,""start_week"":50,""duration_weeks"":2,""recovery_weeks"":3}]"
A,314,386,Supplier-cluster shock,True,False,True,Adaptation-limited,Compounding moderate disturbance,Compounding moderate disturbance,3,0.81230438519217,642.7037859118179,False,True,False,False,False,"[{""target"":""corridor"",""magnitude"":0.26135238123949917,""start_week"":9,""duration_weeks"":4,""recovery_weeks"":1},{""target"":""demand"",""magnitude"":0.2124315830791373,""start_week"":12,""duration_weeks"":5,""recovery_weeks"":3},{""target"":""corridor"",""magnitude"":0.2036499306583833,""start_week"":31,""duration_weeks"":2,""recovery_weeks"":1}]"
A,314,387,Supplier-cluster shock,True,True,True,Structural,Concentrated dependency,Concentrated dependency,4,0.7968704807554928,1349.3449569391228,True,True,False,True,True,"[{""target"":""S1B"",""magnitude"":0.5234850068432682,""start_week"":17,""duration_weeks"":15,""recovery_weeks"":1},{""target"":""S1C"",""magnitude"":0.4431943004743053,""start_week"":23,""duration_weeks"":6,""recovery_weeks"":1},{""target"":""T2P"",""magnitude"":0.3864699845278269,""start_week"":29,""duration_weeks"":2,""recovery_weeks"":3},{""target"":""corridor"",""magnitude"":0.4023471394333804,""start_week"":48,""duration_weeks"":5,""recovery_weeks"":1}]"
A,314,388,Supplier-cluster shock,False,,False,Non-failure,Unclassified,Unclassified,2,0.9785893749174961,38.53912514850708,False,False,False,True,True,"[{""target"":""S1C"",""magnitude"":0.2230756930548638,""start_week"":12,""duration_weeks"":8,""recovery_weeks"":4},{""target"":""S1B"",""magnitude"":0.2981739064356338,""start_week"":38,""duration_weeks"":1,""recovery_weeks"":2}]"
A,314,389,Supplier-cluster shock,True,True,True,Structural,Concentrated dependency; Hidden convergent dependency; Propagation-amplified cascade,Hidden convergent dependency,6,0.4541504146188665,3489.6161815653904,True,False,False,False,False,"[{""target"":""T2P"",""magnitude"":0.44274664302714184,""start_week"":14,""duration_weeks"":3,""recovery_weeks"":2},{""target"":""T2P"",""magnitude"":0.26651788088395884,""start_week"":16,""duration_weeks"":5,""recovery_weeks"":2},{""target"":""T2P"",""magnitude"":0.3968426965616403,""start_week"":32,""duration_weeks"":7,""recovery_weeks"":1},{""target"":""T2P"",""magnitude"":0.18685860882943567,""start_week"":42,""duration_weeks"":2,""recovery_weeks"":3},{""target"":""T2P"",""magnitude"":0.3682807782367038,""start_week"":48,""duration_weeks"":2,""recovery_weeks"":4},{""target"":""demand"",""magnitude"":0.06618272281052225,""start_week"":51,""duration_weeks"":1,""recovery_weeks"":2}]"
A,314,390,Supplier-cluster shock,True,True,False,Structural,Concentrated dependency,Concentrated dependency,2,0.8028589258529433,412.9241585139654,False,True,False,False,False,"[{""target"":""corridor"",""magnitude"":0.39785580561029255,""start_week"":13,""duration_weeks"":1,""recovery_weeks"":4},{""target"":""corridor"",""magnitude"":0.3811185050973175,""start_week"":41,""duration_weeks"":1,""recovery_weeks"":1}]"
A,314,391,Supplier-cluster shock,True,True,True,Structural,Concentrated dependency,Concentrated dependency,4,0.4895654898637085,3436.433302028562,False,True,False,False,False,"[{""target"":""corridor"",""magnitude"":0.21056450273744828,""start_week"":5,""duration_weeks"":2,""recovery_weeks"":1},{""target"":""corridor"",""magnitude"":0.34938073976919315,""start_week"":17,""duration_weeks"":16,""recovery_weeks"":3},{""target"":""corridor"",""magnitude"":0.58442829993719,""start_week"":35,""duration_weeks"":2,""recovery_weeks"":3},{""target"":""demand"",""magnitude"":0.12164031079861713,""start_week"":46,""duration_weeks"":1,""recovery_weeks"":4}]"
A,314,392,Supplier-cluster shock,False,,False,Non-failure,Unclassified,Unclassified,4,0.8714832298057062,258.9220730047988,True,False,True,False,True,"[{""target"":""T2P"",""magnitude"":0.21784068104596518,""start_week"":12,""duration_weeks"":1,""recovery_weeks"":2},{""target"":""demand"",""magnitude"":0.14042134968383108,""start_week"":21,""duration_weeks"":1,""recovery_weeks"":2},{""target"":""S1A"",""magnitude"":0.4880398855337921,""start_week"":29,""duration_weeks"":2,""recovery_weeks"":1},{""target"":""S1C"",""magnitude"":0.539162732937161,""start_week"":40,""duration_weeks"":2,""recovery_weeks"":1}]"
A,314,393,Supplier-cluster shock,False,,False,Non-failure,Unclassified,Unclassified,3,0.9264280658822466,240.04414333580314,False,True,False,True,True,"[{""target"":""corridor"",""magnitude"":0.21426750316959964,""start_week"":11,""duration_weeks"":1,""recovery_weeks"":1},{""target"":""S1B"",""magnitude"":0.3710664946643276,""start_week"":41,""duration_weeks"":19,""recovery_weeks"":2},{""target"":""S1C"",""magnitude"":0.37518135354350274,""start_week"":44,""duration_weeks"":1,""recovery_weeks"":2}]"
A,314,394,Supplier-cluster shock,True,True,False,Structural,Concentrated dependency; Propagation-amplified cascade,Propagation-amplified cascade,2,0.8970054776098455,185.39014030227804,True,False,True,False,False,"[{""target"":""T2P"",""magnitude"":0.17696567821808548,""start_week"":37,""duration_weeks"":1,""recovery_weeks"":2},{""target"":""S1A"",""magnitude"":0.4817376753778475,""start_week"":45,""duration_weeks"":1,""recovery_weeks"":3}]"
A,314,395,Supplier-cluster shock,True,True,False,Structural,Compounding moderate disturbance,Compounding moderate disturbance,5,0.7335959148580371,1091.6685514073888,False,True,False,False,False,"[{""target"":""demand"",""magnitude"":0.15481366902459537,""start_week"":13,""duration_weeks"":2,""recovery_weeks"":1},{""target"":""corridor"",""magnitude"":0.30273715914040555,""start_week"":27,""duration_weeks"":6,""recovery_weeks"":1},{""target"":""demand"",""magnitude"":0.08022255486133648,""start_week"":30,""duration_weeks"":7,""recovery_weeks"":1},{""target"":""demand"",""magnitude"":0.11322439864453,""start_week"":35,""duration_weeks"":4,""recovery_weeks"":4},{""target"":""demand"",""magnitude"":0.13356685408517213,""start_week"":37,""duration_weeks"":3,""recovery_weeks"":1}]"
A,314,396,Supplier-cluster shock,True,True,True,Structural,Concentrated dependency; Hidden convergent dependency; Propagation-amplified cascade,Hidden convergent dependency,5,0.6257274936357751,1598.3484337163013,True,False,True,True,False,"[{""target"":""S1B"",""magnitude"":0.37125200236621697,""start_week"":11,""duration_weeks"":1,""recovery_weeks"":2},{""target"":""S1A"",""magnitude"":0.5315229118854276,""start_week"":13,""duration_weeks"":4,""recovery_weeks"":3},{""target"":""T2P"",""magnitude"":0.4368452557278024,""start_week"":14,""duration_weeks"":5,""recovery_weeks"":1},{""target"":""demand"",""magnitude"":0.08254227661567812,""start_week"":25,""duration_weeks"":4,""recovery_weeks"":2},{""target"":""T2P"",""magnitude"":0.2303520992868665,""start_week"":46,""duration_weeks"":2,""recovery_weeks"":2}]"
A,314,397,Supplier-cluster shock,True,True,False,Structural,Concentrated dependency,Concentrated dependency,2,0.8812561676552728,249.3620479239271,True,False,False,True,False,"[{""target"":""S1B"",""magnitude"":0.517173622775636,""start_week"":5,""duration_weeks"":2,""recovery_weeks"":1},{""target"":""T2P"",""magnitude"":0.33247341570847144,""start_week"":11,""duration_weeks"":1,""recovery_weeks"":3}]"
A,314,398,Supplier-cluster shock,True,True,False,Structural,Hidden convergent dependency; Compounding moderate disturbance; Recovery lag and temporal overlap,Hidden convergent dependency,3,0.7662241393100342,665.5915080157777,True,False,False,True,False,"[{""target"":""T2P"",""magnitude"":0.2167762792607698,""start_week"":11,""duration_weeks"":1,""recovery_weeks"":4},{""target"":""demand"",""magnitude"":0.30510114298992896,""start_week"":14,""duration_weeks"":2,""recovery_weeks"":2},{""target"":""S1B"",""magnitude"":0.23529378422027264,""start_week"":51,""duration_weeks"":2,""recovery_weeks"":1}]"
A,314,399,Supplier-cluster shock,True,True,True,Structural,Concentrated dependency; Propagation-amplified cascade,Propagation-amplified cascade,4,0.7208354914624816,1156.2402884188327,True,True,False,False,False,"[{""target"":""corridor"",""magnitude"":0.3101337685857527,""start_week"":4,""duration_weeks"":2,""recovery_weeks"":4},{""target"":""demand"",""magnitude"":0.07953894042376446,""start_week"":12,""duration_weeks"":3,""recovery_weeks"":3},{""target"":""T2P"",""magnitude"":0.36102375884364324,""start_week"":19,""duration_weeks"":2,""recovery_weeks"":4},{""target"":""corridor"",""magnitude"":0.45937338140313877,""start_week"":46,""duration_weeks"":12,""recovery_weeks"":4}]"
A,314,400,Supplier-cluster shock,True,True,False,Structural,Concentrated dependency; Hidden convergent dependency; Propagation-amplified cascade,Hidden convergent dependency,1,0.528489468028896,673.0784363219806,True,False,False,False,False,"[{""target"":""T2P"",""magnitude"":0.5243594787739935,""start_week"":45,""duration_weeks"":3,""recovery_weeks"":2}]"
A,314,401,Supplier-cluster shock,True,True,True,Structural,Concentrated dependency; Hidden convergent dependency,Hidden convergent dependency,2,0.6330392783584561,2008.4157781540498,True,False,False,False,False,"[{""target"":""demand"",""magnitude"":0.16796250844026658,""start_week"":5,""duration_weeks"":2,""recovery_weeks"":2},{""target"":""T2P"",""magnitude"":0.4302646494773895,""start_week"":35,""duration_weeks"":7,""recovery_weeks"":2}]"
A,314,402,Supplier-cluster shock,False,,False,Non-failure,Unclassified,Unclassified,2,0.7901584307656269,188.85741231093584,True,False,False,False,False,"[{""target"":""T2P"",""magnitude"":0.49442870615546797,""start_week"":3,""duration_weeks"":1,""recovery_weeks"":1},{""target"":""T2P"",""magnitude"":0.2732729495338734,""start_week"":19,""duration_weeks"":4,""recovery_weeks"":1}]"
A,314,403,Supplier-cluster shock,True,True,True,Structural,Concentrated dependency; Hidden convergent dependency; Propagation-amplified cascade,Hidden convergent dependency,3,0.5536252934560864,1057.626979757751,True,False,False,False,False,"[{""target"":""T2P"",""magnitude"":0.47588581325010193,""start_week"":33,""duration_weeks"":2,""recovery_weeks"":1},{""target"":""T2P"",""magnitude"":0.27341443526292236,""start_week"":43,""duration_weeks"":3,""recovery_weeks"":2},{""target"":""T2P"",""magnitude"":0.31424076076878965,""start_week"":46,""duration_weeks"":2,""recovery_weeks"":2}]"
A,314,404,Supplier-cluster shock,True,True,True,Structural,Concentrated dependency,Concentrated dependency,5,0.5713185876501774,999.894803353151,True,True,False,False,False,"[{""target"":""corridor"",""magnitude"":0.36485122563509126,""start_week"":7,""duration_weeks"":1,""recovery_weeks"":3},{""target"":""corridor"",""magnitude"":0.3253723253011339,""start_week"":8,""duration_weeks"":2,""recovery_weeks"":2},{""target"":""corridor"",""magnitude"":0.3057983095354112,""start_week"":31,""duration_weeks"":1,""recovery_weeks"":1},{""target"":""T2P"",""magnitude"":0.3511442912884071,""start_week"":34,""duration_weeks"":1,""recovery_weeks"":3},{""target"":""T2P"",""magnitude"":0.26171460970859173,""start_week"":35,""duration_weeks"":1,""recovery_weeks"":2}]"
A,314,405,Supplier-cluster shock,True,False,False,Adaptation-limited,Concentrated dependency; Hidden convergent dependency; Propagation-amplified cascade,Hidden convergent dependency,3,0.6608934961182993,723.3813407208878,True,False,False,True,False,"[{""target"":""T2P"",""magnitude"":0.16907795982580856,""start_week"":1,""duration_weeks"":1,""recovery_weeks"":4},{""target"":""T2P"",""magnitude"":0.4051958534935307,""start_week"":8,""duration_weeks"":3,""recovery_weeks"":2},{""target"":""S1B"",""magnitude"":0.25054762589306473,""start_week"":27,""duration_weeks"":1,""recovery_weeks"":1}]"
A,314,406,Supplier-cluster shock,False,,False,Non-failure,Unclassified,Unclassified,2,0.884119527167774,230.04697884302482,True,False,False,False,False,"[{""target"":""T2P"",""magnitude"":0.27238990073200475,""start_week"":20,""duration_weeks"":3,""recovery_weeks"":4},{""target"":""T2P"",""magnitude"":0.2747891808684897,""start_week"":49,""duration_weeks"":3,""recovery_weeks"":2}]"
A,314,407,Supplier-cluster shock,False,,False,Non-failure,Unclassified,Unclassified,2,0.885088459987466,116.84751376460736,False,False,False,False,False,"[{""target"":""demand"",""magnitude"":0.12983057084956362,""start_week"":12,""duration_weeks"":6,""recovery_weeks"":3},{""target"":""demand"",""magnitude"":0.11842088602441661,""start_week"":46,""duration_weeks"":1,""recovery_weeks"":1}]"
A,314,408,Supplier-cluster shock,False,,False,Non-failure,Unclassified,Unclassified,3,0.9097015462942485,81.2686083351764,True,False,True,True,False,"[{""target"":""T2P"",""magnitude"":0.4406343041675881,""start_week"":6,""duration_weeks"":1,""recovery_weeks"":1},{""target"":""S1A"",""magnitude"":0.22188318108657312,""start_week"":8,""duration_weeks"":2,""recovery_weeks"":4},{""target"":""S1B"",""magnitude"":0.2771729630418477,""start_week"":45,""duration_weeks"":1,""recovery_weeks"":4}]"
A,314,409,Supplier-cluster shock,False,,False,Non-failure,Unclassified,Unclassified,1,0.8957548761487174,104.73915795974722,False,False,False,False,False,"[{""target"":""demand"",""magnitude"":0.11637684217749698,""start_week"":24,""duration_weeks"":5,""recovery_weeks"":1}]"
A,314,410,Supplier-cluster shock,True,True,True,Structural,Concentrated dependency; Propagation-amplified cascade,Propagation-amplified cascade,2,0.8118575528449986,677.3128097580048,True,True,False,False,False,"[{""target"":""T2P"",""magnitude"":0.24365750848081755,""start_week"":7,""duration_weeks"":1,""recovery_weeks"":3},{""target"":""corridor"",""magnitude"":0.3911068353662511,""start_week"":11,""duration_weeks"":3,""recovery_weeks"":1}]"
A,314,411,Supplier-cluster shock,True,True,True,Structural,Concentrated dependency; Hidden convergent dependency; Propagation-amplified cascade,Hidden convergent dependency,3,0.5648619135230257,1646.9182579352673,True,True,False,False,False,"[{""target"":""corridor"",""magnitude"":0.2198642609101947,""start_week"":2,""duration_weeks"":1,""recovery_weeks"":1},{""target"":""T2P"",""magnitude"":0.33916295234062194,""start_week"":3,""duration_weeks"":3,""recovery_weeks"":2},{""target"":""T2P"",""magnitude"":0.49162427782927687,""start_week"":8,""duration_weeks"":1,""recovery_weeks"":4}]"
A,314,412,Supplier-cluster shock,False,,False,Non-failure,Unclassified,Unclassified,3,0.9038580889431134,181.2645714066216,False,False,True,True,True,"[{""target"":""S1B"",""magnitude"":0.2807842431408466,""start_week"":10,""duration_weeks"":2,""recovery_weeks"":4},{""target"":""S1A"",""magnitude"":0.4355350567371481,""start_week"":11,""duration_weeks"":1,""recovery_weeks"":2},{""target"":""S1C"",""magnitude"":0.3986440356028173,""start_week"":20,""duration_weeks"":2,""recovery_weeks"":4}]"
A,314,413,Supplier-cluster shock,False,,False,Non-failure,Unclassified,Unclassified,2,0.9710267776333027,52.1518002600551,True,True,False,False,False,"[{""target"":""corridor"",""magnitude"":0.2717299167750229,""start_week"":19,""duration_weeks"":1,""recovery_weeks"":4},{""target"":""T2P"",""magnitude"":0.1960215980453653,""start_week"":31,""duration_weeks"":2,""recovery_weeks"":1}]"
A,314,414,Supplier-cluster shock,True,True,True,Structural,Hidden convergent dependency; Compounding moderate disturbance; Recovery lag and temporal overlap,Hidden convergent dependency,3,0.8023212741070765,1040.6139418815403,True,False,False,False,False,"[{""target"":""demand"",""magnitude"":0.14893837920177938,""start_week"":28,""duration_weeks"":1,""recovery_weeks"":4},{""target"":""T2P"",""magnitude"":0.1838604286141837,""start_week"":29,""duration_weeks"":9,""recovery_weeks"":3},{""target"":""demand"",""magnitude"":0.1302476641834839,""start_week"":40,""duration_weeks"":2,""recovery_weeks"":2}]"
A,314,415,Supplier-cluster shock,False,,False,Non-failure,Unclassified,Unclassified,2,0.9225449142243592,69.70957719807666,True,True,False,False,False,"[{""target"":""T2P"",""magnitude"":0.21593230132350938,""start_week"":32,""duration_weeks"":1,""recovery_weeks"":4},{""target"":""corridor"",""magnitude"":0.3080913143317304,""start_week"":50,""duration_weeks"":2,""recovery_weeks"":4}]"
A,314,416,Supplier-cluster shock,False,,False,Non-failure,Unclassified,Unclassified,3,0.9103952143413795,88.58164654468237,True,False,False,False,False,"[{""target"":""demand"",""magnitude"":0.09842405171631377,""start_week"":29,""duration_weeks"":1,""recovery_weeks"":1},{""target"":""demand"",""magnitude"":0.22166183878285134,""start_week"":42,""duration_weeks"":1,""recovery_weeks"":4},{""target"":""T2P"",""magnitude"":0.4688059189553664,""start_week"":49,""duration_weeks"":2,""recovery_weeks"":3}]"
A,314,417,Supplier-cluster shock,True,True,False,Structural,Concentrated dependency,Concentrated dependency,1,0.8825964764401636,633.979027223117,False,True,False,False,False,"[{""target"":""corridor"",""magnitude"":0.33805264266987733,""start_week"":39,""duration_weeks"":5,""recovery_weeks"":2}]"
A,314,418,Supplier-cluster shock,True,True,True,Structural,Concentrated dependency,Concentrated dependency,5,0.6769928349248119,1796.9548714602902,True,True,True,False,True,"[{""target"":""T2P"",""magnitude"":0.2046604380826813,""start_week"":2,""duration_weeks"":2,""recovery_weeks"":4},{""target"":""demand"",""magnitude"":0.19776125779550563,""start_week"":8,""duration_weeks"":9,""recovery_weeks"":3},{""target"":""corridor"",""magnitude"":0.39184315789143404,""start_week"":9,""duration_weeks"":3,""recovery_weeks"":3},{""target"":""S1A"",""magnitude"":0.35676831440060575,""start_week"":34,""duration_weeks"":1,""recovery_weeks"":4},{""target"":""S1C"",""magnitude"":0.2880063239232057,""start_week"":49,""duration_weeks"":1,""recovery_weeks"":2}]"
A,314,419,Supplier-cluster shock,True,False,True,Adaptation-limited,Concentrated dependency; Hidden convergent dependency; Propagation-amplified cascade,Hidden convergent dependency,2,0.6570834677271442,943.124395227851,True,False,False,False,False,"[{""target"":""T2P"",""magnitude"":0.4086248790455702,""start_week"":16,""duration_weeks"":4,""recovery_weeks"":1},{""target"":""T2P"",""magnitude"":0.3506470223825491,""start_week"":51,""duration_weeks"":1,""recovery_weeks"":1}]"
A,314,420,Supplier-cluster shock,False,,False,Non-failure,Unclassified,Unclassified,1,1.0,0.0,True,False,False,False,False,"[{""target"":""T2P"",""magnitude"":0.30673875969460535,""start_week"":10,""duration_weeks"":1,""recovery_weeks"":3}]"
A,314,421,Supplier-cluster shock,True,False,True,Adaptation-limited,Concentrated dependency,Concentrated dependency,2,0.7083802487485187,673.7846760795385,False,True,False,False,False,"[{""target"":""corridor"",""magnitude"":0.468714813438611,""start_week"":11,""duration_weeks"":1,""recovery_weeks"":2},{""target"":""corridor"",""magnitude"":0.4471909626735695,""start_week"":36,""duration_weeks"":2,""recovery_weeks"":3}]"
A,314,422,Supplier-cluster shock,False,,False,Non-failure,Unclassified,Unclassified,5,0.8852194296353251,121.37994207212796,False,True,True,False,False,"[{""target"":""demand"",""magnitude"":0.10292605483333288,""start_week"":6,""duration_weeks"":2,""recovery_weeks"":3},{""target"":""corridor"",""magnitude"":0.31214637229845776,""start_week"":13,""duration_weeks"":1,""recovery_weeks"":3},{""target"":""demand"",""magnitude"":0.17499505250647557,""start_week"":22,""duration_weeks"":2,""recovery_weeks"":1},{""target"":""demand"",""magnitude"":0.2145582195191051,""start_week"":33,""duration_weeks"":1,""recovery_weeks"":2},{""target"":""S1A"",""magnitude"":0.49488051990301984,""start_week"":38,""duration_weeks"":2,""recovery_weeks"":3}]"
A,314,423,Supplier-cluster shock,False,,False,Non-failure,Unclassified,Unclassified,2,0.9407222015534871,122.74181322004222,False,False,False,True,True,"[{""target"":""S1B"",""magnitude"":0.30156285148102513,""start_week"":33,""duration_weeks"":3,""recovery_weeks"":3},{""target"":""S1C"",""magnitude"":0.3833750465046539,""start_week"":39,""duration_weeks"":8,""recovery_weeks"":2}]"
A,314,424,Supplier-cluster shock,True,False,False,Adaptation-limited,Concentrated dependency; Hidden convergent dependency; Propagation-amplified cascade,Hidden convergent dependency,3,0.6709126562453477,644.2679140687806,True,False,True,True,False,"[{""target"":""T2P"",""magnitude"":0.5480893046895935,""start_week"":36,""duration_weeks"":1,""recovery_weeks"":3},{""target"":""S1A"",""magnitude"":0.3813795401649386,""start_week"":44,""duration_weeks"":3,""recovery_weeks"":4},{""target"":""S1B"",""magnitude"":0.21242485948328452,""start_week"":51,""duration_weeks"":1,""recovery_weeks"":1}]"
A,314,425,Supplier-cluster shock,True,True,True,Structural,Concentrated dependency; Propagation-amplified cascade; Recovery lag and temporal overlap,Propagation-amplified cascade,8,0.5174432065027178,1801.8034619410842,True,True,False,True,False,"[{""target"":""demand"",""magnitude"":0.10582707192865437,""start_week"":1,""duration_weeks"":1,""recovery_weeks"":2},{""target"":""T2P"",""magnitude"":0.18936503427271303,""start_week"":4,""duration_weeks"":2,""recovery_weeks"":2},{""target"":""corridor"",""magnitude"":0.4001720749344072,""start_week"":6,""duration_weeks"":6,""recovery_weeks"":3},{""target"":""T2P"",""magnitude"":0.32320657329811137,""start_week"":11,""duration_weeks"":1,""recovery_weeks"":4},{""target"":""S1B"",""magnitude"":0.4807551334314859,""start_week"":20,""duration_weeks"":2,""recovery_weeks"":1},{""target"":""T2P"",""magnitude"":0.3216188317087638,""start_week"":23,""duration_weeks"":1,""recovery_weeks"":3},{""target"":""demand"",""magnitude"":0.08876760387530375,""start_week"":37,""duration_weeks"":1,""recovery_weeks"":4},{""target"":""T2P"",""magnitude"":0.534301114147554,""start_week"":42,""duration_weeks"":4,""recovery_weeks"":2}]"
A,314,426,Supplier-cluster shock,True,True,False,Structural,Concentrated dependency; Propagation-amplified cascade,Propagation-amplified cascade,3,0.8029990290148584,354.60174777325483,True,True,False,False,False,"[{""target"":""T2P"",""magnitude"":0.2208722909737114,""start_week"":9,""duration_weeks"":5,""recovery_weeks"":2},{""target"":""corridor"",""magnitude"":0.39775072823885615,""start_week"":12,""duration_weeks"":1,""recovery_weeks"":1},{""target"":""demand"",""magnitude"":0.10220776019036887,""start_week"":30,""duration_weeks"":1,""recovery_weeks"":2}]"
A,314,427,Supplier-cluster shock,True,True,True,Structural,Concentrated dependency; Hidden convergent dependency,Hidden convergent dependency,5,0.520077955824451,2168.8016023704454,True,True,False,False,False,"[{""target"":""demand"",""magnitude"":0.17446551259056015,""start_week"":7,""duration_weeks"":5,""recovery_weeks"":1},{""target"":""T2P"",""magnitude"":0.4502677393230271,""start_week"":8,""duration_weeks"":1,""recovery_weeks"":2},{""target"":""corridor"",""magnitude"":0.35958971726717837,""start_week"":16,""duration_weeks"":3,""recovery_weeks"":3},{""target"":""demand"",""magnitude"":0.1843337873107177,""start_week"":38,""duration_weeks"":2,""recovery_weeks"":3},{""target"":""corridor"",""magnitude"":0.4113017566061645,""start_week"":39,""duration_weeks"":8,""recovery_weeks"":3}]"
A,314,428,Supplier-cluster shock,False,,False,Non-failure,Unclassified,Unclassified,3,0.9005125596366992,179.0773926539414,False,False,True,True,True,"[{""target"":""S1A"",""magnitude"":0.4738467408174266,""start_week"":32,""duration_weeks"":1,""recovery_weeks"":2},{""target"":""S1B"",""magnitude"":0.3753781949547643,""start_week"":41,""duration_weeks"":2,""recovery_weeks"":4},{""target"":""S1C"",""magnitude"":0.3558733316865851,""start_week"":45,""duration_weeks"":2,""recovery_weeks"":2}]"
A,314,429,Supplier-cluster shock,False,,False,Non-failure,Unclassified,Unclassified,2,0.8715415211222071,134.10126978685787,False,False,True,False,False,"[{""target"":""S1A"",""magnitude"":0.2622821171038144,""start_week"":21,""duration_weeks"":1,""recovery_weeks"":1},{""target"":""demand"",""magnitude"":0.15991884829989889,""start_week"":51,""duration_weeks"":3,""recovery_weeks"":4}]"
A,314,430,Supplier-cluster shock,False,,False,Non-failure,Unclassified,Unclassified,2,0.9625441033465725,168.55153494042383,False,True,False,False,False,"[{""target"":""corridor"",""magnitude"":0.22745000350002204,""start_week"":7,""duration_weeks"":1,""recovery_weeks"":1},{""target"":""corridor"",""magnitude"":0.27809192249007075,""start_week"":38,""duration_weeks"":4,""recovery_weeks"":1}]"
A,314,431,Supplier-cluster shock,True,True,False,Structural,Concentrated dependency,Concentrated dependency,3,0.7032856259310379,735.6080624657529,True,True,False,False,False,"[{""target"":""demand"",""magnitude"":0.154569618899494,""start_week"":12,""duration_weeks"":3,""recovery_weeks"":3},{""target"":""corridor"",""magnitude"":0.4725357805517215,""start_week"":23,""duration_weeks"":2,""recovery_weeks"":3},{""target"":""T2P"",""magnitude"":0.16909067380987358,""start_week"":40,""duration_weeks"":9,""recovery_weeks"":3}]"
A,314,432,Supplier-cluster shock,True,False,False,Adaptation-limited,Concentrated dependency; Hidden convergent dependency; Propagation-amplified cascade,Hidden convergent dependency,1,0.5033521400887667,658.7288424001375,True,False,False,False,False,"[{""target"":""T2P"",""magnitude"":0.623491536960055,""start_week"":36,""duration_weeks"":1,""recovery_weeks"":2}]"
A,314,433,Supplier-cluster shock,True,True,True,Structural,Concentrated dependency,Concentrated dependency,4,0.5903006023218323,2133.525116413598,True,True,False,False,False,"[{""target"":""corridor"",""magnitude"":0.4233386453025457,""start_week"":2,""duration_weeks"":7,""recovery_weeks"":2},{""target"":""corridor"",""magnitude"":0.19644518043910822,""start_week"":21,""duration_weeks"":2,""recovery_weeks"":1},{""target"":""T2P"",""magnitude"":0.4687294579103509,""start_week"":27,""duration_weeks"":6,""recovery_weeks"":2},{""target"":""corridor"",""magnitude"":0.3706438973841755,""start_week"":45,""duration_weeks"":1,""recovery_weeks"":3}]"
A,314,434,Supplier-cluster shock,False,,False,Non-failure,Unclassified,Unclassified,1,1.0,0.0,False,True,False,False,False,"[{""target"":""corridor"",""magnitude"":0.2392222788231536,""start_week"":42,""duration_weeks"":1,""recovery_weeks"":3}]"
A,314,435,Supplier-cluster shock,False,,False,Non-failure,Unclassified,Unclassified,3,0.8831124517763341,119.12276085531073,False,False,False,False,False,"[{""target"":""demand"",""magnitude"":0.13235862317256725,""start_week"":34,""duration_weeks"":5,""recovery_weeks"":3},{""target"":""demand"",""magnitude"":0.11483863469502474,""start_week"":42,""duration_weeks"":5,""recovery_weeks"":4},{""target"":""demand"",""magnitude"":0.15474540809682477,""start_week"":48,""duration_weeks"":1,""recovery_weeks"":4}]"
A,314,436,Supplier-cluster shock,False,,False,Non-failure,Unclassified,Unclassified,3,0.8366854138536137,175.67310855196024,True,False,False,False,True,"[{""target"":""demand"",""magnitude"":0.1951923428355114,""start_week"":4,""duration_weeks"":3,""recovery_weeks"":4},{""target"":""T2P"",""magnitude"":0.3480537630431979,""start_week"":15,""duration_weeks"":1,""recovery_weeks"":2},{""target"":""S1C"",""magnitude"":0.2790230246029595,""start_week"":21,""duration_weeks"":1,""recovery_weeks"":1}]"
A,314,437,Supplier-cluster shock,False,,False,Non-failure,Unclassified,Unclassified,5,0.9208313033027806,113.13687567873376,True,True,False,True,False,"[{""target"":""S1B"",""magnitude"":0.22381664191593584,""start_week"":4,""duration_weeks"":1,""recovery_weeks"":4},{""target"":""T2P"",""magnitude"":0.342503654054995,""start_week"":8,""duration_weeks"":1,""recovery_weeks"":4},{""target"":""demand"",""magnitude"":0.11309518116409518,""start_week"":34,""duration_weeks"":4,""recovery_weeks"":2},{""target"":""corridor"",""magnitude"":0.19429870511408126,""start_week"":37,""duration_weeks"":3,""recovery_weeks"":2},{""target"":""corridor"",""magnitude"":0.3482121943651383,""start_week"":50,""duration_weeks"":2,""recovery_weeks"":2}]"
A,314,438,Supplier-cluster shock,True,True,True,Structural,Concentrated dependency; Hidden convergent dependency,Hidden convergent dependency,3,0.6222851906382946,1317.4033010614316,True,False,False,False,False,"[{""target"":""demand"",""magnitude"":0.11116483222920795,""start_week"":4,""duration_weeks"":2,""recovery_weeks"":3},{""target"":""T2P"",""magnitude"":0.33939586261990573,""start_week"":15,""duration_weeks"":2,""recovery_weeks"":3},{""target"":""T2P"",""magnitude"":0.27616576547962757,""start_week"":16,""duration_weeks"":5,""recovery_weeks"":3}]"
A,314,439,Supplier-cluster shock,False,,False,Non-failure,Unclassified,Unclassified,0,1.0,0.0,False,False,False,False,False,[]
A,314,440,Supplier-cluster shock,True,False,True,Adaptation-limited,Concentrated dependency,Concentrated dependency,3,0.8380171528968653,491.48579365969977,False,True,True,False,False,"[{""target"":""S1A"",""magnitude"":0.27222021976604793,""start_week"":4,""duration_weeks"":2,""recovery_weeks"":1},{""target"":""corridor"",""magnitude"":0.2968297198721791,""start_week"":17,""duration_weeks"":2,""recovery_weeks"":1},{""target"":""corridor"",""magnitude"":0.371487135327351,""start_week"":22,""duration_weeks"":3,""recovery_weeks"":2}]"
A,314,441,Supplier-cluster shock,True,True,True,Structural,Concentrated dependency,Concentrated dependency,4,0.7557330418957987,679.4608574748913,True,True,False,False,False,"[{""target"":""corridor"",""magnitude"":0.4202063186149929,""start_week"":5,""duration_weeks"":1,""recovery_weeks"":2},{""target"":""T2P"",""magnitude"":0.31984026229378115,""start_week"":24,""duration_weeks"":5,""recovery_weeks"":4},{""target"":""T2P"",""magnitude"":0.24675150034188975,""start_week"":43,""duration_weeks"":3,""recovery_weeks"":4},{""target"":""corridor"",""magnitude"":0.23015048619586936,""start_week"":51,""duration_weeks"":3,""recovery_weeks"":3}]"
A,314,442,Supplier-cluster shock,True,True,True,Structural,Concentrated dependency,Concentrated dependency,4,0.7277776748742563,2695.001018744862,False,True,False,True,True,"[{""target"":""corridor"",""magnitude"":0.4541667438443078,""start_week"":3,""duration_weeks"":10,""recovery_weeks"":2},{""target"":""S1B"",""magnitude"":0.3642496280220141,""start_week"":33,""duration_weeks"":1,""recovery_weeks"":1},{""target"":""S1C"",""magnitude"":0.1746731552698769,""start_week"":34,""duration_weeks"":4,""recovery_weeks"":3},{""target"":""S1B"",""magnitude"":0.5291769136524566,""start_week"":49,""duration_weeks"":1,""recovery_weeks"":1}]"
A,314,443,Supplier-cluster shock,True,False,False,Adaptation-limited,Concentrated dependency; Hidden convergent dependency; Propagation-amplified cascade,Hidden convergent dependency,4,0.6503146692779063,658.8671905995374,True,False,False,True,True,"[{""target"":""T2P"",""magnitude"":0.41471679764988434,""start_week"":31,""duration_weeks"":3,""recovery_weeks"":1},{""target"":""S1C"",""magnitude"":0.3627676110915445,""start_week"":34,""duration_weeks"":1,""recovery_weeks"":2},{""target"":""S1B"",""magnitude"":0.3033825385214516,""start_week"":45,""duration_weeks"":1,""recovery_weeks"":2},{""target"":""S1C"",""magnitude"":0.27993537915949895,""start_week"":51,""duration_weeks"":3,""recovery_weeks"":3}]"
A,314,444,Supplier-cluster shock,False,,False,Non-failure,Unclassified,Unclassified,2,0.9832482760617471,35.17862027033118,False,False,True,False,True,"[{""target"":""S1A"",""magnitude"":0.287691378861069,""start_week"":12,""duration_weeks"":6,""recovery_weeks"":3},{""target"":""S1C"",""magnitude"":0.2406273100176643,""start_week"":31,""duration_weeks"":1,""recovery_weeks"":4}]"
A,314,445,Supplier-cluster shock,True,False,False,Adaptation-limited,Concentrated dependency; Hidden convergent dependency; Propagation-amplified cascade,Hidden convergent dependency,4,0.6662825394186982,601.5557153542725,True,True,False,True,True,"[{""target"":""T2P"",""magnitude"":0.4003457145231717,""start_week"":20,""duration_weeks"":2,""recovery_weeks"":4},{""target"":""S1C"",""magnitude"":0.1819391446167962,""start_week"":23,""duration_weeks"":4,""recovery_weeks"":1},{""target"":""corridor"",""magnitude"":0.20386239530018366,""start_week"":27,""duration_weeks"":3,""recovery_weeks"":4},{""target"":""S1B"",""magnitude"":0.21897201786366882,""start_week"":30,""duration_weeks"":2,""recovery_weeks"":4}]"
A,314,446,Supplier-cluster shock,True,True,False,Structural,Concentrated dependency,Concentrated dependency,1,0.8783889993283562,328.34970181343806,False,True,False,False,False,"[{""target"":""corridor"",""magnitude"":0.34120825050373293,""start_week"":48,""duration_weeks"":3,""recovery_weeks"":3}]"
A,314,447,Supplier-cluster shock,True,True,True,Structural,Compounding moderate disturbance,Compounding moderate disturbance,5,0.5738397635636305,2536.27331145254,False,True,False,False,True,"[{""target"":""demand"",""magnitude"":0.23846124372792,""start_week"":22,""duration_weeks"":3,""recovery_weeks"":1},{""target"":""corridor"",""magnitude"":0.20770049905489865,""start_week"":29,""duration_weeks"":7,""recovery_weeks"":3},{""target"":""demand"",""magnitude"":0.25321415033753164,""start_week"":33,""duration_weeks"":2,""recovery_weeks"":3},{""target"":""corridor"",""magnitude"":0.5004488251082989,""start_week"":37,""duration_weeks"":5,""recovery_weeks"":1},{""target"":""S1C"",""magnitude"":0.2307290068257115,""start_week"":48,""duration_weeks"":7,""recovery_weeks"":3}]"
A,314,448,Supplier-cluster shock,False,,False,Non-failure,Unclassified,Unclassified,1,1.0,0.0,False,True,False,False,False,"[{""target"":""corridor"",""magnitude"":0.19040395569805624,""start_week"":11,""duration_weeks"":1,""recovery_weeks"":2}]"
A,314,449,Supplier-cluster shock,False,,False,Non-failure,Unclassified,Unclassified,2,0.9021628848024408,205.45794191487448,False,False,False,True,True,"[{""target"":""S1B"",""magnitude"":0.18068168061403259,""start_week"":17,""duration_weeks"":5,""recovery_weeks"":4},{""target"":""S1C"",""magnitude"":0.47013350919450847,""start_week"":34,""duration_weeks"":2,""recovery_weeks"":1}]"
A,314,450,Supplier-cluster shock,True,True,True,Structural,Concentrated dependency; Hidden convergent dependency,Hidden convergent dependency,6,0.614104715305635,1678.6738281289404,True,True,True,True,False,"[{""target"":""corridor"",""magnitude"":0.27010963072651906,""start_week"":9,""duration_weeks"":3,""recovery_weeks"":4},{""target"":""S1B"",""magnitude"":0.1991988437392439,""start_week"":21,""duration_weeks"":1,""recovery_weeks"":3},{""target"":""S1A"",""magnitude"":0.2031098596616629,""start_week"":25,""duration_weeks"":8,""recovery_weeks"":2},{""target"":""demand"",""magnitude"":0.21085962635718986,""start_week"":29,""duration_weeks"":6,""recovery_weeks"":2},{""target"":""T2P"",""magnitude"":0.3893105728233779,""start_week"":32,""duration_weeks"":3,""recovery_weeks"":2},{""target"":""T2P"",""magnitude"":0.4473057562249285,""start_week"":46,""duration_weeks"":5,""recovery_weeks"":4}]"
A,314,451,Supplier-cluster shock,False,,False,Non-failure,Unclassified,Unclassified,2,0.9887087601142197,23.711603760138814,False,False,True,True,False,"[{""target"":""S1B"",""magnitude"":0.2754052897430057,""start_week"":7,""duration_weeks"":7,""recovery_weeks"":4},{""target"":""S1A"",""magnitude"":0.2669246398000357,""start_week"":15,""duration_weeks"":4,""recovery_weeks"":2}]"
A,314,452,Supplier-cluster shock,False,,False,Non-failure,Unclassified,Unclassified,0,1.0,0.0,False,False,False,False,False,[]
A,314,453,Supplier-cluster shock,True,False,False,Adaptation-limited,Concentrated dependency; Hidden convergent dependency; Propagation-amplified cascade,Hidden convergent dependency,3,0.6668948819558241,490.64445270271347,True,False,False,True,True,"[{""target"":""S1C"",""magnitude"":0.4163800396338292,""start_week"":38,""duration_weeks"":2,""recovery_weeks"":4},{""target"":""T2P"",""magnitude"":0.39979460623975827,""start_week"":44,""duration_weeks"":5,""recovery_weeks"":3},{""target"":""S1B"",""magnitude"":0.31414025621589864,""start_week"":45,""duration_weeks"":1,""recovery_weeks"":2}]"
A,314,454,Supplier-cluster shock,False,,False,Non-failure,Unclassified,Unclassified,1,0.9374261954870269,131.40498947724348,False,False,False,True,False,"[{""target"":""S1B"",""magnitude"":0.39079106015418946,""start_week"":12,""duration_weeks"":7,""recovery_weeks"":2}]"
A,314,455,Supplier-cluster shock,True,True,True,Structural,Concentrated dependency; Hidden convergent dependency; Propagation-amplified cascade,Hidden convergent dependency,1,0.5361849495349887,1963.318045220315,True,False,False,False,False,"[{""target"":""T2P"",""magnitude"":0.51743354541851,""start_week"":2,""duration_weeks"":4,""recovery_weeks"":4}]"
A,314,456,Supplier-cluster shock,True,True,True,Structural,Concentrated dependency,Concentrated dependency,2,0.6749803218650243,537.6618975699824,True,True,False,False,False,"[{""target"":""corridor"",""magnitude"":0.3861470883488849,""start_week"":18,""duration_weeks"":2,""recovery_weeks"":4},{""target"":""T2P"",""magnitude"":0.3925177103214783,""start_week"":24,""duration_weeks"":1,""recovery_weeks"":1}]"
A,314,457,Supplier-cluster shock,False,,False,Non-failure,Unclassified,Unclassified,1,0.947305933570701,50.06266519160317,False,False,False,False,False,"[{""target"":""demand"",""magnitude"":0.05562518354622579,""start_week"":42,""duration_weeks"":1,""recovery_weeks"":1}]"
A,314,458,Supplier-cluster shock,False,,False,Non-failure,Unclassified,Unclassified,2,0.8322076727650854,391.19969186792594,True,False,False,False,False,"[{""target"":""demand"",""magnitude"":0.20162314374897483,""start_week"":7,""duration_weeks"":6,""recovery_weeks"":3},{""target"":""T2P"",""magnitude"":0.23526307706881583,""start_week"":45,""duration_weeks"":1,""recovery_weeks"":2}]"
A,314,459,Supplier-cluster shock,False,,False,Non-failure,Unclassified,Unclassified,0,1.0,0.0,False,False,False,False,False,[]
A,314,460,Supplier-cluster shock,False,,False,Non-failure,Unclassified,Unclassified,2,0.9049267988405232,171.13176208705818,False,False,False,True,True,"[{""target"":""S1B"",""magnitude"":0.4639147026088226,""start_week"":16,""duration_weeks"":1,""recovery_weeks"":3},{""target"":""S1C"",""magnitude"":0.2777295379011936,""start_week"":24,""duration_weeks"":1,""recovery_weeks"":4}]"
A,314,461,Supplier-cluster shock,True,True,False,Structural,Concentrated dependency,Concentrated dependency,2,0.8625530317438631,388.8835178644623,False,True,True,False,False,"[{""target"":""corridor"",""magnitude"":0.3530852261921027,""start_week"":19,""duration_weeks"":2,""recovery_weeks"":4},{""target"":""S1A"",""magnitude"":0.32855429098445743,""start_week"":51,""duration_weeks"":3,""recovery_weeks"":1}]"
A,314,462,Supplier-cluster shock,True,True,True,Structural,Compounding moderate disturbance,Compounding moderate disturbance,5,0.8324551828317038,849.5857914997137,False,True,True,False,True,"[{""target"":""corridor"",""magnitude"":0.3155310568388682,""start_week"":5,""duration_weeks"":6,""recovery_weeks"":3},{""target"":""demand"",""magnitude"":0.09630557460614636,""start_week"":10,""duration_weeks"":5,""recovery_weeks"":1},{""target"":""S1C"",""magnitude"":0.2845335102871371,""start_week"":16,""duration_weeks"":2,""recovery_weeks"":3},{""target"":""S1A"",""magnitude"":0.40474709977948764,""start_week"":28,""duration_weeks"":2,""recovery_weeks"":2},{""target"":""S1C"",""magnitude"":0.16586779610244698,""start_week"":29,""duration_weeks"":1,""recovery_weeks"":4}]"
A,314,463,Supplier-cluster shock,False,,False,Non-failure,Unclassified,Unclassified,2,0.9347310866343171,62.84376637202354,False,False,False,False,False,"[{""target"":""demand"",""magnitude"":0.06982640708002613,""start_week"":37,""duration_weeks"":7,""recovery_weeks"":1},{""target"":""demand"",""magnitude"":0.1115927802927761,""start_week"":50,""duration_weeks"":3,""recovery_weeks"":4}]"
A,314,464,Supplier-cluster shock,True,True,True,Structural,Concentrated dependency; Hidden convergent dependency,Hidden convergent dependency,4,0.6743918188497092,1008.5937271592717,True,False,False,False,False,"[{""target"":""demand"",""magnitude"":0.1336215781458438,""start_week"":1,""duration_weeks"":4,""recovery_weeks"":3},{""target"":""T2P"",""magnitude"":0.47450622364570205,""start_week"":11,""duration_weeks"":1,""recovery_weeks"":1},{""target"":""T2P"",""magnitude"":0.39304736303526167,""start_week"":35,""duration_weeks"":4,""recovery_weeks"":3},{""target"":""demand"",""magnitude"":0.12632363962365295,""start_week"":51,""duration_weeks"":3,""recovery_weeks"":1}]"
A,314,465,Supplier-cluster shock,True,True,True,Structural,Concentrated dependency,Concentrated dependency,5,0.4235621536048733,4901.685620712453,True,True,False,False,False,"[{""target"":""corridor"",""magnitude"":0.4118734198981675,""start_week"":2,""duration_weeks"":14,""recovery_weeks"":1},{""target"":""demand"",""magnitude"":0.15236198739199305,""start_week"":13,""duration_weeks"":1,""recovery_weeks"":4},{""target"":""T2P"",""magnitude"":0.45381851693938946,""start_week"":22,""duration_weeks"":3,""recovery_weeks"":2},{""target"":""T2P"",""magnitude"":0.3020526142551724,""start_week"":23,""duration_weeks"":1,""recovery_weeks"":3},{""target"":""T2P"",""magnitude"":0.34935588778163607,""start_week"":29,""duration_weeks"":2,""recovery_weeks"":1}]"
A,314,466,Supplier-cluster shock,False,,False,Non-failure,Unclassified,Unclassified,0,1.0,0.0,False,False,False,False,False,[]
A,314,467,Supplier-cluster shock,True,True,True,Structural,Concentrated dependency,Concentrated dependency,3,0.6162787644109324,1005.8112699507095,False,True,False,False,False,"[{""target"":""corridor"",""magnitude"":0.3803002338248601,""start_week"":12,""duration_weeks"":2,""recovery_weeks"":4},{""target"":""corridor"",""magnitude"":0.5377909266918006,""start_week"":21,""duration_weeks"":2,""recovery_weeks"":3},{""target"":""demand"",""magnitude"":0.16608224348032383,""start_week"":45,""duration_weeks"":3,""recovery_weeks"":1}]"
A,314,468,Supplier-cluster shock,True,True,False,Structural,Concentrated dependency; Propagation-amplified cascade,Propagation-amplified cascade,3,0.6311861410375872,395.7974191985147,True,True,False,False,False,"[{""target"":""T2P"",""magnitude"":0.43193247306617166,""start_week"":10,""duration_weeks"":2,""recovery_weeks"":1},{""target"":""corridor"",""magnitude"":0.35020507010978297,""start_week"":22,""duration_weeks"":2,""recovery_weeks"":2},{""target"":""demand"",""magnitude"":0.1055451713073664,""start_week"":26,""duration_weeks"":7,""recovery_weeks"":3}]"
A,314,469,Supplier-cluster shock,False,,False,Non-failure,Unclassified,Unclassified,3,0.8397625382438145,220.23222357962334,True,True,False,False,False,"[{""target"":""demand"",""magnitude"":0.18972094124986094,""start_week"":38,""duration_weeks"":1,""recovery_weeks"":1},{""target"":""corridor"",""magnitude"":0.4177983422211736,""start_week"":45,""duration_weeks"":1,""recovery_weeks"":4},{""target"":""T2P"",""magnitude"":0.22352183819518104,""start_week"":50,""duration_weeks"":1,""recovery_weeks"":3}]"
A,314,470,Supplier-cluster shock,False,,False,Non-failure,Unclassified,Unclassified,3,0.911578940971774,164.0350356866859,False,True,True,True,False,"[{""target"":""corridor"",""magnitude"":0.25902049511357855,""start_week"":15,""duration_weeks"":5,""recovery_weeks"":3},{""target"":""S1A"",""magnitude"":0.4489473828135083,""start_week"":29,""duration_weeks"":2,""recovery_weeks"":2},{""target"":""S1B"",""magnitude"":0.2741410245880867,""start_week"":47,""duration_weeks"":1,""recovery_weeks"":2}]"
A,314,471,Supplier-cluster shock,False,,False,Non-failure,Unclassified,Unclassified,3,0.8753241495061667,199.83235533383584,True,False,False,True,True,"[{""target"":""T2P"",""magnitude"":0.24244165308888993,""start_week"":14,""duration_weeks"":4,""recovery_weeks"":1},{""target"":""S1C"",""magnitude"":0.2526609712498473,""start_week"":24,""duration_weeks"":4,""recovery_weeks"":1},{""target"":""S1B"",""magnitude"":0.470838957585376,""start_week"":42,""duration_weeks"":5,""recovery_weeks"":1}]"
A,314,472,Supplier-cluster shock,False,,False,Non-failure,Unclassified,Unclassified,1,0.8228446586481131,193.76659438811794,False,False,False,False,False,"[{""target"":""demand"",""magnitude"":0.21529621598679777,""start_week"":51,""duration_weeks"":1,""recovery_weeks"":3}]"
A,314,473,Supplier-cluster shock,False,,False,Non-failure,Unclassified,Unclassified,3,0.9040040177409366,201.591562744033,True,False,False,True,True,"[{""target"":""T2P"",""magnitude"":0.20270455633960327,""start_week"":25,""duration_weeks"":1,""recovery_weeks"":3},{""target"":""S1B"",""magnitude"":0.2388209395631063,""start_week"":28,""duration_weeks"":1,""recovery_weeks"":4},{""target"":""S1C"",""magnitude"":0.4659909600828924,""start_week"":38,""duration_weeks"":16,""recovery_weeks"":3}]"
A,314,474,Supplier-cluster shock,True,True,True,Structural,Concentrated dependency,Concentrated dependency,2,0.8009353694157101,1612.423507732747,True,True,False,False,False,"[{""target"":""corridor"",""magnitude"":0.39929847293821735,""start_week"":37,""duration_weeks"":8,""recovery_weeks"":2},{""target"":""T2P"",""magnitude"":0.2541911719456383,""start_week"":42,""duration_weeks"":5,""recovery_weeks"":4}]"
A,314,475,Supplier-cluster shock,False,,False,Non-failure,Unclassified,Unclassified,3,0.9933866670041138,16.867712593118085,False,True,True,True,False,"[{""target"":""corridor"",""magnitude"":0.2160211525819333,""start_week"":21,""duration_weeks"":1,""recovery_weeks"":1},{""target"":""S1B"",""magnitude"":0.2539437381935021,""start_week"":31,""duration_weeks"":2,""recovery_weeks"":3},{""target"":""S1A"",""magnitude"":0.27013831683207995,""start_week"":34,""duration_weeks"":3,""recovery_weeks"":3}]"
A,314,476,Supplier-cluster shock,False,,False,Non-failure,Unclassified,Unclassified,3,0.813650303206997,206.1263007617108,False,False,False,False,False,"[{""target"":""demand"",""magnitude"":0.22902922306856754,""start_week"":2,""duration_weeks"":2,""recovery_weeks"":2},{""target"":""demand"",""magnitude"":0.16965364133324295,""start_week"":23,""duration_weeks"":1,""recovery_weeks"":3},{""target"":""demand"",""magnitude"":0.0965586785390724,""start_week"":43,""duration_weeks"":1,""recovery_weeks"":4}]"
A,314,477,Supplier-cluster shock,False,,False,Non-failure,Unclassified,Unclassified,2,0.8359568573750328,176.6105835007652,True,False,False,False,False,"[{""target"":""T2P"",""magnitude"":0.31292198364643287,""start_week"":23,""duration_weeks"":1,""recovery_weeks"":3},{""target"":""demand"",""magnitude"":0.19623398166751693,""start_week"":40,""duration_weeks"":2,""recovery_weeks"":1}]"
A,314,478,Supplier-cluster shock,False,,False,Non-failure,Unclassified,Unclassified,2,0.8573731987506023,222.39770469857967,True,False,False,False,False,"[{""target"":""T2P"",""magnitude"":0.17108250621777246,""start_week"":3,""duration_weeks"":3,""recovery_weeks"":3},{""target"":""demand"",""magnitude"":0.1663532303753361,""start_week"":8,""duration_weeks"":2,""recovery_weeks"":2}]"
A,314,479,Supplier-cluster shock,True,False,True,Adaptation-limited,Concentrated dependency,Concentrated dependency,1,0.6436088155535317,817.4442145059202,False,True,False,False,False,"[{""target"":""corridor"",""magnitude"":0.5172933883348514,""start_week"":34,""duration_weeks"":1,""recovery_weeks"":4}]"
A,314,480,Supplier-cluster shock,False,,False,Non-failure,Unclassified,Unclassified,0,1.0,0.0,False,False,False,False,False,[]
A,314,481,Supplier-cluster shock,True,False,False,Adaptation-limited,Concentrated dependency; Hidden convergent dependency; Propagation-amplified cascade,Hidden convergent dependency,5,0.7524142558617781,414.1358486219983,True,False,False,True,True,"[{""target"":""T2P"",""magnitude"":0.3228271697243996,""start_week"":4,""duration_weeks"":3,""recovery_weeks"":3},{""target"":""demand"",""magnitude"":0.15404607796428513,""start_week"":17,""duration_weeks"":1,""recovery_weeks"":3},{""target"":""S1B"",""magnitude"":0.4371414915763373,""start_week"":26,""duration_weeks"":1,""recovery_weeks"":1},{""target"":""S1C"",""magnitude"":0.27690013225418986,""start_week"":37,""duration_weeks"":1,""recovery_weeks"":4},{""target"":""S1B"",""magnitude"":0.3723733098266057,""start_week"":48,""duration_weeks"":1,""recovery_weeks"":3}]"
A,314,482,Supplier-cluster shock,False,,False,Non-failure,Unclassified,Unclassified,2,0.945626450087983,114.18445481523577,False,False,True,True,False,"[{""target"":""S1B"",""magnitude"":0.3723404873020383,""start_week"":4,""duration_weeks"":4,""recovery_weeks"":2},{""target"":""S1A"",""magnitude"":0.3279252731752062,""start_week"":43,""duration_weeks"":1,""recovery_weeks"":2}]"
A,314,483,Supplier-cluster shock,True,True,False,Structural,Concentrated dependency; Hidden convergent dependency; Propagation-amplified cascade,Hidden convergent dependency,2,0.7922776138289029,378.22581154693034,True,False,False,False,True,"[{""target"":""T2P"",""magnitude"":0.2869501475539873,""start_week"":8,""duration_weeks"":4,""recovery_weeks"":2},{""target"":""S1C"",""magnitude"":0.2552277558733575,""start_week"":9,""duration_weeks"":1,""recovery_weeks"":3}]"
A,314,484,Supplier-cluster shock,True,True,True,Structural,Concentrated dependency,Concentrated dependency,3,0.6959571400522883,1573.9069226224701,True,True,False,False,False,"[{""target"":""corridor"",""magnitude"":0.26886792252643704,""start_week"":16,""duration_weeks"":2,""recovery_weeks"":2},{""target"":""corridor"",""magnitude"":0.4780321449607837,""start_week"":23,""duration_weeks"":5,""recovery_weeks"":1},{""target"":""T2P"",""magnitude"":0.24906008027417403,""start_week"":30,""duration_weeks"":1,""recovery_weeks"":3}]"
A,314,485,Supplier-cluster shock,True,False,False,Adaptation-limited,Concentrated dependency,Concentrated dependency,3,0.798737372950346,517.3648504421266,True,True,False,False,False,"[{""target"":""demand"",""magnitude"":0.2519759734119337,""start_week"":8,""duration_weeks"":4,""recovery_weeks"":4},{""target"":""corridor"",""magnitude"":0.1988110933877647,""start_week"":19,""duration_weeks"":2,""recovery_weeks"":2},{""target"":""T2P"",""magnitude"":0.3417398443540913,""start_week"":36,""duration_weeks"":2,""recovery_weeks"":1}]"
A,314,486,Supplier-cluster shock,False,,False,Non-failure,Unclassified,Unclassified,2,0.9604814510483138,82.98895279854105,False,False,True,False,True,"[{""target"":""S1A"",""magnitude"":0.2143930844439352,""start_week"":18,""duration_weeks"":3,""recovery_weeks"":1},{""target"":""S1C"",""magnitude"":0.33891673514129395,""start_week"":48,""duration_weeks"":4,""recovery_weeks"":1}]"
A,314,487,Supplier-cluster shock,True,True,False,Structural,Hidden convergent dependency; Compounding moderate disturbance; Propagation-amplified cascade,Hidden convergent dependency,3,0.8551078831164826,487.4525517441647,True,False,False,False,False,"[{""target"":""T2P"",""magnitude"":0.2826007262987915,""start_week"":22,""duration_weeks"":3,""recovery_weeks"":3},{""target"":""T2P"",""magnitude"":0.2057526871176958,""start_week"":29,""duration_weeks"":2,""recovery_weeks"":4},{""target"":""T2P"",""magnitude"":0.4115949546289447,""start_week"":47,""duration_weeks"":2,""recovery_weeks"":3}]"
A,314,488,Supplier-cluster shock,False,,False,Non-failure,Unclassified,Unclassified,2,1.0,0.0,True,False,False,False,False,"[{""target"":""T2P"",""magnitude"":0.20358723879233862,""start_week"":37,""duration_weeks"":4,""recovery_weeks"":3},{""target"":""T2P"",""magnitude"":0.22984630624324542,""start_week"":46,""duration_weeks"":2,""recovery_weeks"":2}]"
A,314,489,Supplier-cluster shock,False,,False,Non-failure,Unclassified,Unclassified,4,0.8211116787424947,237.05956966557926,True,True,False,False,False,"[{""target"":""corridor"",""magnitude"":0.2941924097616563,""start_week"":16,""duration_weeks"":1,""recovery_weeks"":3},{""target"":""T2P"",""magnitude"":0.3479993188423397,""start_week"":18,""duration_weeks"":1,""recovery_weeks"":4},{""target"":""T2P"",""magnitude"":0.3749881741034319,""start_week"":40,""duration_weeks"":2,""recovery_weeks"":1},{""target"":""corridor"",""magnitude"":0.22387116912855787,""start_week"":50,""duration_weeks"":9,""recovery_weeks"":4}]"
A,314,490,Supplier-cluster shock,False,,False,Non-failure,Unclassified,Unclassified,5,0.9391424221268736,109.54364017162743,False,True,True,True,False,"[{""target"":""S1B"",""magnitude"":0.3869295502145343,""start_week"":6,""duration_weeks"":1,""recovery_weeks"":4},{""target"":""corridor"",""magnitude"":0.24138901697964066,""start_week"":11,""duration_weeks"":2,""recovery_weeks"":3},{""target"":""corridor"",""magnitude"":0.2433182258294747,""start_week"":39,""duration_weeks"":1,""recovery_weeks"":2},{""target"":""S1A"",""magnitude"":0.3503812410056624,""start_week"":41,""duration_weeks"":1,""recovery_weeks"":4},{""target"":""S1B"",""magnitude"":0.36046132632230726,""start_week"":48,""duration_weeks"":1,""recovery_weeks"":4}]"
A,314,491,Supplier-cluster shock,True,True,True,Structural,Concentrated dependency,Concentrated dependency,4,0.5693227367738206,1039.099203339812,False,True,True,False,False,"[{""target"":""demand"",""magnitude"":0.2645947736828484,""start_week"":5,""duration_weeks"":1,""recovery_weeks"":1},{""target"":""corridor"",""magnitude"":0.5730079474196346,""start_week"":18,""duration_weeks"":2,""recovery_weeks"":1},{""target"":""demand"",""magnitude"":0.0884991478096456,""start_week"":40,""duration_weeks"":1,""recovery_weeks"":3},{""target"":""S1A"",""magnitude"":0.29749682148612255,""start_week"":45,""duration_weeks"":1,""recovery_weeks"":1}]"
A,314,492,Supplier-cluster shock,True,True,False,Structural,Concentrated dependency,Concentrated dependency,2,0.8844455324660084,242.66438182138256,False,False,False,True,True,"[{""target"":""S1B"",""magnitude"":0.5099975519514812,""start_week"":3,""duration_weeks"":3,""recovery_weeks"":1},{""target"":""S1C"",""magnitude"":0.3381024000371928,""start_week"":27,""duration_weeks"":2,""recovery_weeks"":2}]"
A,314,493,Supplier-cluster shock,True,True,True,Structural,Concentrated dependency,Concentrated dependency,2,0.6475528727639469,1268.8096580497913,False,True,False,False,False,"[{""target"":""corridor"",""magnitude"":0.5143353454270398,""start_week"":19,""duration_weeks"":3,""recovery_weeks"":1},{""target"":""demand"",""magnitude"":0.17381527673740765,""start_week"":42,""duration_weeks"":1,""recovery_weeks"":2}]"
A,314,494,Supplier-cluster shock,True,True,False,Structural,Concentrated dependency,Concentrated dependency,2,0.8266940056910212,311.9507897561617,False,True,False,False,True,"[{""target"":""corridor"",""magnitude"":0.37997949573173406,""start_week"":5,""duration_weeks"":1,""recovery_weeks"":1},{""target"":""S1C"",""magnitude"":0.18694754031027797,""start_week"":10,""duration_weeks"":1,""recovery_weeks"":2}]"
A,314,495,Supplier-cluster shock,False,,False,Non-failure,Unclassified,Unclassified,2,0.9282925935395969,106.47488792294462,True,False,False,False,False,"[{""target"":""T2P"",""magnitude"":0.28387644421716346,""start_week"":13,""duration_weeks"":2,""recovery_weeks"":4},{""target"":""T2P"",""magnitude"":0.19311804291946036,""start_week"":48,""duration_weeks"":1,""recovery_weeks"":1}]"
A,314,496,Supplier-cluster shock,True,True,True,Structural,Hidden convergent dependency; Compounding moderate disturbance; Recovery lag and temporal overlap,Hidden convergent dependency,5,0.7972601123930416,531.2465736937238,True,False,True,True,False,"[{""target"":""demand"",""magnitude"":0.18146133183694535,""start_week"":2,""duration_weeks"":1,""recovery_weeks"":4},{""target"":""demand"",""magnitude"":0.19598921918388845,""start_week"":27,""duration_weeks"":5,""recovery_weeks"":3},{""target"":""T2P"",""magnitude"":0.2824658988462625,""start_week"":32,""duration_weeks"":2,""recovery_weeks"":1},{""target"":""S1B"",""magnitude"":0.3232778309912797,""start_week"":40,""duration_weeks"":3,""recovery_weeks"":3},{""target"":""S1A"",""magnitude"":0.5039907846223731,""start_week"":43,""duration_weeks"":1,""recovery_weeks"":1}]"
A,314,497,Supplier-cluster shock,False,,False,Non-failure,Unclassified,Unclassified,3,0.9189566429066018,170.1910498961363,False,True,False,True,False,"[{""target"":""corridor"",""magnitude"":0.24819874955635618,""start_week"":4,""duration_weeks"":1,""recovery_weeks"":2},{""target"":""S1B"",""magnitude"":0.43234755346014586,""start_week"":18,""duration_weeks"":3,""recovery_weeks"":4},{""target"":""corridor"",""magnitude"":0.24824417205321803,""start_week"":36,""duration_weeks"":6,""recovery_weeks"":3}]"
A,314,498,Supplier-cluster shock,False,,False,Non-failure,Unclassified,Unclassified,1,0.9439300368865888,90.5246957090128,True,False,False,False,False,"[{""target"":""T2P"",""magnitude"":0.2801234578138853,""start_week"":22,""duration_weeks"":2,""recovery_weeks"":4}]"
A,314,499,Supplier-cluster shock,False,,False,Non-failure,Unclassified,Unclassified,2,0.9420308453892754,65.20567404756594,True,False,False,False,False,"[{""target"":""T2P"",""magnitude"":0.3043444782993046,""start_week"":44,""duration_weeks"":2,""recovery_weeks"":2},{""target"":""T2P"",""magnitude"":0.54482875132944,""start_week"":50,""duration_weeks"":3,""recovery_weeks"":2}]"
A,314,500,Supplier-cluster shock,True,True,True,Structural,Concentrated dependency; Hidden convergent dependency; Propagation-amplified cascade,Hidden convergent dependency,3,0.6870480543768733,899.1121308344774,True,False,True,True,False,"[{""target"":""T2P"",""magnitude"":0.381656751060814,""start_week"":18,""duration_weeks"":4,""recovery_weeks"":2},{""target"":""S1B"",""magnitude"":0.3570412615960963,""start_week"":23,""duration_weeks"":1,""recovery_weeks"":4},{""target"":""S1A"",""magnitude"":0.22189833976570542,""start_week"":29,""duration_weeks"":2,""recovery_weeks"":3}]"
A,314,501,Supplier-cluster shock,False,,False,Non-failure,Unclassified,Unclassified,3,0.8654644183157376,139.90410345404075,True,False,False,False,True,"[{""target"":""demand"",""magnitude"":0.15544900383782304,""start_week"":12,""duration_weeks"":2,""recovery_weeks"":1},{""target"":""T2P"",""magnitude"":0.3283777278737633,""start_week"":27,""duration_weeks"":2,""recovery_weeks"":3},{""target"":""S1C"",""magnitude"":0.1868298086411851,""start_week"":39,""duration_weeks"":1,""recovery_weeks"":1}]"
A,314,502,Supplier-cluster shock,False,,False,Non-failure,Unclassified,Unclassified,3,0.9056444394441195,764.2800405026306,True,True,True,False,False,"[{""target"":""corridor"",""magnitude"":0.32076667041691026,""start_week"":4,""duration_weeks"":8,""recovery_weeks"":4},{""target"":""T2P"",""magnitude"":0.2138881099529174,""start_week"":7,""duration_weeks"":2,""recovery_weeks"":3},{""target"":""S1A"",""magnitude"":0.44560862618492836,""start_week"":28,""duration_weeks"":4,""recovery_weeks"":3}]"
A,314,503,Supplier-cluster shock,False,,False,Non-failure,Unclassified,Unclassified,2,0.8912361998182822,158.71444698447795,False,False,True,True,False,"[{""target"":""S1A"",""magnitude"":0.3258162938359114,""start_week"":1,""duration_weeks"":1,""recovery_weeks"":1},{""target"":""S1B"",""magnitude"":0.49471855040886514,""start_week"":12,""duration_weeks"":1,""recovery_weeks"":4}]"
A,314,504,Supplier-cluster shock,False,,False,Non-failure,Unclassified,Unclassified,0,1.0,0.0,False,False,False,False,False,[]
A,314,505,Supplier-cluster shock,False,,False,Non-failure,Unclassified,Unclassified,3,0.9493082812946283,48.05872626815858,False,True,False,False,True,"[{""target"":""demand"",""magnitude"":0.05339858474239833,""start_week"":4,""duration_weeks"":2,""recovery_weeks"":1},{""target"":""corridor"",""magnitude"":0.18427346746356468,""start_week"":16,""duration_weeks"":1,""recovery_weeks"":2},{""target"":""S1C"",""magnitude"":0.33632451972115474,""start_week"":48,""duration_weeks"":2,""recovery_weeks"":1}]"
A,314,506,Supplier-cluster shock,True,False,False,Adaptation-limited,Concentrated dependency,Concentrated dependency,2,0.8115782624374261,408.7386914189493,False,True,False,False,False,"[{""target"":""demand"",""magnitude"":0.16533966964786775,""start_week"":12,""duration_weeks"":9,""recovery_weeks"":4},{""target"":""corridor"",""magnitude"":0.39131630317193045,""start_week"":48,""duration_weeks"":2,""recovery_weeks"":2}]"
A,314,507,Supplier-cluster shock,False,,False,Non-failure,Unclassified,Unclassified,3,0.9536495370781103,88.49458734920245,False,True,True,True,False,"[{""target"":""corridor"",""magnitude"":0.16139791793892214,""start_week"":5,""duration_weeks"":1,""recovery_weeks"":2},{""target"":""S1A"",""magnitude"":0.27841873681460516,""start_week"":11,""duration_weeks"":3,""recovery_weeks"":2},{""target"":""S1B"",""magnitude"":0.3542885415742517,""start_week"":40,""duration_weeks"":2,""recovery_weeks"":2}]"
A,314,508,Supplier-cluster shock,False,,False,Non-failure,Unclassified,Unclassified,4,0.915449966156108,152.19006091900565,False,False,True,True,True,"[{""target"":""S1B"",""magnitude"":0.4402375761487569,""start_week"":7,""duration_weeks"":1,""recovery_weeks"":3},{""target"":""S1A"",""magnitude"":0.37880266397235896,""start_week"":12,""duration_weeks"":5,""recovery_weeks"":4},{""target"":""S1C"",""magnitude"":0.2226353279706068,""start_week"":26,""duration_weeks"":3,""recovery_weeks"":3},{""target"":""S1B"",""magnitude"":0.21818492815942697,""start_week"":50,""duration_weeks"":6,""recovery_weeks"":1}]"
A,314,509,Supplier-cluster shock,True,False,False,Adaptation-limited,Concentrated dependency,Concentrated dependency,1,0.7233493861373338,497.9711049527991,False,True,False,False,False,"[{""target"":""corridor"",""magnitude"":0.4574879603969997,""start_week"":46,""duration_weeks"":1,""recovery_weeks"":2}]"
A,314,510,Supplier-cluster shock,False,,False,Non-failure,Unclassified,Unclassified,2,0.9439318898801302,100.92259821576567,False,True,False,False,False,"[{""target"":""corridor"",""magnitude"":0.2920510825899024,""start_week"":11,""duration_weeks"":1,""recovery_weeks"":2},{""target"":""corridor"",""magnitude"":0.23423305744953327,""start_week"":25,""duration_weeks"":3,""recovery_weeks"":3}]"
A,314,511,Supplier-cluster shock,True,True,False,Structural,Concentrated dependency; Hidden convergent dependency; Propagation-amplified cascade,Hidden convergent dependency,3,0.8048199804481945,316.1410967814377,True,False,True,False,True,"[{""target"":""T2P"",""magnitude"":0.2756620175966252,""start_week"":12,""duration_weeks"":4,""recovery_weeks"":2},{""target"":""S1A"",""magnitude"":0.28140391965066736,""start_week"":23,""duration_weeks"":1,""recovery_weeks"":1},{""target"":""S1C"",""magnitude"":0.21201651972343885,""start_week"":51,""duration_weeks"":5,""recovery_weeks"":2}]"
A,314,512,Supplier-cluster shock,False,,False,Non-failure,Unclassified,Unclassified,3,0.8766591528789669,170.0086482823192,False,False,True,True,False,"[{""target"":""S1B"",""magnitude"":0.3366756412159173,""start_week"":18,""duration_weeks"":1,""recovery_weeks"":1},{""target"":""S1A"",""magnitude"":0.26110490280509396,""start_week"":38,""duration_weeks"":2,""recovery_weeks"":2},{""target"":""S1B"",""magnitude"":0.5275169060223245,""start_week"":47,""duration_weeks"":1,""recovery_weeks"":3}]"
A,314,513,Supplier-cluster shock,True,True,True,Structural,Concentrated dependency,Concentrated dependency,6,0.6564236306821509,922.3699089095414,True,True,True,False,False,"[{""target"":""corridor"",""magnitude"":0.34944177050898084,""start_week"":6,""duration_weeks"":2,""recovery_weeks"":2},{""target"":""T2P"",""magnitude"":0.3743557929210866,""start_week"":10,""duration_weeks"":1,""recovery_weeks"":4},{""target"":""corridor"",""magnitude"":0.34274752963990607,""start_week"":22,""duration_weeks"":3,""recovery_weeks"":1},{""target"":""corridor"",""magnitude"":0.4505646056115966,""start_week"":47,""duration_weeks"":1,""recovery_weeks"":4},{""target"":""corridor"",""magnitude"":0.2564036195796614,""start_week"":49,""duration_weeks"":10,""recovery_weeks"":2},{""target"":""S1A"",""magnitude"":0.5307220138499495,""start_week"":50,""duration_weeks"":1,""recovery_weeks"":3}]"
A,314,514,Supplier-cluster shock,True,True,True,Structural,Concentrated dependency,Concentrated dependency,1,0.8378129977933093,583.8732079440866,False,True,False,False,False,"[{""target"":""corridor"",""magnitude"":0.371640251655018,""start_week"":20,""duration_weeks"":3,""recovery_weeks"":2}]"
A,314,515,Supplier-cluster shock,True,True,True,Structural,Concentrated dependency; Hidden convergent dependency; Propagation-amplified cascade,Hidden convergent dependency,4,0.7951369493268458,690.6372192408714,True,False,True,True,False,"[{""target"":""T2P"",""magnitude"":0.28437674560583875,""start_week"":11,""duration_weeks"":6,""recovery_weeks"":1},{""target"":""S1B"",""magnitude"":0.26693292136120206,""start_week"":25,""duration_weeks"":2,""recovery_weeks"":2},{""target"":""S1A"",""magnitude"":0.4212901100858547,""start_week"":29,""duration_weeks"":7,""recovery_weeks"":2},{""target"":""S1B"",""magnitude"":0.21446870942208618,""start_week"":39,""duration_weeks"":4,""recovery_weeks"":2}]"
A,314,516,Supplier-cluster shock,False,,False,Non-failure,Unclassified,Unclassified,2,0.807434351710569,822.8813369730624,False,True,False,False,False,"[{""target"":""demand"",""magnitude"":0.19578839086651018,""start_week"":22,""duration_weeks"":12,""recovery_weeks"":4},{""target"":""corridor"",""magnitude"":0.39442423621707334,""start_week"":49,""duration_weeks"":1,""recovery_weeks"":2}]"
A,314,517,Supplier-cluster shock,True,True,True,Structural,Concentrated dependency,Concentrated dependency,3,0.5578682713166871,1568.965261713594,True,True,True,False,False,"[{""target"":""S1A"",""magnitude"":0.4034540906648716,""start_week"":1,""duration_weeks"":7,""recovery_weeks"":1},{""target"":""corridor"",""magnitude"":0.5815987965124846,""start_week"":6,""duration_weeks"":1,""recovery_weeks"":1},{""target"":""T2P"",""magnitude"":0.2836181344163626,""start_week"":25,""duration_weeks"":11,""recovery_weeks"":2}]"
A,314,518,Supplier-cluster shock,False,,False,Non-failure,Unclassified,Unclassified,2,0.8695341489180067,135.03698057161182,False,False,False,False,False,"[{""target"":""demand"",""magnitude"":0.15004108952401313,""start_week"":22,""duration_weeks"":7,""recovery_weeks"":4},{""target"":""demand"",""magnitude"":0.2193629958554849,""start_week"":51,""duration_weeks"":2,""recovery_weeks"":4}]"
A,314,519,Supplier-cluster shock,True,True,True,Structural,Concentrated dependency; Hidden convergent dependency; Propagation-amplified cascade,Hidden convergent dependency,6,0.6358886948867107,3010.942330324494,True,True,False,False,False,"[{""target"":""T2P"",""magnitude"":0.4277001746019604,""start_week"":1,""duration_weeks"":9,""recovery_weeks"":2},{""target"":""corridor"",""magnitude"":0.22908958141263025,""start_week"":13,""duration_weeks"":2,""recovery_weeks"":1},{""target"":""corridor"",""magnitude"":0.30900794842697266,""start_week"":22,""duration_weeks"":3,""recovery_weeks"":2},{""target"":""corridor"",""magnitude"":0.2695707020681584,""start_week"":23,""duration_weeks"":1,""recovery_weeks"":4},{""target"":""T2P"",""magnitude"":0.2981432462537579,""start_week"":42,""duration_weeks"":1,""recovery_weeks"":4},{""target"":""corridor"",""magnitude"":0.4836005438838141,""start_week"":50,""duration_weeks"":12,""recovery_weeks"":2}]"
A,314,520,Supplier-cluster shock,True,True,False,Structural,Hidden convergent dependency; Compounding moderate disturbance,Hidden convergent dependency,3,0.8080290343131091,328.7502018183902,True,True,False,False,False,"[{""target"":""T2P"",""magnitude"":0.4413302571265483,""start_week"":8,""duration_weeks"":1,""recovery_weeks"":1},{""target"":""demand"",""magnitude"":0.12391380210147063,""start_week"":12,""duration_weeks"":3,""recovery_weeks"":1},{""target"":""corridor"",""magnitude"":0.22702187385258393,""start_week"":49,""duration_weeks"":4,""recovery_weeks"":4}]"
A,314,521,Supplier-cluster shock,False,,False,Non-failure,Unclassified,Unclassified,2,0.8206674713216585,380.0097953236459,False,False,False,False,False,"[{""target"":""demand"",""magnitude"":0.21852033246734182,""start_week"":8,""duration_weeks"":5,""recovery_weeks"":1},{""target"":""demand"",""magnitude"":0.17012418929239126,""start_week"":37,""duration_weeks"":9,""recovery_weeks"":1}]"
A,314,522,Supplier-cluster shock,True,False,False,Adaptation-limited,Concentrated dependency; Recovery lag and temporal overlap,Recovery lag and temporal overlap,4,0.7898964027678962,341.1758255457248,False,True,False,False,True,"[{""target"":""demand"",""magnitude"":0.26598880118440144,""start_week"":14,""duration_weeks"":1,""recovery_weeks"":2},{""target"":""demand"",""magnitude"":0.21805248976744185,""start_week"":24,""duration_weeks"":1,""recovery_weeks"":4},{""target"":""corridor"",""magnitude"":0.3812169007134676,""start_week"":27,""duration_weeks"":1,""recovery_weeks"":2},{""target"":""S1C"",""magnitude"":0.2345180642695549,""start_week"":36,""duration_weeks"":2,""recovery_weeks"":3}]"
A,314,523,Supplier-cluster shock,True,False,True,Adaptation-limited,Concentrated dependency; Propagation-amplified cascade,Propagation-amplified cascade,3,0.66611161981572,1657.951092894202,True,True,False,False,False,"[{""target"":""T2P"",""magnitude"":0.24754076197702446,""start_week"":6,""duration_weeks"":1,""recovery_weeks"":2},{""target"":""corridor"",""magnitude"":0.4404282154841659,""start_week"":35,""duration_weeks"":4,""recovery_weeks"":4},{""target"":""corridor"",""magnitude"":0.25399507013662154,""start_week"":40,""duration_weeks"":1,""recovery_weeks"":3}]"
A,314,524,Supplier-cluster shock,False,,False,Non-failure,Unclassified,Unclassified,2,0.8658537961118734,139.43645456249146,False,True,False,False,False,"[{""target"":""corridor"",""magnitude"":0.18946355375395724,""start_week"":32,""duration_weeks"":2,""recovery_weeks"":2},{""target"":""demand"",""magnitude"":0.15492939395832395,""start_week"":35,""duration_weeks"":3,""recovery_weeks"":1}]"
A,314,525,Supplier-cluster shock,False,,False,Non-failure,Unclassified,Unclassified,0,1.0,0.0,False,False,False,False,False,[]
A,314,526,Supplier-cluster shock,False,,False,Non-failure,Unclassified,Unclassified,0,1.0,0.0,False,False,False,False,False,[]
A,314,527,Supplier-cluster shock,False,,False,Non-failure,Unclassified,Unclassified,2,0.9458150416007268,146.29938767803765,True,True,False,False,False,"[{""target"":""corridor"",""magnitude"":0.290638718799455,""start_week"":28,""duration_weeks"":2,""recovery_weeks"":4},{""target"":""T2P"",""magnitude"":0.18191071231141898,""start_week"":40,""duration_weeks"":2,""recovery_weeks"":4}]"
A,314,528,Supplier-cluster shock,True,False,False,Adaptation-limited,Concentrated dependency,Concentrated dependency,5,0.7041242699506999,532.5763140887402,True,True,False,True,True,"[{""target"":""corridor"",""magnitude"":0.47190679753697506,""start_week"":9,""duration_weeks"":1,""recovery_weeks"":2},{""target"":""T2P"",""magnitude"":0.29157695594023325,""start_week"":20,""duration_weeks"":1,""recovery_weeks"":3},{""target"":""S1C"",""magnitude"":0.2281526736229068,""start_week"":23,""duration_weeks"":3,""recovery_weeks"":4},{""target"":""S1B"",""magnitude"":0.18577089719492734,""start_week"":25,""duration_weeks"":1,""recovery_weeks"":3},{""target"":""S1C"",""magnitude"":0.41887972428660203,""start_week"":41,""duration_weeks"":3,""recovery_weeks"":4}]"
A,314,529,Supplier-cluster shock,True,True,False,Structural,Concentrated dependency; Propagation-amplified cascade,Propagation-amplified cascade,3,0.8784833698226238,255.18492337249018,True,False,True,False,False,"[{""target"":""T2P"",""magnitude"":0.1944593662998968,""start_week"":23,""duration_weeks"":3,""recovery_weeks"":1},{""target"":""S1A"",""magnitude"":0.5234124178990964,""start_week"":40,""duration_weeks"":2,""recovery_weeks"":2},{""target"":""demand"",""magnitude"":0.1053956059120674,""start_week"":46,""duration_weeks"":1,""recovery_weeks"":1}]"
A,314,530,Supplier-cluster shock,True,True,False,Structural,Concentrated dependency,Concentrated dependency,4,0.6997993025348079,440.621156725261,False,True,True,False,True,"[{""target"":""S1C"",""magnitude"":0.39922029613625454,""start_week"":10,""duration_weeks"":1,""recovery_weeks"":4},{""target"":""corridor"",""magnitude"":0.47515052309889416,""start_week"":16,""duration_weeks"":1,""recovery_weeks"":2},{""target"":""demand"",""magnitude"":0.26895507247041706,""start_week"":35,""duration_weeks"":1,""recovery_weeks"":4},{""target"":""S1A"",""magnitude"":0.18714553627154626,""start_week"":45,""duration_weeks"":2,""recovery_weeks"":1}]"
A,314,531,Supplier-cluster shock,False,,False,Non-failure,Unclassified,Unclassified,2,0.9229437236349172,75.1407122153064,False,False,False,False,False,"[{""target"":""demand"",""magnitude"":0.0834896802392294,""start_week"":28,""duration_weeks"":1,""recovery_weeks"":4},{""target"":""demand"",""magnitude"":0.10825720132879617,""start_week"":40,""duration_weeks"":2,""recovery_weeks"":4}]"
A,314,532,Supplier-cluster shock,True,False,False,Adaptation-limited,Concentrated dependency,Concentrated dependency,3,0.7081680635426197,525.2974856232845,False,True,True,False,True,"[{""target"":""corridor"",""magnitude"":0.4688739523430352,""start_week"":16,""duration_weeks"":1,""recovery_weeks"":1},{""target"":""S1C"",""magnitude"":0.22918401016369905,""start_week"":25,""duration_weeks"":2,""recovery_weeks"":4},{""target"":""S1A"",""magnitude"":0.21866225351775964,""start_week"":27,""duration_weeks"":5,""recovery_weeks"":1}]"
A,314,533,Supplier-cluster shock,False,,False,Non-failure,Unclassified,Unclassified,1,1.0,0.0,True,False,False,False,False,"[{""target"":""T2P"",""magnitude"":0.26268076001860796,""start_week"":45,""duration_weeks"":6,""recovery_weeks"":3}]"
A,314,534,Supplier-cluster shock,False,,False,Non-failure,Unclassified,Unclassified,2,0.9002036076044796,209.57242403059308,False,False,True,True,False,"[{""target"":""S1B"",""magnitude"":0.47454188288992116,""start_week"":23,""duration_weeks"":3,""recovery_weeks"":1},{""target"":""S1A"",""magnitude"":0.3356829995984489,""start_week"":38,""duration_weeks"":1,""recovery_weeks"":2}]"
A,314,535,Supplier-cluster shock,False,,False,Non-failure,Unclassified,Unclassified,1,0.9223068252589824,75.81409499737936,False,False,False,False,False,"[{""target"":""demand"",""magnitude"":0.08423788333042145,""start_week"":2,""duration_weeks"":4,""recovery_weeks"":2}]"
A,314,536,Supplier-cluster shock,False,,False,Non-failure,Unclassified,Unclassified,0,1.0,0.0,False,False,False,False,False,[]
A,314,537,Supplier-cluster shock,False,,False,Non-failure,Unclassified,Unclassified,0,1.0,0.0,False,False,False,False,False,[]
A,314,538,Supplier-cluster shock,True,False,True,Adaptation-limited,Concentrated dependency,Concentrated dependency,3,0.731670814012465,1313.603537485493,False,True,True,True,False,"[{""target"":""corridor"",""magnitude"":0.45124688949065117,""start_week"":45,""duration_weeks"":4,""recovery_weeks"":4},{""target"":""S1A"",""magnitude"":0.5024963487904573,""start_week"":49,""duration_weeks"":1,""recovery_weeks"":3},{""target"":""S1B"",""magnitude"":0.23920594920388216,""start_week"":51,""duration_weeks"":1,""recovery_weeks"":2}]"
A,314,539,Supplier-cluster shock,False,,False,Non-failure,Unclassified,Unclassified,3,0.8947111152420535,109.36498321585555,False,True,False,False,False,"[{""target"":""corridor"",""magnitude"":0.254076179216668,""start_week"":24,""duration_weeks"":5,""recovery_weeks"":4},{""target"":""demand"",""magnitude"":0.15412608175096032,""start_week"":33,""duration_weeks"":7,""recovery_weeks"":1},{""target"":""corridor"",""magnitude"":0.2078292730717119,""start_week"":45,""duration_weeks"":1,""recovery_weeks"":3}]"
A,314,540,Supplier-cluster shock,False,,False,Non-failure,Unclassified,Unclassified,2,0.9030493332419943,96.62329273745536,False,False,False,False,False,"[{""target"":""demand"",""magnitude"":0.10735921415272831,""start_week"":12,""duration_weeks"":4,""recovery_weeks"":1},{""target"":""demand"",""magnitude"":0.10982661427880702,""start_week"":15,""duration_weeks"":2,""recovery_weeks"":1}]"
A,314,541,Supplier-cluster shock,True,True,False,Structural,Concentrated dependency,Concentrated dependency,4,0.8420466518895626,284.3160265987872,True,False,False,True,True,"[{""target"":""S1B"",""magnitude"":0.19985479760801383,""start_week"":15,""duration_weeks"":3,""recovery_weeks"":1},{""target"":""S1C"",""magnitude"":0.19756152365198948,""start_week"":19,""duration_weeks"":1,""recovery_weeks"":3},{""target"":""S1B"",""magnitude"":0.6053950332484839,""start_week"":47,""duration_weeks"":1,""recovery_weeks"":1},{""target"":""T2P"",""magnitude"":0.36223718479124506,""start_week"":51,""duration_weeks"":5,""recovery_weeks"":2}]"
A,314,542,Supplier-cluster shock,False,,False,Non-failure,Unclassified,Unclassified,3,0.8494668452693593,490.88042726495485,True,False,False,False,False,"[{""target"":""T2P"",""magnitude"":0.23273258380798167,""start_week"":36,""duration_weeks"":1,""recovery_weeks"":2},{""target"":""demand"",""magnitude"":0.165462506566584,""start_week"":40,""duration_weeks"":4,""recovery_weeks"":2},{""target"":""demand"",""magnitude"":0.2080652293182514,""start_week"":45,""duration_weeks"":1,""recovery_weeks"":1}]"
A,314,543,Supplier-cluster shock,True,True,True,Structural,Concentrated dependency; Hidden convergent dependency; Propagation-amplified cascade,Hidden convergent dependency,3,0.6674121825472248,896.4774374643637,True,True,False,False,False,"[{""target"":""T2P"",""magnitude"":0.3993290357074978,""start_week"":7,""duration_weeks"":3,""recovery_weeks"":4},{""target"":""T2P"",""magnitude"":0.4369277884549764,""start_week"":31,""duration_weeks"":1,""recovery_weeks"":4},{""target"":""corridor"",""magnitude"":0.21353568081061575,""start_week"":37,""duration_weeks"":3,""recovery_weeks"":4}]"
A,314,544,Supplier-cluster shock,True,False,True,Adaptation-limited,Concentrated dependency,Concentrated dependency,2,0.7579990571264089,741.7531821983698,False,True,False,False,False,"[{""target"":""corridor"",""magnitude"":0.2469905560032179,""start_week"":7,""duration_weeks"":4,""recovery_weeks"":2},{""target"":""corridor"",""magnitude"":0.4315007071551933,""start_week"":34,""duration_weeks"":2,""recovery_weeks"":4}]"
A,314,545,Supplier-cluster shock,True,True,True,Structural,Concentrated dependency; Hidden convergent dependency,Hidden convergent dependency,4,0.5948652575998459,1329.298228826191,True,False,True,False,True,"[{""target"":""T2P"",""magnitude"":0.4042712107768399,""start_week"":5,""duration_weeks"":3,""recovery_weeks"":4},{""target"":""demand"",""magnitude"":0.11272404709821424,""start_week"":12,""duration_weeks"":3,""recovery_weeks"":2},{""target"":""S1A"",""magnitude"":0.37424881381441505,""start_week"":29,""duration_weeks"":5,""recovery_weeks"":4},{""target"":""S1C"",""magnitude"":0.34513612139780353,""start_week"":33,""duration_weeks"":1,""recovery_weeks"":1}]"
A,314,546,Supplier-cluster shock,True,True,False,Structural,Concentrated dependency,Concentrated dependency,3,0.8046948512051242,496.9192671898129,False,True,False,False,False,"[{""target"":""corridor"",""magnitude"":0.3503367135420724,""start_week"":11,""duration_weeks"":3,""recovery_weeks"":4},{""target"":""demand"",""magnitude"":0.11045116699996396,""start_week"":38,""duration_weeks"":8,""recovery_weeks"":2},{""target"":""corridor"",""magnitude"":0.3964788615961568,""start_week"":48,""duration_weeks"":5,""recovery_weeks"":2}]"
A,314,547,Supplier-cluster shock,True,True,True,Structural,Concentrated dependency,Concentrated dependency,3,0.5597842743002762,733.923539783398,False,True,True,False,False,"[{""target"":""demand"",""magnitude"":0.12366344549774388,""start_week"":10,""duration_weeks"":1,""recovery_weeks"":2},{""target"":""corridor"",""magnitude"":0.5801617942747929,""start_week"":25,""duration_weeks"":1,""recovery_weeks"":3},{""target"":""S1A"",""magnitude"":0.27755678601812406,""start_week"":42,""duration_weeks"":3,""recovery_weeks"":1}]"
A,314,548,Supplier-cluster shock,True,True,False,Structural,Concentrated dependency,Concentrated dependency,4,0.8449770905724976,267.28846174095054,True,False,True,True,False,"[{""target"":""S1A"",""magnitude"":0.5190766927478957,""start_week"":9,""duration_weeks"":3,""recovery_weeks"":1},{""target"":""S1B"",""magnitude"":0.2006833070246547,""start_week"":12,""duration_weeks"":2,""recovery_weeks"":1},{""target"":""T2P"",""magnitude"":0.3861160783719009,""start_week"":14,""duration_weeks"":1,""recovery_weeks"":1},{""target"":""demand"",""magnitude"":0.1388674831233947,""start_week"":45,""duration_weeks"":3,""recovery_weeks"":1}]"
A,314,549,Supplier-cluster shock,False,,False,Non-failure,Unclassified,Unclassified,4,0.7848445245392339,346.6468928418244,False,False,True,True,False,"[{""target"":""S1A"",""magnitude"":0.22492283539121527,""start_week"":3,""duration_weeks"":1,""recovery_weeks"":4},{""target"":""S1B"",""magnitude"":0.47239230486265193,""start_week"":6,""duration_weeks"":1,""recovery_weeks"":4},{""target"":""S1A"",""magnitude"":0.21035499063697569,""start_week"":41,""duration_weeks"":2,""recovery_weeks"":3},{""target"":""demand"",""magnitude"":0.30730341004670675,""start_week"":48,""duration_weeks"":5,""recovery_weeks"":2}]"
A,314,550,Supplier-cluster shock,True,True,False,Structural,Concentrated dependency,Concentrated dependency,1,0.8521714810094116,290.8755845017064,False,True,False,False,False,"[{""target"":""corridor"",""magnitude"":0.36087138924294127,""start_week"":19,""duration_weeks"":1,""recovery_weeks"":4}]"
A,314,551,Supplier-cluster shock,False,,False,Non-failure,Unclassified,Unclassified,2,0.9505455700137879,46.824674578142776,False,True,False,False,False,"[{""target"":""demand"",""magnitude"":0.05202741619793629,""start_week"":39,""duration_weeks"":4,""recovery_weeks"":2},{""target"":""corridor"",""magnitude"":0.22609734871734355,""start_week"":41,""duration_weeks"":2,""recovery_weeks"":4}]"
A,314,552,Supplier-cluster shock,False,,False,Non-failure,Unclassified,Unclassified,2,0.8714290199513508,132.78635367255083,False,True,False,False,False,"[{""target"":""corridor"",""magnitude"":0.21423218901662666,""start_week"":13,""duration_weeks"":1,""recovery_weeks"":1},{""target"":""demand"",""magnitude"":0.14754039296950067,""start_week"":43,""duration_weeks"":5,""recovery_weeks"":4}]"
A,314,553,Supplier-cluster shock,False,,False,Non-failure,Unclassified,Unclassified,2,0.9501117301251923,89.79888577465385,False,False,False,True,True,"[{""target"":""S1C"",""magnitude"":0.3622486072183174,""start_week"":26,""duration_weeks"":1,""recovery_weeks"":1},{""target"":""S1B"",""magnitude"":0.36012907904909913,""start_week"":39,""duration_weeks"":3,""recovery_weeks"":1}]"
A,314,554,Supplier-cluster shock,True,True,False,Structural,Concentrated dependency,Concentrated dependency,3,0.7076943471874501,551.7092389930515,False,True,False,False,False,"[{""target"":""corridor"",""magnitude"":0.34450653356406796,""start_week"":11,""duration_weeks"":2,""recovery_weeks"":1},{""target"":""demand"",""magnitude"":0.23498413129156287,""start_week"":14,""duration_weeks"":2,""recovery_weeks"":3},{""target"":""demand"",""magnitude"":0.05631426202917107,""start_week"":40,""duration_weeks"":2,""recovery_weeks"":2}]"
A,314,555,Supplier-cluster shock,True,True,False,Structural,Concentrated dependency; Hidden convergent dependency; Propagation-amplified cascade; Recovery lag and temporal overlap,Hidden convergent dependency,3,0.6425150561105107,540.9529713537443,True,True,False,False,True,"[{""target"":""corridor"",""magnitude"":0.322689514576319,""start_week"":21,""duration_weeks"":1,""recovery_weeks"":4},{""target"":""T2P"",""magnitude"":0.42173644950054034,""start_week"":25,""duration_weeks"":2,""recovery_weeks"":2},{""target"":""S1C"",""magnitude"":0.4548494350254594,""start_week"":46,""duration_weeks"":1,""recovery_weeks"":1}]"
A,314,556,Supplier-cluster shock,True,False,True,Adaptation-limited,Concentrated dependency; Hidden convergent dependency; Propagation-amplified cascade,Hidden convergent dependency,3,0.6305414546775484,974.6407163404808,True,True,False,False,False,"[{""target"":""corridor"",""magnitude"":0.2600643853245407,""start_week"":9,""duration_weeks"":1,""recovery_weeks"":2},{""target"":""T2P"",""magnitude"":0.4325126907902064,""start_week"":12,""duration_weeks"":3,""recovery_weeks"":3},{""target"":""T2P"",""magnitude"":0.2988751628172282,""start_week"":29,""duration_weeks"":2,""recovery_weeks"":2}]"
A,314,557,Supplier-cluster shock,False,,False,Non-failure,Unclassified,Unclassified,1,1.0,0.0,False,False,False,True,False,"[{""target"":""S1B"",""magnitude"":0.19019708997827112,""start_week"":51,""duration_weeks"":6,""recovery_weeks"":2}]"
A,314,558,Supplier-cluster shock,False,,False,Non-failure,Unclassified,Unclassified,1,0.9667627000628624,149.56784971711932,False,True,False,False,False,"[{""target"":""corridor"",""magnitude"":0.2749279749528533,""start_week"":28,""duration_weeks"":4,""recovery_weeks"":2}]"
A,314,559,Supplier-cluster shock,True,True,True,Structural,Concentrated dependency,Concentrated dependency,3,0.6213570002031933,1419.0528557160094,False,True,False,False,False,"[{""target"":""corridor"",""magnitude"":0.3323318168142009,""start_week"":13,""duration_weeks"":3,""recovery_weeks"":3},{""target"":""corridor"",""magnitude"":0.4746091303221227,""start_week"":28,""duration_weeks"":1,""recovery_weeks"":1},{""target"":""corridor"",""magnitude"":0.533982249847605,""start_week"":31,""duration_weeks"":2,""recovery_weeks"":3}]"
A,314,560,Supplier-cluster shock,False,,False,Non-failure,Unclassified,Unclassified,3,0.9653378438879746,72.79052783525356,False,False,True,True,True,"[{""target"":""S1B"",""magnitude"":0.32798985125205726,""start_week"":26,""duration_weeks"":8,""recovery_weeks"":2},{""target"":""S1C"",""magnitude"":0.24292404488016078,""start_week"":50,""duration_weeks"":1,""recovery_weeks"":1},{""target"":""S1A"",""magnitude"":0.6002616126589253,""start_week"":51,""duration_weeks"":1,""recovery_weeks"":2}]"
A,314,561,Supplier-cluster shock,False,,False,Non-failure,Unclassified,Unclassified,1,0.9307691798408628,66.94220166795435,False,False,False,False,False,"[{""target"":""demand"",""magnitude"":0.07438022407550461,""start_week"":36,""duration_weeks"":5,""recovery_weeks"":3}]"
A,314,562,Supplier-cluster shock,False,,False,Non-failure,Unclassified,Unclassified,2,0.9726569733732241,98.43489585639327,False,True,False,False,False,"[{""target"":""corridor"",""magnitude"":0.27050726997008195,""start_week"":2,""duration_weeks"":3,""recovery_weeks"":2},{""target"":""demand"",""magnitude"":0.13955744167319412,""start_week"":18,""duration_weeks"":1,""recovery_weeks"":4}]"
A,314,563,Supplier-cluster shock,False,,False,Non-failure,Unclassified,Unclassified,2,0.8588857185207833,147.8693271906136,False,True,False,False,False,"[{""target"":""demand"",""magnitude"":0.16429925243401505,""start_week"":13,""duration_weeks"":1,""recovery_weeks"":3},{""target"":""corridor"",""magnitude"":0.2586256284893158,""start_week"":24,""duration_weeks"":4,""recovery_weeks"":3}]"
A,314,564,Supplier-cluster shock,True,True,False,Structural,Concentrated dependency; Propagation-amplified cascade,Propagation-amplified cascade,4,0.8135630632303321,386.4314185049286,True,True,True,False,False,"[{""target"":""corridor"",""magnitude"":0.38982770257725097,""start_week"":4,""duration_weeks"":1,""recovery_weeks"":4},{""target"":""T2P"",""magnitude"":0.3070239395508599,""start_week"":6,""duration_weeks"":1,""recovery_weeks"":2},{""target"":""T2P"",""magnitude"":0.1862509370964669,""start_week"":33,""duration_weeks"":1,""recovery_weeks"":2},{""target"":""S1A"",""magnitude"":0.31325428051880977,""start_week"":40,""duration_weeks"":2,""recovery_weeks"":2}]"
A,314,565,Supplier-cluster shock,False,,False,Non-failure,Unclassified,Unclassified,0,1.0,0.0,False,False,False,False,False,[]
A,314,566,Supplier-cluster shock,False,,False,Non-failure,Unclassified,Unclassified,3,0.8920362143393324,240.68261309392017,True,False,False,True,True,"[{""target"":""T2P"",""magnitude"":0.21318697730179015,""start_week"":27,""duration_weeks"":1,""recovery_weeks"":4},{""target"":""S1B"",""magnitude"":0.46322873528093456,""start_week"":32,""duration_weeks"":5,""recovery_weeks"":2},{""target"":""S1C"",""magnitude"":0.421842272642857,""start_week"":37,""duration_weeks"":1,""recovery_weeks"":1}]"
A,314,567,Supplier-cluster shock,False,,False,Non-failure,Unclassified,Unclassified,1,1.0,0.0,True,False,False,False,False,"[{""target"":""T2P"",""magnitude"":0.22942991354035094,""start_week"":7,""duration_weeks"":2,""recovery_weeks"":4}]"
A,314,568,Supplier-cluster shock,False,,False,Non-failure,Unclassified,Unclassified,2,0.8293159527337075,324.1632509951485,False,False,False,True,False,"[{""target"":""S1B"",""magnitude"":0.3462772027086851,""start_week"":39,""duration_weeks"":5,""recovery_weeks"":1},{""target"":""demand"",""magnitude"":0.2344778192705182,""start_week"":44,""duration_weeks"":1,""recovery_weeks"":3}]"
A,314,569,Supplier-cluster shock,False,,False,Non-failure,Unclassified,Unclassified,4,0.8991919542444567,243.10058890366918,False,False,True,True,False,"[{""target"":""S1B"",""magnitude"":0.2710173451653242,""start_week"":5,""duration_weeks"":5,""recovery_weeks"":1},{""target"":""S1A"",""magnitude"":0.3501358057547792,""start_week"":8,""duration_weeks"":7,""recovery_weeks"":3},{""target"":""S1B"",""magnitude"":0.4261997862156529,""start_week"":16,""duration_weeks"":4,""recovery_weeks"":3},{""target"":""S1A"",""magnitude"":0.25774723448404346,""start_week"":17,""duration_weeks"":4,""recovery_weeks"":4}]"
A,314,570,Supplier-cluster shock,False,,False,Non-failure,Unclassified,Unclassified,1,0.8425646830993826,168.16724941441998,False,False,False,False,False,"[{""target"":""demand"",""magnitude"":0.18685249934935572,""start_week"":51,""duration_weeks"":1,""recovery_weeks"":2}]"
A,314,571,Supplier-cluster shock,False,,False,Non-failure,Unclassified,Unclassified,0,1.0,0.0,False,False,False,False,False,[]
A,314,572,Supplier-cluster shock,False,,False,Non-failure,Unclassified,Unclassified,3,0.9078030916285951,179.46868053841365,False,True,False,True,False,"[{""target"":""demand"",""magnitude"":0.10156046968952723,""start_week"":31,""duration_weeks"":4,""recovery_weeks"":1},{""target"":""corridor"",""magnitude"":0.24860826462386035,""start_week"":33,""duration_weeks"":1,""recovery_weeks"":2},{""target"":""S1B"",""magnitude"":0.2799661022300361,""start_week"":40,""duration_weeks"":3,""recovery_weeks"":1}]"
A,314,573,Supplier-cluster shock,True,True,True,Structural,Concentrated dependency; Propagation-amplified cascade,Propagation-amplified cascade,6,0.6229368246554698,1513.7760978501776,True,True,True,True,True,"[{""target"":""T2P"",""magnitude"":0.2909812324011366,""start_week"":12,""duration_weeks"":2,""recovery_weeks"":4},{""target"":""corridor"",""magnitude"":0.5327973815083976,""start_week"":20,""duration_weeks"":3,""recovery_weeks"":2},{""target"":""S1A"",""magnitude"":0.30232838551026664,""start_week"":26,""duration_weeks"":1,""recovery_weeks"":1},{""target"":""S1C"",""magnitude"":0.24693702722459976,""start_week"":39,""duration_weeks"":5,""recovery_weeks"":3},{""target"":""S1B"",""magnitude"":0.23903266523315614,""start_week"":42,""duration_weeks"":2,""recovery_weeks"":1},{""target"":""S1A"",""magnitude"":0.23784845486674394,""start_week"":51,""duration_weeks"":1,""recovery_weeks"":2}]"
A,314,574,Supplier-cluster shock,False,,False,Non-failure,Unclassified,Unclassified,3,0.9889334224140599,23.239812930474272,True,False,True,False,True,"[{""target"":""T2P"",""magnitude"":0.2917289821928671,""start_week"":3,""duration_weeks"":1,""recovery_weeks"":2},{""target"":""S1C"",""magnitude"":0.2748997995683652,""start_week"":17,""duration_weeks"":7,""recovery_weeks"":4},{""target"":""S1A"",""magnitude"":0.20075149862196234,""start_week"":43,""duration_weeks"":1,""recovery_weeks"":2}]"
A,314,575,Supplier-cluster shock,False,,False,Non-failure,Unclassified,Unclassified,3,0.8914673337970306,109.5714849882678,True,False,False,False,False,"[{""target"":""T2P"",""magnitude"":0.2985646154656791,""start_week"":1,""duration_weeks"":2,""recovery_weeks"":1},{""target"":""demand"",""magnitude"":0.1217460944314087,""start_week"":29,""duration_weeks"":1,""recovery_weeks"":3},{""target"":""T2P"",""magnitude"":0.42729526861709577,""start_week"":47,""duration_weeks"":7,""recovery_weeks"":2}]"
A,314,576,Supplier-cluster shock,True,True,True,Structural,Compounding moderate disturbance; Recovery lag and temporal overlap,Compounding moderate disturbance,5,0.4268480138439015,1526.5171199951967,False,True,False,False,False,"[{""target"":""demand"",""magnitude"":0.20341663468749532,""start_week"":2,""duration_weeks"":4,""recovery_weeks"":2},{""target"":""demand"",""magnitude"":0.17286991754905823,""start_week"":6,""duration_weeks"":15,""recovery_weeks"":2},{""target"":""demand"",""magnitude"":0.1329005786427284,""start_week"":27,""duration_weeks"":4,""recovery_weeks"":1},{""target"":""corridor"",""magnitude"":0.6051490845663735,""start_week"":44,""duration_weeks"":2,""recovery_weeks"":2},{""target"":""corridor"",""magnitude"":0.18922307668616686,""start_week"":45,""duration_weeks"":1,""recovery_weeks"":3}]"
A,314,577,Supplier-cluster shock,False,,False,Non-failure,Unclassified,Unclassified,0,1.0,0.0,False,False,False,False,False,[]
A,314,578,Supplier-cluster shock,False,,False,Non-failure,Unclassified,Unclassified,0,1.0,0.0,False,False,False,False,False,[]
A,314,579,Supplier-cluster shock,False,,False,Non-failure,Unclassified,Unclassified,4,0.9214852806167972,218.35663110510427,True,False,True,False,False,"[{""target"":""S1A"",""magnitude"":0.3484302047539454,""start_week"":5,""duration_weeks"":1,""recovery_weeks"":1},{""target"":""T2P"",""magnitude"":0.31929644149683334,""start_week"":24,""duration_weeks"":1,""recovery_weeks"":3},{""target"":""demand"",""magnitude"":0.18015288818170294,""start_week"":36,""duration_weeks"":7,""recovery_weeks"":2},{""target"":""demand"",""magnitude"":0.07410754325007,""start_week"":45,""duration_weeks"":1,""recovery_weeks"":1}]"
A,314,580,Supplier-cluster shock,False,,False,Non-failure,Unclassified,Unclassified,3,0.8635674305349218,142.18844780020345,False,True,False,False,False,"[{""target"":""demand"",""magnitude"":0.157987164222448,""start_week"":13,""duration_weeks"":1,""recovery_weeks"":1},{""target"":""demand"",""magnitude"":0.19183925181898231,""start_week"":45,""duration_weeks"":2,""recovery_weeks"":2},{""target"":""corridor"",""magnitude"":0.29555317551743376,""start_week"":49,""duration_weeks"":1,""recovery_weeks"":4}]"
A,314,581,Supplier-cluster shock,False,,False,Non-failure,Unclassified,Unclassified,2,0.9277473697054732,136.55102960464285,True,False,True,False,False,"[{""target"":""T2P"",""magnitude"":0.2959736416936336,""start_week"":37,""duration_weeks"":2,""recovery_weeks"":1},{""target"":""S1A"",""magnitude"":0.339404577924461,""start_week"":38,""duration_weeks"":4,""recovery_weeks"":2}]"
A,314,582,Supplier-cluster shock,False,,False,Non-failure,Unclassified,Unclassified,1,0.9676297758160763,67.97747078623979,False,False,True,False,False,"[{""target"":""S1A"",""magnitude"":0.32283300441382823,""start_week"":22,""duration_weeks"":2,""recovery_weeks"":4}]"
A,314,583,Supplier-cluster shock,False,,False,Non-failure,Unclassified,Unclassified,2,0.9559979925581166,237.61084018617044,False,True,False,False,False,"[{""target"":""corridor"",""magnitude"":0.28300150558141246,""start_week"":5,""duration_weeks"":5,""recovery_weeks"":2},{""target"":""demand"",""magnitude"":0.08735671827773153,""start_week"":14,""duration_weeks"":1,""recovery_weeks"":1}]"
A,314,584,Supplier-cluster shock,False,,False,Non-failure,Unclassified,Unclassified,5,0.9413030962718296,96.72344525184599,False,True,True,True,False,"[{""target"":""corridor"",""magnitude"":0.23864523945695768,""start_week"":14,""duration_weeks"":5,""recovery_weeks"":4},{""target"":""S1A"",""magnitude"":0.3284473868724733,""start_week"":24,""duration_weeks"":2,""recovery_weeks"":1},{""target"":""S1B"",""magnitude"":0.2663077907348432,""start_week"":25,""duration_weeks"":2,""recovery_weeks"":3},{""target"":""corridor"",""magnitude"":0.20669436540027078,""start_week"":42,""duration_weeks"":1,""recovery_weeks"":1},{""target"":""demand"",""magnitude"":0.17268507869181185,""start_week"":44,""duration_weeks"":4,""recovery_weeks"":3}]"
A,314,585,Supplier-cluster shock,True,True,False,Structural,Concentrated dependency,Concentrated dependency,5,0.8722041967138272,219.2425871064122,False,False,True,True,True,"[{""target"":""S1A"",""magnitude"":0.26842993127481907,""start_week"":4,""duration_weeks"":8,""recovery_weeks"":2},{""target"":""S1B"",""magnitude"":0.5375405573938887,""start_week"":32,""duration_weeks"":1,""recovery_weeks"":2},{""target"":""S1A"",""magnitude"":0.32027625480808597,""start_week"":34,""duration_weeks"":3,""recovery_weeks"":1},{""target"":""S1B"",""magnitude"":0.36191160108516895,""start_week"":36,""duration_weeks"":1,""recovery_weeks"":3},{""target"":""S1C"",""magnitude"":0.34522491737847927,""start_week"":42,""duration_weeks"":1,""recovery_weeks"":3}]"
A,314,586,Supplier-cluster shock,False,,False,Non-failure,Unclassified,Unclassified,2,0.8649071415308779,140.5741342440624,False,False,False,False,False,"[{""target"":""demand"",""magnitude"":0.1561934824934026,""start_week"":13,""duration_weeks"":3,""recovery_weeks"":4},{""target"":""demand"",""magnitude"":0.056601278235758855,""start_week"":37,""duration_weeks"":1,""recovery_weeks"":2}]"
A,314,587,Supplier-cluster shock,True,True,True,Structural,Concentrated dependency; Hidden convergent dependency; Propagation-amplified cascade,Hidden convergent dependency,5,0.5761452186460045,965.5070296314748,True,True,True,False,False,"[{""target"":""S1A"",""magnitude"":0.29263350778775865,""start_week"":7,""duration_weeks"":3,""recovery_weeks"":4},{""target"":""demand"",""magnitude"":0.09909293354310625,""start_week"":31,""duration_weeks"":2,""recovery_weeks"":1},{""target"":""T2P"",""magnitude"":0.4814693032185957,""start_week"":32,""duration_weeks"":2,""recovery_weeks"":3},{""target"":""corridor"",""magnitude"":0.2274916873950854,""start_week"":41,""duration_weeks"":1,""recovery_weeks"":2},{""target"":""demand"",""magnitude"":0.09758237250734177,""start_week"":43,""duration_weeks"":2,""recovery_weeks"":2}]"
A,314,588,Supplier-cluster shock,True,False,True,Adaptation-limited,Concentrated dependency,Concentrated dependency,3,0.6063442932182485,799.9291953793803,False,True,True,False,False,"[{""target"":""S1A"",""magnitude"":0.31674936539789494,""start_week"":4,""duration_weeks"":1,""recovery_weeks"":2},{""target"":""demand"",""magnitude"":0.08487120623542826,""start_week"":29,""duration_weeks"":1,""recovery_weeks"":1},{""target"":""corridor"",""magnitude"":0.5452417800863136,""start_week"":48,""duration_weeks"":1,""recovery_weeks"":4}]"
A,314,589,Supplier-cluster shock,False,,False,Non-failure,Unclassified,Unclassified,2,0.8760665033096587,127.31926925629932,False,True,False,False,False,"[{""target"":""demand"",""magnitude"":0.14146585472922146,""start_week"":28,""duration_weeks"":3,""recovery_weeks"":3},{""target"":""corridor"",""magnitude"":0.19552072632805423,""start_week"":33,""duration_weeks"":1,""recovery_weeks"":1}]"
A,314,590,Supplier-cluster shock,False,,False,Non-failure,Unclassified,Unclassified,1,1.0,0.0,False,True,False,False,False,"[{""target"":""corridor"",""magnitude"":0.17058472491864007,""start_week"":49,""duration_weeks"":4,""recovery_weeks"":2}]"
A,314,591,Supplier-cluster shock,True,True,True,Structural,Concentrated dependency,Concentrated dependency,3,0.587914364689487,1405.7985140847813,True,True,False,False,True,"[{""target"":""S1C"",""magnitude"":0.38871308653551573,""start_week"":6,""duration_weeks"":12,""recovery_weeks"":3},{""target"":""corridor"",""magnitude"":0.5590642264828848,""start_week"":29,""duration_weeks"":3,""recovery_weeks"":1},{""target"":""T2P"",""magnitude"":0.3012131664116412,""start_week"":51,""duration_weeks"":2,""recovery_weeks"":2}]"
A,314,592,Supplier-cluster shock,True,True,False,Structural,Concentrated dependency; Hidden convergent dependency; Propagation-amplified cascade,Hidden convergent dependency,7,0.6986797193335047,486.7133159373883,True,False,True,True,True,"[{""target"":""S1C"",""magnitude"":0.24103462492386568,""start_week"":10,""duration_weeks"":1,""recovery_weeks"":1},{""target"":""T2P"",""magnitude"":0.39039608419994853,""start_week"":22,""duration_weeks"":2,""recovery_weeks"":2},{""target"":""T2P"",""magnitude"":0.22673290333879062,""start_week"":44,""duration_weeks"":2,""recovery_weeks"":3},{""target"":""S1B"",""magnitude"":0.4703028052026038,""start_week"":46,""duration_weeks"":3,""recovery_weeks"":1},{""target"":""S1A"",""magnitude"":0.42229142280577714,""start_week"":48,""duration_weeks"":9,""recovery_weeks"":3},{""target"":""S1C"",""magnitude"":0.286831057807793,""start_week"":49,""duration_weeks"":7,""recovery_weeks"":2},{""target"":""S1A"",""magnitude"":0.3279086352811992,""start_week"":50,""duration_weeks"":5,""recovery_weeks"":3}]"
A,314,593,Supplier-cluster shock,False,,False,Non-failure,Unclassified,Unclassified,1,0.8786224433011142,124.33076557726804,False,False,False,False,False,"[{""target"":""demand"",""magnitude"":0.13814529508585338,""start_week"":33,""duration_weeks"":1,""recovery_weeks"":1}]"
A,314,594,Supplier-cluster shock,True,True,False,Structural,Concentrated dependency,Concentrated dependency,1,0.828171838836062,309.2906900950884,False,False,True,False,False,"[{""target"":""S1A"",""magnitude"":0.6366133626188605,""start_week"":23,""duration_weeks"":1,""recovery_weeks"":3}]"
A,314,595,Supplier-cluster shock,True,True,True,Structural,Concentrated dependency; Hidden convergent dependency; Propagation-amplified cascade,Hidden convergent dependency,6,0.5791611228394283,3593.251359973423,True,False,False,True,False,"[{""target"":""demand"",""magnitude"":0.06152667930748087,""start_week"":11,""duration_weeks"":5,""recovery_weeks"":4},{""target"":""T2P"",""magnitude"":0.298915251683768,""start_week"":17,""duration_weeks"":1,""recovery_weeks"":3},{""target"":""T2P"",""magnitude"":0.29341855587029997,""start_week"":22,""duration_weeks"":10,""recovery_weeks"":2},{""target"":""T2P"",""magnitude"":0.2623001709342855,""start_week"":32,""duration_weeks"":2,""recovery_weeks"":4},{""target"":""T2P"",""magnitude"":0.3969948109875713,""start_week"":43,""duration_weeks"":5,""recovery_weeks"":4},{""target"":""S1B"",""magnitude"":0.3492343257258599,""start_week"":49,""duration_weeks"":3,""recovery_weeks"":1}]"
A,314,596,Supplier-cluster shock,True,True,True,Structural,Concentrated dependency,Concentrated dependency,1,0.4995013115301313,2139.8563030201294,False,True,False,False,False,"[{""target"":""corridor"",""magnitude"":0.6253740163524015,""start_week"":25,""duration_weeks"":3,""recovery_weeks"":4}]"
A,314,597,Supplier-cluster shock,False,,False,Non-failure,Unclassified,Unclassified,4,0.9308977826270269,141.60352851462028,False,False,True,False,True,"[{""target"":""S1A"",""magnitude"":0.27133158516733713,""start_week"":6,""duration_weeks"":10,""recovery_weeks"":4},{""target"":""S1C"",""magnitude"":0.3137131024010498,""start_week"":17,""duration_weeks"":2,""recovery_weeks"":2},{""target"":""S1A"",""magnitude"":0.24706330577071006,""start_week"":26,""duration_weeks"":4,""recovery_weeks"":1},{""target"":""S1C"",""magnitude"":0.4054799890891895,""start_week"":31,""duration_weeks"":8,""recovery_weeks"":1}]"
A,314,598,Supplier-cluster shock,True,True,False,Structural,Concentrated dependency; Recovery lag and temporal overlap,Recovery lag and temporal overlap,4,0.7120730091209374,440.7809920948614,False,True,True,True,False,"[{""target"":""corridor"",""magnitude"":0.2512776045595435,""start_week"":19,""duration_weeks"":1,""recovery_weeks"":2},{""target"":""S1A"",""magnitude"":0.4950166202096766,""start_week"":21,""duration_weeks"":1,""recovery_weeks"":4},{""target"":""S1B"",""magnitude"":0.3377555517200961,""start_week"":26,""duration_weeks"":6,""recovery_weeks"":4},{""target"":""corridor"",""magnitude"":0.465945243159297,""start_week"":43,""duration_weeks"":1,""recovery_weeks"":2}]"
A,314,599,Supplier-cluster shock,False,,False,Non-failure,Unclassified,Unclassified,1,0.947238639892924,110.7988562248596,False,False,False,True,False,"[{""target"":""S1B"",""magnitude"":0.3687130602409209,""start_week"":13,""duration_weeks"":3,""recovery_weeks"":1}]"
A,314,600,Supplier-cluster shock,False,,False,Non-failure,Unclassified,Unclassified,0,1.0,0.0,False,False,False,False,False,[]
A,314,601,Supplier-cluster shock,True,True,True,Structural,Concentrated dependency; Hidden convergent dependency,Hidden convergent dependency,2,0.7921949071405201,1303.5022318071117,True,False,False,False,False,"[{""target"":""demand"",""magnitude"":0.2623156132239807,""start_week"":9,""duration_weeks"":1,""recovery_weeks"":2},{""target"":""T2P"",""magnitude"":0.25414476829475685,""start_week"":30,""duration_weeks"":11,""recovery_weeks"":4}]"
A,314,602,Supplier-cluster shock,False,,False,Non-failure,Unclassified,Unclassified,0,1.0,0.0,False,False,False,False,False,[]
A,314,603,Supplier-cluster shock,True,True,False,Structural,Concentrated dependency; Hidden convergent dependency; Propagation-amplified cascade,Hidden convergent dependency,4,0.7313633635627765,494.94053970300524,True,False,True,True,False,"[{""target"":""T2P"",""magnitude"":0.45569729705800166,""start_week"":19,""duration_weeks"":1,""recovery_weeks"":4},{""target"":""S1A"",""magnitude"":0.45115868359314304,""start_week"":31,""duration_weeks"":6,""recovery_weeks"":3},{""target"":""S1B"",""magnitude"":0.2299770578042566,""start_week"":45,""duration_weeks"":3,""recovery_weeks"":2},{""target"":""S1A"",""magnitude"":0.23060007394825272,""start_week"":46,""duration_weeks"":1,""recovery_weeks"":1}]"
A,314,604,Supplier-cluster shock,False,,False,Non-failure,Unclassified,Unclassified,5,0.8874010221339234,114.19761477824318,False,False,True,False,True,"[{""target"":""demand"",""magnitude"":0.1268862386424922,""start_week"":2,""duration_weeks"":1,""recovery_weeks"":4},{""target"":""S1A"",""magnitude"":0.30750380866213195,""start_week"":6,""duration_weeks"":1,""recovery_weeks"":3},{""target"":""S1C"",""magnitude"":0.243156320993667,""start_week"":18,""duration_weeks"":1,""recovery_weeks"":4},{""target"":""S1A"",""magnitude"":0.32379927586414403,""start_week"":29,""duration_weeks"":2,""recovery_weeks"":3},{""target"":""S1C"",""magnitude"":0.26969477387512736,""start_week"":50,""duration_weeks"":1,""recovery_weeks"":1}]"
A,314,605,Supplier-cluster shock,False,,False,Non-failure,Unclassified,Unclassified,4,0.7827920176986929,423.788066856475,True,False,False,False,False,"[{""target"":""T2P"",""magnitude"":0.23560568220672967,""start_week"":4,""duration_weeks"":1,""recovery_weeks"":3},{""target"":""demand"",""magnitude"":0.2774785350262904,""start_week"":17,""duration_weeks"":3,""recovery_weeks"":2},{""target"":""demand"",""magnitude"":0.1257054340714293,""start_week"":32,""duration_weeks"":2,""recovery_weeks"":1},{""target"":""demand"",""magnitude"":0.06814407521612563,""start_week"":37,""duration_weeks"":1,""recovery_weeks"":4}]"
A,314,606,Supplier-cluster shock,False,,False,Non-failure,Unclassified,Unclassified,2,0.9375599840868786,59.93858022485938,True,False,False,False,False,"[{""target"":""demand"",""magnitude"":0.06659842247206596,""start_week"":38,""duration_weeks"":1,""recovery_weeks"":1},{""target"":""T2P"",""magnitude"":0.35135173691114074,""start_week"":49,""duration_weeks"":6,""recovery_weeks"":4}]"
A,314,607,Supplier-cluster shock,False,,False,Non-failure,Unclassified,Unclassified,2,0.8492114755687575,159.80668642899218,False,True,False,False,False,"[{""target"":""demand"",""magnitude"":0.17756298492110256,""start_week"":7,""duration_weeks"":2,""recovery_weeks"":4},{""target"":""corridor"",""magnitude"":0.22170921539244082,""start_week"":50,""duration_weeks"":5,""recovery_weeks"":4}]"
A,314,608,Supplier-cluster shock,True,False,False,Adaptation-limited,Concentrated dependency,Concentrated dependency,4,0.7974037196120171,624.4193780778277,False,False,True,False,True,"[{""target"":""demand"",""magnitude"":0.2540698963463045,""start_week"":7,""duration_weeks"":5,""recovery_weeks"":3},{""target"":""S1C"",""magnitude"":0.20055518260950178,""start_week"":13,""duration_weeks"":3,""recovery_weeks"":2},{""target"":""S1A"",""magnitude"":0.3107578206151379,""start_week"":18,""duration_weeks"":1,""recovery_weeks"":3},{""target"":""demand"",""magnitude"":0.28728797460629263,""start_week"":42,""duration_weeks"":1,""recovery_weeks"":2}]"
A,314,609,Supplier-cluster shock,False,,False,Non-failure,Unclassified,Unclassified,2,0.9128388796234171,183.0383527908241,False,True,False,False,True,"[{""target"":""S1C"",""magnitude"":0.44611252084731146,""start_week"":28,""duration_weeks"":2,""recovery_weeks"":1},{""target"":""corridor"",""magnitude"":0.26006278858105664,""start_week"":41,""duration_weeks"":1,""recovery_weeks"":1}]"
A,314,610,Supplier-cluster shock,True,True,True,Structural,Concentrated dependency; Hidden convergent dependency,Hidden convergent dependency,6,0.5668242571250393,735.4289906172573,True,True,True,True,True,"[{""target"":""T2P"",""magnitude"":0.23910838465846165,""start_week"":4,""duration_weeks"":5,""recovery_weeks"":3},{""target"":""demand"",""magnitude"":0.12178243984132625,""start_week"":9,""duration_weeks"":2,""recovery_weeks"":1},{""target"":""S1A"",""magnitude"":0.34366343094747753,""start_week"":11,""duration_weeks"":6,""recovery_weeks"":4},{""target"":""S1B"",""magnitude"":0.3895903819396229,""start_week"":27,""duration_weeks"":1,""recovery_weeks"":4},{""target"":""S1C"",""magnitude"":0.19313309607167084,""start_week"":31,""duration_weeks"":9,""recovery_weeks"":2},{""target"":""corridor"",""magnitude"":0.5748818071562206,""start_week"":49,""duration_weeks"":8,""recovery_weeks"":2}]"
A,314,611,Supplier-cluster shock,False,,False,Non-failure,Unclassified,Unclassified,0,1.0,0.0,False,False,False,False,False,[]
A,314,612,Supplier-cluster shock,False,,False,Non-failure,Unclassified,Unclassified,2,0.9018299713889326,194.2778518898739,False,False,True,False,True,"[{""target"":""S1A"",""magnitude"":0.3226827543869627,""start_week"":1,""duration_weeks"":4,""recovery_weeks"":3},{""target"":""S1C"",""magnitude"":0.47088256437490184,""start_week"":29,""duration_weeks"":10,""recovery_weeks"":2}]"
A,314,613,Supplier-cluster shock,True,True,False,Structural,Concentrated dependency,Concentrated dependency,4,0.8509176442361491,313.07294710408667,False,False,True,True,True,"[{""target"":""S1A"",""magnitude"":0.1916693747568861,""start_week"":11,""duration_weeks"":5,""recovery_weeks"":3},{""target"":""S1C"",""magnitude"":0.5854353004686644,""start_week"":31,""duration_weeks"":2,""recovery_weeks"":1},{""target"":""S1A"",""magnitude"":0.42994766721577515,""start_week"":35,""duration_weeks"":1,""recovery_weeks"":2},{""target"":""S1B"",""magnitude"":0.20356748472341743,""start_week"":43,""duration_weeks"":5,""recovery_weeks"":2}]"
A,314,614,Supplier-cluster shock,False,,False,Non-failure,Unclassified,Unclassified,2,0.9188616872497248,79.47276776096714,False,False,True,False,False,"[{""target"":""demand"",""magnitude"":0.08830307528996331,""start_week"":13,""duration_weeks"":13,""recovery_weeks"":2},{""target"":""S1A"",""magnitude"":0.29006722491408377,""start_week"":33,""duration_weeks"":1,""recovery_weeks"":1}]"
A,314,615,Supplier-cluster shock,True,True,True,Structural,Concentrated dependency; Hidden convergent dependency; Propagation-amplified cascade,Hidden convergent dependency,2,0.6746439200326342,725.4895874990216,True,True,False,False,False,"[{""target"":""T2P"",""magnitude"":0.28935565535700314,""start_week"":12,""duration_weeks"":6,""recovery_weeks"":1},{""target"":""corridor"",""magnitude"":0.49401705997552436,""start_week"":42,""duration_weeks"":1,""recovery_weeks"":1}]"
A,314,616,Supplier-cluster shock,False,,False,Non-failure,Unclassified,Unclassified,4,0.8699893889260539,191.09814021623447,False,False,True,True,True,"[{""target"":""S1A"",""magnitude"":0.353769083302804,""start_week"":14,""duration_weeks"":1,""recovery_weeks"":2},{""target"":""S1C"",""magnitude"":0.5425238749163787,""start_week"":29,""duration_weeks"":1,""recovery_weeks"":4},{""target"":""S1B"",""magnitude"":0.3559782473158799,""start_week"":44,""duration_weeks"":1,""recovery_weeks"":2},{""target"":""S1A"",""magnitude"":0.2933492182635944,""start_week"":45,""duration_weeks"":1,""recovery_weeks"":3}]"
A,314,617,Supplier-cluster shock,False,,False,Non-failure,Unclassified,Unclassified,3,0.956577499704918,89.38071679071436,True,False,True,True,False,"[{""target"":""S1A"",""magnitude"":0.2920758109733753,""start_week"":26,""duration_weeks"":5,""recovery_weeks"":4},{""target"":""S1B"",""magnitude"":0.30562481469055924,""start_week"":27,""duration_weeks"":1,""recovery_weeks"":3},{""target"":""T2P"",""magnitude"":0.1881089057037653,""start_week"":36,""duration_weeks"":4,""recovery_weeks"":1}]"
A,314,618,Supplier-cluster shock,True,True,False,Structural,Hidden convergent dependency; Compounding moderate disturbance; Propagation-amplified cascade; Recovery lag and temporal overlap,Hidden convergent dependency,4,0.7041800387177168,609.9290489014845,True,True,False,False,False,"[{""target"":""T2P"",""magnitude"":0.18715354887390973,""start_week"":10,""duration_weeks"":1,""recovery_weeks"":2},{""target"":""T2P"",""magnitude"":0.23042447816052436,""start_week"":12,""duration_weeks"":4,""recovery_weeks"":4},{""target"":""corridor"",""magnitude"":0.3915276950671698,""start_week"":27,""duration_weeks"":1,""recovery_weeks"":4},{""target"":""demand"",""magnitude"":0.15211503020512315,""start_week"":28,""duration_weeks"":1,""recovery_weeks"":1}]"
A,314,619,Supplier-cluster shock,True,True,False,Structural,Concentrated dependency,Concentrated dependency,3,0.7831251176039282,446.31463014558074,True,True,False,False,False,"[{""target"":""T2P"",""magnitude"":0.2283801090828567,""start_week"":1,""duration_weeks"":2,""recovery_weeks"":4},{""target"":""demand"",""magnitude"":0.2769351633869543,""start_week"":22,""duration_weeks"":1,""recovery_weeks"":2},{""target"":""corridor"",""magnitude"":0.3822615779373264,""start_week"":39,""duration_weeks"":2,""recovery_weeks"":4}]"
A,314,620,Supplier-cluster shock,True,True,True,Structural,Concentrated dependency; Hidden convergent dependency; Propagation-amplified cascade,Hidden convergent dependency,3,0.6645503386297517,4162.021060554801,True,True,False,False,False,"[{""target"":""T2P"",""magnitude"":0.4019046952332236,""start_week"":16,""duration_weeks"":10,""recovery_weeks"":1},{""target"":""T2P"",""magnitude"":0.3901782354982235,""start_week"":30,""duration_weeks"":5,""recovery_weeks"":1},{""target"":""corridor"",""magnitude"":0.2563189893067095,""start_week"":45,""duration_weeks"":7,""recovery_weeks"":2}]"
A,314,621,Supplier-cluster shock,False,,False,Non-failure,Unclassified,Unclassified,2,0.9327646379744177,121.02365164604817,False,False,True,True,False,"[{""target"":""S1A"",""magnitude"":0.4012795645575601,""start_week"":10,""duration_weeks"":1,""recovery_weeks"":1},{""target"":""S1B"",""magnitude"":0.24113380798326195,""start_week"":49,""duration_weeks"":3,""recovery_weeks"":2}]"
A,314,622,Supplier-cluster shock,True,True,True,Structural,Concentrated dependency; Hidden convergent dependency; Propagation-amplified cascade; Recovery lag and temporal overlap,Hidden convergent dependency,4,0.6122277337866437,1219.163555895832,True,False,False,False,False,"[{""target"":""demand"",""magnitude"":0.08327608113698505,""start_week"":25,""duration_weeks"":5,""recovery_weeks"":3},{""target"":""T2P"",""magnitude"":0.4489950395920206,""start_week"":30,""duration_weeks"":3,""recovery_weeks"":4},{""target"":""demand"",""magnitude"":0.11082016686862449,""start_week"":44,""duration_weeks"":1,""recovery_weeks"":4},{""target"":""demand"",""magnitude"":0.09789859636885984,""start_week"":51,""duration_weeks"":6,""recovery_weeks"":2}]"
A,314,623,Supplier-cluster shock,True,False,True,Adaptation-limited,Concentrated dependency,Concentrated dependency,1,0.6611786362433065,1070.9917163693522,False,True,False,False,False,"[{""target"":""corridor"",""magnitude"":0.5041160228175201,""start_week"":31,""duration_weeks"":2,""recovery_weeks"":4}]"
A,314,624,Supplier-cluster shock,False,,False,Non-failure,Unclassified,Unclassified,3,0.9314498094815998,123.39034293312034,False,False,True,True,False,"[{""target"":""S1A"",""magnitude"":0.4042379286664005,""start_week"":6,""duration_weeks"":1,""recovery_weeks"":2},{""target"":""S1B"",""magnitude"":0.20983486185193675,""start_week"":37,""duration_weeks"":4,""recovery_weeks"":2},{""target"":""S1A"",""magnitude"":0.17719023069201512,""start_week"":44,""duration_weeks"":3,""recovery_weeks"":2}]"
A,314,625,Supplier-cluster shock,True,True,False,Structural,Concentrated dependency,Concentrated dependency,5,0.8892597937604328,232.55443310309101,False,False,False,True,True,"[{""target"":""S1B"",""magnitude"":0.22008720162659,""start_week"":19,""duration_weeks"":1,""recovery_weeks"":1},{""target"":""S1C"",""magnitude"":0.49916546403902584,""start_week"":21,""duration_weeks"":4,""recovery_weeks"":2},{""target"":""S1B"",""magnitude"":0.37499107976173107,""start_week"":31,""duration_weeks"":2,""recovery_weeks"":4},{""target"":""S1C"",""magnitude"":0.327071005311668,""start_week"":34,""duration_weeks"":7,""recovery_weeks"":3},{""target"":""S1B"",""magnitude"":0.2362856693221593,""start_week"":47,""duration_weeks"":1,""recovery_weeks"":2}]"
A,314,626,Supplier-cluster shock,True,True,True,Structural,Concentrated dependency; Hidden convergent dependency; Propagation-amplified cascade,Hidden convergent dependency,5,0.35368010218297263,3478.132230928529,True,False,False,True,False,"[{""target"":""T2P"",""magnitude"":0.47721294154843397,""start_week"":6,""duration_weeks"":4,""recovery_weeks"":2},{""target"":""S1B"",""magnitude"":0.24446555558698055,""start_week"":8,""duration_weeks"":1,""recovery_weeks"":3},{""target"":""T2P"",""magnitude"":0.39112476711363436,""start_week"":10,""duration_weeks"":6,""recovery_weeks"":2},{""target"":""demand"",""magnitude"":0.14123543143672534,""start_week"":30,""duration_weeks"":2,""recovery_weeks"":4},{""target"":""demand"",""magnitude"":0.11901808337804638,""start_week"":45,""duration_weeks"":2,""recovery_weeks"":4}]"
A,314,627,Supplier-cluster shock,False,,False,Non-failure,Unclassified,Unclassified,1,0.827213788179527,187.98960179406072,False,False,False,False,False,"[{""target"":""demand"",""magnitude"":0.20887733532673403,""start_week"":49,""duration_weeks"":1,""recovery_weeks"":4}]"
A,314,628,Supplier-cluster shock,True,False,True,Adaptation-limited,Concentrated dependency,Concentrated dependency,1,0.7031481202138322,1603.000150845306,False,True,False,False,False,"[{""target"":""corridor"",""magnitude"":0.47263890983962586,""start_week"":12,""duration_weeks"":5,""recovery_weeks"":1}]"
A,314,629,Supplier-cluster shock,False,,False,Non-failure,Unclassified,Unclassified,3,0.9029877009308626,193.3205074762094,False,False,True,True,True,"[{""target"":""S1B"",""magnitude"":0.21048637784422025,""start_week"":9,""duration_weeks"":4,""recovery_weeks"":2},{""target"":""S1C"",""magnitude"":0.3981587885864517,""start_week"":13,""duration_weeks"":1,""recovery_weeks"":1},{""target"":""S1A"",""magnitude"":0.4682776729055591,""start_week"":19,""duration_weeks"":3,""recovery_weeks"":2}]"
A,314,630,Supplier-cluster shock,True,False,True,Adaptation-limited,Concentrated dependency; Recovery lag and temporal overlap,Recovery lag and temporal overlap,5,0.6915584741274762,2436.9135568438596,False,True,True,True,False,"[{""target"":""demand"",""magnitude"":0.11267269554368856,""start_week"":1,""duration_weeks"":1,""recovery_weeks"":1},{""target"":""S1A"",""magnitude"":0.6069651378665906,""start_week"":11,""duration_weeks"":1,""recovery_weeks"":4},{""target"":""corridor"",""magnitude"":0.48133114440439284,""start_week"":15,""duration_weeks"":7,""recovery_weeks"":3},{""target"":""S1B"",""magnitude"":0.34905120670250306,""start_week"":30,""duration_weeks"":3,""recovery_weeks"":3},{""target"":""S1A"",""magnitude"":0.24735578332874875,""start_week"":42,""duration_weeks"":2,""recovery_weeks"":2}]"
A,314,631,Supplier-cluster shock,True,True,False,Structural,Concentrated dependency; Propagation-amplified cascade,Propagation-amplified cascade,5,0.8628893904634288,441.87617137588063,True,False,True,True,False,"[{""target"":""T2P"",""magnitude"":0.19949026547047533,""start_week"":35,""duration_weeks"":6,""recovery_weeks"":4},{""target"":""S1B"",""magnitude"":0.26722019526901913,""start_week"":39,""duration_weeks"":2,""recovery_weeks"":1},{""target"":""S1A"",""magnitude"":0.47533968681586847,""start_week"":40,""duration_weeks"":2,""recovery_weeks"":2},{""target"":""S1B"",""magnitude"":0.41643538489061394,""start_week"":42,""duration_weeks"":7,""recovery_weeks"":1},{""target"":""S1A"",""magnitude"":0.5081701220297052,""start_week"":51,""duration_weeks"":2,""recovery_weeks"":2}]"
A,314,632,Supplier-cluster shock,True,True,False,Structural,Concentrated dependency,Concentrated dependency,5,0.8736401232791641,220.597967669647,False,False,True,True,True,"[{""target"":""S1C"",""magnitude"":0.5171851965522368,""start_week"":26,""duration_weeks"":1,""recovery_weeks"":1},{""target"":""S1B"",""magnitude"":0.26712452606964415,""start_week"":27,""duration_weeks"":1,""recovery_weeks"":2},{""target"":""S1C"",""magnitude"":0.20403598160953296,""start_week"":29,""duration_weeks"":3,""recovery_weeks"":3},{""target"":""S1A"",""magnitude"":0.40857896119338133,""start_week"":30,""duration_weeks"":1,""recovery_weeks"":3},{""target"":""S1C"",""magnitude"":0.3618860597486704,""start_week"":35,""duration_weeks"":1,""recovery_weeks"":3}]"
A,314,633,Supplier-cluster shock,False,,False,Non-failure,Unclassified,Unclassified,0,1.0,0.0,False,False,False,False,False,[]
A,314,634,Supplier-cluster shock,False,,False,Non-failure,Unclassified,Unclassified,2,0.977258912757984,40.93395703562874,False,False,True,True,False,"[{""target"":""S1B"",""magnitude"":0.1656164813055254,""start_week"":15,""duration_weeks"":1,""recovery_weeks"":3},{""target"":""S1A"",""magnitude"":0.30116744629453585,""start_week"":33,""duration_weeks"":1,""recovery_weeks"":1}]"
A,314,635,Supplier-cluster shock,True,True,True,Structural,Concentrated dependency; Hidden convergent dependency; Propagation-amplified cascade,Hidden convergent dependency,3,0.5465292711290609,2278.6183800573126,True,False,False,False,False,"[{""target"":""T2P"",""magnitude"":0.4164966797891315,""start_week"":24,""duration_weeks"":3,""recovery_weeks"":1},{""target"":""T2P"",""magnitude"":0.34189962500939136,""start_week"":29,""duration_weeks"":4,""recovery_weeks"":3},{""target"":""T2P"",""magnitude"":0.2525815776610457,""start_week"":33,""duration_weeks"":1,""recovery_weeks"":1}]"
A,314,636,Supplier-cluster shock,False,,False,Non-failure,Unclassified,Unclassified,1,1.0,0.0,True,False,False,False,False,"[{""target"":""T2P"",""magnitude"":0.2525648157686068,""start_week"":49,""duration_weeks"":6,""recovery_weeks"":4}]"
A,314,637,Supplier-cluster shock,True,True,True,Structural,Concentrated dependency,Concentrated dependency,6,0.4023719140110917,1784.2371214851596,True,True,True,False,False,"[{""target"":""corridor"",""magnitude"":0.24179021838351356,""start_week"":4,""duration_weeks"":2,""recovery_weeks"":2},{""target"":""corridor"",""magnitude"":0.45796997050018007,""start_week"":26,""duration_weeks"":1,""recovery_weeks"":2},{""target"":""T2P"",""magnitude"":0.3027318357190224,""start_week"":40,""duration_weeks"":4,""recovery_weeks"":2},{""target"":""T2P"",""magnitude"":0.28926233640276283,""start_week"":44,""duration_weeks"":2,""recovery_weeks"":2},{""target"":""T2P"",""magnitude"":0.3996004356179067,""start_week"":45,""duration_weeks"":1,""recovery_weeks"":3},{""target"":""S1A"",""magnitude"":0.5054203426153355,""start_week"":49,""duration_weeks"":11,""recovery_weeks"":2}]"
A,314,638,Supplier-cluster shock,False,,False,Non-failure,Unclassified,Unclassified,3,0.9010581753129175,267.14292665512266,False,True,False,False,False,"[{""target"":""corridor"",""magnitude"":0.3242063685153118,""start_week"":6,""duration_weeks"":2,""recovery_weeks"":3},{""target"":""corridor"",""magnitude"":0.2663833060883505,""start_week"":24,""duration_weeks"":1,""recovery_weeks"":2},{""target"":""corridor"",""magnitude"":0.31637586211562707,""start_week"":46,""duration_weeks"":6,""recovery_weeks"":4}]"
A,314,639,Supplier-cluster shock,True,True,True,Structural,Concentrated dependency,Concentrated dependency,4,0.6009107509607364,1910.9471265576447,True,True,False,False,False,"[{""target"":""corridor"",""magnitude"":0.49517865759970914,""start_week"":24,""duration_weeks"":5,""recovery_weeks"":4},{""target"":""corridor"",""magnitude"":0.24353731190150413,""start_week"":39,""duration_weeks"":1,""recovery_weeks"":4},{""target"":""T2P"",""magnitude"":0.36688720273863984,""start_week"":44,""duration_weeks"":1,""recovery_weeks"":2},{""target"":""demand"",""magnitude"":0.17065414872182522,""start_week"":47,""duration_weeks"":3,""recovery_weeks"":3}]"
A,314,640,Supplier-cluster shock,False,,False,Non-failure,Unclassified,Unclassified,1,0.8428874932527243,167.75816132575073,False,False,False,False,False,"[{""target"":""demand"",""magnitude"":0.18639795702861173,""start_week"":20,""duration_weeks"":3,""recovery_weeks"":1}]"
A,314,641,Supplier-cluster shock,False,,False,Non-failure,Unclassified,Unclassified,2,0.8314101889860387,744.3533830718775,False,False,False,False,True,"[{""target"":""demand"",""magnitude"":0.20277573362381823,""start_week"":14,""duration_weeks"":10,""recovery_weeks"":4},{""target"":""S1C"",""magnitude"":0.18891199660966965,""start_week"":45,""duration_weeks"":2,""recovery_weeks"":4}]"
A,314,642,Supplier-cluster shock,False,,False,Non-failure,Unclassified,Unclassified,4,0.8453652006533906,185.76075554860938,True,True,False,False,False,"[{""target"":""T2P"",""magnitude"":0.2873189267447272,""start_week"":19,""duration_weeks"":1,""recovery_weeks"":1},{""target"":""T2P"",""magnitude"":0.22134873827939738,""start_week"":20,""duration_weeks"":2,""recovery_weeks"":2},{""target"":""corridor"",""magnitude"":0.23542137766857799,""start_week"":49,""duration_weeks"":1,""recovery_weeks"":1},{""target"":""demand"",""magnitude"":0.3143563400200562,""start_week"":51,""duration_weeks"":3,""recovery_weeks"":2}]"
A,314,643,Supplier-cluster shock,False,,False,Non-failure,Unclassified,Unclassified,3,0.8982457297891104,206.15158748097156,False,True,True,True,False,"[{""target"":""corridor"",""magnitude"":0.2975733262814544,""start_week"":19,""duration_weeks"":1,""recovery_weeks"":2},{""target"":""S1B"",""magnitude"":0.1960503480334485,""start_week"":25,""duration_weeks"":3,""recovery_weeks"":1},{""target"":""S1A"",""magnitude"":0.4789471079745016,""start_week"":31,""duration_weeks"":3,""recovery_weeks"":1}]"
A,314,644,Supplier-cluster shock,True,True,True,Structural,Concentrated dependency,Concentrated dependency,2,0.8398564017724368,762.7675117478026,True,True,False,False,False,"[{""target"":""corridor"",""magnitude"":0.3400070875651705,""start_week"":9,""duration_weeks"":5,""recovery_weeks"":3},{""target"":""T2P"",""magnitude"":0.24412923840480683,""start_week"":16,""duration_weeks"":4,""recovery_weeks"":2}]"
A,314,645,Supplier-cluster shock,False,,False,Non-failure,Unclassified,Unclassified,3,0.9396619785049066,116.62055460839383,False,False,False,True,True,"[{""target"":""S1C"",""magnitude"":0.28004543468959675,""start_week"":14,""duration_weeks"":2,""recovery_weeks"":4},{""target"":""S1B"",""magnitude"":0.3557151136743628,""start_week"":15,""duration_weeks"":1,""recovery_weeks"":1},{""target"":""S1C"",""magnitude"":0.37684417768927136,""start_week"":20,""duration_weeks"":2,""recovery_weeks"":4}]"
A,314,646,Supplier-cluster shock,True,True,False,Structural,Compounding moderate disturbance; Recovery lag and temporal overlap,Compounding moderate disturbance,7,0.8463817263182962,298.8996854798829,True,False,True,False,True,"[{""target"":""demand"",""magnitude"":0.09727717043879684,""start_week"":1,""duration_weeks"":2,""recovery_weeks"":2},{""target"":""S1C"",""magnitude"":0.22270167606557162,""start_week"":14,""duration_weeks"":1,""recovery_weeks"":2},{""target"":""S1A"",""magnitude"":0.3642923938369189,""start_week"":19,""duration_weeks"":6,""recovery_weeks"":4},{""target"":""S1C"",""magnitude"":0.4525470391079267,""start_week"":20,""duration_weeks"":1,""recovery_weeks"":3},{""target"":""S1A"",""magnitude"":0.28259956957141835,""start_week"":22,""duration_weeks"":4,""recovery_weeks"":4},{""target"":""T2P"",""magnitude"":0.17037309777322926,""start_week"":33,""duration_weeks"":9,""recovery_weeks"":1},{""target"":""T2P"",""magnitude"":0.3503461749797968,""start_week"":47,""duration_weeks"":1,""recovery_weeks"":2}]"
A,314,647,Supplier-cluster shock,False,,False,Non-failure,Unclassified,Unclassified,2,0.9085503399698945,527.8160273788135,False,True,True,False,False,"[{""target"":""S1A"",""magnitude"":0.3953656965541744,""start_week"":17,""duration_weeks"":9,""recovery_weeks"":1},{""target"":""corridor"",""magnitude"":0.31858724502257896,""start_week"":19,""duration_weeks"":4,""recovery_weeks"":2}]"
A,314,648,Supplier-cluster shock,True,True,False,Structural,Concentrated dependency,Concentrated dependency,4,0.4209084809376582,1165.256788141299,False,True,False,False,True,"[{""target"":""demand"",""magnitude"":0.25002273577507617,""start_week"":23,""duration_weeks"":3,""recovery_weeks"":1},{""target"":""corridor"",""magnitude"":0.43574337819090314,""start_week"":33,""duration_weeks"":2,""recovery_weeks"":2},{""target"":""corridor"",""magnitude"":0.44053583333923696,""start_week"":34,""duration_weeks"":1,""recovery_weeks"":1},{""target"":""S1C"",""magnitude"":0.30898715090098494,""start_week"":46,""duration_weeks"":1,""recovery_weeks"":3}]"
A,314,649,Supplier-cluster shock,False,,False,Non-failure,Unclassified,Unclassified,0,1.0,0.0,False,False,False,False,False,[]
A,314,650,Supplier-cluster shock,True,False,False,Adaptation-limited,Concentrated dependency; Hidden convergent dependency,Hidden convergent dependency,4,0.5852866586326788,935.5606923125681,True,False,False,True,True,"[{""target"":""demand"",""magnitude"":0.14828295711847844,""start_week"":17,""duration_weeks"":8,""recovery_weeks"":4},{""target"":""T2P"",""magnitude"":0.4537146990171784,""start_week"":24,""duration_weeks"":1,""recovery_weeks"":2},{""target"":""S1C"",""magnitude"":0.35820643145065645,""start_week"":33,""duration_weeks"":1,""recovery_weeks"":1},{""target"":""S1B"",""magnitude"":0.1905086001644488,""start_week"":46,""duration_weeks"":2,""recovery_weeks"":3}]"
A,314,651,Supplier-cluster shock,True,True,True,Structural,Concentrated dependency,Concentrated dependency,4,0.6822357334761024,1387.2580775247823,True,True,False,False,False,"[{""target"":""demand"",""magnitude"":0.18161639429216697,""start_week"":2,""duration_weeks"":7,""recovery_weeks"":2},{""target"":""corridor"",""magnitude"":0.3953943044145219,""start_week"":6,""duration_weeks"":3,""recovery_weeks"":1},{""target"":""T2P"",""magnitude"":0.23068360438674224,""start_week"":9,""duration_weeks"":2,""recovery_weeks"":4},{""target"":""demand"",""magnitude"":0.1650249987188359,""start_week"":33,""duration_weeks"":2,""recovery_weeks"":2}]"
A,314,652,Supplier-cluster shock,True,True,True,Structural,Concentrated dependency; Hidden convergent dependency; Propagation-amplified cascade,Hidden convergent dependency,1,0.6847030138663295,4224.043887845158,True,False,False,False,False,"[{""target"":""T2P"",""magnitude"":0.38376728752030353,""start_week"":4,""duration_weeks"":16,""recovery_weeks"":1}]"
A,314,653,Supplier-cluster shock,False,,False,Non-failure,Unclassified,Unclassified,1,0.9791915267447476,43.69779383602986,False,False,False,True,False,"[{""target"":""S1B"",""magnitude"":0.29681906482431764,""start_week"":19,""duration_weeks"":4,""recovery_weeks"":3}]"
A,314,654,Supplier-cluster shock,False,,False,Non-failure,Unclassified,Unclassified,1,0.8085666445589211,294.37702292447386,False,False,False,False,False,"[{""target"":""demand"",""magnitude"":0.23675643402963664,""start_week"":17,""duration_weeks"":3,""recovery_weeks"":3}]"
A,314,655,Supplier-cluster shock,False,,False,Non-failure,Unclassified,Unclassified,3,0.9404506818654823,125.05356808248735,False,False,True,True,True,"[{""target"":""S1B"",""magnitude"":0.1979142768214773,""start_week"":9,""duration_weeks"":14,""recovery_weeks"":3},{""target"":""S1A"",""magnitude"":0.383985965802665,""start_week"":22,""duration_weeks"":2,""recovery_weeks"":3},{""target"":""S1C"",""magnitude"":0.20429489271563298,""start_week"":34,""duration_weeks"":4,""recovery_weeks"":4}]"
A,314,656,Supplier-cluster shock,False,,False,Non-failure,Unclassified,Unclassified,1,0.9294449902756081,148.16552042122305,False,False,False,False,True,"[{""target"":""S1C"",""magnitude"":0.4087487718798818,""start_week"":9,""duration_weeks"":3,""recovery_weeks"":2}]"
A,314,657,Supplier-cluster shock,True,True,False,Structural,Compounding moderate disturbance,Compounding moderate disturbance,5,0.8419471835587667,395.030323132107,True,True,False,False,False,"[{""target"":""demand"",""magnitude"":0.11658838710417903,""start_week"":19,""duration_weeks"":1,""recovery_weeks"":3},{""target"":""demand"",""magnitude"":0.16649111842503164,""start_week"":26,""duration_weeks"":3,""recovery_weeks"":2},{""target"":""corridor"",""magnitude"":0.2634070661467966,""start_week"":27,""duration_weeks"":4,""recovery_weeks"":2},{""target"":""T2P"",""magnitude"":0.22801889189860391,""start_week"":38,""duration_weeks"":7,""recovery_weeks"":4},{""target"":""T2P"",""magnitude"":0.5691812088116838,""start_week"":49,""duration_weeks"":4,""recovery_weeks"":4}]"
A,314,658,Supplier-cluster shock,True,True,False,Structural,Concentrated dependency; Hidden convergent dependency; Propagation-amplified cascade,Hidden convergent dependency,5,0.7293108685769519,503.5610186434686,True,False,True,True,True,"[{""target"":""T2P"",""magnitude"":0.4581602910409911,""start_week"":3,""duration_weeks"":1,""recovery_weeks"":4},{""target"":""S1C"",""magnitude"":0.32884295449488227,""start_week"":12,""duration_weeks"":2,""recovery_weeks"":1},{""target"":""S1A"",""magnitude"":0.3477078846571372,""start_week"":16,""duration_weeks"":11,""recovery_weeks"":2},{""target"":""S1B"",""magnitude"":0.16308037321753766,""start_week"":31,""duration_weeks"":3,""recovery_weeks"":2},{""target"":""S1C"",""magnitude"":0.2912267706643878,""start_week"":40,""duration_weeks"":2,""recovery_weeks"":2}]"
A,314,659,Supplier-cluster shock,True,False,False,Adaptation-limited,Concentrated dependency,Concentrated dependency,2,0.7883702160815184,486.1537567062526,False,True,False,False,False,"[{""target"":""corridor"",""magnitude"":0.28114170125667537,""start_week"":3,""duration_weeks"":2,""recovery_weeks"":2},{""target"":""corridor"",""magnitude"":0.40872233793886126,""start_week"":7,""duration_weeks"":1,""recovery_weeks"":4}]"
A,314,660,Supplier-cluster shock,True,True,False,Structural,Compounding moderate disturbance,Compounding moderate disturbance,3,0.8567330053851979,429.86520565158685,True,True,False,False,False,"[{""target"":""demand"",""magnitude"":0.08254136918202129,""start_week"":26,""duration_weeks"":5,""recovery_weeks"":2},{""target"":""corridor"",""magnitude"":0.30441330949515977,""start_week"":28,""duration_weeks"":2,""recovery_weeks"":4},{""target"":""T2P"",""magnitude"":0.35642205816748546,""start_week"":43,""duration_weeks"":1,""recovery_weeks"":2}]"
A,314,661,Supplier-cluster shock,True,False,True,Adaptation-limited,Concentrated dependency; Propagation-amplified cascade,Propagation-amplified cascade,3,0.49740897612960433,1205.5104219794619,True,True,False,False,False,"[{""target"":""T2P"",""magnitude"":0.17523304760605446,""start_week"":21,""duration_weeks"":1,""recovery_weeks"":2},{""target"":""demand"",""magnitude"":0.08415852359478157,""start_week"":27,""duration_weeks"":1,""recovery_weeks"":3},{""target"":""corridor"",""magnitude"":0.6269432679027968,""start_week"":42,""duration_weeks"":2,""recovery_weeks"":1}]"
A,314,662,Supplier-cluster shock,False,,False,Non-failure,Unclassified,Unclassified,1,0.9793916651297657,37.09500276642166,False,True,False,False,False,"[{""target"":""corridor"",""magnitude"":0.2654562511526757,""start_week"":44,""duration_weeks"":1,""recovery_weeks"":3}]"
A,314,663,Supplier-cluster shock,True,True,True,Structural,Concentrated dependency; Hidden convergent dependency; Propagation-amplified cascade,Hidden convergent dependency,3,0.6646845077561045,3625.8671737828345,True,True,False,False,True,"[{""target"":""T2P"",""magnitude"":0.40178394301950593,""start_week"":32,""duration_weeks"":12,""recovery_weeks"":4},{""target"":""corridor"",""magnitude"":0.21531837505533263,""start_week"":34,""duration_weeks"":2,""recovery_weeks"":3},{""target"":""S1C"",""magnitude"":0.45108402319107455,""start_week"":38,""duration_weeks"":2,""recovery_weeks"":4}]"
A,314,664,Supplier-cluster shock,True,False,True,Adaptation-limited,Concentrated dependency; Hidden convergent dependency; Propagation-amplified cascade,Hidden convergent dependency,1,0.6942700215363992,650.7325762137891,True,False,False,False,False,"[{""target"":""T2P"",""magnitude"":0.5002093074896542,""start_week"":32,""duration_weeks"":1,""recovery_weeks"":4}]"
A,314,665,Supplier-cluster shock,False,,False,Non-failure,Unclassified,Unclassified,5,0.8790096232943421,123.87957554661409,False,False,True,True,True,"[{""target"":""demand"",""magnitude"":0.13764397282957117,""start_week"":2,""duration_weeks"":1,""recovery_weeks"":3},{""target"":""S1B"",""magnitude"":0.2808643947367947,""start_week"":7,""duration_weeks"":3,""recovery_weeks"":2},{""target"":""S1A"",""magnitude"":0.26657517854246976,""start_week"":8,""duration_weeks"":1,""recovery_weeks"":3},{""target"":""S1C"",""magnitude"":0.20674411700468376,""start_week"":10,""duration_weeks"":2,""recovery_weeks"":2},{""target"":""S1A"",""magnitude"":0.20512905437658013,""start_week"":23,""duration_weeks"":2,""recovery_weeks"":2}]"
A,314,666,Supplier-cluster shock,True,True,True,Structural,Concentrated dependency; Hidden convergent dependency; Propagation-amplified cascade,Hidden convergent dependency,3,0.5529725886102553,5370.680153084147,True,False,False,False,False,"[{""target"":""T2P"",""magnitude"":0.25999675475999484,""start_week"":5,""duration_weeks"":1,""recovery_weeks"":1},{""target"":""T2P"",""magnitude"":0.26523961395983287,""start_week"":16,""duration_weeks"":6,""recovery_weeks"":2},{""target"":""T2P"",""magnitude"":0.5023246702507702,""start_week"":29,""duration_weeks"":11,""recovery_weeks"":4}]"
A,314,667,Supplier-cluster shock,False,,False,Non-failure,Unclassified,Unclassified,4,0.919794625686899,78.47929838455377,False,False,True,True,True,"[{""target"":""demand"",""magnitude"":0.08719922042728173,""start_week"":1,""duration_weeks"":1,""recovery_weeks"":1},{""target"":""S1B"",""magnitude"":0.24843398184198962,""start_week"":8,""duration_weeks"":1,""recovery_weeks"":1},{""target"":""S1C"",""magnitude"":0.3547330472992559,""start_week"":19,""duration_weeks"":1,""recovery_weeks"":4},{""target"":""S1A"",""magnitude"":0.2595624974915308,""start_week"":51,""duration_weeks"":2,""recovery_weeks"":2}]"
A,314,668,Supplier-cluster shock,True,True,False,Structural,Concentrated dependency; Recovery lag and temporal overlap,Recovery lag and temporal overlap,5,0.8185865123449549,597.6831505079645,True,True,True,False,True,"[{""target"":""corridor"",""magnitude"":0.19265365290548783,""start_week"":17,""duration_weeks"":2,""recovery_weeks"":1},{""target"":""T2P"",""magnitude"":0.25632063985299636,""start_week"":22,""duration_weeks"":1,""recovery_weeks"":2},{""target"":""demand"",""magnitude"":0.22161797796467586,""start_week"":32,""duration_weeks"":1,""recovery_weeks"":2},{""target"":""S1C"",""magnitude"":0.5310524065679977,""start_week"":33,""duration_weeks"":7,""recovery_weeks"":3},{""target"":""S1A"",""magnitude"":0.4290646728565489,""start_week"":36,""duration_weeks"":1,""recovery_weeks"":3}]"
A,314,669,Supplier-cluster shock,True,True,False,Structural,Concentrated dependency,Concentrated dependency,4,0.7942372999379984,496.371333162562,False,True,False,False,False,"[{""target"":""corridor"",""magnitude"":0.36225737159659466,""start_week"":4,""duration_weeks"":1,""recovery_weeks"":2},{""target"":""corridor"",""magnitude"":0.40432202504650117,""start_week"":8,""duration_weeks"":2,""recovery_weeks"":3},{""target"":""demand"",""magnitude"":0.13158495769801903,""start_week"":26,""duration_weeks"":2,""recovery_weeks"":3},{""target"":""corridor"",""magnitude"":0.48274253090198127,""start_week"":50,""duration_weeks"":4,""recovery_weeks"":2}]"
A,314,670,Supplier-cluster shock,True,False,False,Adaptation-limited,Concentrated dependency; Hidden convergent dependency; Propagation-amplified cascade,Hidden convergent dependency,1,0.7535400372965624,401.79851002110445,True,False,False,False,False,"[{""target"":""T2P"",""magnitude"":0.4290852885774584,""start_week"":36,""duration_weeks"":1,""recovery_weeks"":4}]"
A,314,671,Supplier-cluster shock,False,,False,Non-failure,Unclassified,Unclassified,3,0.8992867846969735,100.79308994101018,False,True,False,False,False,"[{""target"":""demand"",""magnitude"":0.11199232215667784,""start_week"":4,""duration_weeks"":1,""recovery_weeks"":3},{""target"":""corridor"",""magnitude"":0.26513411515284635,""start_week"":16,""duration_weeks"":2,""recovery_weeks"":4},{""target"":""corridor"",""magnitude"":0.34276994920665094,""start_week"":39,""duration_weeks"":1,""recovery_weeks"":3}]"
A,314,672,Supplier-cluster shock,True,False,False,Adaptation-limited,Concentrated dependency; Hidden convergent dependency; Propagation-amplified cascade,Hidden convergent dependency,1,0.7333673067166931,529.8624077973927,True,False,False,False,False,"[{""target"":""T2P"",""magnitude"":0.5099541359324642,""start_week"":6,""duration_weeks"":1,""recovery_weeks"":3}]"
A,314,673,Supplier-cluster shock,True,True,False,Structural,Concentrated dependency; Hidden convergent dependency; Propagation-amplified cascade,Hidden convergent dependency,7,0.8558998345071405,248.45074471786825,True,True,False,True,True,"[{""target"":""T2P"",""magnitude"":0.4593802978871473,""start_week"":1,""duration_weeks"":1,""recovery_weeks"":2},{""target"":""corridor"",""magnitude"":0.2228121968908178,""start_week"":18,""duration_weeks"":2,""recovery_weeks"":1},{""target"":""demand"",""magnitude"":0.12674949519070197,""start_week"":21,""duration_weeks"":2,""recovery_weeks"":1},{""target"":""demand"",""magnitude"":0.13958622505295343,""start_week"":26,""duration_weeks"":9,""recovery_weeks"":2},{""target"":""T2P"",""magnitude"":0.19853830308807058,""start_week"":34,""duration_weeks"":1,""recovery_weeks"":1},{""target"":""S1B"",""magnitude"":0.22266070988629832,""start_week"":37,""duration_weeks"":1,""recovery_weeks"":2},{""target"":""S1C"",""magnitude"":0.3858463303475603,""start_week"":44,""duration_weeks"":1,""recovery_weeks"":2}]"
A,314,674,Supplier-cluster shock,True,True,False,Structural,Concentrated dependency,Concentrated dependency,3,0.8573469025043056,385.16336323837504,False,True,False,False,True,"[{""target"":""corridor"",""magnitude"":0.3569898231217708,""start_week"":10,""duration_weeks"":2,""recovery_weeks"":2},{""target"":""demand"",""magnitude"":0.1776447127473803,""start_week"":22,""duration_weeks"":2,""recovery_weeks"":2},{""target"":""S1C"",""magnitude"":0.466412188965876,""start_week"":30,""duration_weeks"":7,""recovery_weeks"":2}]"
A,314,675,Supplier-cluster shock,False,,False,Non-failure,Unclassified,Unclassified,3,0.992948408493938,12.692864710911635,False,False,True,True,True,"[{""target"":""S1A"",""magnitude"":0.2658660808886397,""start_week"":11,""duration_weeks"":1,""recovery_weeks"":2},{""target"":""S1C"",""magnitude"":0.2070461754853496,""start_week"":15,""duration_weeks"":2,""recovery_weeks"":4},{""target"":""S1B"",""magnitude"":0.4080675739158217,""start_week"":51,""duration_weeks"":1,""recovery_weeks"":3}]"
A,314,676,Supplier-cluster shock,False,,False,Non-failure,Unclassified,Unclassified,3,0.7970854018615239,271.8041224608281,True,False,True,False,True,"[{""target"":""T2P"",""magnitude"":0.42393470748694273,""start_week"":6,""duration_weeks"":1,""recovery_weeks"":3},{""target"":""S1A"",""magnitude"":0.19497990477269458,""start_week"":16,""duration_weeks"":5,""recovery_weeks"":4},{""target"":""S1C"",""magnitude"":0.2804394029892394,""start_week"":18,""duration_weeks"":2,""recovery_weeks"":4}]"
A,314,677,Supplier-cluster shock,False,,False,Non-failure,Unclassified,Unclassified,2,1.0,0.0,False,False,True,False,True,"[{""target"":""S1C"",""magnitude"":0.2017132316004852,""start_week"":13,""duration_weeks"":1,""recovery_weeks"":1},{""target"":""S1A"",""magnitude"":0.18920723971455514,""start_week"":24,""duration_weeks"":5,""recovery_weeks"":4}]"
A,314,678,Supplier-cluster shock,True,True,True,Structural,Concentrated dependency; Hidden convergent dependency; Propagation-amplified cascade,Hidden convergent dependency,3,0.6263640394396482,1652.8005214340947,True,False,False,False,False,"[{""target"":""T2P"",""magnitude"":0.37111256282967964,""start_week"":1,""duration_weeks"":1,""recovery_weeks"":4},{""target"":""T2P"",""magnitude"":0.4362723645043166,""start_week"":14,""duration_weeks"":5,""recovery_weeks"":3},{""target"":""demand"",""magnitude"":0.08912723549209917,""start_week"":32,""duration_weeks"":2,""recovery_weeks"":2}]"
A,314,679,Supplier-cluster shock,True,False,True,Adaptation-limited,Concentrated dependency,Concentrated dependency,2,0.6463108766410648,954.9606330691253,False,True,False,False,False,"[{""target"":""corridor"",""magnitude"":0.5152668425192014,""start_week"":40,""duration_weeks"":2,""recovery_weeks"":1},{""target"":""demand"",""magnitude"":0.22410486456217704,""start_week"":51,""duration_weeks"":5,""recovery_weeks"":4}]"
A,314,680,Supplier-cluster shock,True,True,True,Structural,Concentrated dependency,Concentrated dependency,4,0.7279335386055148,1154.025689012251,True,True,False,False,False,"[{""target"":""corridor"",""magnitude"":0.4091145618903689,""start_week"":3,""duration_weeks"":1,""recovery_weeks"":2},{""target"":""T2P"",""magnitude"":0.34485981525503656,""start_week"":8,""duration_weeks"":3,""recovery_weeks"":4},{""target"":""corridor"",""magnitude"":0.4426124186974276,""start_week"":34,""duration_weeks"":4,""recovery_weeks"":4},{""target"":""demand"",""magnitude"":0.12422847989387738,""start_week"":47,""duration_weeks"":3,""recovery_weeks"":4}]"
A,314,681,Supplier-cluster shock,False,,False,Non-failure,Unclassified,Unclassified,1,0.8300104342860464,184.32371789898866,False,False,False,False,False,"[{""target"":""demand"",""magnitude"":0.2048041309988764,""start_week"":22,""duration_weeks"":1,""recovery_weeks"":2}]"
A,314,682,Supplier-cluster shock,False,,False,Non-failure,Unclassified,Unclassified,3,0.9449874778595267,99.02253985285188,False,False,True,True,False,"[{""target"":""S1A"",""magnitude"":0.3737781748160648,""start_week"":3,""duration_weeks"":1,""recovery_weeks"":3},{""target"":""S1B"",""magnitude"":0.2385530094656272,""start_week"":5,""duration_weeks"":2,""recovery_weeks"":4},{""target"":""S1A"",""magnitude"":0.3355545450583689,""start_week"":11,""duration_weeks"":13,""recovery_weeks"":4}]"
A,314,683,Supplier-cluster shock,False,,False,Non-failure,Unclassified,Unclassified,2,0.8776489202278207,125.46699398476721,False,False,False,False,True,"[{""target"":""demand"",""magnitude"":0.13940777109418573,""start_week"":2,""duration_weeks"":2,""recovery_weeks"":1},{""target"":""S1C"",""magnitude"":0.3632217745934071,""start_week"":28,""duration_weeks"":1,""recovery_weeks"":3}]"
A,314,684,Supplier-cluster shock,False,,False,Non-failure,Unclassified,Unclassified,2,0.8057117584429425,236.86737830608251,True,False,False,False,False,"[{""target"":""T2P"",""magnitude"":0.4122891261020275,""start_week"":13,""duration_weeks"":1,""recovery_weeks"":3},{""target"":""T2P"",""magnitude"":0.16600495982988622,""start_week"":26,""duration_weeks"":1,""recovery_weeks"":1}]"
A,314,685,Supplier-cluster shock,False,,False,Non-failure,Unclassified,Unclassified,1,1.0,0.0,False,False,False,False,True,"[{""target"":""S1C"",""magnitude"":0.19372251690746206,""start_week"":38,""duration_weeks"":8,""recovery_weeks"":4}]"
A,314,686,Supplier-cluster shock,True,False,False,Adaptation-limited,Compounding moderate disturbance,Compounding moderate disturbance,2,0.8499218055587784,305.99202276998244,False,False,True,False,True,"[{""target"":""S1A"",""magnitude"":0.3844422729091884,""start_week"":25,""duration_weeks"":4,""recovery_weeks"":4},{""target"":""S1C"",""magnitude"":0.4532336645835602,""start_week"":26,""duration_weeks"":1,""recovery_weeks"":2}]"
A,314,687,Supplier-cluster shock,True,True,True,Structural,Concentrated dependency,Concentrated dependency,1,0.8249613538795587,1102.7434705587793,False,True,False,False,False,"[{""target"":""corridor"",""magnitude"":0.3812789845903308,""start_week"":18,""duration_weeks"":6,""recovery_weeks"":1}]"
A,314,688,Supplier-cluster shock,False,,False,Non-failure,Unclassified,Unclassified,3,0.8572099700217082,309.95699248658343,False,True,False,True,False,"[{""target"":""demand"",""magnitude"":0.16657532573340916,""start_week"":16,""duration_weeks"":5,""recovery_weeks"":2},{""target"":""corridor"",""magnitude"":0.3154142602628167,""start_week"":22,""duration_weeks"":2,""recovery_weeks"":2},{""target"":""S1B"",""magnitude"":0.20928455306846705,""start_week"":32,""duration_weeks"":2,""recovery_weeks"":4}]"
A,314,689,Supplier-cluster shock,False,,False,Non-failure,Unclassified,Unclassified,3,0.9121067389670278,184.57584816924168,False,False,True,True,True,"[{""target"":""S1B"",""magnitude"":0.21007284269032658,""start_week"":13,""duration_weeks"":5,""recovery_weeks"":2},{""target"":""S1C"",""magnitude"":0.44775983732418767,""start_week"":25,""duration_weeks"":2,""recovery_weeks"":4},{""target"":""S1A"",""magnitude"":0.319836735492893,""start_week"":29,""duration_weeks"":7,""recovery_weeks"":2}]"
A,314,690,Supplier-cluster shock,False,,False,Non-failure,Unclassified,Unclassified,3,0.9850525723040642,31.3895981614653,False,False,True,False,True,"[{""target"":""S1C"",""magnitude"":0.2836317123158557,""start_week"":4,""duration_weeks"":3,""recovery_weeks"":3},{""target"":""S1A"",""magnitude"":0.17099205721962435,""start_week"":5,""duration_weeks"":2,""recovery_weeks"":4},{""target"":""S1C"",""magnitude"":0.247392746628673,""start_week"":13,""duration_weeks"":1,""recovery_weeks"":1}]"
A,314,691,Supplier-cluster shock,True,True,True,Structural,Concentrated dependency; Propagation-amplified cascade,Propagation-amplified cascade,4,0.8186284238637316,517.979368295561,True,True,False,False,False,"[{""target"":""T2P"",""magnitude"":0.3676598804657381,""start_week"":4,""duration_weeks"":1,""recovery_weeks"":2},{""target"":""corridor"",""magnitude"":0.3860286821022015,""start_week"":18,""duration_weeks"":2,""recovery_weeks"":4},{""target"":""corridor"",""magnitude"":0.19112582163404282,""start_week"":24,""duration_weeks"":1,""recovery_weeks"":1},{""target"":""corridor"",""magnitude"":0.31329305798149937,""start_week"":46,""duration_weeks"":3,""recovery_weeks"":1}]"
A,314,692,Supplier-cluster shock,True,False,True,Adaptation-limited,Concentrated dependency; Hidden convergent dependency; Propagation-amplified cascade,Hidden convergent dependency,6,0.5091425449981476,774.9465856169096,True,False,False,True,True,"[{""target"":""T2P"",""magnitude"":0.37498931712338196,""start_week"":3,""duration_weeks"":4,""recovery_weeks"":1},{""target"":""S1B"",""magnitude"":0.27250157897730753,""start_week"":25,""duration_weeks"":1,""recovery_weeks"":4},{""target"":""S1C"",""magnitude"":0.26847804922821983,""start_week"":29,""duration_weeks"":1,""recovery_weeks"":1},{""target"":""S1B"",""magnitude"":0.2013788520099553,""start_week"":38,""duration_weeks"":3,""recovery_weeks"":3},{""target"":""T2P"",""magnitude"":0.4757770537816819,""start_week"":45,""duration_weeks"":2,""recovery_weeks"":1},{""target"":""demand"",""magnitude"":0.14402134719402576,""start_week"":51,""duration_weeks"":3,""recovery_weeks"":1}]"
A,314,693,Supplier-cluster shock,True,True,True,Structural,Concentrated dependency,Concentrated dependency,2,0.7914360182617279,1126.3568292620766,False,True,False,False,False,"[{""target"":""corridor"",""magnitude"":0.35336670829928246,""start_week"":36,""duration_weeks"":5,""recovery_weeks"":2},{""target"":""demand"",""magnitude"":0.08938398351046636,""start_week"":38,""duration_weeks"":3,""recovery_weeks"":4}]"
A,314,694,Supplier-cluster shock,False,,False,Non-failure,Unclassified,Unclassified,2,0.7267717830938513,394.10702756921603,True,False,False,False,False,"[{""target"":""T2P"",""magnitude"":0.2278127147716157,""start_week"":25,""duration_weeks"":1,""recovery_weeks"":3},{""target"":""T2P"",""magnitude"":0.345905395215534,""start_week"":30,""duration_weeks"":2,""recovery_weeks"":2}]"
A,314,695,Supplier-cluster shock,False,,False,Non-failure,Unclassified,Unclassified,3,0.838829834700349,217.0937317663563,True,False,False,True,False,"[{""target"":""T2P"",""magnitude"":0.2765917278583288,""start_week"":11,""duration_weeks"":1,""recovery_weeks"":4},{""target"":""S1B"",""magnitude"":0.30836898665368206,""start_week"":42,""duration_weeks"":1,""recovery_weeks"":4},{""target"":""demand"",""magnitude"":0.16121075796246226,""start_week"":44,""duration_weeks"":1,""recovery_weeks"":4}]"
A,314,696,Supplier-cluster shock,False,,False,Non-failure,Unclassified,Unclassified,2,0.8800715582779348,126.66684976121041,False,True,False,False,False,"[{""target"":""corridor"",""magnitude"":0.2623000232847583,""start_week"":10,""duration_weeks"":1,""recovery_weeks"":3},{""target"":""demand"",""magnitude"":0.17354100627181118,""start_week"":30,""duration_weeks"":1,""recovery_weeks"":2}]"
A,314,697,Supplier-cluster shock,True,False,True,Adaptation-limited,Concentrated dependency,Concentrated dependency,7,0.796199711403643,633.8970616097446,True,True,True,True,True,"[{""target"":""S1C"",""magnitude"":0.29258334355860005,""start_week"":15,""duration_weeks"":7,""recovery_weeks"":1},{""target"":""S1B"",""magnitude"":0.2754101091003849,""start_week"":16,""duration_weeks"":2,""recovery_weeks"":1},{""target"":""S1A"",""magnitude"":0.2232248446796372,""start_week"":19,""duration_weeks"":1,""recovery_weeks"":3},{""target"":""demand"",""magnitude"":0.1281562335398071,""start_week"":36,""duration_weeks"":1,""recovery_weeks"":4},{""target"":""S1B"",""magnitude"":0.3064149945110949,""start_week"":37,""duration_weeks"":1,""recovery_weeks"":3},{""target"":""corridor"",""magnitude"":0.4028502164472677,""start_week"":47,""duration_weeks"":3,""recovery_weeks"":2},{""target"":""T2P"",""magnitude"":0.28609310059600396,""start_week"":48,""duration_weeks"":23,""recovery_weeks"":3}]"
A,314,698,Supplier-cluster shock,False,,False,Non-failure,Unclassified,Unclassified,3,0.939027303915744,164.626279427491,True,True,False,False,False,"[{""target"":""corridor"",""magnitude"":0.29572952206319186,""start_week"":9,""duration_weeks"":2,""recovery_weeks"":1},{""target"":""demand"",""magnitude"":0.09260057558457846,""start_week"":20,""duration_weeks"":2,""recovery_weeks"":1},{""target"":""T2P"",""magnitude"":0.18376212264004982,""start_week"":24,""duration_weeks"":7,""recovery_weeks"":2}]"
A,314,699,Supplier-cluster shock,False,,False,Non-failure,Unclassified,Unclassified,0,1.0,0.0,False,False,False,False,False,[]
A,314,700,Supplier-cluster shock,True,True,True,Structural,Concentrated dependency,Concentrated dependency,3,0.37407679671063987,3079.439700912586,False,True,False,False,False,"[{""target"":""corridor"",""magnitude"":0.3477298967859479,""start_week"":16,""duration_weeks"":4,""recovery_weeks"":3},{""target"":""corridor"",""magnitude"":0.36327513381436083,""start_week"":28,""duration_weeks"":2,""recovery_weeks"":2},{""target"":""corridor"",""magnitude"":0.5593738953314531,""start_week"":29,""duration_weeks"":6,""recovery_weeks"":1}]"
A,314,701,Supplier-cluster shock,True,False,True,Adaptation-limited,Concentrated dependency; Hidden convergent dependency; Propagation-amplified cascade,Hidden convergent dependency,3,0.7020006014618717,733.047158092656,True,False,False,True,True,"[{""target"":""T2P"",""magnitude"":0.36819945868431536,""start_week"":3,""duration_weeks"":3,""recovery_weeks"":4},{""target"":""S1B"",""magnitude"":0.3554317821713048,""start_week"":9,""duration_weeks"":1,""recovery_weeks"":3},{""target"":""S1C"",""magnitude"":0.35505825740138075,""start_week"":43,""duration_weeks"":3,""recovery_weeks"":2}]"
A,314,702,Supplier-cluster shock,True,True,True,Structural,Concentrated dependency; Propagation-amplified cascade,Propagation-amplified cascade,3,0.6516468178318469,1410.1537488735466,True,True,False,False,False,"[{""target"":""T2P"",""magnitude"":0.2739533420708017,""start_week"":14,""duration_weeks"":1,""recovery_weeks"":3},{""target"":""corridor"",""magnitude"":0.4165413631652827,""start_week"":29,""duration_weeks"":3,""recovery_weeks"":2},{""target"":""T2P"",""magnitude"":0.4135178639513377,""start_week"":35,""duration_weeks"":3,""recovery_weeks"":2}]"
A,314,703,Supplier-cluster shock,True,True,True,Structural,Concentrated dependency; Hidden convergent dependency; Propagation-amplified cascade,Hidden convergent dependency,5,0.5758372795057737,1105.0567563288166,True,True,False,False,False,"[{""target"":""T2P"",""magnitude"":0.6300162160939475,""start_week"":16,""duration_weeks"":1,""recovery_weeks"":4},{""target"":""corridor"",""magnitude"":0.28261915989295483,""start_week"":18,""duration_weeks"":3,""recovery_weeks"":4},{""target"":""demand"",""magnitude"":0.14270260461975082,""start_week"":29,""duration_weeks"":1,""recovery_weeks"":2},{""target"":""corridor"",""magnitude"":0.401018618549004,""start_week"":36,""duration_weeks"":2,""recovery_weeks"":2},{""target"":""corridor"",""magnitude"":0.2891164638686632,""start_week"":50,""duration_weeks"":7,""recovery_weeks"":1}]"
A,314,704,Supplier-cluster shock,True,True,True,Structural,Concentrated dependency,Concentrated dependency,5,0.6829670835377634,1952.5370339699887,False,True,True,True,False,"[{""target"":""S1A"",""magnitude"":0.26331926276891854,""start_week"":7,""duration_weeks"":3,""recovery_weeks"":2},{""target"":""S1B"",""magnitude"":0.20063175366958322,""start_week"":20,""duration_weeks"":1,""recovery_weeks"":4},{""target"":""demand"",""magnitude"":0.10899937237320503,""start_week"":24,""duration_weeks"":9,""recovery_weeks"":3},{""target"":""corridor"",""magnitude"":0.4877746873466774,""start_week"":36,""duration_weeks"":6,""recovery_weeks"":4},{""target"":""S1A"",""magnitude"":0.42613838323711273,""start_week"":42,""duration_weeks"":1,""recovery_weeks"":4}]"
A,314,705,Supplier-cluster shock,False,,False,Non-failure,Unclassified,Unclassified,3,0.8961864645661055,559.3894099068734,False,True,True,True,False,"[{""target"":""S1A"",""magnitude"":0.3754088925519572,""start_week"":18,""duration_weeks"":10,""recovery_weeks"":1},{""target"":""S1B"",""magnitude"":0.44177749054227666,""start_week"":22,""duration_weeks"":6,""recovery_weeks"":3},{""target"":""corridor"",""magnitude"":0.2570294868941486,""start_week"":36,""duration_weeks"":1,""recovery_weeks"":1}]"
A,314,706,Supplier-cluster shock,True,False,False,Adaptation-limited,Concentrated dependency; Recovery lag and temporal overlap,Recovery lag and temporal overlap,3,0.6312849561552676,672.2574109225967,False,True,False,False,False,"[{""target"":""corridor"",""magnitude"":0.32267284960795944,""start_week"":39,""duration_weeks"":1,""recovery_weeks"":4},{""target"":""corridor"",""magnitude"":0.4849914649927465,""start_week"":43,""duration_weeks"":1,""recovery_weeks"":1},{""target"":""corridor"",""magnitude"":0.34067779440211216,""start_week"":51,""duration_weeks"":5,""recovery_weeks"":1}]"
A,314,707,Supplier-cluster shock,True,True,True,Structural,Concentrated dependency; Hidden convergent dependency,Hidden convergent dependency,5,0.8242867903472054,1014.8206210660892,True,True,False,False,True,"[{""target"":""corridor"",""magnitude"":0.3211779596088583,""start_week"":2,""duration_weeks"":1,""recovery_weeks"":1},{""target"":""T2P"",""magnitude"":0.23682933490642755,""start_week"":8,""duration_weeks"":9,""recovery_weeks"":1},{""target"":""corridor"",""magnitude"":0.28622387994567766,""start_week"":11,""duration_weeks"":2,""recovery_weeks"":1},{""target"":""demand"",""magnitude"":0.1545756944678055,""start_week"":13,""duration_weeks"":2,""recovery_weeks"":1},{""target"":""S1C"",""magnitude"":0.24367799077914823,""start_week"":37,""duration_weeks"":3,""recovery_weeks"":2}]"
A,314,708,Supplier-cluster shock,False,,False,Non-failure,Unclassified,Unclassified,2,0.6714301769711161,710.1914438874628,True,False,False,False,False,"[{""target"":""T2P"",""magnitude"":0.3984033027309988,""start_week"":7,""duration_weeks"":1,""recovery_weeks"":1},{""target"":""demand"",""magnitude"":0.1987029094951892,""start_week"":10,""duration_weeks"":4,""recovery_weeks"":3}]"
A,314,709,Supplier-cluster shock,True,True,False,Structural,Concentrated dependency,Concentrated dependency,4,0.8328487058573372,341.8174129255617,False,False,True,True,True,"[{""target"":""S1C"",""magnitude"":0.29777081324977206,""start_week"":2,""duration_weeks"":5,""recovery_weeks"":3},{""target"":""S1A"",""magnitude"":0.6260904118209915,""start_week"":22,""duration_weeks"":3,""recovery_weeks"":1},{""target"":""S1B"",""magnitude"":0.21915999850562767,""start_week"":41,""duration_weeks"":5,""recovery_weeks"":2},{""target"":""S1A"",""magnitude"":0.22432950762353443,""start_week"":50,""duration_weeks"":1,""recovery_weeks"":2}]"
A,314,710,Supplier-cluster shock,True,True,True,Structural,Concentrated dependency; Hidden convergent dependency; Propagation-amplified cascade,Hidden convergent dependency,6,0.4483686456932074,3899.45977498912,True,False,True,False,False,"[{""target"":""S1A"",""magnitude"":0.2094220456020923,""start_week"":5,""duration_weeks"":1,""recovery_weeks"":1},{""target"":""T2P"",""magnitude"":0.35261047023629777,""start_week"":13,""duration_weeks"":8,""recovery_weeks"":1},{""target"":""demand"",""magnitude"":0.08574906802138266,""start_week"":20,""duration_weeks"":1,""recovery_weeks"":4},{""target"":""T2P"",""magnitude"":0.2336600946812996,""start_week"":24,""duration_weeks"":3,""recovery_weeks"":2},{""target"":""T2P"",""magnitude"":0.5130054180532783,""start_week"":29,""duration_weeks"":1,""recovery_weeks"":3},{""target"":""demand"",""magnitude"":0.20683079927529052,""start_week"":33,""duration_weeks"":1,""recovery_weeks"":2}]"
A,314,711,Supplier-cluster shock,False,,False,Non-failure,Unclassified,Unclassified,1,0.8859174216607638,115.89603951216657,False,False,False,False,False,"[{""target"":""demand"",""magnitude"":0.12877337723574078,""start_week"":20,""duration_weeks"":2,""recovery_weeks"":2}]"
A,314,712,Supplier-cluster shock,True,True,False,Structural,Concentrated dependency,Concentrated dependency,3,0.8599331909371634,252.12025631310598,True,True,False,False,False,"[{""target"":""corridor"",""magnitude"":0.35505010679712756,""start_week"":16,""duration_weeks"":1,""recovery_weeks"":2},{""target"":""demand"",""magnitude"":0.1158667885980217,""start_week"":31,""duration_weeks"":1,""recovery_weeks"":1},{""target"":""T2P"",""magnitude"":0.3331792706326082,""start_week"":48,""duration_weeks"":1,""recovery_weeks"":4}]"
A,314,713,Supplier-cluster shock,False,,False,Non-failure,Unclassified,Unclassified,0,1.0,0.0,False,False,False,False,False,[]
A,314,714,Supplier-cluster shock,True,True,False,Structural,Concentrated dependency; Hidden convergent dependency; Propagation-amplified cascade,Hidden convergent dependency,4,0.68084380268314,699.317023802915,True,False,True,False,True,"[{""target"":""T2P"",""magnitude"":0.44982925595072876,""start_week"":1,""duration_weeks"":2,""recovery_weeks"":3},{""target"":""S1C"",""magnitude"":0.3298401519439228,""start_week"":3,""duration_weeks"":2,""recovery_weeks"":1},{""target"":""S1A"",""magnitude"":0.23516778978873965,""start_week"":21,""duration_weeks"":1,""recovery_weeks"":3},{""target"":""demand"",""magnitude"":0.1350246267544971,""start_week"":38,""duration_weeks"":4,""recovery_weeks"":3}]"
A,314,715,Supplier-cluster shock,False,,False,Non-failure,Unclassified,Unclassified,0,1.0,0.0,False,False,False,False,False,[]
A,314,716,Supplier-cluster shock,True,True,True,Structural,Concentrated dependency; Hidden convergent dependency; Propagation-amplified cascade,Hidden convergent dependency,3,0.8424053937361073,839.2690291937859,True,False,True,False,True,"[{""target"":""T2P"",""magnitude"":0.24183514563750336,""start_week"":13,""duration_weeks"":9,""recovery_weeks"":2},{""target"":""S1C"",""magnitude"":0.4125645002228543,""start_week"":33,""duration_weeks"":3,""recovery_weeks"":1},{""target"":""S1A"",""magnitude"":0.2366816083002893,""start_week"":51,""duration_weeks"":6,""recovery_weeks"":2}]"
A,314,717,Supplier-cluster shock,False,,False,Non-failure,Unclassified,Unclassified,2,0.9706907157325555,59.82235878335905,False,False,False,True,True,"[{""target"":""S1C"",""magnitude"":0.2576031626326207,""start_week"":15,""duration_weeks"":10,""recovery_weeks"":3},{""target"":""S1B"",""magnitude"":0.3159458896017501,""start_week"":45,""duration_weeks"":4,""recovery_weeks"":4}]"
A,314,718,Supplier-cluster shock,True,True,True,Structural,Concentrated dependency; Hidden convergent dependency; Propagation-amplified cascade,Hidden convergent dependency,1,0.5972514203573405,1212.3686083919677,True,False,False,False,False,"[{""target"":""T2P"",""magnitude"":0.4624737216783935,""start_week"":34,""duration_weeks"":4,""recovery_weeks"":1}]"
A,314,719,Supplier-cluster shock,True,True,False,Structural,Compounding moderate disturbance; Recovery lag and temporal overlap,Compounding moderate disturbance,6,0.8674303567146155,388.28108786347707,False,False,False,True,True,"[{""target"":""demand"",""magnitude"":0.1528303018901606,""start_week"":13,""duration_weeks"":1,""recovery_weeks"":1},{""target"":""demand"",""magnitude"":0.09859159152132974,""start_week"":18,""duration_weeks"":1,""recovery_weeks"":1},{""target"":""demand"",""magnitude"":0.1255424919157572,""start_week"":31,""duration_weeks"":3,""recovery_weeks"":4},{""target"":""S1C"",""magnitude"":0.3884912420963717,""start_week"":39,""duration_weeks"":1,""recovery_weeks"":2},{""target"":""S1B"",""magnitude"":0.4620725144858391,""start_week"":40,""duration_weeks"":7,""recovery_weeks"":3},{""target"":""S1C"",""magnitude"":0.2966755445916538,""start_week"":42,""duration_weeks"":12,""recovery_weeks"":4}]"
A,314,720,Supplier-cluster shock,False,,False,Non-failure,Unclassified,Unclassified,1,0.8707714957842407,133.5662161167038,False,False,False,False,False,"[{""target"":""demand"",""magnitude"":0.14840690679633758,""start_week"":4,""duration_weeks"":2,""recovery_weeks"":2}]"
A,314,721,Supplier-cluster shock,False,,False,Non-failure,Unclassified,Unclassified,3,0.9147404706031709,256.6354600019065,False,False,False,True,False,"[{""target"":""S1B"",""magnitude"":0.2905869746115265,""start_week"":1,""duration_weeks"":4,""recovery_weeks"":1},{""target"":""demand"",""magnitude"":0.13264619207524736,""start_week"":15,""duration_weeks"":1,""recovery_weeks"":4},{""target"":""demand"",""magnitude"":0.21584945134752576,""start_week"":17,""duration_weeks"":1,""recovery_weeks"":4}]"
A,314,722,Supplier-cluster shock,True,True,True,Structural,Concentrated dependency; Hidden convergent dependency; Propagation-amplified cascade,Hidden convergent dependency,2,0.6479447332762689,1092.6735702824685,True,False,True,False,False,"[{""target"":""T2P"",""magnitude"":0.4168497400513579,""start_week"":36,""duration_weeks"":4,""recovery_weeks"":2},{""target"":""S1A"",""magnitude"":0.269647151353047,""start_week"":51,""duration_weeks"":1,""recovery_weeks"":1}]"
A,314,723,Supplier-cluster shock,True,True,False,Structural,Hidden convergent dependency; Compounding moderate disturbance; Propagation-amplified cascade,Hidden convergent dependency,3,0.8235831596583787,280.9881550058549,True,False,True,False,False,"[{""target"":""T2P"",""magnitude"":0.26585946059773413,""start_week"":6,""duration_weeks"":2,""recovery_weeks"":3},{""target"":""T2P"",""magnitude"":0.2587751563074592,""start_week"":11,""duration_weeks"":1,""recovery_weeks"":1},{""target"":""S1A"",""magnitude"":0.22190621109145314,""start_week"":29,""duration_weeks"":2,""recovery_weeks"":2}]"
A,314,724,Supplier-cluster shock,True,True,True,Structural,Concentrated dependency; Hidden convergent dependency; Propagation-amplified cascade,Hidden convergent dependency,3,0.6742663280906704,2231.6030471839654,True,False,True,True,False,"[{""target"":""T2P"",""magnitude"":0.3931603047183965,""start_week"":2,""duration_weeks"":8,""recovery_weeks"":3},{""target"":""S1A"",""magnitude"":0.32829191578144584,""start_week"":18,""duration_weeks"":4,""recovery_weeks"":4},{""target"":""S1B"",""magnitude"":0.5912838016201581,""start_week"":35,""duration_weeks"":2,""recovery_weeks"":4}]"
A,314,725,Supplier-cluster shock,True,True,False,Structural,Concentrated dependency,Concentrated dependency,3,0.8445797838329506,304.3999160073523,False,False,True,False,True,"[{""target"":""S1A"",""magnitude"":0.3049563448586284,""start_week"":35,""duration_weeks"":2,""recovery_weeks"":1},{""target"":""S1C"",""magnitude"":0.5447391415172327,""start_week"":36,""duration_weeks"":2,""recovery_weeks"":1},{""target"":""S1A"",""magnitude"":0.4437777270111929,""start_week"":41,""duration_weeks"":2,""recovery_weeks"":4}]"
A,314,726,Supplier-cluster shock,False,,False,Non-failure,Unclassified,Unclassified,3,0.779197989705532,255.03378074694524,True,False,False,False,True,"[{""target"":""demand"",""magnitude"":0.2833708674966057,""start_week"":22,""duration_weeks"":1,""recovery_weeks"":3},{""target"":""T2P"",""magnitude"":0.2604059716763867,""start_week"":34,""duration_weeks"":3,""recovery_weeks"":2},{""target"":""S1C"",""magnitude"":0.2199273025820304,""start_week"":44,""duration_weeks"":6,""recovery_weeks"":3}]"
A,314,727,Supplier-cluster shock,False,,False,Non-failure,Unclassified,Unclassified,1,0.9939266760943644,12.75398020183502,False,False,True,False,False,"[{""target"":""S1A"",""magnitude"":0.2636649787876803,""start_week"":36,""duration_weeks"":2,""recovery_weeks"":3}]"
A,314,728,Supplier-cluster shock,False,,False,Non-failure,Unclassified,Unclassified,2,0.9468483803955098,47.83645764404116,False,True,False,False,False,"[{""target"":""corridor"",""magnitude"":0.2666493493136065,""start_week"":11,""duration_weeks"":1,""recovery_weeks"":4},{""target"":""corridor"",""magnitude"":0.3231624133305806,""start_week"":50,""duration_weeks"":2,""recovery_weeks"":3}]"
A,314,729,Supplier-cluster shock,False,,False,Non-failure,Unclassified,Unclassified,1,0.9432824405818435,54.11507866599777,False,False,False,False,False,"[{""target"":""demand"",""magnitude"":0.060127865184441846,""start_week"":35,""duration_weeks"":9,""recovery_weeks"":3}]"
A,314,730,Supplier-cluster shock,True,False,True,Adaptation-limited,Concentrated dependency,Concentrated dependency,1,0.7699145443574454,2277.84601086129,False,True,False,False,False,"[{""target"":""corridor"",""magnitude"":0.4225640917319158,""start_week"":40,""duration_weeks"":11,""recovery_weeks"":2}]"
A,314,731,Supplier-cluster shock,True,True,True,Structural,Concentrated dependency; Hidden convergent dependency; Propagation-amplified cascade,Hidden convergent dependency,2,0.8157952764215259,1300.8162642406435,True,False,True,False,False,"[{""target"":""T2P"",""magnitude"":0.26578425122062654,""start_week"":4,""duration_weeks"":10,""recovery_weeks"":3},{""target"":""S1A"",""magnitude"":0.3257549300541957,""start_week"":35,""duration_weeks"":6,""recovery_weeks"":3}]"
A,314,732,Supplier-cluster shock,False,,False,Non-failure,Unclassified,Unclassified,4,0.9090470464292174,187.80102590430272,False,False,True,True,True,"[{""target"":""S1A"",""magnitude"":0.260286281910381,""start_week"":25,""duration_weeks"":2,""recovery_weeks"":4},{""target"":""S1B"",""magnitude"":0.4546441455342607,""start_week"":42,""duration_weeks"":2,""recovery_weeks"":4},{""target"":""S1A"",""magnitude"":0.16537652655430485,""start_week"":47,""duration_weeks"":14,""recovery_weeks"":2},{""target"":""S1C"",""magnitude"":0.3345341281650185,""start_week"":48,""duration_weeks"":4,""recovery_weeks"":3}]"
A,314,733,Supplier-cluster shock,False,,False,Non-failure,Unclassified,Unclassified,1,1.0,0.0,True,False,False,False,False,"[{""target"":""T2P"",""magnitude"":0.17911655703315754,""start_week"":18,""duration_weeks"":1,""recovery_weeks"":4}]"
A,314,734,Supplier-cluster shock,True,True,True,Structural,Concentrated dependency,Concentrated dependency,4,0.8135306680978869,486.55849602545936,False,True,False,False,False,"[{""target"":""corridor"",""magnitude"":0.1841751901622895,""start_week"":6,""duration_weeks"":1,""recovery_weeks"":2},{""target"":""corridor"",""magnitude"":0.25469686114173495,""start_week"":14,""duration_weeks"":2,""recovery_weeks"":2},{""target"":""corridor"",""magnitude"":0.38985199892658484,""start_week"":24,""duration_weeks"":2,""recovery_weeks"":1},{""target"":""corridor"",""magnitude"":0.28853732312864694,""start_week"":49,""duration_weeks"":3,""recovery_weeks"":2}]"
A,314,735,Supplier-cluster shock,False,,False,Non-failure,Unclassified,Unclassified,1,0.9185396165170809,171.06680531413008,False,False,False,True,False,"[{""target"":""S1B"",""magnitude"":0.433285862836568,""start_week"":19,""duration_weeks"":4,""recovery_weeks"":3}]"
A,314,736,Supplier-cluster shock,True,True,True,Structural,Concentrated dependency,Concentrated dependency,6,0.4952511448993371,2746.7628179959693,True,True,False,True,False,"[{""target"":""corridor"",""magnitude"":0.3974719463583957,""start_week"":15,""duration_weeks"":2,""recovery_weeks"":2},{""target"":""corridor"",""magnitude"":0.38353350283098697,""start_week"":17,""duration_weeks"":5,""recovery_weeks"":2},{""target"":""S1B"",""magnitude"":0.16507022908051308,""start_week"":30,""duration_weeks"":3,""recovery_weeks"":1},{""target"":""corridor"",""magnitude"":0.3729280299668752,""start_week"":34,""duration_weeks"":15,""recovery_weeks"":3},{""target"":""T2P"",""magnitude"":0.29714961238447496,""start_week"":49,""duration_weeks"":6,""recovery_weeks"":3},{""target"":""T2P"",""magnitude"":0.42874424089474694,""start_week"":50,""duration_weeks"":3,""recovery_weeks"":2}]"
A,314,737,Supplier-cluster shock,True,True,True,Structural,Concentrated dependency; Hidden convergent dependency; Propagation-amplified cascade,Hidden convergent dependency,1,0.7775283804679948,1802.693490945657,True,False,False,False,False,"[{""target"":""T2P"",""magnitude"":0.30022445757880484,""start_week"":5,""duration_weeks"":11,""recovery_weeks"":1}]"
A,314,738,Supplier-cluster shock,False,,False,Non-failure,Unclassified,Unclassified,0,1.0,0.0,False,False,False,False,False,[]
A,314,739,Supplier-cluster shock,True,False,True,Adaptation-limited,Concentrated dependency,Concentrated dependency,4,0.7885147572461699,788.238019566086,False,True,True,True,False,"[{""target"":""corridor"",""magnitude"":0.40861393206537255,""start_week"":3,""duration_weeks"":3,""recovery_weeks"":3},{""target"":""S1B"",""magnitude"":0.33795669075360535,""start_week"":26,""duration_weeks"":1,""recovery_weeks"":4},{""target"":""S1A"",""magnitude"":0.32343949208395034,""start_week"":27,""duration_weeks"":5,""recovery_weeks"":4},{""target"":""S1B"",""magnitude"":0.2783235732847037,""start_week"":41,""duration_weeks"":2,""recovery_weeks"":4}]"
A,314,740,Supplier-cluster shock,False,,False,Non-failure,Unclassified,Unclassified,3,0.8061584821527814,263.7548570556396,True,False,False,False,False,"[{""target"":""T2P"",""magnitude"":0.19784126469617333,""start_week"":2,""duration_weeks"":2,""recovery_weeks"":1},{""target"":""demand"",""magnitude"":0.1055983449939111,""start_week"":3,""duration_weeks"":6,""recovery_weeks"":4},{""target"":""T2P"",""magnitude"":0.24025197665049342,""start_week"":18,""duration_weeks"":1,""recovery_weeks"":4}]"
A,314,741,Supplier-cluster shock,True,False,False,Adaptation-limited,Compounding moderate disturbance,Compounding moderate disturbance,8,0.7749515328412252,563.1471432560238,False,True,True,True,False,"[{""target"":""S1A"",""magnitude"":0.29595984564193134,""start_week"":9,""duration_weeks"":1,""recovery_weeks"":2},{""target"":""demand"",""magnitude"":0.17061067174945427,""start_week"":19,""duration_weeks"":5,""recovery_weeks"":1},{""target"":""demand"",""magnitude"":0.2137407415166015,""start_week"":23,""duration_weeks"":1,""recovery_weeks"":3},{""target"":""demand"",""magnitude"":0.2102668164100588,""start_week"":39,""duration_weeks"":2,""recovery_weeks"":4},{""target"":""demand"",""magnitude"":0.10039714995402936,""start_week"":40,""duration_weeks"":1,""recovery_weeks"":2},{""target"":""demand"",""magnitude"":0.18618818217992317,""start_week"":49,""duration_weeks"":1,""recovery_weeks"":1},{""target"":""corridor"",""magnitude"":0.4187863503690811,""start_week"":50,""duration_weeks"":2,""recovery_weeks"":3},{""target"":""S1B"",""magnitude"":0.31033804157167205,""start_week"":51,""duration_weeks"":2,""recovery_weeks"":1}]"
A,314,742,Supplier-cluster shock,False,,False,Non-failure,Unclassified,Unclassified,5,0.9298917643910215,126.19482409616126,False,True,True,True,True,"[{""target"":""S1C"",""magnitude"":0.4077435301202015,""start_week"":5,""duration_weeks"":1,""recovery_weeks"":2},{""target"":""S1A"",""magnitude"":0.37750951528542886,""start_week"":9,""duration_weeks"":4,""recovery_weeks"":4},{""target"":""corridor"",""magnitude"":0.26075938884345284,""start_week"":26,""duration_weeks"":4,""recovery_weeks"":1},{""target"":""S1B"",""magnitude"":0.23327429648525252,""start_week"":27,""duration_weeks"":1,""recovery_weeks"":1},{""target"":""S1A"",""magnitude"":0.209050929750004,""start_week"":35,""duration_weeks"":4,""recovery_weeks"":4}]"
A,314,743,Supplier-cluster shock,False,,False,Non-failure,Unclassified,Unclassified,2,0.9675419538530667,68.16189690855981,False,False,False,True,True,"[{""target"":""S1C"",""magnitude"":0.3230306038305998,""start_week"":17,""duration_weeks"":3,""recovery_weeks"":3},{""target"":""S1B"",""magnitude"":0.30017685104001146,""start_week"":34,""duration_weeks"":5,""recovery_weeks"":1}]"
A,314,744,Supplier-cluster shock,False,,False,Non-failure,Unclassified,Unclassified,3,0.8333543689742694,279.836430985016,True,False,False,False,False,"[{""target"":""demand"",""magnitude"":0.1999697094416698,""start_week"":33,""duration_weeks"":5,""recovery_weeks"":1},{""target"":""T2P"",""magnitude"":0.2644142044891923,""start_week"":45,""duration_weeks"":6,""recovery_weeks"":4},{""target"":""T2P"",""magnitude"":0.21131580779018222,""start_week"":48,""duration_weeks"":3,""recovery_weeks"":2}]"
A,314,745,Supplier-cluster shock,True,True,False,Structural,Concentrated dependency,Concentrated dependency,2,0.8070329495733557,572.4160494538652,True,True,False,False,False,"[{""target"":""corridor"",""magnitude"":0.3363824375075063,""start_week"":11,""duration_weeks"":3,""recovery_weeks"":1},{""target"":""T2P"",""magnitude"":0.27367034538397994,""start_week"":23,""duration_weeks"":6,""recovery_weeks"":4}]"
A,314,746,Supplier-cluster shock,True,True,False,Structural,Concentrated dependency,Concentrated dependency,3,0.8639860641191573,244.82508458551683,True,True,True,False,False,"[{""target"":""corridor"",""magnitude"":0.35201045191063207,""start_week"":11,""duration_weeks"":1,""recovery_weeks"":3},{""target"":""T2P"",""magnitude"":0.2783988564855271,""start_week"":33,""duration_weeks"":2,""recovery_weeks"":4},{""target"":""S1A"",""magnitude"":0.45407699236662613,""start_week"":34,""duration_weeks"":6,""recovery_weeks"":4}]"
A,314,747,Supplier-cluster shock,True,True,True,Structural,Concentrated dependency,Concentrated dependency,4,0.6258760786621194,880.4639002507074,True,True,False,False,False,"[{""target"":""demand"",""magnitude"":0.19476993128739872,""start_week"":2,""duration_weeks"":6,""recovery_weeks"":3},{""target"":""corridor"",""magnitude"":0.4018149562202634,""start_week"":13,""duration_weeks"":2,""recovery_weeks"":3},{""target"":""T2P"",""magnitude"":0.4367115292040926,""start_week"":18,""duration_weeks"":2,""recovery_weeks"":1},{""target"":""demand"",""magnitude"":0.09403375053488724,""start_week"":30,""duration_weeks"":2,""recovery_weeks"":3}]"
A,314,748,Supplier-cluster shock,False,,False,Non-failure,Unclassified,Unclassified,3,0.8951018893422188,105.47212637589303,True,False,False,False,False,"[{""target"":""demand"",""magnitude"":0.11719125152877004,""start_week"":9,""duration_weeks"":2,""recovery_weeks"":2},{""target"":""demand"",""magnitude"":0.1429007267065619,""start_week"":40,""duration_weeks"":4,""recovery_weeks"":4},{""target"":""T2P"",""magnitude"":0.3496529584489901,""start_week"":51,""duration_weeks"":5,""recovery_weeks"":4}]"
A,314,749,Supplier-cluster shock,True,True,True,Structural,Concentrated dependency,Concentrated dependency,6,0.7735688801504255,1265.0895509734448,True,True,False,True,True,"[{""target"":""demand"",""magnitude"":0.2927097064782952,""start_week"":7,""duration_weeks"":1,""recovery_weeks"":2},{""target"":""corridor"",""magnitude"":0.31557406675309896,""start_week"":15,""duration_weeks"":1,""recovery_weeks"":2},{""target"":""T2P"",""magnitude"":0.258803210999434,""start_week"":32,""duration_weeks"":8,""recovery_weeks"":4},{""target"":""S1C"",""magnitude"":0.5039024619729824,""start_week"":35,""duration_weeks"":1,""recovery_weeks"":4},{""target"":""demand"",""magnitude"":0.09248797399777403,""start_week"":38,""duration_weeks"":3,""recovery_weeks"":2},{""target"":""S1B"",""magnitude"":0.32862353706307523,""start_week"":48,""duration_weeks"":5,""recovery_weeks"":3}]"
A,314,750,Supplier-cluster shock,False,,False,Non-failure,Unclassified,Unclassified,3,0.8948466845073365,105.75888091433308,False,False,True,True,False,"[{""target"":""demand"",""magnitude"":0.11750986768259235,""start_week"":4,""duration_weeks"":1,""recovery_weeks"":1},{""target"":""S1A"",""magnitude"":0.29925901159602164,""start_week"":11,""duration_weeks"":1,""recovery_weeks"":3},{""target"":""S1B"",""magnitude"":0.2153722290424277,""start_week"":32,""duration_weeks"":1,""recovery_weeks"":1}]"
A,314,751,Supplier-cluster shock,True,True,False,Structural,Concentrated dependency,Concentrated dependency,2,0.895873497063495,218.6656561666607,False,False,False,True,True,"[{""target"":""S1C"",""magnitude"":0.4842846316071364,""start_week"":8,""duration_weeks"":10,""recovery_weeks"":2},{""target"":""S1B"",""magnitude"":0.25246340513186005,""start_week"":26,""duration_weeks"":1,""recovery_weeks"":3}]"
A,314,752,Supplier-cluster shock,False,,False,Non-failure,Unclassified,Unclassified,3,0.9122303859446411,181.58210874784754,False,False,True,True,False,"[{""target"":""S1A"",""magnitude"":0.27012303057364234,""start_week"":6,""duration_weeks"":1,""recovery_weeks"":4},{""target"":""S1B"",""magnitude"":0.25493511384606005,""start_week"":35,""duration_weeks"":3,""recovery_weeks"":3},{""target"":""S1A"",""magnitude"":0.44748163162455756,""start_week"":48,""duration_weeks"":3,""recovery_weeks"":3}]"
A,314,753,Supplier-cluster shock,False,,False,Non-failure,Unclassified,Unclassified,3,0.9182881654547247,148.44207926338095,False,False,True,False,True,"[{""target"":""S1C"",""magnitude"":0.40613425873239917,""start_week"":33,""duration_weeks"":2,""recovery_weeks"":3},{""target"":""S1A"",""magnitude"":0.43385162772686947,""start_week"":40,""duration_weeks"":3,""recovery_weeks"":3},{""target"":""S1C"",""magnitude"":0.34179210578042973,""start_week"":46,""duration_weeks"":1,""recovery_weeks"":1}]"
A,314,754,Supplier-cluster shock,True,True,True,Structural,Concentrated dependency,Concentrated dependency,4,0.7266602837578645,820.2482556751818,True,True,False,False,False,"[{""target"":""corridor"",""magnitude"":0.38613373697502185,""start_week"":4,""duration_weeks"":1,""recovery_weeks"":1},{""target"":""T2P"",""magnitude"":0.27776072579810096,""start_week"":16,""duration_weeks"":1,""recovery_weeks"":2},{""target"":""corridor"",""magnitude"":0.45500478718160153,""start_week"":39,""duration_weeks"":3,""recovery_weeks"":4},{""target"":""corridor"",""magnitude"":0.3754952472823705,""start_week"":49,""duration_weeks"":4,""recovery_weeks"":1}]"
A,314,755,Supplier-cluster shock,False,,False,Non-failure,Unclassified,Unclassified,3,0.8743340586395825,129.35484567575077,False,True,False,False,True,"[{""target"":""demand"",""magnitude"":0.14372760630638948,""start_week"":23,""duration_weeks"":1,""recovery_weeks"":4},{""target"":""S1C"",""magnitude"":0.35252986184178337,""start_week"":28,""duration_weeks"":1,""recovery_weeks"":3},{""target"":""corridor"",""magnitude"":0.3174807502808923,""start_week"":32,""duration_weeks"":1,""recovery_weeks"":3}]"
A,314,756,Supplier-cluster shock,False,,False,Non-failure,Unclassified,Unclassified,4,0.8976194179408223,102.65210623967869,False,True,False,False,False,"[{""target"":""demand"",""magnitude"":0.11405789582186517,""start_week"":3,""duration_weeks"":2,""recovery_weeks"":2},{""target"":""corridor"",""magnitude"":0.2327621064658184,""start_week"":7,""duration_weeks"":2,""recovery_weeks"":4},{""target"":""demand"",""magnitude"":0.09134806725946232,""start_week"":30,""duration_weeks"":1,""recovery_weeks"":3},{""target"":""corridor"",""magnitude"":0.32780404871653845,""start_week"":36,""duration_weeks"":2,""recovery_weeks"":2}]"
A,314,757,Supplier-cluster shock,True,False,True,Adaptation-limited,Concentrated dependency,Concentrated dependency,2,0.6836174533286903,854.2328760125363,False,True,True,False,False,"[{""target"":""S1A"",""magnitude"":0.23089266301312905,""start_week"":30,""duration_weeks"":2,""recovery_weeks"":1},{""target"":""corridor"",""magnitude"":0.48728691000348234,""start_week"":35,""duration_weeks"":2,""recovery_weeks"":2}]"
A,314,758,Supplier-cluster shock,False,,False,Non-failure,Unclassified,Unclassified,1,1.0,0.0,True,False,False,False,False,"[{""target"":""T2P"",""magnitude"":0.17860038208560927,""start_week"":46,""duration_weeks"":1,""recovery_weeks"":2}]"
A,314,759,Supplier-cluster shock,True,True,False,Structural,Concentrated dependency,Concentrated dependency,2,0.8197631085193257,371.086306414669,False,True,False,True,False,"[{""target"":""corridor"",""magnitude"":0.38517766861050573,""start_week"":22,""duration_weeks"":1,""recovery_weeks"":4},{""target"":""S1B"",""magnitude"":0.2980239645455146,""start_week"":36,""duration_weeks"":4,""recovery_weeks"":3}]"
A,314,760,Supplier-cluster shock,True,False,True,Adaptation-limited,Concentrated dependency,Concentrated dependency,5,0.7880352531960203,585.3955818113905,False,True,True,True,False,"[{""target"":""demand"",""magnitude"":0.10703393234297046,""start_week"":2,""duration_weeks"":4,""recovery_weeks"":2},{""target"":""corridor"",""magnitude"":0.34571367612214077,""start_week"":4,""duration_weeks"":2,""recovery_weeks"":2},{""target"":""S1A"",""magnitude"":0.3307562027806396,""start_week"":44,""duration_weeks"":3,""recovery_weeks"":3},{""target"":""S1B"",""magnitude"":0.23811570648599883,""start_week"":47,""duration_weeks"":1,""recovery_weeks"":1},{""target"":""demand"",""magnitude"":0.1829228455843952,""start_week"":49,""duration_weeks"":1,""recovery_weeks"":1}]"
A,314,761,Supplier-cluster shock,False,,False,Non-failure,Unclassified,Unclassified,4,0.8154178414893045,354.46211807826216,False,False,True,True,True,"[{""target"":""demand"",""magnitude"":0.22636512119181595,""start_week"":5,""duration_weeks"":4,""recovery_weeks"":3},{""target"":""S1B"",""magnitude"":0.2976579828938866,""start_week"":28,""duration_weeks"":2,""recovery_weeks"":1},{""target"":""S1C"",""magnitude"":0.3808540511357218,""start_week"":33,""duration_weeks"":2,""recovery_weeks"":3},{""target"":""S1A"",""magnitude"":0.4366516548414341,""start_week"":39,""duration_weeks"":3,""recovery_weeks"":3}]"
A,314,762,Supplier-cluster shock,True,True,True,Structural,Concentrated dependency,Concentrated dependency,6,0.8058761183435805,790.3874912507999,False,True,True,True,True,"[{""target"":""S1C"",""magnitude"":0.3434620506178139,""start_week"":20,""duration_weeks"":2,""recovery_weeks"":4},{""target"":""S1A"",""magnitude"":0.41045680491825753,""start_week"":22,""duration_weeks"":3,""recovery_weeks"":3},{""target"":""S1B"",""magnitude"":0.5191126590521551,""start_week"":45,""duration_weeks"":1,""recovery_weeks"":3},{""target"":""S1C"",""magnitude"":0.5907036276921739,""start_week"":47,""duration_weeks"":4,""recovery_weeks"":3},{""target"":""corridor"",""magnitude"":0.39294829742439896,""start_week"":48,""duration_weeks"":2,""recovery_weeks"":1},{""target"":""S1A"",""magnitude"":0.6021177799848191,""start_week"":51,""duration_weeks"":1,""recovery_weeks"":4}]"
A,314,763,Supplier-cluster shock,True,True,True,Structural,Concentrated dependency; Recovery lag and temporal overlap,Recovery lag and temporal overlap,4,0.6043785216347501,4015.0312073444784,True,True,False,False,True,"[{""target"":""corridor"",""magnitude"":0.23292151665503213,""start_week"":27,""duration_weeks"":1,""recovery_weeks"":3},{""target"":""S1C"",""magnitude"":0.21124817057755774,""start_week"":28,""duration_weeks"":3,""recovery_weeks"":1},{""target"":""corridor"",""magnitude"":0.4633909061069731,""start_week"":29,""duration_weeks"":7,""recovery_weeks"":3},{""target"":""T2P"",""magnitude"":0.4175905148478194,""start_week"":34,""duration_weeks"":8,""recovery_weeks"":4}]"
A,314,764,Supplier-cluster shock,True,True,True,Structural,Concentrated dependency; Hidden convergent dependency; Propagation-amplified cascade,Hidden convergent dependency,1,0.330094164743205,3771.8643879833653,True,False,False,False,False,"[{""target"":""T2P"",""magnitude"":0.7029152517311155,""start_week"":22,""duration_weeks"":5,""recovery_weeks"":4}]"
A,314,765,Supplier-cluster shock,False,,False,Non-failure,Unclassified,Unclassified,0,1.0,0.0,False,False,False,False,False,[]
A,314,766,Supplier-cluster shock,True,True,True,Structural,Concentrated dependency,Concentrated dependency,4,0.5275510008038964,1835.5495371945663,True,True,False,False,False,"[{""target"":""corridor"",""magnitude"":0.3655669720450282,""start_week"":15,""duration_weeks"":1,""recovery_weeks"":2},{""target"":""corridor"",""magnitude"":0.20617644502454652,""start_week"":21,""duration_weeks"":1,""recovery_weeks"":2},{""target"":""T2P"",""magnitude"":0.47332355125434467,""start_week"":29,""duration_weeks"":1,""recovery_weeks"":3},{""target"":""T2P"",""magnitude"":0.43626034790578583,""start_week"":31,""duration_weeks"":3,""recovery_weeks"":4}]"
A,314,767,Supplier-cluster shock,True,True,True,Structural,Hidden convergent dependency; Compounding moderate disturbance; Propagation-amplified cascade; Recovery lag and temporal overlap,Hidden convergent dependency,6,0.63850826816586,1071.881856969313,True,True,True,False,True,"[{""target"":""S1C"",""magnitude"":0.341962878389421,""start_week"":6,""duration_weeks"":3,""recovery_weeks"":3},{""target"":""S1A"",""magnitude"":0.3651392025371962,""start_week"":11,""duration_weeks"":4,""recovery_weeks"":1},{""target"":""S1C"",""magnitude"":0.4749901816356744,""start_week"":29,""duration_weeks"":2,""recovery_weeks"":2},{""target"":""T2P"",""magnitude"":0.25181954315798327,""start_week"":30,""duration_weeks"":1,""recovery_weeks"":3},{""target"":""T2P"",""magnitude"":0.3726859094148174,""start_week"":32,""duration_weeks"":1,""recovery_weeks"":3},{""target"":""corridor"",""magnitude"":0.3763522865000729,""start_week"":40,""duration_weeks"":3,""recovery_weeks"":1}]"
A,314,768,Supplier-cluster shock,True,False,True,Adaptation-limited,Concentrated dependency,Concentrated dependency,5,0.6401329510635859,804.6227740088675,False,True,True,True,True,"[{""target"":""corridor"",""magnitude"":0.24153652316989266,""start_week"":3,""duration_weeks"":5,""recovery_weeks"":1},{""target"":""corridor"",""magnitude"":0.3670101093012421,""start_week"":4,""duration_weeks"":1,""recovery_weeks"":2},{""target"":""S1B"",""magnitude"":0.24252985442901454,""start_week"":16,""duration_weeks"":1,""recovery_weeks"":2},{""target"":""S1C"",""magnitude"":0.2093261013392756,""start_week"":26,""duration_weeks"":3,""recovery_weeks"":4},{""target"":""S1A"",""magnitude"":0.6363943565587461,""start_week"":49,""duration_weeks"":1,""recovery_weeks"":3}]"
A,314,769,Supplier-cluster shock,False,,False,Non-failure,Unclassified,Unclassified,5,0.8822714104337209,222.1048793304418,True,False,False,True,True,"[{""target"":""T2P"",""magnitude"":0.2343643468747766,""start_week"":1,""duration_weeks"":4,""recovery_weeks"":2},{""target"":""S1B"",""magnitude"":0.39518643590098834,""start_week"":6,""duration_weeks"":2,""recovery_weeks"":3},{""target"":""S1C"",""magnitude"":0.3369518362432291,""start_week"":13,""duration_weeks"":10,""recovery_weeks"":4},{""target"":""S1B"",""magnitude"":0.24993370148048838,""start_week"":19,""duration_weeks"":3,""recovery_weeks"":1},{""target"":""demand"",""magnitude"":0.1283187256846475,""start_week"":32,""duration_weeks"":1,""recovery_weeks"":3}]"
A,314,770,Supplier-cluster shock,False,,False,Non-failure,Unclassified,Unclassified,1,1.0,0.0,True,False,False,False,False,"[{""target"":""T2P"",""magnitude"":0.2099690738797249,""start_week"":24,""duration_weeks"":4,""recovery_weeks"":3}]"
A,314,771,Supplier-cluster shock,False,,False,Non-failure,Unclassified,Unclassified,3,0.9208333446987326,347.20193593208705,True,False,False,False,False,"[{""target"":""T2P"",""magnitude"":0.2045508262755993,""start_week"":3,""duration_weeks"":5,""recovery_weeks"":4},{""target"":""demand"",""magnitude"":0.14493186331191954,""start_week"":15,""duration_weeks"":6,""recovery_weeks"":1},{""target"":""T2P"",""magnitude"":0.3936586879816883,""start_week"":48,""duration_weeks"":4,""recovery_weeks"":3}]"
A,314,772,Supplier-cluster shock,True,True,True,Structural,Concentrated dependency; Hidden convergent dependency; Propagation-amplified cascade,Hidden convergent dependency,4,0.532227021860695,2086.471922114934,True,False,True,True,True,"[{""target"":""T2P"",""magnitude"":0.5209956803253745,""start_week"":31,""duration_weeks"":5,""recovery_weeks"":2},{""target"":""S1A"",""magnitude"":0.3103248555515925,""start_week"":32,""duration_weeks"":3,""recovery_weeks"":1},{""target"":""S1B"",""magnitude"":0.3334235937726654,""start_week"":33,""duration_weeks"":3,""recovery_weeks"":2},{""target"":""S1C"",""magnitude"":0.2835306375555081,""start_week"":47,""duration_weeks"":1,""recovery_weeks"":4}]"
A,314,773,Supplier-cluster shock,False,,False,Non-failure,Unclassified,Unclassified,4,0.9243003449085366,75.49524984313939,False,False,True,False,False,"[{""target"":""demand"",""magnitude"":0.08189941235925231,""start_week"":7,""duration_weeks"":1,""recovery_weeks"":4},{""target"":""demand"",""magnitude"":0.144329087498634,""start_week"":13,""duration_weeks"":1,""recovery_weeks"":4},{""target"":""demand"",""magnitude"":0.12581639582951915,""start_week"":15,""duration_weeks"":1,""recovery_weeks"":1},{""target"":""S1A"",""magnitude"":0.23662105860425683,""start_week"":31,""duration_weeks"":1,""recovery_weeks"":1}]"
A,314,774,Supplier-cluster shock,False,,False,Non-failure,Unclassified,Unclassified,5,0.9397699247528021,126.15143389581544,False,False,False,True,True,"[{""target"":""S1C"",""magnitude"":0.2510662561106074,""start_week"":3,""duration_weeks"":3,""recovery_weeks"":1},{""target"":""S1B"",""magnitude"":0.38551766930619535,""start_week"":11,""duration_weeks"":3,""recovery_weeks"":2},{""target"":""S1C"",""magnitude"":0.17573099202816206,""start_week"":42,""duration_weeks"":7,""recovery_weeks"":2},{""target"":""S1B"",""magnitude"":0.38838291997837737,""start_week"":48,""duration_weeks"":1,""recovery_weeks"":4},{""target"":""S1C"",""magnitude"":0.35136635355668977,""start_week"":51,""duration_weeks"":4,""recovery_weeks"":2}]"
A,314,775,Supplier-cluster shock,False,,False,Non-failure,Unclassified,Unclassified,1,1.0,0.0,False,False,True,False,False,"[{""target"":""S1A"",""magnitude"":0.23027917664627595,""start_week"":37,""duration_weeks"":2,""recovery_weeks"":4}]"
A,314,776,Supplier-cluster shock,True,True,False,Structural,Concentrated dependency,Concentrated dependency,2,0.8921324254597089,194.16163417252392,False,False,False,True,True,"[{""target"":""S1C"",""magnitude"":0.21087826525851514,""start_week"":32,""duration_weeks"":3,""recovery_weeks"":3},{""target"":""S1B"",""magnitude"":0.49270204271565476,""start_week"":43,""duration_weeks"":1,""recovery_weeks"":1}]"
A,314,777,Supplier-cluster shock,True,True,True,Structural,Concentrated dependency; Hidden convergent dependency; Propagation-amplified cascade,Hidden convergent dependency,3,0.8359378856636009,1048.0428833817302,True,False,False,True,False,"[{""target"":""T2P"",""magnitude"":0.2476559029027592,""start_week"":15,""duration_weeks"":10,""recovery_weeks"":2},{""target"":""S1B"",""magnitude"":0.31351273008761865,""start_week"":22,""duration_weeks"":1,""recovery_weeks"":4},{""target"":""T2P"",""magnitude"":0.2615547039427925,""start_week"":45,""duration_weeks"":7,""recovery_weeks"":3}]"
A,314,778,Supplier-cluster shock,False,,False,Non-failure,Unclassified,Unclassified,2,0.8685850901712588,136.1679128322903,True,False,False,False,False,"[{""target"":""demand"",""magnitude"":0.15129768092476698,""start_week"":37,""duration_weeks"":7,""recovery_weeks"":2},{""target"":""T2P"",""magnitude"":0.17380656491277818,""start_week"":51,""duration_weeks"":1,""recovery_weeks"":3}]"
A,314,779,Supplier-cluster shock,False,,False,Non-failure,Unclassified,Unclassified,1,0.8063012073400948,234.48011027261612,True,False,False,False,False,"[{""target"":""T2P"",""magnitude"":0.41149337009087206,""start_week"":40,""duration_weeks"":1,""recovery_weeks"":3}]"
A,314,780,Supplier-cluster shock,False,,False,Non-failure,Unclassified,Unclassified,4,0.9138525186084793,180.90971092219343,True,False,True,True,True,"[{""target"":""S1C"",""magnitude"":0.44383183313092145,""start_week"":17,""duration_weeks"":3,""recovery_weeks"":1},{""target"":""S1B"",""magnitude"":0.23711960578275315,""start_week"":38,""duration_weeks"":1,""recovery_weeks"":3},{""target"":""S1A"",""magnitude"":0.33308773738043695,""start_week"":48,""duration_weeks"":4,""recovery_weeks"":3},{""target"":""T2P"",""magnitude"":0.27107747062343873,""start_week"":50,""duration_weeks"":1,""recovery_weeks"":4}]"
A,314,781,Supplier-cluster shock,True,True,False,Structural,Concentrated dependency,Concentrated dependency,3,0.7143478135378467,1559.659186090682,True,False,False,False,False,"[{""target"":""T2P"",""magnitude"":0.32653325417987655,""start_week"":25,""duration_weeks"":1,""recovery_weeks"":1},{""target"":""demand"",""magnitude"":0.2618556270046382,""start_week"":28,""duration_weeks"":8,""recovery_weeks"":1},{""target"":""demand"",""magnitude"":0.14027916605973714,""start_week"":36,""duration_weeks"":1,""recovery_weeks"":4}]"
A,314,782,Supplier-cluster shock,False,,False,Non-failure,Unclassified,Unclassified,2,0.9719979687510325,58.804265622831736,False,False,False,True,True,"[{""target"":""S1B"",""magnitude"":0.3130045703101767,""start_week"":17,""duration_weeks"":4,""recovery_weeks"":3},{""target"":""S1C"",""magnitude"":0.27447980763412033,""start_week"":46,""duration_weeks"":1,""recovery_weeks"":2}]"
A,314,783,Supplier-cluster shock,True,True,False,Structural,Concentrated dependency; Propagation-amplified cascade; Recovery lag and temporal overlap,Propagation-amplified cascade,4,0.8812355607001385,320.66398610962585,True,True,False,False,False,"[{""target"":""T2P"",""magnitude"":0.19406068469793722,""start_week"":8,""duration_weeks"":4,""recovery_weeks"":4},{""target"":""corridor"",""magnitude"":0.3390733294748961,""start_week"":13,""duration_weeks"":2,""recovery_weeks"":3},{""target"":""T2P"",""magnitude"":0.24100689477131287,""start_week"":25,""duration_weeks"":5,""recovery_weeks"":1},{""target"":""T2P"",""magnitude"":0.2504343838752169,""start_week"":49,""duration_weeks"":1,""recovery_weeks"":1}]"
A,314,784,Supplier-cluster shock,True,False,False,Adaptation-limited,Hidden convergent dependency; Compounding moderate disturbance; Propagation-amplified cascade,Hidden convergent dependency,2,0.6604921118377242,489.359742826619,True,False,False,False,False,"[{""target"":""demand"",""magnitude"":0.08515416156868666,""start_week"":9,""duration_weeks"":5,""recovery_weeks"":3},{""target"":""T2P"",""magnitude"":0.3718109081422847,""start_week"":10,""duration_weeks"":1,""recovery_weeks"":2}]"
A,314,785,Supplier-cluster shock,True,False,True,Adaptation-limited,Concentrated dependency; Propagation-amplified cascade,Propagation-amplified cascade,5,0.6134500101331474,1234.9501126637501,True,True,True,False,False,"[{""target"":""T2P"",""magnitude"":0.2777618227487171,""start_week"":2,""duration_weeks"":2,""recovery_weeks"":1},{""target"":""corridor"",""magnitude"":0.40079240984978004,""start_week"":19,""duration_weeks"":4,""recovery_weeks"":2},{""target"":""corridor"",""magnitude"":0.2321734317742577,""start_week"":23,""duration_weeks"":1,""recovery_weeks"":3},{""target"":""corridor"",""magnitude"":0.4300787842698951,""start_week"":40,""duration_weeks"":1,""recovery_weeks"":4},{""target"":""S1A"",""magnitude"":0.2179248396743061,""start_week"":47,""duration_weeks"":5,""recovery_weeks"":1}]"
A,314,786,Supplier-cluster shock,True,True,False,Structural,Concentrated dependency,Concentrated dependency,2,0.7658560052407049,1200.743974738943,False,False,False,False,False,"[{""target"":""demand"",""magnitude"":0.3057284831052604,""start_week"":36,""duration_weeks"":5,""recovery_weeks"":3},{""target"":""demand"",""magnitude"":0.09971294887789245,""start_week"":41,""duration_weeks"":1,""recovery_weeks"":2}]"
A,314,787,Supplier-cluster shock,False,,False,Non-failure,Unclassified,Unclassified,3,0.8198342038239259,239.46895001484108,False,False,True,False,False,"[{""target"":""demand"",""magnitude"":0.21975881871692204,""start_week"":22,""duration_weeks"":3,""recovery_weeks"":4},{""target"":""demand"",""magnitude"":0.12543883035850617,""start_week"":34,""duration_weeks"":2,""recovery_weeks"":2},{""target"":""S1A"",""magnitude"":0.19371995509729587,""start_week"":41,""duration_weeks"":4,""recovery_weeks"":4}]"
A,314,788,Supplier-cluster shock,False,,False,Non-failure,Unclassified,Unclassified,4,0.946476200361521,101.83453369988865,True,False,True,True,False,"[{""target"":""T2P"",""magnitude"":0.3555153469482386,""start_week"":17,""duration_weeks"":1,""recovery_weeks"":1},{""target"":""S1A"",""magnitude"":0.36881774586911487,""start_week"":20,""duration_weeks"":1,""recovery_weeks"":2},{""target"":""S1B"",""magnitude"":0.36126605494304387,""start_week"":29,""duration_weeks"":4,""recovery_weeks"":1},{""target"":""S1A"",""magnitude"":0.3750049611454328,""start_week"":47,""duration_weeks"":2,""recovery_weeks"":3}]"
A,314,789,Supplier-cluster shock,True,False,True,Adaptation-limited,Concentrated dependency,Concentrated dependency,4,0.7225237830792174,2110.125208251162,True,True,False,True,False,"[{""target"":""corridor"",""magnitude"":0.4581071626905868,""start_week"":8,""duration_weeks"":7,""recovery_weeks"":4},{""target"":""S1B"",""magnitude"":0.4067696539518677,""start_week"":9,""duration_weeks"":13,""recovery_weeks"":2},{""target"":""T2P"",""magnitude"":0.2051194346041814,""start_week"":24,""duration_weeks"":1,""recovery_weeks"":4},{""target"":""corridor"",""magnitude"":0.24506730128813836,""start_week"":51,""duration_weeks"":1,""recovery_weeks"":3}]"
A,314,790,Supplier-cluster shock,True,True,True,Structural,Concentrated dependency,Concentrated dependency,3,0.4331973525705312,2336.3250037385988,False,True,False,False,False,"[{""target"":""corridor"",""magnitude"":0.6087572344083925,""start_week"":10,""duration_weeks"":4,""recovery_weeks"":1},{""target"":""demand"",""magnitude"":0.20420177476471568,""start_week"":15,""duration_weeks"":1,""recovery_weeks"":2},{""target"":""demand"",""magnitude"":0.07720465474219886,""start_week"":43,""duration_weeks"":1,""recovery_weeks"":3}]"
A,314,791,Supplier-cluster shock,True,True,False,Structural,Concentrated dependency,Concentrated dependency,6,0.7250150133434836,474.7018185292643,True,True,True,False,True,"[{""target"":""corridor"",""magnitude"":0.37863276094874876,""start_week"":1,""duration_weeks"":1,""recovery_weeks"":2},{""target"":""demand"",""magnitude"":0.17454345820697523,""start_week"":9,""duration_weeks"":4,""recovery_weeks"":4},{""target"":""S1C"",""magnitude"":0.44317323441735024,""start_week"":26,""duration_weeks"":4,""recovery_weeks"":2},{""target"":""T2P"",""magnitude"":0.37895309543059685,""start_week"":27,""duration_weeks"":3,""recovery_weeks"":1},{""target"":""T2P"",""magnitude"":0.3474864879908647,""start_week"":36,""duration_weeks"":1,""recovery_weeks"":3},{""target"":""S1A"",""magnitude"":0.30403075310776767,""start_week"":49,""duration_weeks"":1,""recovery_weeks"":2}]"
A,314,792,Supplier-cluster shock,True,True,True,Structural,Concentrated dependency,Concentrated dependency,2,0.5702216527376004,1926.8647300515042,False,True,False,False,False,"[{""target"":""corridor"",""magnitude"":0.5723337604467997,""start_week"":17,""duration_weeks"":1,""recovery_weeks"":3},{""target"":""corridor"",""magnitude"":0.5158580912564379,""start_week"":36,""duration_weeks"":5,""recovery_weeks"":3}]"
A,314,793,Supplier-cluster shock,False,,False,Non-failure,Unclassified,Unclassified,3,0.8539627252370549,153.9101689130116,False,True,False,False,True,"[{""target"":""demand"",""magnitude"":0.1710112987922347,""start_week"":14,""duration_weeks"":4,""recovery_weeks"":4},{""target"":""S1C"",""magnitude"":0.4265565211492839,""start_week"":25,""duration_weeks"":1,""recovery_weeks"":4},{""target"":""corridor"",""magnitude"":0.3416080609469314,""start_week"":51,""duration_weeks"":5,""recovery_weeks"":3}]"
A,314,794,Supplier-cluster shock,True,True,True,Structural,Concentrated dependency; Recovery lag and temporal overlap,Recovery lag and temporal overlap,10,0.40731301750939375,1143.2476779418569,True,True,True,True,True,"[{""target"":""S1B"",""magnitude"":0.3208828353728823,""start_week"":3,""duration_weeks"":8,""recovery_weeks"":3},{""target"":""S1A"",""magnitude"":0.2227581201588085,""start_week"":7,""duration_weeks"":1,""recovery_weeks"":3},{""target"":""S1C"",""magnitude"":0.5292778995181,""start_week"":8,""duration_weeks"":2,""recovery_weeks"":2},{""target"":""corridor"",""magnitude"":0.23628512260497203,""start_week"":13,""duration_weeks"":4,""recovery_weeks"":2},{""target"":""T2P"",""magnitude"":0.4756330462180117,""start_week"":18,""duration_weeks"":2,""recovery_weeks"":1},{""target"":""T2P"",""magnitude"":0.30090614384737724,""start_week"":20,""duration_weeks"":1,""recovery_weeks"":4},{""target"":""S1B"",""magnitude"":0.22482232733621582,""start_week"":31,""duration_weeks"":2,""recovery_weeks"":2},{""target"":""S1A"",""magnitude"":0.5683316327512877,""start_week"":38,""duration_weeks"":4,""recovery_weeks"":2},{""target"":""S1C"",""magnitude"":0.2704179682454406,""start_week"":39,""duration_weeks"":1,""recovery_weeks"":3},{""target"":""S1A"",""magnitude"":0.34108112222504255,""start_week"":42,""duration_weeks"":1,""recovery_weeks"":4}]"
A,314,795,Supplier-cluster shock,False,,False,Non-failure,Unclassified,Unclassified,2,0.7500230727321124,302.19063408377883,True,False,False,False,False,"[{""target"":""T2P"",""magnitude"":0.3534053071170553,""start_week"":24,""duration_weeks"":1,""recovery_weeks"":3},{""target"":""T2P"",""magnitude"":0.3249792345410988,""start_week"":42,""duration_weeks"":3,""recovery_weeks"":2}]"
A,314,796,Supplier-cluster shock,False,,False,Non-failure,Unclassified,Unclassified,0,1.0,0.0,False,False,False,False,False,[]
A,314,797,Supplier-cluster shock,False,,False,Non-failure,Unclassified,Unclassified,1,0.8166986265928918,201.997690083826,False,False,False,False,False,"[{""target"":""demand"",""magnitude"":0.22444187787091785,""start_week"":22,""duration_weeks"":2,""recovery_weeks"":1}]"
A,314,798,Supplier-cluster shock,True,True,True,Structural,Concentrated dependency; Hidden convergent dependency; Propagation-amplified cascade,Hidden convergent dependency,6,0.5534915328252713,3423.026931395095,True,True,False,True,False,"[{""target"":""corridor"",""magnitude"":0.1897313633638044,""start_week"":2,""duration_weeks"":3,""recovery_weeks"":2},{""target"":""T2P"",""magnitude"":0.42303572013764346,""start_week"":10,""duration_weeks"":9,""recovery_weeks"":3},{""target"":""demand"",""magnitude"":0.15823166941139313,""start_week"":22,""duration_weeks"":3,""recovery_weeks"":2},{""target"":""demand"",""magnitude"":0.18631673179999925,""start_week"":35,""duration_weeks"":2,""recovery_weeks"":2},{""target"":""S1B"",""magnitude"":0.3478344365934193,""start_week"":38,""duration_weeks"":3,""recovery_weeks"":1},{""target"":""T2P"",""magnitude"":0.4097474230620347,""start_week"":41,""duration_weeks"":1,""recovery_weeks"":1}]"
A,314,799,Supplier-cluster shock,True,False,True,Adaptation-limited,Concentrated dependency; Hidden convergent dependency; Propagation-amplified cascade,Hidden convergent dependency,4,0.6706793175837958,644.3623452203683,True,False,True,True,True,"[{""target"":""S1A"",""magnitude"":0.28315318653652444,""start_week"":2,""duration_weeks"":1,""recovery_weeks"":3},{""target"":""S1C"",""magnitude"":0.2899536970033434,""start_week"":25,""duration_weeks"":3,""recovery_weeks"":2},{""target"":""S1B"",""magnitude"":0.31549496038379155,""start_week"":26,""duration_weeks"":2,""recovery_weeks"":3},{""target"":""T2P"",""magnitude"":0.3963886141745837,""start_week"":43,""duration_weeks"":3,""recovery_weeks"":3}]"
A,314,800,Supplier-cluster shock,True,True,True,Structural,Concentrated dependency; Hidden convergent dependency,Hidden convergent dependency,2,0.757853309683563,1043.2809151686297,True,False,False,False,False,"[{""target"":""demand"",""magnitude"":0.15329106172377377,""start_week"":8,""duration_weeks"":4,""recovery_weeks"":2},{""target"":""T2P"",""magnitude"":0.31793202128479336,""start_week"":15,""duration_weeks"":6,""recovery_weeks"":2}]"
A,314,801,Supplier-cluster shock,False,,False,Non-failure,Unclassified,Unclassified,1,1.0,0.0,False,True,False,False,False,"[{""target"":""corridor"",""magnitude"":0.1870817193248366,""start_week"":24,""duration_weeks"":5,""recovery_weeks"":4}]"
A,314,802,Supplier-cluster shock,False,,False,Non-failure,Unclassified,Unclassified,4,0.7030850418008693,356.4445353682878,True,False,False,True,True,"[{""target"":""S1C"",""magnitude"":0.30791131765672364,""start_week"":11,""duration_weeks"":2,""recovery_weeks"":4},{""target"":""S1B"",""magnitude"":0.17805684065326033,""start_week"":28,""duration_weeks"":1,""recovery_weeks"":1},{""target"":""T2P"",""magnitude"":0.31680706039340306,""start_week"":36,""duration_weeks"":1,""recovery_weeks"":4},{""target"":""T2P"",""magnitude"":0.3672234623792176,""start_week"":45,""duration_weeks"":5,""recovery_weeks"":2}]"
A,314,803,Supplier-cluster shock,True,True,True,Structural,Concentrated dependency; Hidden convergent dependency; Propagation-amplified cascade,Hidden convergent dependency,3,0.7309003406913759,2498.4950269583014,True,False,False,True,False,"[{""target"":""T2P"",""magnitude"":0.34218969337776173,""start_week"":14,""duration_weeks"":9,""recovery_weeks"":1},{""target"":""T2P"",""magnitude"":0.3191495232951711,""start_week"":25,""duration_weeks"":2,""recovery_weeks"":3},{""target"":""S1B"",""magnitude"":0.46316463255199636,""start_week"":28,""duration_weeks"":2,""recovery_weeks"":2}]"
A,314,804,Supplier-cluster shock,False,,False,Non-failure,Unclassified,Unclassified,3,0.8137073463424148,330.2437912442815,False,True,True,False,False,"[{""target"":""corridor"",""magnitude"":0.16843608599385493,""start_week"":23,""duration_weeks"":1,""recovery_weeks"":2},{""target"":""S1A"",""magnitude"":0.22585398321707917,""start_week"":38,""duration_weeks"":1,""recovery_weeks"":4},{""target"":""demand"",""magnitude"":0.22894306472095144,""start_week"":47,""duration_weeks"":9,""recovery_weeks"":3}]"
A,314,805,Supplier-cluster shock,True,True,False,Structural,Concentrated dependency,Concentrated dependency,2,0.8016163361769422,1297.9843187267647,False,False,False,False,True,"[{""target"":""demand"",""magnitude"":0.2036210058825017,""start_week"":3,""duration_weeks"":8,""recovery_weeks"":2},{""target"":""S1C"",""magnitude"":0.49577157968410923,""start_week"":4,""duration_weeks"":10,""recovery_weeks"":4}]"
A,314,806,Supplier-cluster shock,True,False,True,Adaptation-limited,Concentrated dependency; Propagation-amplified cascade,Propagation-amplified cascade,2,0.643486356127273,741.6231040452508,True,True,False,False,False,"[{""target"":""T2P"",""magnitude"":0.23203260077863197,""start_week"":27,""duration_weeks"":4,""recovery_weeks"":2},{""target"":""corridor"",""magnitude"":0.5173852329045453,""start_week"":45,""duration_weeks"":1,""recovery_weeks"":4}]"
A,314,807,Supplier-cluster shock,True,True,True,Structural,Concentrated dependency,Concentrated dependency,2,0.4399848007593597,2580.064359152845,False,True,False,False,False,"[{""target"":""corridor"",""magnitude"":0.534006032172281,""start_week"":35,""duration_weeks"":5,""recovery_weeks"":3},{""target"":""corridor"",""magnitude"":0.29186078929777326,""start_week"":36,""duration_weeks"":1,""recovery_weeks"":2}]"
A,314,808,Supplier-cluster shock,True,True,False,Structural,Concentrated dependency; Hidden convergent dependency; Propagation-amplified cascade,Hidden convergent dependency,3,0.5566467043022529,620.2205931217856,True,True,False,True,False,"[{""target"":""S1B"",""magnitude"":0.29523628147896736,""start_week"":20,""duration_weeks"":5,""recovery_weeks"":3},{""target"":""T2P"",""magnitude"":0.6125772421579101,""start_week"":35,""duration_weeks"":1,""recovery_weeks"":1},{""target"":""corridor"",""magnitude"":0.34216776124742204,""start_week"":41,""duration_weeks"":1,""recovery_weeks"":3}]"
A,314,809,Supplier-cluster shock,True,True,True,Structural,Concentrated dependency,Concentrated dependency,3,0.5333702763793445,1346.9633079085443,False,True,False,False,False,"[{""target"":""demand"",""magnitude"":0.2546433867635881,""start_week"":2,""duration_weeks"":2,""recovery_weeks"":4},{""target"":""demand"",""magnitude"":0.1776720079857208,""start_week"":43,""duration_weeks"":2,""recovery_weeks"":1},{""target"":""corridor"",""magnitude"":0.5288985667123288,""start_week"":44,""duration_weeks"":2,""recovery_weeks"":3}]"
A,314,810,Supplier-cluster shock,False,,False,Non-failure,Unclassified,Unclassified,4,0.8990574408285422,159.7019536502387,False,False,True,False,True,"[{""target"":""S1C"",""magnitude"":0.44962744206279837,""start_week"":5,""duration_weeks"":1,""recovery_weeks"":2},{""target"":""S1A"",""magnitude"":0.5230238805003884,""start_week"":9,""duration_weeks"":1,""recovery_weeks"":4},{""target"":""S1C"",""magnitude"":0.3748638321581032,""start_week"":31,""duration_weeks"":1,""recovery_weeks"":3},{""target"":""S1A"",""magnitude"":0.3187473255554981,""start_week"":40,""duration_weeks"":4,""recovery_weeks"":4}]"
A,314,811,Supplier-cluster shock,False,,False,Non-failure,Unclassified,Unclassified,2,0.9426251917648247,54.78033884812692,False,False,False,False,False,"[{""target"":""demand"",""magnitude"":0.06086704316458544,""start_week"":40,""duration_weeks"":5,""recovery_weeks"":4},{""target"":""demand"",""magnitude"":0.13013510338457968,""start_week"":49,""duration_weeks"":1,""recovery_weeks"":4}]"
A,314,812,Supplier-cluster shock,True,True,False,Structural,Concentrated dependency,Concentrated dependency,1,0.8885725001214408,300.85424967210963,False,True,False,False,False,"[{""target"":""corridor"",""magnitude"":0.3335706249089193,""start_week"":4,""duration_weeks"":2,""recovery_weeks"":2}]"
A,314,813,Supplier-cluster shock,False,,False,Non-failure,Unclassified,Unclassified,2,0.7957966453858876,183.78301915270117,True,False,False,False,False,"[{""target"":""T2P"",""magnitude"":0.49189150957635064,""start_week"":16,""duration_weeks"":1,""recovery_weeks"":1},{""target"":""T2P"",""magnitude"":0.3260573326653099,""start_week"":49,""duration_weeks"":1,""recovery_weeks"":4}]"
A,314,814,Supplier-cluster shock,False,,False,Non-failure,Unclassified,Unclassified,5,0.8050223243375271,226.42102816550823,True,False,False,True,True,"[{""target"":""T2P"",""magnitude"":0.3055997270778504,""start_week"":5,""duration_weeks"":1,""recovery_weeks"":2},{""target"":""demand"",""magnitude"":0.24220157599098247,""start_week"":24,""duration_weeks"":2,""recovery_weeks"":4},{""target"":""S1B"",""magnitude"":0.45885918099805034,""start_week"":34,""duration_weeks"":3,""recovery_weeks"":2},{""target"":""S1C"",""magnitude"":0.25454750656148695,""start_week"":45,""duration_weeks"":1,""recovery_weeks"":2},{""target"":""S1B"",""magnitude"":0.18354580597593684,""start_week"":51,""duration_weeks"":1,""recovery_weeks"":2}]"
A,314,815,Supplier-cluster shock,True,True,True,Structural,Concentrated dependency,Concentrated dependency,4,0.7885925128979092,844.7774911591821,False,True,True,True,True,"[{""target"":""S1A"",""magnitude"":0.4196686024006795,""start_week"":3,""duration_weeks"":4,""recovery_weeks"":2},{""target"":""corridor"",""magnitude"":0.40855561532656814,""start_week"":22,""duration_weeks"":4,""recovery_weeks"":1},{""target"":""S1C"",""magnitude"":0.4951840113389978,""start_week"":38,""duration_weeks"":2,""recovery_weeks"":1},{""target"":""S1B"",""magnitude"":0.43903772437683486,""start_week"":49,""duration_weeks"":2,""recovery_weeks"":1}]"
A,314,816,Supplier-cluster shock,True,True,True,Structural,Concentrated dependency,Concentrated dependency,4,0.6183011296506664,1112.1104774680575,True,True,True,False,False,"[{""target"":""corridor"",""magnitude"":0.4429071002489048,""start_week"":18,""duration_weeks"":2,""recovery_weeks"":1},{""target"":""T2P"",""magnitude"":0.44352898331440005,""start_week"":27,""duration_weeks"":3,""recovery_weeks"":3},{""target"":""corridor"",""magnitude"":0.3211841674980497,""start_week"":30,""duration_weeks"":3,""recovery_weeks"":3},{""target"":""S1A"",""magnitude"":0.2704775860105439,""start_week"":41,""duration_weeks"":1,""recovery_weeks"":3}]"
A,314,817,Supplier-cluster shock,True,True,True,Structural,Concentrated dependency,Concentrated dependency,3,0.7861811847751144,1414.106659178497,False,True,False,False,False,"[{""target"":""corridor"",""magnitude"":0.3556104013601771,""start_week"":11,""duration_weeks"":10,""recovery_weeks"":4},{""target"":""corridor"",""magnitude"":0.41036411141866413,""start_week"":31,""duration_weeks"":3,""recovery_weeks"":1},{""target"":""corridor"",""magnitude"":0.2561624452516249,""start_week"":35,""duration_weeks"":5,""recovery_weeks"":1}]"
A,314,818,Supplier-cluster shock,True,False,True,Adaptation-limited,Concentrated dependency,Concentrated dependency,2,0.6237851706525008,2303.452727814475,True,True,False,False,False,"[{""target"":""corridor"",""magnitude"":0.4811012238283149,""start_week"":32,""duration_weeks"":7,""recovery_weeks"":3},{""target"":""T2P"",""magnitude"":0.4385933464127494,""start_week"":47,""duration_weeks"":1,""recovery_weeks"":4}]"
A,314,819,Supplier-cluster shock,False,,False,Non-failure,Unclassified,Unclassified,4,0.9272679032570874,71.97583461093211,False,False,True,False,True,"[{""target"":""S1C"",""magnitude"":0.3337130756604698,""start_week"":7,""duration_weeks"":1,""recovery_weeks"":4},{""target"":""S1A"",""magnitude"":0.31168026219765876,""start_week"":15,""duration_weeks"":1,""recovery_weeks"":2},{""target"":""S1C"",""magnitude"":0.20513335198496208,""start_week"":44,""duration_weeks"":2,""recovery_weeks"":3},{""target"":""demand"",""magnitude"":0.09955787264575656,""start_week"":48,""duration_weeks"":7,""recovery_weeks"":1}]"
A,314,820,Supplier-cluster shock,True,True,True,Structural,Concentrated dependency,Concentrated dependency,3,0.6331043872851628,1079.183044782987,False,True,False,False,False,"[{""target"":""corridor"",""magnitude"":0.26952384779783106,""start_week"":15,""duration_weeks"":1,""recovery_weeks"":2},{""target"":""corridor"",""magnitude"":0.41183531298025655,""start_week"":30,""duration_weeks"":2,""recovery_weeks"":2},{""target"":""demand"",""magnitude"":0.2386892247830264,""start_week"":33,""duration_weeks"":5,""recovery_weeks"":2}]"
A,314,821,Supplier-cluster shock,False,,False,Non-failure,Unclassified,Unclassified,2,1.0,0.0,False,True,False,False,True,"[{""target"":""S1C"",""magnitude"":0.1942718211049242,""start_week"":10,""duration_weeks"":3,""recovery_weeks"":2},{""target"":""corridor"",""magnitude"":0.1632894459709184,""start_week"":25,""duration_weeks"":6,""recovery_weeks"":3}]"
A,314,822,Supplier-cluster shock,False,,False,Non-failure,Unclassified,Unclassified,1,0.8491238428227467,159.9160624298636,False,False,False,False,False,"[{""target"":""demand"",""magnitude"":0.17768451381095957,""start_week"":5,""duration_weeks"":1,""recovery_weeks"":1}]"
A,314,823,Supplier-cluster shock,False,,False,Non-failure,Unclassified,Unclassified,1,0.9877567572994087,22.037836861064307,False,False,False,True,False,"[{""target"":""S1B"",""magnitude"":0.27754729607633044,""start_week"":28,""duration_weeks"":1,""recovery_weeks"":4}]"
A,314,824,Supplier-cluster shock,False,,False,Non-failure,Unclassified,Unclassified,3,0.9952307365323428,25.75402272534859,False,True,False,True,True,"[{""target"":""corridor"",""magnitude"":0.2535769476007429,""start_week"":4,""duration_weeks"":5,""recovery_weeks"":4},{""target"":""S1B"",""magnitude"":0.19370629952751942,""start_week"":46,""duration_weeks"":1,""recovery_weeks"":3},{""target"":""S1C"",""magnitude"":0.17057945320225795,""start_week"":49,""duration_weeks"":7,""recovery_weeks"":4}]"
A,314,825,Supplier-cluster shock,True,True,True,Structural,Concentrated dependency,Concentrated dependency,5,0.40439655582256856,1761.871939867269,True,False,True,True,True,"[{""target"":""S1B"",""magnitude"":0.4953018529537976,""start_week"":11,""duration_weeks"":10,""recovery_weeks"":4},{""target"":""S1A"",""magnitude"":0.29082569396020097,""start_week"":12,""duration_weeks"":2,""recovery_weeks"":4},{""target"":""T2P"",""magnitude"":0.34262905222078965,""start_week"":24,""duration_weeks"":4,""recovery_weeks"":3},{""target"":""T2P"",""magnitude"":0.6360430997596883,""start_week"":36,""duration_weeks"":1,""recovery_weeks"":3},{""target"":""S1C"",""magnitude"":0.1633749473398542,""start_week"":40,""duration_weeks"":2,""recovery_weeks"":1}]"
A,314,826,Supplier-cluster shock,True,True,True,Structural,Concentrated dependency; Hidden convergent dependency; Propagation-amplified cascade,Hidden convergent dependency,6,0.38757987000203675,5137.370228480752,True,False,True,True,True,"[{""target"":""T2P"",""magnitude"":0.6511781169981669,""start_week"":6,""duration_weeks"":9,""recovery_weeks"":2},{""target"":""S1C"",""magnitude"":0.46503585147584847,""start_week"":14,""duration_weeks"":2,""recovery_weeks"":3},{""target"":""S1B"",""magnitude"":0.286920797127608,""start_week"":17,""duration_weeks"":2,""recovery_weeks"":4},{""target"":""S1A"",""magnitude"":0.45336156076633094,""start_week"":41,""duration_weeks"":1,""recovery_weeks"":1},{""target"":""S1B"",""magnitude"":0.3764216609625017,""start_week"":45,""duration_weeks"":1,""recovery_weeks"":3},{""target"":""demand"",""magnitude"":0.08666328970427828,""start_week"":48,""duration_weeks"":1,""recovery_weeks"":2}]"
A,314,827,Supplier-cluster shock,True,True,False,Structural,Concentrated dependency,Concentrated dependency,5,0.5554298858870514,1003.3244089163636,True,True,False,False,False,"[{""target"":""T2P"",""magnitude"":0.42000728915833696,""start_week"":16,""duration_weeks"":1,""recovery_weeks"":2},{""target"":""corridor"",""magnitude"":0.4973926245986079,""start_week"":18,""duration_weeks"":1,""recovery_weeks"":1},{""target"":""demand"",""magnitude"":0.20653062470990607,""start_week"":19,""duration_weeks"":4,""recovery_weeks"":3},{""target"":""demand"",""magnitude"":0.0988066618939898,""start_week"":42,""duration_weeks"":1,""recovery_weeks"":2},{""target"":""demand"",""magnitude"":0.2708948381995767,""start_week"":48,""duration_weeks"":1,""recovery_weeks"":1}]"
A,314,828,Supplier-cluster shock,True,True,True,Structural,Concentrated dependency; Hidden convergent dependency; Propagation-amplified cascade,Hidden convergent dependency,1,0.48679690629037486,2071.296706031975,True,False,False,False,False,"[{""target"":""T2P"",""magnitude"":0.5618827843386626,""start_week"":24,""duration_weeks"":4,""recovery_weeks"":3}]"
A,314,829,Supplier-cluster shock,False,,False,Non-failure,Unclassified,Unclassified,3,0.8724361446696934,131.59412353409812,False,False,True,False,True,"[{""target"":""demand"",""magnitude"":0.1462156928156646,""start_week"":11,""duration_weeks"":2,""recovery_weeks"":1},{""target"":""S1A"",""magnitude"":0.4491627223614516,""start_week"":28,""duration_weeks"":2,""recovery_weeks"":1},{""target"":""S1C"",""magnitude"":0.1993987462435069,""start_week"":42,""duration_weeks"":2,""recovery_weeks"":4}]"
A,314,830,Supplier-cluster shock,False,,False,Non-failure,Unclassified,Unclassified,2,0.9007964125960072,208.32753354838496,False,False,True,False,True,"[{""target"":""S1A"",""magnitude"":0.4732080716589837,""start_week"":1,""duration_weeks"":4,""recovery_weeks"":1},{""target"":""S1C"",""magnitude"":0.20072938908265076,""start_week"":46,""duration_weeks"":2,""recovery_weeks"":2}]"
A,314,831,Supplier-cluster shock,False,,False,Non-failure,Unclassified,Unclassified,4,0.9284271431805001,128.83114227509986,False,False,True,True,True,"[{""target"":""S1A"",""magnitude"":0.41103892784387486,""start_week"":13,""duration_weeks"":1,""recovery_weeks"":2},{""target"":""S1C"",""magnitude"":0.34405337969128824,""start_week"":38,""duration_weeks"":5,""recovery_weeks"":1},{""target"":""S1B"",""magnitude"":0.21426737107616173,""start_week"":50,""duration_weeks"":4,""recovery_weeks"":1},{""target"":""S1C"",""magnitude"":0.2813320264578169,""start_week"":51,""duration_weeks"":2,""recovery_weeks"":4}]"
A,314,832,Supplier-cluster shock,True,True,True,Structural,Hidden convergent dependency; Compounding moderate disturbance,Hidden convergent dependency,5,0.5029860987801756,2886.4352905041756,True,False,False,False,False,"[{""target"":""T2P"",""magnitude"":0.623656255548921,""start_week"":7,""duration_weeks"":1,""recovery_weeks"":1},{""target"":""demand"",""magnitude"":0.16533459245727677,""start_week"":32,""duration_weeks"":19,""recovery_weeks"":1},{""target"":""T2P"",""magnitude"":0.28041692966280873,""start_week"":40,""duration_weeks"":2,""recovery_weeks"":1},{""target"":""T2P"",""magnitude"":0.25419575848452475,""start_week"":42,""duration_weeks"":4,""recovery_weeks"":3},{""target"":""T2P"",""magnitude"":0.21240706457138997,""start_week"":51,""duration_weeks"":10,""recovery_weeks"":2}]"
A,314,833,Supplier-cluster shock,True,False,False,Adaptation-limited,Concentrated dependency,Concentrated dependency,2,0.7135708971988647,571.8067611324807,False,True,False,False,False,"[{""target"":""demand"",""magnitude"":0.26432747966630066,""start_week"":8,""duration_weeks"":1,""recovery_weeks"":2},{""target"":""corridor"",""magnitude"":0.4648218271008516,""start_week"":13,""duration_weeks"":1,""recovery_weeks"":4}]"
A,314,834,Supplier-cluster shock,True,True,True,Structural,Concentrated dependency,Concentrated dependency,3,0.6144409894819669,2533.189795758853,False,True,False,False,False,"[{""target"":""corridor"",""magnitude"":0.4053908767619301,""start_week"":8,""duration_weeks"":4,""recovery_weeks"":3},{""target"":""corridor"",""magnitude"":0.5391692578885249,""start_week"":17,""duration_weeks"":3,""recovery_weeks"":4},{""target"":""corridor"",""magnitude"":0.5254442174666708,""start_week"":26,""duration_weeks"":2,""recovery_weeks"":4}]"
A,314,835,Supplier-cluster shock,False,,False,Non-failure,Unclassified,Unclassified,1,0.9799436402103396,72.20289524277723,False,True,False,False,False,"[{""target"":""corridor"",""magnitude"":0.26504226984224516,""start_week"":24,""duration_weeks"":3,""recovery_weeks"":4}]"
A,314,836,Supplier-cluster shock,False,,False,Non-failure,Unclassified,Unclassified,6,0.9004518949366498,403.4720466795378,True,False,True,False,True,"[{""target"":""S1A"",""magnitude"":0.38036897957260296,""start_week"":10,""duration_weeks"":8,""recovery_weeks"":2},{""target"":""S1C"",""magnitude"":0.27500009026920125,""start_week"":11,""duration_weeks"":5,""recovery_weeks"":1},{""target"":""S1A"",""magnitude"":0.34556896800523573,""start_week"":17,""duration_weeks"":3,""recovery_weeks"":2},{""target"":""T2P"",""magnitude"":0.29278751863032837,""start_week"":18,""duration_weeks"":1,""recovery_weeks"":3},{""target"":""S1C"",""magnitude"":0.42088138011930976,""start_week"":19,""duration_weeks"":5,""recovery_weeks"":4},{""target"":""demand"",""magnitude"":0.09867448767409814,""start_week"":45,""duration_weeks"":7,""recovery_weeks"":3}]"
A,314,837,Supplier-cluster shock,False,,False,Non-failure,Unclassified,Unclassified,1,0.9163489670321617,82.15857973288053,False,False,False,False,False,"[{""target"":""demand"",""magnitude"":0.09128731081431155,""start_week"":24,""duration_weeks"":1,""recovery_weeks"":4}]"
A,314,838,Supplier-cluster shock,True,True,True,Structural,Concentrated dependency,Concentrated dependency,5,0.4259105742724004,2380.8503580748898,False,True,True,False,False,"[{""target"":""demand"",""magnitude"":0.16990373387173707,""start_week"":3,""duration_weeks"":3,""recovery_weeks"":2},{""target"":""corridor"",""magnitude"":0.6262942216474473,""start_week"":5,""duration_weeks"":3,""recovery_weeks"":4},{""target"":""S1A"",""magnitude"":0.45039750076659957,""start_week"":12,""duration_weeks"":6,""recovery_weeks"":4},{""target"":""corridor"",""magnitude"":0.36674631432945665,""start_week"":44,""duration_weeks"":3,""recovery_weeks"":1},{""target"":""demand"",""magnitude"":0.08145254713713362,""start_week"":46,""duration_weeks"":7,""recovery_weeks"":3}]"
A,314,839,Supplier-cluster shock,False,,False,Non-failure,Unclassified,Unclassified,4,0.7759115000216446,592.6604704518179,True,True,False,False,True,"[{""target"":""T2P"",""magnitude"":0.22507181636746948,""start_week"":13,""duration_weeks"":4,""recovery_weeks"":2},{""target"":""S1C"",""magnitude"":0.39549169488359887,""start_week"":14,""duration_weeks"":3,""recovery_weeks"":2},{""target"":""demand"",""magnitude"":0.20546869645582844,""start_week"":16,""duration_weeks"":2,""recovery_weeks"":1},{""target"":""corridor"",""magnitude"":0.3118567076792159,""start_week"":48,""duration_weeks"":1,""recovery_weeks"":4}]"
A,314,840,Supplier-cluster shock,False,,False,Non-failure,Unclassified,Unclassified,2,0.8617158828984576,168.42051443902733,False,False,False,True,False,"[{""target"":""demand"",""magnitude"":0.16047530264431425,""start_week"":6,""duration_weeks"":5,""recovery_weeks"":3},{""target"":""S1B"",""magnitude"":0.43914423228658794,""start_week"":31,""duration_weeks"":11,""recovery_weeks"":2}]"
A,314,841,Supplier-cluster shock,False,,False,Non-failure,Unclassified,Unclassified,2,1.0,0.0,False,True,False,True,False,"[{""target"":""corridor"",""magnitude"":0.19407369557062826,""start_week"":7,""duration_weeks"":1,""recovery_weeks"":1},{""target"":""S1B"",""magnitude"":0.20030202775624534,""start_week"":30,""duration_weeks"":1,""recovery_weeks"":1}]"
A,314,842,Supplier-cluster shock,True,True,True,Structural,Concentrated dependency; Hidden convergent dependency; Propagation-amplified cascade,Hidden convergent dependency,2,0.5762900601834312,1728.7031479269274,True,False,False,False,False,"[{""target"":""T2P"",""magnitude"":0.4813389458349119,""start_week"":12,""duration_weeks"":4,""recovery_weeks"":4},{""target"":""demand"",""magnitude"":0.0860093403748497,""start_week"":44,""duration_weeks"":2,""recovery_weeks"":2}]"
A,314,843,Supplier-cluster shock,False,,False,Non-failure,Unclassified,Unclassified,1,0.9811165671588945,39.65520896632154,False,False,True,False,False,"[{""target"":""S1A"",""magnitude"":0.2924877238924872,""start_week"":34,""duration_weeks"":3,""recovery_weeks"":4}]"
A,314,844,Supplier-cluster shock,False,,False,Non-failure,Unclassified,Unclassified,2,0.9362328591130942,57.39042679821523,True,False,True,False,False,"[{""target"":""T2P"",""magnitude"":0.3191301422660717,""start_week"":45,""duration_weeks"":2,""recovery_weeks"":1},{""target"":""S1A"",""magnitude"":0.2738848826870905,""start_week"":50,""duration_weeks"":2,""recovery_weeks"":2}]"
A,314,845,Supplier-cluster shock,True,True,True,Structural,Concentrated dependency; Hidden convergent dependency,Hidden convergent dependency,3,0.618939752945463,986.0916548758489,True,False,False,True,False,"[{""target"":""T2P"",""magnitude"":0.3999597960553827,""start_week"":9,""duration_weeks"":2,""recovery_weeks"":3},{""target"":""demand"",""magnitude"":0.15436586369978367,""start_week"":12,""duration_weeks"":2,""recovery_weeks"":2},{""target"":""S1B"",""magnitude"":0.3247320469312709,""start_week"":42,""duration_weeks"":1,""recovery_weeks"":1}]"
A,314,846,Supplier-cluster shock,True,True,False,Structural,Concentrated dependency,Concentrated dependency,3,0.8933758066584127,223.91080601733347,False,False,True,True,True,"[{""target"":""S1C"",""magnitude"":0.4899044350185717,""start_week"":20,""duration_weeks"":5,""recovery_weeks"":4},{""target"":""S1A"",""magnitude"":0.26228357130525937,""start_week"":31,""duration_weeks"":8,""recovery_weeks"":4},{""target"":""S1B"",""magnitude"":0.33844650332252524,""start_week"":41,""duration_weeks"":1,""recovery_weeks"":1}]"
A,314,847,Supplier-cluster shock,False,,False,Non-failure,Unclassified,Unclassified,1,0.813556232611942,543.7794063401095,False,False,False,False,False,"[{""target"":""demand"",""magnitude"":0.22917133433969983,""start_week"":30,""duration_weeks"":6,""recovery_weeks"":1}]"
A,314,848,Supplier-cluster shock,False,,False,Non-failure,Unclassified,Unclassified,4,0.9166267717170739,81.86091413637462,False,False,True,True,True,"[{""target"":""demand"",""magnitude"":0.09095657126263845,""start_week"":15,""duration_weeks"":4,""recovery_weeks"":1},{""target"":""S1B"",""magnitude"":0.3033459340624194,""start_week"":28,""duration_weeks"":1,""recovery_weeks"":2},{""target"":""S1C"",""magnitude"":0.19128619827001847,""start_week"":29,""duration_weeks"":1,""recovery_weeks"":1},{""target"":""S1A"",""magnitude"":0.2607229470962881,""start_week"":30,""duration_weeks"":4,""recovery_weeks"":2}]"
A,314,849,Supplier-cluster shock,True,True,True,Structural,Concentrated dependency,Concentrated dependency,5,0.4042556080929812,3644.9445513749856,True,True,False,False,False,"[{""target"":""demand"",""magnitude"":0.3021359408799282,""start_week"":1,""duration_weeks"":5,""recovery_weeks"":2},{""target"":""corridor"",""magnitude"":0.47726891729508525,""start_week"":22,""duration_weeks"":9,""recovery_weeks"":3},{""target"":""corridor"",""magnitude"":0.41998531156623475,""start_week"":28,""duration_weeks"":2,""recovery_weeks"":1},{""target"":""demand"",""magnitude"":0.14147393732956454,""start_week"":33,""duration_weeks"":4,""recovery_weeks"":3},{""target"":""T2P"",""magnitude"":0.20013747957128794,""start_week"":46,""duration_weeks"":2,""recovery_weeks"":1}]"
A,314,850,Supplier-cluster shock,True,True,True,Structural,Compounding moderate disturbance; Recovery lag and temporal overlap,Compounding moderate disturbance,5,0.4531714963080822,1790.4410258227977,True,True,False,False,False,"[{""target"":""corridor"",""magnitude"":0.28713145420351044,""start_week"":16,""duration_weeks"":1,""recovery_weeks"":3},{""target"":""demand"",""magnitude"":0.1221008782162613,""start_week"":17,""duration_weeks"":2,""recovery_weeks"":4},{""target"":""T2P"",""magnitude"":0.2658835357072678,""start_week"":27,""duration_weeks"":7,""recovery_weeks"":3},{""target"":""corridor"",""magnitude"":0.2946109918681013,""start_week"":38,""duration_weeks"":1,""recovery_weeks"":4},{""target"":""corridor"",""magnitude"":0.5637222015761844,""start_week"":40,""duration_weeks"":1,""recovery_weeks"":2}]"
A,314,851,Supplier-cluster shock,False,,False,Non-failure,Unclassified,Unclassified,5,1.0,0.0,True,True,True,True,False,"[{""target"":""S1A"",""magnitude"":0.2463030176030608,""start_week"":1,""duration_weeks"":3,""recovery_weeks"":2},{""target"":""S1B"",""magnitude"":0.2202848115010345,""start_week"":8,""duration_weeks"":4,""recovery_weeks"":4},{""target"":""T2P"",""magnitude"":0.16822588230774752,""start_week"":30,""duration_weeks"":1,""recovery_weeks"":1},{""target"":""T2P"",""magnitude"":0.3857438923974871,""start_week"":35,""duration_weeks"":1,""recovery_weeks"":1},{""target"":""corridor"",""magnitude"":0.3169505904451414,""start_week"":51,""duration_weeks"":3,""recovery_weeks"":4}]"
A,314,852,Supplier-cluster shock,False,,False,Non-failure,Unclassified,Unclassified,1,1.0,0.0,False,False,False,True,False,"[{""target"":""S1B"",""magnitude"":0.24931053813241094,""start_week"":40,""duration_weeks"":1,""recovery_weeks"":3}]"
A,314,853,Supplier-cluster shock,True,False,False,Adaptation-limited,Concentrated dependency; Hidden convergent dependency; Propagation-amplified cascade,Hidden convergent dependency,2,0.6526179614612476,656.8972560819465,True,False,False,False,True,"[{""target"":""S1C"",""magnitude"":0.24800704617496344,""start_week"":31,""duration_weeks"":1,""recovery_weeks"":4},{""target"":""T2P"",""magnitude"":0.412643834684877,""start_week"":40,""duration_weeks"":2,""recovery_weeks"":4}]"
A,314,854,Supplier-cluster shock,False,,False,Non-failure,Unclassified,Unclassified,3,0.9284238828109601,78.51350974866455,False,False,True,True,False,"[{""target"":""S1B"",""magnitude"":0.31371312946852725,""start_week"":13,""duration_weeks"":1,""recovery_weeks"":1},{""target"":""S1A"",""magnitude"":0.4110462636753396,""start_week"":35,""duration_weeks"":1,""recovery_weeks"":3},{""target"":""S1B"",""magnitude"":0.41450653487205125,""start_week"":42,""duration_weeks"":1,""recovery_weeks"":3}]"
A,314,855,Supplier-cluster shock,False,,False,Non-failure,Unclassified,Unclassified,3,0.8158531438521495,454.2647291524462,False,False,False,True,True,"[{""target"":""demand"",""magnitude"":0.22571078819207435,""start_week"":20,""duration_weeks"":5,""recovery_weeks"":3},{""target"":""S1C"",""magnitude"":0.3169317405234914,""start_week"":38,""duration_weeks"":1,""recovery_weeks"":4},{""target"":""S1B"",""magnitude"":0.3554641030092539,""start_week"":51,""duration_weeks"":1,""recovery_weeks"":4}]"
A,314,856,Supplier-cluster shock,True,True,True,Structural,Concentrated dependency; Hidden convergent dependency; Propagation-amplified cascade,Hidden convergent dependency,1,0.6892246089036025,1357.8849639073042,True,False,False,False,False,"[{""target"":""T2P"",""magnitude"":0.37969785198675776,""start_week"":5,""duration_weeks"":6,""recovery_weeks"":1}]"
A,314,857,Supplier-cluster shock,False,,False,Non-failure,Unclassified,Unclassified,1,0.882692392057693,119.60774568585589,False,False,False,False,False,"[{""target"":""demand"",""magnitude"":0.13289749520650657,""start_week"":28,""duration_weeks"":3,""recovery_weeks"":4}]"
A,314,858,Supplier-cluster shock,False,,False,Non-failure,Unclassified,Unclassified,1,0.8531472033888658,132.16751695002085,True,False,False,False,False,"[{""target"":""T2P"",""magnitude"":0.4660837584750104,""start_week"":3,""duration_weeks"":1,""recovery_weeks"":1}]"
A,314,859,Supplier-cluster shock,True,True,True,Structural,Concentrated dependency,Concentrated dependency,5,0.7505387889903654,1500.5033727777843,False,False,True,True,True,"[{""target"":""demand"",""magnitude"":0.3323761738486736,""start_week"":1,""duration_weeks"":7,""recovery_weeks"":1},{""target"":""S1C"",""magnitude"":0.24875135395572817,""start_week"":5,""duration_weeks"":1,""recovery_weeks"":4},{""target"":""S1B"",""magnitude"":0.25108774595674965,""start_week"":7,""duration_weeks"":8,""recovery_weeks"":1},{""target"":""S1A"",""magnitude"":0.5775394239584263,""start_week"":25,""duration_weeks"":9,""recovery_weeks"":1},{""target"":""S1C"",""magnitude"":0.3867624772350299,""start_week"":35,""duration_weeks"":1,""recovery_weeks"":3}]"
A,314,860,Supplier-cluster shock,True,True,True,Structural,Concentrated dependency; Hidden convergent dependency; Propagation-amplified cascade; Recovery lag and temporal overlap,Hidden convergent dependency,2,0.6206742217479173,2470.213859907599,True,False,False,True,False,"[{""target"":""S1B"",""magnitude"":0.3093536755687682,""start_week"":32,""duration_weeks"":1,""recovery_weeks"":4},{""target"":""T2P"",""magnitude"":0.44139320042687424,""start_week"":36,""duration_weeks"":7,""recovery_weeks"":4}]"
A,314,861,Supplier-cluster shock,False,,False,Non-failure,Unclassified,Unclassified,1,0.8249510692885834,190.97379651393976,False,False,False,False,False,"[{""target"":""demand"",""magnitude"":0.21219310723771084,""start_week"":44,""duration_weeks"":3,""recovery_weeks"":2}]"
A,314,862,Supplier-cluster shock,True,True,False,Structural,Concentrated dependency,Concentrated dependency,3,0.8816474279039884,213.03462977282084,True,True,False,False,False,"[{""target"":""corridor"",""magnitude"":0.3387644290720087,""start_week"":1,""duration_weeks"":1,""recovery_weeks"":1},{""target"":""demand"",""magnitude"":0.056632634865463334,""start_week"":8,""duration_weeks"":9,""recovery_weeks"":1},{""target"":""T2P"",""magnitude"":0.21964073156618957,""start_week"":25,""duration_weeks"":1,""recovery_weeks"":4}]"
A,314,863,Supplier-cluster shock,False,,False,Non-failure,Unclassified,Unclassified,2,0.9714722577576462,102.69987207247345,False,True,False,False,False,"[{""target"":""corridor"",""magnitude"":0.2713958066817653,""start_week"":5,""duration_weeks"":3,""recovery_weeks"":3},{""target"":""demand"",""magnitude"":0.0752044126540801,""start_week"":22,""duration_weeks"":4,""recovery_weeks"":3}]"
A,314,864,Supplier-cluster shock,False,,False,Non-failure,Unclassified,Unclassified,2,0.9648931139569826,126.3847897548626,True,True,False,False,False,"[{""target"":""corridor"",""magnitude"":0.276330164532263,""start_week"":30,""duration_weeks"":3,""recovery_weeks"":4},{""target"":""T2P"",""magnitude"":0.25511893648115336,""start_week"":48,""duration_weeks"":5,""recovery_weeks"":4}]"
A,314,865,Supplier-cluster shock,True,True,True,Structural,Concentrated dependency; Hidden convergent dependency; Propagation-amplified cascade,Hidden convergent dependency,5,0.6226624876562148,968.8503946303434,True,False,True,False,True,"[{""target"":""T2P"",""magnitude"":0.217364964099656,""start_week"":6,""duration_weeks"":5,""recovery_weeks"":4},{""target"":""T2P"",""magnitude"":0.4396037611094067,""start_week"":17,""duration_weeks"":1,""recovery_weeks"":4},{""target"":""demand"",""magnitude"":0.19454231605504896,""start_week"":33,""duration_weeks"":4,""recovery_weeks"":2},{""target"":""S1A"",""magnitude"":0.2097230223477699,""start_week"":37,""duration_weeks"":2,""recovery_weeks"":2},{""target"":""S1C"",""magnitude"":0.29204982577857214,""start_week"":41,""duration_weeks"":1,""recovery_weeks"":3}]"
A,314,866,Supplier-cluster shock,False,,False,Non-failure,Unclassified,Unclassified,1,0.9713300583520069,51.605894966387496,False,False,True,False,False,"[{""target"":""S1A"",""magnitude"":0.31450736870798446,""start_week"":12,""duration_weeks"":1,""recovery_weeks"":3}]"
A,314,867,Supplier-cluster shock,True,True,False,Structural,Concentrated dependency,Concentrated dependency,1,0.8957430565938349,187.6624981310972,False,False,True,False,False,"[{""target"":""S1A"",""magnitude"":0.48457812266387146,""start_week"":41,""duration_weeks"":1,""recovery_weeks"":2}]"
A,314,868,Supplier-cluster shock,False,,False,Non-failure,Unclassified,Unclassified,5,0.9234314421005648,137.82340421898334,False,True,True,True,True,"[{""target"":""corridor"",""magnitude"":0.18825031458731648,""start_week"":2,""duration_weeks"":5,""recovery_weeks"":1},{""target"":""S1C"",""magnitude"":0.4222792552737292,""start_week"":18,""duration_weeks"":1,""recovery_weeks"":1},{""target"":""S1A"",""magnitude"":0.4030190850201666,""start_week"":24,""duration_weeks"":1,""recovery_weeks"":4},{""target"":""S1B"",""magnitude"":0.250114154636128,""start_week"":45,""duration_weeks"":3,""recovery_weeks"":3},{""target"":""corridor"",""magnitude"":0.2361615960083801,""start_week"":49,""duration_weeks"":2,""recovery_weeks"":1}]"
A,314,869,Supplier-cluster shock,True,False,True,Adaptation-limited,Concentrated dependency,Concentrated dependency,1,0.7482689397566576,730.7124988030296,False,True,False,False,False,"[{""target"":""corridor"",""magnitude"":0.4387982951825068,""start_week"":14,""duration_weeks"":2,""recovery_weeks"":3}]"
A,314,870,Supplier-cluster shock,True,True,True,Structural,Concentrated dependency; Hidden convergent dependency; Propagation-amplified cascade,Hidden convergent dependency,4,0.6984207549291696,2117.887490582727,True,True,False,False,False,"[{""target"":""T2P"",""magnitude"":0.5357106602818738,""start_week"":3,""duration_weeks"":1,""recovery_weeks"":3},{""target"":""corridor"",""magnitude"":0.3896357992872991,""start_week"":15,""duration_weeks"":11,""recovery_weeks"":1},{""target"":""T2P"",""magnitude"":0.2275606094457199,""start_week"":20,""duration_weeks"":2,""recovery_weeks"":2},{""target"":""demand"",""magnitude"":0.25525047385386757,""start_week"":39,""duration_weeks"":5,""recovery_weeks"":1}]"
A,314,871,Supplier-cluster shock,False,,False,Non-failure,Unclassified,Unclassified,1,0.8474144582529729,162.05410025153128,False,False,False,False,False,"[{""target"":""demand"",""magnitude"":0.18006011139059047,""start_week"":9,""duration_weeks"":2,""recovery_weeks"":4}]"
A,314,872,Supplier-cluster shock,False,,False,Non-failure,Unclassified,Unclassified,2,0.9168350768281626,149.6968617093073,False,True,False,False,True,"[{""target"":""corridor"",""magnitude"":0.31237369237887797,""start_week"":37,""duration_weeks"":1,""recovery_weeks"":2},{""target"":""S1C"",""magnitude"":0.4149390932588868,""start_week"":47,""duration_weeks"":2,""recovery_weeks"":2}]"
A,314,873,Supplier-cluster shock,False,,False,Non-failure,Unclassified,Unclassified,2,0.8791800629891109,199.6756477643803,False,False,False,False,False,"[{""target"":""demand"",""magnitude"":0.1374234267780314,""start_week"":47,""duration_weeks"":3,""recovery_weeks"":4},{""target"":""demand"",""magnitude"":0.12272880966362937,""start_week"":49,""duration_weeks"":1,""recovery_weeks"":2}]"
A,314,874,Supplier-cluster shock,False,,False,Non-failure,Unclassified,Unclassified,4,0.8989182217835546,188.1878346519087,False,True,True,True,False,"[{""target"":""S1B"",""magnitude"":0.21802478562369404,""start_week"":25,""duration_weeks"":3,""recovery_weeks"":4},{""target"":""S1A"",""magnitude"":0.36080719459505606,""start_week"":33,""duration_weeks"":2,""recovery_weeks"":3},{""target"":""demand"",""magnitude"":0.09418642929243277,""start_week"":36,""duration_weeks"":4,""recovery_weeks"":3},{""target"":""corridor"",""magnitude"":0.415050524141794,""start_week"":50,""duration_weeks"":5,""recovery_weeks"":3}]"
A,314,875,Supplier-cluster shock,False,,False,Non-failure,Unclassified,Unclassified,3,0.9324124159219495,132.30332049466142,False,False,True,True,False,"[{""target"":""S1B"",""magnitude"":0.3056997957746547,""start_week"":31,""duration_weeks"":3,""recovery_weeks"":2},{""target"":""S1A"",""magnitude"":0.3325312692385468,""start_week"":36,""duration_weeks"":1,""recovery_weeks"":1},{""target"":""S1B"",""magnitude"":0.4020720641756136,""start_week"":48,""duration_weeks"":4,""recovery_weeks"":4}]"
A,314,876,Supplier-cluster shock,True,False,True,Adaptation-limited,Concentrated dependency,Concentrated dependency,2,0.7186344106787135,2542.8676938533445,False,True,False,False,False,"[{""target"":""corridor"",""magnitude"":0.4610241919909649,""start_week"":20,""duration_weeks"":9,""recovery_weeks"":2},{""target"":""corridor"",""magnitude"":0.2594341318797745,""start_week"":31,""duration_weeks"":2,""recovery_weeks"":1}]"
A,314,877,Supplier-cluster shock,False,,False,Non-failure,Unclassified,Unclassified,2,0.9050409187222518,341.85269259989343,True,True,False,False,False,"[{""target"":""T2P"",""magnitude"":0.24283046472554154,""start_week"":30,""duration_weeks"":1,""recovery_weeks"":2},{""target"":""corridor"",""magnitude"":0.3212193109583111,""start_week"":46,""duration_weeks"":3,""recovery_weeks"":3}]"
A,314,878,Supplier-cluster shock,False,,False,Non-failure,Unclassified,Unclassified,3,0.7337519961446239,239.62320346983847,True,True,False,False,True,"[{""target"":""T2P"",""magnitude"":0.37987440115661286,""start_week"":8,""duration_weeks"":2,""recovery_weeks"":1},{""target"":""S1C"",""magnitude"":0.34307104421308904,""start_week"":19,""duration_weeks"":6,""recovery_weeks"":2},{""target"":""corridor"",""magnitude"":0.2191213558392199,""start_week"":42,""duration_weeks"":1,""recovery_weeks"":4}]"
A,314,879,Supplier-cluster shock,False,,False,Non-failure,Unclassified,Unclassified,3,0.8901022488297833,111.119791218626,True,False,False,True,False,"[{""target"":""demand"",""magnitude"":0.12346643468736208,""start_week"":13,""duration_weeks"":2,""recovery_weeks"":4},{""target"":""T2P"",""magnitude"":0.18041247546079678,""start_week"":23,""duration_weeks"":1,""recovery_weeks"":4},{""target"":""S1B"",""magnitude"":0.4829303057686124,""start_week"":27,""duration_weeks"":1,""recovery_weeks"":3}]"
A,314,880,Supplier-cluster shock,False,,False,Non-failure,Unclassified,Unclassified,2,0.9281078727872829,194.10874347433605,True,True,False,False,False,"[{""target"":""T2P"",""magnitude"":0.28023356558086,""start_week"":45,""duration_weeks"":1,""recovery_weeks"":2},{""target"":""corridor"",""magnitude"":0.3039190954095379,""start_week"":48,""duration_weeks"":7,""recovery_weeks"":3}]"
A,314,881,Supplier-cluster shock,True,True,True,Structural,Concentrated dependency,Concentrated dependency,4,0.768360883661084,2145.379703946099,True,False,False,True,False,"[{""target"":""T2P"",""magnitude"":0.27082873084989334,""start_week"":21,""duration_weeks"":3,""recovery_weeks"":1},{""target"":""demand"",""magnitude"":0.14978999389556436,""start_week"":31,""duration_weeks"":4,""recovery_weeks"":2},{""target"":""demand"",""magnitude"":0.2576903201420667,""start_week"":33,""duration_weeks"":11,""recovery_weeks"":2},{""target"":""S1B"",""magnitude"":0.24354266373747968,""start_week"":38,""duration_weeks"":2,""recovery_weeks"":4}]"
A,314,882,Supplier-cluster shock,False,,False,Non-failure,Unclassified,Unclassified,1,1.0,0.0,True,False,False,False,False,"[{""target"":""T2P"",""magnitude"":0.29054323715453434,""start_week"":29,""duration_weeks"":1,""recovery_weeks"":1}]"
A,314,883,Supplier-cluster shock,True,True,False,Structural,Concentrated dependency,Concentrated dependency,3,0.8512912217933776,267.6758007719204,False,False,True,True,True,"[{""target"":""S1A"",""magnitude"":0.5845947509649007,""start_week"":6,""duration_weeks"":1,""recovery_weeks"":4},{""target"":""S1B"",""magnitude"":0.36384062250504345,""start_week"":24,""duration_weeks"":8,""recovery_weeks"":1},{""target"":""S1C"",""magnitude"":0.28510411243828454,""start_week"":37,""duration_weeks"":3,""recovery_weeks"":4}]"
A,314,884,Supplier-cluster shock,True,False,False,Adaptation-limited,Hidden convergent dependency; Compounding moderate disturbance; Recovery lag and temporal overlap,Hidden convergent dependency,3,0.837460341344222,377.2620679664293,True,True,False,False,False,"[{""target"":""T2P"",""magnitude"":0.32008741428608756,""start_week"":34,""duration_weeks"":1,""recovery_weeks"":4},{""target"":""demand"",""magnitude"":0.11331940252861043,""start_week"":38,""duration_weeks"":1,""recovery_weeks"":4},{""target"":""corridor"",""magnitude"":0.29050629094066127,""start_week"":48,""duration_weeks"":11,""recovery_weeks"":3}]"
A,314,885,Supplier-cluster shock,True,True,False,Structural,Concentrated dependency,Concentrated dependency,3,0.8871373953578442,204.3349464893356,False,True,False,True,False,"[{""target"":""corridor"",""magnitude"":0.23888306954674438,""start_week"":1,""duration_weeks"":1,""recovery_weeks"":3},{""target"":""corridor"",""magnitude"":0.33464695348161677,""start_week"":43,""duration_weeks"":1,""recovery_weeks"":4},{""target"":""S1B"",""magnitude"":0.2572460806395985,""start_week"":48,""duration_weeks"":2,""recovery_weeks"":2}]"
A,314,886,Supplier-cluster shock,False,,False,Non-failure,Unclassified,Unclassified,2,0.919843330091602,78.4274892881748,False,False,False,False,False,"[{""target"":""demand"",""magnitude"":0.08714165476463862,""start_week"":26,""duration_weeks"":2,""recovery_weeks"":4},{""target"":""demand"",""magnitude"":0.17398906732049443,""start_week"":42,""duration_weeks"":3,""recovery_weeks"":2}]"
A,314,887,Supplier-cluster shock,False,,False,Non-failure,Unclassified,Unclassified,3,0.909607934995272,131.742577138991,False,False,False,True,True,"[{""target"":""S1B"",""magnitude"":0.35069968063081547,""start_week"":9,""duration_weeks"":2,""recovery_weeks"":4},{""target"":""S1C"",""magnitude"":0.2804119805826514,""start_week"":10,""duration_weeks"":4,""recovery_weeks"":1},{""target"":""demand"",""magnitude"":0.18077889956342552,""start_week"":37,""duration_weeks"":1,""recovery_weeks"":4}]"
A,314,888,Supplier-cluster shock,True,False,False,Adaptation-limited,Concentrated dependency; Hidden convergent dependency; Propagation-amplified cascade,Hidden convergent dependency,3,0.7354886241276621,521.2710722829682,True,False,False,True,False,"[{""target"":""T2P"",""magnitude"":0.5070903574276562,""start_week"":3,""duration_weeks"":1,""recovery_weeks"":3},{""target"":""T2P"",""magnitude"":0.16677656566299542,""start_week"":18,""duration_weeks"":2,""recovery_weeks"":3},{""target"":""S1B"",""magnitude"":0.43193841043643555,""start_week"":27,""duration_weeks"":3,""recovery_weeks"":4}]"
A,314,889,Supplier-cluster shock,True,True,False,Structural,Concentrated dependency; Hidden convergent dependency; Propagation-amplified cascade,Hidden convergent dependency,1,0.8053665347867284,275.8505934597217,True,False,False,False,False,"[{""target"":""T2P"",""magnitude"":0.27517011869194447,""start_week"":14,""duration_weeks"":4,""recovery_weeks"":1}]"
A,314,890,Supplier-cluster shock,False,,False,Non-failure,Unclassified,Unclassified,1,0.9773736283062104,47.51538055695801,False,False,True,False,False,"[{""target"":""S1A"",""magnitude"":0.3009093363110263,""start_week"":16,""duration_weeks"":4,""recovery_weeks"":4}]"
A,314,891,Supplier-cluster shock,False,,False,Non-failure,Unclassified,Unclassified,1,1.0,0.0,False,True,False,False,False,"[{""target"":""corridor"",""magnitude"":0.20352985903758838,""start_week"":33,""duration_weeks"":2,""recovery_weeks"":4}]"
A,314,892,Supplier-cluster shock,False,,False,Non-failure,Unclassified,Unclassified,6,0.8423585047907282,287.90273973229205,False,False,False,True,True,"[{""target"":""S1C"",""magnitude"":0.46096991409060406,""start_week"":8,""duration_weeks"":2,""recovery_weeks"":2},{""target"":""demand"",""magnitude"":0.07583123881755137,""start_week"":10,""duration_weeks"":1,""recovery_weeks"":3},{""target"":""demand"",""magnitude"":0.09051597802617098,""start_week"":13,""duration_weeks"":4,""recovery_weeks"":3},{""target"":""S1B"",""magnitude"":0.25730390018494703,""start_week"":19,""duration_weeks"":1,""recovery_weeks"":3},{""target"":""S1C"",""magnitude"":0.45619049738241324,""start_week"":26,""duration_weeks"":4,""recovery_weeks"":4},{""target"":""S1B"",""magnitude"":0.42461759666929844,""start_week"":47,""duration_weeks"":1,""recovery_weeks"":4}]"
A,314,893,Supplier-cluster shock,False,,False,Non-failure,Unclassified,Unclassified,1,0.9988668005722582,2.3797187982578407,False,False,False,False,True,"[{""target"":""S1C"",""magnitude"":0.25254969871241906,""start_week"":26,""duration_weeks"":3,""recovery_weeks"":2}]"
A,314,894,Supplier-cluster shock,True,True,False,Structural,Compounding moderate disturbance,Compounding moderate disturbance,2,0.8704772913648184,974.8866106206776,False,True,False,False,False,"[{""target"":""corridor"",""magnitude"":0.28160321316543213,""start_week"":8,""duration_weeks"":10,""recovery_weeks"":3},{""target"":""demand"",""magnitude"":0.10038755973089336,""start_week"":14,""duration_weeks"":8,""recovery_weeks"":4}]"
A,314,895,Supplier-cluster shock,False,,False,Non-failure,Unclassified,Unclassified,3,0.873814176049508,184.7564549426396,False,False,False,True,True,"[{""target"":""S1B"",""magnitude"":0.2767075202753957,""start_week"":35,""duration_weeks"":3,""recovery_weeks"":3},{""target"":""S1C"",""magnitude"":0.21195138079542747,""start_week"":39,""duration_weeks"":6,""recovery_weeks"":4},{""target"":""demand"",""magnitude"":0.17610438908097564,""start_week"":40,""duration_weeks"":3,""recovery_weeks"":3}]"
A,314,896,Supplier-cluster shock,False,,False,Non-failure,Unclassified,Unclassified,3,0.9355513664878548,61.999556880219416,False,True,False,False,False,"[{""target"":""demand"",""magnitude"":0.06888839653357724,""start_week"":24,""duration_weeks"":1,""recovery_weeks"":2},{""target"":""demand"",""magnitude"":0.11309480614259813,""start_week"":29,""duration_weeks"":2,""recovery_weeks"":2},{""target"":""corridor"",""magnitude"":0.291509690283406,""start_week"":32,""duration_weeks"":1,""recovery_weeks"":1}]"
A,314,897,Supplier-cluster shock,True,False,True,Adaptation-limited,Concentrated dependency; Hidden convergent dependency,Hidden convergent dependency,4,0.5204780282873047,1134.7929785294928,True,False,True,True,False,"[{""target"":""T2P"",""magnitude"":0.4747239877147972,""start_week"":7,""duration_weeks"":1,""recovery_weeks"":3},{""target"":""demand"",""magnitude"":0.12135379772084255,""start_week"":9,""duration_weeks"":11,""recovery_weeks"":4},{""target"":""S1B"",""magnitude"":0.3098728452023476,""start_week"":23,""duration_weeks"":4,""recovery_weeks"":2},{""target"":""S1A"",""magnitude"":0.1926311942634643,""start_week"":37,""duration_weeks"":2,""recovery_weeks"":4}]"
A,314,898,Supplier-cluster shock,False,,False,Non-failure,Unclassified,Unclassified,0,1.0,0.0,False,False,False,False,False,[]
A,314,899,Supplier-cluster shock,False,,False,Non-failure,Unclassified,Unclassified,1,0.9412570520112311,56.16813502424759,False,False,False,False,False,"[{""target"":""demand"",""magnitude"":0.062409038915830564,""start_week"":28,""duration_weeks"":2,""recovery_weeks"":1}]"
A,314,900,Supplier-cluster shock,True,False,False,Adaptation-limited,Concentrated dependency; Hidden convergent dependency; Propagation-amplified cascade,Hidden convergent dependency,1,0.6294142773386694,700.2907255927962,True,False,False,False,False,"[{""target"":""T2P"",""magnitude"":0.5667635751975987,""start_week"":15,""duration_weeks"":1,""recovery_weeks"":3}]"
A,314,901,Supplier-cluster shock,True,False,False,Adaptation-limited,Concentrated dependency,Concentrated dependency,3,0.696278297102614,811.5863038270727,False,True,False,True,False,"[{""target"":""corridor"",""magnitude"":0.346299368019065,""start_week"":7,""duration_weeks"":2,""recovery_weeks"":4},{""target"":""demand"",""magnitude"":0.25179952652293347,""start_week"":8,""duration_weeks"":1,""recovery_weeks"":1},{""target"":""S1B"",""magnitude"":0.24768285314402264,""start_week"":13,""duration_weeks"":9,""recovery_weeks"":3}]"
A,314,902,Supplier-cluster shock,True,True,True,Structural,Concentrated dependency; Hidden convergent dependency; Propagation-amplified cascade,Hidden convergent dependency,6,0.33034129903034254,1486.111142193622,True,True,True,False,True,"[{""target"":""T2P"",""magnitude"":0.5150030832650723,""start_week"":2,""duration_weeks"":1,""recovery_weeks"":2},{""target"":""T2P"",""magnitude"":0.5240602900903435,""start_week"":13,""duration_weeks"":2,""recovery_weeks"":1},{""target"":""T2P"",""magnitude"":0.37532598575617165,""start_week"":14,""duration_weeks"":1,""recovery_weeks"":4},{""target"":""S1C"",""magnitude"":0.24285226057137543,""start_week"":35,""duration_weeks"":3,""recovery_weeks"":4},{""target"":""S1A"",""magnitude"":0.35203719934194133,""start_week"":42,""duration_weeks"":3,""recovery_weeks"":2},{""target"":""corridor"",""magnitude"":0.2760646249154413,""start_week"":43,""duration_weeks"":1,""recovery_weeks"":2}]"
A,314,903,Supplier-cluster shock,False,,False,Non-failure,Unclassified,Unclassified,2,0.824832744514657,217.6789988726107,True,False,False,False,False,"[{""target"":""T2P"",""magnitude"":0.22009844677763846,""start_week"":7,""duration_weeks"":2,""recovery_weeks"":4},{""target"":""demand"",""magnitude"":0.21236700003758185,""start_week"":12,""duration_weeks"":1,""recovery_weeks"":1}]"
A,314,904,Supplier-cluster shock,True,True,False,Structural,Concentrated dependency,Concentrated dependency,5,0.8569617515473872,669.174897557998,False,True,False,True,True,"[{""target"":""S1C"",""magnitude"":0.3886641527744955,""start_week"":6,""duration_weeks"":1,""recovery_weeks"":2},{""target"":""S1B"",""magnitude"":0.45399114584196343,""start_week"":9,""duration_weeks"":13,""recovery_weeks"":1},{""target"":""S1C"",""magnitude"":0.2566588898335693,""start_week"":10,""duration_weeks"":3,""recovery_weeks"":2},{""target"":""corridor"",""magnitude"":0.3572786863394596,""start_week"":12,""duration_weeks"":1,""recovery_weeks"":3},{""target"":""demand"",""magnitude"":0.11525638963018209,""start_week"":15,""duration_weeks"":2,""recovery_weeks"":4}]"
A,314,905,Supplier-cluster shock,False,,False,Non-failure,Unclassified,Unclassified,3,0.9264917380241426,188.7055572657838,False,False,False,True,True,"[{""target"":""S1C"",""magnitude"":0.41539358944567917,""start_week"":19,""duration_weeks"":7,""recovery_weeks"":4},{""target"":""S1B"",""magnitude"":0.24698009516069322,""start_week"":22,""duration_weeks"":1,""recovery_weeks"":2},{""target"":""S1C"",""magnitude"":0.3271336869239665,""start_week"":40,""duration_weeks"":2,""recovery_weeks"":1}]"
A,314,906,Supplier-cluster shock,True,True,True,Structural,Concentrated dependency; Hidden convergent dependency; Propagation-amplified cascade,Hidden convergent dependency,4,0.7171944182555038,572.625117850233,True,False,False,True,True,"[{""target"":""T2P"",""magnitude"":0.35452502357004656,""start_week"":5,""duration_weeks"":3,""recovery_weeks"":3},{""target"":""S1B"",""magnitude"":0.22215895887066733,""start_week"":18,""duration_weeks"":2,""recovery_weeks"":3},{""target"":""S1C"",""magnitude"":0.41150788263529126,""start_week"":25,""duration_weeks"":4,""recovery_weeks"":4},{""target"":""S1B"",""magnitude"":0.2907872047439334,""start_week"":28,""duration_weeks"":5,""recovery_weeks"":4}]"
A,314,907,Supplier-cluster shock,False,,False,Non-failure,Unclassified,Unclassified,1,1.0,0.0,False,False,False,True,False,"[{""target"":""S1B"",""magnitude"":0.22128735635893743,""start_week"":45,""duration_weeks"":1,""recovery_weeks"":3}]"
A,314,908,Supplier-cluster shock,False,,False,Non-failure,Unclassified,Unclassified,2,0.8687593575346254,257.5417810663349,False,False,True,True,False,"[{""target"":""S1A"",""magnitude"":0.3719290847489257,""start_week"":3,""duration_weeks"":5,""recovery_weeks"":4},{""target"":""S1B"",""magnitude"":0.545291445547093,""start_week"":30,""duration_weeks"":4,""recovery_weeks"":2}]"
A,314,909,Supplier-cluster shock,True,True,True,Structural,Concentrated dependency; Hidden convergent dependency; Propagation-amplified cascade,Hidden convergent dependency,5,0.38514228323060656,3835.4716715428335,True,False,True,False,False,"[{""target"":""T2P"",""magnitude"":0.4037893532160258,""start_week"":13,""duration_weeks"":7,""recovery_weeks"":1},{""target"":""T2P"",""magnitude"":0.6533719450924541,""start_week"":34,""duration_weeks"":1,""recovery_weeks"":4},{""target"":""T2P"",""magnitude"":0.35263222515941695,""start_week"":43,""duration_weeks"":3,""recovery_weeks"":4},{""target"":""T2P"",""magnitude"":0.459307365842768,""start_week"":44,""duration_weeks"":1,""recovery_weeks"":2},{""target"":""S1A"",""magnitude"":0.3586946329764835,""start_week"":46,""duration_weeks"":1,""recovery_weeks"":2}]"
A,314,910,Supplier-cluster shock,False,,False,Non-failure,Unclassified,Unclassified,1,0.908116300180124,91.06248816532184,False,False,False,False,False,"[{""target"":""demand"",""magnitude"":0.10118054240591318,""start_week"":35,""duration_weeks"":6,""recovery_weeks"":2}]"
A,314,911,Supplier-cluster shock,True,True,True,Structural,Concentrated dependency,Concentrated dependency,2,0.8304745893408267,497.1482609747093,False,True,False,False,False,"[{""target"":""corridor"",""magnitude"":0.37714405799437983,""start_week"":3,""duration_weeks"":2,""recovery_weeks"":4},{""target"":""demand"",""magnitude"":0.07093671833244396,""start_week"":42,""duration_weeks"":2,""recovery_weeks"":4}]"
A,314,912,Supplier-cluster shock,False,,False,Non-failure,Unclassified,Unclassified,4,1.0,0.0,True,False,True,True,False,"[{""target"":""T2P"",""magnitude"":0.17279268287098878,""start_week"":4,""duration_weeks"":5,""recovery_weeks"":2},{""target"":""T2P"",""magnitude"":0.1771663616111721,""start_week"":16,""duration_weeks"":1,""recovery_weeks"":2},{""target"":""S1A"",""magnitude"":0.24423628879099707,""start_week"":17,""duration_weeks"":3,""recovery_weeks"":1},{""target"":""S1B"",""magnitude"":0.20617103656066116,""start_week"":50,""duration_weeks"":6,""recovery_weeks"":3}]"
A,314,913,Supplier-cluster shock,True,True,False,Structural,Concentrated dependency; Hidden convergent dependency; Propagation-amplified cascade,Hidden convergent dependency,5,0.7571291692512224,698.762471809107,True,True,True,False,False,"[{""target"":""corridor"",""magnitude"":0.29567158195944354,""start_week"":2,""duration_weeks"":3,""recovery_weeks"":2},{""target"":""T2P"",""magnitude"":0.4522552552733178,""start_week"":10,""duration_weeks"":1,""recovery_weeks"":2},{""target"":""T2P"",""magnitude"":0.3185837476738997,""start_week"":24,""duration_weeks"":3,""recovery_weeks"":4},{""target"":""corridor"",""magnitude"":0.36093923219570934,""start_week"":44,""duration_weeks"":5,""recovery_weeks"":3},{""target"":""S1A"",""magnitude"":0.2708867224143097,""start_week"":46,""duration_weeks"":4,""recovery_weeks"":1}]"
A,314,914,Supplier-cluster shock,False,,False,Non-failure,Unclassified,Unclassified,3,0.9179946557711673,364.5911140646763,True,True,False,False,False,"[{""target"":""T2P"",""magnitude"":0.22694117832545022,""start_week"":9,""duration_weeks"":2,""recovery_weeks"":3},{""target"":""corridor"",""magnitude"":0.28259906032125837,""start_week"":28,""duration_weeks"":1,""recovery_weeks"":3},{""target"":""corridor"",""magnitude"":0.3115040081716245,""start_week"":40,""duration_weeks"":5,""recovery_weeks"":1}]"
A,314,915,Supplier-cluster shock,True,True,False,Structural,Concentrated dependency,Concentrated dependency,4,0.7309230314404539,392.207637968693,False,True,True,True,False,"[{""target"":""S1A"",""magnitude"":0.4165630425311987,""start_week"":1,""duration_weeks"":2,""recovery_weeks"":3},{""target"":""corridor"",""magnitude"":0.3567209831339653,""start_week"":23,""duration_weeks"":2,""recovery_weeks"":1},{""target"":""demand"",""magnitude"":0.1734550957179058,""start_week"":26,""duration_weeks"":1,""recovery_weeks"":4},{""target"":""S1B"",""magnitude"":0.36751255634875585,""start_week"":32,""duration_weeks"":9,""recovery_weeks"":3}]"
A,314,916,Supplier-cluster shock,True,False,True,Adaptation-limited,Concentrated dependency; Hidden convergent dependency; Propagation-amplified cascade,Hidden convergent dependency,3,0.6739302109417576,736.1597807112846,True,True,False,False,False,"[{""target"":""T2P"",""magnitude"":0.5246170802032242,""start_week"":11,""duration_weeks"":1,""recovery_weeks"":4},{""target"":""corridor"",""magnitude"":0.3126852340294425,""start_week"":38,""duration_weeks"":1,""recovery_weeks"":3},{""target"":""corridor"",""magnitude"":0.1880499802451172,""start_week"":39,""duration_weeks"":6,""recovery_weeks"":3}]"
A,314,917,Supplier-cluster shock,False,,False,Non-failure,Unclassified,Unclassified,0,1.0,0.0,False,False,False,False,False,[]
A,314,918,Supplier-cluster shock,True,True,True,Structural,Concentrated dependency; Hidden convergent dependency; Propagation-amplified cascade,Hidden convergent dependency,5,0.7942116889264522,767.0637325717896,True,False,True,True,True,"[{""target"":""T2P"",""magnitude"":0.28520947996619295,""start_week"":11,""duration_weeks"":6,""recovery_weeks"":2},{""target"":""S1B"",""magnitude"":0.3554855320492696,""start_week"":20,""duration_weeks"":7,""recovery_weeks"":1},{""target"":""S1C"",""magnitude"":0.2081863461189239,""start_week"":24,""duration_weeks"":1,""recovery_weeks"":1},{""target"":""S1A"",""magnitude"":0.3977246338101015,""start_week"":32,""duration_weeks"":2,""recovery_weeks"":3},{""target"":""S1C"",""magnitude"":0.3372362692590678,""start_week"":35,""duration_weeks"":1,""recovery_weeks"":3}]"
A,314,919,Supplier-cluster shock,False,,False,Non-failure,Unclassified,Unclassified,2,0.9095527197476999,200.38312028090877,False,False,False,True,True,"[{""target"":""S1C"",""magnitude"":0.39091755935038264,""start_week"":48,""duration_weeks"":8,""recovery_weeks"":4},{""target"":""S1B"",""magnitude"":0.3125888212172925,""start_week"":49,""duration_weeks"":2,""recovery_weeks"":1}]"
A,314,920,Supplier-cluster shock,False,,False,Non-failure,Unclassified,Unclassified,4,0.9767822360356669,45.64771695714785,False,False,True,True,True,"[{""target"":""S1C"",""magnitude"":0.2989082681683728,""start_week"":4,""duration_weeks"":11,""recovery_weeks"":4},{""target"":""S1B"",""magnitude"":0.3152613905549428,""start_week"":21,""duration_weeks"":1,""recovery_weeks"":3},{""target"":""S1A"",""magnitude"":0.28007790808415106,""start_week"":32,""duration_weeks"":1,""recovery_weeks"":1},{""target"":""S1C"",""magnitude"":0.1995644961301443,""start_week"":38,""duration_weeks"":1,""recovery_weeks"":2}]"
A,314,921,Supplier-cluster shock,True,True,True,Structural,Concentrated dependency; Hidden convergent dependency; Propagation-amplified cascade,Hidden convergent dependency,2,0.780629094752886,1472.6273570389608,True,False,True,False,False,"[{""target"":""T2P"",""magnitude"":0.2974338147224026,""start_week"":32,""duration_weeks"":9,""recovery_weeks"":3},{""target"":""S1A"",""magnitude"":0.29530920505164815,""start_week"":40,""duration_weeks"":3,""recovery_weeks"":3}]"
A,314,922,Supplier-cluster shock,True,True,True,Structural,Hidden convergent dependency; Compounding moderate disturbance; Propagation-amplified cascade,Hidden convergent dependency,4,0.45879878203086377,1399.1870473800732,True,False,False,False,False,"[{""target"":""T2P"",""magnitude"":0.18189131088457758,""start_week"":7,""duration_weeks"":6,""recovery_weeks"":1},{""target"":""T2P"",""magnitude"":0.4952762275703919,""start_week"":11,""duration_weeks"":1,""recovery_weeks"":1},{""target"":""T2P"",""magnitude"":0.5577841503063701,""start_week"":17,""duration_weeks"":1,""recovery_weeks"":1},{""target"":""T2P"",""magnitude"":0.39078357546401754,""start_week"":36,""duration_weeks"":3,""recovery_weeks"":1}]"
A,314,923,Supplier-cluster shock,True,True,False,Structural,Concentrated dependency,Concentrated dependency,4,0.6487640866096539,748.2488926178212,True,True,True,True,False,"[{""target"":""corridor"",""magnitude"":0.37660345804107825,""start_week"":1,""duration_weeks"":1,""recovery_weeks"":2},{""target"":""T2P"",""magnitude"":0.41611232205131143,""start_week"":6,""duration_weeks"":2,""recovery_weeks"":4},{""target"":""S1B"",""magnitude"":0.35411810388730836,""start_week"":13,""duration_weeks"":2,""recovery_weeks"":4},{""target"":""S1A"",""magnitude"":0.44798994688414695,""start_week"":32,""duration_weeks"":2,""recovery_weeks"":1}]"
A,314,924,Supplier-cluster shock,True,True,True,Structural,Concentrated dependency; Hidden convergent dependency; Propagation-amplified cascade,Hidden convergent dependency,1,0.506697311035793,3395.751780610075,True,False,False,False,False,"[{""target"":""T2P"",""magnitude"":0.5439724200677862,""start_week"":15,""duration_weeks"":8,""recovery_weeks"":1}]"
A,314,925,Supplier-cluster shock,False,,False,Non-failure,Unclassified,Unclassified,5,0.910518013735265,172.33273843012694,True,False,True,True,True,"[{""target"":""S1B"",""magnitude"":0.34417732988664496,""start_week"":19,""duration_weeks"":4,""recovery_weeks"":3},{""target"":""S1A"",""magnitude"":0.4410628863835869,""start_week"":32,""duration_weeks"":6,""recovery_weeks"":3},{""target"":""S1C"",""magnitude"":0.17431236006096354,""start_week"":37,""duration_weeks"":1,""recovery_weeks"":1},{""target"":""demand"",""magnitude"":0.2543816836230104,""start_week"":42,""duration_weeks"":1,""recovery_weeks"":2},{""target"":""T2P"",""magnitude"":0.23867198186160804,""start_week"":45,""duration_weeks"":5,""recovery_weeks"":2}]"
A,314,926,Supplier-cluster shock,True,True,False,Structural,Compounding moderate disturbance,Compounding moderate disturbance,3,0.8730161166104411,266.1326449893635,False,False,True,True,True,"[{""target"":""S1A"",""magnitude"":0.3908562058305901,""start_week"":9,""duration_weeks"":3,""recovery_weeks"":4},{""target"":""S1C"",""magnitude"":0.3948575317959173,""start_week"":10,""duration_weeks"":1,""recovery_weeks"":1},{""target"":""S1B"",""magnitude"":0.5035889809637425,""start_week"":40,""duration_weeks"":4,""recovery_weeks"":2}]"
A,314,927,Supplier-cluster shock,True,True,False,Structural,Concentrated dependency,Concentrated dependency,3,0.7892968758778387,430.3462644431461,False,True,False,True,True,"[{""target"":""S1C"",""magnitude"":0.2701799596990039,""start_week"":17,""duration_weeks"":2,""recovery_weeks"":2},{""target"":""corridor"",""magnitude"":0.4080273430916209,""start_week"":22,""duration_weeks"":1,""recovery_weeks"":4},{""target"":""S1B"",""magnitude"":0.262644296289287,""start_week"":49,""duration_weeks"":3,""recovery_weeks"":2}]"
A,314,928,Supplier-cluster shock,False,,False,Non-failure,Unclassified,Unclassified,1,0.8947110873043088,105.91130787439579,False,False,False,False,False,"[{""target"":""demand"",""magnitude"":0.11767923097155081,""start_week"":47,""duration_weeks"":5,""recovery_weeks"":1}]"
A,314,929,Supplier-cluster shock,True,True,True,Structural,Concentrated dependency; Hidden convergent dependency; Propagation-amplified cascade,Hidden convergent dependency,5,0.5817973790791957,3484.159362287447,True,False,False,True,False,"[{""target"":""T2P"",""magnitude"":0.29503242723592243,""start_week"":8,""duration_weeks"":13,""recovery_weeks"":4},{""target"":""S1B"",""magnitude"":0.2062751450638379,""start_week"":14,""duration_weeks"":1,""recovery_weeks"":3},{""target"":""T2P"",""magnitude"":0.25724577781890634,""start_week"":15,""duration_weeks"":1,""recovery_weeks"":3},{""target"":""T2P"",""magnitude"":0.30448151553741987,""start_week"":24,""duration_weeks"":1,""recovery_weeks"":4},{""target"":""demand"",""magnitude"":0.0955697045845309,""start_week"":49,""duration_weeks"":11,""recovery_weeks"":1}]"
A,314,930,Supplier-cluster shock,True,True,True,Structural,Concentrated dependency; Hidden convergent dependency; Propagation-amplified cascade,Hidden convergent dependency,3,0.5869558391528689,886.958979049672,True,True,False,False,False,"[{""target"":""T2P"",""magnitude"":0.471739744762418,""start_week"":1,""duration_weeks"":3,""recovery_weeks"":1},{""target"":""corridor"",""magnitude"":0.1861080363637782,""start_week"":27,""duration_weeks"":2,""recovery_weeks"":1},{""target"":""demand"",""magnitude"":0.12397643163764688,""start_week"":43,""duration_weeks"":1,""recovery_weeks"":2}]"
A,314,931,Supplier-cluster shock,True,True,True,Structural,Concentrated dependency; Hidden convergent dependency,Hidden convergent dependency,3,0.4412582839079444,3951.431252897414,True,False,False,False,False,"[{""target"":""demand"",""magnitude"":0.19147037158203756,""start_week"":4,""duration_weeks"":3,""recovery_weeks"":2},{""target"":""T2P"",""magnitude"":0.5218957537596922,""start_week"":24,""duration_weeks"":6,""recovery_weeks"":3},{""target"":""demand"",""magnitude"":0.20389114412146303,""start_week"":25,""duration_weeks"":6,""recovery_weeks"":2}]"
A,314,932,Supplier-cluster shock,False,,False,Non-failure,Unclassified,Unclassified,2,0.9896400562872482,18.647898682953382,False,False,True,True,False,"[{""target"":""S1A"",""magnitude"":0.2733098733536918,""start_week"":14,""duration_weeks"":1,""recovery_weeks"":2},{""target"":""S1B"",""magnitude"":0.21631768085702063,""start_week"":49,""duration_weeks"":1,""recovery_weeks"":3}]"
A,314,933,Supplier-cluster shock,False,,False,Non-failure,Unclassified,Unclassified,3,0.9067310481465354,92.576576968116,False,False,True,True,False,"[{""target"":""demand"",""magnitude"":0.10286286329790659,""start_week"":3,""duration_weeks"":4,""recovery_weeks"":4},{""target"":""S1B"",""magnitude"":0.3217344093768058,""start_week"":21,""duration_weeks"":3,""recovery_weeks"":3},{""target"":""S1A"",""magnitude"":0.4070114068698405,""start_week"":23,""duration_weeks"":1,""recovery_weeks"":1}]"
A,314,934,Supplier-cluster shock,False,,False,Non-failure,Unclassified,Unclassified,3,0.9391152177740288,125.15119998272155,False,False,True,True,True,"[{""target"":""S1C"",""magnitude"":0.3471163813037572,""start_week"":13,""duration_weeks"":3,""recovery_weeks"":3},{""target"":""S1A"",""magnitude"":0.26847034120522223,""start_week"":28,""duration_weeks"":1,""recovery_weeks"":4},{""target"":""S1B"",""magnitude"":0.38699076000843513,""start_week"":36,""duration_weeks"":5,""recovery_weeks"":3}]"
A,314,935,Supplier-cluster shock,True,False,True,Adaptation-limited,Concentrated dependency,Concentrated dependency,1,0.7658634126502315,842.8917144591667,False,True,False,False,False,"[{""target"":""corridor"",""magnitude"":0.4256024405123263,""start_week"":26,""duration_weeks"":3,""recovery_weeks"":2}]"
A,314,936,Supplier-cluster shock,True,False,True,Adaptation-limited,Compounding moderate disturbance,Compounding moderate disturbance,5,0.710922075200098,1068.925181026335,True,True,True,False,False,"[{""target"":""S1A"",""magnitude"":0.4413521552818874,""start_week"":4,""duration_weeks"":7,""recovery_weeks"":2},{""target"":""corridor"",""magnitude"":0.296448463907222,""start_week"":20,""duration_weeks"":7,""recovery_weeks"":4},{""target"":""corridor"",""magnitude"":0.24214285798992125,""start_week"":25,""duration_weeks"":2,""recovery_weeks"":3},{""target"":""demand"",""magnitude"":0.16157348592588988,""start_week"":31,""duration_weeks"":2,""recovery_weeks"":3},{""target"":""T2P"",""magnitude"":0.38764632125144444,""start_week"":49,""duration_weeks"":1,""recovery_weeks"":4}]"
A,314,937,Supplier-cluster shock,True,True,True,Structural,Concentrated dependency; Hidden convergent dependency; Propagation-amplified cascade,Hidden convergent dependency,3,0.6237577771914193,1770.3260036940578,True,True,False,False,False,"[{""target"":""T2P"",""magnitude"":0.4386180005277225,""start_week"":7,""duration_weeks"":6,""recovery_weeks"":1},{""target"":""corridor"",""magnitude"":0.36426500320369815,""start_week"":27,""duration_weeks"":3,""recovery_weeks"":4},{""target"":""demand"",""magnitude"":0.21026529141444222,""start_week"":34,""duration_weeks"":1,""recovery_weeks"":1}]"
A,314,938,Supplier-cluster shock,False,,False,Non-failure,Unclassified,Unclassified,4,0.8890836015200965,169.46446707705036,False,False,True,True,False,"[{""target"":""demand"",""magnitude"":0.1247536207959138,""start_week"":2,""duration_weeks"":5,""recovery_weeks"":4},{""target"":""S1A"",""magnitude"":0.20057033661480536,""start_week"":23,""duration_weeks"":2,""recovery_weeks"":3},{""target"":""demand"",""magnitude"":0.12411657594313852,""start_week"":32,""duration_weeks"":1,""recovery_weeks"":3},{""target"":""S1B"",""magnitude"":0.45014951696374506,""start_week"":35,""duration_weeks"":4,""recovery_weeks"":2}]"
A,314,939,Supplier-cluster shock,False,,False,Non-failure,Unclassified,Unclassified,2,0.883540453499589,417.99228756727575,False,True,False,False,False,"[{""target"":""demand"",""magnitude"":0.1318100897804168,""start_week"":19,""duration_weeks"":2,""recovery_weeks"":3},{""target"":""corridor"",""magnitude"":0.3182552551220861,""start_week"":24,""duration_weeks"":7,""recovery_weeks"":1}]"
A,314,940,Supplier-cluster shock,False,,False,Non-failure,Unclassified,Unclassified,6,0.9150120814230488,83.593570262262,True,False,True,True,True,"[{""target"":""demand"",""magnitude"":0.09288174473584657,""start_week"":5,""duration_weeks"":1,""recovery_weeks"":3},{""target"":""demand"",""magnitude"":0.0896967007653997,""start_week"":18,""duration_weeks"":3,""recovery_weeks"":1},{""target"":""T2P"",""magnitude"":0.2005924569626902,""start_week"":21,""duration_weeks"":1,""recovery_weeks"":3},{""target"":""S1B"",""magnitude"":0.3092767637223852,""start_week"":24,""duration_weeks"":2,""recovery_weeks"":2},{""target"":""S1A"",""magnitude"":0.24785363270737226,""start_week"":44,""duration_weeks"":2,""recovery_weeks"":2},{""target"":""S1C"",""magnitude"":0.3714957778556457,""start_week"":47,""duration_weeks"":1,""recovery_weeks"":2}]"
A,314,941,Supplier-cluster shock,False,,False,Non-failure,Unclassified,Unclassified,1,0.9889618237170553,23.180170194183802,False,False,False,False,True,"[{""target"":""S1C"",""magnitude"":0.27483589663662533,""start_week"":36,""duration_weeks"":2,""recovery_weeks"":2}]"
A,314,942,Supplier-cluster shock,False,,False,Non-failure,Unclassified,Unclassified,2,0.9516899567087956,95.87480163810301,False,False,False,True,True,"[{""target"":""S1B"",""magnitude"":0.27091108477534787,""start_week"":24,""duration_weeks"":1,""recovery_weeks"":4},{""target"":""S1C"",""magnitude"":0.3586975974052097,""start_week"":41,""duration_weeks"":9,""recovery_weeks"":2}]"
A,314,943,Supplier-cluster shock,False,,False,Non-failure,Unclassified,Unclassified,1,1.0,0.0,False,True,False,False,False,"[{""target"":""corridor"",""magnitude"":0.2495791852121244,""start_week"":16,""duration_weeks"":6,""recovery_weeks"":3}]"
A,314,944,Supplier-cluster shock,False,,False,Non-failure,Unclassified,Unclassified,5,0.8449939900554799,139.50540895006804,False,True,True,True,False,"[{""target"":""corridor"",""magnitude"":0.29363720624218426,""start_week"":21,""duration_weeks"":1,""recovery_weeks"":4},{""target"":""S1A"",""magnitude"":0.24715254211490403,""start_week"":27,""duration_weeks"":4,""recovery_weeks"":1},{""target"":""S1B"",""magnitude"":0.2559750567824425,""start_week"":39,""duration_weeks"":5,""recovery_weeks"":2},{""target"":""S1A"",""magnitude"":0.4341939056242027,""start_week"":49,""duration_weeks"":5,""recovery_weeks"":4},{""target"":""S1B"",""magnitude"":0.45634860788521436,""start_week"":50,""duration_weeks"":4,""recovery_weeks"":3}]"
A,314,945,Supplier-cluster shock,True,True,True,Structural,Concentrated dependency,Concentrated dependency,3,0.38235298280427854,1764.006660635977,True,True,False,False,False,"[{""target"":""corridor"",""magnitude"":0.3380982101854124,""start_week"":21,""duration_weeks"":5,""recovery_weeks"":4},{""target"":""corridor"",""magnitude"":0.5667563654971567,""start_week"":23,""duration_weeks"":1,""recovery_weeks"":2},{""target"":""T2P"",""magnitude"":0.4498560012872751,""start_week"":48,""duration_weeks"":3,""recovery_weeks"":3}]"
A,314,946,Supplier-cluster shock,False,,False,Non-failure,Unclassified,Unclassified,1,0.8752181773733989,128.3150227763474,False,False,False,False,False,"[{""target"":""demand"",""magnitude"":0.142572247529275,""start_week"":3,""duration_weeks"":5,""recovery_weeks"":4}]"
A,314,947,Supplier-cluster shock,False,,False,Non-failure,Unclassified,Unclassified,0,1.0,0.0,False,False,False,False,False,[]
A,314,948,Supplier-cluster shock,True,True,False,Structural,Hidden convergent dependency; Compounding moderate disturbance; Recovery lag and temporal overlap,Hidden convergent dependency,3,0.8390803568842772,350.1126902170827,True,True,False,False,False,"[{""target"":""demand"",""magnitude"":0.19178096805085432,""start_week"":22,""duration_weeks"":1,""recovery_weeks"":4},{""target"":""T2P"",""magnitude"":0.22644163181428179,""start_week"":26,""duration_weeks"":4,""recovery_weeks"":3},{""target"":""corridor"",""magnitude"":0.2645588083285336,""start_week"":36,""duration_weeks"":4,""recovery_weeks"":3}]"
A,314,949,Supplier-cluster shock,False,,False,Non-failure,Unclassified,Unclassified,3,0.9640578483156451,226.4355556114358,True,True,False,False,False,"[{""target"":""corridor"",""magnitude"":0.2769566137632662,""start_week"":44,""duration_weeks"":9,""recovery_weeks"":1},{""target"":""T2P"",""magnitude"":0.4660827463453612,""start_week"":46,""duration_weeks"":2,""recovery_weeks"":1},{""target"":""T2P"",""magnitude"":0.2064852936183289,""start_week"":51,""duration_weeks"":2,""recovery_weeks"":1}]"
A,314,950,Supplier-cluster shock,False,,False,Non-failure,Unclassified,Unclassified,3,0.9125352751978246,86.26324314409976,False,False,False,False,False,"[{""target"":""demand"",""magnitude"":0.09584804793788841,""start_week"":7,""duration_weeks"":2,""recovery_weeks"":1},{""target"":""demand"",""magnitude"":0.12923097012307116,""start_week"":11,""duration_weeks"":1,""recovery_weeks"":3},{""target"":""demand"",""magnitude"":0.1507166784696669,""start_week"":19,""duration_weeks"":3,""recovery_weeks"":3}]"
A,314,951,Supplier-cluster shock,False,,False,Non-failure,Unclassified,Unclassified,1,0.8412437333394348,525.8286143110181,False,False,False,False,False,"[{""target"":""demand"",""magnitude"":0.18871613584610014,""start_week"":23,""duration_weeks"":9,""recovery_weeks"":4}]"
A,314,952,Supplier-cluster shock,False,,False,Non-failure,Unclassified,Unclassified,6,0.981915944361001,32.55130015019813,False,False,True,True,True,"[{""target"":""S1A"",""magnitude"":0.22776125695388783,""start_week"":17,""duration_weeks"":1,""recovery_weeks"":1},{""target"":""S1B"",""magnitude"":0.2906891251877476,""start_week"":19,""duration_weeks"":1,""recovery_weeks"":1},{""target"":""S1A"",""magnitude"":0.1987123191288144,""start_week"":20,""duration_weeks"":2,""recovery_weeks"":1},{""target"":""S1C"",""magnitude"":0.19307825649181004,""start_week"":22,""duration_weeks"":3,""recovery_weeks"":3},{""target"":""S1B"",""magnitude"":0.23033786201665207,""start_week"":29,""duration_weeks"":1,""recovery_weeks"":1},{""target"":""S1C"",""magnitude"":0.19914811206530544,""start_week"":51,""duration_weeks"":12,""recovery_weeks"":3}]"
A,314,953,Supplier-cluster shock,False,,False,Non-failure,Unclassified,Unclassified,2,0.9367115288785169,113.91924801866958,False,False,True,False,True,"[{""target"":""S1C"",""magnitude"":0.3923990600233369,""start_week"":16,""duration_weeks"":1,""recovery_weeks"":2},{""target"":""S1A"",""magnitude"":0.34906024385281,""start_week"":20,""duration_weeks"":1,""recovery_weeks"":1}]"
A,314,954,Supplier-cluster shock,False,,False,Non-failure,Unclassified,Unclassified,2,0.9032611840944879,174.12986862992193,False,True,False,False,False,"[{""target"":""corridor"",""magnitude"":0.32255411192913425,""start_week"":15,""duration_weeks"":1,""recovery_weeks"":1},{""target"":""demand"",""magnitude"":0.16852036710730214,""start_week"":45,""duration_weeks"":6,""recovery_weeks"":3}]"
A,314,955,Supplier-cluster shock,False,,False,Non-failure,Unclassified,Unclassified,2,0.9382856098741488,111.0859022265322,False,False,False,True,True,"[{""target"":""S1C"",""magnitude"":0.3888573777831653,""start_week"":14,""duration_weeks"":1,""recovery_weeks"":2},{""target"":""S1B"",""magnitude"":0.3288508156393051,""start_week"":37,""duration_weeks"":1,""recovery_weeks"":3}]"
A,314,956,Supplier-cluster shock,False,,False,Non-failure,Unclassified,Unclassified,0,1.0,0.0,False,False,False,False,False,[]
A,314,957,Supplier-cluster shock,False,,False,Non-failure,Unclassified,Unclassified,1,1.0,0.0,False,True,False,False,False,"[{""target"":""corridor"",""magnitude"":0.15778174862465405,""start_week"":20,""duration_weeks"":1,""recovery_weeks"":4}]"
A,314,958,Supplier-cluster shock,False,,False,Non-failure,Unclassified,Unclassified,6,0.9055878981261811,158.53314885356633,False,True,True,True,True,"[{""target"":""S1B"",""magnitude"":0.26426079314913464,""start_week"":12,""duration_weeks"":1,""recovery_weeks"":4},{""target"":""corridor"",""magnitude"":0.32080907640536416,""start_week"":17,""duration_weeks"":1,""recovery_weeks"":3},{""target"":""S1C"",""magnitude"":0.369400884377007,""start_week"":22,""duration_weeks"":2,""recovery_weeks"":2},{""target"":""S1B"",""magnitude"":0.28922280328009864,""start_week"":33,""duration_weeks"":4,""recovery_weeks"":3},{""target"":""S1A"",""magnitude"":0.3625563585992034,""start_week"":38,""duration_weeks"":1,""recovery_weeks"":1},{""target"":""S1B"",""magnitude"":0.16341217502773597,""start_week"":50,""duration_weeks"":3,""recovery_weeks"":1}]"
A,314,959,Supplier-cluster shock,True,True,True,Structural,Concentrated dependency; Hidden convergent dependency; Propagation-amplified cascade,Hidden convergent dependency,1,0.7293247187706964,1477.9338602552343,True,False,False,False,False,"[{""target"":""T2P"",""magnitude"":0.34360775310637326,""start_week"":39,""duration_weeks"":7,""recovery_weeks"":3}]"
A,314,960,Supplier-cluster shock,False,,False,Non-failure,Unclassified,Unclassified,0,1.0,0.0,False,False,False,False,False,[]
A,314,961,Supplier-cluster shock,True,True,False,Structural,Concentrated dependency,Concentrated dependency,3,0.8784798795482159,243.60791345184498,False,True,False,False,True,"[{""target"":""S1C"",""magnitude"":0.44011692647793665,""start_week"":21,""duration_weeks"":6,""recovery_weeks"":1},{""target"":""corridor"",""magnitude"":0.3411400903388379,""start_week"":30,""duration_weeks"":2,""recovery_weeks"":2},{""target"":""demand"",""magnitude"":0.23922918257832132,""start_week"":41,""duration_weeks"":4,""recovery_weeks"":3}]"
A,314,962,Supplier-cluster shock,False,,False,Non-failure,Unclassified,Unclassified,1,0.8815994236441208,120.87181078206686,False,False,False,False,False,"[{""target"":""demand"",""magnitude"":0.13430201198007413,""start_week"":7,""duration_weeks"":4,""recovery_weeks"":2}]"
A,314,963,Supplier-cluster shock,True,True,True,Structural,Concentrated dependency; Propagation-amplified cascade,Propagation-amplified cascade,4,0.6600604800225205,5927.829711564231,True,True,False,False,False,"[{""target"":""T2P"",""magnitude"":0.40594556797973147,""start_week"":21,""duration_weeks"":20,""recovery_weeks"":2},{""target"":""corridor"",""magnitude"":0.3352033149164747,""start_week"":28,""duration_weeks"":9,""recovery_weeks"":3},{""target"":""corridor"",""magnitude"":0.4393724218594429,""start_week"":50,""duration_weeks"":1,""recovery_weeks"":1},{""target"":""T2P"",""magnitude"":0.3572891537196836,""start_week"":51,""duration_weeks"":1,""recovery_weeks"":3}]"
A,314,964,Supplier-cluster shock,False,,False,Non-failure,Unclassified,Unclassified,2,0.8422382329073419,168.58126933191943,True,False,False,False,False,"[{""target"":""demand"",""magnitude"":0.18731252147991023,""start_week"":40,""duration_weeks"":4,""recovery_weeks"":3},{""target"":""T2P"",""magnitude"":0.45288138836319725,""start_week"":49,""duration_weeks"":1,""recovery_weeks"":1}]"
A,314,965,Supplier-cluster shock,False,,False,Non-failure,Unclassified,Unclassified,2,0.8588600720609891,147.90061766439817,False,False,True,False,False,"[{""target"":""demand"",""magnitude"":0.1643340196271091,""start_week"":10,""duration_weeks"":3,""recovery_weeks"":1},{""target"":""S1A"",""magnitude"":0.3422314182226904,""start_week"":37,""duration_weeks"":11,""recovery_weeks"":1}]"
A,314,966,Supplier-cluster shock,False,,False,Non-failure,Unclassified,Unclassified,1,0.9770377307278452,41.332084689878684,False,False,False,True,False,"[{""target"":""S1B"",""magnitude"":0.30166510586234857,""start_week"":9,""duration_weeks"":1,""recovery_weeks"":4}]"
A,314,967,Supplier-cluster shock,True,False,False,Adaptation-limited,Concentrated dependency; Hidden convergent dependency; Propagation-amplified cascade,Hidden convergent dependency,2,0.7210041452041789,463.6062530181591,True,False,False,False,False,"[{""target"":""T2P"",""magnitude"":0.3254177551750941,""start_week"":36,""duration_weeks"":2,""recovery_weeks"":1},{""target"":""T2P"",""magnitude"":0.35109626931623916,""start_week"":44,""duration_weeks"":2,""recovery_weeks"":3}]"
A,314,968,Supplier-cluster shock,True,True,False,Structural,Concentrated dependency; Propagation-amplified cascade; Recovery lag and temporal overlap,Propagation-amplified cascade,3,0.8957728656561299,187.60884181896608,True,False,False,True,True,"[{""target"":""T2P"",""magnitude"":0.27583265429740067,""start_week"":27,""duration_weeks"":1,""recovery_weeks"":3},{""target"":""S1C"",""magnitude"":0.4845110522737075,""start_week"":29,""duration_weeks"":1,""recovery_weeks"":2},{""target"":""S1B"",""magnitude"":0.24908387705175772,""start_week"":30,""duration_weeks"":2,""recovery_weeks"":3}]"
A,314,969,Supplier-cluster shock,False,,False,Non-failure,Unclassified,Unclassified,1,0.9083902329758949,192.38051075062072,False,False,False,True,False,"[{""target"":""S1B"",""magnitude"":0.4561219758042364,""start_week"":32,""duration_weeks"":6,""recovery_weeks"":2}]"
A,314,970,Supplier-cluster shock,False,,False,Non-failure,Unclassified,Unclassified,1,0.9482166680374352,279.6299925978493,False,True,False,False,False,"[{""target"":""corridor"",""magnitude"":0.28883749897192346,""start_week"":45,""duration_weeks"":5,""recovery_weeks"":2}]"
A,314,971,Supplier-cluster shock,True,True,True,Structural,Concentrated dependency,Concentrated dependency,4,0.31756343157418243,4226.385431826491,False,True,False,True,True,"[{""target"":""S1C"",""magnitude"":0.3686832961279758,""start_week"":20,""duration_weeks"":2,""recovery_weeks"":1},{""target"":""S1B"",""magnitude"":0.44820436841858413,""start_week"":31,""duration_weeks"":1,""recovery_weeks"":1},{""target"":""corridor"",""magnitude"":0.5140604083493022,""start_week"":35,""duration_weeks"":9,""recovery_weeks"":2},{""target"":""corridor"",""magnitude"":0.5098720545251649,""start_week"":43,""duration_weeks"":2,""recovery_weeks"":1}]"
A,314,972,Supplier-cluster shock,True,False,False,Adaptation-limited,Concentrated dependency; Hidden convergent dependency; Propagation-amplified cascade,Hidden convergent dependency,2,0.763825751346386,519.0625308353889,True,True,False,False,False,"[{""target"":""T2P"",""magnitude"":0.31255682378825256,""start_week"":21,""duration_weeks"":4,""recovery_weeks"":2},{""target"":""corridor"",""magnitude"":0.2844108075706344,""start_week"":44,""duration_weeks"":1,""recovery_weeks"":2}]"
A,314,973,Supplier-cluster shock,False,,False,Non-failure,Unclassified,Unclassified,2,0.8850619435583447,140.5783516658057,False,False,True,False,True,"[{""target"":""S1A"",""magnitude"":0.39679134936256555,""start_week"":5,""duration_weeks"":3,""recovery_weeks"":4},{""target"":""S1C"",""magnitude"":0.5086106269937245,""start_week"":33,""duration_weeks"":1,""recovery_weeks"":3}]"
A,314,974,Supplier-cluster shock,False,,False,Non-failure,Unclassified,Unclassified,3,0.9751550065239922,44.72098825681405,False,True,True,True,False,"[{""target"":""corridor"",""magnitude"":0.2686337451070058,""start_week"":4,""duration_weeks"":1,""recovery_weeks"":1},{""target"":""S1A"",""magnitude"":0.23083888548869763,""start_week"":5,""duration_weeks"":3,""recovery_weeks"":3},{""target"":""S1B"",""magnitude"":0.26641757606022737,""start_week"":26,""duration_weeks"":6,""recovery_weeks"":4}]"
A,314,975,Supplier-cluster shock,False,,False,Non-failure,Unclassified,Unclassified,3,0.8677443522389172,137.17183255397526,False,True,False,False,False,"[{""target"":""demand"",""magnitude"":0.15241314728219485,""start_week"":12,""duration_weeks"":2,""recovery_weeks"":3},{""target"":""demand"",""magnitude"":0.06697024205573428,""start_week"":28,""duration_weeks"":2,""recovery_weeks"":1},{""target"":""corridor"",""magnitude"":0.39426725409769847,""start_week"":50,""duration_weeks"":6,""recovery_weeks"":1}]"
A,314,976,Supplier-cluster shock,False,,False,Non-failure,Unclassified,Unclassified,1,0.8379432008012305,174.0584793091366,False,False,False,False,False,"[{""target"":""demand"",""magnitude"":0.19339831034348476,""start_week"":41,""duration_weeks"":1,""recovery_weeks"":1}]"
A,314,977,Supplier-cluster shock,True,False,False,Adaptation-limited,Concentrated dependency; Hidden convergent dependency; Recovery lag and temporal overlap,Hidden convergent dependency,4,0.6511104347505718,481.84328257138236,True,False,False,False,False,"[{""target"":""demand"",""magnitude"":0.14827014134619532,""start_week"":7,""duration_weeks"":9,""recovery_weeks"":3},{""target"":""demand"",""magnitude"":0.09840085335976528,""start_week"":32,""duration_weeks"":4,""recovery_weeks"":2},{""target"":""T2P"",""magnitude"":0.4140006087244853,""start_week"":36,""duration_weeks"":2,""recovery_weeks"":2},{""target"":""T2P"",""magnitude"":0.2733400993903077,""start_week"":47,""duration_weeks"":1,""recovery_weeks"":1}]"
A,314,978,Supplier-cluster shock,False,,False,Non-failure,Unclassified,Unclassified,3,0.8946405758309729,105.99058919728645,False,False,False,True,True,"[{""target"":""demand"",""magnitude"":0.11776732133031835,""start_week"":1,""duration_weeks"":8,""recovery_weeks"":2},{""target"":""S1C"",""magnitude"":0.2694819007075479,""start_week"":18,""duration_weeks"":1,""recovery_weeks"":2},{""target"":""S1B"",""magnitude"":0.19266927176364915,""start_week"":44,""duration_weeks"":1,""recovery_weeks"":1}]"
A,314,979,Supplier-cluster shock,False,,False,Non-failure,Unclassified,Unclassified,2,1.0,0.0,True,False,False,False,True,"[{""target"":""T2P"",""magnitude"":0.2458548374516386,""start_week"":46,""duration_weeks"":1,""recovery_weeks"":2},{""target"":""S1C"",""magnitude"":0.24082882876036393,""start_week"":48,""duration_weeks"":1,""recovery_weeks"":3}]"
A,314,980,Supplier-cluster shock,False,,False,Non-failure,Unclassified,Unclassified,4,0.8830057226691939,119.24594246052573,True,False,False,False,False,"[{""target"":""demand"",""magnitude"":0.1324954916228062,""start_week"":11,""duration_weeks"":5,""recovery_weeks"":4},{""target"":""demand"",""magnitude"":0.11296323576179336,""start_week"":19,""duration_weeks"":1,""recovery_weeks"":4},{""target"":""demand"",""magnitude"":0.09920243038466355,""start_week"":22,""duration_weeks"":5,""recovery_weeks"":4},{""target"":""T2P"",""magnitude"":0.26879306496189076,""start_week"":42,""duration_weeks"":1,""recovery_weeks"":3}]"
A,314,981,Supplier-cluster shock,False,,False,Non-failure,Unclassified,Unclassified,4,0.918810851523962,178.26539462390735,False,False,True,True,True,"[{""target"":""S1C"",""magnitude"":0.2891414765783418,""start_week"":13,""duration_weeks"":1,""recovery_weeks"":3},{""target"":""S1B"",""magnitude"":0.42063542782268326,""start_week"":24,""duration_weeks"":2,""recovery_weeks"":3},{""target"":""S1C"",""magnitude"":0.292824314470402,""start_week"":26,""duration_weeks"":6,""recovery_weeks"":4},{""target"":""S1A"",""magnitude"":0.1810417591561603,""start_week"":31,""duration_weeks"":2,""recovery_weeks"":1}]"
A,314,982,Supplier-cluster shock,True,True,True,Structural,Concentrated dependency,Concentrated dependency,3,0.7940203653184026,1191.4396119366525,False,True,False,True,False,"[{""target"":""corridor"",""magnitude"":0.336553684316812,""start_week"":6,""duration_weeks"":8,""recovery_weeks"":2},{""target"":""demand"",""magnitude"":0.11407103169559263,""start_week"":11,""duration_weeks"":1,""recovery_weeks"":2},{""target"":""S1B"",""magnitude"":0.3061628342221864,""start_week"":31,""duration_weeks"":1,""recovery_weeks"":2}]"
A,314,983,Supplier-cluster shock,True,True,True,Structural,Concentrated dependency,Concentrated dependency,6,0.8318214257718716,908.1643008318936,False,True,True,True,True,"[{""target"":""corridor"",""magnitude"":0.37613393067109635,""start_week"":4,""duration_weeks"":5,""recovery_weeks"":2},{""target"":""S1A"",""magnitude"":0.26282032199676,""start_week"":5,""duration_weeks"":3,""recovery_weeks"":3},{""target"":""S1B"",""magnitude"":0.44123866521619504,""start_week"":27,""duration_weeks"":16,""recovery_weeks"":4},{""target"":""S1A"",""magnitude"":0.2515359625355672,""start_week"":40,""duration_weeks"":2,""recovery_weeks"":2},{""target"":""S1C"",""magnitude"":0.28834014451067336,""start_week"":41,""duration_weeks"":1,""recovery_weeks"":2},{""target"":""S1B"",""magnitude"":0.4326470662084503,""start_week"":45,""duration_weeks"":1,""recovery_weeks"":4}]"
A,314,984,Supplier-cluster shock,True,True,True,Structural,Concentrated dependency; Hidden convergent dependency; Propagation-amplified cascade,Hidden convergent dependency,2,0.6595714637260484,1035.1212545560602,True,False,False,False,False,"[{""target"":""T2P"",""magnitude"":0.4063856826465565,""start_week"":28,""duration_weeks"":4,""recovery_weeks"":2},{""target"":""demand"",""magnitude"":0.06300633495726783,""start_week"":43,""duration_weeks"":1,""recovery_weeks"":4}]"
A,314,985,Supplier-cluster shock,True,True,True,Structural,Concentrated dependency,Concentrated dependency,3,0.5454189082777174,1486.5939651506187,True,True,False,False,False,"[{""target"":""corridor"",""magnitude"":0.49776566085843643,""start_week"":26,""duration_weeks"":4,""recovery_weeks"":1},{""target"":""demand"",""magnitude"":0.2120709473998278,""start_week"":43,""duration_weeks"":2,""recovery_weeks"":2},{""target"":""T2P"",""magnitude"":0.554505533089979,""start_week"":47,""duration_weeks"":1,""recovery_weeks"":2}]"
A,314,986,Supplier-cluster shock,True,True,True,Structural,Hidden convergent dependency; Compounding moderate disturbance,Hidden convergent dependency,5,0.7472331555728385,660.625675946857,True,True,False,False,False,"[{""target"":""T2P"",""magnitude"":0.3223029547891899,""start_week"":1,""duration_weeks"":2,""recovery_weeks"":3},{""target"":""demand"",""magnitude"":0.16746449904095634,""start_week"":8,""duration_weeks"":1,""recovery_weeks"":3},{""target"":""corridor"",""magnitude"":0.43569459465485716,""start_week"":33,""duration_weeks"":2,""recovery_weeks"":4},{""target"":""T2P"",""magnitude"":0.20412185619815992,""start_week"":43,""duration_weeks"":5,""recovery_weeks"":1},{""target"":""demand"",""magnitude"":0.09853095914449223,""start_week"":46,""duration_weeks"":5,""recovery_weeks"":2}]"
A,314,987,Supplier-cluster shock,False,,False,Non-failure,Unclassified,Unclassified,1,0.9727325974734845,57.2615453056826,False,False,False,True,False,"[{""target"":""S1B"",""magnitude"":0.31135165568466006,""start_week"":41,""duration_weeks"":9,""recovery_weeks"":3}]"
A,314,988,Supplier-cluster shock,True,True,True,Structural,Concentrated dependency,Concentrated dependency,1,0.554844259432651,4807.681998127369,False,True,False,False,False,"[{""target"":""corridor"",""magnitude"":0.5838668054255117,""start_week"":39,""duration_weeks"":16,""recovery_weeks"":2}]"
A,314,989,Supplier-cluster shock,True,True,True,Structural,Concentrated dependency; Hidden convergent dependency; Propagation-amplified cascade,Hidden convergent dependency,7,0.6002222587567134,1388.6174991816974,True,True,False,False,False,"[{""target"":""T2P"",""magnitude"":0.24678684657696967,""start_week"":4,""duration_weeks"":9,""recovery_weeks"":2},{""target"":""corridor"",""magnitude"":0.3116442935640822,""start_week"":13,""duration_weeks"":2,""recovery_weeks"":4},{""target"":""demand"",""magnitude"":0.09696794122672367,""start_week"":22,""duration_weeks"":3,""recovery_weeks"":2},{""target"":""demand"",""magnitude"":0.18836323718646275,""start_week"":32,""duration_weeks"":1,""recovery_weeks"":3},{""target"":""demand"",""magnitude"":0.23705210646760394,""start_week"":38,""duration_weeks"":5,""recovery_weeks"":2},{""target"":""corridor"",""magnitude"":0.2587108076876587,""start_week"":42,""duration_weeks"":2,""recovery_weeks"":1},{""target"":""corridor"",""magnitude"":0.5498333059324649,""start_week"":47,""duration_weeks"":2,""recovery_weeks"":2}]"
A,314,990,Supplier-cluster shock,False,,False,Non-failure,Unclassified,Unclassified,1,0.7854177799672556,245.88696990985045,False,False,False,False,False,"[{""target"":""demand"",""magnitude"":0.273207744344278,""start_week"":28,""duration_weeks"":2,""recovery_weeks"":1}]"
A,314,991,Supplier-cluster shock,True,True,False,Structural,Concentrated dependency,Concentrated dependency,2,0.8885646709976823,200.58359220417174,False,False,False,False,True,"[{""target"":""S1C"",""magnitude"":0.5007294902552146,""start_week"":5,""duration_weeks"":1,""recovery_weeks"":1},{""target"":""demand"",""magnitude"":0.181313920391736,""start_week"":14,""duration_weeks"":3,""recovery_weeks"":4}]"
A,314,992,Supplier-cluster shock,True,True,True,Structural,Concentrated dependency,Concentrated dependency,8,0.8417558765974306,427.25913318693733,True,True,True,True,True,"[{""target"":""corridor"",""magnitude"":0.368683092551927,""start_week"":1,""duration_weeks"":2,""recovery_weeks"":3},{""target"":""S1C"",""magnitude"":0.4832555127584286,""start_week"":20,""duration_weeks"":2,""recovery_weeks"":4},{""target"":""S1A"",""magnitude"":0.32466414665134047,""start_week"":23,""duration_weeks"":2,""recovery_weeks"":4},{""target"":""T2P"",""magnitude"":0.26942526485528423,""start_week"":25,""duration_weeks"":1,""recovery_weeks"":1},{""target"":""T2P"",""magnitude"":0.21143971620976887,""start_week"":30,""duration_weeks"":1,""recovery_weeks"":3},{""target"":""S1B"",""magnitude"":0.422392456858421,""start_week"":33,""duration_weeks"":4,""recovery_weeks"":2},{""target"":""S1C"",""magnitude"":0.35605676024348043,""start_week"":41,""duration_weeks"":1,""recovery_weeks"":3},{""target"":""corridor"",""magnitude"":0.20109144524467615,""start_week"":47,""duration_weeks"":7,""recovery_weeks"":1}]"
A,314,993,Supplier-cluster shock,True,True,True,Structural,Concentrated dependency,Concentrated dependency,2,0.8401864785389396,1483.2586185695106,False,True,False,False,False,"[{""target"":""demand"",""magnitude"":0.1488635778291908,""start_week"":10,""duration_weeks"":1,""recovery_weeks"":3},{""target"":""corridor"",""magnitude"":0.3698601410957953,""start_week"":17,""duration_weeks"":11,""recovery_weeks"":1}]"
A,314,994,Supplier-cluster shock,False,,False,Non-failure,Unclassified,Unclassified,4,0.9425851212331979,120.57124541028429,False,False,True,True,False,"[{""target"":""S1B"",""magnitude"":0.37918347722530465,""start_week"":4,""duration_weeks"":3,""recovery_weeks"":3},{""target"":""S1A"",""magnitude"":0.4228870617787832,""start_week"":12,""duration_weeks"":1,""recovery_weeks"":4},{""target"":""S1B"",""magnitude"":0.23326960258111137,""start_week"":25,""duration_weeks"":1,""recovery_weeks"":2},{""target"":""demand"",""magnitude"":0.10460639607037236,""start_week"":51,""duration_weeks"":1,""recovery_weeks"":4}]"
A,314,995,Supplier-cluster shock,False,,False,Non-failure,Unclassified,Unclassified,2,0.9297433311044092,147.53900468074073,True,False,True,False,False,"[{""target"":""S1A"",""magnitude"":0.4080775050150792,""start_week"":12,""duration_weeks"":2,""recovery_weeks"":3},{""target"":""T2P"",""magnitude"":0.21794863839500878,""start_week"":49,""duration_weeks"":1,""recovery_weeks"":4}]"
A,314,996,Supplier-cluster shock,False,,False,Non-failure,Unclassified,Unclassified,2,0.9160548482625506,377.7531828185224,False,True,True,False,False,"[{""target"":""corridor"",""magnitude"":0.31295886380308713,""start_week"":1,""duration_weeks"":4,""recovery_weeks"":3},{""target"":""S1A"",""magnitude"":0.37083568364098596,""start_week"":50,""duration_weeks"":3,""recovery_weeks"":2}]"
A,314,997,Supplier-cluster shock,True,True,False,Structural,Concentrated dependency; Propagation-amplified cascade,Propagation-amplified cascade,3,0.768159446482858,492.15245519499786,True,True,False,False,False,"[{""target"":""T2P"",""magnitude"":0.3155025615360376,""start_week"":2,""duration_weeks"":1,""recovery_weeks"":1},{""target"":""corridor"",""magnitude"":0.38600415146748157,""start_week"":28,""duration_weeks"":1,""recovery_weeks"":4},{""target"":""demand"",""magnitude"":0.06574375297350483,""start_week"":30,""duration_weeks"":2,""recovery_weeks"":4}]"
A,314,998,Supplier-cluster shock,False,,False,Non-failure,Unclassified,Unclassified,1,1.0,0.0,False,True,False,False,False,"[{""target"":""corridor"",""magnitude"":0.212541274003663,""start_week"":41,""duration_weeks"":1,""recovery_weeks"":4}]"
A,314,999,Supplier-cluster shock,False,,False,Non-failure,Unclassified,Unclassified,0,1.0,0.0,False,False,False,False,False,[]
A,314,1000,Supplier-cluster shock,False,,False,Non-failure,Unclassified,Unclassified,1,0.9747075121055009,53.114224578448216,False,False,False,True,False,"[{""target"":""S1B"",""magnitude"":0.30690809776262296,""start_week"":12,""duration_weeks"":2,""recovery_weeks"":2}]"
