topology,seed,replication,dependence_model,moderate_passive_failure,moderate_active_failure,severe_passive_failure,passive_active_classification,mechanism_labels,primary_mechanism,event_count,worst_service_level,max_backlog_passive,has_T2P,has_corridor,has_S1A,has_S1B,has_S1C,event_specification
A,1618,1,Demand-supply coupling,True,True,True,Structural,Concentrated dependency,Concentrated dependency,3,0.636149894470143,1336.2743308572853,False,True,True,False,False,"[{""target"":""S1A"",""magnitude"":0.24016453173849456,""start_week"":24,""duration_weeks"":1,""recovery_weeks"":1},{""target"":""demand"",""magnitude"":0.13366390194106517,""start_week"":30,""duration_weeks"":6,""recovery_weeks"":1},{""target"":""corridor"",""magnitude"":0.5228875791473927,""start_week"":43,""duration_weeks"":3,""recovery_weeks"":4}]"
A,1618,2,Demand-supply coupling,True,True,True,Structural,Concentrated dependency,Concentrated dependency,2,0.7386633795317556,1056.2964018710381,False,True,False,False,False,"[{""target"":""corridor"",""magnitude"":0.33689085416408954,""start_week"":17,""duration_weeks"":4,""recovery_weeks"":2},{""target"":""corridor"",""magnitude"":0.44600246535118326,""start_week"":40,""duration_weeks"":4,""recovery_weeks"":3}]"
A,1618,3,Demand-supply coupling,False,,False,Non-failure,Unclassified,Unclassified,3,0.8421213605372765,212.37742331435493,True,False,True,False,False,"[{""target"":""demand"",""magnitude"":0.18747730061376938,""start_week"":19,""duration_weeks"":5,""recovery_weeks"":2},{""target"":""S1A"",""magnitude"":0.2359779946026751,""start_week"":46,""duration_weeks"":6,""recovery_weeks"":3},{""target"":""T2P"",""magnitude"":0.4262153870145189,""start_week"":47,""duration_weeks"":6,""recovery_weeks"":4}]"
A,1618,4,Demand-supply coupling,False,,False,Non-failure,Unclassified,Unclassified,0,1.0,0.0,False,False,False,False,False,[]
A,1618,5,Demand-supply coupling,False,,False,Non-failure,Unclassified,Unclassified,3,0.9471747159759574,110.93309645048942,False,False,False,False,True,"[{""target"":""S1C"",""magnitude"":0.36885688905409586,""start_week"":22,""duration_weeks"":2,""recovery_weeks"":2},{""target"":""S1C"",""magnitude"":0.33338281899866984,""start_week"":27,""duration_weeks"":1,""recovery_weeks"":3},{""target"":""demand"",""magnitude"":0.08146859674087253,""start_week"":29,""duration_weeks"":9,""recovery_weeks"":3}]"
A,1618,6,Demand-supply coupling,False,,False,Non-failure,Unclassified,Unclassified,1,0.9985963582320025,2.526555182395441,False,False,False,False,True,"[{""target"":""S1C"",""magnitude"":0.25315819397799405,""start_week"":20,""duration_weeks"":1,""recovery_weeks"":1}]"
A,1618,7,Demand-supply coupling,False,,False,Non-failure,Unclassified,Unclassified,1,0.9770486729168892,38.62000430898911,True,False,False,False,False,"[{""target"":""T2P"",""magnitude"":0.2359276198683788,""start_week"":4,""duration_weeks"":3,""recovery_weeks"":4}]"
A,1618,8,Demand-supply coupling,False,,False,Non-failure,Unclassified,Unclassified,4,0.8869722050479636,168.57685392250278,False,False,False,False,True,"[{""target"":""S1C"",""magnitude"":0.4048691489998931,""start_week"":18,""duration_weeks"":2,""recovery_weeks"":3},{""target"":""demand"",""magnitude"":0.299753927814565,""start_week"":29,""duration_weeks"":2,""recovery_weeks"":1},{""target"":""S1C"",""magnitude"":0.23139266562084182,""start_week"":42,""duration_weeks"":5,""recovery_weeks"":1},{""target"":""S1C"",""magnitude"":0.35508361788102216,""start_week"":43,""duration_weeks"":1,""recovery_weeks"":3}]"
A,1618,9,Demand-supply coupling,True,False,False,Adaptation-limited,Compounding moderate disturbance,Compounding moderate disturbance,3,0.8601935849023229,694.8900570699544,False,True,False,False,False,"[{""target"":""demand"",""magnitude"":0.06836165754274615,""start_week"":10,""duration_weeks"":2,""recovery_weeks"":3},{""target"":""corridor"",""magnitude"":0.3107516168695881,""start_week"":11,""duration_weeks"":6,""recovery_weeks"":1},{""target"":""demand"",""magnitude"":0.06504196776927637,""start_week"":51,""duration_weeks"":1,""recovery_weeks"":3}]"
A,1618,10,Demand-supply coupling,False,,False,Non-failure,Unclassified,Unclassified,2,0.8563282928035517,150.9987904912855,False,False,False,False,False,"[{""target"":""demand"",""magnitude"":0.16777643387920574,""start_week"":37,""duration_weeks"":1,""recovery_weeks"":1},{""target"":""demand"",""magnitude"":0.08537980983560443,""start_week"":47,""duration_weeks"":4,""recovery_weeks"":1}]"
A,1618,11,Demand-supply coupling,True,True,True,Structural,Concentrated dependency,Concentrated dependency,9,0.46561185861276955,5106.195957593629,True,True,True,False,False,"[{""target"":""corridor"",""magnitude"":0.6066809327028165,""start_week"":7,""duration_weeks"":3,""recovery_weeks"":4},{""target"":""demand"",""magnitude"":0.12631457589024742,""start_week"":11,""duration_weeks"":2,""recovery_weeks"":2},{""target"":""corridor"",""magnitude"":0.4508838167086918,""start_week"":13,""duration_weeks"":1,""recovery_weeks"":1},{""target"":""demand"",""magnitude"":0.23897452363422528,""start_week"":15,""duration_weeks"":2,""recovery_weeks"":2},{""target"":""T2P"",""magnitude"":0.4997472254626768,""start_week"":26,""duration_weeks"":2,""recovery_weeks"":2},{""target"":""demand"",""magnitude"":0.2080547397943116,""start_week"":28,""duration_weeks"":1,""recovery_weeks"":4},{""target"":""demand"",""magnitude"":0.2640375891007975,""start_week"":40,""duration_weeks"":5,""recovery_weeks"":3},{""target"":""S1A"",""magnitude"":0.21469295544907502,""start_week"":41,""duration_weeks"":1,""recovery_weeks"":3},{""target"":""demand"",""magnitude"":0.2681599256894202,""start_week"":43,""duration_weeks"":1,""recovery_weeks"":2}]"
A,1618,12,Demand-supply coupling,False,,False,Non-failure,Unclassified,Unclassified,0,1.0,0.0,False,False,False,False,False,[]
A,1618,13,Demand-supply coupling,False,,False,Non-failure,Unclassified,Unclassified,3,0.8644028630563545,207.89073505932015,True,True,False,False,False,"[{""target"":""T2P"",""magnitude"":0.3085094529176732,""start_week"":6,""duration_weeks"":1,""recovery_weeks"":3},{""target"":""demand"",""magnitude"":0.15686798683683373,""start_week"":12,""duration_weeks"":1,""recovery_weeks"":1},{""target"":""corridor"",""magnitude"":0.29015117824099246,""start_week"":42,""duration_weeks"":2,""recovery_weeks"":3}]"
A,1618,14,Demand-supply coupling,False,,False,Non-failure,Unclassified,Unclassified,0,1.0,0.0,False,False,False,False,False,[]
A,1618,15,Demand-supply coupling,False,,False,Non-failure,Unclassified,Unclassified,1,0.8681301639424833,136.71089587854522,False,False,False,False,False,"[{""target"":""demand"",""magnitude"":0.15190099542060573,""start_week"":5,""duration_weeks"":1,""recovery_weeks"":2}]"
A,1618,16,Demand-supply coupling,True,True,False,Structural,Concentrated dependency; Hidden convergent dependency; Propagation-amplified cascade,Hidden convergent dependency,1,0.7752384813422339,360.28415056395215,True,False,False,False,False,"[{""target"":""T2P"",""magnitude"":0.45342805018798404,""start_week"":28,""duration_weeks"":1,""recovery_weeks"":3}]"
A,1618,17,Demand-supply coupling,False,,False,Non-failure,Unclassified,Unclassified,3,0.7674884962660613,237.04141344217908,True,False,True,False,False,"[{""target"":""T2P"",""magnitude"":0.3092603533605448,""start_week"":6,""duration_weeks"":3,""recovery_weeks"":1},{""target"":""demand"",""magnitude"":0.0704275230850537,""start_week"":17,""duration_weeks"":2,""recovery_weeks"":2},{""target"":""S1A"",""magnitude"":0.44170672829481294,""start_week"":40,""duration_weeks"":9,""recovery_weeks"":1}]"
A,1618,18,Demand-supply coupling,True,False,True,Adaptation-limited,Concentrated dependency,Concentrated dependency,2,0.7739635090434288,610.2985255827423,False,True,False,False,False,"[{""target"":""corridor"",""magnitude"":0.41952736821742853,""start_week"":30,""duration_weeks"":2,""recovery_weeks"":2},{""target"":""demand"",""magnitude"":0.1318833829555908,""start_week"":48,""duration_weeks"":6,""recovery_weeks"":3}]"
A,1618,19,Demand-supply coupling,True,True,True,Structural,Concentrated dependency; Hidden convergent dependency; Propagation-amplified cascade,Hidden convergent dependency,4,0.5448845091114122,1851.6002317319624,True,False,False,False,False,"[{""target"":""T2P"",""magnitude"":0.446880030897595,""start_week"":2,""duration_weeks"":5,""recovery_weeks"":4},{""target"":""demand"",""magnitude"":0.08120517231580096,""start_week"":18,""duration_weeks"":2,""recovery_weeks"":2},{""target"":""T2P"",""magnitude"":0.45875781394090054,""start_week"":45,""duration_weeks"":2,""recovery_weeks"":3},{""target"":""demand"",""magnitude"":0.1036838021199259,""start_week"":46,""duration_weeks"":6,""recovery_weeks"":3}]"
A,1618,20,Demand-supply coupling,False,,False,Non-failure,Unclassified,Unclassified,1,0.9168244824659005,136.57677757448278,True,False,False,False,False,"[{""target"":""T2P"",""magnitude"":0.34971593156137937,""start_week"":44,""duration_weeks"":1,""recovery_weeks"":4}]"
A,1618,21,Demand-supply coupling,False,,False,Non-failure,Unclassified,Unclassified,3,0.8993510674909779,758.2166449635009,True,False,False,False,False,"[{""target"":""T2P"",""magnitude"":0.44529201962905995,""start_week"":11,""duration_weeks"":1,""recovery_weeks"":1},{""target"":""demand"",""magnitude"":0.06411135627174683,""start_week"":18,""duration_weeks"":9,""recovery_weeks"":1},{""target"":""demand"",""magnitude"":0.14208208654070592,""start_week"":19,""duration_weeks"":7,""recovery_weeks"":4}]"
A,1618,22,Demand-supply coupling,False,,False,Non-failure,Unclassified,Unclassified,3,0.8396325216188626,573.4191626519168,False,False,True,False,True,"[{""target"":""S1C"",""magnitude"":0.28120133976349365,""start_week"":3,""duration_weeks"":6,""recovery_weeks"":4},{""target"":""S1A"",""magnitude"":0.28416123675202487,""start_week"":27,""duration_weeks"":1,""recovery_weeks"":4},{""target"":""demand"",""magnitude"":0.20819983306985917,""start_week"":42,""duration_weeks"":8,""recovery_weeks"":1}]"
A,1618,23,Demand-supply coupling,False,,False,Non-failure,Unclassified,Unclassified,1,1.0,0.0,True,False,False,False,False,"[{""target"":""T2P"",""magnitude"":0.22185394172581774,""start_week"":37,""duration_weeks"":1,""recovery_weeks"":3}]"
A,1618,24,Demand-supply coupling,False,,False,Non-failure,Unclassified,Unclassified,0,1.0,0.0,False,False,False,False,False,[]
A,1618,25,Demand-supply coupling,False,,False,Non-failure,Unclassified,Unclassified,4,0.9016080892097097,195.28917293510813,False,True,False,True,False,"[{""target"":""corridor"",""magnitude"":0.1824540127186739,""start_week"":4,""duration_weeks"":1,""recovery_weeks"":4},{""target"":""demand"",""magnitude"":0.06868891721784635,""start_week"":21,""duration_weeks"":3,""recovery_weeks"":2},{""target"":""S1B"",""magnitude"":0.37490758872552343,""start_week"":48,""duration_weeks"":1,""recovery_weeks"":3},{""target"":""demand"",""magnitude"":0.18250262745567714,""start_week"":49,""duration_weeks"":5,""recovery_weeks"":1}]"
A,1618,26,Demand-supply coupling,True,True,True,Structural,Concentrated dependency,Concentrated dependency,3,0.7061120731342061,748.0863394556186,False,True,False,False,False,"[{""target"":""demand"",""magnitude"":0.12209615359927298,""start_week"":13,""duration_weeks"":5,""recovery_weeks"":3},{""target"":""corridor"",""magnitude"":0.3879530038061807,""start_week"":38,""duration_weeks"":4,""recovery_weeks"":1},{""target"":""demand"",""magnitude"":0.15571265899691733,""start_week"":43,""duration_weeks"":2,""recovery_weeks"":2}]"
A,1618,27,Demand-supply coupling,True,False,False,Adaptation-limited,Hidden convergent dependency; Compounding moderate disturbance,Hidden convergent dependency,2,0.7758804429928918,438.34285123056816,True,False,False,False,False,"[{""target"":""T2P"",""magnitude"":0.3097847293186094,""start_week"":43,""duration_weeks"":2,""recovery_weeks"":2},{""target"":""demand"",""magnitude"":0.12105856362920857,""start_week"":47,""duration_weeks"":1,""recovery_weeks"":4}]"
A,1618,28,Demand-supply coupling,False,,False,Non-failure,Unclassified,Unclassified,1,1.0,0.0,True,False,False,False,False,"[{""target"":""T2P"",""magnitude"":0.3214158019106934,""start_week"":32,""duration_weeks"":1,""recovery_weeks"":3}]"
A,1618,29,Demand-supply coupling,False,,False,Non-failure,Unclassified,Unclassified,3,0.9052344869218334,103.67228334221693,True,False,True,False,False,"[{""target"":""S1A"",""magnitude"":0.26202830178274733,""start_week"":5,""duration_weeks"":2,""recovery_weeks"":3},{""target"":""demand"",""magnitude"":0.10271763149442882,""start_week"":8,""duration_weeks"":1,""recovery_weeks"":4},{""target"":""T2P"",""magnitude"":0.3122212418755764,""start_week"":35,""duration_weeks"":1,""recovery_weeks"":1}]"
A,1618,30,Demand-supply coupling,False,,False,Non-failure,Unclassified,Unclassified,1,0.9017671215698846,353.63836234841506,False,True,False,False,False,"[{""target"":""corridor"",""magnitude"":0.32367465882258656,""start_week"":39,""duration_weeks"":3,""recovery_weeks"":3}]"
A,1618,31,Demand-supply coupling,True,True,True,Structural,Concentrated dependency,Concentrated dependency,3,0.6503771563252595,3670.159747849155,False,True,False,False,False,"[{""target"":""corridor"",""magnitude"":0.450886188946923,""start_week"":2,""duration_weeks"":12,""recovery_weeks"":2},{""target"":""demand"",""magnitude"":0.12573410820200093,""start_week"":12,""duration_weeks"":5,""recovery_weeks"":2},{""target"":""corridor"",""magnitude"":0.33190396016180534,""start_week"":31,""duration_weeks"":4,""recovery_weeks"":1}]"
A,1618,32,Demand-supply coupling,False,,False,Non-failure,Unclassified,Unclassified,1,1.0,0.0,False,False,False,False,True,"[{""target"":""S1C"",""magnitude"":0.24140620213835073,""start_week"":45,""duration_weeks"":4,""recovery_weeks"":1}]"
A,1618,33,Demand-supply coupling,True,True,False,Structural,Concentrated dependency,Concentrated dependency,4,0.8569530298037578,257.48454635323606,True,True,False,True,False,"[{""target"":""S1B"",""magnitude"":0.5718556829415451,""start_week"":2,""duration_weeks"":1,""recovery_weeks"":4},{""target"":""T2P"",""magnitude"":0.30113632656296657,""start_week"":17,""duration_weeks"":1,""recovery_weeks"":2},{""target"":""corridor"",""magnitude"":0.2370826575586395,""start_week"":21,""duration_weeks"":3,""recovery_weeks"":1},{""target"":""demand"",""magnitude"":0.1077771150567009,""start_week"":25,""duration_weeks"":1,""recovery_weeks"":4}]"
A,1618,34,Demand-supply coupling,False,,False,Non-failure,Unclassified,Unclassified,4,0.8783399028254683,124.6602677447022,False,True,False,False,True,"[{""target"":""corridor"",""magnitude"":0.22163643872990033,""start_week"":11,""duration_weeks"":1,""recovery_weeks"":3},{""target"":""demand"",""magnitude"":0.13851140860522465,""start_week"":19,""duration_weeks"":2,""recovery_weeks"":1},{""target"":""S1C"",""magnitude"":0.1883922733612271,""start_week"":38,""duration_weeks"":4,""recovery_weeks"":4},{""target"":""demand"",""magnitude"":0.2169084092575893,""start_week"":51,""duration_weeks"":4,""recovery_weeks"":2}]"
A,1618,35,Demand-supply coupling,False,,False,Non-failure,Unclassified,Unclassified,3,0.8986401280441476,116.81256360950238,False,True,True,False,False,"[{""target"":""corridor"",""magnitude"":0.24058137890621636,""start_week"":1,""duration_weeks"":2,""recovery_weeks"":4},{""target"":""demand"",""magnitude"":0.11279250591274848,""start_week"":9,""duration_weeks"":2,""recovery_weeks"":1},{""target"":""S1A"",""magnitude"":0.3883660503678634,""start_week"":24,""duration_weeks"":5,""recovery_weeks"":3}]"
A,1618,36,Demand-supply coupling,False,,False,Non-failure,Unclassified,Unclassified,1,0.8644374159056851,141.1395705923435,False,False,False,False,False,"[{""target"":""demand"",""magnitude"":0.15682174510260388,""start_week"":6,""duration_weeks"":2,""recovery_weeks"":1}]"
A,1618,37,Demand-supply coupling,False,,False,Non-failure,Unclassified,Unclassified,2,0.9872915597124506,26.687724603853667,False,False,False,False,True,"[{""target"":""S1C"",""magnitude"":0.24480835217874447,""start_week"":22,""duration_weeks"":1,""recovery_weeks"":2},{""target"":""S1C"",""magnitude"":0.27859399064698587,""start_week"":26,""duration_weeks"":4,""recovery_weeks"":3}]"
A,1618,38,Demand-supply coupling,True,False,True,Adaptation-limited,Concentrated dependency,Concentrated dependency,2,0.7048778314807161,1452.2572220872935,False,True,False,False,False,"[{""target"":""corridor"",""magnitude"":0.47134162638946286,""start_week"":17,""duration_weeks"":4,""recovery_weeks"":4},{""target"":""demand"",""magnitude"":0.1606474063557034,""start_week"":46,""duration_weeks"":2,""recovery_weeks"":1}]"
A,1618,39,Demand-supply coupling,True,True,True,Structural,Concentrated dependency,Concentrated dependency,3,0.6984009466692384,576.1851798785015,False,False,True,False,True,"[{""target"":""S1C"",""magnitude"":0.5998413032987823,""start_week"":18,""duration_weeks"":1,""recovery_weeks"":4},{""target"":""S1A"",""magnitude"":0.5787565666954315,""start_week"":19,""duration_weeks"":1,""recovery_weeks"":4},{""target"":""demand"",""magnitude"":0.22348823093272302,""start_week"":45,""duration_weeks"":6,""recovery_weeks"":3}]"
A,1618,40,Demand-supply coupling,True,True,True,Structural,Concentrated dependency; Hidden convergent dependency,Hidden convergent dependency,6,0.5738337666201736,3090.1969896236424,True,True,False,False,False,"[{""target"":""T2P"",""magnitude"":0.39079815895758396,""start_week"":8,""duration_weeks"":3,""recovery_weeks"":3},{""target"":""demand"",""magnitude"":0.17959411569381284,""start_week"":10,""duration_weeks"":9,""recovery_weeks"":1},{""target"":""T2P"",""magnitude"":0.3445720472588948,""start_week"":14,""duration_weeks"":1,""recovery_weeks"":4},{""target"":""corridor"",""magnitude"":0.28806055789166896,""start_week"":34,""duration_weeks"":7,""recovery_weeks"":2},{""target"":""demand"",""magnitude"":0.14141176066109912,""start_week"":49,""duration_weeks"":3,""recovery_weeks"":1},{""target"":""corridor"",""magnitude"":0.2656758503543062,""start_week"":51,""duration_weeks"":1,""recovery_weeks"":2}]"
A,1618,41,Demand-supply coupling,False,,False,Non-failure,Unclassified,Unclassified,1,0.9053396242508631,170.38867634844632,False,True,False,False,False,"[{""target"":""corridor"",""magnitude"":0.32099528181185266,""start_week"":7,""duration_weeks"":1,""recovery_weeks"":2}]"
A,1618,42,Demand-supply coupling,True,False,False,Adaptation-limited,Concentrated dependency; Hidden convergent dependency; Propagation-amplified cascade,Hidden convergent dependency,2,0.7175001909951889,438.9997708057733,True,False,False,False,False,"[{""target"":""T2P"",""magnitude"":0.38474994270144325,""start_week"":7,""duration_weeks"":2,""recovery_weeks"":3},{""target"":""demand"",""magnitude"":0.05416914667095288,""start_week"":32,""duration_weeks"":2,""recovery_weeks"":4}]"
A,1618,43,Demand-supply coupling,False,,False,Non-failure,Unclassified,Unclassified,3,0.9127500747494572,272.60680239760177,False,False,True,True,True,"[{""target"":""S1C"",""magnitude"":0.4233354054199373,""start_week"":11,""duration_weeks"":3,""recovery_weeks"":1},{""target"":""S1B"",""magnitude"":0.33075539486709615,""start_week"":13,""duration_weeks"":1,""recovery_weeks"":4},{""target"":""S1A"",""magnitude"":0.3215682344970816,""start_week"":24,""duration_weeks"":1,""recovery_weeks"":3}]"
A,1618,44,Demand-supply coupling,False,,False,Non-failure,Unclassified,Unclassified,1,0.9893758954270532,22.310619603188343,False,False,True,False,False,"[{""target"":""S1A"",""magnitude"":0.2739042352891304,""start_week"":32,""duration_weeks"":6,""recovery_weeks"":3}]"
A,1618,45,Demand-supply coupling,False,,False,Non-failure,Unclassified,Unclassified,2,0.9481894681798976,419.66530774282865,True,True,False,False,False,"[{""target"":""corridor"",""magnitude"":0.2888578988650767,""start_week"":19,""duration_weeks"":8,""recovery_weeks"":3},{""target"":""T2P"",""magnitude"":0.367196281877317,""start_week"":49,""duration_weeks"":11,""recovery_weeks"":4}]"
A,1618,46,Demand-supply coupling,True,False,False,Adaptation-limited,Concentrated dependency; Recovery lag and temporal overlap,Recovery lag and temporal overlap,4,0.7274296570004171,633.9303555764254,False,True,False,False,False,"[{""target"":""corridor"",""magnitude"":0.19161930539501304,""start_week"":9,""duration_weeks"":1,""recovery_weeks"":2},{""target"":""demand"",""magnitude"":0.15457463892628057,""start_week"":42,""duration_weeks"":1,""recovery_weeks"":3},{""target"":""corridor"",""magnitude"":0.3982066689621336,""start_week"":43,""duration_weeks"":1,""recovery_weeks"":2},{""target"":""demand"",""magnitude"":0.13256641689257023,""start_week"":51,""duration_weeks"":1,""recovery_weeks"":1}]"
A,1618,47,Demand-supply coupling,True,True,False,Structural,Concentrated dependency,Concentrated dependency,3,0.850019404614982,295.6251018338967,False,False,False,True,False,"[{""target"":""S1B"",""magnitude"":0.3956924882820049,""start_week"":17,""duration_weeks"":5,""recovery_weeks"":2},{""target"":""demand"",""magnitude"":0.08237100967592056,""start_week"":33,""duration_weeks"":4,""recovery_weeks"":4},{""target"":""S1B"",""magnitude"":0.5874563396162903,""start_week"":42,""duration_weeks"":5,""recovery_weeks"":3}]"
A,1618,48,Demand-supply coupling,True,True,True,Structural,Concentrated dependency; Hidden convergent dependency; Propagation-amplified cascade,Hidden convergent dependency,2,0.6859875564692692,1378.2783942436035,True,False,False,False,False,"[{""target"":""T2P"",""magnitude"":0.38261119917765773,""start_week"":27,""duration_weeks"":6,""recovery_weeks"":1},{""target"":""demand"",""magnitude"":0.1890708413013551,""start_week"":47,""duration_weeks"":1,""recovery_weeks"":1}]"
A,1618,49,Demand-supply coupling,False,,False,Non-failure,Unclassified,Unclassified,4,0.9304158233453282,125.25151797840908,False,False,True,True,False,"[{""target"":""S1A"",""magnitude"":0.40656439747301143,""start_week"":15,""duration_weeks"":1,""recovery_weeks"":4},{""target"":""demand"",""magnitude"":0.14040246576697313,""start_week"":20,""duration_weeks"":10,""recovery_weeks"":1},{""target"":""S1B"",""magnitude"":0.21922740866033816,""start_week"":30,""duration_weeks"":7,""recovery_weeks"":3},{""target"":""demand"",""magnitude"":0.05655506972128089,""start_week"":48,""duration_weeks"":11,""recovery_weeks"":2}]"
A,1618,50,Demand-supply coupling,True,True,True,Structural,Concentrated dependency; Hidden convergent dependency; Propagation-amplified cascade,Hidden convergent dependency,2,0.7955816698468126,545.8472313961463,True,False,False,False,False,"[{""target"":""T2P"",""magnitude"":0.28397649713786866,""start_week"":2,""duration_weeks"":5,""recovery_weeks"":2},{""target"":""demand"",""magnitude"":0.17478462644791337,""start_week"":35,""duration_weeks"":1,""recovery_weeks"":3}]"
A,1618,51,Demand-supply coupling,True,True,False,Structural,Concentrated dependency,Concentrated dependency,3,0.7811057723620711,561.0635578738048,False,False,True,False,False,"[{""target"":""demand"",""magnitude"":0.28023634619417886,""start_week"":16,""duration_weeks"":4,""recovery_weeks"":1},{""target"":""S1A"",""magnitude"":0.4620113441800706,""start_week"":36,""duration_weeks"":2,""recovery_weeks"":1},{""target"":""demand"",""magnitude"":0.16706735045567164,""start_week"":44,""duration_weeks"":2,""recovery_weeks"":4}]"
A,1618,52,Demand-supply coupling,False,,False,Non-failure,Unclassified,Unclassified,3,0.9130668619475988,88.33400528957145,False,False,True,False,False,"[{""target"":""demand"",""magnitude"":0.09521004613722402,""start_week"":26,""duration_weeks"":1,""recovery_weeks"":2},{""target"":""S1A"",""magnitude"":0.30905311850089967,""start_week"":42,""duration_weeks"":5,""recovery_weeks"":4},{""target"":""demand"",""magnitude"":0.1376892489459461,""start_week"":45,""duration_weeks"":1,""recovery_weeks"":2}]"
A,1618,53,Demand-supply coupling,False,,False,Non-failure,Unclassified,Unclassified,3,0.8929973255495244,136.63934615097764,True,False,True,False,False,"[{""target"":""S1A"",""magnitude"":0.2321258180729064,""start_week"":26,""duration_weeks"":6,""recovery_weeks"":2},{""target"":""T2P"",""magnitude"":0.26740300493875757,""start_week"":27,""duration_weeks"":1,""recovery_weeks"":1},{""target"":""demand"",""magnitude"":0.11982418243484579,""start_week"":31,""duration_weeks"":2,""recovery_weeks"":1}]"
A,1618,54,Demand-supply coupling,True,True,True,Structural,Concentrated dependency,Concentrated dependency,3,0.5852647176345362,1414.2638895493963,False,True,False,False,False,"[{""target"":""demand"",""magnitude"":0.18335389676160846,""start_week"":17,""duration_weeks"":2,""recovery_weeks"":2},{""target"":""corridor"",""magnitude"":0.29217431340300276,""start_week"":20,""duration_weeks"":1,""recovery_weeks"":2},{""target"":""corridor"",""magnitude"":0.5610514617740978,""start_week"":47,""duration_weeks"":6,""recovery_weeks"":3}]"
A,1618,55,Demand-supply coupling,False,,False,Non-failure,Unclassified,Unclassified,1,1.0,0.0,True,False,False,False,False,"[{""target"":""T2P"",""magnitude"":0.2616335172943797,""start_week"":49,""duration_weeks"":1,""recovery_weeks"":4}]"
A,1618,56,Demand-supply coupling,False,,False,Non-failure,Unclassified,Unclassified,3,0.8049380653788526,343.2515215895237,True,False,True,False,False,"[{""target"":""T2P"",""magnitude"":0.23651400038432419,""start_week"":14,""duration_weeks"":3,""recovery_weeks"":3},{""target"":""demand"",""magnitude"":0.10778397453841604,""start_week"":18,""duration_weeks"":2,""recovery_weeks"":2},{""target"":""S1A"",""magnitude"":0.2944825952995781,""start_week"":33,""duration_weeks"":1,""recovery_weeks"":4}]"
A,1618,57,Demand-supply coupling,True,False,False,Adaptation-limited,Concentrated dependency,Concentrated dependency,2,0.8582059032344345,706.5053422381683,False,True,False,False,False,"[{""target"":""corridor"",""magnitude"":0.3188044700653302,""start_week"":29,""duration_weeks"":1,""recovery_weeks"":1},{""target"":""demand"",""magnitude"":0.29469059455722607,""start_week"":34,""duration_weeks"":5,""recovery_weeks"":2}]"
A,1618,58,Demand-supply coupling,True,True,True,Structural,Concentrated dependency; Hidden convergent dependency,Hidden convergent dependency,5,0.5796998985043088,2046.178901680495,True,False,False,True,False,"[{""target"":""demand"",""magnitude"":0.23851056366346313,""start_week"":1,""duration_weeks"":3,""recovery_weeks"":1},{""target"":""T2P"",""magnitude"":0.4018604162611743,""start_week"":24,""duration_weeks"":6,""recovery_weeks"":4},{""target"":""demand"",""magnitude"":0.1464544658405595,""start_week"":31,""duration_weeks"":1,""recovery_weeks"":2},{""target"":""S1B"",""magnitude"":0.2524946250192132,""start_week"":34,""duration_weeks"":2,""recovery_weeks"":3},{""target"":""demand"",""magnitude"":0.18586626972730125,""start_week"":40,""duration_weeks"":1,""recovery_weeks"":4}]"
A,1618,59,Demand-supply coupling,False,,False,Non-failure,Unclassified,Unclassified,4,0.9038385138912919,169.11570296175103,False,False,True,True,False,"[{""target"":""S1A"",""magnitude"":0.201250393147738,""start_week"":7,""duration_weeks"":1,""recovery_weeks"":1},{""target"":""demand"",""magnitude"":0.10639233074357989,""start_week"":26,""duration_weeks"":2,""recovery_weeks"":2},{""target"":""S1B"",""magnitude"":0.4813431907166099,""start_week"":27,""duration_weeks"":3,""recovery_weeks"":2},{""target"":""demand"",""magnitude"":0.1101077446164424,""start_week"":38,""duration_weeks"":3,""recovery_weeks"":3}]"
A,1618,60,Demand-supply coupling,True,True,True,Structural,Compounding moderate disturbance,Compounding moderate disturbance,4,0.6911085307874684,2377.7148464401134,True,False,False,False,False,"[{""target"":""demand"",""magnitude"":0.18980912309309877,""start_week"":4,""duration_weeks"":8,""recovery_weeks"":2},{""target"":""demand"",""magnitude"":0.17386402501894582,""start_week"":7,""duration_weeks"":3,""recovery_weeks"":2},{""target"":""T2P"",""magnitude"":0.2599414885194422,""start_week"":8,""duration_weeks"":3,""recovery_weeks"":1},{""target"":""demand"",""magnitude"":0.17676949154747235,""start_week"":15,""duration_weeks"":2,""recovery_weeks"":2}]"
A,1618,61,Demand-supply coupling,True,True,True,Structural,Concentrated dependency; Hidden convergent dependency,Hidden convergent dependency,2,0.671540848981369,1755.5219660982898,True,False,False,False,False,"[{""target"":""demand"",""magnitude"":0.15584802390439403,""start_week"":6,""duration_weeks"":6,""recovery_weeks"":1},{""target"":""T2P"",""magnitude"":0.3956132359167679,""start_week"":9,""duration_weeks"":4,""recovery_weeks"":3}]"
A,1618,62,Demand-supply coupling,False,,False,Non-failure,Unclassified,Unclassified,1,0.9580102253574972,680.2343492085437,False,True,False,False,False,"[{""target"":""corridor"",""magnitude"":0.281492330981877,""start_week"":24,""duration_weeks"":17,""recovery_weeks"":1}]"
A,1618,63,Demand-supply coupling,True,True,False,Structural,Concentrated dependency; Hidden convergent dependency; Propagation-amplified cascade,Hidden convergent dependency,1,0.8586958831061849,544.5633468399008,True,False,False,False,False,"[{""target"":""T2P"",""magnitude"":0.2271737052044333,""start_week"":8,""duration_weeks"":8,""recovery_weeks"":1}]"
A,1618,64,Demand-supply coupling,False,,False,Non-failure,Unclassified,Unclassified,4,0.8476181690244528,161.79885341041586,True,False,False,False,False,"[{""target"":""demand"",""magnitude"":0.17977650378935095,""start_week"":6,""duration_weeks"":1,""recovery_weeks"":1},{""target"":""T2P"",""magnitude"":0.16879851826532705,""start_week"":12,""duration_weeks"":1,""recovery_weeks"":4},{""target"":""demand"",""magnitude"":0.09216914649585485,""start_week"":26,""duration_weeks"":1,""recovery_weeks"":4},{""target"":""T2P"",""magnitude"":0.2154689069606101,""start_week"":44,""duration_weeks"":1,""recovery_weeks"":2}]"
A,1618,65,Demand-supply coupling,True,True,False,Structural,Concentrated dependency,Concentrated dependency,2,0.7245287764388798,759.7413356290951,True,True,False,False,False,"[{""target"":""corridor"",""magnitude"":0.3514365947873326,""start_week"":38,""duration_weeks"":3,""recovery_weeks"":3},{""target"":""T2P"",""magnitude"":0.34792410120500816,""start_week"":43,""duration_weeks"":2,""recovery_weeks"":3}]"
A,1618,66,Demand-supply coupling,False,,False,Non-failure,Unclassified,Unclassified,2,0.8699336067172246,134.56171028526387,False,True,False,False,False,"[{""target"":""corridor"",""magnitude"":0.23654475705614203,""start_week"":27,""duration_weeks"":4,""recovery_weeks"":4},{""target"":""demand"",""magnitude"":0.14951301142807089,""start_week"":39,""duration_weeks"":1,""recovery_weeks"":2}]"
A,1618,67,Demand-supply coupling,True,True,True,Structural,Concentrated dependency,Concentrated dependency,2,0.8331138572256642,901.1851709814127,False,True,False,False,False,"[{""target"":""corridor"",""magnitude"":0.3751646070807517,""start_week"":6,""duration_weeks"":5,""recovery_weeks"":2},{""target"":""demand"",""magnitude"":0.1267576221562855,""start_week"":29,""duration_weeks"":1,""recovery_weeks"":2}]"
A,1618,68,Demand-supply coupling,True,False,False,Adaptation-limited,Concentrated dependency,Concentrated dependency,2,0.7666330143017079,469.18147916907856,False,True,False,False,False,"[{""target"":""corridor"",""magnitude"":0.42502523927371905,""start_week"":5,""duration_weeks"":1,""recovery_weeks"":1},{""target"":""demand"",""magnitude"":0.17007784061889958,""start_week"":26,""duration_weeks"":15,""recovery_weeks"":1}]"
A,1618,69,Demand-supply coupling,True,False,False,Adaptation-limited,Concentrated dependency; Propagation-amplified cascade,Propagation-amplified cascade,5,0.6173037652619177,732.9398170639254,True,True,True,False,False,"[{""target"":""T2P"",""magnitude"":0.2727467609193418,""start_week"":2,""duration_weeks"":1,""recovery_weeks"":3},{""target"":""demand"",""magnitude"":0.10208614267122053,""start_week"":6,""duration_weeks"":2,""recovery_weeks"":4},{""target"":""S1A"",""magnitude"":0.3988253237663508,""start_week"":16,""duration_weeks"":2,""recovery_weeks"":4},{""target"":""corridor"",""magnitude"":0.5370221760535617,""start_week"":41,""duration_weeks"":1,""recovery_weeks"":3},{""target"":""demand"",""magnitude"":0.12681183932077647,""start_week"":46,""duration_weeks"":1,""recovery_weeks"":1}]"
A,1618,70,Demand-supply coupling,True,False,False,Adaptation-limited,Concentrated dependency; Hidden convergent dependency; Propagation-amplified cascade,Hidden convergent dependency,4,0.7528041158285752,412.38147877141137,True,False,False,False,True,"[{""target"":""T2P"",""magnitude"":0.32247629575428227,""start_week"":3,""duration_weeks"":3,""recovery_weeks"":3},{""target"":""demand"",""magnitude"":0.0891538873259467,""start_week"":14,""duration_weeks"":2,""recovery_weeks"":4},{""target"":""S1C"",""magnitude"":0.42036934140314974,""start_week"":24,""duration_weeks"":1,""recovery_weeks"":3},{""target"":""demand"",""magnitude"":0.08093169513364872,""start_week"":29,""duration_weeks"":4,""recovery_weeks"":1}]"
A,1618,71,Demand-supply coupling,True,False,True,Adaptation-limited,Concentrated dependency,Concentrated dependency,4,0.7071375246921249,882.568661772487,True,True,False,False,False,"[{""target"":""demand"",""magnitude"":0.10316194685223742,""start_week"":20,""duration_weeks"":1,""recovery_weeks"":3},{""target"":""corridor"",""magnitude"":0.3470835469894039,""start_week"":41,""duration_weeks"":4,""recovery_weeks"":2},{""target"":""demand"",""magnitude"":0.13924307366639438,""start_week"":44,""duration_weeks"":9,""recovery_weeks"":1},{""target"":""T2P"",""magnitude"":0.27495862557840794,""start_week"":47,""duration_weeks"":3,""recovery_weeks"":1}]"
A,1618,72,Demand-supply coupling,True,False,False,Adaptation-limited,Hidden convergent dependency; Compounding moderate disturbance,Hidden convergent dependency,5,0.82717703392431,405.73527210797704,True,False,True,False,False,"[{""target"":""T2P"",""magnitude"":0.18460943588458478,""start_week"":9,""duration_weeks"":3,""recovery_weeks"":4},{""target"":""demand"",""magnitude"":0.12703847508206045,""start_week"":11,""duration_weeks"":3,""recovery_weeks"":4},{""target"":""S1A"",""magnitude"":0.3325321120058355,""start_week"":44,""duration_weeks"":2,""recovery_weeks"":3},{""target"":""S1A"",""magnitude"":0.35546570861266147,""start_week"":49,""duration_weeks"":1,""recovery_weeks"":2},{""target"":""demand"",""magnitude"":0.12975045746406227,""start_week"":51,""duration_weeks"":4,""recovery_weeks"":3}]"
A,1618,73,Demand-supply coupling,False,,False,Non-failure,Unclassified,Unclassified,1,0.913354936104832,467.88334503390706,False,True,False,False,False,"[{""target"":""corridor"",""magnitude"":0.314983797921376,""start_week"":17,""duration_weeks"":5,""recovery_weeks"":3}]"
A,1618,74,Demand-supply coupling,True,False,False,Adaptation-limited,Concentrated dependency; Recovery lag and temporal overlap,Recovery lag and temporal overlap,6,0.7861886227357535,435.06766543249296,False,True,True,False,True,"[{""target"":""demand"",""magnitude"":0.20605092577879536,""start_week"":3,""duration_weeks"":6,""recovery_weeks"":3},{""target"":""S1C"",""magnitude"":0.2954191662295831,""start_week"":10,""duration_weeks"":5,""recovery_weeks"":1},{""target"":""demand"",""magnitude"":0.08555652865221769,""start_week"":15,""duration_weeks"":3,""recovery_weeks"":2},{""target"":""corridor"",""magnitude"":0.21720520989044323,""start_week"":25,""duration_weeks"":3,""recovery_weeks"":2},{""target"":""S1A"",""magnitude"":0.5279659126538988,""start_week"":38,""duration_weeks"":2,""recovery_weeks"":3},{""target"":""demand"",""magnitude"":0.11741819440282554,""start_week"":41,""duration_weeks"":5,""recovery_weeks"":2}]"
A,1618,75,Demand-supply coupling,False,,False,Non-failure,Unclassified,Unclassified,3,0.9300187948786964,146.96053075473765,False,False,True,False,False,"[{""target"":""S1A"",""magnitude"":0.4074577115229332,""start_week"":19,""duration_weeks"":2,""recovery_weeks"":1},{""target"":""S1A"",""magnitude"":0.3687858679933735,""start_week"":33,""duration_weeks"":10,""recovery_weeks"":3},{""target"":""demand"",""magnitude"":0.11065110962708298,""start_week"":49,""duration_weeks"":7,""recovery_weeks"":2}]"
A,1618,76,Demand-supply coupling,True,False,False,Adaptation-limited,Compounding moderate disturbance,Compounding moderate disturbance,3,0.8498160316647478,580.3788508749878,False,True,False,False,True,"[{""target"":""corridor"",""magnitude"":0.2666521227233953,""start_week"":4,""duration_weeks"":6,""recovery_weeks"":1},{""target"":""demand"",""magnitude"":0.1505986393157152,""start_week"":8,""duration_weeks"":1,""recovery_weeks"":4},{""target"":""S1C"",""magnitude"":0.18749726721268983,""start_week"":20,""duration_weeks"":2,""recovery_weeks"":1}]"
A,1618,77,Demand-supply coupling,False,,False,Non-failure,Unclassified,Unclassified,1,0.9007292996981474,89.34363027166728,True,False,False,False,False,"[{""target"":""T2P"",""magnitude"":0.39573745210866684,""start_week"":24,""duration_weeks"":1,""recovery_weeks"":2}]"
A,1618,78,Demand-supply coupling,True,True,True,Structural,Concentrated dependency; Hidden convergent dependency; Propagation-amplified cascade,Hidden convergent dependency,3,0.7063557616562283,985.6788870563673,True,False,False,False,False,"[{""target"":""T2P"",""magnitude"":0.3642798145093945,""start_week"":5,""duration_weeks"":5,""recovery_weeks"":1},{""target"":""demand"",""magnitude"":0.19125656397817153,""start_week"":35,""duration_weeks"":3,""recovery_weeks"":3},{""target"":""demand"",""magnitude"":0.15125135711549775,""start_week"":36,""duration_weeks"":4,""recovery_weeks"":4}]"
A,1618,79,Demand-supply coupling,False,,False,Non-failure,Unclassified,Unclassified,5,0.8756696778900692,127.78481740803772,True,False,False,True,False,"[{""target"":""T2P"",""magnitude"":0.20399698605437894,""start_week"":12,""duration_weeks"":1,""recovery_weeks"":1},{""target"":""demand"",""magnitude"":0.14198313045337513,""start_week"":21,""duration_weeks"":1,""recovery_weeks"":3},{""target"":""T2P"",""magnitude"":0.22822522450069993,""start_week"":31,""duration_weeks"":1,""recovery_weeks"":1},{""target"":""S1B"",""magnitude"":0.2950994819998627,""start_week"":33,""duration_weeks"":3,""recovery_weeks"":1},{""target"":""T2P"",""magnitude"":0.2685135371094518,""start_week"":40,""duration_weeks"":1,""recovery_weeks"":4}]"
A,1618,80,Demand-supply coupling,True,False,True,Adaptation-limited,Concentrated dependency,Concentrated dependency,1,0.7724862388334364,1879.3697221491025,False,True,False,False,False,"[{""target"":""corridor"",""magnitude"":0.4206353208749227,""start_week"":3,""duration_weeks"":8,""recovery_weeks"":3}]"
A,1618,81,Demand-supply coupling,False,,False,Non-failure,Unclassified,Unclassified,2,0.8666025884803981,138.53832421406082,True,False,False,False,False,"[{""target"":""demand"",""magnitude"":0.15393147134895638,""start_week"":23,""duration_weeks"":1,""recovery_weeks"":2},{""target"":""T2P"",""magnitude"":0.23677276187919918,""start_week"":46,""duration_weeks"":1,""recovery_weeks"":1}]"
A,1618,82,Demand-supply coupling,False,,False,Non-failure,Unclassified,Unclassified,4,0.9479056873734409,328.1941695473215,True,True,False,False,False,"[{""target"":""corridor"",""magnitude"":0.2890707344699192,""start_week"":15,""duration_weeks"":6,""recovery_weeks"":4},{""target"":""demand"",""magnitude"":0.09073225151400502,""start_week"":25,""duration_weeks"":1,""recovery_weeks"":2},{""target"":""T2P"",""magnitude"":0.2670072018022226,""start_week"":28,""duration_weeks"":1,""recovery_weeks"":4},{""target"":""corridor"",""magnitude"":0.24998767636847083,""start_week"":41,""duration_weeks"":4,""recovery_weeks"":4}]"
A,1618,83,Demand-supply coupling,False,,False,Non-failure,Unclassified,Unclassified,0,1.0,0.0,False,False,False,False,False,[]
A,1618,84,Demand-supply coupling,False,,False,Non-failure,Unclassified,Unclassified,2,0.8658487350072434,131.64020037274406,True,False,False,False,False,"[{""target"":""demand"",""magnitude"":0.10703793665663686,""start_week"":28,""duration_weeks"":3,""recovery_weeks"":4},{""target"":""T2P"",""magnitude"":0.3327121856377886,""start_week"":32,""duration_weeks"":1,""recovery_weeks"":3}]"
A,1618,85,Demand-supply coupling,False,,False,Non-failure,Unclassified,Unclassified,7,0.7923655355193738,203.00873220216727,True,False,True,False,False,"[{""target"":""S1A"",""magnitude"":0.4457936309310756,""start_week"":6,""duration_weeks"":1,""recovery_weeks"":3},{""target"":""S1A"",""magnitude"":0.3444593262466581,""start_week"":11,""duration_weeks"":2,""recovery_weeks"":3},{""target"":""demand"",""magnitude"":0.12479550733125537,""start_week"":20,""duration_weeks"":5,""recovery_weeks"":3},{""target"":""S1A"",""magnitude"":0.3506168760402955,""start_week"":31,""duration_weeks"":5,""recovery_weeks"":3},{""target"":""demand"",""magnitude"":0.1479843252216567,""start_week"":35,""duration_weeks"":2,""recovery_weeks"":3},{""target"":""T2P"",""magnitude"":0.26816995290735385,""start_week"":44,""duration_weeks"":3,""recovery_weeks"":4},{""target"":""T2P"",""magnitude"":0.19739154521134242,""start_week"":46,""duration_weeks"":3,""recovery_weeks"":2}]"
A,1618,86,Demand-supply coupling,True,False,False,Adaptation-limited,Concentrated dependency,Concentrated dependency,5,0.7984204283172112,487.6121140199306,True,True,False,False,False,"[{""target"":""corridor"",""magnitude"":0.244964789094896,""start_week"":7,""duration_weeks"":3,""recovery_weeks"":3},{""target"":""demand"",""magnitude"":0.25247296353331977,""start_week"":20,""duration_weeks"":4,""recovery_weeks"":3},{""target"":""corridor"",""magnitude"":0.23007275592969967,""start_week"":34,""duration_weeks"":1,""recovery_weeks"":1},{""target"":""demand"",""magnitude"":0.09993007399599985,""start_week"":44,""duration_weeks"":1,""recovery_weeks"":3},{""target"":""T2P"",""magnitude"":0.25002444372881416,""start_week"":47,""duration_weeks"":2,""recovery_weeks"":3}]"
A,1618,87,Demand-supply coupling,True,True,True,Structural,Concentrated dependency; Hidden convergent dependency; Recovery lag and temporal overlap,Hidden convergent dependency,3,0.8252337787014105,1297.5448343035366,True,False,False,False,False,"[{""target"":""demand"",""magnitude"":0.13927442662321743,""start_week"":20,""duration_weeks"":2,""recovery_weeks"":2},{""target"":""T2P"",""magnitude"":0.2572895991687305,""start_week"":23,""duration_weeks"":10,""recovery_weeks"":2},{""target"":""demand"",""magnitude"":0.1392362461354335,""start_week"":49,""duration_weeks"":3,""recovery_weeks"":4}]"
A,1618,88,Demand-supply coupling,False,,False,Non-failure,Unclassified,Unclassified,0,1.0,0.0,False,False,False,False,False,[]
A,1618,89,Demand-supply coupling,False,,False,Non-failure,Unclassified,Unclassified,2,0.7891816029780412,240.42192139778285,False,False,False,False,True,"[{""target"":""demand"",""magnitude"":0.26713546821975875,""start_week"":20,""duration_weeks"":1,""recovery_weeks"":4},{""target"":""S1C"",""magnitude"":0.4299329972017487,""start_week"":51,""duration_weeks"":5,""recovery_weeks"":4}]"
A,1618,90,Demand-supply coupling,True,True,False,Structural,Compounding moderate disturbance,Compounding moderate disturbance,4,0.8439934829968667,641.5818829538563,False,True,False,False,False,"[{""target"":""demand"",""magnitude"":0.18484327207028023,""start_week"":12,""duration_weeks"":4,""recovery_weeks"":3},{""target"":""corridor"",""magnitude"":0.28750378245310093,""start_week"":20,""duration_weeks"":8,""recovery_weeks"":4},{""target"":""demand"",""magnitude"":0.0679880873657305,""start_week"":21,""duration_weeks"":3,""recovery_weeks"":4},{""target"":""demand"",""magnitude"":0.06642656009049966,""start_week"":43,""duration_weeks"":1,""recovery_weeks"":1}]"
A,1618,91,Demand-supply coupling,False,,False,Non-failure,Unclassified,Unclassified,2,0.8302980407748053,183.94811959347908,False,True,False,False,False,"[{""target"":""demand"",""magnitude"":0.20438679954831007,""start_week"":6,""duration_weeks"":1,""recovery_weeks"":2},{""target"":""corridor"",""magnitude"":0.28739987874063405,""start_week"":31,""duration_weeks"":4,""recovery_weeks"":4}]"
A,1618,92,Demand-supply coupling,False,,False,Non-failure,Unclassified,Unclassified,3,0.9066301928553216,196.07659500382465,False,True,False,False,True,"[{""target"":""S1C"",""magnitude"":0.4600820660755264,""start_week"":1,""duration_weeks"":2,""recovery_weeks"":3},{""target"":""corridor"",""magnitude"":0.2515920973416854,""start_week"":24,""duration_weeks"":1,""recovery_weeks"":3},{""target"":""demand"",""magnitude"":0.11321406008787775,""start_week"":44,""duration_weeks"":1,""recovery_weeks"":3}]"
A,1618,93,Demand-supply coupling,False,,False,Non-failure,Unclassified,Unclassified,1,0.8879001943447765,113.62743890843785,False,False,False,False,False,"[{""target"":""demand"",""magnitude"":0.12625270989826431,""start_week"":18,""duration_weeks"":3,""recovery_weeks"":1}]"
A,1618,94,Demand-supply coupling,False,,False,Non-failure,Unclassified,Unclassified,3,0.8630298321018072,144.99315693469543,False,False,False,True,False,"[{""target"":""S1B"",""magnitude"":0.27957275516379615,""start_week"":1,""duration_weeks"":6,""recovery_weeks"":4},{""target"":""demand"",""magnitude"":0.17619413173941756,""start_week"":21,""duration_weeks"":2,""recovery_weeks"":2},{""target"":""S1B"",""magnitude"":0.28463365538890517,""start_week"":33,""duration_weeks"":3,""recovery_weeks"":1}]"
A,1618,95,Demand-supply coupling,False,,False,Non-failure,Unclassified,Unclassified,1,1.0,0.0,True,False,False,False,False,"[{""target"":""T2P"",""magnitude"":0.33289010107240957,""start_week"":46,""duration_weeks"":3,""recovery_weeks"":2}]"
A,1618,96,Demand-supply coupling,True,True,False,Structural,Concentrated dependency; Recovery lag and temporal overlap,Recovery lag and temporal overlap,4,0.8583061995041611,443.6795776657723,False,False,False,True,False,"[{""target"":""S1B"",""magnitude"":0.2778060765279666,""start_week"":16,""duration_weeks"":1,""recovery_weeks"":2},{""target"":""demand"",""magnitude"":0.09872554749539905,""start_week"":40,""duration_weeks"":2,""recovery_weeks"":3},{""target"":""S1B"",""magnitude"":0.5384554731618383,""start_week"":44,""duration_weeks"":11,""recovery_weeks"":3},{""target"":""demand"",""magnitude"":0.07039971231252515,""start_week"":45,""duration_weeks"":6,""recovery_weeks"":2}]"
A,1618,97,Demand-supply coupling,True,True,False,Structural,Compounding moderate disturbance,Compounding moderate disturbance,5,0.8016598745367011,859.5362808599095,False,True,False,False,False,"[{""target"":""demand"",""magnitude"":0.14119225586379217,""start_week"":17,""duration_weeks"":2,""recovery_weeks"":2},{""target"":""demand"",""magnitude"":0.21561494711542112,""start_week"":18,""duration_weeks"":4,""recovery_weeks"":1},{""target"":""corridor"",""magnitude"":0.3987550940974742,""start_week"":24,""duration_weeks"":1,""recovery_weeks"":3},{""target"":""corridor"",""magnitude"":0.3615623972359648,""start_week"":37,""duration_weeks"":2,""recovery_weeks"":1},{""target"":""demand"",""magnitude"":0.15793125742111358,""start_week"":43,""duration_weeks"":3,""recovery_weeks"":4}]"
A,1618,98,Demand-supply coupling,True,True,False,Structural,Concentrated dependency,Concentrated dependency,5,0.666623219648364,477.1767315253335,False,True,False,True,True,"[{""target"":""S1C"",""magnitude"":0.43328193714184804,""start_week"":13,""duration_weeks"":4,""recovery_weeks"":2},{""target"":""demand"",""magnitude"":0.13000833517396138,""start_week"":22,""duration_weeks"":3,""recovery_weeks"":3},{""target"":""corridor"",""magnitude"":0.500032585263727,""start_week"":32,""duration_weeks"":1,""recovery_weeks"":2},{""target"":""S1B"",""magnitude"":0.4553749906542992,""start_week"":38,""duration_weeks"":2,""recovery_weeks"":4},{""target"":""demand"",""magnitude"":0.08909114878555935,""start_week"":47,""duration_weeks"":6,""recovery_weeks"":2}]"
A,1618,99,Demand-supply coupling,False,,False,Non-failure,Unclassified,Unclassified,4,0.5086686700965642,699.8985130447537,True,False,False,False,True,"[{""target"":""demand"",""magnitude"":0.15402448793594997,""start_week"":6,""duration_weeks"":5,""recovery_weeks"":3},{""target"":""T2P"",""magnitude"":0.6406768743640396,""start_week"":26,""duration_weeks"":1,""recovery_weeks"":1},{""target"":""demand"",""magnitude"":0.1329056543131666,""start_week"":31,""duration_weeks"":1,""recovery_weeks"":4},{""target"":""S1C"",""magnitude"":0.5415316082044166,""start_week"":33,""duration_weeks"":1,""recovery_weeks"":4}]"
A,1618,100,Demand-supply coupling,True,True,True,Structural,Concentrated dependency; Hidden convergent dependency,Hidden convergent dependency,7,0.5333495409734581,4118.516237943193,True,False,False,False,True,"[{""target"":""demand"",""magnitude"":0.16586687848184267,""start_week"":5,""duration_weeks"":2,""recovery_weeks"":3},{""target"":""T2P"",""magnitude"":0.5199854131238877,""start_week"":13,""duration_weeks"":9,""recovery_weeks"":4},{""target"":""demand"",""magnitude"":0.08481929560778294,""start_week"":27,""duration_weeks"":1,""recovery_weeks"":2},{""target"":""S1C"",""magnitude"":0.5090129812775314,""start_week"":37,""duration_weeks"":1,""recovery_weeks"":1},{""target"":""demand"",""magnitude"":0.14200235817853485,""start_week"":41,""duration_weeks"":2,""recovery_weeks"":2},{""target"":""T2P"",""magnitude"":0.15822737782192167,""start_week"":45,""duration_weeks"":1,""recovery_weeks"":3},{""target"":""demand"",""magnitude"":0.20713295186455177,""start_week"":48,""duration_weeks"":3,""recovery_weeks"":1}]"
A,1618,101,Demand-supply coupling,True,True,True,Structural,Concentrated dependency; Hidden convergent dependency,Hidden convergent dependency,3,0.7109025846624053,1471.0099741305828,True,False,False,False,False,"[{""target"":""T2P"",""magnitude"":0.36018767380383515,""start_week"":5,""duration_weeks"":5,""recovery_weeks"":3},{""target"":""demand"",""magnitude"":0.12951713240879148,""start_week"":7,""duration_weeks"":1,""recovery_weeks"":3},{""target"":""T2P"",""magnitude"":0.37342705984316804,""start_week"":47,""duration_weeks"":3,""recovery_weeks"":2}]"
A,1618,102,Demand-supply coupling,True,True,True,Structural,Concentrated dependency; Hidden convergent dependency,Hidden convergent dependency,4,0.5312811433912793,726.4643983174701,True,True,False,False,False,"[{""target"":""T2P"",""magnitude"":0.3736638841011103,""start_week"":3,""duration_weeks"":1,""recovery_weeks"":4},{""target"":""demand"",""magnitude"":0.1895965441194125,""start_week"":23,""duration_weeks"":6,""recovery_weeks"":3},{""target"":""corridor"",""magnitude"":0.20272414075857065,""start_week"":28,""duration_weeks"":1,""recovery_weeks"":4},{""target"":""T2P"",""magnitude"":0.5218469709478486,""start_week"":42,""duration_weeks"":2,""recovery_weeks"":2}]"
A,1618,103,Demand-supply coupling,False,,False,Non-failure,Unclassified,Unclassified,3,0.9083990574123305,164.88169665780515,False,True,True,False,False,"[{""target"":""S1A"",""magnitude"":0.24252910849655546,""start_week"":8,""duration_weeks"":6,""recovery_weeks"":3},{""target"":""corridor"",""magnitude"":0.31870070694075203,""start_week"":14,""duration_weeks"":1,""recovery_weeks"":4},{""target"":""demand"",""magnitude"":0.22516583613219227,""start_week"":31,""duration_weeks"":3,""recovery_weeks"":3}]"
A,1618,104,Demand-supply coupling,False,,False,Non-failure,Unclassified,Unclassified,2,0.8186605900311872,202.21515035658012,False,False,False,False,True,"[{""target"":""S1C"",""magnitude"":0.2696479206023793,""start_week"":23,""duration_weeks"":8,""recovery_weeks"":1},{""target"":""demand"",""magnitude"":0.23902190061631767,""start_week"":41,""duration_weeks"":2,""recovery_weeks"":4}]"
A,1618,105,Demand-supply coupling,True,False,True,Adaptation-limited,Concentrated dependency; Hidden convergent dependency; Propagation-amplified cascade,Hidden convergent dependency,2,0.6268155022492763,979.3302398782565,True,False,False,False,False,"[{""target"":""T2P"",""magnitude"":0.4358660479756513,""start_week"":1,""duration_weeks"":3,""recovery_weeks"":3},{""target"":""demand"",""magnitude"":0.08883682618175294,""start_week"":45,""duration_weeks"":2,""recovery_weeks"":4}]"
A,1618,106,Demand-supply coupling,False,,False,Non-failure,Unclassified,Unclassified,2,0.8930399696238347,107.79363814936187,False,False,True,False,False,"[{""target"":""demand"",""magnitude"":0.11977070905484656,""start_week"":17,""duration_weeks"":2,""recovery_weeks"":3},{""target"":""S1A"",""magnitude"":0.24103968033625361,""start_week"":34,""duration_weeks"":1,""recovery_weeks"":3}]"
A,1618,107,Demand-supply coupling,True,True,False,Structural,Concentrated dependency,Concentrated dependency,4,0.8983299961216837,213.5070081444643,True,False,False,True,False,"[{""target"":""S1B"",""magnitude"":0.4787575087262117,""start_week"":6,""duration_weeks"":2,""recovery_weeks"":2},{""target"":""demand"",""magnitude"":0.2446684396467394,""start_week"":18,""duration_weeks"":1,""recovery_weeks"":2},{""target"":""T2P"",""magnitude"":0.23695717405725808,""start_week"":35,""duration_weeks"":1,""recovery_weeks"":3},{""target"":""S1B"",""magnitude"":0.3125634715118908,""start_week"":36,""duration_weeks"":1,""recovery_weeks"":4}]"
A,1618,108,Demand-supply coupling,True,True,True,Structural,Hidden convergent dependency; Compounding moderate disturbance; Propagation-amplified cascade; Recovery lag and temporal overlap,Hidden convergent dependency,3,0.7144194967704756,1103.5604416133492,True,False,False,False,False,"[{""target"":""T2P"",""magnitude"":0.31006659119336377,""start_week"":31,""duration_weeks"":3,""recovery_weeks"":2},{""target"":""demand"",""magnitude"":0.07302877359477251,""start_week"":35,""duration_weeks"":4,""recovery_weeks"":1},{""target"":""T2P"",""magnitude"":0.3481485411921732,""start_week"":41,""duration_weeks"":2,""recovery_weeks"":4}]"
A,1618,109,Demand-supply coupling,False,,False,Non-failure,Unclassified,Unclassified,1,0.9375636960466021,59.93477967950798,False,False,False,False,False,"[{""target"":""demand"",""magnitude"":0.06659419964389778,""start_week"":34,""duration_weeks"":1,""recovery_weeks"":2}]"
A,1618,110,Demand-supply coupling,True,True,True,Structural,Concentrated dependency; Hidden convergent dependency; Recovery lag and temporal overlap,Hidden convergent dependency,5,0.4416384240767152,4481.7547586772935,True,False,True,False,False,"[{""target"":""demand"",""magnitude"":0.19772943123843895,""start_week"":2,""duration_weeks"":1,""recovery_weeks"":2},{""target"":""T2P"",""magnitude"":0.5062664426613238,""start_week"":4,""duration_weeks"":7,""recovery_weeks"":4},{""target"":""demand"",""magnitude"":0.20969470607834345,""start_week"":5,""duration_weeks"":2,""recovery_weeks"":3},{""target"":""demand"",""magnitude"":0.16102297407123373,""start_week"":9,""duration_weeks"":1,""recovery_weeks"":2},{""target"":""S1A"",""magnitude"":0.2228464272161254,""start_week"":48,""duration_weeks"":2,""recovery_weeks"":2}]"
A,1618,111,Demand-supply coupling,True,True,True,Structural,Concentrated dependency; Hidden convergent dependency,Hidden convergent dependency,3,0.6410156629836075,2245.4699250685835,True,False,False,False,True,"[{""target"":""S1C"",""magnitude"":0.2683356781296292,""start_week"":21,""duration_weeks"":2,""recovery_weeks"":3},{""target"":""demand"",""magnitude"":0.15577375587843653,""start_week"":39,""duration_weeks"":3,""recovery_weeks"":3},{""target"":""T2P"",""magnitude"":0.42308590331475326,""start_week"":40,""duration_weeks"":6,""recovery_weeks"":1}]"
A,1618,112,Demand-supply coupling,True,True,False,Structural,Concentrated dependency; Hidden convergent dependency; Propagation-amplified cascade,Hidden convergent dependency,4,0.5918292167382427,903.0916722101163,True,True,False,False,True,"[{""target"":""T2P"",""magnitude"":0.4673537049355815,""start_week"":5,""duration_weeks"":2,""recovery_weeks"":4},{""target"":""corridor"",""magnitude"":0.25188338752046463,""start_week"":20,""duration_weeks"":3,""recovery_weeks"":1},{""target"":""demand"",""magnitude"":0.15233873750857874,""start_week"":21,""duration_weeks"":3,""recovery_weeks"":2},{""target"":""S1C"",""magnitude"":0.37403691926585503,""start_week"":26,""duration_weeks"":8,""recovery_weeks"":4}]"
A,1618,113,Demand-supply coupling,False,,False,Non-failure,Unclassified,Unclassified,0,1.0,0.0,False,False,False,False,False,[]
A,1618,114,Demand-supply coupling,True,False,True,Adaptation-limited,Concentrated dependency,Concentrated dependency,4,0.669994782917885,791.0140861217108,True,True,False,False,False,"[{""target"":""T2P"",""magnitude"":0.3734409822396081,""start_week"":2,""duration_weeks"":1,""recovery_weeks"":1},{""target"":""demand"",""magnitude"":0.18262812106108794,""start_week"":16,""duration_weeks"":5,""recovery_weeks"":1},{""target"":""corridor"",""magnitude"":0.49750391281158635,""start_week"":36,""duration_weeks"":2,""recovery_weeks"":1},{""target"":""demand"",""magnitude"":0.23101958282888096,""start_week"":41,""duration_weeks"":1,""recovery_weeks"":1}]"
A,1618,115,Demand-supply coupling,True,True,True,Structural,Concentrated dependency; Hidden convergent dependency; Propagation-amplified cascade,Hidden convergent dependency,3,0.592228682709451,2818.3002585078543,True,False,False,False,False,"[{""target"":""T2P"",""magnitude"":0.3240751895018448,""start_week"":16,""duration_weeks"":3,""recovery_weeks"":3},{""target"":""T2P"",""magnitude"":0.4245907647785222,""start_week"":29,""duration_weeks"":7,""recovery_weeks"":1},{""target"":""demand"",""magnitude"":0.15911053738744563,""start_week"":30,""duration_weeks"":1,""recovery_weeks"":4}]"
A,1618,116,Demand-supply coupling,False,,False,Non-failure,Unclassified,Unclassified,0,1.0,0.0,False,False,False,False,False,[]
A,1618,117,Demand-supply coupling,False,,False,Non-failure,Unclassified,Unclassified,2,1.0,0.0,True,False,False,False,False,"[{""target"":""T2P"",""magnitude"":0.2878147506876845,""start_week"":7,""duration_weeks"":1,""recovery_weeks"":4},{""target"":""T2P"",""magnitude"":0.26845768787976254,""start_week"":27,""duration_weeks"":1,""recovery_weeks"":4}]"
A,1618,118,Demand-supply coupling,False,,False,Non-failure,Unclassified,Unclassified,4,0.8116664434178552,296.3568373030739,True,False,False,False,False,"[{""target"":""T2P"",""magnitude"":0.2103562798572532,""start_week"":14,""duration_weeks"":1,""recovery_weeks"":2},{""target"":""demand"",""magnitude"":0.23203319308001552,""start_week"":21,""duration_weeks"":3,""recovery_weeks"":4},{""target"":""demand"",""magnitude"":0.11066765158076172,""start_week"":29,""duration_weeks"":1,""recovery_weeks"":3},{""target"":""T2P"",""magnitude"":0.2599994846923502,""start_week"":46,""duration_weeks"":2,""recovery_weeks"":4}]"
A,1618,119,Demand-supply coupling,False,,False,Non-failure,Unclassified,Unclassified,3,0.8609392623608271,170.62142958266827,False,False,False,True,True,"[{""target"":""S1B"",""magnitude"":0.27920571387297266,""start_week"":10,""duration_weeks"":1,""recovery_weeks"":1},{""target"":""demand"",""magnitude"":0.17659904892608785,""start_week"":13,""duration_weeks"":2,""recovery_weeks"":1},{""target"":""S1C"",""magnitude"":0.3338804929459166,""start_week"":39,""duration_weeks"":1,""recovery_weeks"":2}]"
A,1618,120,Demand-supply coupling,False,,False,Non-failure,Unclassified,Unclassified,2,0.9039987697845392,95.5765760770978,False,True,False,False,False,"[{""target"":""corridor"",""magnitude"":0.18867473569540072,""start_week"":20,""duration_weeks"":2,""recovery_weeks"":4},{""target"":""demand"",""magnitude"":0.10619619564121963,""start_week"":50,""duration_weeks"":1,""recovery_weeks"":2}]"
A,1618,121,Demand-supply coupling,False,,False,Non-failure,Unclassified,Unclassified,1,0.9570694880293965,270.4622254148014,False,True,False,False,False,"[{""target"":""corridor"",""magnitude"":0.28219788397795253,""start_week"":14,""duration_weeks"":6,""recovery_weeks"":2}]"
A,1618,122,Demand-supply coupling,False,,False,Non-failure,Unclassified,Unclassified,3,0.8264967395432878,156.15293441104097,True,False,True,False,False,"[{""target"":""S1A"",""magnitude"":0.28772617077433565,""start_week"":20,""duration_weeks"":2,""recovery_weeks"":1},{""target"":""demand"",""magnitude"":0.14197828235441196,""start_week"":33,""duration_weeks"":2,""recovery_weeks"":4},{""target"":""T2P"",""magnitude"":0.45817599179919277,""start_week"":38,""duration_weeks"":1,""recovery_weeks"":1}]"
A,1618,123,Demand-supply coupling,True,True,False,Structural,Concentrated dependency,Concentrated dependency,1,0.8384257760249926,290.8336031550134,False,True,False,False,False,"[{""target"":""corridor"",""magnitude"":0.3711806679812556,""start_week"":38,""duration_weeks"":1,""recovery_weeks"":2}]"
A,1618,124,Demand-supply coupling,False,,False,Non-failure,Unclassified,Unclassified,1,0.9177242210005234,80.68676777300266,False,False,False,False,False,"[{""target"":""demand"",""magnitude"":0.08965196419222521,""start_week"":6,""duration_weeks"":1,""recovery_weeks"":1}]"
A,1618,125,Demand-supply coupling,False,,False,Non-failure,Unclassified,Unclassified,1,0.8438415840322232,166.55089892516162,False,False,False,False,False,"[{""target"":""demand"",""magnitude"":0.1850565543612907,""start_week"":28,""duration_weeks"":3,""recovery_weeks"":2}]"
A,1618,126,Demand-supply coupling,True,False,True,Adaptation-limited,Concentrated dependency,Concentrated dependency,5,0.5801486001110329,1483.2205316420798,True,True,False,False,False,"[{""target"":""corridor"",""magnitude"":0.2496540837452283,""start_week"":10,""duration_weeks"":9,""recovery_weeks"":1},{""target"":""demand"",""magnitude"":0.1907637575004057,""start_week"":28,""duration_weeks"":9,""recovery_weeks"":4},{""target"":""corridor"",""magnitude"":0.40697234510234837,""start_week"":32,""duration_weeks"":1,""recovery_weeks"":3},{""target"":""demand"",""magnitude"":0.1391949405660574,""start_week"":34,""duration_weeks"":1,""recovery_weeks"":2},{""target"":""T2P"",""magnitude"":0.4778662599000705,""start_week"":47,""duration_weeks"":1,""recovery_weeks"":2}]"
A,1618,127,Demand-supply coupling,True,True,True,Structural,Concentrated dependency,Concentrated dependency,4,0.7761870559548321,680.3686861524416,False,True,False,False,False,"[{""target"":""corridor"",""magnitude"":0.41785970803387595,""start_week"":3,""duration_weeks"":2,""recovery_weeks"":4},{""target"":""demand"",""magnitude"":0.09361880886465038,""start_week"":13,""duration_weeks"":6,""recovery_weeks"":1},{""target"":""corridor"",""magnitude"":0.30982807692757347,""start_week"":16,""duration_weeks"":1,""recovery_weeks"":2},{""target"":""demand"",""magnitude"":0.11044132659325312,""start_week"":48,""duration_weeks"":2,""recovery_weeks"":1}]"
A,1618,128,Demand-supply coupling,True,True,True,Structural,Concentrated dependency,Concentrated dependency,4,0.7035525634015243,1067.2107717545123,False,True,False,True,False,"[{""target"":""corridor"",""magnitude"":0.4723355774488567,""start_week"":1,""duration_weeks"":3,""recovery_weeks"":1},{""target"":""corridor"",""magnitude"":0.18959030942199798,""start_week"":28,""duration_weeks"":1,""recovery_weeks"":3},{""target"":""demand"",""magnitude"":0.14358951866092123,""start_week"":38,""duration_weeks"":3,""recovery_weeks"":3},{""target"":""S1B"",""magnitude"":0.2788142898991733,""start_week"":41,""duration_weeks"":1,""recovery_weeks"":3}]"
A,1618,129,Demand-supply coupling,False,,False,Non-failure,Unclassified,Unclassified,2,0.7812858014461511,251.94721103866254,False,True,False,False,False,"[{""target"":""demand"",""magnitude"":0.2799413455985141,""start_week"":24,""duration_weeks"":1,""recovery_weeks"":2},{""target"":""corridor"",""magnitude"":0.16642938491136813,""start_week"":26,""duration_weeks"":3,""recovery_weeks"":1}]"
A,1618,130,Demand-supply coupling,True,False,True,Adaptation-limited,Concentrated dependency,Concentrated dependency,2,0.6873783769232947,844.0783823071042,False,True,False,False,False,"[{""target"":""corridor"",""magnitude"":0.4844662173075289,""start_week"":25,""duration_weeks"":2,""recovery_weeks"":1},{""target"":""demand"",""magnitude"":0.19156951303595765,""start_week"":51,""duration_weeks"":1,""recovery_weeks"":4}]"
A,1618,131,Demand-supply coupling,False,,False,Non-failure,Unclassified,Unclassified,2,0.8838843317698951,118.23277961929125,False,True,False,False,False,"[{""target"":""demand"",""magnitude"":0.13136975513254556,""start_week"":24,""duration_weeks"":1,""recovery_weeks"":1},{""target"":""corridor"",""magnitude"":0.19133800181532495,""start_week"":38,""duration_weeks"":1,""recovery_weeks"":1}]"
A,1618,132,Demand-supply coupling,False,,False,Non-failure,Unclassified,Unclassified,2,0.8929975388822576,109.28870480663682,False,False,True,False,False,"[{""target"":""S1A"",""magnitude"":0.27033695676897485,""start_week"":2,""duration_weeks"":14,""recovery_weeks"":1},{""target"":""demand"",""magnitude"":0.13485141333315998,""start_week"":33,""duration_weeks"":1,""recovery_weeks"":2}]"
A,1618,133,Demand-supply coupling,False,,False,Non-failure,Unclassified,Unclassified,2,1.0,0.0,True,True,False,False,False,"[{""target"":""T2P"",""magnitude"":0.3527937432826568,""start_week"":19,""duration_weeks"":1,""recovery_weeks"":1},{""target"":""corridor"",""magnitude"":0.23284898660495193,""start_week"":30,""duration_weeks"":1,""recovery_weeks"":4}]"
A,1618,134,Demand-supply coupling,False,,False,Non-failure,Unclassified,Unclassified,0,1.0,0.0,False,False,False,False,False,[]
A,1618,135,Demand-supply coupling,False,,False,Non-failure,Unclassified,Unclassified,5,0.7890170841974078,856.789729566066,False,False,False,True,False,"[{""target"":""demand"",""magnitude"":0.2673996799666322,""start_week"":1,""duration_weeks"":3,""recovery_weeks"":4},{""target"":""demand"",""magnitude"":0.23143369825867666,""start_week"":8,""duration_weeks"":3,""recovery_weeks"":1},{""target"":""demand"",""magnitude"":0.056954417031483406,""start_week"":34,""duration_weeks"":4,""recovery_weeks"":2},{""target"":""S1B"",""magnitude"":0.33353906428084534,""start_week"":36,""duration_weeks"":2,""recovery_weeks"":4},{""target"":""demand"",""magnitude"":0.167320756200182,""start_week"":50,""duration_weeks"":1,""recovery_weeks"":3}]"
A,1618,136,Demand-supply coupling,False,,False,Non-failure,Unclassified,Unclassified,0,1.0,0.0,False,False,False,False,False,[]
A,1618,137,Demand-supply coupling,True,True,True,Structural,Concentrated dependency,Concentrated dependency,1,0.8192663548200187,487.98084198594927,False,True,False,False,False,"[{""target"":""corridor"",""magnitude"":0.385550233884986,""start_week"":36,""duration_weeks"":2,""recovery_weeks"":2}]"
A,1618,138,Demand-supply coupling,False,,False,Non-failure,Unclassified,Unclassified,0,1.0,0.0,False,False,False,False,False,[]
A,1618,139,Demand-supply coupling,False,,False,Non-failure,Unclassified,Unclassified,2,0.8548172014855328,152.8566791074711,False,True,False,False,False,"[{""target"":""demand"",""magnitude"":0.16984075456385678,""start_week"":4,""duration_weeks"":3,""recovery_weeks"":4},{""target"":""corridor"",""magnitude"":0.2084864367419247,""start_week"":24,""duration_weeks"":6,""recovery_weeks"":2}]"
A,1618,140,Demand-supply coupling,True,True,True,Structural,Concentrated dependency,Concentrated dependency,5,0.503765013607654,2646.4542778481937,True,True,False,False,False,"[{""target"":""T2P"",""magnitude"":0.41940050235287996,""start_week"":19,""duration_weeks"":2,""recovery_weeks"":4},{""target"":""demand"",""magnitude"":0.15934943152696157,""start_week"":21,""duration_weeks"":11,""recovery_weeks"":2},{""target"":""corridor"",""magnitude"":0.5619702383880957,""start_week"":22,""duration_weeks"":2,""recovery_weeks"":2},{""target"":""corridor"",""magnitude"":0.37957525349497656,""start_week"":31,""duration_weeks"":2,""recovery_weeks"":2},{""target"":""demand"",""magnitude"":0.14714506803115818,""start_week"":37,""duration_weeks"":2,""recovery_weeks"":3}]"
A,1618,141,Demand-supply coupling,False,,False,Non-failure,Unclassified,Unclassified,1,0.9647792022459968,73.9636752834067,False,False,False,False,True,"[{""target"":""S1C"",""magnitude"":0.32924679494650694,""start_week"":11,""duration_weeks"":5,""recovery_weeks"":4}]"
A,1618,142,Demand-supply coupling,True,True,True,Structural,Concentrated dependency,Concentrated dependency,3,0.4654319866329159,3088.817362636943,False,True,False,False,True,"[{""target"":""S1C"",""magnitude"":0.3131050402418478,""start_week"":3,""duration_weeks"":11,""recovery_weeks"":1},{""target"":""demand"",""magnitude"":0.2726299489027555,""start_week"":17,""duration_weeks"":6,""recovery_weeks"":2},{""target"":""corridor"",""magnitude"":0.5557579859752332,""start_week"":19,""duration_weeks"":4,""recovery_weeks"":1}]"
A,1618,143,Demand-supply coupling,False,,False,Non-failure,Unclassified,Unclassified,2,0.9428938684471814,205.58207359014705,False,True,False,False,False,"[{""target"":""corridor"",""magnitude"":0.292829598664614,""start_week"":27,""duration_weeks"":3,""recovery_weeks"":3},{""target"":""demand"",""magnitude"":0.14407264515883483,""start_week"":42,""duration_weeks"":2,""recovery_weeks"":2}]"
A,1618,144,Demand-supply coupling,True,True,True,Structural,Concentrated dependency; Hidden convergent dependency; Propagation-amplified cascade,Hidden convergent dependency,7,0.5198295085397922,1770.360133645285,True,True,False,False,False,"[{""target"":""T2P"",""magnitude"":0.532153442314187,""start_week"":13,""duration_weeks"":3,""recovery_weeks"":2},{""target"":""demand"",""magnitude"":0.14719433515849967,""start_week"":28,""duration_weeks"":1,""recovery_weeks"":4},{""target"":""corridor"",""magnitude"":0.26311037241950064,""start_week"":30,""duration_weeks"":2,""recovery_weeks"":3},{""target"":""corridor"",""magnitude"":0.3849778810219552,""start_week"":33,""duration_weeks"":1,""recovery_weeks"":3},{""target"":""demand"",""magnitude"":0.13684787433416512,""start_week"":34,""duration_weeks"":1,""recovery_weeks"":4},{""target"":""T2P"",""magnitude"":0.21255073170653077,""start_week"":49,""duration_weeks"":6,""recovery_weeks"":4},{""target"":""corridor"",""magnitude"":0.4290422002687243,""start_week"":50,""duration_weeks"":1,""recovery_weeks"":4}]"
A,1618,145,Demand-supply coupling,True,True,False,Structural,Concentrated dependency,Concentrated dependency,4,0.8408797214982872,334.1525848535972,True,False,False,True,False,"[{""target"":""S1B"",""magnitude"":0.6080206266288539,""start_week"":4,""duration_weeks"":4,""recovery_weeks"":1},{""target"":""demand"",""magnitude"":0.1483833128650732,""start_week"":21,""duration_weeks"":1,""recovery_weeks"":1},{""target"":""demand"",""magnitude"":0.1893665267514829,""start_week"":41,""duration_weeks"":1,""recovery_weeks"":1},{""target"":""T2P"",""magnitude"":0.25125262912824564,""start_week"":45,""duration_weeks"":7,""recovery_weeks"":2}]"
A,1618,146,Demand-supply coupling,True,False,True,Adaptation-limited,Concentrated dependency,Concentrated dependency,5,0.7572369557700376,1506.783970061352,False,True,True,True,False,"[{""target"":""S1A"",""magnitude"":0.2803856128242722,""start_week"":5,""duration_weeks"":1,""recovery_weeks"":3},{""target"":""S1B"",""magnitude"":0.26167972082675844,""start_week"":6,""duration_weeks"":2,""recovery_weeks"":2},{""target"":""demand"",""magnitude"":0.1664749754795528,""start_week"":31,""duration_weeks"":2,""recovery_weeks"":1},{""target"":""corridor"",""magnitude"":0.2709414831013065,""start_week"":45,""duration_weeks"":11,""recovery_weeks"":1},{""target"":""demand"",""magnitude"":0.28371709162435266,""start_week"":46,""duration_weeks"":7,""recovery_weeks"":1}]"
A,1618,147,Demand-supply coupling,True,False,True,Adaptation-limited,Concentrated dependency,Concentrated dependency,2,0.7530024942355625,889.191020751975,False,True,False,False,False,"[{""target"":""corridor"",""magnitude"":0.21763994778070955,""start_week"":21,""duration_weeks"":1,""recovery_weeks"":1},{""target"":""corridor"",""magnitude"":0.4352481293233281,""start_week"":29,""duration_weeks"":3,""recovery_weeks"":2}]"
A,1618,148,Demand-supply coupling,False,,False,Non-failure,Unclassified,Unclassified,1,0.9084094868834475,164.8629236097945,False,False,False,True,False,"[{""target"":""S1B"",""magnitude"":0.45607865451224316,""start_week"":20,""duration_weeks"":1,""recovery_weeks"":3}]"
A,1618,149,Demand-supply coupling,True,True,True,Structural,Concentrated dependency; Hidden convergent dependency,Hidden convergent dependency,3,0.5536306640269342,1509.4470268225518,True,True,False,False,False,"[{""target"":""corridor"",""magnitude"":0.25069024042048393,""start_week"":12,""duration_weeks"":7,""recovery_weeks"":3},{""target"":""T2P"",""magnitude"":0.44603567608918093,""start_week"":17,""duration_weeks"":3,""recovery_weeks"":4},{""target"":""demand"",""magnitude"":0.11178075105052473,""start_week"":23,""duration_weeks"":1,""recovery_weeks"":4}]"
A,1618,150,Demand-supply coupling,True,True,True,Structural,Concentrated dependency; Recovery lag and temporal overlap,Recovery lag and temporal overlap,5,0.5100981427227492,1806.0486128092002,True,True,False,True,False,"[{""target"":""S1B"",""magnitude"":0.3107527381968542,""start_week"":4,""duration_weeks"":4,""recovery_weeks"":3},{""target"":""demand"",""magnitude"":0.13497248603593487,""start_week"":10,""duration_weeks"":1,""recovery_weeks"":4},{""target"":""corridor"",""magnitude"":0.5401772351884316,""start_week"":12,""duration_weeks"":3,""recovery_weeks"":2},{""target"":""demand"",""magnitude"":0.2019197256359958,""start_week"":16,""duration_weeks"":3,""recovery_weeks"":2},{""target"":""T2P"",""magnitude"":0.34097860970405314,""start_week"":27,""duration_weeks"":3,""recovery_weeks"":1}]"
A,1618,151,Demand-supply coupling,True,True,True,Structural,Concentrated dependency; Hidden convergent dependency; Propagation-amplified cascade,Hidden convergent dependency,4,0.5011635038294083,7323.092758082463,True,True,False,False,False,"[{""target"":""T2P"",""magnitude"":0.2607550521641939,""start_week"":6,""duration_weeks"":7,""recovery_weeks"":2},{""target"":""T2P"",""magnitude"":0.5489528465535325,""start_week"":27,""duration_weeks"":16,""recovery_weeks"":2},{""target"":""corridor"",""magnitude"":0.18502488357794633,""start_week"":32,""duration_weeks"":4,""recovery_weeks"":3},{""target"":""demand"",""magnitude"":0.16482060522243014,""start_week"":50,""duration_weeks"":1,""recovery_weeks"":3}]"
A,1618,152,Demand-supply coupling,False,,False,Non-failure,Unclassified,Unclassified,3,0.8967140092223144,234.79843760810627,False,True,False,False,True,"[{""target"":""corridor"",""magnitude"":0.2645886509910208,""start_week"":19,""duration_weeks"":1,""recovery_weeks"":1},{""target"":""demand"",""magnitude"":0.1585667878774299,""start_week"":34,""duration_weeks"":10,""recovery_weeks"":1},{""target"":""S1C"",""magnitude"":0.28938218782902536,""start_week"":49,""duration_weeks"":4,""recovery_weeks"":3}]"
A,1618,153,Demand-supply coupling,False,,False,Non-failure,Unclassified,Unclassified,1,0.8154186074035419,580.7524719023822,False,False,False,False,False,"[{""target"":""demand"",""magnitude"":0.22636396927978203,""start_week"":17,""duration_weeks"":6,""recovery_weeks"":4}]"
A,1618,154,Demand-supply coupling,True,True,True,Structural,Concentrated dependency; Hidden convergent dependency; Propagation-amplified cascade,Hidden convergent dependency,2,0.673853958106187,2333.6972364704247,True,True,False,False,False,"[{""target"":""T2P"",""magnitude"":0.39353143770443166,""start_week"":23,""duration_weeks"":8,""recovery_weeks"":4},{""target"":""corridor"",""magnitude"":0.34170681832409333,""start_week"":31,""duration_weeks"":1,""recovery_weeks"":3}]"
A,1618,155,Demand-supply coupling,True,True,True,Structural,Concentrated dependency; Hidden convergent dependency; Propagation-amplified cascade,Hidden convergent dependency,4,0.5760573207407995,907.9962903208864,True,True,False,False,False,"[{""target"":""T2P"",""magnitude"":0.3683918843168452,""start_week"":18,""duration_weeks"":2,""recovery_weeks"":4},{""target"":""demand"",""magnitude"":0.10243185359027585,""start_week"":21,""duration_weeks"":2,""recovery_weeks"":4},{""target"":""corridor"",""magnitude"":0.5063006317414637,""start_week"":39,""duration_weeks"":1,""recovery_weeks"":3},{""target"":""demand"",""magnitude"":0.14270889483393218,""start_week"":41,""duration_weeks"":4,""recovery_weeks"":3}]"
A,1618,156,Demand-supply coupling,False,,False,Non-failure,Unclassified,Unclassified,2,0.9361955509051817,114.84800837067291,False,True,False,False,False,"[{""target"":""corridor"",""magnitude"":0.2978533368211136,""start_week"":24,""duration_weeks"":1,""recovery_weeks"":3},{""target"":""demand"",""magnitude"":0.09442682912584971,""start_week"":29,""duration_weeks"":3,""recovery_weeks"":1}]"
A,1618,157,Demand-supply coupling,False,,False,Non-failure,Unclassified,Unclassified,1,0.8964288786609595,103.98371965032493,False,False,False,False,False,"[{""target"":""demand"",""magnitude"":0.11553746627813875,""start_week"":6,""duration_weeks"":1,""recovery_weeks"":2}]"
A,1618,158,Demand-supply coupling,True,True,True,Structural,Concentrated dependency; Hidden convergent dependency; Propagation-amplified cascade,Hidden convergent dependency,3,0.6392786673571824,1422.1855873543118,True,False,False,False,False,"[{""target"":""T2P"",""magnitude"":0.42464919937853585,""start_week"":9,""duration_weeks"":3,""recovery_weeks"":3},{""target"":""demand"",""magnitude"":0.1140668105374904,""start_week"":21,""duration_weeks"":3,""recovery_weeks"":4},{""target"":""demand"",""magnitude"":0.21013866222113364,""start_week"":23,""duration_weeks"":2,""recovery_weeks"":3}]"
A,1618,159,Demand-supply coupling,False,,False,Non-failure,Unclassified,Unclassified,2,0.9025101456978329,101.91361518871236,False,False,False,True,False,"[{""target"":""S1B"",""magnitude"":0.3043287664513532,""start_week"":17,""duration_weeks"":4,""recovery_weeks"":3},{""target"":""demand"",""magnitude"":0.16152958705532727,""start_week"":39,""duration_weeks"":1,""recovery_weeks"":4}]"
A,1618,160,Demand-supply coupling,True,True,False,Structural,Concentrated dependency; Propagation-amplified cascade,Propagation-amplified cascade,2,0.8785281801744023,218.64927568607595,True,False,False,False,True,"[{""target"":""T2P"",""magnitude"":0.17998427732972075,""start_week"":16,""duration_weeks"":4,""recovery_weeks"":3},{""target"":""S1C"",""magnitude"":0.5233115946075949,""start_week"":26,""duration_weeks"":1,""recovery_weeks"":4}]"
A,1618,161,Demand-supply coupling,False,,False,Non-failure,Unclassified,Unclassified,2,0.9657753030323062,38.55362763117955,False,True,False,False,False,"[{""target"":""corridor"",""magnitude"":0.2660640115129915,""start_week"":6,""duration_weeks"":1,""recovery_weeks"":4},{""target"":""demand"",""magnitude"":0.07979295055524924,""start_week"":39,""duration_weeks"":1,""recovery_weeks"":2}]"
A,1618,162,Demand-supply coupling,False,,False,Non-failure,Unclassified,Unclassified,3,0.9232244362504053,138.1960147492705,False,True,False,False,False,"[{""target"":""corridor"",""magnitude"":0.30758167281219606,""start_week"":20,""duration_weeks"":1,""recovery_weeks"":1},{""target"":""demand"",""magnitude"":0.1287276368564909,""start_week"":47,""duration_weeks"":1,""recovery_weeks"":1},{""target"":""corridor"",""magnitude"":0.2794972554226148,""start_week"":51,""duration_weeks"":5,""recovery_weeks"":1}]"
A,1618,163,Demand-supply coupling,False,,False,Non-failure,Unclassified,Unclassified,3,0.8876836081234031,113.87475420733995,False,True,True,False,False,"[{""target"":""corridor"",""magnitude"":0.2057534883036019,""start_week"":7,""duration_weeks"":2,""recovery_weeks"":2},{""target"":""demand"",""magnitude"":0.1265275046748222,""start_week"":30,""duration_weeks"":7,""recovery_weeks"":3},{""target"":""S1A"",""magnitude"":0.24672987811404462,""start_week"":44,""duration_weeks"":4,""recovery_weeks"":4}]"
A,1618,164,Demand-supply coupling,False,,False,Non-failure,Unclassified,Unclassified,1,0.9331985157207474,120.24267170265466,False,False,True,False,False,"[{""target"":""S1A"",""magnitude"":0.40030333962831843,""start_week"":36,""duration_weeks"":1,""recovery_weeks"":3}]"
A,1618,165,Demand-supply coupling,True,False,True,Adaptation-limited,Concentrated dependency,Concentrated dependency,2,0.7714963872637539,616.9597543878645,False,True,False,False,False,"[{""target"":""corridor"",""magnitude"":0.42137770955218457,""start_week"":1,""duration_weeks"":2,""recovery_weeks"":2},{""target"":""demand"",""magnitude"":0.25770593325542046,""start_week"":23,""duration_weeks"":1,""recovery_weeks"":4}]"
A,1618,166,Demand-supply coupling,True,False,False,Adaptation-limited,Concentrated dependency; Hidden convergent dependency; Propagation-amplified cascade,Hidden convergent dependency,3,0.6478904076534526,676.0438490035172,True,False,False,False,False,"[{""target"":""T2P"",""magnitude"":0.41689863311189257,""start_week"":12,""duration_weeks"":2,""recovery_weeks"":4},{""target"":""T2P"",""magnitude"":0.18915236017443093,""start_week"":22,""duration_weeks"":1,""recovery_weeks"":2},{""target"":""demand"",""magnitude"":0.09857298389457053,""start_week"":46,""duration_weeks"":1,""recovery_weeks"":2}]"
A,1618,167,Demand-supply coupling,False,,False,Non-failure,Unclassified,Unclassified,3,0.8494901441833086,159.45902511352983,False,True,False,False,False,"[{""target"":""corridor"",""magnitude"":0.23665289259703026,""start_week"":8,""duration_weeks"":5,""recovery_weeks"":1},{""target"":""demand"",""magnitude"":0.17717669457058888,""start_week"":23,""duration_weeks"":1,""recovery_weeks"":2},{""target"":""corridor"",""magnitude"":0.19122374901392372,""start_week"":51,""duration_weeks"":1,""recovery_weeks"":3}]"
A,1618,168,Demand-supply coupling,False,,False,Non-failure,Unclassified,Unclassified,1,1.0,0.0,True,False,False,False,False,"[{""target"":""T2P"",""magnitude"":0.19529678155730262,""start_week"":50,""duration_weeks"":4,""recovery_weeks"":1}]"
A,1618,169,Demand-supply coupling,True,True,False,Structural,Concentrated dependency; Hidden convergent dependency; Propagation-amplified cascade,Hidden convergent dependency,3,0.8315427247718961,325.7987703299966,True,False,True,False,False,"[{""target"":""T2P"",""magnitude"":0.3354820636070581,""start_week"":4,""duration_weeks"":2,""recovery_weeks"":4},{""target"":""demand"",""magnitude"":0.19552160162445548,""start_week"":25,""duration_weeks"":2,""recovery_weeks"":2},{""target"":""S1A"",""magnitude"":0.5296574910357766,""start_week"":27,""duration_weeks"":4,""recovery_weeks"":2}]"
A,1618,170,Demand-supply coupling,True,True,True,Structural,Concentrated dependency; Hidden convergent dependency,Hidden convergent dependency,7,0.7321012859025375,1761.634621524633,True,True,False,False,False,"[{""target"":""corridor"",""magnitude"":0.2183097188192162,""start_week"":8,""duration_weeks"":2,""recovery_weeks"":3},{""target"":""demand"",""magnitude"":0.15161107260692813,""start_week"":13,""duration_weeks"":1,""recovery_weeks"":2},{""target"":""corridor"",""magnitude"":0.3923469069859199,""start_week"":19,""duration_weeks"":2,""recovery_weeks"":4},{""target"":""demand"",""magnitude"":0.16943115421500235,""start_week"":24,""duration_weeks"":1,""recovery_weeks"":4},{""target"":""T2P"",""magnitude"":0.2609052582470288,""start_week"":31,""duration_weeks"":6,""recovery_weeks"":4},{""target"":""demand"",""magnitude"":0.12172508850756135,""start_week"":35,""duration_weeks"":8,""recovery_weeks"":4},{""target"":""T2P"",""magnitude"":0.5855527254099421,""start_week"":49,""duration_weeks"":1,""recovery_weeks"":3}]"
A,1618,171,Demand-supply coupling,False,,False,Non-failure,Unclassified,Unclassified,5,0.8549086502147036,152.74405607426252,False,True,True,False,False,"[{""target"":""corridor"",""magnitude"":0.24044199357997997,""start_week"":6,""duration_weeks"":6,""recovery_weeks"":1},{""target"":""demand"",""magnitude"":0.16971561786029166,""start_week"":28,""duration_weeks"":1,""recovery_weeks"":1},{""target"":""corridor"",""magnitude"":0.28413416363141986,""start_week"":39,""duration_weeks"":2,""recovery_weeks"":2},{""target"":""demand"",""magnitude"":0.0700713547693562,""start_week"":47,""duration_weeks"":11,""recovery_weeks"":1},{""target"":""S1A"",""magnitude"":0.30187998991892573,""start_week"":48,""duration_weeks"":1,""recovery_weeks"":3}]"
A,1618,172,Demand-supply coupling,True,False,False,Adaptation-limited,Concentrated dependency; Hidden convergent dependency,Hidden convergent dependency,3,0.7717708272107469,405.4604836853621,True,True,False,False,False,"[{""target"":""corridor"",""magnitude"":0.1891475411471706,""start_week"":4,""duration_weeks"":4,""recovery_weeks"":1},{""target"":""demand"",""magnitude"":0.19550591358843666,""start_week"":8,""duration_weeks"":1,""recovery_weeks"":2},{""target"":""T2P"",""magnitude"":0.3054062555103279,""start_week"":22,""duration_weeks"":5,""recovery_weeks"":1}]"
A,1618,173,Demand-supply coupling,False,,False,Non-failure,Unclassified,Unclassified,0,1.0,0.0,False,False,False,False,False,[]
A,1618,174,Demand-supply coupling,True,True,True,Structural,Concentrated dependency; Hidden convergent dependency,Hidden convergent dependency,4,0.6506932606112258,4320.518617126646,True,True,False,False,False,"[{""target"":""T2P"",""magnitude"":0.3126767548660001,""start_week"":19,""duration_weeks"":17,""recovery_weeks"":3},{""target"":""demand"",""magnitude"":0.17365975771127834,""start_week"":27,""duration_weeks"":1,""recovery_weeks"":3},{""target"":""corridor"",""magnitude"":0.2370446227084756,""start_week"":35,""duration_weeks"":4,""recovery_weeks"":1},{""target"":""demand"",""magnitude"":0.16966081357005355,""start_week"":40,""duration_weeks"":3,""recovery_weeks"":2}]"
A,1618,175,Demand-supply coupling,True,False,True,Adaptation-limited,Concentrated dependency,Concentrated dependency,4,0.7854601953639285,1187.2388278164287,False,True,True,False,True,"[{""target"":""corridor"",""magnitude"":0.4109048534770535,""start_week"":1,""duration_weeks"":5,""recovery_weeks"":3},{""target"":""demand"",""magnitude"":0.07533766162055036,""start_week"":18,""duration_weeks"":2,""recovery_weeks"":3},{""target"":""S1A"",""magnitude"":0.2587515350751808,""start_week"":19,""duration_weeks"":1,""recovery_weeks"":2},{""target"":""S1C"",""magnitude"":0.21055329177063029,""start_week"":29,""duration_weeks"":7,""recovery_weeks"":1}]"
A,1618,176,Demand-supply coupling,False,,False,Non-failure,Unclassified,Unclassified,1,1.0,0.0,False,False,True,False,False,"[{""target"":""S1A"",""magnitude"":0.21342020713931859,""start_week"":36,""duration_weeks"":3,""recovery_weeks"":4}]"
A,1618,177,Demand-supply coupling,False,,False,Non-failure,Unclassified,Unclassified,4,0.8732198750966265,138.37332777747235,False,False,True,False,False,"[{""target"":""S1A"",""magnitude"":0.30686076800828666,""start_week"":7,""duration_weeks"":2,""recovery_weeks"":4},{""target"":""demand"",""magnitude"":0.21271486435393283,""start_week"":16,""duration_weeks"":1,""recovery_weeks"":2},{""target"":""S1A"",""magnitude"":0.29753587439005047,""start_week"":17,""duration_weeks"":1,""recovery_weeks"":1},{""target"":""demand"",""magnitude"":0.06987521806438424,""start_week"":28,""duration_weeks"":1,""recovery_weeks"":1}]"
A,1618,178,Demand-supply coupling,True,True,False,Structural,Hidden convergent dependency; Compounding moderate disturbance; Recovery lag and temporal overlap,Hidden convergent dependency,5,0.7927617512183948,441.9880037154919,True,False,True,False,True,"[{""target"":""T2P"",""magnitude"":0.18855889812165294,""start_week"":13,""duration_weeks"":1,""recovery_weeks"":4},{""target"":""demand"",""magnitude"":0.26141302662887184,""start_week"":15,""duration_weeks"":1,""recovery_weeks"":4},{""target"":""demand"",""magnitude"":0.12345571962702982,""start_week"":38,""duration_weeks"":3,""recovery_weeks"":3},{""target"":""S1A"",""magnitude"":0.3146287175672592,""start_week"":46,""duration_weeks"":7,""recovery_weeks"":3},{""target"":""S1C"",""magnitude"":0.32510588267671714,""start_week"":48,""duration_weeks"":4,""recovery_weeks"":4}]"
A,1618,179,Demand-supply coupling,False,,False,Non-failure,Unclassified,Unclassified,3,0.8634107720960765,142.37754390658915,False,True,False,False,False,"[{""target"":""demand"",""magnitude"":0.15819727100732134,""start_week"":14,""duration_weeks"":5,""recovery_weeks"":3},{""target"":""corridor"",""magnitude"":0.2582145315356872,""start_week"":37,""duration_weeks"":1,""recovery_weeks"":4},{""target"":""demand"",""magnitude"":0.13003699405212837,""start_week"":49,""duration_weeks"":5,""recovery_weeks"":4}]"
A,1618,180,Demand-supply coupling,True,False,False,Adaptation-limited,Concentrated dependency; Hidden convergent dependency,Hidden convergent dependency,4,0.6826777582755911,651.7109868692389,True,True,True,False,False,"[{""target"":""S1A"",""magnitude"":0.19139031993021027,""start_week"":1,""duration_weeks"":2,""recovery_weeks"":3},{""target"":""demand"",""magnitude"":0.15694848115162904,""start_week"":21,""duration_weeks"":2,""recovery_weeks"":3},{""target"":""T2P"",""magnitude"":0.3855900175519679,""start_week"":43,""duration_weeks"":4,""recovery_weeks"":3},{""target"":""corridor"",""magnitude"":0.16480591494189173,""start_week"":51,""duration_weeks"":2,""recovery_weeks"":3}]"
A,1618,181,Demand-supply coupling,True,True,True,Structural,Concentrated dependency,Concentrated dependency,10,0.53792153765939,4009.4623560743503,True,True,True,False,False,"[{""target"":""S1A"",""magnitude"":0.4103980922025635,""start_week"":7,""duration_weeks"":7,""recovery_weeks"":3},{""target"":""demand"",""magnitude"":0.0817995052839185,""start_week"":9,""duration_weeks"":1,""recovery_weeks"":4},{""target"":""corridor"",""magnitude"":0.469729947613613,""start_week"":18,""duration_weeks"":10,""recovery_weeks"":4},{""target"":""demand"",""magnitude"":0.05841319514914714,""start_week"":22,""duration_weeks"":1,""recovery_weeks"":1},{""target"":""T2P"",""magnitude"":0.515870616106549,""start_week"":29,""duration_weeks"":3,""recovery_weeks"":1},{""target"":""corridor"",""magnitude"":0.24016638484016808,""start_week"":32,""duration_weeks"":2,""recovery_weeks"":3},{""target"":""demand"",""magnitude"":0.09700827527182476,""start_week"":40,""duration_weeks"":3,""recovery_weeks"":2},{""target"":""S1A"",""magnitude"":0.46787601703023574,""start_week"":44,""duration_weeks"":3,""recovery_weeks"":2},{""target"":""corridor"",""magnitude"":0.23661010651314712,""start_week"":50,""duration_weeks"":2,""recovery_weeks"":1},{""target"":""demand"",""magnitude"":0.3049060053569437,""start_week"":51,""duration_weeks"":2,""recovery_weeks"":3}]"
A,1618,182,Demand-supply coupling,True,True,True,Structural,Concentrated dependency,Concentrated dependency,3,0.8069314368957061,1227.5943391872352,True,False,False,False,False,"[{""target"":""demand"",""magnitude"":0.23926266133221363,""start_week"":4,""duration_weeks"":11,""recovery_weeks"":3},{""target"":""T2P"",""magnitude"":0.26552319568373556,""start_week"":23,""duration_weeks"":2,""recovery_weeks"":4},{""target"":""demand"",""magnitude"":0.1829105199099461,""start_week"":33,""duration_weeks"":1,""recovery_weeks"":3}]"
A,1618,183,Demand-supply coupling,False,,False,Non-failure,Unclassified,Unclassified,2,0.8785560760986013,124.40814477844674,True,False,False,False,False,"[{""target"":""demand"",""magnitude"":0.13823127197605195,""start_week"":9,""duration_weeks"":12,""recovery_weeks"":2},{""target"":""T2P"",""magnitude"":0.270575523273102,""start_week"":41,""duration_weeks"":2,""recovery_weeks"":3}]"
A,1618,184,Demand-supply coupling,False,,False,Non-failure,Unclassified,Unclassified,1,0.8920765689371739,108.88200782166746,False,False,False,False,False,"[{""target"":""demand"",""magnitude"":0.12098000869074153,""start_week"":42,""duration_weeks"":1,""recovery_weeks"":3}]"
A,1618,185,Demand-supply coupling,True,True,True,Structural,Concentrated dependency; Hidden convergent dependency; Propagation-amplified cascade,Hidden convergent dependency,3,0.7067473165081408,1222.1691689467325,True,True,False,False,False,"[{""target"":""T2P"",""magnitude"":0.2731783888441707,""start_week"":17,""duration_weeks"":3,""recovery_weeks"":2},{""target"":""corridor"",""magnitude"":0.24875717335137143,""start_week"":28,""duration_weeks"":3,""recovery_weeks"":1},{""target"":""T2P"",""magnitude"":0.3639274151426732,""start_week"":39,""duration_weeks"":6,""recovery_weeks"":2}]"
A,1618,186,Demand-supply coupling,False,,False,Non-failure,Unclassified,Unclassified,4,0.9145759363904594,571.3630400591725,False,True,True,False,False,"[{""target"":""corridor"",""magnitude"":0.29382943374242804,""start_week"":26,""duration_weeks"":9,""recovery_weeks"":3},{""target"":""demand"",""magnitude"":0.12260698684010285,""start_week"":37,""duration_weeks"":5,""recovery_weeks"":3},{""target"":""demand"",""magnitude"":0.08220610444309537,""start_week"":41,""duration_weeks"":2,""recovery_weeks"":2},{""target"":""S1A"",""magnitude"":0.29135455970391155,""start_week"":47,""duration_weeks"":2,""recovery_weeks"":4}]"
A,1618,187,Demand-supply coupling,False,,False,Non-failure,Unclassified,Unclassified,4,0.9220223686875395,76.11514705561058,True,False,False,False,False,"[{""target"":""demand"",""magnitude"":0.08457238561734495,""start_week"":10,""duration_weeks"":1,""recovery_weeks"":4},{""target"":""T2P"",""magnitude"":0.23746291921238985,""start_week"":24,""duration_weeks"":1,""recovery_weeks"":2},{""target"":""demand"",""magnitude"":0.1507681455487295,""start_week"":33,""duration_weeks"":1,""recovery_weeks"":4},{""target"":""demand"",""magnitude"":0.1421407148420239,""start_week"":48,""duration_weeks"":9,""recovery_weeks"":3}]"
A,1618,188,Demand-supply coupling,False,,False,Non-failure,Unclassified,Unclassified,2,1.0,0.0,True,True,False,False,False,"[{""target"":""T2P"",""magnitude"":0.3046933334327805,""start_week"":1,""duration_weeks"":1,""recovery_weeks"":3},{""target"":""corridor"",""magnitude"":0.23551051943702095,""start_week"":39,""duration_weeks"":2,""recovery_weeks"":3}]"
A,1618,189,Demand-supply coupling,True,True,True,Structural,Compounding moderate disturbance,Compounding moderate disturbance,6,0.6012953222511422,1906.3295521886785,True,True,False,False,True,"[{""target"":""T2P"",""magnitude"":0.3573371232051432,""start_week"":27,""duration_weeks"":1,""recovery_weeks"":1},{""target"":""demand"",""magnitude"":0.1875526661874673,""start_week"":29,""duration_weeks"":6,""recovery_weeks"":1},{""target"":""corridor"",""magnitude"":0.28743128055019035,""start_week"":31,""duration_weeks"":2,""recovery_weeks"":2},{""target"":""demand"",""magnitude"":0.1538683143481322,""start_week"":38,""duration_weeks"":2,""recovery_weeks"":4},{""target"":""corridor"",""magnitude"":0.45560559076821083,""start_week"":40,""duration_weeks"":3,""recovery_weeks"":2},{""target"":""S1C"",""magnitude"":0.42634904141852126,""start_week"":51,""duration_weeks"":1,""recovery_weeks"":1}]"
A,1618,190,Demand-supply coupling,True,False,True,Adaptation-limited,Concentrated dependency,Concentrated dependency,1,0.7185896868426885,2095.0004426270298,False,True,False,False,False,"[{""target"":""corridor"",""magnitude"":0.4610577348679836,""start_week"":14,""duration_weeks"":7,""recovery_weeks"":3}]"
A,1618,191,Demand-supply coupling,False,,False,Non-failure,Unclassified,Unclassified,1,0.867777994280246,137.13162344763032,False,False,False,False,False,"[{""target"":""demand"",""magnitude"":0.15236847049736704,""start_week"":42,""duration_weeks"":1,""recovery_weeks"":3}]"
A,1618,192,Demand-supply coupling,False,,False,Non-failure,Unclassified,Unclassified,2,0.9408440293418424,124.227538382131,False,False,False,True,False,"[{""target"":""S1B"",""magnitude"":0.38310093398085465,""start_week"":40,""duration_weeks"":3,""recovery_weeks"":3},{""target"":""demand"",""magnitude"":0.07393378428479823,""start_week"":49,""duration_weeks"":3,""recovery_weeks"":3}]"
A,1618,193,Demand-supply coupling,True,True,True,Structural,Concentrated dependency,Concentrated dependency,2,0.5389367260440724,2509.7806220191906,True,True,False,False,False,"[{""target"":""corridor"",""magnitude"":0.44132186332463186,""start_week"":9,""duration_weeks"":5,""recovery_weeks"":1},{""target"":""T2P"",""magnitude"":0.5149569465603347,""start_week"":20,""duration_weeks"":4,""recovery_weeks"":2}]"
A,1618,194,Demand-supply coupling,True,True,False,Structural,Concentrated dependency,Concentrated dependency,4,0.7123681936366895,889.8909352234889,False,True,False,True,False,"[{""target"":""demand"",""magnitude"":0.13561084498254614,""start_week"":1,""duration_weeks"":3,""recovery_weeks"":1},{""target"":""corridor"",""magnitude"":0.3295380241789554,""start_week"":7,""duration_weeks"":2,""recovery_weeks"":2},{""target"":""demand"",""magnitude"":0.2548978310374193,""start_week"":8,""duration_weeks"":3,""recovery_weeks"":1},{""target"":""S1B"",""magnitude"":0.3662410165549319,""start_week"":10,""duration_weeks"":2,""recovery_weeks"":2}]"
A,1618,195,Demand-supply coupling,False,,False,Non-failure,Unclassified,Unclassified,2,0.812125138580768,208.20359725940511,False,False,False,False,True,"[{""target"":""S1C"",""magnitude"":0.19736750648000556,""start_week"":4,""duration_weeks"":6,""recovery_weeks"":1},{""target"":""demand"",""magnitude"":0.23133733028822778,""start_week"":47,""duration_weeks"":2,""recovery_weeks"":2}]"
A,1618,196,Demand-supply coupling,True,True,True,Structural,Concentrated dependency; Hidden convergent dependency,Hidden convergent dependency,3,0.762812488080447,911.1189923484244,True,True,False,False,False,"[{""target"":""demand"",""magnitude"":0.12026553886169758,""start_week"":5,""duration_weeks"":4,""recovery_weeks"":1},{""target"":""corridor"",""magnitude"":0.32292731280982895,""start_week"":9,""duration_weeks"":5,""recovery_weeks"":2},{""target"":""T2P"",""magnitude"":0.31346876072759766,""start_week"":18,""duration_weeks"":5,""recovery_weeks"":3}]"
A,1618,197,Demand-supply coupling,False,,False,Non-failure,Unclassified,Unclassified,7,0.8803978020449621,180.0984759445903,True,True,False,False,True,"[{""target"":""T2P"",""magnitude"":0.24209152915022786,""start_week"":11,""duration_weeks"":1,""recovery_weeks"":2},{""target"":""demand"",""magnitude"":0.13258071218172357,""start_week"":20,""duration_weeks"":2,""recovery_weeks"":3},{""target"":""T2P"",""magnitude"":0.21305025591202043,""start_week"":21,""duration_weeks"":1,""recovery_weeks"":1},{""target"":""demand"",""magnitude"":0.14012990438321768,""start_week"":29,""duration_weeks"":1,""recovery_weeks"":4},{""target"":""S1C"",""magnitude"":0.3315851223766021,""start_week"":35,""duration_weeks"":5,""recovery_weeks"":3},{""target"":""demand"",""magnitude"":0.22147581950244333,""start_week"":39,""duration_weeks"":1,""recovery_weeks"":3},{""target"":""corridor"",""magnitude"":0.2970784505262982,""start_week"":46,""duration_weeks"":5,""recovery_weeks"":4}]"
A,1618,198,Demand-supply coupling,False,,False,Non-failure,Unclassified,Unclassified,2,0.8582052025470406,422.7353747575488,False,False,False,False,True,"[{""target"":""S1C"",""magnitude"":0.2992264810680013,""start_week"":13,""duration_weeks"":1,""recovery_weeks"":2},{""target"":""demand"",""magnitude"":0.21620897771618242,""start_week"":45,""duration_weeks"":9,""recovery_weeks"":3}]"
A,1618,199,Demand-supply coupling,True,True,False,Structural,Concentrated dependency; Hidden convergent dependency; Propagation-amplified cascade,Hidden convergent dependency,2,0.6048613152881002,1155.0545333225855,True,False,False,False,False,"[{""target"":""T2P"",""magnitude"":0.4556248162407097,""start_week"":11,""duration_weeks"":2,""recovery_weeks"":2},{""target"":""demand"",""magnitude"":0.22568816365129507,""start_week"":22,""duration_weeks"":7,""recovery_weeks"":3}]"
A,1618,200,Demand-supply coupling,False,,False,Non-failure,Unclassified,Unclassified,5,0.8521310285942386,133.08207426518538,True,False,True,True,False,"[{""target"":""T2P"",""magnitude"":0.2466164148530371,""start_week"":2,""duration_weeks"":4,""recovery_weeks"":1},{""target"":""demand"",""magnitude"":0.05680862836525802,""start_week"":15,""duration_weeks"":1,""recovery_weeks"":2},{""target"":""T2P"",""magnitude"":0.31076454893816197,""start_week"":19,""duration_weeks"":1,""recovery_weeks"":2},{""target"":""S1A"",""magnitude"":0.3081606167159585,""start_week"":33,""duration_weeks"":1,""recovery_weeks"":2},{""target"":""S1B"",""magnitude"":0.5808131672634058,""start_week"":51,""duration_weeks"":4,""recovery_weeks"":4}]"
A,1618,201,Demand-supply coupling,True,True,True,Structural,Concentrated dependency; Hidden convergent dependency,Hidden convergent dependency,5,0.5364763238344739,2246.17437649786,True,False,False,True,False,"[{""target"":""S1B"",""magnitude"":0.34502294321212534,""start_week"":13,""duration_weeks"":6,""recovery_weeks"":2},{""target"":""demand"",""magnitude"":0.1690151965806634,""start_week"":16,""duration_weeks"":3,""recovery_weeks"":3},{""target"":""T2P"",""magnitude"":0.43751208306332845,""start_week"":24,""duration_weeks"":2,""recovery_weeks"":2},{""target"":""demand"",""magnitude"":0.17885661288202354,""start_week"":31,""duration_weeks"":1,""recovery_weeks"":3},{""target"":""T2P"",""magnitude"":0.5171713085489735,""start_week"":33,""duration_weeks"":3,""recovery_weeks"":1}]"
A,1618,202,Demand-supply coupling,True,True,False,Structural,Concentrated dependency,Concentrated dependency,4,0.8891915150738482,324.01012157758896,True,True,False,True,False,"[{""target"":""S1B"",""magnitude"":0.44574136159024036,""start_week"":23,""duration_weeks"":1,""recovery_weeks"":2},{""target"":""corridor"",""magnitude"":0.3331063636946139,""start_week"":40,""duration_weeks"":3,""recovery_weeks"":3},{""target"":""demand"",""magnitude"":0.12800841573327043,""start_week"":45,""duration_weeks"":2,""recovery_weeks"":4},{""target"":""T2P"",""magnitude"":0.3315151205693778,""start_week"":48,""duration_weeks"":2,""recovery_weeks"":2}]"
A,1618,203,Demand-supply coupling,True,True,False,Structural,Hidden convergent dependency; Compounding moderate disturbance,Hidden convergent dependency,2,0.5663773034447283,612.3337758877692,True,False,False,False,False,"[{""target"":""T2P"",""magnitude"":0.42863071889349225,""start_week"":44,""duration_weeks"":2,""recovery_weeks"":1},{""target"":""demand"",""magnitude"":0.12090430341010829,""start_week"":49,""duration_weeks"":2,""recovery_weeks"":3}]"
A,1618,204,Demand-supply coupling,False,,False,Non-failure,Unclassified,Unclassified,0,1.0,0.0,False,False,False,False,False,[]
A,1618,205,Demand-supply coupling,True,True,True,Structural,Concentrated dependency,Concentrated dependency,4,0.5974388215833275,1634.0319704700514,True,True,False,False,False,"[{""target"":""corridor"",""magnitude"":0.48564552100032476,""start_week"":5,""duration_weeks"":1,""recovery_weeks"":2},{""target"":""demand"",""magnitude"":0.12662974917216283,""start_week"":10,""duration_weeks"":2,""recovery_weeks"":1},{""target"":""T2P"",""magnitude"":0.44848184591549756,""start_week"":11,""duration_weeks"":2,""recovery_weeks"":4},{""target"":""demand"",""magnitude"":0.07712485451856864,""start_week"":12,""duration_weeks"":1,""recovery_weeks"":3}]"
A,1618,206,Demand-supply coupling,True,True,True,Structural,Compounding moderate disturbance,Compounding moderate disturbance,8,0.6815155927241769,1616.3339899063376,False,True,True,False,False,"[{""target"":""S1A"",""magnitude"":0.39493640259359925,""start_week"":7,""duration_weeks"":17,""recovery_weeks"":3},{""target"":""corridor"",""magnitude"":0.2131134654137347,""start_week"":9,""duration_weeks"":2,""recovery_weeks"":4},{""target"":""demand"",""magnitude"":0.3100163908269851,""start_week"":10,""duration_weeks"":1,""recovery_weeks"":1},{""target"":""corridor"",""magnitude"":0.4888633054568673,""start_week"":15,""duration_weeks"":3,""recovery_weeks"":3},{""target"":""corridor"",""magnitude"":0.3406795434062341,""start_week"":25,""duration_weeks"":1,""recovery_weeks"":1},{""target"":""demand"",""magnitude"":0.104904598552334,""start_week"":31,""duration_weeks"":1,""recovery_weeks"":4},{""target"":""corridor"",""magnitude"":0.24554065162865457,""start_week"":35,""duration_weeks"":1,""recovery_weeks"":4},{""target"":""demand"",""magnitude"":0.13032621352768547,""start_week"":46,""duration_weeks"":4,""recovery_weeks"":3}]"
A,1618,207,Demand-supply coupling,False,,False,Non-failure,Unclassified,Unclassified,0,1.0,0.0,False,False,False,False,False,[]
A,1618,208,Demand-supply coupling,True,True,True,Structural,Concentrated dependency,Concentrated dependency,4,0.5613464892838679,3305.4683196320457,True,True,False,False,False,"[{""target"":""corridor"",""magnitude"":0.48537783091339737,""start_week"":7,""duration_weeks"":3,""recovery_weeks"":4},{""target"":""demand"",""magnitude"":0.0614168648728439,""start_week"":13,""duration_weeks"":3,""recovery_weeks"":3},{""target"":""T2P"",""magnitude"":0.49478815964451883,""start_week"":20,""duration_weeks"":6,""recovery_weeks"":1},{""target"":""demand"",""magnitude"":0.13675332241698396,""start_week"":21,""duration_weeks"":1,""recovery_weeks"":2}]"
A,1618,209,Demand-supply coupling,False,,False,Non-failure,Unclassified,Unclassified,2,1.0,0.0,False,True,False,False,True,"[{""target"":""S1C"",""magnitude"":0.1932161157932315,""start_week"":4,""duration_weeks"":4,""recovery_weeks"":1},{""target"":""corridor"",""magnitude"":0.5785858694865412,""start_week"":51,""duration_weeks"":4,""recovery_weeks"":4}]"
A,1618,210,Demand-supply coupling,False,,False,Non-failure,Unclassified,Unclassified,3,0.7998968751346057,225.14503803824596,False,False,True,False,False,"[{""target"":""S1A"",""magnitude"":0.24988937559271904,""start_week"":14,""duration_weeks"":3,""recovery_weeks"":2},{""target"":""demand"",""magnitude"":0.25016115337582867,""start_week"":23,""duration_weeks"":1,""recovery_weeks"":3},{""target"":""S1A"",""magnitude"":0.35812652803564493,""start_week"":34,""duration_weeks"":2,""recovery_weeks"":3}]"
A,1618,211,Demand-supply coupling,False,,False,Non-failure,Unclassified,Unclassified,2,0.863655727573122,142.0818982223459,False,False,False,False,True,"[{""target"":""S1C"",""magnitude"":0.20493039675946906,""start_week"":26,""duration_weeks"":2,""recovery_weeks"":4},{""target"":""demand"",""magnitude"":0.15786877580260633,""start_week"":36,""duration_weeks"":3,""recovery_weeks"":2}]"
A,1618,212,Demand-supply coupling,False,,False,Non-failure,Unclassified,Unclassified,5,0.9412749986560581,56.77969216457802,True,False,False,True,False,"[{""target"":""S1B"",""magnitude"":0.2626182086587961,""start_week"":21,""duration_weeks"":1,""recovery_weeks"":3},{""target"":""demand"",""magnitude"":0.0743047323240163,""start_week"":36,""duration_weeks"":5,""recovery_weeks"":4},{""target"":""T2P"",""magnitude"":0.2861729215325454,""start_week"":43,""duration_weeks"":1,""recovery_weeks"":1},{""target"":""demand"",""magnitude"":0.10266804976284158,""start_week"":48,""duration_weeks"":7,""recovery_weeks"":1},{""target"":""T2P"",""magnitude"":0.3510540513411575,""start_week"":50,""duration_weeks"":2,""recovery_weeks"":1}]"
A,1618,213,Demand-supply coupling,True,True,False,Structural,Concentrated dependency; Propagation-amplified cascade,Propagation-amplified cascade,4,0.596967459534609,558.4240137571226,True,False,False,True,False,"[{""target"":""T2P"",""magnitude"":0.23685561774396424,""start_week"":15,""duration_weeks"":3,""recovery_weeks"":2},{""target"":""S1B"",""magnitude"":0.49999793111289637,""start_week"":27,""duration_weeks"":3,""recovery_weeks"":2},{""target"":""demand"",""magnitude"":0.12963496236802804,""start_week"":42,""duration_weeks"":8,""recovery_weeks"":2},{""target"":""T2P"",""magnitude"":0.39308021768231627,""start_week"":43,""duration_weeks"":1,""recovery_weeks"":1}]"
A,1618,214,Demand-supply coupling,False,,False,Non-failure,Unclassified,Unclassified,2,0.9361386093778143,114.95050311993418,False,False,False,True,True,"[{""target"":""S1B"",""magnitude"":0.3936881288999177,""start_week"":22,""duration_weeks"":1,""recovery_weeks"":4},{""target"":""S1C"",""magnitude"":0.2500829484982161,""start_week"":25,""duration_weeks"":2,""recovery_weeks"":3}]"
A,1618,215,Demand-supply coupling,True,False,True,Adaptation-limited,Concentrated dependency,Concentrated dependency,4,0.6501267282431965,902.5886485010918,False,True,False,True,True,"[{""target"":""S1B"",""magnitude"":0.25093111333127305,""start_week"":30,""duration_weeks"":3,""recovery_weeks"":1},{""target"":""corridor"",""magnitude"":0.44823033119693545,""start_week"":44,""duration_weeks"":1,""recovery_weeks"":4},{""target"":""demand"",""magnitude"":0.1316145910897154,""start_week"":46,""duration_weeks"":7,""recovery_weeks"":1},{""target"":""S1C"",""magnitude"":0.19463276605570415,""start_week"":51,""duration_weeks"":4,""recovery_weeks"":1}]"
A,1618,216,Demand-supply coupling,True,False,False,Adaptation-limited,Compounding moderate disturbance,Compounding moderate disturbance,5,0.7326555430129751,709.9700410068604,True,False,False,True,False,"[{""target"":""T2P"",""magnitude"":0.24632575021786357,""start_week"":1,""duration_weeks"":2,""recovery_weeks"":1},{""target"":""demand"",""magnitude"":0.2193343323374901,""start_week"":39,""duration_weeks"":2,""recovery_weeks"":1},{""target"":""T2P"",""magnitude"":0.21863378760535002,""start_week"":43,""duration_weeks"":1,""recovery_weeks"":3},{""target"":""S1B"",""magnitude"":0.4381675939034788,""start_week"":46,""duration_weeks"":5,""recovery_weeks"":2},{""target"":""demand"",""magnitude"":0.25075141654786043,""start_week"":49,""duration_weeks"":1,""recovery_weeks"":4}]"
A,1618,217,Demand-supply coupling,True,True,True,Structural,Concentrated dependency; Hidden convergent dependency; Recovery lag and temporal overlap,Hidden convergent dependency,3,0.6730988077493953,2485.616231343979,True,False,False,False,False,"[{""target"":""demand"",""magnitude"":0.18614075744473457,""start_week"":14,""duration_weeks"":1,""recovery_weeks"":2},{""target"":""T2P"",""magnitude"":0.33061930076679336,""start_week"":15,""duration_weeks"":7,""recovery_weeks"":4},{""target"":""demand"",""magnitude"":0.10497348074081311,""start_week"":18,""duration_weeks"":6,""recovery_weeks"":2}]"
A,1618,218,Demand-supply coupling,True,False,True,Adaptation-limited,Hidden convergent dependency; Compounding moderate disturbance,Hidden convergent dependency,6,0.8103075823700902,678.4830060435042,True,True,True,False,True,"[{""target"":""corridor"",""magnitude"":0.25712049540528265,""start_week"":5,""duration_weeks"":1,""recovery_weeks"":4},{""target"":""T2P"",""magnitude"":0.27072317586691885,""start_week"":13,""duration_weeks"":4,""recovery_weeks"":1},{""target"":""demand"",""magnitude"":0.17424558230903617,""start_week"":16,""duration_weeks"":1,""recovery_weeks"":2},{""target"":""S1A"",""magnitude"":0.4582531295718808,""start_week"":21,""duration_weeks"":4,""recovery_weeks"":1},{""target"":""S1C"",""magnitude"":0.2742685263925161,""start_week"":41,""duration_weeks"":7,""recovery_weeks"":4},{""target"":""demand"",""magnitude"":0.07395063676209129,""start_week"":46,""duration_weeks"":7,""recovery_weeks"":3}]"
A,1618,219,Demand-supply coupling,True,False,True,Adaptation-limited,Concentrated dependency; Hidden convergent dependency; Recovery lag and temporal overlap,Hidden convergent dependency,4,0.6267384266758144,844.7911952479575,True,False,False,False,False,"[{""target"":""demand"",""magnitude"":0.11746993919821345,""start_week"":2,""duration_weeks"":3,""recovery_weeks"":2},{""target"":""demand"",""magnitude"":0.08506667316211834,""start_week"":18,""duration_weeks"":1,""recovery_weeks"":1},{""target"":""T2P"",""magnitude"":0.435935415991767,""start_week"":19,""duration_weeks"":3,""recovery_weeks"":3},{""target"":""demand"",""magnitude"":0.1492614900382506,""start_week"":48,""duration_weeks"":3,""recovery_weeks"":4}]"
A,1618,220,Demand-supply coupling,True,True,True,Structural,Concentrated dependency; Hidden convergent dependency,Hidden convergent dependency,2,0.6712378529996503,2525.402222147262,True,False,False,False,False,"[{""target"":""T2P"",""magnitude"":0.34454257093907315,""start_week"":11,""duration_weeks"":9,""recovery_weeks"":3},{""target"":""demand"",""magnitude"":0.16997902914839935,""start_week"":13,""duration_weeks"":1,""recovery_weeks"":4}]"
A,1618,221,Demand-supply coupling,False,,False,Non-failure,Unclassified,Unclassified,5,0.849871141018764,158.98407012755524,True,False,True,False,False,"[{""target"":""demand"",""magnitude"":0.17664896680839431,""start_week"":12,""duration_weeks"":1,""recovery_weeks"":1},{""target"":""T2P"",""magnitude"":0.17931978877552382,""start_week"":22,""duration_weeks"":2,""recovery_weeks"":2},{""target"":""demand"",""magnitude"":0.0765574731721742,""start_week"":23,""duration_weeks"":2,""recovery_weeks"":4},{""target"":""S1A"",""magnitude"":0.2671694666257597,""start_week"":32,""duration_weeks"":8,""recovery_weeks"":1},{""target"":""demand"",""magnitude"":0.14499368344362268,""start_week"":38,""duration_weeks"":3,""recovery_weeks"":4}]"
A,1618,222,Demand-supply coupling,True,False,False,Adaptation-limited,Concentrated dependency; Hidden convergent dependency; Propagation-amplified cascade,Hidden convergent dependency,2,0.6946292417932081,586.7515707375076,True,False,False,False,False,"[{""target"":""T2P"",""magnitude"":0.37483368238611275,""start_week"":32,""duration_weeks"":3,""recovery_weeks"":2},{""target"":""demand"",""magnitude"":0.20664191258722453,""start_week"":50,""duration_weeks"":1,""recovery_weeks"":4}]"
A,1618,223,Demand-supply coupling,True,True,False,Structural,Concentrated dependency,Concentrated dependency,4,0.899129933374775,307.3239361784856,False,True,True,False,False,"[{""target"":""corridor"",""magnitude"":0.3256525499689188,""start_week"":5,""duration_weeks"":2,""recovery_weeks"":2},{""target"":""corridor"",""magnitude"":0.28877311841917397,""start_week"":9,""duration_weeks"":2,""recovery_weeks"":3},{""target"":""demand"",""magnitude"":0.057102150960355244,""start_week"":36,""duration_weeks"":2,""recovery_weeks"":4},{""target"":""S1A"",""magnitude"":0.5366104783928946,""start_week"":49,""duration_weeks"":2,""recovery_weeks"":2}]"
A,1618,224,Demand-supply coupling,True,True,False,Structural,Concentrated dependency; Hidden convergent dependency; Propagation-amplified cascade,Hidden convergent dependency,1,0.5988885378069593,844.0012638949465,True,False,False,False,False,"[{""target"":""T2P"",""magnitude"":0.4610003159737366,""start_week"":36,""duration_weeks"":3,""recovery_weeks"":1}]"
A,1618,225,Demand-supply coupling,True,False,True,Adaptation-limited,Concentrated dependency; Hidden convergent dependency; Propagation-amplified cascade,Hidden convergent dependency,5,0.6557191069232574,822.0333650404353,True,True,True,False,False,"[{""target"":""T2P"",""magnitude"":0.4098528037690684,""start_week"":16,""duration_weeks"":2,""recovery_weeks"":3},{""target"":""demand"",""magnitude"":0.08972131744894032,""start_week"":17,""duration_weeks"":1,""recovery_weeks"":4},{""target"":""corridor"",""magnitude"":0.2388635820549007,""start_week"":29,""duration_weeks"":1,""recovery_weeks"":2},{""target"":""S1A"",""magnitude"":0.5038575176477385,""start_week"":43,""duration_weeks"":3,""recovery_weeks"":3},{""target"":""demand"",""magnitude"":0.09474953313131862,""start_week"":51,""duration_weeks"":5,""recovery_weeks"":1}]"
A,1618,226,Demand-supply coupling,True,True,False,Structural,Concentrated dependency,Concentrated dependency,1,0.8734719527440395,227.7504850607288,False,False,False,True,False,"[{""target"":""S1B"",""magnitude"":0.5346881063259111,""start_week"":6,""duration_weeks"":1,""recovery_weeks"":3}]"
A,1618,227,Demand-supply coupling,True,True,True,Structural,Concentrated dependency,Concentrated dependency,3,0.5921066393953923,3185.496308438462,False,True,False,True,False,"[{""target"":""S1B"",""magnitude"":0.39804989057357415,""start_week"":5,""duration_weeks"":4,""recovery_weeks"":1},{""target"":""corridor"",""magnitude"":0.5559200204534558,""start_week"":26,""duration_weeks"":8,""recovery_weeks"":1},{""target"":""corridor"",""magnitude"":0.3649815887775596,""start_week"":36,""duration_weeks"":1,""recovery_weeks"":2}]"
A,1618,228,Demand-supply coupling,False,,False,Non-failure,Unclassified,Unclassified,2,0.9196261445253754,168.78509649671173,True,False,False,True,False,"[{""target"":""S1B"",""magnitude"":0.4308411748179054,""start_week"":45,""duration_weeks"":10,""recovery_weeks"":2},{""target"":""T2P"",""magnitude"":0.23210583966263826,""start_week"":46,""duration_weeks"":1,""recovery_weeks"":1}]"
A,1618,229,Demand-supply coupling,True,True,True,Structural,Concentrated dependency; Hidden convergent dependency,Hidden convergent dependency,6,0.6701931710070482,2790.0241088293888,True,False,False,True,False,"[{""target"":""T2P"",""magnitude"":0.2365611935121399,""start_week"":6,""duration_weeks"":9,""recovery_weeks"":1},{""target"":""demand"",""magnitude"":0.17487267741416743,""start_week"":10,""duration_weeks"":1,""recovery_weeks"":2},{""target"":""T2P"",""magnitude"":0.30690936672619373,""start_week"":16,""duration_weeks"":4,""recovery_weeks"":4},{""target"":""demand"",""magnitude"":0.14907274044644608,""start_week"":24,""duration_weeks"":1,""recovery_weeks"":4},{""target"":""S1B"",""magnitude"":0.2964069222781396,""start_week"":35,""duration_weeks"":6,""recovery_weeks"":4},{""target"":""demand"",""magnitude"":0.16623938128391003,""start_week"":49,""duration_weeks"":4,""recovery_weeks"":2}]"
A,1618,230,Demand-supply coupling,True,True,True,Structural,Concentrated dependency; Hidden convergent dependency; Propagation-amplified cascade,Hidden convergent dependency,2,0.7219641081564225,3463.010989461167,True,False,False,False,False,"[{""target"":""T2P"",""magnitude"":0.35023230265921956,""start_week"":2,""duration_weeks"":14,""recovery_weeks"":3},{""target"":""T2P"",""magnitude"":0.30592941469136525,""start_week"":38,""duration_weeks"":17,""recovery_weeks"":2}]"
A,1618,231,Demand-supply coupling,False,,False,Non-failure,Unclassified,Unclassified,3,0.8937532770471444,95.62205065757007,False,False,False,True,True,"[{""target"":""S1B"",""magnitude"":0.32672738360123454,""start_week"":17,""duration_weeks"":2,""recovery_weeks"":1},{""target"":""demand"",""magnitude"":0.14971350094019364,""start_week"":23,""duration_weeks"":2,""recovery_weeks"":1},{""target"":""S1C"",""magnitude"":0.616867659569291,""start_week"":49,""duration_weeks"":1,""recovery_weeks"":3}]"
A,1618,232,Demand-supply coupling,False,,False,Non-failure,Unclassified,Unclassified,2,0.8391198083180235,172.55244254572904,False,True,False,False,False,"[{""target"":""corridor"",""magnitude"":0.23123552579053736,""start_week"":6,""duration_weeks"":10,""recovery_weeks"":1},{""target"":""demand"",""magnitude"":0.19172493616192104,""start_week"":32,""duration_weeks"":1,""recovery_weeks"":2}]"
A,1618,233,Demand-supply coupling,True,True,False,Structural,Concentrated dependency; Hidden convergent dependency; Propagation-amplified cascade,Hidden convergent dependency,3,0.7842399335370102,743.6379502592802,True,False,False,True,False,"[{""target"":""T2P"",""magnitude"":0.2186554074567742,""start_week"":30,""duration_weeks"":9,""recovery_weeks"":1},{""target"":""demand"",""magnitude"":0.10700899208978051,""start_week"":43,""duration_weeks"":4,""recovery_weeks"":1},{""target"":""S1B"",""magnitude"":0.3555251948854824,""start_week"":46,""duration_weeks"":3,""recovery_weeks"":4}]"
A,1618,234,Demand-supply coupling,True,True,True,Structural,Concentrated dependency; Hidden convergent dependency; Propagation-amplified cascade,Hidden convergent dependency,5,0.6478702449890332,1943.7926258338955,True,False,False,True,False,"[{""target"":""T2P"",""magnitude"":0.41691677950987005,""start_week"":16,""duration_weeks"":6,""recovery_weeks"":4},{""target"":""S1B"",""magnitude"":0.3172656568942771,""start_week"":26,""duration_weeks"":1,""recovery_weeks"":4},{""target"":""demand"",""magnitude"":0.23169446000749183,""start_week"":37,""duration_weeks"":1,""recovery_weeks"":4},{""target"":""S1B"",""magnitude"":0.3124443079182133,""start_week"":38,""duration_weeks"":3,""recovery_weeks"":3},{""target"":""demand"",""magnitude"":0.15097236825696211,""start_week"":44,""duration_weeks"":8,""recovery_weeks"":3}]"
A,1618,235,Demand-supply coupling,True,True,True,Structural,Concentrated dependency; Hidden convergent dependency,Hidden convergent dependency,4,0.6770858346856413,2493.5438766613797,True,False,True,False,False,"[{""target"":""T2P"",""magnitude"":0.266651495716595,""start_week"":32,""duration_weeks"":11,""recovery_weeks"":4},{""target"":""S1A"",""magnitude"":0.23404905882295848,""start_week"":36,""duration_weeks"":8,""recovery_weeks"":2},{""target"":""demand"",""magnitude"":0.15957880575225747,""start_week"":38,""duration_weeks"":2,""recovery_weeks"":2},{""target"":""demand"",""magnitude"":0.20343925346528197,""start_week"":46,""duration_weeks"":1,""recovery_weeks"":2}]"
A,1618,236,Demand-supply coupling,True,True,False,Structural,Concentrated dependency; Hidden convergent dependency; Propagation-amplified cascade,Hidden convergent dependency,3,0.8644435909645078,212.10564745518457,True,False,False,False,True,"[{""target"":""S1C"",""magnitude"":0.3439045654987335,""start_week"":20,""duration_weeks"":6,""recovery_weeks"":4},{""target"":""demand"",""magnitude"":0.08190700033885287,""start_week"":21,""duration_weeks"":3,""recovery_weeks"":3},{""target"":""T2P"",""magnitude"":0.3802097586464834,""start_week"":35,""duration_weeks"":1,""recovery_weeks"":4}]"
A,1618,237,Demand-supply coupling,True,True,False,Structural,Concentrated dependency,Concentrated dependency,1,0.8392045467524911,289.4318158455161,False,False,True,False,False,"[{""target"":""S1A"",""magnitude"":0.6117897698068949,""start_week"":38,""duration_weeks"":1,""recovery_weeks"":1}]"
A,1618,238,Demand-supply coupling,False,,False,Non-failure,Unclassified,Unclassified,1,0.8744192827842325,129.2545209368168,False,False,False,False,False,"[{""target"":""demand"",""magnitude"":0.14361613437424053,""start_week"":17,""duration_weeks"":1,""recovery_weeks"":3}]"
A,1618,239,Demand-supply coupling,False,,False,Non-failure,Unclassified,Unclassified,2,0.9086737274043358,90.45451943558146,False,False,True,False,False,"[{""target"":""demand"",""magnitude"":0.10050502159509045,""start_week"":23,""duration_weeks"":3,""recovery_weeks"":1},{""target"":""S1A"",""magnitude"":0.3997071590299329,""start_week"":26,""duration_weeks"":1,""recovery_weeks"":1}]"
A,1618,240,Demand-supply coupling,True,False,True,Adaptation-limited,Concentrated dependency,Concentrated dependency,5,0.6167290810282303,1249.3173100623737,True,True,False,False,False,"[{""target"":""T2P"",""magnitude"":0.3714695945890885,""start_week"":31,""duration_weeks"":1,""recovery_weeks"":4},{""target"":""demand"",""magnitude"":0.1345499156649235,""start_week"":41,""duration_weeks"":3,""recovery_weeks"":1},{""target"":""corridor"",""magnitude"":0.5374531892288272,""start_week"":45,""duration_weeks"":2,""recovery_weeks"":3},{""target"":""T2P"",""magnitude"":0.4639474642481113,""start_week"":46,""duration_weeks"":2,""recovery_weeks"":4},{""target"":""demand"",""magnitude"":0.08991423594997097,""start_week"":51,""duration_weeks"":1,""recovery_weeks"":2}]"
A,1618,241,Demand-supply coupling,False,,False,Non-failure,Unclassified,Unclassified,1,1.0,0.0,False,False,False,False,True,"[{""target"":""S1C"",""magnitude"":0.23854852323215714,""start_week"":19,""duration_weeks"":1,""recovery_weeks"":4}]"
A,1618,242,Demand-supply coupling,False,,False,Non-failure,Unclassified,Unclassified,1,1.0,0.0,False,True,False,False,False,"[{""target"":""corridor"",""magnitude"":0.2494417947977988,""start_week"":24,""duration_weeks"":3,""recovery_weeks"":2}]"
A,1618,243,Demand-supply coupling,True,True,True,Structural,Concentrated dependency; Recovery lag and temporal overlap,Recovery lag and temporal overlap,4,0.3686623687242944,1380.8401934789977,True,True,False,False,False,"[{""target"":""demand"",""magnitude"":0.08689734813114812,""start_week"":14,""duration_weeks"":3,""recovery_weeks"":2},{""target"":""corridor"",""magnitude"":0.4011637059160048,""start_week"":18,""duration_weeks"":1,""recovery_weeks"":2},{""target"":""demand"",""magnitude"":0.19778864250302874,""start_week"":21,""duration_weeks"":4,""recovery_weeks"":1},{""target"":""T2P"",""magnitude"":0.668203868148135,""start_week"":29,""duration_weeks"":2,""recovery_weeks"":1}]"
A,1618,244,Demand-supply coupling,False,,False,Non-failure,Unclassified,Unclassified,4,0.9094292039044128,89.63173398882418,True,True,False,False,False,"[{""target"":""corridor"",""magnitude"":0.22288329390779882,""start_week"":9,""duration_weeks"":2,""recovery_weeks"":1},{""target"":""demand"",""magnitude"":0.099590815543138,""start_week"":31,""duration_weeks"":1,""recovery_weeks"":4},{""target"":""T2P"",""magnitude"":0.28230028517123085,""start_week"":43,""duration_weeks"":1,""recovery_weeks"":4},{""target"":""T2P"",""magnitude"":0.3571774775996156,""start_week"":48,""duration_weeks"":8,""recovery_weeks"":1}]"
A,1618,245,Demand-supply coupling,False,,False,Non-failure,Unclassified,Unclassified,6,0.891129705802755,154.2435586500951,False,True,False,True,True,"[{""target"":""corridor"",""magnitude"":0.19856748713565908,""start_week"":7,""duration_weeks"":3,""recovery_weeks"":2},{""target"":""demand"",""magnitude"":0.12217109752746001,""start_week"":15,""duration_weeks"":4,""recovery_weeks"":4},{""target"":""S1B"",""magnitude"":0.483417935009233,""start_week"":18,""duration_weeks"":1,""recovery_weeks"":4},{""target"":""S1C"",""magnitude"":0.41991979224193965,""start_week"":33,""duration_weeks"":4,""recovery_weeks"":2},{""target"":""corridor"",""magnitude"":0.28029534565718794,""start_week"":46,""duration_weeks"":1,""recovery_weeks"":4},{""target"":""demand"",""magnitude"":0.16010651451019606,""start_week"":50,""duration_weeks"":4,""recovery_weeks"":3}]"
A,1618,246,Demand-supply coupling,True,True,False,Structural,Concentrated dependency,Concentrated dependency,1,0.7918704537262581,1438.5944811794361,False,False,False,False,False,"[{""target"":""demand"",""magnitude"":0.2628328223314293,""start_week"":31,""duration_weeks"":11,""recovery_weeks"":1}]"
A,1618,247,Demand-supply coupling,False,,False,Non-failure,Unclassified,Unclassified,2,0.8642545966956259,151.64244842837172,True,False,False,False,False,"[{""target"":""demand"",""magnitude"":0.15706645220445486,""start_week"":14,""duration_weeks"":1,""recovery_weeks"":3},{""target"":""T2P"",""magnitude"":0.45822765437922663,""start_week"":42,""duration_weeks"":1,""recovery_weeks"":3}]"
A,1618,248,Demand-supply coupling,True,False,False,Adaptation-limited,Hidden convergent dependency; Compounding moderate disturbance,Hidden convergent dependency,5,0.7459797982307662,647.1755670642615,True,False,False,True,False,"[{""target"":""T2P"",""magnitude"":0.3540317819623868,""start_week"":17,""duration_weeks"":1,""recovery_weeks"":4},{""target"":""demand"",""magnitude"":0.22580636897595857,""start_week"":23,""duration_weeks"":1,""recovery_weeks"":2},{""target"":""demand"",""magnitude"":0.10329034376465548,""start_week"":38,""duration_weeks"":3,""recovery_weeks"":3},{""target"":""S1B"",""magnitude"":0.2570342108653773,""start_week"":50,""duration_weeks"":1,""recovery_weeks"":2},{""target"":""demand"",""magnitude"":0.2561218323535267,""start_week"":51,""duration_weeks"":1,""recovery_weeks"":1}]"
A,1618,249,Demand-supply coupling,True,False,False,Adaptation-limited,Concentrated dependency; Recovery lag and temporal overlap,Recovery lag and temporal overlap,2,0.6892766376600764,643.78625319205,False,True,False,False,False,"[{""target"":""demand"",""magnitude"":0.17678517725041787,""start_week"":23,""duration_weeks"":3,""recovery_weeks"":3},{""target"":""corridor"",""magnitude"":0.4525790486141156,""start_week"":27,""duration_weeks"":1,""recovery_weeks"":3}]"
A,1618,250,Demand-supply coupling,False,,False,Non-failure,Unclassified,Unclassified,2,0.8922813846329063,183.8382619197273,True,True,False,False,False,"[{""target"":""corridor"",""magnitude"":0.2901315158240711,""start_week"":16,""duration_weeks"":1,""recovery_weeks"":2},{""target"":""T2P"",""magnitude"":0.3938935076607687,""start_week"":41,""duration_weeks"":1,""recovery_weeks"":4}]"
A,1618,251,Demand-supply coupling,True,True,True,Structural,Concentrated dependency; Hidden convergent dependency; Propagation-amplified cascade,Hidden convergent dependency,4,0.4646232892484674,1606.6092427415942,True,True,False,False,False,"[{""target"":""T2P"",""magnitude"":0.34219246605811926,""start_week"":15,""duration_weeks"":3,""recovery_weeks"":2},{""target"":""corridor"",""magnitude"":0.6515325330636494,""start_week"":28,""duration_weeks"":2,""recovery_weeks"":3},{""target"":""corridor"",""magnitude"":0.2746690938278944,""start_week"":39,""duration_weeks"":3,""recovery_weeks"":3},{""target"":""T2P"",""magnitude"":0.24038912315104852,""start_week"":40,""duration_weeks"":1,""recovery_weeks"":2}]"
A,1618,252,Demand-supply coupling,True,True,False,Structural,Concentrated dependency,Concentrated dependency,1,0.8643131062674019,260.8250619881803,False,True,False,False,False,"[{""target"":""corridor"",""magnitude"":0.3517651702994486,""start_week"":24,""duration_weeks"":1,""recovery_weeks"":4}]"
A,1618,253,Demand-supply coupling,True,True,True,Structural,Concentrated dependency; Hidden convergent dependency; Propagation-amplified cascade,Hidden convergent dependency,3,0.5598675345741712,1428.655703857853,True,True,False,False,False,"[{""target"":""T2P"",""magnitude"":0.49611921888324595,""start_week"":2,""duration_weeks"":3,""recovery_weeks"":4},{""target"":""demand"",""magnitude"":0.19777870309313056,""start_week"":31,""duration_weeks"":2,""recovery_weeks"":3},{""target"":""corridor"",""magnitude"":0.3566404189216095,""start_week"":49,""duration_weeks"":3,""recovery_weeks"":1}]"
A,1618,254,Demand-supply coupling,False,,False,Non-failure,Unclassified,Unclassified,2,0.8838950286920679,118.22045693792768,False,True,False,False,False,"[{""target"":""demand"",""magnitude"":0.13135606326436408,""start_week"":11,""duration_weeks"":3,""recovery_weeks"":4},{""target"":""corridor"",""magnitude"":0.1790337053268245,""start_week"":25,""duration_weeks"":2,""recovery_weeks"":1}]"
A,1618,255,Demand-supply coupling,False,,False,Non-failure,Unclassified,Unclassified,2,0.9120788109325944,791.2907016066492,True,True,False,False,False,"[{""target"":""corridor"",""magnitude"":0.31594089180055407,""start_week"":15,""duration_weeks"":9,""recovery_weeks"":4},{""target"":""T2P"",""magnitude"":0.3126924323498962,""start_week"":20,""duration_weeks"":1,""recovery_weeks"":4}]"
A,1618,256,Demand-supply coupling,False,,False,Non-failure,Unclassified,Unclassified,4,0.8663830038437299,138.80154158972118,False,False,False,True,False,"[{""target"":""demand"",""magnitude"":0.15422393509969015,""start_week"":1,""duration_weeks"":5,""recovery_weeks"":3},{""target"":""S1B"",""magnitude"":0.16617275707438808,""start_week"":5,""duration_weeks"":12,""recovery_weeks"":4},{""target"":""demand"",""magnitude"":0.07152249339759409,""start_week"":11,""duration_weeks"":3,""recovery_weeks"":3},{""target"":""S1B"",""magnitude"":0.41181421030565335,""start_week"":47,""duration_weeks"":1,""recovery_weeks"":4}]"
A,1618,257,Demand-supply coupling,True,True,False,Structural,Concentrated dependency,Concentrated dependency,2,0.7536754361039724,1053.7039894153768,False,False,False,False,True,"[{""target"":""demand"",""magnitude"":0.2458449156918584,""start_week"":30,""duration_weeks"":9,""recovery_weeks"":1},{""target"":""S1C"",""magnitude"":0.518566528620262,""start_week"":31,""duration_weeks"":1,""recovery_weeks"":1}]"
A,1618,258,Demand-supply coupling,False,,False,Non-failure,Unclassified,Unclassified,2,0.9845979689380181,27.723655911567448,True,True,False,False,False,"[{""target"":""T2P"",""magnitude"":0.2657887894416079,""start_week"":29,""duration_weeks"":1,""recovery_weeks"":4},{""target"":""corridor"",""magnitude"":0.26155152329648645,""start_week"":43,""duration_weeks"":1,""recovery_weeks"":3}]"
A,1618,259,Demand-supply coupling,False,,False,Non-failure,Unclassified,Unclassified,2,0.9142210397280882,133.66645230187157,False,False,False,False,True,"[{""target"":""S1C"",""magnitude"":0.39321405603771953,""start_week"":33,""duration_weeks"":7,""recovery_weeks"":2},{""target"":""demand"",""magnitude"":0.19181511631974207,""start_week"":46,""duration_weeks"":4,""recovery_weeks"":4}]"
A,1618,260,Demand-supply coupling,False,,False,Non-failure,Unclassified,Unclassified,1,0.8995025411915508,100.55303769102215,False,False,False,False,False,"[{""target"":""demand"",""magnitude"":0.11172559743446905,""start_week"":34,""duration_weeks"":2,""recovery_weeks"":3}]"
A,1618,261,Demand-supply coupling,False,,False,Non-failure,Unclassified,Unclassified,4,0.8163012969326244,431.00242118533356,False,False,False,True,False,"[{""target"":""S1B"",""magnitude"":0.32992659786110135,""start_week"":14,""duration_weeks"":1,""recovery_weeks"":4},{""target"":""demand"",""magnitude"":0.14154961773304436,""start_week"":20,""duration_weeks"":1,""recovery_weeks"":4},{""target"":""S1B"",""magnitude"":0.30849431289544893,""start_week"":47,""duration_weeks"":6,""recovery_weeks"":3},{""target"":""demand"",""magnitude"":0.25784987616200394,""start_week"":48,""duration_weeks"":4,""recovery_weeks"":2}]"
A,1618,262,Demand-supply coupling,True,False,True,Adaptation-limited,Concentrated dependency,Concentrated dependency,2,0.7848839988581071,774.4176041108148,False,True,False,False,False,"[{""target"":""corridor"",""magnitude"":0.41133700085641967,""start_week"":12,""duration_weeks"":3,""recovery_weeks"":2},{""target"":""demand"",""magnitude"":0.06919812212487117,""start_week"":47,""duration_weeks"":1,""recovery_weeks"":4}]"
A,1618,263,Demand-supply coupling,False,,False,Non-failure,Unclassified,Unclassified,5,0.9010928655233521,203.1967850135768,True,False,False,True,False,"[{""target"":""S1B"",""magnitude"":0.46771084108597505,""start_week"":6,""duration_weeks"":2,""recovery_weeks"":2},{""target"":""demand"",""magnitude"":0.1235796328338481,""start_week"":15,""duration_weeks"":5,""recovery_weeks"":1},{""target"":""T2P"",""magnitude"":0.2835246315434748,""start_week"":17,""duration_weeks"":1,""recovery_weeks"":3},{""target"":""S1B"",""magnitude"":0.1961776766113508,""start_week"":25,""duration_weeks"":5,""recovery_weeks"":4},{""target"":""demand"",""magnitude"":0.16050513752001694,""start_week"":49,""duration_weeks"":1,""recovery_weeks"":3}]"
A,1618,264,Demand-supply coupling,True,True,True,Structural,Concentrated dependency,Concentrated dependency,4,0.5253713184076709,3370.1464482199244,False,True,False,False,False,"[{""target"":""corridor"",""magnitude"":0.18290795687484868,""start_week"":8,""duration_weeks"":5,""recovery_weeks"":4},{""target"":""corridor"",""magnitude"":0.43214115313748624,""start_week"":17,""duration_weeks"":7,""recovery_weeks"":3},{""target"":""demand"",""magnitude"":0.13197177847744226,""start_week"":19,""duration_weeks"":6,""recovery_weeks"":4},{""target"":""demand"",""magnitude"":0.27314296226508866,""start_week"":25,""duration_weeks"":1,""recovery_weeks"":3}]"
A,1618,265,Demand-supply coupling,True,True,False,Structural,Concentrated dependency,Concentrated dependency,1,0.8931330683223498,224.42055652306544,False,False,True,False,False,"[{""target"":""S1A"",""magnitude"":0.490450596274713,""start_week"":33,""duration_weeks"":5,""recovery_weeks"":3}]"
A,1618,266,Demand-supply coupling,False,,False,Non-failure,Unclassified,Unclassified,0,1.0,0.0,False,False,False,False,False,[]
A,1618,267,Demand-supply coupling,True,True,True,Structural,Concentrated dependency,Concentrated dependency,4,0.5168699467252343,2961.0777358938094,True,True,False,False,False,"[{""target"":""corridor"",""magnitude"":0.3622366251661318,""start_week"":3,""duration_weeks"":2,""recovery_weeks"":1},{""target"":""demand"",""magnitude"":0.12186845934746768,""start_week"":4,""duration_weeks"":7,""recovery_weeks"":1},{""target"":""T2P"",""magnitude"":0.3716177727134871,""start_week"":10,""duration_weeks"":6,""recovery_weeks"":4},{""target"":""T2P"",""magnitude"":0.2597133848589751,""start_week"":15,""duration_weeks"":2,""recovery_weeks"":1}]"
A,1618,268,Demand-supply coupling,False,,False,Non-failure,Unclassified,Unclassified,0,1.0,0.0,False,False,False,False,False,[]
A,1618,269,Demand-supply coupling,True,False,False,Adaptation-limited,Hidden convergent dependency; Compounding moderate disturbance,Hidden convergent dependency,2,0.7762610131290757,485.84540586409935,True,False,False,False,False,"[{""target"":""demand"",""magnitude"":0.20323572271885254,""start_week"":13,""duration_weeks"":5,""recovery_weeks"":3},{""target"":""T2P"",""magnitude"":0.3013650881838319,""start_week"":22,""duration_weeks"":2,""recovery_weeks"":3}]"
A,1618,270,Demand-supply coupling,True,False,False,Adaptation-limited,Concentrated dependency,Concentrated dependency,2,0.6887812263163048,460.1937926306514,False,True,False,False,False,"[{""target"":""demand"",""magnitude"":0.22123133235414671,""start_week"":5,""duration_weeks"":1,""recovery_weeks"":4},{""target"":""corridor"",""magnitude"":0.48341408026277133,""start_week"":43,""duration_weeks"":1,""recovery_weeks"":2}]"
A,1618,271,Demand-supply coupling,True,False,True,Adaptation-limited,Concentrated dependency; Hidden convergent dependency; Propagation-amplified cascade,Hidden convergent dependency,2,0.6742027755962284,735.0150091625079,True,False,False,False,False,"[{""target"":""T2P"",""magnitude"":0.5242900026178593,""start_week"":12,""duration_weeks"":1,""recovery_weeks"":4},{""target"":""demand"",""magnitude"":0.13057583866851258,""start_week"":31,""duration_weeks"":1,""recovery_weeks"":3}]"
A,1618,272,Demand-supply coupling,False,,False,Non-failure,Unclassified,Unclassified,2,0.9482663833727626,139.68076489354098,False,True,False,False,False,"[{""target"":""corridor"",""magnitude"":0.2888002124704281,""start_week"":28,""duration_weeks"":2,""recovery_weeks"":1},{""target"":""demand"",""magnitude"":0.10560817768747846,""start_week"":47,""duration_weeks"":7,""recovery_weeks"":2}]"
A,1618,273,Demand-supply coupling,True,False,False,Adaptation-limited,Compounding moderate disturbance,Compounding moderate disturbance,4,0.8081336966773979,421.61151924820103,False,True,False,False,False,"[{""target"":""demand"",""magnitude"":0.12779132748232155,""start_week"":20,""duration_weeks"":10,""recovery_weeks"":1},{""target"":""corridor"",""magnitude"":0.2195583827218514,""start_week"":38,""duration_weeks"":3,""recovery_weeks"":4},{""target"":""corridor"",""magnitude"":0.22338806761501184,""start_week"":40,""duration_weeks"":4,""recovery_weeks"":4},{""target"":""demand"",""magnitude"":0.13387288198868266,""start_week"":48,""duration_weeks"":1,""recovery_weeks"":3}]"
A,1618,274,Demand-supply coupling,False,,False,Non-failure,Unclassified,Unclassified,2,0.9438803257285295,53.5107104868822,False,False,True,False,False,"[{""target"":""S1A"",""magnitude"":0.23738505133320256,""start_week"":18,""duration_weeks"":2,""recovery_weeks"":4},{""target"":""demand"",""magnitude"":0.05945634498542464,""start_week"":51,""duration_weeks"":1,""recovery_weeks"":2}]"
A,1618,275,Demand-supply coupling,False,,False,Non-failure,Unclassified,Unclassified,1,0.9117118956133053,87.15395107856227,False,False,False,False,False,"[{""target"":""demand"",""magnitude"":0.09683772342062463,""start_week"":10,""duration_weeks"":7,""recovery_weeks"":4}]"
A,1618,276,Demand-supply coupling,False,,False,Non-failure,Unclassified,Unclassified,2,0.9143424287597287,84.3139415730891,True,False,False,False,False,"[{""target"":""demand"",""magnitude"":0.09368215730343235,""start_week"":22,""duration_weeks"":5,""recovery_weeks"":2},{""target"":""T2P"",""magnitude"":0.25618613382141114,""start_week"":29,""duration_weeks"":3,""recovery_weeks"":2}]"
A,1618,277,Demand-supply coupling,True,True,True,Structural,Concentrated dependency; Hidden convergent dependency; Propagation-amplified cascade,Hidden convergent dependency,3,0.7945574241474306,1405.1060805072648,True,False,False,True,False,"[{""target"":""T2P"",""magnitude"":0.2848983182673125,""start_week"":14,""duration_weeks"":9,""recovery_weeks"":4},{""target"":""demand"",""magnitude"":0.08344312283373925,""start_week"":35,""duration_weeks"":1,""recovery_weeks"":1},{""target"":""S1B"",""magnitude"":0.28793275641909766,""start_week"":37,""duration_weeks"":5,""recovery_weeks"":2}]"
A,1618,278,Demand-supply coupling,True,True,False,Structural,Concentrated dependency,Concentrated dependency,4,0.870766610768802,2070.717161652935,True,False,False,True,False,"[{""target"":""T2P"",""magnitude"":0.17166015254099853,""start_week"":11,""duration_weeks"":1,""recovery_weeks"":3},{""target"":""T2P"",""magnitude"":0.41233077320349176,""start_week"":17,""duration_weeks"":1,""recovery_weeks"":2},{""target"":""demand"",""magnitude"":0.276014832642823,""start_week"":25,""duration_weeks"":12,""recovery_weeks"":4},{""target"":""S1B"",""magnitude"":0.3074745740274516,""start_week"":46,""duration_weeks"":2,""recovery_weeks"":2}]"
A,1618,279,Demand-supply coupling,False,,False,Non-failure,Unclassified,Unclassified,0,1.0,0.0,False,False,False,False,False,[]
A,1618,280,Demand-supply coupling,False,,False,Non-failure,Unclassified,Unclassified,2,0.9191678035659576,79.14656769787291,False,False,True,False,False,"[{""target"":""S1A"",""magnitude"":0.21526183138537158,""start_week"":20,""duration_weeks"":1,""recovery_weeks"":3},{""target"":""demand"",""magnitude"":0.08794063077541434,""start_week"":44,""duration_weeks"":1,""recovery_weeks"":4}]"
A,1618,281,Demand-supply coupling,False,,False,Non-failure,Unclassified,Unclassified,2,0.9473273528524497,110.61255900985577,False,False,True,False,False,"[{""target"":""S1A"",""magnitude"":0.36851345608198827,""start_week"":22,""duration_weeks"":3,""recovery_weeks"":1},{""target"":""demand"",""magnitude"":0.07164046301608082,""start_week"":51,""duration_weeks"":2,""recovery_weeks"":4}]"
A,1618,282,Demand-supply coupling,False,,False,Non-failure,Unclassified,Unclassified,1,0.9680402927270274,67.11538527324251,False,False,True,False,False,"[{""target"":""S1A"",""magnitude"":0.32190934136418825,""start_week"":38,""duration_weeks"":4,""recovery_weeks"":4}]"
A,1618,283,Demand-supply coupling,False,,False,Non-failure,Unclassified,Unclassified,2,0.8617010284878649,144.44577672066043,False,True,False,False,False,"[{""target"":""corridor"",""magnitude"":0.15756355272083536,""start_week"":22,""duration_weeks"":1,""recovery_weeks"":1},{""target"":""demand"",""magnitude"":0.16049530746740043,""start_week"":45,""duration_weeks"":3,""recovery_weeks"":2}]"
A,1618,284,Demand-supply coupling,False,,False,Non-failure,Unclassified,Unclassified,3,0.8501708630574254,210.2751267476243,False,False,False,False,True,"[{""target"":""demand"",""magnitude"":0.17623414710279756,""start_week"":4,""duration_weeks"":6,""recovery_weeks"":1},{""target"":""S1C"",""magnitude"":0.3264031764180628,""start_week"":10,""duration_weeks"":1,""recovery_weeks"":4},{""target"":""demand"",""magnitude"":0.13696949260140528,""start_week"":17,""duration_weeks"":1,""recovery_weeks"":2}]"
A,1618,285,Demand-supply coupling,False,,False,Non-failure,Unclassified,Unclassified,0,1.0,0.0,False,False,False,False,False,[]
A,1618,286,Demand-supply coupling,True,True,True,Structural,Concentrated dependency,Concentrated dependency,4,0.6551471937484044,843.2594226195191,True,True,False,False,False,"[{""target"":""demand"",""magnitude"":0.17883518474427879,""start_week"":3,""duration_weeks"":2,""recovery_weeks"":4},{""target"":""corridor"",""magnitude"":0.4362963254677712,""start_week"":17,""duration_weeks"":3,""recovery_weeks"":3},{""target"":""T2P"",""magnitude"":0.4103675256264361,""start_week"":25,""duration_weeks"":1,""recovery_weeks"":3},{""target"":""demand"",""magnitude"":0.12258829868141294,""start_week"":35,""duration_weeks"":1,""recovery_weeks"":4}]"
A,1618,287,Demand-supply coupling,False,,False,Non-failure,Unclassified,Unclassified,3,0.8588669119235991,147.89227237113528,False,False,False,True,False,"[{""target"":""demand"",""magnitude"":0.16432474707903916,""start_week"":6,""duration_weeks"":1,""recovery_weeks"":1},{""target"":""S1B"",""magnitude"":0.27028268327912613,""start_week"":14,""duration_weeks"":1,""recovery_weeks"":2},{""target"":""demand"",""magnitude"":0.18170185843877235,""start_week"":21,""duration_weeks"":1,""recovery_weeks"":2}]"
A,1618,288,Demand-supply coupling,False,,False,Non-failure,Unclassified,Unclassified,2,0.9162966648022483,83.32244975903905,False,False,False,False,True,"[{""target"":""S1C"",""magnitude"":0.262993352445092,""start_week"":3,""duration_weeks"":3,""recovery_weeks"":2},{""target"":""demand"",""magnitude"":0.10605508745310172,""start_week"":18,""duration_weeks"":15,""recovery_weeks"":1}]"
A,1618,289,Demand-supply coupling,False,,False,Non-failure,Unclassified,Unclassified,1,0.9920081556557041,7.192659909866279,True,False,False,False,False,"[{""target"":""T2P"",""magnitude"":0.2746889072481453,""start_week"":2,""duration_weeks"":2,""recovery_weeks"":3}]"
A,1618,290,Demand-supply coupling,False,,False,Non-failure,Unclassified,Unclassified,6,0.8415519545194496,519.8716681043746,True,False,False,True,False,"[{""target"":""demand"",""magnitude"":0.13888116510746046,""start_week"":3,""duration_weeks"":1,""recovery_weeks"":3},{""target"":""S1B"",""magnitude"":0.45287893958764636,""start_week"":7,""duration_weeks"":1,""recovery_weeks"":4},{""target"":""demand"",""magnitude"":0.126055639718338,""start_week"":21,""duration_weeks"":11,""recovery_weeks"":1},{""target"":""S1B"",""magnitude"":0.4123167341102729,""start_week"":27,""duration_weeks"":3,""recovery_weeks"":2},{""target"":""demand"",""magnitude"":0.24037033188770063,""start_week"":32,""duration_weeks"":2,""recovery_weeks"":4},{""target"":""T2P"",""magnitude"":0.31017494219264286,""start_week"":47,""duration_weeks"":1,""recovery_weeks"":1}]"
A,1618,291,Demand-supply coupling,False,,False,Non-failure,Unclassified,Unclassified,0,1.0,0.0,False,False,False,False,False,[]
A,1618,292,Demand-supply coupling,False,,False,Non-failure,Unclassified,Unclassified,1,0.8267788168842098,250.09470055719578,True,False,False,False,False,"[{""target"":""T2P"",""magnitude"":0.25589906480421093,""start_week"":16,""duration_weeks"":4,""recovery_weeks"":3}]"
A,1618,293,Demand-supply coupling,True,True,False,Structural,Compounding moderate disturbance; Recovery lag and temporal overlap,Compounding moderate disturbance,5,0.8288335987451289,594.3066837497278,False,True,False,True,False,"[{""target"":""demand"",""magnitude"":0.16254755980187852,""start_week"":3,""duration_weeks"":3,""recovery_weeks"":4},{""target"":""corridor"",""magnitude"":0.3149493771217382,""start_week"":6,""duration_weeks"":4,""recovery_weeks"":2},{""target"":""demand"",""magnitude"":0.15338476024055503,""start_week"":38,""duration_weeks"":5,""recovery_weeks"":3},{""target"":""corridor"",""magnitude"":0.25529208846636575,""start_week"":40,""duration_weeks"":1,""recovery_weeks"":2},{""target"":""S1B"",""magnitude"":0.45020018311234833,""start_week"":48,""duration_weeks"":1,""recovery_weeks"":1}]"
A,1618,294,Demand-supply coupling,True,True,False,Structural,Concentrated dependency,Concentrated dependency,5,0.6427629179408594,445.96896785172635,True,True,True,False,False,"[{""target"":""corridor"",""magnitude"":0.43431407338175776,""start_week"":4,""duration_weeks"":1,""recovery_weeks"":2},{""target"":""demand"",""magnitude"":0.14624884226618828,""start_week"":20,""duration_weeks"":5,""recovery_weeks"":1},{""target"":""T2P"",""magnitude"":0.17569994104321388,""start_week"":30,""duration_weeks"":2,""recovery_weeks"":3},{""target"":""corridor"",""magnitude"":0.5179278115443554,""start_week"":38,""duration_weeks"":1,""recovery_weeks"":1},{""target"":""S1A"",""magnitude"":0.3539772888027375,""start_week"":44,""duration_weeks"":2,""recovery_weeks"":3}]"
A,1618,295,Demand-supply coupling,True,True,False,Structural,Hidden convergent dependency; Compounding moderate disturbance,Hidden convergent dependency,6,0.49223742166109635,1106.5820474209613,True,False,False,False,True,"[{""target"":""demand"",""magnitude"":0.21612897495282957,""start_week"":4,""duration_weeks"":2,""recovery_weeks"":4},{""target"":""T2P"",""magnitude"":0.2635231929923548,""start_week"":5,""duration_weeks"":1,""recovery_weeks"":2},{""target"":""T2P"",""magnitude"":0.4729519568450431,""start_week"":19,""duration_weeks"":2,""recovery_weeks"":1},{""target"":""demand"",""magnitude"":0.18968796574355246,""start_week"":24,""duration_weeks"":4,""recovery_weeks"":2},{""target"":""S1C"",""magnitude"":0.19900204075779937,""start_week"":32,""duration_weeks"":1,""recovery_weeks"":1},{""target"":""demand"",""magnitude"":0.10460380053378711,""start_week"":36,""duration_weeks"":1,""recovery_weeks"":1}]"
A,1618,296,Demand-supply coupling,True,False,False,Adaptation-limited,Hidden convergent dependency; Compounding moderate disturbance; Recovery lag and temporal overlap,Hidden convergent dependency,5,0.5154600433470389,697.7897076994398,True,True,False,False,False,"[{""target"":""T2P"",""magnitude"":0.3126474807893854,""start_week"":13,""duration_weeks"":1,""recovery_weeks"":1},{""target"":""demand"",""magnitude"":0.15824750597467047,""start_week"":14,""duration_weeks"":6,""recovery_weeks"":2},{""target"":""corridor"",""magnitude"":0.256858990122753,""start_week"":21,""duration_weeks"":1,""recovery_weeks"":2},{""target"":""T2P"",""magnitude"":0.22936714640362516,""start_week"":29,""duration_weeks"":2,""recovery_weeks"":4},{""target"":""T2P"",""magnitude"":0.5360859609876649,""start_week"":36,""duration_weeks"":1,""recovery_weeks"":1}]"
A,1618,297,Demand-supply coupling,True,True,True,Structural,Concentrated dependency; Hidden convergent dependency,Hidden convergent dependency,5,0.613526417383712,1114.099878102883,True,False,False,False,True,"[{""target"":""demand"",""magnitude"":0.1851686466792078,""start_week"":2,""duration_weeks"":3,""recovery_weeks"":3},{""target"":""T2P"",""magnitude"":0.457283657149112,""start_week"":8,""duration_weeks"":1,""recovery_weeks"":2},{""target"":""S1C"",""magnitude"":0.37141683569063205,""start_week"":21,""duration_weeks"":1,""recovery_weeks"":4},{""target"":""T2P"",""magnitude"":0.38425689314053135,""start_week"":24,""duration_weeks"":5,""recovery_weeks"":1},{""target"":""demand"",""magnitude"":0.11818766933017404,""start_week"":45,""duration_weeks"":2,""recovery_weeks"":4}]"
A,1618,298,Demand-supply coupling,True,True,False,Structural,Concentrated dependency; Hidden convergent dependency; Propagation-amplified cascade,Hidden convergent dependency,2,0.8807721816203635,296.6436500278314,True,True,False,False,False,"[{""target"":""T2P"",""magnitude"":0.20730503654167287,""start_week"":8,""duration_weeks"":7,""recovery_weeks"":3},{""target"":""corridor"",""magnitude"":0.33570824199306104,""start_week"":38,""duration_weeks"":1,""recovery_weeks"":2}]"
A,1618,299,Demand-supply coupling,True,True,False,Structural,Concentrated dependency; Hidden convergent dependency; Propagation-amplified cascade,Hidden convergent dependency,1,0.8033224100878735,323.55407006502605,True,False,False,False,False,"[{""target"":""T2P"",""magnitude"":0.2770098309209138,""start_week"":40,""duration_weeks"":4,""recovery_weeks"":2}]"
A,1618,300,Demand-supply coupling,True,True,True,Structural,Concentrated dependency; Hidden convergent dependency,Hidden convergent dependency,4,0.6207422790342243,3104.943122581125,True,False,False,False,False,"[{""target"":""demand"",""magnitude"":0.20901984175170057,""start_week"":5,""duration_weeks"":3,""recovery_weeks"":2},{""target"":""T2P"",""magnitude"":0.3518447598325931,""start_week"":13,""duration_weeks"":12,""recovery_weeks"":1},{""target"":""demand"",""magnitude"":0.1601795356929284,""start_week"":27,""duration_weeks"":1,""recovery_weeks"":3},{""target"":""T2P"",""magnitude"":0.2992419294621342,""start_week"":43,""duration_weeks"":3,""recovery_weeks"":4}]"
A,1618,301,Demand-supply coupling,False,,False,Non-failure,Unclassified,Unclassified,1,0.9492331169822286,48.13379758731048,False,False,False,False,False,"[{""target"":""demand"",""magnitude"":0.05348199731923371,""start_week"":45,""duration_weeks"":2,""recovery_weeks"":1}]"
A,1618,302,Demand-supply coupling,False,,False,Non-failure,Unclassified,Unclassified,1,1.0,0.0,False,True,False,False,False,"[{""target"":""corridor"",""magnitude"":0.22404214929969282,""start_week"":1,""duration_weeks"":1,""recovery_weeks"":4}]"
A,1618,303,Demand-supply coupling,False,,False,Non-failure,Unclassified,Unclassified,1,0.883279919706199,118.92953742157135,False,False,False,False,False,"[{""target"":""demand"",""magnitude"":0.13214393046841277,""start_week"":46,""duration_weeks"":3,""recovery_weeks"":1}]"
A,1618,304,Demand-supply coupling,False,,False,Non-failure,Unclassified,Unclassified,2,0.9005302025980297,99.41123285315689,False,True,False,False,False,"[{""target"":""demand"",""magnitude"":0.11045692539239652,""start_week"":41,""duration_weeks"":3,""recovery_weeks"":3},{""target"":""corridor"",""magnitude"":0.24623046997583037,""start_week"":50,""duration_weeks"":3,""recovery_weeks"":2}]"
A,1618,305,Demand-supply coupling,False,,False,Non-failure,Unclassified,Unclassified,0,1.0,0.0,False,False,False,False,False,[]
A,1618,306,Demand-supply coupling,True,False,True,Adaptation-limited,Concentrated dependency,Concentrated dependency,1,0.5460271671859579,1102.8705359810733,False,True,False,False,False,"[{""target"":""corridor"",""magnitude"":0.5904796246105316,""start_week"":29,""duration_weeks"":1,""recovery_weeks"":4}]"
A,1618,307,Demand-supply coupling,False,,False,Non-failure,Unclassified,Unclassified,2,0.9850897338735843,80.51543708264444,False,True,False,False,True,"[{""target"":""corridor"",""magnitude"":0.2611826995948116,""start_week"":4,""duration_weeks"":5,""recovery_weeks"":2},{""target"":""S1C"",""magnitude"":0.30884252783918437,""start_week"":10,""duration_weeks"":1,""recovery_weeks"":4}]"
A,1618,308,Demand-supply coupling,True,True,True,Structural,Concentrated dependency; Hidden convergent dependency,Hidden convergent dependency,4,0.7219317678752429,1540.842436601773,True,False,True,False,False,"[{""target"":""demand"",""magnitude"":0.12249151744945344,""start_week"":7,""duration_weeks"":1,""recovery_weeks"":3},{""target"":""T2P"",""magnitude"":0.24585831748019427,""start_week"":22,""duration_weeks"":10,""recovery_weeks"":1},{""target"":""demand"",""magnitude"":0.21424635048444568,""start_week"":27,""duration_weeks"":1,""recovery_weeks"":4},{""target"":""S1A"",""magnitude"":0.43988999098570125,""start_week"":33,""duration_weeks"":2,""recovery_weeks"":4}]"
A,1618,309,Demand-supply coupling,True,True,True,Structural,Concentrated dependency; Hidden convergent dependency; Propagation-amplified cascade,Hidden convergent dependency,4,0.8162966158354621,1626.2182918904841,True,False,False,False,True,"[{""target"":""T2P"",""magnitude"":0.26533304574808414,""start_week"":5,""duration_weeks"":12,""recovery_weeks"":3},{""target"":""S1C"",""magnitude"":0.32582633684245665,""start_week"":18,""duration_weeks"":1,""recovery_weeks"":1},{""target"":""demand"",""magnitude"":0.13080170767077726,""start_week"":26,""duration_weeks"":1,""recovery_weeks"":2},{""target"":""S1C"",""magnitude"":0.3578528539662448,""start_week"":49,""duration_weeks"":10,""recovery_weeks"":4}]"
A,1618,310,Demand-supply coupling,False,,False,Non-failure,Unclassified,Unclassified,1,1.0,0.0,False,False,False,False,True,"[{""target"":""S1C"",""magnitude"":0.20083660546077756,""start_week"":23,""duration_weeks"":2,""recovery_weeks"":3}]"
A,1618,311,Demand-supply coupling,False,,False,Non-failure,Unclassified,Unclassified,3,0.6730131035903393,504.17854757326813,True,False,False,True,False,"[{""target"":""T2P"",""magnitude"":0.29985669265935333,""start_week"":1,""duration_weeks"":3,""recovery_weeks"":1},{""target"":""demand"",""magnitude"":0.15661150598574541,""start_week"":8,""duration_weeks"":4,""recovery_weeks"":2},{""target"":""S1B"",""magnitude"":0.48147541786742576,""start_week"":14,""duration_weeks"":5,""recovery_weeks"":4}]"
A,1618,312,Demand-supply coupling,False,,False,Non-failure,Unclassified,Unclassified,4,0.8512793746465374,319.5107188277643,False,True,False,False,True,"[{""target"":""demand"",""magnitude"":0.1747024887278789,""start_week"":31,""duration_weeks"":5,""recovery_weeks"":1},{""target"":""corridor"",""magnitude"":0.3233821998738404,""start_week"":36,""duration_weeks"":1,""recovery_weeks"":3},{""target"":""demand"",""magnitude"":0.16423386818313537,""start_week"":47,""duration_weeks"":3,""recovery_weeks"":1},{""target"":""S1C"",""magnitude"":0.18472891048638806,""start_week"":50,""duration_weeks"":2,""recovery_weeks"":3}]"
A,1618,313,Demand-supply coupling,False,,False,Non-failure,Unclassified,Unclassified,1,0.8791212756090613,152.74511171106974,True,False,False,False,False,"[{""target"":""T2P"",""magnitude"":0.3131862779277675,""start_week"":35,""duration_weeks"":2,""recovery_weeks"":3}]"
A,1618,314,Demand-supply coupling,False,,False,Non-failure,Unclassified,Unclassified,2,0.889203062989269,112.14226250462366,False,False,False,True,False,"[{""target"":""demand"",""magnitude"":0.1246025138940261,""start_week"":48,""duration_weeks"":3,""recovery_weeks"":4},{""target"":""S1B"",""magnitude"":0.27824310137754793,""start_week"":51,""duration_weeks"":6,""recovery_weeks"":2}]"
A,1618,315,Demand-supply coupling,False,,False,Non-failure,Unclassified,Unclassified,1,1.0,0.0,False,False,False,False,True,"[{""target"":""S1C"",""magnitude"":0.18312773889520048,""start_week"":14,""duration_weeks"":9,""recovery_weeks"":4}]"
A,1618,316,Demand-supply coupling,False,,False,Non-failure,Unclassified,Unclassified,2,0.7964476322015758,335.08009347056657,False,False,True,False,False,"[{""target"":""demand"",""magnitude"":0.2555753317211276,""start_week"":6,""duration_weeks"":3,""recovery_weeks"":2},{""target"":""S1A"",""magnitude"":0.2985707217397702,""start_week"":28,""duration_weeks"":2,""recovery_weeks"":1}]"
A,1618,317,Demand-supply coupling,False,,False,Non-failure,Unclassified,Unclassified,0,1.0,0.0,False,False,False,False,False,[]
A,1618,318,Demand-supply coupling,True,True,True,Structural,Concentrated dependency,Concentrated dependency,6,0.6446186784488682,1995.8358517386282,True,True,False,False,False,"[{""target"":""corridor"",""magnitude"":0.40710259399070203,""start_week"":18,""duration_weeks"":3,""recovery_weeks"":3},{""target"":""demand"",""magnitude"":0.08308783934501388,""start_week"":21,""duration_weeks"":5,""recovery_weeks"":1},{""target"":""T2P"",""magnitude"":0.363102108721433,""start_week"":22,""duration_weeks"":3,""recovery_weeks"":2},{""target"":""demand"",""magnitude"":0.09780300711373961,""start_week"":29,""duration_weeks"":3,""recovery_weeks"":2},{""target"":""corridor"",""magnitude"":0.35083538890641397,""start_week"":35,""duration_weeks"":2,""recovery_weeks"":1},{""target"":""demand"",""magnitude"":0.2213738342600256,""start_week"":41,""duration_weeks"":2,""recovery_weeks"":1}]"
A,1618,319,Demand-supply coupling,False,,False,Non-failure,Unclassified,Unclassified,2,0.8956148943681596,107.35834176379012,False,False,False,False,True,"[{""target"":""S1C"",""magnitude"":0.27640624393098895,""start_week"":4,""duration_weeks"":1,""recovery_weeks"":1},{""target"":""demand"",""magnitude"":0.14275926323175658,""start_week"":29,""duration_weeks"":2,""recovery_weeks"":4}]"
A,1618,320,Demand-supply coupling,True,True,True,Structural,Concentrated dependency,Concentrated dependency,2,0.7587333842561058,868.5598166780192,False,True,False,False,False,"[{""target"":""corridor"",""magnitude"":0.43094996180792067,""start_week"":20,""duration_weeks"":3,""recovery_weeks"":1},{""target"":""demand"",""magnitude"":0.131187632637446,""start_week"":46,""duration_weeks"":4,""recovery_weeks"":3}]"
A,1618,321,Demand-supply coupling,False,,False,Non-failure,Unclassified,Unclassified,2,0.9351216878077705,62.44158566131955,False,False,False,False,True,"[{""target"":""S1C"",""magnitude"":0.21188732717602837,""start_week"":6,""duration_weeks"":5,""recovery_weeks"":1},{""target"":""demand"",""magnitude"":0.06937953962368817,""start_week"":26,""duration_weeks"":1,""recovery_weeks"":3}]"
A,1618,322,Demand-supply coupling,True,True,True,Structural,Hidden convergent dependency; Compounding moderate disturbance,Hidden convergent dependency,5,0.6495257392797352,1072.1127730774328,True,True,False,False,False,"[{""target"":""demand"",""magnitude"":0.22374929264540017,""start_week"":1,""duration_weeks"":1,""recovery_weeks"":1},{""target"":""T2P"",""magnitude"":0.2739614297702511,""start_week"":3,""duration_weeks"":2,""recovery_weeks"":4},{""target"":""demand"",""magnitude"":0.24199777420994312,""start_week"":5,""duration_weeks"":2,""recovery_weeks"":2},{""target"":""corridor"",""magnitude"":0.3164297465966256,""start_week"":9,""duration_weeks"":1,""recovery_weeks"":1},{""target"":""demand"",""magnitude"":0.20273985451111426,""start_week"":49,""duration_weeks"":2,""recovery_weeks"":1}]"
A,1618,323,Demand-supply coupling,False,,False,Non-failure,Unclassified,Unclassified,0,1.0,0.0,False,False,False,False,False,[]
A,1618,324,Demand-supply coupling,True,False,True,Adaptation-limited,Concentrated dependency,Concentrated dependency,2,0.7104776800415326,2646.1983040722844,False,True,False,False,False,"[{""target"":""corridor"",""magnitude"":0.46714173996885056,""start_week"":16,""duration_weeks"":8,""recovery_weeks"":3},{""target"":""demand"",""magnitude"":0.1891652358033769,""start_week"":26,""duration_weeks"":2,""recovery_weeks"":4}]"
A,1618,325,Demand-supply coupling,True,True,False,Structural,Compounding moderate disturbance,Compounding moderate disturbance,2,0.861761091065502,404.7513929988247,False,True,False,False,False,"[{""target"":""corridor"",""magnitude"":0.2991219879784327,""start_week"":16,""duration_weeks"":2,""recovery_weeks"":2},{""target"":""demand"",""magnitude"":0.08441193936165424,""start_week"":17,""duration_weeks"":5,""recovery_weeks"":3}]"
A,1618,326,Demand-supply coupling,False,,False,Non-failure,Unclassified,Unclassified,0,1.0,0.0,False,False,False,False,False,[]
A,1618,327,Demand-supply coupling,False,,False,Non-failure,Unclassified,Unclassified,4,0.6326104946918267,330.650554777356,True,True,False,False,False,"[{""target"":""demand"",""magnitude"":0.10166359633267139,""start_week"":4,""duration_weeks"":1,""recovery_weeks"":1},{""target"":""corridor"",""magnitude"":0.261672766165761,""start_week"":7,""duration_weeks"":3,""recovery_weeks"":3},{""target"":""demand"",""magnitude"":0.12977561328816203,""start_week"":16,""duration_weeks"":7,""recovery_weeks"":4},{""target"":""T2P"",""magnitude"":0.44934475232224247,""start_week"":27,""duration_weeks"":2,""recovery_weeks"":1}]"
A,1618,328,Demand-supply coupling,False,,False,Non-failure,Unclassified,Unclassified,1,0.9409348000795859,106.3173598567455,False,False,True,False,False,"[{""target"":""S1A"",""magnitude"":0.382896699820932,""start_week"":12,""duration_weeks"":1,""recovery_weeks"":2}]"
A,1618,329,Demand-supply coupling,True,True,False,Structural,Concentrated dependency,Concentrated dependency,5,0.772298912690465,783.5568137336975,True,True,True,False,False,"[{""target"":""T2P"",""magnitude"":0.26153091752731406,""start_week"":1,""duration_weeks"":1,""recovery_weeks"":3},{""target"":""demand"",""magnitude"":0.09793182098471752,""start_week"":3,""duration_weeks"":2,""recovery_weeks"":3},{""target"":""S1A"",""magnitude"":0.3336141317238513,""start_week"":9,""duration_weeks"":1,""recovery_weeks"":1},{""target"":""demand"",""magnitude"":0.3129733114683177,""start_week"":20,""duration_weeks"":4,""recovery_weeks"":3},{""target"":""corridor"",""magnitude"":0.27595113199302046,""start_week"":38,""duration_weeks"":1,""recovery_weeks"":1}]"
A,1618,330,Demand-supply coupling,True,False,False,Adaptation-limited,Concentrated dependency,Concentrated dependency,2,0.6949690900275419,549.0556379504246,False,True,False,False,False,"[{""target"":""corridor"",""magnitude"":0.47877318247934364,""start_week"":10,""duration_weeks"":1,""recovery_weeks"":2},{""target"":""corridor"",""magnitude"":0.21765945673738296,""start_week"":23,""duration_weeks"":2,""recovery_weeks"":2}]"
A,1618,331,Demand-supply coupling,True,False,True,Adaptation-limited,Concentrated dependency,Concentrated dependency,5,0.7225227287181721,1495.6777431472829,True,True,False,False,True,"[{""target"":""S1C"",""magnitude"":0.2735075763165883,""start_week"":2,""duration_weeks"":5,""recovery_weeks"":1},{""target"":""demand"",""magnitude"":0.25623386513922153,""start_week"":11,""duration_weeks"":7,""recovery_weeks"":2},{""target"":""corridor"",""magnitude"":0.38868240667497295,""start_week"":18,""duration_weeks"":2,""recovery_weeks"":4},{""target"":""demand"",""magnitude"":0.119039259233935,""start_week"":43,""duration_weeks"":1,""recovery_weeks"":3},{""target"":""T2P"",""magnitude"":0.27695466800259316,""start_week"":46,""duration_weeks"":2,""recovery_weeks"":1}]"
A,1618,332,Demand-supply coupling,False,,False,Non-failure,Unclassified,Unclassified,3,0.8778253245723493,346.806615688389,True,False,False,False,True,"[{""target"":""T2P"",""magnitude"":0.2291434872392973,""start_week"":23,""duration_weeks"":5,""recovery_weeks"":3},{""target"":""S1C"",""magnitude"":0.4486972927180696,""start_week"":28,""duration_weeks"":2,""recovery_weeks"":3},{""target"":""demand"",""magnitude"":0.13200944193179798,""start_week"":48,""duration_weeks"":7,""recovery_weeks"":4}]"
A,1618,333,Demand-supply coupling,True,True,True,Structural,Concentrated dependency; Hidden convergent dependency; Propagation-amplified cascade,Hidden convergent dependency,3,0.5878320728745358,1284.366678951766,True,True,False,False,False,"[{""target"":""T2P"",""magnitude"":0.4709511344129177,""start_week"":36,""duration_weeks"":3,""recovery_weeks"":3},{""target"":""demand"",""magnitude"":0.07200611493732076,""start_week"":39,""duration_weeks"":1,""recovery_weeks"":1},{""target"":""corridor"",""magnitude"":0.43287188374813523,""start_week"":51,""duration_weeks"":7,""recovery_weeks"":1}]"
A,1618,334,Demand-supply coupling,False,,False,Non-failure,Unclassified,Unclassified,1,1.0,0.0,False,False,False,True,False,"[{""target"":""S1B"",""magnitude"":0.1646585867133066,""start_week"":3,""duration_weeks"":2,""recovery_weeks"":4}]"
A,1618,335,Demand-supply coupling,True,False,False,Adaptation-limited,Concentrated dependency; Hidden convergent dependency,Hidden convergent dependency,4,0.7823668303128053,405.2717802308563,True,False,False,True,False,"[{""target"":""S1B"",""magnitude"":0.30238700104464805,""start_week"":20,""duration_weeks"":1,""recovery_weeks"":1},{""target"":""T2P"",""magnitude"":0.359057930126129,""start_week"":24,""duration_weeks"":1,""recovery_weeks"":2},{""target"":""demand"",""magnitude"":0.23316277594244816,""start_week"":33,""duration_weeks"":4,""recovery_weeks"":1},{""target"":""T2P"",""magnitude"":0.2958698527184753,""start_week"":43,""duration_weeks"":8,""recovery_weeks"":1}]"
A,1618,336,Demand-supply coupling,True,True,True,Structural,Concentrated dependency; Hidden convergent dependency,Hidden convergent dependency,4,0.6699518096043933,2501.444057474214,True,False,False,False,False,"[{""target"":""demand"",""magnitude"":0.13033118283697662,""start_week"":9,""duration_weeks"":5,""recovery_weeks"":3},{""target"":""T2P"",""magnitude"":0.3276501656310762,""start_week"":13,""duration_weeks"":6,""recovery_weeks"":1},{""target"":""demand"",""magnitude"":0.11508822099034674,""start_week"":20,""duration_weeks"":2,""recovery_weeks"":1},{""target"":""T2P"",""magnitude"":0.2752136499019582,""start_week"":21,""duration_weeks"":4,""recovery_weeks"":1}]"
A,1618,337,Demand-supply coupling,False,,False,Non-failure,Unclassified,Unclassified,2,0.9282971831412816,72.27837412395502,False,False,True,False,False,"[{""target"":""S1A"",""magnitude"":0.3118725916400009,""start_week"":2,""duration_weeks"":5,""recovery_weeks"":2},{""target"":""demand"",""magnitude"":0.12002998069674074,""start_week"":38,""duration_weeks"":6,""recovery_weeks"":3}]"
A,1618,338,Demand-supply coupling,False,,False,Non-failure,Unclassified,Unclassified,2,0.9275880637716414,195.5122278165677,True,True,False,False,False,"[{""target"":""corridor"",""magnitude"":0.30430895217126885,""start_week"":28,""duration_weeks"":2,""recovery_weeks"":4},{""target"":""T2P"",""magnitude"":0.49533845024478973,""start_week"":49,""duration_weeks"":5,""recovery_weeks"":1}]"
A,1618,339,Demand-supply coupling,False,,False,Non-failure,Unclassified,Unclassified,2,0.8244896693444234,191.58432599357752,True,False,False,False,False,"[{""target"":""T2P"",""magnitude"":0.1904463250861524,""start_week"":22,""duration_weeks"":1,""recovery_weeks"":4},{""target"":""demand"",""magnitude"":0.21287147332619727,""start_week"":47,""duration_weeks"":2,""recovery_weeks"":1}]"
A,1618,340,Demand-supply coupling,False,,False,Non-failure,Unclassified,Unclassified,1,0.8304454468687643,183.75571615630452,False,False,False,False,False,"[{""target"":""demand"",""magnitude"":0.20417301795144932,""start_week"":42,""duration_weeks"":3,""recovery_weeks"":3}]"
A,1618,341,Demand-supply coupling,True,True,True,Structural,Concentrated dependency; Hidden convergent dependency; Propagation-amplified cascade,Hidden convergent dependency,3,0.7089288530829095,2035.5086275713788,True,True,False,False,False,"[{""target"":""T2P"",""magnitude"":0.3619640322253814,""start_week"":18,""duration_weeks"":7,""recovery_weeks"":3},{""target"":""corridor"",""magnitude"":0.2689902913677831,""start_week"":28,""duration_weeks"":5,""recovery_weeks"":4},{""target"":""demand"",""magnitude"":0.20291241897502438,""start_week"":34,""duration_weeks"":1,""recovery_weeks"":4}]"
A,1618,342,Demand-supply coupling,True,True,True,Structural,Concentrated dependency; Propagation-amplified cascade,Propagation-amplified cascade,5,0.5617486861947936,1477.704729698743,True,True,False,False,False,"[{""target"":""corridor"",""magnitude"":0.3233306472740368,""start_week"":11,""duration_weeks"":6,""recovery_weeks"":4},{""target"":""T2P"",""magnitude"":0.24991722430126279,""start_week"":14,""duration_weeks"":3,""recovery_weeks"":3},{""target"":""corridor"",""magnitude"":0.37046365086458555,""start_week"":23,""duration_weeks"":3,""recovery_weeks"":1},{""target"":""demand"",""magnitude"":0.18019004324814603,""start_week"":26,""duration_weeks"":1,""recovery_weeks"":2},{""target"":""corridor"",""magnitude"":0.5786884853539048,""start_week"":41,""duration_weeks"":3,""recovery_weeks"":1}]"
A,1618,343,Demand-supply coupling,False,,False,Non-failure,Unclassified,Unclassified,0,1.0,0.0,False,False,False,False,False,[]
A,1618,344,Demand-supply coupling,False,,False,Non-failure,Unclassified,Unclassified,0,1.0,0.0,False,False,False,False,False,[]
A,1618,345,Demand-supply coupling,False,,False,Non-failure,Unclassified,Unclassified,4,0.9163381437953171,240.84387399247794,False,True,True,False,True,"[{""target"":""S1A"",""magnitude"":0.43823917646053645,""start_week"":4,""duration_weeks"":2,""recovery_weeks"":2},{""target"":""corridor"",""magnitude"":0.18074865053928632,""start_week"":26,""duration_weeks"":1,""recovery_weeks"":2},{""target"":""demand"",""magnitude"":0.1936435217897281,""start_week"":38,""duration_weeks"":4,""recovery_weeks"":3},{""target"":""S1C"",""magnitude"":0.3153927144182233,""start_week"":40,""duration_weeks"":2,""recovery_weeks"":2}]"
A,1618,346,Demand-supply coupling,False,,False,Non-failure,Unclassified,Unclassified,1,0.838499510407523,173.34588610861192,False,False,False,False,False,"[{""target"":""demand"",""magnitude"":0.19260654012067968,""start_week"":46,""duration_weeks"":2,""recovery_weeks"":2}]"
A,1618,347,Demand-supply coupling,True,True,False,Structural,Concentrated dependency,Concentrated dependency,2,0.8539156068900942,1051.8076303913222,False,True,False,False,False,"[{""target"":""corridor"",""magnitude"":0.35956329483242944,""start_week"":14,""duration_weeks"":7,""recovery_weeks"":3},{""target"":""demand"",""magnitude"":0.2791774692635155,""start_week"":34,""duration_weeks"":2,""recovery_weeks"":2}]"
A,1618,348,Demand-supply coupling,False,,False,Non-failure,Unclassified,Unclassified,2,0.923018387512873,75.0618321105203,False,True,False,False,False,"[{""target"":""demand"",""magnitude"":0.08340203567835582,""start_week"":19,""duration_weeks"":2,""recovery_weeks"":2},{""target"":""corridor"",""magnitude"":0.24966991263323202,""start_week"":46,""duration_weeks"":3,""recovery_weeks"":3}]"
A,1618,349,Demand-supply coupling,False,,False,Non-failure,Unclassified,Unclassified,1,0.9286611532598837,149.811578154244,False,False,False,True,False,"[{""target"":""S1B"",""magnitude"":0.41051240516526133,""start_week"":30,""duration_weeks"":8,""recovery_weeks"":1}]"
A,1618,350,Demand-supply coupling,False,,False,Non-failure,Unclassified,Unclassified,3,0.8240723480109583,673.336910199676,True,False,False,False,False,"[{""target"":""demand"",""magnitude"":0.21348568777204274,""start_week"":6,""duration_weeks"":8,""recovery_weeks"":4},{""target"":""T2P"",""magnitude"":0.2585624721486577,""start_week"":40,""duration_weeks"":1,""recovery_weeks"":1},{""target"":""demand"",""magnitude"":0.17556685881138745,""start_week"":50,""duration_weeks"":1,""recovery_weeks"":3}]"
A,1618,351,Demand-supply coupling,True,False,False,Adaptation-limited,Concentrated dependency,Concentrated dependency,3,0.6797665456796236,668.5602903689033,False,True,False,False,False,"[{""target"":""corridor"",""magnitude"":0.4901750907402823,""start_week"":2,""duration_weeks"":1,""recovery_weeks"":3},{""target"":""corridor"",""magnitude"":0.38722027319151897,""start_week"":26,""duration_weeks"":1,""recovery_weeks"":3},{""target"":""demand"",""magnitude"":0.09261106236219548,""start_week"":27,""duration_weeks"":8,""recovery_weeks"":2}]"
A,1618,352,Demand-supply coupling,True,True,True,Structural,Concentrated dependency; Hidden convergent dependency; Propagation-amplified cascade,Hidden convergent dependency,4,0.56123100751429,2226.3253600272355,True,False,False,False,False,"[{""target"":""demand"",""magnitude"":0.09119525731476694,""start_week"":20,""duration_weeks"":2,""recovery_weeks"":1},{""target"":""T2P"",""magnitude"":0.48228523381535193,""start_week"":41,""duration_weeks"":9,""recovery_weeks"":3},{""target"":""demand"",""magnitude"":0.09983497983693702,""start_week"":43,""duration_weeks"":1,""recovery_weeks"":4},{""target"":""T2P"",""magnitude"":0.490196923734899,""start_week"":49,""duration_weeks"":4,""recovery_weeks"":1}]"
A,1618,353,Demand-supply coupling,True,True,False,Structural,Concentrated dependency; Hidden convergent dependency; Recovery lag and temporal overlap,Hidden convergent dependency,3,0.665372736294197,666.5775624341438,True,False,False,False,False,"[{""target"":""demand"",""magnitude"":0.28650244703057265,""start_week"":3,""duration_weeks"":1,""recovery_weeks"":3},{""target"":""T2P"",""magnitude"":0.34896337995730553,""start_week"":35,""duration_weeks"":2,""recovery_weeks"":3},{""target"":""demand"",""magnitude"":0.08717111900091148,""start_week"":38,""duration_weeks"":5,""recovery_weeks"":3}]"
A,1618,354,Demand-supply coupling,True,True,False,Structural,Concentrated dependency,Concentrated dependency,2,0.8800566250450048,215.89807491899137,False,False,False,True,False,"[{""target"":""S1B"",""magnitude"":0.5198725936487394,""start_week"":7,""duration_weeks"":1,""recovery_weeks"":1},{""target"":""S1B"",""magnitude"":0.22623771025543307,""start_week"":21,""duration_weeks"":5,""recovery_weeks"":2}]"
A,1618,355,Demand-supply coupling,False,,False,Non-failure,Unclassified,Unclassified,4,0.8853747737478367,202.29950949418537,False,True,True,False,False,"[{""target"":""S1A"",""magnitude"":0.4354187003699259,""start_week"":11,""duration_weeks"":4,""recovery_weeks"":3},{""target"":""corridor"",""magnitude"":0.17135938437036288,""start_week"":12,""duration_weeks"":2,""recovery_weeks"":2},{""target"":""corridor"",""magnitude"":0.1994326392282093,""start_week"":49,""duration_weeks"":1,""recovery_weeks"":1},{""target"":""demand"",""magnitude"":0.20561730393250788,""start_week"":50,""duration_weeks"":2,""recovery_weeks"":4}]"
A,1618,356,Demand-supply coupling,True,True,True,Structural,Concentrated dependency; Hidden convergent dependency; Propagation-amplified cascade,Hidden convergent dependency,2,0.524294385676285,1012.5402115653744,True,False,False,False,False,"[{""target"":""T2P"",""magnitude"":0.5281350528913435,""start_week"":17,""duration_weeks"":2,""recovery_weeks"":3},{""target"":""demand"",""magnitude"":0.11559988334047432,""start_week"":31,""duration_weeks"":2,""recovery_weeks"":3}]"
A,1618,357,Demand-supply coupling,True,True,True,Structural,Concentrated dependency; Hidden convergent dependency,Hidden convergent dependency,5,0.6546040273673256,1575.7940023318486,True,False,True,False,False,"[{""target"":""T2P"",""magnitude"":0.4108563753694069,""start_week"":4,""duration_weeks"":4,""recovery_weeks"":4},{""target"":""demand"",""magnitude"":0.11304724534470507,""start_week"":5,""duration_weeks"":1,""recovery_weeks"":3},{""target"":""S1A"",""magnitude"":0.35398007464231496,""start_week"":38,""duration_weeks"":3,""recovery_weeks"":3},{""target"":""demand"",""magnitude"":0.14600339847387891,""start_week"":46,""duration_weeks"":2,""recovery_weeks"":2},{""target"":""T2P"",""magnitude"":0.33510785996523423,""start_week"":50,""duration_weeks"":3,""recovery_weeks"":1}]"
A,1618,358,Demand-supply coupling,False,,False,Non-failure,Unclassified,Unclassified,1,0.9016953243107643,176.94841624062428,False,False,False,False,True,"[{""target"":""S1C"",""magnitude"":0.4711855203007804,""start_week"":12,""duration_weeks"":1,""recovery_weeks"":4}]"
A,1618,359,Demand-supply coupling,False,,False,Non-failure,Unclassified,Unclassified,2,0.7790982530607492,255.1816429625901,False,True,False,False,False,"[{""target"":""demand"",""magnitude"":0.28353515884732233,""start_week"":9,""duration_weeks"":1,""recovery_weeks"":2},{""target"":""corridor"",""magnitude"":0.31103544307979525,""start_week"":46,""duration_weeks"":3,""recovery_weeks"":4}]"
A,1618,360,Demand-supply coupling,False,,False,Non-failure,Unclassified,Unclassified,3,0.8904621819673422,110.71108714755906,True,False,False,False,False,"[{""target"":""T2P"",""magnitude"":0.2916660835922812,""start_week"":6,""duration_weeks"":2,""recovery_weeks"":1},{""target"":""demand"",""magnitude"":0.12301231905284328,""start_week"":18,""duration_weeks"":3,""recovery_weeks"":1},{""target"":""demand"",""magnitude"":0.1804902011443979,""start_week"":30,""duration_weeks"":1,""recovery_weeks"":3}]"
A,1618,361,Demand-supply coupling,True,False,False,Adaptation-limited,Hidden convergent dependency; Compounding moderate disturbance,Hidden convergent dependency,6,0.7198101845776818,740.7692351934124,True,True,False,False,False,"[{""target"":""T2P"",""magnitude"":0.1869317767805923,""start_week"":5,""duration_weeks"":4,""recovery_weeks"":2},{""target"":""demand"",""magnitude"":0.07404748280345222,""start_week"":11,""duration_weeks"":6,""recovery_weeks"":3},{""target"":""T2P"",""magnitude"":0.417404091181227,""start_week"":22,""duration_weeks"":1,""recovery_weeks"":2},{""target"":""demand"",""magnitude"":0.22146083534454025,""start_week"":26,""duration_weeks"":3,""recovery_weeks"":1},{""target"":""corridor"",""magnitude"":0.3290310959374196,""start_week"":34,""duration_weeks"":1,""recovery_weeks"":2},{""target"":""demand"",""magnitude"":0.14842068444481937,""start_week"":46,""duration_weeks"":5,""recovery_weeks"":1}]"
A,1618,362,Demand-supply coupling,True,True,True,Structural,Concentrated dependency; Hidden convergent dependency; Propagation-amplified cascade,Hidden convergent dependency,2,0.7183146370175354,2849.235573579055,True,True,False,False,False,"[{""target"":""T2P"",""magnitude"":0.35351682668421813,""start_week"":7,""duration_weeks"":12,""recovery_weeks"":3},{""target"":""corridor"",""magnitude"":0.34811814135068264,""start_week"":50,""duration_weeks"":2,""recovery_weeks"":3}]"
A,1618,363,Demand-supply coupling,False,,False,Non-failure,Unclassified,Unclassified,4,0.8853638409695628,111.73905093136932,False,True,False,False,False,"[{""target"":""demand"",""magnitude"":0.09531006171893308,""start_week"":4,""duration_weeks"":2,""recovery_weeks"":1},{""target"":""corridor"",""magnitude"":0.302323481015197,""start_week"":12,""duration_weeks"":1,""recovery_weeks"":3},{""target"":""demand"",""magnitude"":0.07810432887834695,""start_week"":28,""duration_weeks"":4,""recovery_weeks"":1},{""target"":""corridor"",""magnitude"":0.33597711927282786,""start_week"":38,""duration_weeks"":1,""recovery_weeks"":1}]"
A,1618,364,Demand-supply coupling,True,False,False,Adaptation-limited,Compounding moderate disturbance; Propagation-amplified cascade,Compounding moderate disturbance,3,0.8354374324864633,463.65046186807945,True,True,False,False,False,"[{""target"":""T2P"",""magnitude"":0.1998838163627749,""start_week"":3,""duration_weeks"":3,""recovery_weeks"":1},{""target"":""demand"",""magnitude"":0.08572653050057746,""start_week"":7,""duration_weeks"":8,""recovery_weeks"":4},{""target"":""corridor"",""magnitude"":0.3197075612321215,""start_week"":8,""duration_weeks"":1,""recovery_weeks"":4}]"
A,1618,365,Demand-supply coupling,False,,False,Non-failure,Unclassified,Unclassified,1,0.9365575888156192,171.294510197828,False,True,False,False,False,"[{""target"":""corridor"",""magnitude"":0.2975818083882855,""start_week"":45,""duration_weeks"":2,""recovery_weeks"":3}]"
A,1618,366,Demand-supply coupling,False,,False,Non-failure,Unclassified,Unclassified,2,0.9360318660435227,172.71396168248873,False,True,False,False,False,"[{""target"":""corridor"",""magnitude"":0.297976100467358,""start_week"":36,""duration_weeks"":2,""recovery_weeks"":2},{""target"":""demand"",""magnitude"":0.1611090354695069,""start_week"":48,""duration_weeks"":9,""recovery_weeks"":3}]"
A,1618,367,Demand-supply coupling,True,False,False,Adaptation-limited,Hidden convergent dependency; Compounding moderate disturbance; Propagation-amplified cascade; Recovery lag and temporal overlap,Hidden convergent dependency,3,0.7412231211506866,474.17470504937,True,False,False,False,False,"[{""target"":""T2P"",""magnitude"":0.2537988180021798,""start_week"":21,""duration_weeks"":1,""recovery_weeks"":2},{""target"":""T2P"",""magnitude"":0.3328991909643821,""start_week"":23,""duration_weeks"":1,""recovery_weeks"":4},{""target"":""demand"",""magnitude"":0.11586371468189216,""start_week"":37,""duration_weeks"":1,""recovery_weeks"":2}]"
A,1618,368,Demand-supply coupling,True,True,True,Structural,Hidden convergent dependency; Compounding moderate disturbance; Recovery lag and temporal overlap,Hidden convergent dependency,3,0.5676011190959838,1082.741966463535,True,False,False,False,False,"[{""target"":""T2P"",""magnitude"":0.28765909312242893,""start_week"":20,""duration_weeks"":2,""recovery_weeks"":4},{""target"":""demand"",""magnitude"":0.1237927899114418,""start_week"":22,""duration_weeks"":1,""recovery_weeks"":1},{""target"":""T2P"",""magnitude"":0.48915899281361463,""start_week"":43,""duration_weeks"":3,""recovery_weeks"":3}]"
A,1618,369,Demand-supply coupling,True,True,True,Structural,Concentrated dependency; Hidden convergent dependency; Recovery lag and temporal overlap,Hidden convergent dependency,5,0.6214243065121208,1552.1608973945347,True,False,False,False,False,"[{""target"":""demand"",""magnitude"":0.140015839327994,""start_week"":6,""duration_weeks"":2,""recovery_weeks"":4},{""target"":""demand"",""magnitude"":0.09199881877607193,""start_week"":18,""duration_weeks"":2,""recovery_weeks"":3},{""target"":""T2P"",""magnitude"":0.4599588070183477,""start_week"":21,""duration_weeks"":2,""recovery_weeks"":4},{""target"":""T2P"",""magnitude"":0.3313149632984109,""start_week"":26,""duration_weeks"":2,""recovery_weeks"":2},{""target"":""demand"",""magnitude"":0.19050541841151164,""start_week"":40,""duration_weeks"":6,""recovery_weeks"":3}]"
A,1618,370,Demand-supply coupling,False,,False,Non-failure,Unclassified,Unclassified,3,0.9157788728442744,82.76999687133252,False,True,False,False,False,"[{""target"":""demand"",""magnitude"":0.09196666319036945,""start_week"":5,""duration_weeks"":7,""recovery_weeks"":4},{""target"":""corridor"",""magnitude"":0.254949493416427,""start_week"":40,""duration_weeks"":1,""recovery_weeks"":1},{""target"":""demand"",""magnitude"":0.13452394545149374,""start_week"":46,""duration_weeks"":3,""recovery_weeks"":1}]"
A,1618,371,Demand-supply coupling,True,True,False,Structural,Concentrated dependency; Propagation-amplified cascade,Propagation-amplified cascade,3,0.7023496067684901,390.4183225684865,True,True,False,False,False,"[{""target"":""T2P"",""magnitude"":0.4147304959734892,""start_week"":16,""duration_weeks"":1,""recovery_weeks"":1},{""target"":""demand"",""magnitude"":0.09711854288622751,""start_week"":32,""duration_weeks"":3,""recovery_weeks"":1},{""target"":""corridor"",""magnitude"":0.4732377949236324,""start_week"":45,""duration_weeks"":1,""recovery_weeks"":2}]"
A,1618,372,Demand-supply coupling,False,,False,Non-failure,Unclassified,Unclassified,3,1.0,0.0,True,True,False,False,False,"[{""target"":""T2P"",""magnitude"":0.23075588175728812,""start_week"":28,""duration_weeks"":1,""recovery_weeks"":3},{""target"":""T2P"",""magnitude"":0.2912578372518738,""start_week"":36,""duration_weeks"":1,""recovery_weeks"":4},{""target"":""corridor"",""magnitude"":0.18352510628815705,""start_week"":38,""duration_weeks"":2,""recovery_weeks"":1}]"
A,1618,373,Demand-supply coupling,False,,False,Non-failure,Unclassified,Unclassified,1,1.0,0.0,True,False,False,False,False,"[{""target"":""T2P"",""magnitude"":0.18497604583046007,""start_week"":3,""duration_weeks"":2,""recovery_weeks"":2}]"
A,1618,374,Demand-supply coupling,True,False,True,Adaptation-limited,Concentrated dependency,Concentrated dependency,4,0.7270124957229266,1294.0027778232572,True,True,False,False,False,"[{""target"":""corridor"",""magnitude"":0.45474062820780503,""start_week"":2,""duration_weeks"":4,""recovery_weeks"":2},{""target"":""corridor"",""magnitude"":0.41363109652155994,""start_week"":9,""duration_weeks"":1,""recovery_weeks"":2},{""target"":""demand"",""magnitude"":0.15016238784415908,""start_week"":16,""duration_weeks"":4,""recovery_weeks"":4},{""target"":""T2P"",""magnitude"":0.6807503715971456,""start_week"":48,""duration_weeks"":7,""recovery_weeks"":4}]"
A,1618,375,Demand-supply coupling,True,True,True,Structural,Concentrated dependency,Concentrated dependency,1,0.8132131076753777,555.4057615956009,False,True,False,False,False,"[{""target"":""corridor"",""magnitude"":0.39009016924346673,""start_week"":42,""duration_weeks"":2,""recovery_weeks"":4}]"
A,1618,376,Demand-supply coupling,False,,False,Non-failure,Unclassified,Unclassified,3,0.9067046832878392,251.89735512283403,False,True,False,True,False,"[{""target"":""corridor"",""magnitude"":0.3199714875341205,""start_week"":5,""duration_weeks"":2,""recovery_weeks"":2},{""target"":""demand"",""magnitude"":0.2397839041967305,""start_week"":18,""duration_weeks"":2,""recovery_weeks"":4},{""target"":""S1B"",""magnitude"":0.3628519741962963,""start_week"":23,""duration_weeks"":1,""recovery_weeks"":2}]"
A,1618,377,Demand-supply coupling,True,False,True,Adaptation-limited,Concentrated dependency,Concentrated dependency,2,0.683449600958972,944.6163168353926,False,True,False,False,False,"[{""target"":""corridor"",""magnitude"":0.4874127992807711,""start_week"":1,""duration_weeks"":2,""recovery_weeks"":3},{""target"":""demand"",""magnitude"":0.25400660445274875,""start_week"":21,""duration_weeks"":1,""recovery_weeks"":2}]"
A,1618,378,Demand-supply coupling,True,True,True,Structural,Concentrated dependency; Propagation-amplified cascade,Propagation-amplified cascade,7,0.5494766143179882,1130.1814909480227,True,True,False,True,True,"[{""target"":""S1B"",""magnitude"":0.488532516156194,""start_week"":3,""duration_weeks"":3,""recovery_weeks"":1},{""target"":""T2P"",""magnitude"":0.344497940279061,""start_week"":4,""duration_weeks"":5,""recovery_weeks"":1},{""target"":""S1C"",""magnitude"":0.26104786013258807,""start_week"":6,""duration_weeks"":2,""recovery_weeks"":2},{""target"":""corridor"",""magnitude"":0.1619352900711435,""start_week"":12,""duration_weeks"":2,""recovery_weeks"":4},{""target"":""demand"",""magnitude"":0.17298208317595073,""start_week"":19,""duration_weeks"":9,""recovery_weeks"":1},{""target"":""corridor"",""magnitude"":0.5878925392615089,""start_week"":35,""duration_weeks"":1,""recovery_weeks"":1},{""target"":""corridor"",""magnitude"":0.16477798784505107,""start_week"":39,""duration_weeks"":4,""recovery_weeks"":3}]"
A,1618,379,Demand-supply coupling,False,,False,Non-failure,Unclassified,Unclassified,4,0.9017256589131034,100.94820132505322,True,False,False,False,True,"[{""target"":""S1C"",""magnitude"":0.2543038780463882,""start_week"":14,""duration_weeks"":4,""recovery_weeks"":4},{""target"":""demand"",""magnitude"":0.11322735407632788,""start_week"":20,""duration_weeks"":3,""recovery_weeks"":1},{""target"":""T2P"",""magnitude"":0.2515315056082212,""start_week"":46,""duration_weeks"":2,""recovery_weeks"":4},{""target"":""demand"",""magnitude"":0.07233777279859735,""start_week"":48,""duration_weeks"":6,""recovery_weeks"":1}]"
A,1618,380,Demand-supply coupling,False,,False,Non-failure,Unclassified,Unclassified,3,0.9598332408317596,84.35019425330506,False,False,True,False,False,"[{""target"":""S1A"",""magnitude"":0.34037520812854116,""start_week"":17,""duration_weeks"":2,""recovery_weeks"":3},{""target"":""demand"",""magnitude"":0.12139672713970578,""start_week"":25,""duration_weeks"":2,""recovery_weeks"":4},{""target"":""demand"",""magnitude"":0.10510771967537531,""start_week"":35,""duration_weeks"":6,""recovery_weeks"":1}]"
A,1618,381,Demand-supply coupling,True,True,True,Structural,Concentrated dependency; Hidden convergent dependency; Propagation-amplified cascade,Hidden convergent dependency,3,0.5038406556604315,1568.3866361318276,True,False,False,False,False,"[{""target"":""T2P"",""magnitude"":0.5465434099056118,""start_week"":12,""duration_weeks"":2,""recovery_weeks"":2},{""target"":""demand"",""magnitude"":0.22858763341716548,""start_week"":34,""duration_weeks"":11,""recovery_weeks"":2},{""target"":""T2P"",""magnitude"":0.33225858672957215,""start_week"":44,""duration_weeks"":2,""recovery_weeks"":1}]"
A,1618,382,Demand-supply coupling,True,True,True,Structural,Hidden convergent dependency; Compounding moderate disturbance; Propagation-amplified cascade,Hidden convergent dependency,6,0.7095024170767948,1159.6867060192208,True,False,False,True,False,"[{""target"":""T2P"",""magnitude"":0.24312220068836646,""start_week"":18,""duration_weeks"":1,""recovery_weeks"":4},{""target"":""demand"",""magnitude"":0.09540424881710673,""start_week"":19,""duration_weeks"":6,""recovery_weeks"":4},{""target"":""T2P"",""magnitude"":0.27147737574993497,""start_week"":22,""duration_weeks"":2,""recovery_weeks"":3},{""target"":""demand"",""magnitude"":0.212780926685378,""start_week"":33,""duration_weeks"":1,""recovery_weeks"":1},{""target"":""S1B"",""magnitude"":0.48862476240178787,""start_week"":42,""duration_weeks"":1,""recovery_weeks"":3},{""target"":""demand"",""magnitude"":0.1704942922065738,""start_week"":46,""duration_weeks"":6,""recovery_weeks"":4}]"
A,1618,383,Demand-supply coupling,False,,False,Non-failure,Unclassified,Unclassified,3,0.8801762452959904,122.52248320714818,True,False,False,False,False,"[{""target"":""demand"",""magnitude"":0.13613609245238695,""start_week"":11,""duration_weeks"":1,""recovery_weeks"":3},{""target"":""T2P"",""magnitude"":0.2729942479516447,""start_week"":32,""duration_weeks"":1,""recovery_weeks"":2},{""target"":""demand"",""magnitude"":0.2045283322066811,""start_week"":48,""duration_weeks"":1,""recovery_weeks"":4}]"
A,1618,384,Demand-supply coupling,True,True,False,Structural,Concentrated dependency,Concentrated dependency,4,0.8950439450331146,220.40771543045935,False,False,False,True,False,"[{""target"":""S1B"",""magnitude"":0.4861511236754922,""start_week"":7,""duration_weeks"":4,""recovery_weeks"":1},{""target"":""demand"",""magnitude"":0.2410298879127269,""start_week"":21,""duration_weeks"":1,""recovery_weeks"":4},{""target"":""S1B"",""magnitude"":0.4344921213744073,""start_week"":25,""duration_weeks"":1,""recovery_weeks"":4},{""target"":""demand"",""magnitude"":0.07876319804603531,""start_week"":28,""duration_weeks"":1,""recovery_weeks"":1}]"
A,1618,385,Demand-supply coupling,False,,False,Non-failure,Unclassified,Unclassified,3,0.9232561300889439,121.42492442234493,False,False,True,False,True,"[{""target"":""S1C"",""magnitude"":0.38009813330965525,""start_week"":21,""duration_weeks"":2,""recovery_weeks"":3},{""target"":""demand"",""magnitude"":0.22925431600671792,""start_week"":35,""duration_weeks"":1,""recovery_weeks"":4},{""target"":""S1A"",""magnitude"":0.39483739489894654,""start_week"":37,""duration_weeks"":1,""recovery_weeks"":1}]"
A,1618,386,Demand-supply coupling,False,,False,Non-failure,Unclassified,Unclassified,1,0.9234051925474913,74.6533886354689,False,False,False,False,False,"[{""target"":""demand"",""magnitude"":0.08294820959496532,""start_week"":30,""duration_weeks"":6,""recovery_weeks"":3}]"
A,1618,387,Demand-supply coupling,False,,False,Non-failure,Unclassified,Unclassified,2,0.8348323217583744,178.06079920859497,False,True,False,False,False,"[{""target"":""demand"",""magnitude"":0.19784533245399444,""start_week"":35,""duration_weeks"":1,""recovery_weeks"":3},{""target"":""corridor"",""magnitude"":0.2513656368322379,""start_week"":48,""duration_weeks"":2,""recovery_weeks"":3}]"
A,1618,388,Demand-supply coupling,False,,False,Non-failure,Unclassified,Unclassified,2,0.9588428691374107,74.08283555266075,False,True,False,False,False,"[{""target"":""corridor"",""magnitude"":0.28086784814694205,""start_week"":37,""duration_weeks"":1,""recovery_weeks"":3},{""target"":""demand"",""magnitude"":0.09595382265792703,""start_week"":49,""duration_weeks"":1,""recovery_weeks"":1}]"
A,1618,389,Demand-supply coupling,False,,False,Non-failure,Unclassified,Unclassified,3,0.9131790287171874,88.09652800708409,True,False,False,True,False,"[{""target"":""S1B"",""magnitude"":0.2832440954388262,""start_week"":2,""duration_weeks"":1,""recovery_weeks"":3},{""target"":""demand"",""magnitude"":0.12743533817571628,""start_week"":11,""duration_weeks"":5,""recovery_weeks"":3},{""target"":""T2P"",""magnitude"":0.23347090626789863,""start_week"":21,""duration_weeks"":1,""recovery_weeks"":4}]"
A,1618,390,Demand-supply coupling,True,True,True,Structural,Concentrated dependency; Hidden convergent dependency,Hidden convergent dependency,3,0.7255279098232004,1502.5888860671485,True,True,False,False,False,"[{""target"":""corridor"",""magnitude"":0.19379363798532628,""start_week"":4,""duration_weeks"":1,""recovery_weeks"":1},{""target"":""demand"",""magnitude"":0.20257767879319305,""start_week"":24,""duration_weeks"":3,""recovery_weeks"":2},{""target"":""T2P"",""magnitude"":0.34702488115911967,""start_week"":26,""duration_weeks"":5,""recovery_weeks"":1}]"
A,1618,391,Demand-supply coupling,False,,False,Non-failure,Unclassified,Unclassified,3,0.8720150625149671,133.06317675148125,True,False,True,False,False,"[{""target"":""S1A"",""magnitude"":0.25826904588823657,""start_week"":3,""duration_weeks"":1,""recovery_weeks"":1},{""target"":""T2P"",""magnitude"":0.20475196395158693,""start_week"":13,""duration_weeks"":1,""recovery_weeks"":3},{""target"":""demand"",""magnitude"":0.15519823718007825,""start_week"":39,""duration_weeks"":1,""recovery_weeks"":4}]"
A,1618,392,Demand-supply coupling,True,True,True,Structural,Compounding moderate disturbance; Recovery lag and temporal overlap,Compounding moderate disturbance,8,0.7818757120529798,1146.0927289786168,False,True,False,True,True,"[{""target"":""S1B"",""magnitude"":0.2716411080090424,""start_week"":11,""duration_weeks"":1,""recovery_weeks"":2},{""target"":""demand"",""magnitude"":0.1069762324825145,""start_week"":24,""duration_weeks"":2,""recovery_weeks"":3},{""target"":""S1C"",""magnitude"":0.32005882168838595,""start_week"":28,""duration_weeks"":10,""recovery_weeks"":1},{""target"":""demand"",""magnitude"":0.14897475816185357,""start_week"":29,""duration_weeks"":4,""recovery_weeks"":3},{""target"":""S1C"",""magnitude"":0.45483531193307336,""start_week"":36,""duration_weeks"":2,""recovery_weeks"":3},{""target"":""demand"",""magnitude"":0.18613976833163393,""start_week"":41,""duration_weeks"":7,""recovery_weeks"":4},{""target"":""corridor"",""magnitude"":0.19479801862179857,""start_week"":42,""duration_weeks"":2,""recovery_weeks"":2},{""target"":""demand"",""magnitude"":0.19807471067065247,""start_week"":48,""duration_weeks"":2,""recovery_weeks"":3}]"
A,1618,393,Demand-supply coupling,True,True,True,Structural,Concentrated dependency; Hidden convergent dependency,Hidden convergent dependency,3,0.5018529556982543,1974.3064656131469,True,True,False,False,False,"[{""target"":""T2P"",""magnitude"":0.48616208042431575,""start_week"":21,""duration_weeks"":3,""recovery_weeks"":2},{""target"":""demand"",""magnitude"":0.13764602812071525,""start_week"":24,""duration_weeks"":11,""recovery_weeks"":3},{""target"":""corridor"",""magnitude"":0.39776778017494796,""start_week"":44,""duration_weeks"":1,""recovery_weeks"":2}]"
A,1618,394,Demand-supply coupling,True,True,False,Structural,Concentrated dependency,Concentrated dependency,3,0.8724879216669016,355.35326437420724,False,True,False,False,False,"[{""target"":""corridor"",""magnitude"":0.3456340587498238,""start_week"":1,""duration_weeks"":2,""recovery_weeks"":4},{""target"":""corridor"",""magnitude"":0.22439490029439435,""start_week"":16,""duration_weeks"":7,""recovery_weeks"":1},{""target"":""demand"",""magnitude"":0.18144305079613726,""start_week"":25,""duration_weeks"":2,""recovery_weeks"":4}]"
A,1618,395,Demand-supply coupling,False,,False,Non-failure,Unclassified,Unclassified,4,0.8582447426519888,1225.3335848318793,True,True,False,False,False,"[{""target"":""demand"",""magnitude"":0.16500583166409605,""start_week"":3,""duration_weeks"":3,""recovery_weeks"":1},{""target"":""corridor"",""magnitude"":0.3486650973710472,""start_week"":12,""duration_weeks"":1,""recovery_weeks"":4},{""target"":""T2P"",""magnitude"":0.3097269237703036,""start_week"":26,""duration_weeks"":1,""recovery_weeks"":1},{""target"":""demand"",""magnitude"":0.18423950600037886,""start_week"":29,""duration_weeks"":18,""recovery_weeks"":1}]"
A,1618,396,Demand-supply coupling,False,,False,Non-failure,Unclassified,Unclassified,0,1.0,0.0,False,False,False,False,False,[]
A,1618,397,Demand-supply coupling,False,,False,Non-failure,Unclassified,Unclassified,3,0.8859320192929925,115.87930044365521,True,True,False,False,False,"[{""target"":""T2P"",""magnitude"":0.3110845655615041,""start_week"":24,""duration_weeks"":1,""recovery_weeks"":1},{""target"":""demand"",""magnitude"":0.12875477827072787,""start_week"":30,""duration_weeks"":6,""recovery_weeks"":1},{""target"":""corridor"",""magnitude"":0.24117043407374017,""start_week"":40,""duration_weeks"":4,""recovery_weeks"":1}]"
A,1618,398,Demand-supply coupling,True,True,False,Structural,Concentrated dependency,Concentrated dependency,2,0.8226993760645313,1208.1383696015473,False,False,True,False,False,"[{""target"":""S1A"",""magnitude"":0.28933060196448435,""start_week"":10,""duration_weeks"":2,""recovery_weeks"":2},{""target"":""demand"",""magnitude"":0.2650882220244861,""start_week"":32,""duration_weeks"":9,""recovery_weeks"":3}]"
A,1618,399,Demand-supply coupling,True,True,True,Structural,Concentrated dependency; Hidden convergent dependency,Hidden convergent dependency,3,0.6057103254894199,1205.4418268165239,True,False,False,False,False,"[{""target"":""T2P"",""magnitude"":0.454860707059522,""start_week"":7,""duration_weeks"":2,""recovery_weeks"":4},{""target"":""demand"",""magnitude"":0.13280320186987968,""start_week"":10,""duration_weeks"":2,""recovery_weeks"":1},{""target"":""T2P"",""magnitude"":0.4862594155209772,""start_week"":32,""duration_weeks"":1,""recovery_weeks"":3}]"
A,1618,400,Demand-supply coupling,False,,False,Non-failure,Unclassified,Unclassified,2,0.9188452960075287,147.8611678355569,True,False,True,False,False,"[{""target"":""T2P"",""magnitude"":0.2747508545049173,""start_week"":20,""duration_weeks"":2,""recovery_weeks"":4},{""target"":""S1A"",""magnitude"":0.43259808398306043,""start_week"":43,""duration_weeks"":2,""recovery_weeks"":3}]"
A,1618,401,Demand-supply coupling,True,False,True,Adaptation-limited,Hidden convergent dependency; Compounding moderate disturbance; Recovery lag and temporal overlap,Hidden convergent dependency,4,0.625778833891069,1277.1888869366023,True,False,False,False,True,"[{""target"":""S1C"",""magnitude"":0.21524023604243586,""start_week"":33,""duration_weeks"":2,""recovery_weeks"":4},{""target"":""demand"",""magnitude"":0.1265408763695719,""start_week"":34,""duration_weeks"":3,""recovery_weeks"":4},{""target"":""T2P"",""magnitude"":0.33778842951294097,""start_week"":37,""duration_weeks"":2,""recovery_weeks"":2},{""target"":""demand"",""magnitude"":0.23439974641816436,""start_week"":39,""duration_weeks"":1,""recovery_weeks"":4}]"
A,1618,402,Demand-supply coupling,True,True,True,Structural,Concentrated dependency; Hidden convergent dependency; Propagation-amplified cascade,Hidden convergent dependency,4,0.6585911834601198,1829.8105022676802,True,False,True,True,False,"[{""target"":""demand"",""magnitude"":0.05301210764897624,""start_week"":9,""duration_weeks"":1,""recovery_weeks"":3},{""target"":""T2P"",""magnitude"":0.4072679348858922,""start_week"":28,""duration_weeks"":7,""recovery_weeks"":1},{""target"":""S1A"",""magnitude"":0.4663981331550645,""start_week"":37,""duration_weeks"":3,""recovery_weeks"":3},{""target"":""S1B"",""magnitude"":0.20079622136414496,""start_week"":38,""duration_weeks"":5,""recovery_weeks"":3}]"
A,1618,403,Demand-supply coupling,True,True,False,Structural,Concentrated dependency,Concentrated dependency,5,0.8539520905790471,302.31889193183235,True,True,False,True,False,"[{""target"":""demand"",""magnitude"":0.15991481682232744,""start_week"":13,""duration_weeks"":2,""recovery_weeks"":4},{""target"":""S1B"",""magnitude"":0.2968811518679978,""start_week"":33,""duration_weeks"":3,""recovery_weeks"":3},{""target"":""demand"",""magnitude"":0.09849339652254943,""start_week"":37,""duration_weeks"":1,""recovery_weeks"":1},{""target"":""corridor"",""magnitude"":0.35953593206571466,""start_week"":48,""duration_weeks"":5,""recovery_weeks"":2},{""target"":""T2P"",""magnitude"":0.38774108080859204,""start_week"":50,""duration_weeks"":1,""recovery_weeks"":4}]"
A,1618,404,Demand-supply coupling,False,,False,Non-failure,Unclassified,Unclassified,1,0.9384445825958965,129.26637654861747,False,False,False,True,False,"[{""target"":""S1B"",""magnitude"":0.38849968915923283,""start_week"":31,""duration_weeks"":4,""recovery_weeks"":3}]"
A,1618,405,Demand-supply coupling,False,,False,Non-failure,Unclassified,Unclassified,4,0.9188543366127384,231.00075371788444,False,True,False,False,True,"[{""target"":""S1C"",""magnitude"":0.42553054797569256,""start_week"":4,""duration_weeks"":11,""recovery_weeks"":1},{""target"":""demand"",""magnitude"":0.0869902216977571,""start_week"":25,""duration_weeks"":1,""recovery_weeks"":4},{""target"":""corridor"",""magnitude"":0.2808849941217382,""start_week"":26,""duration_weeks"":3,""recovery_weeks"":2},{""target"":""demand"",""magnitude"":0.12900129307714492,""start_week"":40,""duration_weeks"":4,""recovery_weeks"":2}]"
A,1618,406,Demand-supply coupling,True,True,True,Structural,Concentrated dependency; Hidden convergent dependency; Propagation-amplified cascade,Hidden convergent dependency,4,0.602574333761017,1217.2570478829664,True,True,False,False,False,"[{""target"":""T2P"",""magnitude"":0.4576830996150848,""start_week"":16,""duration_weeks"":3,""recovery_weeks"":4},{""target"":""demand"",""magnitude"":0.10627615426095174,""start_week"":29,""duration_weeks"":4,""recovery_weeks"":3},{""target"":""demand"",""magnitude"":0.15301646588961867,""start_week"":35,""duration_weeks"":1,""recovery_weeks"":3},{""target"":""corridor"",""magnitude"":0.2238449689675373,""start_week"":45,""duration_weeks"":3,""recovery_weeks"":1}]"
A,1618,407,Demand-supply coupling,False,,False,Non-failure,Unclassified,Unclassified,2,0.9318653194026757,143.08282925438107,False,False,False,True,False,"[{""target"":""S1B"",""magnitude"":0.4033030313439797,""start_week"":4,""duration_weeks"":3,""recovery_weeks"":3},{""target"":""demand"",""magnitude"":0.17168236092833217,""start_week"":12,""duration_weeks"":4,""recovery_weeks"":1}]"
A,1618,408,Demand-supply coupling,False,,False,Non-failure,Unclassified,Unclassified,1,1.0,0.0,False,False,False,False,True,"[{""target"":""S1C"",""magnitude"":0.21274032296387846,""start_week"":3,""duration_weeks"":4,""recovery_weeks"":2}]"
A,1618,409,Demand-supply coupling,True,False,False,Adaptation-limited,Concentrated dependency,Concentrated dependency,4,0.7950658372826782,345.49957150242165,False,False,True,False,True,"[{""target"":""S1C"",""magnitude"":0.5301216578984386,""start_week"":27,""duration_weeks"":3,""recovery_weeks"":3},{""target"":""demand"",""magnitude"":0.10116853765305901,""start_week"":28,""duration_weeks"":1,""recovery_weeks"":2},{""target"":""demand"",""magnitude"":0.08061154521368877,""start_week"":32,""duration_weeks"":2,""recovery_weeks"":2},{""target"":""S1A"",""magnitude"":0.4525554733828163,""start_week"":36,""duration_weeks"":5,""recovery_weeks"":3}]"
A,1618,410,Demand-supply coupling,True,True,True,Structural,Concentrated dependency; Propagation-amplified cascade,Propagation-amplified cascade,4,0.566872265539982,2466.146120727196,True,True,False,False,True,"[{""target"":""T2P"",""magnitude"":0.4599662852622909,""start_week"":2,""duration_weeks"":2,""recovery_weeks"":4},{""target"":""S1C"",""magnitude"":0.6245935937645558,""start_week"":6,""duration_weeks"":3,""recovery_weeks"":1},{""target"":""demand"",""magnitude"":0.08557306648673438,""start_week"":10,""duration_weeks"":8,""recovery_weeks"":2},{""target"":""corridor"",""magnitude"":0.47313740849062436,""start_week"":17,""duration_weeks"":4,""recovery_weeks"":4}]"
A,1618,411,Demand-supply coupling,True,True,True,Structural,Concentrated dependency,Concentrated dependency,2,0.6109969500214364,2125.6678423745966,False,True,True,False,False,"[{""target"":""corridor"",""magnitude"":0.5417522874839227,""start_week"":17,""duration_weeks"":5,""recovery_weeks"":2},{""target"":""S1A"",""magnitude"":0.22061090173533518,""start_week"":40,""duration_weeks"":1,""recovery_weeks"":4}]"
A,1618,412,Demand-supply coupling,True,True,False,Structural,Concentrated dependency,Concentrated dependency,3,0.882768197456388,215.14871129543963,False,True,True,False,False,"[{""target"":""corridor"",""magnitude"":0.33792385190770896,""start_week"":16,""duration_weeks"":1,""recovery_weeks"":4},{""target"":""demand"",""magnitude"":0.16979814343975017,""start_week"":26,""duration_weeks"":1,""recovery_weeks"":2},{""target"":""S1A"",""magnitude"":0.23574362014743902,""start_week"":48,""duration_weeks"":3,""recovery_weeks"":2}]"
A,1618,413,Demand-supply coupling,False,,False,Non-failure,Unclassified,Unclassified,4,0.9005370845028632,102.58981772988523,True,False,True,True,False,"[{""target"":""S1A"",""magnitude"":0.286060065658472,""start_week"":18,""duration_weeks"":1,""recovery_weeks"":3},{""target"":""demand"",""magnitude"":0.14604207806295882,""start_week"":30,""duration_weeks"":2,""recovery_weeks"":3},{""target"":""S1B"",""magnitude"":0.39383693221294813,""start_week"":38,""duration_weeks"":2,""recovery_weeks"":3},{""target"":""T2P"",""magnitude"":0.3444803473994719,""start_week"":51,""duration_weeks"":7,""recovery_weeks"":1}]"
A,1618,414,Demand-supply coupling,True,True,True,Structural,Concentrated dependency; Hidden convergent dependency; Propagation-amplified cascade,Hidden convergent dependency,4,0.47179102931689365,2278.39915858111,True,False,False,False,False,"[{""target"":""T2P"",""magnitude"":0.5753880736147957,""start_week"":14,""duration_weeks"":4,""recovery_weeks"":2},{""target"":""demand"",""magnitude"":0.1128203062909791,""start_week"":29,""duration_weeks"":7,""recovery_weeks"":3},{""target"":""T2P"",""magnitude"":0.21174594652771822,""start_week"":30,""duration_weeks"":2,""recovery_weeks"":4},{""target"":""demand"",""magnitude"":0.08357299322779982,""start_week"":46,""duration_weeks"":2,""recovery_weeks"":4}]"
A,1618,415,Demand-supply coupling,False,,False,Non-failure,Unclassified,Unclassified,6,0.8781014559770048,217.14371859418407,False,False,False,True,True,"[{""target"":""S1C"",""magnitude"":0.2994224889314031,""start_week"":4,""duration_weeks"":3,""recovery_weeks"":3},{""target"":""demand"",""magnitude"":0.1160736173869215,""start_week"":17,""duration_weeks"":1,""recovery_weeks"":1},{""target"":""S1B"",""magnitude"":0.4772284419417696,""start_week"":24,""duration_weeks"":9,""recovery_weeks"":3},{""target"":""demand"",""magnitude"":0.0988868740589331,""start_week"":25,""duration_weeks"":1,""recovery_weeks"":3},{""target"":""S1C"",""magnitude"":0.30109964343329115,""start_week"":44,""duration_weeks"":1,""recovery_weeks"":1},{""target"":""demand"",""magnitude"":0.22666434668014485,""start_week"":50,""duration_weeks"":1,""recovery_weeks"":2}]"
A,1618,416,Demand-supply coupling,False,,False,Non-failure,Unclassified,Unclassified,2,0.7774301882892722,257.7385810132255,True,False,False,False,False,"[{""target"":""T2P"",""magnitude"":0.40013686273623217,""start_week"":7,""duration_weeks"":1,""recovery_weeks"":1},{""target"":""demand"",""magnitude"":0.28668034053965524,""start_week"":21,""duration_weeks"":1,""recovery_weeks"":3}]"
A,1618,417,Demand-supply coupling,False,,False,Non-failure,Unclassified,Unclassified,5,0.897152030107321,366.01038391992824,True,True,False,False,False,"[{""target"":""corridor"",""magnitude"":0.3017970436659233,""start_week"":21,""duration_weeks"":2,""recovery_weeks"":1},{""target"":""demand"",""magnitude"":0.16064453219851338,""start_week"":26,""duration_weeks"":12,""recovery_weeks"":2},{""target"":""demand"",""magnitude"":0.0875139389140785,""start_week"":44,""duration_weeks"":1,""recovery_weeks"":4},{""target"":""demand"",""magnitude"":0.1622051220166881,""start_week"":46,""duration_weeks"":1,""recovery_weeks"":1},{""target"":""T2P"",""magnitude"":0.3565875085358528,""start_week"":51,""duration_weeks"":7,""recovery_weeks"":4}]"
A,1618,418,Demand-supply coupling,False,,False,Non-failure,Unclassified,Unclassified,1,0.9308835200327086,66.8234323971883,False,False,False,False,False,"[{""target"":""demand"",""magnitude"":0.07424825821909786,""start_week"":32,""duration_weeks"":3,""recovery_weeks"":4}]"
A,1618,419,Demand-supply coupling,False,,False,Non-failure,Unclassified,Unclassified,6,0.8401739380100037,171.20675765270403,True,False,True,False,False,"[{""target"":""demand"",""magnitude"":0.1902297307252268,""start_week"":7,""duration_weeks"":2,""recovery_weeks"":2},{""target"":""T2P"",""magnitude"":0.2660977103304044,""start_week"":16,""duration_weeks"":1,""recovery_weeks"":1},{""target"":""demand"",""magnitude"":0.25558398071562016,""start_week"":25,""duration_weeks"":2,""recovery_weeks"":2},{""target"":""S1A"",""magnitude"":0.21570832957340652,""start_week"":29,""duration_weeks"":3,""recovery_weeks"":1},{""target"":""demand"",""magnitude"":0.07261913362876297,""start_week"":34,""duration_weeks"":1,""recovery_weeks"":4},{""target"":""T2P"",""magnitude"":0.2322804229732171,""start_week"":42,""duration_weeks"":2,""recovery_weeks"":3}]"
A,1618,420,Demand-supply coupling,False,,False,Non-failure,Unclassified,Unclassified,2,0.8723848401378527,131.65479108713498,False,False,False,True,False,"[{""target"":""demand"",""magnitude"":0.1462831012079277,""start_week"":5,""duration_weeks"":3,""recovery_weeks"":3},{""target"":""S1B"",""magnitude"":0.3681890987548665,""start_week"":34,""duration_weeks"":5,""recovery_weeks"":1}]"
A,1618,421,Demand-supply coupling,False,,False,Non-failure,Unclassified,Unclassified,1,0.8410216351410396,170.12704833576572,False,False,False,False,False,"[{""target"":""demand"",""magnitude"":0.1890300537064062,""start_week"":21,""duration_weeks"":1,""recovery_weeks"":4}]"
A,1618,422,Demand-supply coupling,False,,False,Non-failure,Unclassified,Unclassified,1,1.0,0.0,True,False,False,False,False,"[{""target"":""T2P"",""magnitude"":0.17346966494041516,""start_week"":4,""duration_weeks"":4,""recovery_weeks"":3}]"
A,1618,423,Demand-supply coupling,True,True,True,Structural,Concentrated dependency,Concentrated dependency,3,0.7478406060588126,1563.4011580467488,False,True,False,False,False,"[{""target"":""corridor"",""magnitude"":0.37803169484309684,""start_week"":16,""duration_weeks"":7,""recovery_weeks"":4},{""target"":""demand"",""magnitude"":0.10891420822008603,""start_week"":23,""duration_weeks"":2,""recovery_weeks"":1},{""target"":""corridor"",""magnitude"":0.35453995021375395,""start_week"":48,""duration_weeks"":5,""recovery_weeks"":3}]"
A,1618,424,Demand-supply coupling,False,,False,Non-failure,Unclassified,Unclassified,1,0.9051695798767706,94.28882720796446,False,False,False,False,False,"[{""target"":""demand"",""magnitude"":0.10476536356440487,""start_week"":33,""duration_weeks"":6,""recovery_weeks"":1}]"
A,1618,425,Demand-supply coupling,False,,False,Non-failure,Unclassified,Unclassified,1,0.9794066109656315,37.068100261863265,False,True,False,False,False,"[{""target"":""corridor"",""magnitude"":0.2654450417757763,""start_week"":49,""duration_weeks"":1,""recovery_weeks"":4}]"
A,1618,426,Demand-supply coupling,True,True,True,Structural,Concentrated dependency; Hidden convergent dependency,Hidden convergent dependency,3,0.5377131066647138,1640.9835350419253,True,False,False,False,False,"[{""target"":""T2P"",""magnitude"":0.3945301451528196,""start_week"":32,""duration_weeks"":1,""recovery_weeks"":4},{""target"":""demand"",""magnitude"":0.1530721112818958,""start_week"":33,""duration_weeks"":3,""recovery_weeks"":4},{""target"":""demand"",""magnitude"":0.12227901577131495,""start_week"":36,""duration_weeks"":5,""recovery_weeks"":3}]"
A,1618,427,Demand-supply coupling,False,,False,Non-failure,Unclassified,Unclassified,1,0.8747595176102012,128.85419578943765,False,False,False,False,False,"[{""target"":""demand"",""magnitude"":0.14317132865493082,""start_week"":45,""duration_weeks"":2,""recovery_weeks"":2}]"
A,1618,428,Demand-supply coupling,False,,False,Non-failure,Unclassified,Unclassified,1,1.0,0.0,False,True,False,False,False,"[{""target"":""corridor"",""magnitude"":0.24799193807892791,""start_week"":8,""duration_weeks"":8,""recovery_weeks"":2}]"
A,1618,429,Demand-supply coupling,False,,False,Non-failure,Unclassified,Unclassified,4,0.839037227986649,221.11781267365745,True,True,False,False,False,"[{""target"":""corridor"",""magnitude"":0.22700933257159422,""start_week"":8,""duration_weeks"":5,""recovery_weeks"":1},{""target"":""demand"",""magnitude"":0.09706509738018443,""start_week"":15,""duration_weeks"":1,""recovery_weeks"":1},{""target"":""T2P"",""magnitude"":0.35250263572328316,""start_week"":17,""duration_weeks"":2,""recovery_weeks"":2},{""target"":""demand"",""magnitude"":0.1100820058954193,""start_week"":34,""duration_weeks"":1,""recovery_weeks"":2}]"
A,1618,430,Demand-supply coupling,False,,False,Non-failure,Unclassified,Unclassified,5,0.8995057759743472,100.54943952429596,True,True,False,False,False,"[{""target"":""demand"",""magnitude"":0.11172159947144003,""start_week"":8,""duration_weeks"":1,""recovery_weeks"":4},{""target"":""corridor"",""magnitude"":0.3253799934467239,""start_week"":11,""duration_weeks"":1,""recovery_weeks"":3},{""target"":""demand"",""magnitude"":0.1296370743673172,""start_week"":32,""duration_weeks"":1,""recovery_weeks"":2},{""target"":""corridor"",""magnitude"":0.2627234621134223,""start_week"":38,""duration_weeks"":2,""recovery_weeks"":2},{""target"":""T2P"",""magnitude"":0.3647544050926934,""start_week"":50,""duration_weeks"":3,""recovery_weeks"":2}]"
A,1618,431,Demand-supply coupling,True,True,True,Structural,Concentrated dependency; Propagation-amplified cascade; Recovery lag and temporal overlap,Propagation-amplified cascade,8,0.663964854974404,1004.5555634209202,True,True,False,False,True,"[{""target"":""T2P"",""magnitude"":0.32786364366283227,""start_week"":2,""duration_weeks"":1,""recovery_weeks"":3},{""target"":""demand"",""magnitude"":0.0985298653668541,""start_week"":5,""duration_weeks"":5,""recovery_weeks"":3},{""target"":""corridor"",""magnitude"":0.3514161307351885,""start_week"":12,""duration_weeks"":4,""recovery_weeks"":1},{""target"":""demand"",""magnitude"":0.1427226379652273,""start_week"":22,""duration_weeks"":2,""recovery_weeks"":2},{""target"":""S1C"",""magnitude"":0.3550528903196122,""start_week"":25,""duration_weeks"":2,""recovery_weeks"":2},{""target"":""T2P"",""magnitude"":0.27702214014479654,""start_week"":41,""duration_weeks"":2,""recovery_weeks"":1},{""target"":""T2P"",""magnitude"":0.3106478017161617,""start_week"":44,""duration_weeks"":1,""recovery_weeks"":4},{""target"":""demand"",""magnitude"":0.20479403639834687,""start_week"":47,""duration_weeks"":1,""recovery_weeks"":4}]"
A,1618,432,Demand-supply coupling,False,,False,Non-failure,Unclassified,Unclassified,3,0.9305512751109509,67.16862796484997,True,False,True,False,False,"[{""target"":""T2P"",""magnitude"":0.2111925893616362,""start_week"":1,""duration_weeks"":4,""recovery_weeks"":1},{""target"":""demand"",""magnitude"":0.07463180884983317,""start_week"":13,""duration_weeks"":2,""recovery_weeks"":4},{""target"":""S1A"",""magnitude"":0.47949578793072556,""start_week"":50,""duration_weeks"":6,""recovery_weeks"":4}]"
A,1618,433,Demand-supply coupling,False,,False,Non-failure,Unclassified,Unclassified,2,0.9233500468330187,74.71159836607308,True,False,False,False,False,"[{""target"":""T2P"",""magnitude"":0.18071016404416476,""start_week"":30,""duration_weeks"":1,""recovery_weeks"":4},{""target"":""demand"",""magnitude"":0.08301288707341448,""start_week"":48,""duration_weeks"":2,""recovery_weeks"":1}]"
A,1618,434,Demand-supply coupling,False,,False,Non-failure,Unclassified,Unclassified,1,0.8046576072212558,241.13669075391385,True,False,False,False,False,"[{""target"":""T2P"",""magnitude"":0.41371223025130466,""start_week"":32,""duration_weeks"":1,""recovery_weeks"":3}]"
A,1618,435,Demand-supply coupling,False,,False,Non-failure,Unclassified,Unclassified,2,0.8777337605932298,125.3678739572706,False,False,True,False,False,"[{""target"":""S1A"",""magnitude"":0.1998112187622019,""start_week"":24,""duration_weeks"":1,""recovery_weeks"":2},{""target"":""demand"",""magnitude"":0.13929763773030068,""start_week"":28,""duration_weeks"":2,""recovery_weeks"":1}]"
A,1618,436,Demand-supply coupling,True,True,True,Structural,Hidden convergent dependency; Compounding moderate disturbance,Hidden convergent dependency,5,0.6277389260689769,2222.140084021078,True,False,True,False,False,"[{""target"":""T2P"",""magnitude"":0.1703735500797336,""start_week"":3,""duration_weeks"":4,""recovery_weeks"":3},{""target"":""demand"",""magnitude"":0.2540821951555291,""start_week"":4,""duration_weeks"":2,""recovery_weeks"":2},{""target"":""T2P"",""magnitude"":0.22016623149825026,""start_week"":5,""duration_weeks"":4,""recovery_weeks"":4},{""target"":""demand"",""magnitude"":0.1451517927143974,""start_week"":11,""duration_weeks"":4,""recovery_weeks"":2},{""target"":""S1A"",""magnitude"":0.2434902068170805,""start_week"":26,""duration_weeks"":1,""recovery_weeks"":3}]"
A,1618,437,Demand-supply coupling,True,False,True,Adaptation-limited,Concentrated dependency,Concentrated dependency,5,0.7581550771528417,760.1669331569203,False,True,False,True,False,"[{""target"":""corridor"",""magnitude"":0.3380464028677823,""start_week"":6,""duration_weeks"":2,""recovery_weeks"":1},{""target"":""demand"",""magnitude"":0.16414810475292735,""start_week"":7,""duration_weeks"":2,""recovery_weeks"":1},{""target"":""corridor"",""magnitude"":0.1981552327784573,""start_week"":9,""duration_weeks"":1,""recovery_weeks"":4},{""target"":""demand"",""magnitude"":0.16847514786513074,""start_week"":41,""duration_weeks"":8,""recovery_weeks"":3},{""target"":""S1B"",""magnitude"":0.1864586501992567,""start_week"":48,""duration_weeks"":1,""recovery_weeks"":1}]"
A,1618,438,Demand-supply coupling,False,,False,Non-failure,Unclassified,Unclassified,1,0.8576775373427792,149.3454250747227,False,False,False,False,False,"[{""target"":""demand"",""magnitude"":0.1659393611941361,""start_week"":51,""duration_weeks"":1,""recovery_weeks"":1}]"
A,1618,439,Demand-supply coupling,True,True,True,Structural,Concentrated dependency; Hidden convergent dependency; Propagation-amplified cascade,Hidden convergent dependency,3,0.720779879332872,644.3150701521798,True,False,False,False,False,"[{""target"":""T2P"",""magnitude"":0.35129810860041527,""start_week"":11,""duration_weeks"":3,""recovery_weeks"":4},{""target"":""demand"",""magnitude"":0.13788257067786472,""start_week"":42,""duration_weeks"":1,""recovery_weeks"":2},{""target"":""demand"",""magnitude"":0.1348221616149931,""start_week"":44,""duration_weeks"":2,""recovery_weeks"":2}]"
A,1618,440,Demand-supply coupling,False,,False,Non-failure,Unclassified,Unclassified,4,0.8482481271846349,161.01030011953162,False,True,False,False,True,"[{""target"":""demand"",""magnitude"":0.17890033346614603,""start_week"":6,""duration_weeks"":1,""recovery_weeks"":4},{""target"":""S1C"",""magnitude"":0.30330939861832396,""start_week"":25,""duration_weeks"":3,""recovery_weeks"":1},{""target"":""demand"",""magnitude"":0.09716243585361266,""start_week"":33,""duration_weeks"":1,""recovery_weeks"":2},{""target"":""corridor"",""magnitude"":0.2652487212113043,""start_week"":44,""duration_weeks"":1,""recovery_weeks"":1}]"
A,1618,441,Demand-supply coupling,False,,False,Non-failure,Unclassified,Unclassified,1,1.0,0.0,True,False,False,False,False,"[{""target"":""T2P"",""magnitude"":0.3841887005215653,""start_week"":31,""duration_weeks"":1,""recovery_weeks"":1}]"
A,1618,442,Demand-supply coupling,False,,False,Non-failure,Unclassified,Unclassified,1,0.8520214135039484,156.3114796595769,False,False,False,False,False,"[{""target"":""demand"",""magnitude"":0.1736794218439744,""start_week"":18,""duration_weeks"":1,""recovery_weeks"":4}]"
A,1618,443,Demand-supply coupling,True,True,False,Structural,Concentrated dependency,Concentrated dependency,4,0.7519649071826383,395.28422276166805,False,True,False,False,False,"[{""target"":""demand"",""magnitude"":0.19706683139422249,""start_week"":9,""duration_weeks"":6,""recovery_weeks"":4},{""target"":""corridor"",""magnitude"":0.4360263196130213,""start_week"":30,""duration_weeks"":1,""recovery_weeks"":3},{""target"":""demand"",""magnitude"":0.13666572232909305,""start_week"":34,""duration_weeks"":1,""recovery_weeks"":1},{""target"":""corridor"",""magnitude"":0.2709932503936865,""start_week"":43,""duration_weeks"":1,""recovery_weeks"":1}]"
A,1618,444,Demand-supply coupling,True,True,False,Structural,Hidden convergent dependency; Compounding moderate disturbance; Recovery lag and temporal overlap,Hidden convergent dependency,3,0.6902501117552995,395.46518498505,True,True,False,False,False,"[{""target"":""T2P"",""magnitude"":0.3787748994202304,""start_week"":4,""duration_weeks"":1,""recovery_weeks"":1},{""target"":""demand"",""magnitude"":0.24328632563588265,""start_week"":5,""duration_weeks"":1,""recovery_weeks"":1},{""target"":""corridor"",""magnitude"":0.33011419354557625,""start_week"":29,""duration_weeks"":4,""recovery_weeks"":4}]"
A,1618,445,Demand-supply coupling,False,,False,Non-failure,Unclassified,Unclassified,3,0.8934508678408939,212.4451712310588,False,True,False,False,False,"[{""target"":""corridor"",""magnitude"":0.23354986200804917,""start_week"":11,""duration_weeks"":1,""recovery_weeks"":4},{""target"":""demand"",""magnitude"":0.11925572630153901,""start_week"":12,""duration_weeks"":2,""recovery_weeks"":4},{""target"":""corridor"",""magnitude"":0.1618976937035447,""start_week"":35,""duration_weeks"":6,""recovery_weeks"":2}]"
A,1618,446,Demand-supply coupling,False,,False,Non-failure,Unclassified,Unclassified,0,1.0,0.0,False,False,False,False,False,[]
A,1618,447,Demand-supply coupling,False,,False,Non-failure,Unclassified,Unclassified,4,0.9123765165724463,552.0279455935876,True,True,False,False,True,"[{""target"":""corridor"",""magnitude"":0.3157176125706652,""start_week"":19,""duration_weeks"":6,""recovery_weeks"":3},{""target"":""S1C"",""magnitude"":0.23191836905170432,""start_week"":29,""duration_weeks"":2,""recovery_weeks"":4},{""target"":""demand"",""magnitude"":0.08406847118621039,""start_week"":33,""duration_weeks"":8,""recovery_weeks"":4},{""target"":""T2P"",""magnitude"":0.3754678603221391,""start_week"":48,""duration_weeks"":3,""recovery_weeks"":4}]"
A,1618,448,Demand-supply coupling,False,,False,Non-failure,Unclassified,Unclassified,2,0.9171318407730925,149.16268660843343,False,True,False,False,False,"[{""target"":""corridor"",""magnitude"":0.3121511194201806,""start_week"":33,""duration_weeks"":1,""recovery_weeks"":3},{""target"":""demand"",""magnitude"":0.10274630590954496,""start_week"":40,""duration_weeks"":1,""recovery_weeks"":1}]"
A,1618,449,Demand-supply coupling,False,,False,Non-failure,Unclassified,Unclassified,1,0.9328662915454949,140.9807877544605,False,False,False,True,False,"[{""target"":""S1B"",""magnitude"":0.40105084402263613,""start_week"":21,""duration_weeks"":4,""recovery_weeks"":3}]"
A,1618,450,Demand-supply coupling,False,,False,Non-failure,Unclassified,Unclassified,3,0.8696541321694418,180.86836923663668,False,True,True,False,False,"[{""target"":""S1A"",""magnitude"":0.2531539524498737,""start_week"":26,""duration_weeks"":4,""recovery_weeks"":3},{""target"":""demand"",""magnitude"":0.14827056690285112,""start_week"":28,""duration_weeks"":5,""recovery_weeks"":3},{""target"":""corridor"",""magnitude"":0.25550095062839856,""start_week"":41,""duration_weeks"":1,""recovery_weeks"":2}]"
A,1618,451,Demand-supply coupling,False,,False,Non-failure,Unclassified,Unclassified,1,0.9266996620813822,131.94060825351198,False,True,False,False,False,"[{""target"":""corridor"",""magnitude"":0.3049752534389633,""start_week"":49,""duration_weeks"":7,""recovery_weeks"":1}]"
A,1618,452,Demand-supply coupling,False,,False,Non-failure,Unclassified,Unclassified,2,0.8542026422037349,398.09211245377605,False,True,False,False,False,"[{""target"":""demand"",""magnitude"":0.17068240086465458,""start_week"":19,""duration_weeks"":1,""recovery_weeks"":2},{""target"":""corridor"",""magnitude"":0.31396424067794826,""start_week"":28,""duration_weeks"":7,""recovery_weeks"":1}]"
A,1618,453,Demand-supply coupling,True,True,True,Structural,Concentrated dependency; Hidden convergent dependency; Recovery lag and temporal overlap,Hidden convergent dependency,4,0.7503097894009857,932.3417155358629,True,True,False,False,True,"[{""target"":""S1C"",""magnitude"":0.263613540327293,""start_week"":7,""duration_weeks"":3,""recovery_weeks"":1},{""target"":""corridor"",""magnitude"":0.18142625267858026,""start_week"":14,""duration_weeks"":4,""recovery_weeks"":2},{""target"":""demand"",""magnitude"":0.17073493981545557,""start_week"":15,""duration_weeks"":3,""recovery_weeks"":3},{""target"":""T2P"",""magnitude"":0.3247211895391129,""start_week"":18,""duration_weeks"":3,""recovery_weeks"":3}]"
A,1618,454,Demand-supply coupling,False,,False,Non-failure,Unclassified,Unclassified,1,1.0,0.0,False,True,False,False,False,"[{""target"":""corridor"",""magnitude"":0.24267829189167284,""start_week"":14,""duration_weeks"":3,""recovery_weeks"":3}]"
A,1618,455,Demand-supply coupling,False,,False,Non-failure,Unclassified,Unclassified,3,0.9049050427603106,121.67645105152269,False,True,False,False,True,"[{""target"":""corridor"",""magnitude"":0.30069852127146773,""start_week"":8,""duration_weeks"":1,""recovery_weeks"":4},{""target"":""demand"",""magnitude"":0.12196942592707773,""start_week"":12,""duration_weeks"":22,""recovery_weeks"":2},{""target"":""S1C"",""magnitude"":0.4819818268946505,""start_week"":49,""duration_weeks"":2,""recovery_weeks"":2}]"
A,1618,456,Demand-supply coupling,False,,False,Non-failure,Unclassified,Unclassified,4,0.9087890506015347,1143.166178946151,False,False,False,False,True,"[{""target"":""S1C"",""magnitude"":0.40114179811106987,""start_week"":5,""duration_weeks"":1,""recovery_weeks"":3},{""target"":""demand"",""magnitude"":0.15734878383939077,""start_week"":21,""duration_weeks"":3,""recovery_weeks"":4},{""target"":""S1C"",""magnitude"":0.23810773560730347,""start_week"":30,""duration_weeks"":2,""recovery_weeks"":4},{""target"":""demand"",""magnitude"":0.22262818899023679,""start_week"":37,""duration_weeks"":22,""recovery_weeks"":1}]"
A,1618,457,Demand-supply coupling,True,True,True,Structural,Compounding moderate disturbance,Compounding moderate disturbance,5,0.45471667747305416,2083.3122615594034,True,True,False,False,False,"[{""target"":""T2P"",""magnitude"":0.240588571089988,""start_week"":5,""duration_weeks"":1,""recovery_weeks"":1},{""target"":""demand"",""magnitude"":0.15078770968731248,""start_week"":10,""duration_weeks"":4,""recovery_weeks"":3},{""target"":""T2P"",""magnitude"":0.4736617118996128,""start_week"":11,""duration_weeks"":1,""recovery_weeks"":1},{""target"":""demand"",""magnitude"":0.21628006723133691,""start_week"":15,""duration_weeks"":1,""recovery_weeks"":3},{""target"":""corridor"",""magnitude"":0.4751627869358127,""start_week"":22,""duration_weeks"":3,""recovery_weeks"":4}]"
A,1618,458,Demand-supply coupling,True,True,True,Structural,Concentrated dependency,Concentrated dependency,3,0.6217395814410549,1851.3727162649786,False,True,False,False,False,"[{""target"":""corridor"",""magnitude"":0.44696446619431396,""start_week"":16,""duration_weeks"":4,""recovery_weeks"":2},{""target"":""demand"",""magnitude"":0.1859960886386376,""start_week"":17,""duration_weeks"":2,""recovery_weeks"":3},{""target"":""corridor"",""magnitude"":0.4006045687029701,""start_week"":41,""duration_weeks"":2,""recovery_weeks"":2}]"
A,1618,459,Demand-supply coupling,False,,False,Non-failure,Unclassified,Unclassified,2,0.8093860833684989,429.1015757283367,False,False,False,True,False,"[{""target"":""S1B"",""magnitude"":0.2996646016449985,""start_week"":28,""duration_weeks"":3,""recovery_weeks"":1},{""target"":""demand"",""magnitude"":0.20823283697120532,""start_week"":29,""duration_weeks"":3,""recovery_weeks"":1}]"
A,1618,460,Demand-supply coupling,False,,False,Non-failure,Unclassified,Unclassified,1,0.8406768611418991,170.56592324608755,False,False,False,False,False,"[{""target"":""demand"",""magnitude"":0.18951769249565248,""start_week"":38,""duration_weeks"":1,""recovery_weeks"":3}]"
A,1618,461,Demand-supply coupling,True,True,True,Structural,Concentrated dependency,Concentrated dependency,8,0.6862332353045638,1199.0672639082322,True,True,False,True,True,"[{""target"":""T2P"",""magnitude"":0.18086857167331208,""start_week"":2,""duration_weeks"":1,""recovery_weeks"":1},{""target"":""S1B"",""magnitude"":0.27981572701219043,""start_week"":10,""duration_weeks"":10,""recovery_weeks"":3},{""target"":""demand"",""magnitude"":0.0934313482085331,""start_week"":14,""duration_weeks"":2,""recovery_weeks"":4},{""target"":""T2P"",""magnitude"":0.2608802726098803,""start_week"":22,""duration_weeks"":2,""recovery_weeks"":3},{""target"":""demand"",""magnitude"":0.19674201028764393,""start_week"":23,""duration_weeks"":5,""recovery_weeks"":4},{""target"":""corridor"",""magnitude"":0.3479323294068114,""start_week"":27,""duration_weeks"":1,""recovery_weeks"":1},{""target"":""demand"",""magnitude"":0.10932942185541353,""start_week"":41,""duration_weeks"":6,""recovery_weeks"":3},{""target"":""S1C"",""magnitude"":0.26819298427182514,""start_week"":43,""duration_weeks"":2,""recovery_weeks"":2}]"
A,1618,462,Demand-supply coupling,True,True,False,Structural,Concentrated dependency,Concentrated dependency,3,0.788078230693301,895.2900187168399,False,False,False,False,True,"[{""target"":""demand"",""magnitude"":0.19597312507161008,""start_week"":22,""duration_weeks"":4,""recovery_weeks"":3},{""target"":""S1C"",""magnitude"":0.5234626584961412,""start_week"":34,""duration_weeks"":8,""recovery_weeks"":4},{""target"":""demand"",""magnitude"":0.2331173455681858,""start_week"":41,""duration_weeks"":3,""recovery_weeks"":2}]"
A,1618,463,Demand-supply coupling,False,,False,Non-failure,Unclassified,Unclassified,3,0.9031496188841941,156.28452143065897,False,True,False,False,True,"[{""target"":""corridor"",""magnitude"":0.19447776586113408,""start_week"":10,""duration_weeks"":6,""recovery_weeks"":3},{""target"":""S1C"",""magnitude"":0.22504782595150255,""start_week"":12,""duration_weeks"":1,""recovery_weeks"":2},{""target"":""demand"",""magnitude"":0.10723625309775434,""start_week"":15,""duration_weeks"":3,""recovery_weeks"":2}]"
A,1618,464,Demand-supply coupling,False,,False,Non-failure,Unclassified,Unclassified,2,0.9158123438017237,75.76889057844869,False,True,False,False,False,"[{""target"":""demand"",""magnitude"":0.08135760521019746,""start_week"":9,""duration_weeks"":2,""recovery_weeks"":1},{""target"":""corridor"",""magnitude"":0.3425885749820016,""start_week"":43,""duration_weeks"":1,""recovery_weeks"":1}]"
A,1618,465,Demand-supply coupling,True,True,True,Structural,Concentrated dependency; Hidden convergent dependency,Hidden convergent dependency,5,0.6056383165407467,3503.225069513782,True,False,False,True,False,"[{""target"":""S1B"",""magnitude"":0.4737169353525198,""start_week"":3,""duration_weeks"":14,""recovery_weeks"":1},{""target"":""demand"",""magnitude"":0.12244965169038642,""start_week"":10,""duration_weeks"":5,""recovery_weeks"":1},{""target"":""T2P"",""magnitude"":0.3297950054292993,""start_week"":29,""duration_weeks"":8,""recovery_weeks"":3},{""target"":""demand"",""magnitude"":0.22956589081590323,""start_week"":39,""duration_weeks"":12,""recovery_weeks"":1},{""target"":""S1B"",""magnitude"":0.2878861672629656,""start_week"":45,""duration_weeks"":12,""recovery_weeks"":3}]"
A,1618,466,Demand-supply coupling,True,True,True,Structural,Hidden convergent dependency; Compounding moderate disturbance; Recovery lag and temporal overlap,Hidden convergent dependency,4,0.7234567012181076,1040.9033943928393,True,False,False,True,False,"[{""target"":""T2P"",""magnitude"":0.27668198506562813,""start_week"":2,""duration_weeks"":1,""recovery_weeks"":4},{""target"":""demand"",""magnitude"":0.21713267530798885,""start_week"":5,""duration_weeks"":5,""recovery_weeks"":2},{""target"":""S1B"",""magnitude"":0.3350478787851455,""start_week"":21,""duration_weeks"":6,""recovery_weeks"":2},{""target"":""demand"",""magnitude"":0.2723812091087804,""start_week"":34,""duration_weeks"":5,""recovery_weeks"":2}]"
A,1618,467,Demand-supply coupling,True,True,True,Structural,Concentrated dependency,Concentrated dependency,4,0.5690518593033066,1497.6151995920504,False,True,False,False,False,"[{""target"":""corridor"",""magnitude"":0.506066465095785,""start_week"":8,""duration_weeks"":3,""recovery_weeks"":4},{""target"":""demand"",""magnitude"":0.13904824478526887,""start_week"":31,""duration_weeks"":1,""recovery_weeks"":3},{""target"":""corridor"",""magnitude"":0.4926683550752372,""start_week"":46,""duration_weeks"":3,""recovery_weeks"":4},{""target"":""demand"",""magnitude"":0.18871800904260128,""start_week"":50,""duration_weeks"":12,""recovery_weeks"":2}]"
A,1618,468,Demand-supply coupling,False,,False,Non-failure,Unclassified,Unclassified,4,0.9173499388396298,81.08689159387109,True,False,False,False,False,"[{""target"":""T2P"",""magnitude"":0.26789552054550964,""start_week"":8,""duration_weeks"":1,""recovery_weeks"":1},{""target"":""demand"",""magnitude"":0.09009654621541219,""start_week"":21,""duration_weeks"":1,""recovery_weeks"":2},{""target"":""T2P"",""magnitude"":0.16241648445003729,""start_week"":25,""duration_weeks"":1,""recovery_weeks"":2},{""target"":""demand"",""magnitude"":0.1455951660971746,""start_week"":39,""duration_weeks"":6,""recovery_weeks"":3}]"
A,1618,469,Demand-supply coupling,False,,False,Non-failure,Unclassified,Unclassified,3,0.7966053705730806,183.05516648422747,True,False,True,False,False,"[{""target"":""T2P"",""magnitude"":0.49152758324211376,""start_week"":27,""duration_weeks"":1,""recovery_weeks"":1},{""target"":""S1A"",""magnitude"":0.4695267982179584,""start_week"":38,""duration_weeks"":1,""recovery_weeks"":3},{""target"":""demand"",""magnitude"":0.11025762403249002,""start_week"":51,""duration_weeks"":4,""recovery_weeks"":1}]"
A,1618,470,Demand-supply coupling,False,,False,Non-failure,Unclassified,Unclassified,0,1.0,0.0,False,False,False,False,False,[]
A,1618,471,Demand-supply coupling,True,True,True,Structural,Concentrated dependency,Concentrated dependency,3,0.8116562098218701,902.3490353243442,False,True,False,False,False,"[{""target"":""corridor"",""magnitude"":0.288314543533037,""start_week"":17,""duration_weeks"":2,""recovery_weeks"":4},{""target"":""demand"",""magnitude"":0.23907609167033944,""start_week"":34,""duration_weeks"":1,""recovery_weeks"":4},{""target"":""corridor"",""magnitude"":0.3912578426335973,""start_week"":42,""duration_weeks"":5,""recovery_weeks"":3}]"
A,1618,472,Demand-supply coupling,False,,False,Non-failure,Unclassified,Unclassified,2,0.9430177442468833,54.38288991980926,True,False,False,False,False,"[{""target"":""T2P"",""magnitude"":0.2815365250041433,""start_week"":13,""duration_weeks"":1,""recovery_weeks"":2},{""target"":""demand"",""magnitude"":0.06042543324423236,""start_week"":43,""duration_weeks"":5,""recovery_weeks"":4}]"
A,1618,473,Demand-supply coupling,True,True,False,Structural,Concentrated dependency,Concentrated dependency,4,0.7949500102409591,397.0960537013641,False,True,True,False,False,"[{""target"":""S1A"",""magnitude"":0.5314977848745033,""start_week"":10,""duration_weeks"":2,""recovery_weeks"":1},{""target"":""demand"",""magnitude"":0.10055961018721124,""start_week"":12,""duration_weeks"":1,""recovery_weeks"":4},{""target"":""corridor"",""magnitude"":0.324140742433794,""start_week"":14,""duration_weeks"":1,""recovery_weeks"":2},{""target"":""demand"",""magnitude"":0.1515991324869379,""start_week"":33,""duration_weeks"":1,""recovery_weeks"":1}]"
A,1618,474,Demand-supply coupling,True,True,True,Structural,Concentrated dependency; Hidden convergent dependency,Hidden convergent dependency,4,0.7716268936262715,1231.2188243863072,True,False,False,False,True,"[{""target"":""S1C"",""magnitude"":0.4612071765413699,""start_week"":10,""duration_weeks"":7,""recovery_weeks"":2},{""target"":""demand"",""magnitude"":0.11373124458367352,""start_week"":23,""duration_weeks"":1,""recovery_weeks"":4},{""target"":""T2P"",""magnitude"":0.22288214796214878,""start_week"":32,""duration_weeks"":9,""recovery_weeks"":4},{""target"":""demand"",""magnitude"":0.15869048832516172,""start_week"":37,""duration_weeks"":2,""recovery_weeks"":4}]"
A,1618,475,Demand-supply coupling,False,,False,Non-failure,Unclassified,Unclassified,4,0.8181748717770903,163.64261540061875,True,True,False,False,False,"[{""target"":""demand"",""magnitude"":0.1239221267682566,""start_week"":5,""duration_weeks"":5,""recovery_weeks"":2},{""target"":""T2P"",""magnitude"":0.3795660579354394,""start_week"":13,""duration_weeks"":2,""recovery_weeks"":1},{""target"":""demand"",""magnitude"":0.16382774886166887,""start_week"":36,""duration_weeks"":4,""recovery_weeks"":4},{""target"":""corridor"",""magnitude"":0.3713586322745982,""start_week"":50,""duration_weeks"":3,""recovery_weeks"":4}]"
A,1618,476,Demand-supply coupling,False,,False,Non-failure,Unclassified,Unclassified,0,1.0,0.0,False,False,False,False,False,[]
A,1618,477,Demand-supply coupling,True,True,True,Structural,Concentrated dependency; Hidden convergent dependency; Propagation-amplified cascade,Hidden convergent dependency,4,0.8060670862120375,911.8434253949828,True,False,False,False,False,"[{""target"":""T2P"",""magnitude"":0.2745396224091662,""start_week"":13,""duration_weeks"":4,""recovery_weeks"":2},{""target"":""T2P"",""magnitude"":0.2479762861227749,""start_week"":20,""duration_weeks"":3,""recovery_weeks"":4},{""target"":""demand"",""magnitude"":0.1921757640628185,""start_week"":35,""duration_weeks"":3,""recovery_weeks"":4},{""target"":""T2P"",""magnitude"":0.19216888219833475,""start_week"":46,""duration_weeks"":1,""recovery_weeks"":3}]"
A,1618,478,Demand-supply coupling,False,,False,Non-failure,Unclassified,Unclassified,2,0.8951965390920338,105.3658171118916,False,False,False,True,False,"[{""target"":""demand"",""magnitude"":0.11707313012432405,""start_week"":9,""duration_weeks"":3,""recovery_weeks"":1},{""target"":""S1B"",""magnitude"":0.3255172329335032,""start_week"":49,""duration_weeks"":2,""recovery_weeks"":2}]"
A,1618,479,Demand-supply coupling,True,True,False,Structural,Concentrated dependency,Concentrated dependency,1,0.8897230122897587,231.58167419150675,False,False,False,True,False,"[{""target"":""S1B"",""magnitude"":0.49812322234804285,""start_week"":25,""duration_weeks"":2,""recovery_weeks"":3}]"
A,1618,480,Demand-supply coupling,False,,False,Non-failure,Unclassified,Unclassified,2,0.8497750019123745,159.10387805548135,False,True,False,False,False,"[{""target"":""corridor"",""magnitude"":0.2312173149188832,""start_week"":1,""duration_weeks"":7,""recovery_weeks"":1},{""target"":""demand"",""magnitude"":0.17678208672831247,""start_week"":10,""duration_weeks"":1,""recovery_weeks"":1}]"
A,1618,481,Demand-supply coupling,True,True,True,Structural,Concentrated dependency,Concentrated dependency,5,0.40870165557252963,3695.739193569716,False,True,False,True,False,"[{""target"":""demand"",""magnitude"":0.17563108328860177,""start_week"":15,""duration_weeks"":1,""recovery_weeks"":1},{""target"":""corridor"",""magnitude"":0.6138685794943238,""start_week"":33,""duration_weeks"":5,""recovery_weeks"":3},{""target"":""demand"",""magnitude"":0.2597010239323648,""start_week"":35,""duration_weeks"":4,""recovery_weeks"":1},{""target"":""S1B"",""magnitude"":0.34659708075367157,""start_week"":49,""duration_weeks"":2,""recovery_weeks"":2},{""target"":""S1B"",""magnitude"":0.22670061590366458,""start_week"":51,""duration_weeks"":2,""recovery_weeks"":3}]"
A,1618,482,Demand-supply coupling,True,True,False,Structural,Concentrated dependency; Hidden convergent dependency; Propagation-amplified cascade,Hidden convergent dependency,4,0.7991455829490567,571.7931689723263,True,False,False,True,False,"[{""target"":""T2P"",""magnitude"":0.280768975345849,""start_week"":3,""duration_weeks"":5,""recovery_weeks"":3},{""target"":""demand"",""magnitude"":0.1482958590029077,""start_week"":21,""duration_weeks"":3,""recovery_weeks"":4},{""target"":""S1B"",""magnitude"":0.45356440408231424,""start_week"":34,""duration_weeks"":1,""recovery_weeks"":2},{""target"":""demand"",""magnitude"":0.1500838990913716,""start_week"":50,""duration_weeks"":1,""recovery_weeks"":1}]"
A,1618,483,Demand-supply coupling,True,True,False,Structural,Hidden convergent dependency; Compounding moderate disturbance,Hidden convergent dependency,4,0.7142122316603265,582.810694202943,True,False,True,False,False,"[{""target"":""S1A"",""magnitude"":0.21106947859791123,""start_week"":9,""duration_weeks"":5,""recovery_weeks"":1},{""target"":""demand"",""magnitude"":0.2110753434850487,""start_week"":22,""duration_weeks"":5,""recovery_weeks"":3},{""target"":""demand"",""magnitude"":0.11593834742865297,""start_week"":44,""duration_weeks"":8,""recovery_weeks"":1},{""target"":""T2P"",""magnitude"":0.2826848642388804,""start_week"":45,""duration_weeks"":4,""recovery_weeks"":3}]"
A,1618,484,Demand-supply coupling,True,True,False,Structural,Concentrated dependency,Concentrated dependency,1,0.8691841209428426,274.7133460200306,False,False,False,True,False,"[{""target"":""S1B"",""magnitude"":0.5443357278786042,""start_week"":21,""duration_weeks"":3,""recovery_weeks"":4}]"
A,1618,485,Demand-supply coupling,False,,False,Non-failure,Unclassified,Unclassified,2,0.9073081902756353,166.8452575038566,False,False,False,False,True,"[{""target"":""S1C"",""magnitude"":0.4585565718798207,""start_week"":29,""duration_weeks"":1,""recovery_weeks"":3},{""target"":""demand"",""magnitude"":0.17695870617288073,""start_week"":48,""duration_weeks"":2,""recovery_weeks"":2}]"
A,1618,486,Demand-supply coupling,False,,False,Non-failure,Unclassified,Unclassified,2,0.8833265602806565,187.73447679239268,True,False,False,False,False,"[{""target"":""T2P"",""magnitude"":0.36545676208996686,""start_week"":12,""duration_weeks"":1,""recovery_weeks"":4},{""target"":""demand"",""magnitude"":0.15052142964317838,""start_week"":43,""duration_weeks"":3,""recovery_weeks"":4}]"
A,1618,487,Demand-supply coupling,True,True,False,Structural,Concentrated dependency; Hidden convergent dependency; Propagation-amplified cascade,Hidden convergent dependency,2,0.7521516167339742,453.78595222740455,True,False,False,False,False,"[{""target"":""T2P"",""magnitude"":0.48459531740913475,""start_week"":36,""duration_weeks"":1,""recovery_weeks"":3},{""target"":""demand"",""magnitude"":0.123771942703624,""start_week"":46,""duration_weeks"":12,""recovery_weeks"":3}]"
A,1618,488,Demand-supply coupling,False,,False,Non-failure,Unclassified,Unclassified,1,1.0,0.0,True,False,False,False,False,"[{""target"":""T2P"",""magnitude"":0.18179277973527241,""start_week"":30,""duration_weeks"":1,""recovery_weeks"":2}]"
A,1618,489,Demand-supply coupling,False,,False,Non-failure,Unclassified,Unclassified,2,0.9627389352823538,78.24823590705728,False,False,True,False,False,"[{""target"":""S1A"",""magnitude"":0.333837395614704,""start_week"":38,""duration_weeks"":2,""recovery_weeks"":2},{""target"":""demand"",""magnitude"":0.10246765387347838,""start_week"":46,""duration_weeks"":8,""recovery_weeks"":2}]"
A,1618,490,Demand-supply coupling,True,True,True,Structural,Concentrated dependency; Hidden convergent dependency; Propagation-amplified cascade,Hidden convergent dependency,3,0.5614493795045098,878.7822337837645,True,False,True,False,False,"[{""target"":""T2P"",""magnitude"":0.49469555844594115,""start_week"":3,""duration_weeks"":2,""recovery_weeks"":3},{""target"":""demand"",""magnitude"":0.07290929645495706,""start_week"":37,""duration_weeks"":3,""recovery_weeks"":1},{""target"":""S1A"",""magnitude"":0.3473521516301672,""start_week"":45,""duration_weeks"":2,""recovery_weeks"":3}]"
A,1618,491,Demand-supply coupling,True,True,False,Structural,Concentrated dependency; Hidden convergent dependency; Recovery lag and temporal overlap,Hidden convergent dependency,4,0.5615924050621486,946.5482772721798,True,False,False,False,False,"[{""target"":""T2P"",""magnitude"":0.30506172115470725,""start_week"":28,""duration_weeks"":1,""recovery_weeks"":2},{""target"":""demand"",""magnitude"":0.1251952973457069,""start_week"":38,""duration_weeks"":3,""recovery_weeks"":3},{""target"":""T2P"",""magnitude"":0.4397286407490759,""start_week"":41,""duration_weeks"":1,""recovery_weeks"":4},{""target"":""demand"",""magnitude"":0.1084974207087705,""start_week"":45,""duration_weeks"":1,""recovery_weeks"":2}]"
A,1618,492,Demand-supply coupling,False,,False,Non-failure,Unclassified,Unclassified,2,0.8126123459622545,207.53916608818622,True,False,False,False,False,"[{""target"":""T2P"",""magnitude"":0.35478207444938004,""start_week"":2,""duration_weeks"":1,""recovery_weeks"":1},{""target"":""demand"",""magnitude"":0.2305990734313182,""start_week"":50,""duration_weeks"":2,""recovery_weeks"":2}]"
A,1618,493,Demand-supply coupling,False,,False,Non-failure,Unclassified,Unclassified,1,0.9280059835909037,129.5892295363733,False,True,False,False,False,"[{""target"":""corridor"",""magnitude"":0.3039955123068222,""start_week"":36,""duration_weeks"":1,""recovery_weeks"":3}]"
A,1618,494,Demand-supply coupling,True,True,True,Structural,Concentrated dependency,Concentrated dependency,4,0.7409141250037548,2264.1248335131745,False,True,True,False,False,"[{""target"":""S1A"",""magnitude"":0.26973209234412054,""start_week"":1,""duration_weeks"":1,""recovery_weeks"":4},{""target"":""demand"",""magnitude"":0.20325224950366177,""start_week"":17,""duration_weeks"":1,""recovery_weeks"":3},{""target"":""demand"",""magnitude"":0.2014463088017145,""start_week"":23,""duration_weeks"":2,""recovery_weeks"":2},{""target"":""corridor"",""magnitude"":0.4443144062471839,""start_week"":39,""duration_weeks"":9,""recovery_weeks"":3}]"
A,1618,495,Demand-supply coupling,False,,False,Non-failure,Unclassified,Unclassified,0,1.0,0.0,False,False,False,False,False,[]
A,1618,496,Demand-supply coupling,False,,False,Non-failure,Unclassified,Unclassified,1,0.9471491099113716,95.13160215953121,False,False,False,True,False,"[{""target"":""S1B"",""magnitude"":0.36891450269941406,""start_week"":49,""duration_weeks"":1,""recovery_weeks"":4}]"
A,1618,497,Demand-supply coupling,False,,False,Non-failure,Unclassified,Unclassified,2,0.9092781671572263,163.29929911699264,False,False,True,False,False,"[{""target"":""S1A"",""magnitude"":0.4541241238962409,""start_week"":12,""duration_weeks"":1,""recovery_weeks"":3},{""target"":""demand"",""magnitude"":0.22692842939042368,""start_week"":48,""duration_weeks"":6,""recovery_weeks"":4}]"
A,1618,498,Demand-supply coupling,True,True,True,Structural,Concentrated dependency; Hidden convergent dependency; Recovery lag and temporal overlap,Hidden convergent dependency,6,0.626831301262178,2434.9279004268406,True,True,False,False,False,"[{""target"":""corridor"",""magnitude"":0.21380716361767924,""start_week"":4,""duration_weeks"":4,""recovery_weeks"":4},{""target"":""T2P"",""magnitude"":0.33343854403826434,""start_week"":10,""duration_weeks"":5,""recovery_weeks"":3},{""target"":""demand"",""magnitude"":0.11445306858991505,""start_week"":13,""duration_weeks"":6,""recovery_weeks"":2},{""target"":""T2P"",""magnitude"":0.43585182886403984,""start_week"":24,""duration_weeks"":1,""recovery_weeks"":4},{""target"":""T2P"",""magnitude"":0.16697983090588042,""start_week"":32,""duration_weeks"":8,""recovery_weeks"":2},{""target"":""demand"",""magnitude"":0.2474998942546474,""start_week"":51,""duration_weeks"":5,""recovery_weeks"":3}]"
A,1618,499,Demand-supply coupling,False,,False,Non-failure,Unclassified,Unclassified,3,0.898178423539562,193.93600152728982,False,False,True,False,False,"[{""target"":""demand"",""magnitude"":0.11336453180335523,""start_week"":30,""duration_weeks"":5,""recovery_weeks"":1},{""target"":""demand"",""magnitude"":0.16987456756741182,""start_week"":35,""duration_weeks"":4,""recovery_weeks"":1},{""target"":""S1A"",""magnitude"":0.41987898075329344,""start_week"":43,""duration_weeks"":1,""recovery_weeks"":4}]"
A,1618,500,Demand-supply coupling,False,,False,Non-failure,Unclassified,Unclassified,1,1.0,0.0,False,False,False,False,True,"[{""target"":""S1C"",""magnitude"":0.17214912882456224,""start_week"":18,""duration_weeks"":1,""recovery_weeks"":4}]"
A,1618,501,Demand-supply coupling,True,True,True,Structural,Concentrated dependency; Hidden convergent dependency; Propagation-amplified cascade,Hidden convergent dependency,2,0.6740201719801497,1085.1804097999652,True,False,False,False,False,"[{""target"":""demand"",""magnitude"":0.09251062110575829,""start_week"":18,""duration_weeks"":1,""recovery_weeks"":2},{""target"":""T2P"",""magnitude"":0.39338184521786523,""start_week"":21,""duration_weeks"":5,""recovery_weeks"":1}]"
A,1618,502,Demand-supply coupling,False,,False,Non-failure,Unclassified,Unclassified,3,0.7809904054430664,268.9987280597463,True,False,False,False,False,"[{""target"":""demand"",""magnitude"":0.1546630789431678,""start_week"":8,""duration_weeks"":2,""recovery_weeks"":4},{""target"":""T2P"",""magnitude"":0.34378018591701226,""start_week"":23,""duration_weeks"":3,""recovery_weeks"":2},{""target"":""demand"",""magnitude"":0.181355096558107,""start_week"":50,""duration_weeks"":1,""recovery_weeks"":3}]"
A,1618,503,Demand-supply coupling,True,True,True,Structural,Concentrated dependency; Hidden convergent dependency; Propagation-amplified cascade,Hidden convergent dependency,5,0.440257864997253,5042.653372090008,True,False,False,False,False,"[{""target"":""T2P"",""magnitude"":0.432514203674764,""start_week"":14,""duration_weeks"":9,""recovery_weeks"":3},{""target"":""T2P"",""magnitude"":0.20392288128872585,""start_week"":29,""duration_weeks"":1,""recovery_weeks"":1},{""target"":""T2P"",""magnitude"":0.23055746219112958,""start_week"":32,""duration_weeks"":6,""recovery_weeks"":4},{""target"":""T2P"",""magnitude"":0.4850400659861207,""start_week"":38,""duration_weeks"":1,""recovery_weeks"":2},{""target"":""demand"",""magnitude"":0.1824844382498934,""start_week"":44,""duration_weeks"":1,""recovery_weeks"":2}]"
A,1618,504,Demand-supply coupling,False,,False,Non-failure,Unclassified,Unclassified,2,0.9041617816293781,95.3970830066736,False,False,False,False,False,"[{""target"":""demand"",""magnitude"":0.10599675889630403,""start_week"":7,""duration_weeks"":1,""recovery_weeks"":3},{""target"":""demand"",""magnitude"":0.18448102524192506,""start_week"":31,""duration_weeks"":3,""recovery_weeks"":3}]"
A,1618,505,Demand-supply coupling,False,,False,Non-failure,Unclassified,Unclassified,4,0.8607639713337435,219.43226277610302,True,False,False,False,True,"[{""target"":""demand"",""magnitude"":0.1617586624246273,""start_week"":5,""duration_weeks"":8,""recovery_weeks"":4},{""target"":""S1C"",""magnitude"":0.21341109799865493,""start_week"":20,""duration_weeks"":2,""recovery_weeks"":4},{""target"":""T2P"",""magnitude"":0.1916061367603382,""start_week"":25,""duration_weeks"":3,""recovery_weeks"":4},{""target"":""demand"",""magnitude"":0.0877930877895928,""start_week"":35,""duration_weeks"":3,""recovery_weeks"":3}]"
A,1618,506,Demand-supply coupling,False,,False,Non-failure,Unclassified,Unclassified,3,0.8571289512433257,172.49163081166444,False,False,False,False,True,"[{""target"":""S1C"",""magnitude"":0.4185403279958252,""start_week"":11,""duration_weeks"":1,""recovery_weeks"":1},{""target"":""demand"",""magnitude"":0.14591544117849636,""start_week"":35,""duration_weeks"":6,""recovery_weeks"":1},{""target"":""demand"",""magnitude"":0.17065443421731163,""start_week"":41,""duration_weeks"":2,""recovery_weeks"":2}]"
A,1618,507,Demand-supply coupling,True,False,True,Adaptation-limited,Concentrated dependency,Concentrated dependency,6,0.6204820260635997,1712.5892032840848,False,True,False,False,True,"[{""target"":""demand"",""magnitude"":0.35190914823540076,""start_week"":2,""duration_weeks"":2,""recovery_weeks"":2},{""target"":""corridor"",""magnitude"":0.37087350448673734,""start_week"":3,""duration_weeks"":5,""recovery_weeks"":4},{""target"":""corridor"",""magnitude"":0.3090543718073805,""start_week"":29,""duration_weeks"":5,""recovery_weeks"":3},{""target"":""demand"",""magnitude"":0.18599206456748513,""start_week"":34,""duration_weeks"":1,""recovery_weeks"":1},{""target"":""S1C"",""magnitude"":0.3600907729323247,""start_week"":38,""duration_weeks"":4,""recovery_weeks"":4},{""target"":""demand"",""magnitude"":0.09992926936623535,""start_week"":49,""duration_weeks"":3,""recovery_weeks"":1}]"
A,1618,508,Demand-supply coupling,False,,False,Non-failure,Unclassified,Unclassified,3,0.8122845917506039,1639.7559549371963,True,False,False,True,False,"[{""target"":""T2P"",""magnitude"":0.31903457182397466,""start_week"":2,""duration_weeks"":1,""recovery_weeks"":1},{""target"":""demand"",""magnitude"":0.23109561618648883,""start_week"":18,""duration_weeks"":16,""recovery_weeks"":2},{""target"":""S1B"",""magnitude"":0.43379033479911866,""start_week"":38,""duration_weeks"":2,""recovery_weeks"":1}]"
A,1618,509,Demand-supply coupling,True,True,False,Structural,Concentrated dependency,Concentrated dependency,2,0.8793302379378006,217.20557171195878,False,True,False,False,False,"[{""target"":""corridor"",""magnitude"":0.3405023215466495,""start_week"":9,""duration_weeks"":1,""recovery_weeks"":3},{""target"":""demand"",""magnitude"":0.17637001023579973,""start_week"":50,""duration_weeks"":8,""recovery_weeks"":1}]"
A,1618,510,Demand-supply coupling,True,True,False,Structural,Concentrated dependency,Concentrated dependency,3,0.7571745393245495,429.36417011880985,False,True,True,False,False,"[{""target"":""S1A"",""magnitude"":0.49242632896954297,""start_week"":26,""duration_weeks"":2,""recovery_weeks"":1},{""target"":""demand"",""magnitude"":0.12802690900905825,""start_week"":44,""duration_weeks"":2,""recovery_weeks"":2},{""target"":""corridor"",""magnitude"":0.4321190955065879,""start_week"":48,""duration_weeks"":4,""recovery_weeks"":2}]"
A,1618,511,Demand-supply coupling,False,,False,Non-failure,Unclassified,Unclassified,1,0.8496446332649593,159.2663859260058,False,False,False,False,False,"[{""target"":""demand"",""magnitude"":0.17696265102889536,""start_week"":20,""duration_weeks"":2,""recovery_weeks"":1}]"
A,1618,512,Demand-supply coupling,False,,False,Non-failure,Unclassified,Unclassified,1,1.0,0.0,True,False,False,False,False,"[{""target"":""T2P"",""magnitude"":0.37576289137785923,""start_week"":47,""duration_weeks"":1,""recovery_weeks"":4}]"
A,1618,513,Demand-supply coupling,True,True,False,Structural,Concentrated dependency,Concentrated dependency,5,0.8530052343828903,265.94686210167606,False,True,False,True,True,"[{""target"":""S1B"",""magnitude"":0.2841341440259905,""start_week"":1,""duration_weeks"":8,""recovery_weeks"":4},{""target"":""demand"",""magnitude"":0.12489907572635896,""start_week"":8,""duration_weeks"":3,""recovery_weeks"":1},{""target"":""S1C"",""magnitude"":0.5807382226384967,""start_week"":18,""duration_weeks"":2,""recovery_weeks"":2},{""target"":""demand"",""magnitude"":0.18239662124404438,""start_week"":46,""duration_weeks"":1,""recovery_weeks"":3},{""target"":""corridor"",""magnitude"":0.2714569250583874,""start_week"":48,""duration_weeks"":7,""recovery_weeks"":4}]"
A,1618,514,Demand-supply coupling,True,True,True,Structural,Hidden convergent dependency; Compounding moderate disturbance,Hidden convergent dependency,2,0.660990917460822,1369.405270279262,True,False,False,False,False,"[{""target"":""demand"",""magnitude"":0.20004437383673124,""start_week"":36,""duration_weeks"":8,""recovery_weeks"":1},{""target"":""T2P"",""magnitude"":0.2861034115095653,""start_week"":39,""duration_weeks"":2,""recovery_weeks"":3}]"
A,1618,515,Demand-supply coupling,False,,False,Non-failure,Unclassified,Unclassified,2,0.8916020576278083,178.93235688678556,True,True,False,False,False,"[{""target"":""T2P"",""magnitude"":0.3627484175036263,""start_week"":28,""duration_weeks"":1,""recovery_weeks"":4},{""target"":""corridor"",""magnitude"":0.3447604968544865,""start_week"":51,""duration_weeks"":1,""recovery_weeks"":2}]"
A,1618,516,Demand-supply coupling,False,,False,Non-failure,Unclassified,Unclassified,0,1.0,0.0,False,False,False,False,False,[]
A,1618,517,Demand-supply coupling,False,,False,Non-failure,Unclassified,Unclassified,2,0.8545094607373293,225.88681673266342,True,False,False,False,False,"[{""target"":""demand"",""magnitude"":0.1702620578795367,""start_week"":25,""duration_weeks"":7,""recovery_weeks"":1},{""target"":""T2P"",""magnitude"":0.30760577195794037,""start_week"":38,""duration_weeks"":1,""recovery_weeks"":1}]"
A,1618,518,Demand-supply coupling,False,,False,Non-failure,Unclassified,Unclassified,0,1.0,0.0,False,False,False,False,False,[]
A,1618,519,Demand-supply coupling,True,False,True,Adaptation-limited,Hidden convergent dependency; Compounding moderate disturbance; Propagation-amplified cascade,Hidden convergent dependency,3,0.7863788335709389,652.387611409173,True,False,False,False,False,"[{""target"":""T2P"",""magnitude"":0.29908441827240373,""start_week"":35,""duration_weeks"":1,""recovery_weeks"":3},{""target"":""T2P"",""magnitude"":0.25956307351621327,""start_week"":40,""duration_weeks"":3,""recovery_weeks"":2},{""target"":""demand"",""magnitude"":0.06929649102555627,""start_week"":44,""duration_weeks"":1,""recovery_weeks"":3}]"
A,1618,520,Demand-supply coupling,False,,False,Non-failure,Unclassified,Unclassified,0,1.0,0.0,False,False,False,False,False,[]
A,1618,521,Demand-supply coupling,False,,False,Non-failure,Unclassified,Unclassified,2,0.9196285424882327,136.64087283237996,False,True,False,False,False,"[{""target"":""corridor"",""magnitude"":0.2731488079535131,""start_week"":28,""duration_weeks"":1,""recovery_weeks"":3},{""target"":""demand"",""magnitude"":0.12095811476462673,""start_week"":31,""duration_weeks"":6,""recovery_weeks"":3}]"
A,1618,522,Demand-supply coupling,False,,False,Non-failure,Unclassified,Unclassified,4,0.928067076644443,74.53603148340926,True,True,False,True,False,"[{""target"":""S1B"",""magnitude"":0.3270649519129718,""start_week"":2,""duration_weeks"":3,""recovery_weeks"":4},{""target"":""demand"",""magnitude"":0.1513199922375406,""start_week"":17,""duration_weeks"":7,""recovery_weeks"":1},{""target"":""T2P"",""magnitude"":0.5983371958956948,""start_week"":49,""duration_weeks"":1,""recovery_weeks"":4},{""target"":""corridor"",""magnitude"":0.33816645439256887,""start_week"":51,""duration_weeks"":1,""recovery_weeks"":3}]"
A,1618,523,Demand-supply coupling,True,True,True,Structural,Concentrated dependency,Concentrated dependency,6,0.5827642650683429,999.4643196343708,True,True,False,False,False,"[{""target"":""T2P"",""magnitude"":0.29226921412165824,""start_week"":9,""duration_weeks"":2,""recovery_weeks"":4},{""target"":""demand"",""magnitude"":0.1660399892482463,""start_week"":26,""duration_weeks"":1,""recovery_weeks"":1},{""target"":""corridor"",""magnitude"":0.2056659370095809,""start_week"":34,""duration_weeks"":1,""recovery_weeks"":1},{""target"":""demand"",""magnitude"":0.11275501957629323,""start_week"":35,""duration_weeks"":2,""recovery_weeks"":1},{""target"":""corridor"",""magnitude"":0.5175457017142654,""start_week"":48,""duration_weeks"":2,""recovery_weeks"":3},{""target"":""demand"",""magnitude"":0.10382951782205446,""start_week"":50,""duration_weeks"":14,""recovery_weeks"":2}]"
A,1618,524,Demand-supply coupling,False,,False,Non-failure,Unclassified,Unclassified,2,0.9189645729052193,79.36310771451781,False,True,False,False,False,"[{""target"":""corridor"",""magnitude"":0.2060937000357476,""start_week"":1,""duration_weeks"":1,""recovery_weeks"":4},{""target"":""demand"",""magnitude"":0.08818123079390844,""start_week"":27,""duration_weeks"":4,""recovery_weeks"":4}]"
A,1618,525,Demand-supply coupling,True,True,False,Structural,Concentrated dependency; Hidden convergent dependency; Propagation-amplified cascade,Hidden convergent dependency,3,0.6657699118933886,814.2665585632747,True,True,False,False,False,"[{""target"":""T2P"",""magnitude"":0.40080707929595016,""start_week"":9,""duration_weeks"":2,""recovery_weeks"":4},{""target"":""corridor"",""magnitude"":0.33628741714763855,""start_week"":19,""duration_weeks"":2,""recovery_weeks"":3},{""target"":""demand"",""magnitude"":0.12432579258254482,""start_week"":38,""duration_weeks"":2,""recovery_weeks"":4}]"
A,1618,526,Demand-supply coupling,False,,False,Non-failure,Unclassified,Unclassified,0,1.0,0.0,False,False,False,False,False,[]
A,1618,527,Demand-supply coupling,False,,False,Non-failure,Unclassified,Unclassified,2,0.9410209169628494,58.492511831603,False,False,False,True,False,"[{""target"":""S1B"",""magnitude"":0.29157199223842406,""start_week"":7,""duration_weeks"":4,""recovery_weeks"":2},{""target"":""demand"",""magnitude"":0.10194456180260256,""start_week"":26,""duration_weeks"":2,""recovery_weeks"":3}]"
A,1618,528,Demand-supply coupling,True,True,True,Structural,Concentrated dependency,Concentrated dependency,10,0.4399577562668943,7167.693273958032,True,True,False,True,False,"[{""target"":""corridor"",""magnitude"":0.37828046460371034,""start_week"":3,""duration_weeks"":3,""recovery_weeks"":1},{""target"":""demand"",""magnitude"":0.23673890015676186,""start_week"":9,""duration_weeks"":14,""recovery_weeks"":4},{""target"":""T2P"",""magnitude"":0.1836962131557282,""start_week"":11,""duration_weeks"":6,""recovery_weeks"":4},{""target"":""demand"",""magnitude"":0.1471317787926204,""start_week"":14,""duration_weeks"":3,""recovery_weeks"":2},{""target"":""T2P"",""magnitude"":0.4656811298111494,""start_week"":21,""duration_weeks"":4,""recovery_weeks"":2},{""target"":""demand"",""magnitude"":0.2065955770461082,""start_week"":25,""duration_weeks"":2,""recovery_weeks"":3},{""target"":""S1B"",""magnitude"":0.4368038956100646,""start_week"":38,""duration_weeks"":4,""recovery_weeks"":3},{""target"":""demand"",""magnitude"":0.2087989734547021,""start_week"":40,""duration_weeks"":2,""recovery_weeks"":2},{""target"":""corridor"",""magnitude"":0.22006854973161397,""start_week"":41,""duration_weeks"":1,""recovery_weeks"":3},{""target"":""T2P"",""magnitude"":0.26423168243730655,""start_week"":43,""duration_weeks"":1,""recovery_weeks"":3}]"
A,1618,529,Demand-supply coupling,True,False,True,Adaptation-limited,Concentrated dependency,Concentrated dependency,1,0.7412365730425803,1219.6934774828408,False,True,False,False,False,"[{""target"":""corridor"",""magnitude"":0.4440725702180648,""start_week"":19,""duration_weeks"":4,""recovery_weeks"":3}]"
A,1618,530,Demand-supply coupling,True,True,True,Structural,Concentrated dependency; Hidden convergent dependency; Propagation-amplified cascade,Hidden convergent dependency,1,0.8227317337914343,2590.8287917541834,True,False,False,False,False,"[{""target"":""T2P"",""magnitude"":0.25954143958770903,""start_week"":28,""duration_weeks"":27,""recovery_weeks"":2}]"
A,1618,531,Demand-supply coupling,True,True,True,Structural,Concentrated dependency; Hidden convergent dependency; Propagation-amplified cascade,Hidden convergent dependency,2,0.7098269609727204,1347.431500898841,True,False,False,False,False,"[{""target"":""T2P"",""magnitude"":0.34476579052912415,""start_week"":37,""duration_weeks"":6,""recovery_weeks"":1},{""target"":""demand"",""magnitude"":0.10403154097554292,""start_week"":41,""duration_weeks"":1,""recovery_weeks"":2}]"
A,1618,532,Demand-supply coupling,True,True,True,Structural,Concentrated dependency; Hidden convergent dependency,Hidden convergent dependency,4,0.4170690630216648,1756.6792071607097,True,False,False,False,False,"[{""target"":""demand"",""magnitude"":0.1338142386068498,""start_week"":14,""duration_weeks"":1,""recovery_weeks"":3},{""target"":""T2P"",""magnitude"":0.2865128742580848,""start_week"":34,""duration_weeks"":1,""recovery_weeks"":4},{""target"":""T2P"",""magnitude"":0.44438505618282964,""start_week"":41,""duration_weeks"":4,""recovery_weeks"":2},{""target"":""T2P"",""magnitude"":0.3244203366081271,""start_week"":42,""duration_weeks"":1,""recovery_weeks"":2}]"
A,1618,533,Demand-supply coupling,True,True,True,Structural,Concentrated dependency,Concentrated dependency,3,0.6541779457255397,2842.4823999840855,False,True,False,False,False,"[{""target"":""demand"",""magnitude"":0.1243357223733334,""start_week"":11,""duration_weeks"":6,""recovery_weeks"":3},{""target"":""corridor"",""magnitude"":0.407960240350537,""start_week"":21,""duration_weeks"":5,""recovery_weeks"":2},{""target"":""corridor"",""magnitude"":0.38364170075478143,""start_week"":27,""duration_weeks"":10,""recovery_weeks"":3}]"
A,1618,534,Demand-supply coupling,True,True,False,Structural,Concentrated dependency,Concentrated dependency,3,0.8938303332674498,288.8109364496937,False,True,False,True,False,"[{""target"":""S1B"",""magnitude"":0.3397227757970118,""start_week"":3,""duration_weeks"":3,""recovery_weeks"":4},{""target"":""corridor"",""magnitude"":0.32512274105985484,""start_week"":34,""duration_weeks"":3,""recovery_weeks"":3},{""target"":""demand"",""magnitude"":0.24308951011919533,""start_week"":43,""duration_weeks"":4,""recovery_weeks"":2}]"
A,1618,535,Demand-supply coupling,False,,False,Non-failure,Unclassified,Unclassified,3,0.907578803525395,300.02392247043906,True,True,False,False,False,"[{""target"":""corridor"",""magnitude"":0.3029473609248692,""start_week"":19,""duration_weeks"":2,""recovery_weeks"":4},{""target"":""demand"",""magnitude"":0.22425855120802296,""start_week"":27,""duration_weeks"":5,""recovery_weeks"":4},{""target"":""T2P"",""magnitude"":0.15888678724882405,""start_week"":48,""duration_weeks"":2,""recovery_weeks"":2}]"
A,1618,536,Demand-supply coupling,True,True,True,Structural,Concentrated dependency,Concentrated dependency,5,0.3878234047134959,5441.558562382625,False,True,False,False,False,"[{""target"":""demand"",""magnitude"":0.17104797513067727,""start_week"":9,""duration_weeks"":1,""recovery_weeks"":2},{""target"":""corridor"",""magnitude"":0.5718374189300075,""start_week"":17,""duration_weeks"":9,""recovery_weeks"":2},{""target"":""corridor"",""magnitude"":0.25372694826580744,""start_week"":19,""duration_weeks"":1,""recovery_weeks"":4},{""target"":""demand"",""magnitude"":0.15978685922872027,""start_week"":22,""duration_weeks"":4,""recovery_weeks"":2},{""target"":""demand"",""magnitude"":0.10819810797165227,""start_week"":23,""duration_weeks"":3,""recovery_weeks"":2}]"
A,1618,537,Demand-supply coupling,False,,False,Non-failure,Unclassified,Unclassified,7,0.8554659263610325,245.7797370628832,True,True,True,False,False,"[{""target"":""S1A"",""magnitude"":0.309156615131301,""start_week"":3,""duration_weeks"":2,""recovery_weeks"":2},{""target"":""demand"",""magnitude"":0.10253814445540713,""start_week"":11,""duration_weeks"":6,""recovery_weeks"":3},{""target"":""T2P"",""magnitude"":0.22374717122980264,""start_week"":15,""duration_weeks"":1,""recovery_weeks"":3},{""target"":""demand"",""magnitude"":0.10509657559023108,""start_week"":20,""duration_weeks"":5,""recovery_weeks"":1},{""target"":""T2P"",""magnitude"":0.29502204566964174,""start_week"":48,""duration_weeks"":6,""recovery_weeks"":4},{""target"":""demand"",""magnitude"":0.18135781761955438,""start_week"":49,""duration_weeks"":1,""recovery_weeks"":1},{""target"":""corridor"",""magnitude"":0.2348788587563559,""start_week"":50,""duration_weeks"":1,""recovery_weeks"":2}]"
A,1618,538,Demand-supply coupling,True,True,True,Structural,Concentrated dependency,Concentrated dependency,4,0.7828834784842744,673.1859776763375,True,True,False,False,False,"[{""target"":""corridor"",""magnitude"":0.3902470786825703,""start_week"":5,""duration_weeks"":3,""recovery_weeks"":2},{""target"":""T2P"",""magnitude"":0.3626902148260911,""start_week"":16,""duration_weeks"":2,""recovery_weeks"":4},{""target"":""T2P"",""magnitude"":0.2967300487179102,""start_week"":33,""duration_weeks"":1,""recovery_weeks"":3},{""target"":""demand"",""magnitude"":0.14341817098932724,""start_week"":50,""duration_weeks"":1,""recovery_weeks"":3}]"
A,1618,539,Demand-supply coupling,True,True,True,Structural,Concentrated dependency,Concentrated dependency,6,0.6739646034298358,2166.481229297284,True,True,True,False,True,"[{""target"":""S1A"",""magnitude"":0.6244483349957685,""start_week"":1,""duration_weeks"":2,""recovery_weeks"":2},{""target"":""demand"",""magnitude"":0.08988336444761097,""start_week"":31,""duration_weeks"":3,""recovery_weeks"":1},{""target"":""T2P"",""magnitude"":0.3934318569131478,""start_week"":33,""duration_weeks"":2,""recovery_weeks"":4},{""target"":""demand"",""magnitude"":0.3303074499120125,""start_week"":34,""duration_weeks"":2,""recovery_weeks"":1},{""target"":""corridor"",""magnitude"":0.3332860096542104,""start_week"":43,""duration_weeks"":7,""recovery_weeks"":1},{""target"":""S1C"",""magnitude"":0.33578674647365725,""start_week"":49,""duration_weeks"":6,""recovery_weeks"":3}]"
A,1618,540,Demand-supply coupling,False,,False,Non-failure,Unclassified,Unclassified,2,0.8867921321946831,114.89398397415789,True,False,False,False,False,"[{""target"":""T2P"",""magnitude"":0.1849890239153856,""start_week"":2,""duration_weeks"":1,""recovery_weeks"":4},{""target"":""demand"",""magnitude"":0.12765998219350883,""start_week"":15,""duration_weeks"":5,""recovery_weeks"":1}]"
A,1618,541,Demand-supply coupling,True,False,False,Adaptation-limited,Concentrated dependency,Concentrated dependency,4,0.7284707226878505,545.7761459091272,False,True,True,False,False,"[{""target"":""S1A"",""magnitude"":0.39484765242606823,""start_week"":10,""duration_weeks"":1,""recovery_weeks"":1},{""target"":""demand"",""magnitude"":0.05895917141494238,""start_week"":41,""duration_weeks"":5,""recovery_weeks"":1},{""target"":""demand"",""magnitude"":0.16205830999993717,""start_week"":43,""duration_weeks"":4,""recovery_weeks"":4},{""target"":""corridor"",""magnitude"":0.32767307769172765,""start_week"":45,""duration_weeks"":1,""recovery_weeks"":2}]"
A,1618,542,Demand-supply coupling,True,True,False,Structural,Concentrated dependency,Concentrated dependency,3,0.8446827620668005,323.8286466245047,False,True,False,False,True,"[{""target"":""S1C"",""magnitude"":0.3573641378997261,""start_week"":4,""duration_weeks"":2,""recovery_weeks"":2},{""target"":""corridor"",""magnitude"":0.3664879284498997,""start_week"":8,""duration_weeks"":1,""recovery_weeks"":4},{""target"":""demand"",""magnitude"":0.11139230473506664,""start_week"":20,""duration_weeks"":1,""recovery_weeks"":3}]"
A,1618,543,Demand-supply coupling,True,False,False,Adaptation-limited,Hidden convergent dependency; Compounding moderate disturbance; Propagation-amplified cascade; Recovery lag and temporal overlap,Hidden convergent dependency,3,0.7980773949859936,362.34217571573026,True,True,True,False,False,"[{""target"":""corridor"",""magnitude"":0.32414045052460283,""start_week"":7,""duration_weeks"":3,""recovery_weeks"":4},{""target"":""S1A"",""magnitude"":0.37857180619324204,""start_week"":12,""duration_weeks"":2,""recovery_weeks"":3},{""target"":""T2P"",""magnitude"":0.2817303445126057,""start_week"":14,""duration_weeks"":3,""recovery_weeks"":3}]"
A,1618,544,Demand-supply coupling,True,True,False,Structural,Concentrated dependency; Hidden convergent dependency; Propagation-amplified cascade; Recovery lag and temporal overlap,Hidden convergent dependency,4,0.7492397585374808,394.03671371504834,True,False,True,True,False,"[{""target"":""S1A"",""magnitude"":0.3140668455515988,""start_week"":11,""duration_weeks"":6,""recovery_weeks"":2},{""target"":""demand"",""magnitude"":0.10599150205843044,""start_week"":12,""duration_weeks"":6,""recovery_weeks"":4},{""target"":""S1B"",""magnitude"":0.3438790529872706,""start_week"":40,""duration_weeks"":2,""recovery_weeks"":4},{""target"":""T2P"",""magnitude"":0.4885263259744005,""start_week"":43,""duration_weeks"":1,""recovery_weeks"":3}]"
A,1618,545,Demand-supply coupling,True,False,False,Adaptation-limited,Concentrated dependency; Hidden convergent dependency; Propagation-amplified cascade,Hidden convergent dependency,3,0.5875247305726018,509.89159352470926,True,True,False,False,False,"[{""target"":""corridor"",""magnitude"":0.2876150009072974,""start_week"":9,""duration_weeks"":3,""recovery_weeks"":4},{""target"":""T2P"",""magnitude"":0.47122774248465826,""start_week"":17,""duration_weeks"":2,""recovery_weeks"":2},{""target"":""demand"",""magnitude"":0.11939056246068075,""start_week"":29,""duration_weeks"":11,""recovery_weeks"":3}]"
A,1618,546,Demand-supply coupling,True,True,True,Structural,Compounding moderate disturbance,Compounding moderate disturbance,5,0.8374502871140624,939.7256938696635,True,True,False,False,False,"[{""target"":""demand"",""magnitude"":0.12684379098040183,""start_week"":22,""duration_weeks"":8,""recovery_weeks"":1},{""target"":""corridor"",""magnitude"":0.2457287601212304,""start_week"":24,""duration_weeks"":3,""recovery_weeks"":4},{""target"":""demand"",""magnitude"":0.21949275049540323,""start_week"":30,""duration_weeks"":3,""recovery_weeks"":1},{""target"":""T2P"",""magnitude"":0.2462947415973437,""start_week"":32,""duration_weeks"":2,""recovery_weeks"":1},{""target"":""demand"",""magnitude"":0.1823083268686077,""start_week"":42,""duration_weeks"":1,""recovery_weeks"":3}]"
A,1618,547,Demand-supply coupling,False,,False,Non-failure,Unclassified,Unclassified,3,0.8523856541289788,207.88501815892675,False,True,False,False,True,"[{""target"":""S1C"",""magnitude"":0.25041051363823535,""start_week"":24,""duration_weeks"":2,""recovery_weeks"":2},{""target"":""demand"",""magnitude"":0.17296383937361542,""start_week"":25,""duration_weeks"":3,""recovery_weeks"":1},{""target"":""corridor"",""magnitude"":0.35130148240655357,""start_week"":50,""duration_weeks"":1,""recovery_weeks"":2}]"
A,1618,548,Demand-supply coupling,True,True,False,Structural,Concentrated dependency,Concentrated dependency,5,0.688909299557951,419.92652159137697,True,False,True,False,False,"[{""target"":""S1A"",""magnitude"":0.488442453703389,""start_week"":8,""duration_weeks"":4,""recovery_weeks"":4},{""target"":""demand"",""magnitude"":0.20231220172020697,""start_week"":14,""duration_weeks"":3,""recovery_weeks"":2},{""target"":""T2P"",""magnitude"":0.17495093221414523,""start_week"":15,""duration_weeks"":1,""recovery_weeks"":1},{""target"":""demand"",""magnitude"":0.12930223225106863,""start_week"":21,""duration_weeks"":1,""recovery_weeks"":4},{""target"":""T2P"",""magnitude"":0.37998163039784416,""start_week"":38,""duration_weeks"":3,""recovery_weeks"":1}]"
A,1618,549,Demand-supply coupling,True,True,True,Structural,Concentrated dependency,Concentrated dependency,7,0.7486679947691861,1620.2935758044496,False,True,False,False,True,"[{""target"":""corridor"",""magnitude"":0.33589563044530535,""start_week"":5,""duration_weeks"":1,""recovery_weeks"":4},{""target"":""corridor"",""magnitude"":0.2714521434036591,""start_week"":12,""duration_weeks"":1,""recovery_weeks"":4},{""target"":""demand"",""magnitude"":0.19505176070300456,""start_week"":14,""duration_weeks"":1,""recovery_weeks"":4},{""target"":""corridor"",""magnitude"":0.33887196974309747,""start_week"":16,""duration_weeks"":6,""recovery_weeks"":1},{""target"":""demand"",""magnitude"":0.15169015252135035,""start_week"":20,""duration_weeks"":3,""recovery_weeks"":1},{""target"":""corridor"",""magnitude"":0.2723290094033763,""start_week"":29,""duration_weeks"":1,""recovery_weeks"":4},{""target"":""S1C"",""magnitude"":0.5343811095214812,""start_week"":49,""duration_weeks"":6,""recovery_weeks"":2}]"
A,1618,550,Demand-supply coupling,True,False,True,Adaptation-limited,Concentrated dependency,Concentrated dependency,4,0.7155736533887022,1200.4830354797368,False,True,False,False,True,"[{""target"":""corridor"",""magnitude"":0.4633197599584734,""start_week"":15,""duration_weeks"":2,""recovery_weeks"":4},{""target"":""demand"",""magnitude"":0.1846504932236966,""start_week"":19,""duration_weeks"":2,""recovery_weeks"":3},{""target"":""S1C"",""magnitude"":0.4473215703699577,""start_week"":26,""duration_weeks"":1,""recovery_weeks"":2},{""target"":""demand"",""magnitude"":0.1294211703374219,""start_week"":44,""duration_weeks"":3,""recovery_weeks"":3}]"
A,1618,551,Demand-supply coupling,True,True,True,Structural,Concentrated dependency; Hidden convergent dependency; Propagation-amplified cascade,Hidden convergent dependency,4,0.4631381624749809,1540.6292360971693,True,True,False,False,False,"[{""target"":""T2P"",""magnitude"":0.2898752391010282,""start_week"":7,""duration_weeks"":8,""recovery_weeks"":4},{""target"":""demand"",""magnitude"":0.09978075381912191,""start_week"":10,""duration_weeks"":1,""recovery_weeks"":3},{""target"":""demand"",""magnitude"":0.0818368584485268,""start_week"":23,""duration_weeks"":12,""recovery_weeks"":2},{""target"":""corridor"",""magnitude"":0.6526463781437644,""start_week"":49,""duration_weeks"":3,""recovery_weeks"":1}]"
A,1618,552,Demand-supply coupling,False,,False,Non-failure,Unclassified,Unclassified,3,0.9116583942028991,87.21188300680046,True,True,False,False,False,"[{""target"":""T2P"",""magnitude"":0.28303145481726233,""start_week"":23,""duration_weeks"":2,""recovery_weeks"":2},{""target"":""demand"",""magnitude"":0.09690209222977836,""start_week"":30,""duration_weeks"":6,""recovery_weeks"":2},{""target"":""corridor"",""magnitude"":0.16877463583172989,""start_week"":34,""duration_weeks"":2,""recovery_weeks"":4}]"
A,1618,553,Demand-supply coupling,False,,False,Non-failure,Unclassified,Unclassified,2,0.8499637682598331,158.86866429919496,True,False,False,False,False,"[{""target"":""demand"",""magnitude"":0.17652073811021657,""start_week"":26,""duration_weeks"":2,""recovery_weeks"":3},{""target"":""T2P"",""magnitude"":0.20315824733132792,""start_week"":51,""duration_weeks"":1,""recovery_weeks"":4}]"
A,1618,554,Demand-supply coupling,True,False,False,Adaptation-limited,Concentrated dependency; Hidden convergent dependency; Propagation-amplified cascade,Hidden convergent dependency,3,0.7642974505855868,357.1270272825079,True,True,False,False,False,"[{""target"":""demand"",""magnitude"":0.08491577360851482,""start_week"":20,""duration_weeks"":4,""recovery_weeks"":1},{""target"":""T2P"",""magnitude"":0.4599929770793816,""start_week"":29,""duration_weeks"":1,""recovery_weeks"":4},{""target"":""corridor"",""magnitude"":0.23399260646629177,""start_week"":43,""duration_weeks"":8,""recovery_weeks"":3}]"
A,1618,555,Demand-supply coupling,False,,False,Non-failure,Unclassified,Unclassified,1,0.9048967987896998,94.58855551677357,False,False,False,False,False,"[{""target"":""demand"",""magnitude"":0.10509839501863735,""start_week"":46,""duration_weeks"":1,""recovery_weeks"":1}]"
A,1618,556,Demand-supply coupling,True,False,True,Adaptation-limited,Compounding moderate disturbance,Compounding moderate disturbance,3,0.8284382889116134,673.1121835055478,False,True,False,False,False,"[{""target"":""demand"",""magnitude"":0.16942437225379942,""start_week"":11,""duration_weeks"":11,""recovery_weeks"":2},{""target"":""corridor"",""magnitude"":0.27340305552889355,""start_week"":16,""duration_weeks"":2,""recovery_weeks"":2},{""target"":""demand"",""magnitude"":0.2010518395383465,""start_week"":28,""duration_weeks"":1,""recovery_weeks"":3}]"
A,1618,557,Demand-supply coupling,False,,False,Non-failure,Unclassified,Unclassified,5,0.8884733168966374,112.97358388164582,False,False,False,True,True,"[{""target"":""demand"",""magnitude"":0.12552620431293965,""start_week"":15,""duration_weeks"":3,""recovery_weeks"":1},{""target"":""S1B"",""magnitude"":0.5096482114543616,""start_week"":17,""duration_weeks"":1,""recovery_weeks"":1},{""target"":""demand"",""magnitude"":0.07000745587524448,""start_week"":20,""duration_weeks"":7,""recovery_weeks"":4},{""target"":""S1C"",""magnitude"":0.32127458921731433,""start_week"":32,""duration_weeks"":1,""recovery_weeks"":1},{""target"":""demand"",""magnitude"":0.08268481380986037,""start_week"":47,""duration_weeks"":1,""recovery_weeks"":1}]"
A,1618,558,Demand-supply coupling,True,False,True,Adaptation-limited,Compounding moderate disturbance,Compounding moderate disturbance,4,0.7669919744445264,1602.3807306506512,True,True,False,False,False,"[{""target"":""demand"",""magnitude"":0.09237495995422675,""start_week"":6,""duration_weeks"":2,""recovery_weeks"":3},{""target"":""corridor"",""magnitude"":0.3128876600300356,""start_week"":15,""duration_weeks"":12,""recovery_weeks"":3},{""target"":""demand"",""magnitude"":0.19447115113572883,""start_week"":20,""duration_weeks"":3,""recovery_weeks"":2},{""target"":""T2P"",""magnitude"":0.3141673049516974,""start_week"":51,""duration_weeks"":7,""recovery_weeks"":3}]"
A,1618,559,Demand-supply coupling,True,False,False,Adaptation-limited,Concentrated dependency; Hidden convergent dependency; Propagation-amplified cascade,Hidden convergent dependency,2,0.8220261546806015,391.1469951184811,True,False,False,False,False,"[{""target"":""T2P"",""magnitude"":0.2601764607874586,""start_week"":1,""duration_weeks"":5,""recovery_weeks"":2},{""target"":""T2P"",""magnitude"":0.3054685038565056,""start_week"":44,""duration_weeks"":2,""recovery_weeks"":2}]"
A,1618,560,Demand-supply coupling,False,,False,Non-failure,Unclassified,Unclassified,4,0.9203074581598711,107.11246735434861,False,False,False,True,False,"[{""target"":""S1B"",""magnitude"":0.18642292023462678,""start_week"":1,""duration_weeks"":2,""recovery_weeks"":3},{""target"":""demand"",""magnitude"":0.08659338912614262,""start_week"":2,""duration_weeks"":4,""recovery_weeks"":3},{""target"":""S1B"",""magnitude"":0.23185721931348813,""start_week"":3,""duration_weeks"":1,""recovery_weeks"":1},{""target"":""demand"",""magnitude"":0.11830550135295555,""start_week"":43,""duration_weeks"":2,""recovery_weeks"":3}]"
A,1618,561,Demand-supply coupling,False,,False,Non-failure,Unclassified,Unclassified,0,1.0,0.0,False,False,False,False,False,[]
A,1618,562,Demand-supply coupling,True,True,True,Structural,Concentrated dependency,Concentrated dependency,4,0.7378987089767204,671.6476273937279,True,True,False,False,False,"[{""target"":""corridor"",""magnitude"":0.4253744607713018,""start_week"":17,""duration_weeks"":2,""recovery_weeks"":3},{""target"":""demand"",""magnitude"":0.12128484000494874,""start_week"":33,""duration_weeks"":1,""recovery_weeks"":1},{""target"":""T2P"",""magnitude"":0.4478548825612687,""start_week"":35,""duration_weeks"":1,""recovery_weeks"":4},{""target"":""demand"",""magnitude"":0.23320929208323665,""start_week"":45,""duration_weeks"":1,""recovery_weeks"":1}]"
A,1618,563,Demand-supply coupling,True,True,True,Structural,Concentrated dependency,Concentrated dependency,4,0.5790363201583678,2652.071183002282,False,True,False,False,False,"[{""target"":""corridor"",""magnitude"":0.5657227598812241,""start_week"":3,""duration_weeks"":6,""recovery_weeks"":1},{""target"":""demand"",""magnitude"":0.06467374418384324,""start_week"":21,""duration_weeks"":3,""recovery_weeks"":1},{""target"":""corridor"",""magnitude"":0.35486110575337415,""start_week"":31,""duration_weeks"":3,""recovery_weeks"":4},{""target"":""demand"",""magnitude"":0.14406591384196082,""start_week"":35,""duration_weeks"":4,""recovery_weeks"":3}]"
A,1618,564,Demand-supply coupling,True,True,True,Structural,Concentrated dependency; Hidden convergent dependency; Propagation-amplified cascade,Hidden convergent dependency,4,0.41788227482366713,7360.866339441245,True,False,False,False,False,"[{""target"":""T2P"",""magnitude"":0.30601692635638367,""start_week"":3,""duration_weeks"":9,""recovery_weeks"":1},{""target"":""demand"",""magnitude"":0.10419239962574565,""start_week"":11,""duration_weeks"":8,""recovery_weeks"":3},{""target"":""T2P"",""magnitude"":0.6239059526586995,""start_week"":20,""duration_weeks"":9,""recovery_weeks"":3},{""target"":""demand"",""magnitude"":0.1479628116938776,""start_week"":51,""duration_weeks"":8,""recovery_weeks"":1}]"
A,1618,565,Demand-supply coupling,False,,False,Non-failure,Unclassified,Unclassified,3,0.9285957217765879,98.9797116555668,False,True,False,True,False,"[{""target"":""corridor"",""magnitude"":0.26684351864125516,""start_week"":5,""duration_weeks"":1,""recovery_weeks"":4},{""target"":""demand"",""magnitude"":0.12526476830076505,""start_week"":31,""duration_weeks"":4,""recovery_weeks"":4},{""target"":""S1B"",""magnitude"":0.30990683281541603,""start_week"":32,""duration_weeks"":1,""recovery_weeks"":1}]"
A,1618,566,Demand-supply coupling,False,,False,Non-failure,Unclassified,Unclassified,3,0.9089272289215654,90.17827980337051,False,True,False,False,False,"[{""target"":""demand"",""magnitude"":0.10019808867041174,""start_week"":21,""duration_weeks"":8,""recovery_weeks"":1},{""target"":""corridor"",""magnitude"":0.18415599611891903,""start_week"":23,""duration_weeks"":9,""recovery_weeks"":4},{""target"":""demand"",""magnitude"":0.07413850881102424,""start_week"":37,""duration_weeks"":2,""recovery_weeks"":4}]"
A,1618,567,Demand-supply coupling,True,True,True,Structural,Concentrated dependency,Concentrated dependency,5,0.6035815322881531,1776.6387166254594,True,True,False,False,False,"[{""target"":""corridor"",""magnitude"":0.49550026722799345,""start_week"":13,""duration_weeks"":4,""recovery_weeks"":3},{""target"":""demand"",""magnitude"":0.11445807132737267,""start_week"":18,""duration_weeks"":2,""recovery_weeks"":3},{""target"":""T2P"",""magnitude"":0.19872627713518143,""start_week"":20,""duration_weeks"":1,""recovery_weeks"":4},{""target"":""demand"",""magnitude"":0.08961903907325572,""start_week"":32,""duration_weeks"":4,""recovery_weeks"":4},{""target"":""demand"",""magnitude"":0.1635373332364749,""start_week"":35,""duration_weeks"":1,""recovery_weeks"":3}]"
A,1618,568,Demand-supply coupling,True,True,False,Structural,Concentrated dependency,Concentrated dependency,3,0.8747091672938346,225.52349887109767,True,False,False,True,False,"[{""target"":""S1B"",""magnitude"":0.5319043735888721,""start_week"":8,""duration_weeks"":1,""recovery_weeks"":4},{""target"":""demand"",""magnitude"":0.1687498343907876,""start_week"":30,""duration_weeks"":1,""recovery_weeks"":2},{""target"":""T2P"",""magnitude"":0.204936146746126,""start_week"":35,""duration_weeks"":1,""recovery_weeks"":3}]"
A,1618,569,Demand-supply coupling,True,True,False,Structural,Concentrated dependency,Concentrated dependency,2,0.8588286894640677,1397.5959743057304,False,True,False,False,False,"[{""target"":""corridor"",""magnitude"":0.35587848290194923,""start_week"":27,""duration_weeks"":10,""recovery_weeks"":3},{""target"":""demand"",""magnitude"":0.19661708736150174,""start_week"":49,""duration_weeks"":4,""recovery_weeks"":1}]"
A,1618,570,Demand-supply coupling,False,,False,Non-failure,Unclassified,Unclassified,0,1.0,0.0,False,False,False,False,False,[]
A,1618,571,Demand-supply coupling,True,False,True,Adaptation-limited,Concentrated dependency; Hidden convergent dependency; Propagation-amplified cascade,Hidden convergent dependency,3,0.6321860981794382,1162.4650786723978,True,True,False,False,False,"[{""target"":""T2P"",""magnitude"":0.5655162558192528,""start_week"":7,""duration_weeks"":1,""recovery_weeks"":4},{""target"":""demand"",""magnitude"":0.20241723949778173,""start_week"":16,""duration_weeks"":2,""recovery_weeks"":4},{""target"":""corridor"",""magnitude"":0.2130601568167892,""start_week"":44,""duration_weeks"":1,""recovery_weeks"":3}]"
A,1618,572,Demand-supply coupling,False,,False,Non-failure,Unclassified,Unclassified,2,0.9449857040762706,52.395360181406886,False,True,False,False,False,"[{""target"":""demand"",""magnitude"":0.05821706686822974,""start_week"":42,""duration_weeks"":9,""recovery_weeks"":4},{""target"":""corridor"",""magnitude"":0.4576917670347733,""start_week"":51,""duration_weeks"":1,""recovery_weeks"":2}]"
A,1618,573,Demand-supply coupling,False,,False,Non-failure,Unclassified,Unclassified,1,1.0,0.0,False,False,False,False,True,"[{""target"":""S1C"",""magnitude"":0.24284913624374663,""start_week"":50,""duration_weeks"":3,""recovery_weeks"":2}]"
A,1618,574,Demand-supply coupling,False,,False,Non-failure,Unclassified,Unclassified,1,0.9380086085870303,130.18192196723646,False,False,True,False,False,"[{""target"":""S1A"",""magnitude"":0.3894806306791819,""start_week"":2,""duration_weeks"":6,""recovery_weeks"":4}]"
A,1618,575,Demand-supply coupling,False,,False,Non-failure,Unclassified,Unclassified,3,0.9147304096752107,138.08589112761013,False,True,False,True,False,"[{""target"":""S1B"",""magnitude"":0.3979491690652965,""start_week"":7,""duration_weeks"":3,""recovery_weeks"":3},{""target"":""demand"",""magnitude"":0.22567240577039832,""start_week"":33,""duration_weeks"":3,""recovery_weeks"":2},{""target"":""corridor"",""magnitude"":0.24603580702867583,""start_week"":40,""duration_weeks"":1,""recovery_weeks"":3}]"
A,1618,576,Demand-supply coupling,False,,False,Non-failure,Unclassified,Unclassified,3,0.8051972810045557,217.73849866602814,False,False,False,False,True,"[{""target"":""demand"",""magnitude"":0.24193166518447567,""start_week"":13,""duration_weeks"":2,""recovery_weeks"":2},{""target"":""S1C"",""magnitude"":0.21281948578882934,""start_week"":42,""duration_weeks"":4,""recovery_weeks"":4},{""target"":""demand"",""magnitude"":0.1916111082452377,""start_week"":48,""duration_weeks"":3,""recovery_weeks"":3}]"
A,1618,577,Demand-supply coupling,True,True,True,Structural,Concentrated dependency,Concentrated dependency,3,0.7057857360786202,1059.171350116967,True,True,False,False,False,"[{""target"":""corridor"",""magnitude"":0.4706606979410348,""start_week"":19,""duration_weeks"":3,""recovery_weeks"":1},{""target"":""demand"",""magnitude"":0.1461574641786243,""start_week"":34,""duration_weeks"":1,""recovery_weeks"":3},{""target"":""T2P"",""magnitude"":0.29699977716135406,""start_week"":39,""duration_weeks"":1,""recovery_weeks"":1}]"
A,1618,578,Demand-supply coupling,False,,False,Non-failure,Unclassified,Unclassified,0,1.0,0.0,False,False,False,False,False,[]
A,1618,579,Demand-supply coupling,False,,False,Non-failure,Unclassified,Unclassified,2,0.7848920647478574,193.59714172692838,True,False,False,False,False,"[{""target"":""demand"",""magnitude"":0.20501257057335337,""start_week"":30,""duration_weeks"":1,""recovery_weeks"":1},{""target"":""T2P"",""magnitude"":0.4622872573474459,""start_week"":33,""duration_weeks"":1,""recovery_weeks"":1}]"
A,1618,580,Demand-supply coupling,False,,False,Non-failure,Unclassified,Unclassified,2,0.9468741162897482,239.06647669613335,True,True,False,False,False,"[{""target"":""corridor"",""magnitude"":0.2898444127826889,""start_week"":7,""duration_weeks"":4,""recovery_weeks"":3},{""target"":""T2P"",""magnitude"":0.2218395820070836,""start_week"":44,""duration_weeks"":6,""recovery_weeks"":3}]"
A,1618,581,Demand-supply coupling,True,True,True,Structural,Concentrated dependency; Hidden convergent dependency; Propagation-amplified cascade,Hidden convergent dependency,5,0.6151196206621002,846.9354238064684,True,True,True,False,False,"[{""target"":""corridor"",""magnitude"":0.2930197688321464,""start_week"":14,""duration_weeks"":6,""recovery_weeks"":1},{""target"":""T2P"",""magnitude"":0.44639234140410977,""start_week"":23,""duration_weeks"":2,""recovery_weeks"":3},{""target"":""S1A"",""magnitude"":0.3880097340603077,""start_week"":26,""duration_weeks"":1,""recovery_weeks"":2},{""target"":""demand"",""magnitude"":0.11946719709050721,""start_week"":34,""duration_weeks"":1,""recovery_weeks"":3},{""target"":""corridor"",""magnitude"":0.26859529424926804,""start_week"":41,""duration_weeks"":3,""recovery_weeks"":1}]"
A,1618,582,Demand-supply coupling,True,True,True,Structural,Concentrated dependency,Concentrated dependency,3,0.8141140955873936,1748.1923549163091,False,True,False,False,False,"[{""target"":""corridor"",""magnitude"":0.38941442830945483,""start_week"":27,""duration_weeks"":8,""recovery_weeks"":2},{""target"":""corridor"",""magnitude"":0.27727439169315615,""start_week"":38,""duration_weeks"":6,""recovery_weeks"":1},{""target"":""demand"",""magnitude"":0.16878354754045025,""start_week"":42,""duration_weeks"":1,""recovery_weeks"":2}]"
A,1618,583,Demand-supply coupling,True,True,True,Structural,Hidden convergent dependency; Compounding moderate disturbance,Hidden convergent dependency,3,0.5576438964061319,1485.0336527088516,True,False,False,True,False,"[{""target"":""S1B"",""magnitude"":0.3782917412062778,""start_week"":19,""duration_weeks"":1,""recovery_weeks"":2},{""target"":""demand"",""magnitude"":0.165981125466097,""start_week"":34,""duration_weeks"":10,""recovery_weeks"":2},{""target"":""T2P"",""magnitude"":0.41481796785317093,""start_week"":37,""duration_weeks"":1,""recovery_weeks"":3}]"
A,1618,584,Demand-supply coupling,True,True,True,Structural,Concentrated dependency; Propagation-amplified cascade,Propagation-amplified cascade,3,0.6267225851628798,1497.1660865715685,True,True,False,False,False,"[{""target"":""corridor"",""magnitude"":0.4551697794450532,""start_week"":6,""duration_weeks"":3,""recovery_weeks"":4},{""target"":""T2P"",""magnitude"":0.24540380759067545,""start_week"":8,""duration_weeks"":1,""recovery_weeks"":3},{""target"":""demand"",""magnitude"":0.15910980595101237,""start_week"":10,""duration_weeks"":5,""recovery_weeks"":2}]"
A,1618,585,Demand-supply coupling,False,,False,Non-failure,Unclassified,Unclassified,3,0.8428970751230688,167.746023283559,False,True,False,True,False,"[{""target"":""S1B"",""magnitude"":0.24506239093682108,""start_week"":25,""duration_weeks"":1,""recovery_weeks"":2},{""target"":""demand"",""magnitude"":0.1863844703150656,""start_week"":36,""duration_weeks"":1,""recovery_weeks"":1},{""target"":""corridor"",""magnitude"":0.34769668294956585,""start_week"":48,""duration_weeks"":3,""recovery_weeks"":4}]"
A,1618,586,Demand-supply coupling,True,True,True,Structural,Concentrated dependency; Recovery lag and temporal overlap,Recovery lag and temporal overlap,7,0.8465716386955051,690.4276258702271,True,True,True,True,False,"[{""target"":""S1A"",""magnitude"":0.23179598674172142,""start_week"":2,""duration_weeks"":3,""recovery_weeks"":4},{""target"":""corridor"",""magnitude"":0.3650712709783711,""start_week"":8,""duration_weeks"":4,""recovery_weeks"":1},{""target"":""S1B"",""magnitude"":0.29255496755610716,""start_week"":16,""duration_weeks"":3,""recovery_weeks"":4},{""target"":""demand"",""magnitude"":0.1314639901429733,""start_week"":25,""duration_weeks"":9,""recovery_weeks"":1},{""target"":""corridor"",""magnitude"":0.20140880842594497,""start_week"":28,""duration_weeks"":1,""recovery_weeks"":2},{""target"":""demand"",""magnitude"":0.12590408247386342,""start_week"":36,""duration_weeks"":5,""recovery_weeks"":2},{""target"":""T2P"",""magnitude"":0.24851313651315607,""start_week"":48,""duration_weeks"":2,""recovery_weeks"":2}]"
A,1618,587,Demand-supply coupling,False,,False,Non-failure,Unclassified,Unclassified,0,1.0,0.0,False,False,False,False,False,[]
A,1618,588,Demand-supply coupling,False,,False,Non-failure,Unclassified,Unclassified,0,1.0,0.0,False,False,False,False,False,[]
A,1618,589,Demand-supply coupling,True,True,True,Structural,Concentrated dependency; Hidden convergent dependency; Propagation-amplified cascade,Hidden convergent dependency,1,0.5655542065512388,1646.0072846233109,True,False,False,False,False,"[{""target"":""T2P"",""magnitude"":0.4910012141038851,""start_week"":16,""duration_weeks"":4,""recovery_weeks"":3}]"
A,1618,590,Demand-supply coupling,True,True,True,Structural,Concentrated dependency; Hidden convergent dependency; Propagation-amplified cascade,Hidden convergent dependency,4,0.39587559756619145,3872.4588232406004,True,True,False,False,False,"[{""target"":""T2P"",""magnitude"":0.6437119621904277,""start_week"":10,""duration_weeks"":3,""recovery_weeks"":3},{""target"":""T2P"",""magnitude"":0.4227655864895302,""start_week"":25,""duration_weeks"":6,""recovery_weeks"":4},{""target"":""demand"",""magnitude"":0.059404269306464974,""start_week"":36,""duration_weeks"":3,""recovery_weeks"":1},{""target"":""corridor"",""magnitude"":0.42285779173512994,""start_week"":47,""duration_weeks"":4,""recovery_weeks"":3}]"
A,1618,591,Demand-supply coupling,False,,False,Non-failure,Unclassified,Unclassified,2,0.9205942128058948,81.29775236092837,False,False,True,False,False,"[{""target"":""S1A"",""magnitude"":0.3275866459183858,""start_week"":31,""duration_weeks"":5,""recovery_weeks"":3},{""target"":""demand"",""magnitude"":0.13758504447258824,""start_week"":50,""duration_weeks"":2,""recovery_weeks"":3}]"
A,1618,592,Demand-supply coupling,False,,False,Non-failure,Unclassified,Unclassified,1,1.0,0.0,False,True,False,False,False,"[{""target"":""corridor"",""magnitude"":0.1822128662522964,""start_week"":22,""duration_weeks"":6,""recovery_weeks"":4}]"
A,1618,593,Demand-supply coupling,False,,False,Non-failure,Unclassified,Unclassified,0,1.0,0.0,False,False,False,False,False,[]
A,1618,594,Demand-supply coupling,False,,False,Non-failure,Unclassified,Unclassified,2,0.8542534209779096,153.55153154636696,False,False,True,False,False,"[{""target"":""demand"",""magnitude"":0.1706128128292968,""start_week"":11,""duration_weeks"":4,""recovery_weeks"":4},{""target"":""S1A"",""magnitude"":0.2561820708477962,""start_week"":16,""duration_weeks"":5,""recovery_weeks"":3}]"
A,1618,595,Demand-supply coupling,True,False,False,Adaptation-limited,Concentrated dependency,Concentrated dependency,2,0.7293855701135589,549.4746317274585,False,True,False,False,False,"[{""target"":""corridor"",""magnitude"":0.4529608224148308,""start_week"":4,""duration_weeks"":1,""recovery_weeks"":3},{""target"":""demand"",""magnitude"":0.11352518343014713,""start_week"":32,""duration_weeks"":7,""recovery_weeks"":4}]"
A,1618,596,Demand-supply coupling,True,True,False,Structural,Hidden convergent dependency; Compounding moderate disturbance,Hidden convergent dependency,7,0.7830327017098155,1322.1323514812075,True,False,False,True,True,"[{""target"":""S1B"",""magnitude"":0.4593640502822439,""start_week"":2,""duration_weeks"":1,""recovery_weeks"":2},{""target"":""demand"",""magnitude"":0.2159161977233035,""start_week"":18,""duration_weeks"":13,""recovery_weeks"":3},{""target"":""demand"",""magnitude"":0.11483257452333583,""start_week"":32,""duration_weeks"":1,""recovery_weeks"":3},{""target"":""T2P"",""magnitude"":0.22642820331550378,""start_week"":37,""duration_weeks"":1,""recovery_weeks"":4},{""target"":""demand"",""magnitude"":0.1780107518719764,""start_week"":43,""duration_weeks"":1,""recovery_weeks"":2},{""target"":""S1C"",""magnitude"":0.3372623998588571,""start_week"":44,""duration_weeks"":1,""recovery_weeks"":3},{""target"":""demand"",""magnitude"":0.12924051396774805,""start_week"":48,""duration_weeks"":5,""recovery_weeks"":3}]"
A,1618,597,Demand-supply coupling,True,True,False,Structural,Concentrated dependency,Concentrated dependency,3,0.8588032338332675,1557.5466089542733,True,True,False,False,False,"[{""target"":""T2P"",""magnitude"":0.3831554857617699,""start_week"":8,""duration_weeks"":1,""recovery_weeks"":1},{""target"":""corridor"",""magnitude"":0.29351274835397045,""start_week"":33,""duration_weeks"":1,""recovery_weeks"":4},{""target"":""demand"",""magnitude"":0.2588870797622065,""start_week"":38,""duration_weeks"":14,""recovery_weeks"":4}]"
A,1618,598,Demand-supply coupling,False,,False,Non-failure,Unclassified,Unclassified,2,0.9380491618046141,59.43798752358009,True,False,False,False,False,"[{""target"":""demand"",""magnitude"":0.06604220835953335,""start_week"":2,""duration_weeks"":1,""recovery_weeks"":4},{""target"":""T2P"",""magnitude"":0.16250458831099657,""start_week"":34,""duration_weeks"":1,""recovery_weeks"":3}]"
A,1618,599,Demand-supply coupling,False,,False,Non-failure,Unclassified,Unclassified,2,0.817307347730625,298.39919324047946,True,False,False,False,False,"[{""target"":""T2P"",""magnitude"":0.2644233870424375,""start_week"":22,""duration_weeks"":4,""recovery_weeks"":3},{""target"":""demand"",""magnitude"":0.3178014384865916,""start_week"":47,""duration_weeks"":1,""recovery_weeks"":2}]"
A,1618,600,Demand-supply coupling,False,,False,Non-failure,Unclassified,Unclassified,0,1.0,0.0,False,False,False,False,False,[]
A,1618,601,Demand-supply coupling,True,True,False,Structural,Concentrated dependency,Concentrated dependency,3,0.6935768593736579,571.8490470943698,False,True,False,False,False,"[{""target"":""corridor"",""magnitude"":0.1893965996019638,""start_week"":22,""duration_weeks"":1,""recovery_weeks"":2},{""target"":""demand"",""magnitude"":0.06197123664212606,""start_week"":33,""duration_weeks"":1,""recovery_weeks"":1},{""target"":""corridor"",""magnitude"":0.47981735546975657,""start_week"":42,""duration_weeks"":1,""recovery_weeks"":4}]"
A,1618,602,Demand-supply coupling,False,,False,Non-failure,Unclassified,Unclassified,3,0.837897946783919,296.6002845303208,False,True,False,False,False,"[{""target"":""corridor"",""magnitude"":0.3036329554317899,""start_week"":36,""duration_weeks"":1,""recovery_weeks"":4},{""target"":""demand"",""magnitude"":0.10811751755856312,""start_week"":38,""duration_weeks"":1,""recovery_weeks"":1},{""target"":""corridor"",""magnitude"":0.1952286206712281,""start_week"":49,""duration_weeks"":5,""recovery_weeks"":2}]"
A,1618,603,Demand-supply coupling,True,True,False,Structural,Concentrated dependency,Concentrated dependency,3,0.8745484070336541,277.1168143834941,False,True,False,False,True,"[{""target"":""S1C"",""magnitude"":0.31412993380508947,""start_week"":22,""duration_weeks"":6,""recovery_weeks"":1},{""target"":""corridor"",""magnitude"":0.34408869472475934,""start_week"":24,""duration_weeks"":1,""recovery_weeks"":2},{""target"":""demand"",""magnitude"":0.18741173134778438,""start_week"":50,""duration_weeks"":1,""recovery_weeks"":4}]"
A,1618,604,Demand-supply coupling,True,True,True,Structural,Concentrated dependency; Hidden convergent dependency; Recovery lag and temporal overlap,Hidden convergent dependency,4,0.6657500805552377,1847.1390760945133,True,False,True,False,True,"[{""target"":""S1C"",""magnitude"":0.24916416264136204,""start_week"":18,""duration_weeks"":2,""recovery_weeks"":2},{""target"":""demand"",""magnitude"":0.171741575053529,""start_week"":21,""duration_weeks"":4,""recovery_weeks"":4},{""target"":""S1A"",""magnitude"":0.3400759434744791,""start_week"":30,""duration_weeks"":8,""recovery_weeks"":3},{""target"":""T2P"",""magnitude"":0.4008249275002861,""start_week"":39,""duration_weeks"":6,""recovery_weeks"":4}]"
A,1618,605,Demand-supply coupling,False,,False,Non-failure,Unclassified,Unclassified,0,1.0,0.0,False,False,False,False,False,[]
A,1618,606,Demand-supply coupling,False,,False,Non-failure,Unclassified,Unclassified,1,1.0,0.0,True,False,False,False,False,"[{""target"":""T2P"",""magnitude"":0.2352724256026803,""start_week"":34,""duration_weeks"":2,""recovery_weeks"":2}]"
A,1618,607,Demand-supply coupling,True,True,False,Structural,Concentrated dependency,Concentrated dependency,4,0.825545290752606,314.0184766453093,False,True,False,True,False,"[{""target"":""corridor"",""magnitude"":0.3808410319355454,""start_week"":7,""duration_weeks"":1,""recovery_weeks"":2},{""target"":""demand"",""magnitude"":0.21344857061275724,""start_week"":15,""duration_weeks"":2,""recovery_weeks"":2},{""target"":""S1B"",""magnitude"":0.365003571952608,""start_week"":30,""duration_weeks"":3,""recovery_weeks"":3},{""target"":""demand"",""magnitude"":0.1947189493587087,""start_week"":32,""duration_weeks"":4,""recovery_weeks"":1}]"
A,1618,608,Demand-supply coupling,True,True,False,Structural,Concentrated dependency,Concentrated dependency,6,0.8728287260345955,488.65305704852017,True,True,False,False,True,"[{""target"":""S1C"",""magnitude"":0.5361353664221602,""start_week"":15,""duration_weeks"":3,""recovery_weeks"":4},{""target"":""demand"",""magnitude"":0.16261909331156515,""start_week"":19,""duration_weeks"":3,""recovery_weeks"":2},{""target"":""T2P"",""magnitude"":0.24335319871081273,""start_week"":29,""duration_weeks"":2,""recovery_weeks"":3},{""target"":""demand"",""magnitude"":0.16061248049285845,""start_week"":37,""duration_weeks"":1,""recovery_weeks"":1},{""target"":""T2P"",""magnitude"":0.1877534580947321,""start_week"":38,""duration_weeks"":6,""recovery_weeks"":3},{""target"":""corridor"",""magnitude"":0.35851790590806565,""start_week"":51,""duration_weeks"":1,""recovery_weeks"":3}]"
A,1618,609,Demand-supply coupling,True,True,True,Structural,Concentrated dependency; Hidden convergent dependency; Propagation-amplified cascade; Recovery lag and temporal overlap,Hidden convergent dependency,6,0.4827899021887896,1079.7875430530385,True,True,False,False,False,"[{""target"":""corridor"",""magnitude"":0.2232343440616701,""start_week"":5,""duration_weeks"":2,""recovery_weeks"":1},{""target"":""demand"",""magnitude"":0.08914477108787813,""start_week"":12,""duration_weeks"":1,""recovery_weeks"":4},{""target"":""T2P"",""magnitude"":0.5654890880300893,""start_week"":13,""duration_weeks"":1,""recovery_weeks"":4},{""target"":""demand"",""magnitude"":0.13106553412393757,""start_week"":33,""duration_weeks"":2,""recovery_weeks"":2},{""target"":""corridor"",""magnitude"":0.4662656267372648,""start_week"":46,""duration_weeks"":1,""recovery_weeks"":1},{""target"":""demand"",""magnitude"":0.07271049464901533,""start_week"":50,""duration_weeks"":2,""recovery_weeks"":2}]"
A,1618,610,Demand-supply coupling,False,,False,Non-failure,Unclassified,Unclassified,1,1.0,0.0,True,False,False,False,False,"[{""target"":""T2P"",""magnitude"":0.21279783176082145,""start_week"":44,""duration_weeks"":1,""recovery_weeks"":2}]"
A,1618,611,Demand-supply coupling,True,True,True,Structural,Concentrated dependency; Hidden convergent dependency; Propagation-amplified cascade,Hidden convergent dependency,5,0.7311072961059467,1349.0152712600993,True,False,True,False,False,"[{""target"":""S1A"",""magnitude"":0.2630460606721572,""start_week"":2,""duration_weeks"":1,""recovery_weeks"":4},{""target"":""demand"",""magnitude"":0.05241151705591936,""start_week"":5,""duration_weeks"":3,""recovery_weeks"":3},{""target"":""S1A"",""magnitude"":0.3186359522665957,""start_week"":7,""duration_weeks"":1,""recovery_weeks"":4},{""target"":""T2P"",""magnitude"":0.34200343350464807,""start_week"":14,""duration_weeks"":6,""recovery_weeks"":3},{""target"":""demand"",""magnitude"":0.22596193709779216,""start_week"":28,""duration_weeks"":1,""recovery_weeks"":4}]"
A,1618,612,Demand-supply coupling,False,,False,Non-failure,Unclassified,Unclassified,1,0.8188049769395941,199.1628352869625,False,False,False,False,False,"[{""target"":""demand"",""magnitude"":0.22129203920773582,""start_week"":37,""duration_weeks"":1,""recovery_weeks"":4}]"
A,1618,613,Demand-supply coupling,False,,False,Non-failure,Unclassified,Unclassified,3,0.8836189370659892,118.53860555366032,False,False,False,False,True,"[{""target"":""demand"",""magnitude"":0.13170956172628906,""start_week"":13,""duration_weeks"":1,""recovery_weeks"":2},{""target"":""S1C"",""magnitude"":0.18195682655544454,""start_week"":15,""duration_weeks"":2,""recovery_weeks"":1},{""target"":""demand"",""magnitude"":0.15089968978835278,""start_week"":20,""duration_weeks"":1,""recovery_weeks"":1}]"
A,1618,614,Demand-supply coupling,False,,False,Non-failure,Unclassified,Unclassified,1,1.0,0.0,True,False,False,False,False,"[{""target"":""T2P"",""magnitude"":0.2831380889699204,""start_week"":1,""duration_weeks"":2,""recovery_weeks"":2}]"
A,1618,615,Demand-supply coupling,True,True,True,Structural,Concentrated dependency; Hidden convergent dependency,Hidden convergent dependency,3,0.5700240357743779,1392.8834826730586,True,True,False,False,False,"[{""target"":""T2P"",""magnitude"":0.4369472966403618,""start_week"":13,""duration_weeks"":3,""recovery_weeks"":2},{""target"":""demand"",""magnitude"":0.13002978957813094,""start_week"":15,""duration_weeks"":2,""recovery_weeks"":4},{""target"":""corridor"",""magnitude"":0.18365366655469467,""start_week"":36,""duration_weeks"":1,""recovery_weeks"":4}]"
A,1618,616,Demand-supply coupling,False,,False,Non-failure,Unclassified,Unclassified,1,0.9208001464681553,166.31969241687386,False,False,False,False,True,"[{""target"":""S1C"",""magnitude"":0.4281996704466505,""start_week"":2,""duration_weeks"":8,""recovery_weeks"":1}]"
A,1618,617,Demand-supply coupling,False,,False,Non-failure,Unclassified,Unclassified,2,0.7189759980252101,252.92160177731103,True,False,True,False,False,"[{""target"":""T2P"",""magnitude"":0.5264608008886554,""start_week"":31,""duration_weeks"":1,""recovery_weeks"":1},{""target"":""S1A"",""magnitude"":0.24179472302269503,""start_week"":38,""duration_weeks"":1,""recovery_weeks"":2}]"
A,1618,618,Demand-supply coupling,False,,False,Non-failure,Unclassified,Unclassified,3,0.8923591163107233,108.56256584329685,True,False,False,True,False,"[{""target"":""T2P"",""magnitude"":0.18566101179941713,""start_week"":24,""duration_weeks"":1,""recovery_weeks"":3},{""target"":""demand"",""magnitude"":0.12062507315921857,""start_week"":30,""duration_weeks"":1,""recovery_weeks"":1},{""target"":""S1B"",""magnitude"":0.19858783682862555,""start_week"":33,""duration_weeks"":2,""recovery_weeks"":1}]"
A,1618,619,Demand-supply coupling,True,True,True,Structural,Concentrated dependency,Concentrated dependency,5,0.5913431706627135,1530.0399106556379,True,True,False,False,True,"[{""target"":""S1C"",""magnitude"":0.4803438072287083,""start_week"":3,""duration_weeks"":5,""recovery_weeks"":3},{""target"":""demand"",""magnitude"":0.22685331095611566,""start_week"":10,""duration_weeks"":4,""recovery_weeks"":4},{""target"":""corridor"",""magnitude"":0.29700153544499197,""start_week"":31,""duration_weeks"":3,""recovery_weeks"":1},{""target"":""T2P"",""magnitude"":0.4038073066581004,""start_week"":42,""duration_weeks"":14,""recovery_weeks"":4},{""target"":""demand"",""magnitude"":0.12022317801194392,""start_week"":45,""duration_weeks"":3,""recovery_weeks"":1}]"
A,1618,620,Demand-supply coupling,True,False,False,Adaptation-limited,Concentrated dependency,Concentrated dependency,2,0.6883600686656942,560.9518764017504,False,True,False,False,False,"[{""target"":""corridor"",""magnitude"":0.48372994850072937,""start_week"":23,""duration_weeks"":1,""recovery_weeks"":1},{""target"":""demand"",""magnitude"":0.18543882335759576,""start_week"":35,""duration_weeks"":1,""recovery_weeks"":3}]"
A,1618,621,Demand-supply coupling,False,,False,Non-failure,Unclassified,Unclassified,1,0.8351696035428942,177.62542623927789,False,False,False,False,False,"[{""target"":""demand"",""magnitude"":0.1973615847103088,""start_week"":7,""duration_weeks"":2,""recovery_weeks"":3}]"
A,1618,622,Demand-supply coupling,True,False,False,Adaptation-limited,Concentrated dependency,Concentrated dependency,3,0.7634737924938616,425.74717351104925,True,True,False,False,False,"[{""target"":""corridor"",""magnitude"":0.42739465562960377,""start_week"":17,""duration_weeks"":1,""recovery_weeks"":1},{""target"":""demand"",""magnitude"":0.11440771054748244,""start_week"":22,""duration_weeks"":6,""recovery_weeks"":3},{""target"":""T2P"",""magnitude"":0.27255941963882413,""start_week"":34,""duration_weeks"":3,""recovery_weeks"":4}]"
A,1618,623,Demand-supply coupling,True,True,True,Structural,Concentrated dependency; Hidden convergent dependency; Propagation-amplified cascade,Hidden convergent dependency,1,0.7171546089452328,1336.4868155943243,True,False,False,False,False,"[{""target"":""T2P"",""magnitude"":0.35456085194929055,""start_week"":39,""duration_weeks"":6,""recovery_weeks"":3}]"
A,1618,624,Demand-supply coupling,True,True,True,Structural,Concentrated dependency; Recovery lag and temporal overlap,Recovery lag and temporal overlap,3,0.7467831973406954,2810.19378321601,True,True,False,False,False,"[{""target"":""corridor"",""magnitude"":0.22825832891185271,""start_week"":1,""duration_weeks"":5,""recovery_weeks"":4},{""target"":""demand"",""magnitude"":0.30743687388177765,""start_week"":9,""duration_weeks"":13,""recovery_weeks"":4},{""target"":""T2P"",""magnitude"":0.3278951223933742,""start_week"":29,""duration_weeks"":3,""recovery_weeks"":4}]"
A,1618,625,Demand-supply coupling,True,False,False,Adaptation-limited,Hidden convergent dependency; Compounding moderate disturbance; Recovery lag and temporal overlap,Hidden convergent dependency,2,0.7147413750305758,971.014387669818,True,False,False,False,False,"[{""target"":""T2P"",""magnitude"":0.24420960042770395,""start_week"":36,""duration_weeks"":4,""recovery_weeks"":3},{""target"":""demand"",""magnitude"":0.17492444116581404,""start_week"":40,""duration_weeks"":4,""recovery_weeks"":1}]"
A,1618,626,Demand-supply coupling,False,,False,Non-failure,Unclassified,Unclassified,1,1.0,0.0,True,False,False,False,False,"[{""target"":""T2P"",""magnitude"":0.2930570325880669,""start_week"":6,""duration_weeks"":1,""recovery_weeks"":4}]"
A,1618,627,Demand-supply coupling,True,True,True,Structural,Hidden convergent dependency; Compounding moderate disturbance,Hidden convergent dependency,7,0.5666999301550161,3310.919599244551,True,False,False,False,True,"[{""target"":""T2P"",""magnitude"":0.3940094204411539,""start_week"":15,""duration_weeks"":2,""recovery_weeks"":1},{""target"":""demand"",""magnitude"":0.21812864524897912,""start_week"":22,""duration_weeks"":2,""recovery_weeks"":1},{""target"":""T2P"",""magnitude"":0.2955597750452178,""start_week"":30,""duration_weeks"":7,""recovery_weeks"":3},{""target"":""demand"",""magnitude"":0.22183095904136463,""start_week"":31,""duration_weeks"":5,""recovery_weeks"":3},{""target"":""S1C"",""magnitude"":0.19897013511233,""start_week"":32,""duration_weeks"":2,""recovery_weeks"":2},{""target"":""demand"",""magnitude"":0.13041354658822812,""start_week"":35,""duration_weeks"":1,""recovery_weeks"":2},{""target"":""demand"",""magnitude"":0.10967900804273788,""start_week"":37,""duration_weeks"":1,""recovery_weeks"":1}]"
A,1618,628,Demand-supply coupling,False,,False,Non-failure,Unclassified,Unclassified,2,0.9560304468233307,43.06661167567688,True,False,False,False,False,"[{""target"":""T2P"",""magnitude"":0.20559965853585271,""start_week"":20,""duration_weeks"":5,""recovery_weeks"":2},{""target"":""demand"",""magnitude"":0.0882937690652439,""start_week"":35,""duration_weeks"":2,""recovery_weeks"":1}]"
A,1618,629,Demand-supply coupling,True,True,True,Structural,Concentrated dependency; Recovery lag and temporal overlap,Recovery lag and temporal overlap,6,0.5208293781307604,2349.7734988009365,False,True,False,False,True,"[{""target"":""corridor"",""magnitude"":0.16337527200163066,""start_week"":11,""duration_weeks"":1,""recovery_weeks"":2},{""target"":""S1C"",""magnitude"":0.3788245017566611,""start_week"":15,""duration_weeks"":11,""recovery_weeks"":1},{""target"":""demand"",""magnitude"":0.24703027607796857,""start_week"":32,""duration_weeks"":1,""recovery_weeks"":4},{""target"":""corridor"",""magnitude"":0.5616907953239422,""start_week"":36,""duration_weeks"":3,""recovery_weeks"":3},{""target"":""demand"",""magnitude"":0.12208008503446363,""start_week"":39,""duration_weeks"":3,""recovery_weeks"":1},{""target"":""corridor"",""magnitude"":0.29646588345969394,""start_week"":41,""duration_weeks"":1,""recovery_weeks"":4}]"
A,1618,630,Demand-supply coupling,False,,False,Non-failure,Unclassified,Unclassified,4,0.7735104538271139,203.84059155559748,True,False,False,False,True,"[{""target"":""demand"",""magnitude"":0.1380284403203584,""start_week"":13,""duration_weeks"":3,""recovery_weeks"":2},{""target"":""T2P"",""magnitude"":0.31494180275271544,""start_week"":17,""duration_weeks"":2,""recovery_weeks"":1},{""target"":""demand"",""magnitude"":0.20117409595920427,""start_week"":35,""duration_weeks"":2,""recovery_weeks"":2},{""target"":""S1C"",""magnitude"":0.30109632771937833,""start_week"":45,""duration_weeks"":1,""recovery_weeks"":1}]"
A,1618,631,Demand-supply coupling,True,False,True,Adaptation-limited,Concentrated dependency,Concentrated dependency,3,0.7068033448792954,1320.7334627117002,False,True,False,False,False,"[{""target"":""corridor"",""magnitude"":0.42620389558586125,""start_week"":10,""duration_weeks"":4,""recovery_weeks"":3},{""target"":""demand"",""magnitude"":0.08242480471401638,""start_week"":14,""duration_weeks"":5,""recovery_weeks"":2},{""target"":""corridor"",""magnitude"":0.1889275943017406,""start_week"":39,""duration_weeks"":4,""recovery_weeks"":4}]"
A,1618,632,Demand-supply coupling,False,,False,Non-failure,Unclassified,Unclassified,4,0.7788246770817174,199.05779062645433,True,True,False,False,False,"[{""target"":""T2P"",""magnitude"":0.4995288953132272,""start_week"":6,""duration_weeks"":1,""recovery_weeks"":1},{""target"":""demand"",""magnitude"":0.13273758958583237,""start_week"":33,""duration_weeks"":1,""recovery_weeks"":1},{""target"":""corridor"",""magnitude"":0.31035688180010135,""start_week"":43,""duration_weeks"":3,""recovery_weeks"":1},{""target"":""demand"",""magnitude"":0.1489398644789667,""start_week"":51,""duration_weeks"":6,""recovery_weeks"":3}]"
A,1618,633,Demand-supply coupling,False,,False,Non-failure,Unclassified,Unclassified,1,1.0,0.0,False,False,True,False,False,"[{""target"":""S1A"",""magnitude"":0.17248173952850054,""start_week"":36,""duration_weeks"":2,""recovery_weeks"":2}]"
A,1618,634,Demand-supply coupling,False,,False,Non-failure,Unclassified,Unclassified,5,0.8285476445178396,190.1017923909485,True,False,True,False,False,"[{""target"":""T2P"",""magnitude"":0.25896797604804705,""start_week"":7,""duration_weeks"":1,""recovery_weeks"":2},{""target"":""demand"",""magnitude"":0.06561305325879224,""start_week"":10,""duration_weeks"":1,""recovery_weeks"":4},{""target"":""S1A"",""magnitude"":0.371690228546359,""start_week"":17,""duration_weeks"":1,""recovery_weeks"":4},{""target"":""demand"",""magnitude"":0.2319703230306348,""start_week"":39,""duration_weeks"":1,""recovery_weeks"":2},{""target"":""T2P"",""magnitude"":0.35075508306834813,""start_week"":51,""duration_weeks"":1,""recovery_weeks"":4}]"
A,1618,635,Demand-supply coupling,True,True,True,Structural,Concentrated dependency,Concentrated dependency,8,0.6439674328655961,2431.2285627632414,False,True,False,True,True,"[{""target"":""S1C"",""magnitude"":0.28581995100507696,""start_week"":3,""duration_weeks"":3,""recovery_weeks"":1},{""target"":""demand"",""magnitude"":0.06474039333208628,""start_week"":9,""duration_weeks"":2,""recovery_weeks"":3},{""target"":""corridor"",""magnitude"":0.40382198670456715,""start_week"":23,""duration_weeks"":5,""recovery_weeks"":1},{""target"":""demand"",""magnitude"":0.23438543186880373,""start_week"":24,""duration_weeks"":3,""recovery_weeks"":2},{""target"":""S1B"",""magnitude"":0.27430387970176173,""start_week"":28,""duration_weeks"":1,""recovery_weeks"":4},{""target"":""demand"",""magnitude"":0.28513677151944866,""start_week"":34,""duration_weeks"":2,""recovery_weeks"":2},{""target"":""demand"",""magnitude"":0.18157886461624223,""start_week"":36,""duration_weeks"":5,""recovery_weeks"":3},{""target"":""S1C"",""magnitude"":0.2000923385941129,""start_week"":46,""duration_weeks"":3,""recovery_weeks"":3}]"
A,1618,636,Demand-supply coupling,False,,False,Non-failure,Unclassified,Unclassified,2,0.8606067994531579,145.7737500701519,True,False,False,False,False,"[{""target"":""demand"",""magnitude"":0.16197083341127994,""start_week"":12,""duration_weeks"":6,""recovery_weeks"":1},{""target"":""T2P"",""magnitude"":0.2074625083397859,""start_week"":51,""duration_weeks"":2,""recovery_weeks"":3}]"
A,1618,637,Demand-supply coupling,False,,False,Non-failure,Unclassified,Unclassified,0,1.0,0.0,False,False,False,False,False,[]
A,1618,638,Demand-supply coupling,True,True,True,Structural,Concentrated dependency; Hidden convergent dependency,Hidden convergent dependency,2,0.4467924635086731,3156.9865302325843,True,False,False,False,False,"[{""target"":""demand"",""magnitude"":0.1932136305500335,""start_week"":9,""duration_weeks"":2,""recovery_weeks"":1},{""target"":""T2P"",""magnitude"":0.5978867828421943,""start_week"":32,""duration_weeks"":6,""recovery_weeks"":3}]"
A,1618,639,Demand-supply coupling,False,,False,Non-failure,Unclassified,Unclassified,2,0.872990385830715,130.939188572602,True,False,False,False,False,"[{""target"":""T2P"",""magnitude"":0.24346323566486278,""start_week"":20,""duration_weeks"":2,""recovery_weeks"":3},{""target"":""demand"",""magnitude"":0.14548798730289103,""start_week"":51,""duration_weeks"":1,""recovery_weeks"":4}]"
A,1618,640,Demand-supply coupling,False,,False,Non-failure,Unclassified,Unclassified,7,0.8629240100823619,626.9553080346302,True,True,False,False,False,"[{""target"":""demand"",""magnitude"":0.15885059207537258,""start_week"":1,""duration_weeks"":1,""recovery_weeks"":2},{""target"":""corridor"",""magnitude"":0.32246178965542016,""start_week"":4,""duration_weeks"":9,""recovery_weeks"":1},{""target"":""demand"",""magnitude"":0.12173402034621492,""start_week"":29,""duration_weeks"":1,""recovery_weeks"":2},{""target"":""T2P"",""magnitude"":0.2501449227605662,""start_week"":37,""duration_weeks"":1,""recovery_weeks"":1},{""target"":""demand"",""magnitude"":0.20477903186903312,""start_week"":43,""duration_weeks"":1,""recovery_weeks"":1},{""target"":""T2P"",""magnitude"":0.25149451920713867,""start_week"":47,""duration_weeks"":6,""recovery_weeks"":3},{""target"":""demand"",""magnitude"":0.1235896557181787,""start_week"":48,""duration_weeks"":3,""recovery_weeks"":1}]"
A,1618,641,Demand-supply coupling,True,False,False,Adaptation-limited,Concentrated dependency,Concentrated dependency,2,0.7385617441380118,563.9544482199005,False,True,False,False,False,"[{""target"":""corridor"",""magnitude"":0.3517483175651367,""start_week"":1,""duration_weeks"":1,""recovery_weeks"":2},{""target"":""demand"",""magnitude"":0.17029562313520427,""start_week"":2,""duration_weeks"":1,""recovery_weeks"":3}]"
A,1618,642,Demand-supply coupling,True,True,True,Structural,Concentrated dependency,Concentrated dependency,5,0.761070857822851,722.9111582079056,True,True,False,False,False,"[{""target"":""corridor"",""magnitude"":0.24364552918682217,""start_week"":28,""duration_weeks"":2,""recovery_weeks"":4},{""target"":""demand"",""magnitude"":0.1699993303834877,""start_week"":31,""duration_weeks"":3,""recovery_weeks"":3},{""target"":""corridor"",""magnitude"":0.35894777801748745,""start_week"":39,""duration_weeks"":3,""recovery_weeks"":4},{""target"":""demand"",""magnitude"":0.12307058822587867,""start_week"":41,""duration_weeks"":1,""recovery_weeks"":2},{""target"":""T2P"",""magnitude"":0.37720759557074535,""start_week"":50,""duration_weeks"":1,""recovery_weeks"":1}]"
A,1618,643,Demand-supply coupling,False,,False,Non-failure,Unclassified,Unclassified,3,0.9430925491928068,102.43341145294767,True,True,False,False,False,"[{""target"":""corridor"",""magnitude"":0.29268058810539477,""start_week"":2,""duration_weeks"":1,""recovery_weeks"":2},{""target"":""demand"",""magnitude"":0.13411510504821672,""start_week"":23,""duration_weeks"":1,""recovery_weeks"":1},{""target"":""T2P"",""magnitude"":0.24980277771950815,""start_week"":45,""duration_weeks"":1,""recovery_weeks"":2}]"
A,1618,644,Demand-supply coupling,False,,False,Non-failure,Unclassified,Unclassified,3,0.46955337157866706,477.40196557919967,True,False,False,True,False,"[{""target"":""T2P"",""magnitude"":0.6387009827895999,""start_week"":34,""duration_weeks"":1,""recovery_weeks"":1},{""target"":""demand"",""magnitude"":0.10009570037628227,""start_week"":41,""duration_weeks"":2,""recovery_weeks"":1},{""target"":""S1B"",""magnitude"":0.37637587881972545,""start_week"":51,""duration_weeks"":1,""recovery_weeks"":1}]"
A,1618,645,Demand-supply coupling,False,,False,Non-failure,Unclassified,Unclassified,3,0.953898202176702,81.81562810787159,True,False,False,False,True,"[{""target"":""S1C"",""magnitude"":0.33765960154414815,""start_week"":11,""duration_weeks"":6,""recovery_weeks"":3},{""target"":""demand"",""magnitude"":0.09522341706967354,""start_week"":25,""duration_weeks"":1,""recovery_weeks"":3},{""target"":""T2P"",""magnitude"":0.2813752654772714,""start_week"":36,""duration_weeks"":1,""recovery_weeks"":2}]"
A,1618,646,Demand-supply coupling,False,,False,Non-failure,Unclassified,Unclassified,1,1.0,0.0,False,True,False,False,False,"[{""target"":""corridor"",""magnitude"":0.19544302873873431,""start_week"":51,""duration_weeks"":3,""recovery_weeks"":3}]"
A,1618,647,Demand-supply coupling,False,,False,Non-failure,Unclassified,Unclassified,4,0.8914643483576776,722.9288596109072,False,False,True,False,True,"[{""target"":""S1A"",""magnitude"":0.21268433198514985,""start_week"":6,""duration_weeks"":4,""recovery_weeks"":2},{""target"":""demand"",""magnitude"":0.06935955732562342,""start_week"":11,""duration_weeks"":2,""recovery_weeks"":1},{""target"":""S1C"",""magnitude"":0.2595941693726075,""start_week"":30,""duration_weeks"":3,""recovery_weeks"":2},{""target"":""demand"",""magnitude"":0.23361211400009857,""start_week"":40,""duration_weeks"":8,""recovery_weeks"":3}]"
A,1618,648,Demand-supply coupling,False,,False,Non-failure,Unclassified,Unclassified,5,0.9205558587268179,218.9316169766861,True,True,False,False,True,"[{""target"":""corridor"",""magnitude"":0.27072016531812815,""start_week"":10,""duration_weeks"":5,""recovery_weeks"":4},{""target"":""S1C"",""magnitude"":0.4200636946302164,""start_week"":11,""duration_weeks"":6,""recovery_weeks"":4},{""target"":""corridor"",""magnitude"":0.3095831059548866,""start_week"":20,""duration_weeks"":2,""recovery_weeks"":4},{""target"":""demand"",""magnitude"":0.20815646232130874,""start_week"":27,""duration_weeks"":1,""recovery_weeks"":4},{""target"":""T2P"",""magnitude"":0.30197944329401716,""start_week"":51,""duration_weeks"":2,""recovery_weeks"":3}]"
A,1618,649,Demand-supply coupling,True,False,False,Adaptation-limited,Concentrated dependency,Concentrated dependency,2,0.8397190500840982,470.99032462943023,False,False,False,False,False,"[{""target"":""demand"",""magnitude"":0.09882306541364275,""start_week"":4,""duration_weeks"":2,""recovery_weeks"":2},{""target"":""demand"",""magnitude"":0.26830960043962737,""start_week"":46,""duration_weeks"":5,""recovery_weeks"":4}]"
A,1618,650,Demand-supply coupling,False,,False,Non-failure,Unclassified,Unclassified,1,0.9327873084757006,120.98284474373895,False,False,False,False,True,"[{""target"":""S1C"",""magnitude"":0.40122855592967366,""start_week"":46,""duration_weeks"":1,""recovery_weeks"":1}]"
A,1618,651,Demand-supply coupling,False,,False,Non-failure,Unclassified,Unclassified,3,0.8315977575260368,182.25400063301822,False,False,True,False,False,"[{""target"":""demand"",""magnitude"":0.20250444514779808,""start_week"":5,""duration_weeks"":1,""recovery_weeks"":3},{""target"":""S1A"",""magnitude"":0.2559421055423652,""start_week"":28,""duration_weeks"":3,""recovery_weeks"":3},{""target"":""demand"",""magnitude"":0.25805067134170245,""start_week"":47,""duration_weeks"":1,""recovery_weeks"":3}]"
A,1618,652,Demand-supply coupling,True,False,False,Adaptation-limited,Concentrated dependency; Hidden convergent dependency; Propagation-amplified cascade,Hidden convergent dependency,4,0.6164516767463819,644.7222893841804,True,False,False,False,False,"[{""target"":""T2P"",""magnitude"":0.4451934909282562,""start_week"":5,""duration_weeks"":2,""recovery_weeks"":1},{""target"":""demand"",""magnitude"":0.06639422749187675,""start_week"":7,""duration_weeks"":2,""recovery_weeks"":2},{""target"":""demand"",""magnitude"":0.24314435437436432,""start_week"":42,""duration_weeks"":1,""recovery_weeks"":4},{""target"":""T2P"",""magnitude"":0.1720421457659652,""start_week"":50,""duration_weeks"":2,""recovery_weeks"":1}]"
A,1618,653,Demand-supply coupling,False,,False,Non-failure,Unclassified,Unclassified,4,0.7598091407873804,293.557795091574,True,True,False,False,False,"[{""target"":""demand"",""magnitude"":0.15099847323366294,""start_week"":3,""duration_weeks"":3,""recovery_weeks"":2},{""target"":""T2P"",""magnitude"":0.45978917951945464,""start_week"":10,""duration_weeks"":1,""recovery_weeks"":1},{""target"":""demand"",""magnitude"":0.21881618850849016,""start_week"":19,""duration_weeks"":1,""recovery_weeks"":2},{""target"":""corridor"",""magnitude"":0.4301431444094648,""start_week"":35,""duration_weeks"":1,""recovery_weeks"":1}]"
A,1618,654,Demand-supply coupling,True,True,True,Structural,Concentrated dependency; Hidden convergent dependency; Propagation-amplified cascade,Hidden convergent dependency,4,0.6111722012460364,2396.079719229944,True,False,False,False,True,"[{""target"":""S1C"",""magnitude"":0.2621841593674053,""start_week"":2,""duration_weeks"":2,""recovery_weeks"":2},{""target"":""demand"",""magnitude"":0.0746379120255334,""start_week"":17,""duration_weeks"":1,""recovery_weeks"":3},{""target"":""T2P"",""magnitude"":0.40741405278993026,""start_week"":37,""duration_weeks"":7,""recovery_weeks"":3},{""target"":""demand"",""magnitude"":0.07732129977611744,""start_week"":43,""duration_weeks"":5,""recovery_weeks"":2}]"
A,1618,655,Demand-supply coupling,False,,False,Non-failure,Unclassified,Unclassified,1,0.9513934148741294,102.07382876432825,False,False,False,True,False,"[{""target"":""S1B"",""magnitude"":0.3593648165332089,""start_week"":12,""duration_weeks"":3,""recovery_weeks"":2}]"
A,1618,656,Demand-supply coupling,False,,False,Non-failure,Unclassified,Unclassified,1,0.9207676822502204,77.44525285741224,False,False,False,False,False,"[{""target"":""demand"",""magnitude"":0.08605028095268014,""start_week"":14,""duration_weeks"":5,""recovery_weeks"":3}]"
A,1618,657,Demand-supply coupling,False,,False,Non-failure,Unclassified,Unclassified,2,0.9373067948159612,131.65573088648136,False,False,True,False,False,"[{""target"":""S1A"",""magnitude"":0.391059711664087,""start_week"":41,""duration_weeks"":3,""recovery_weeks"":1},{""target"":""S1A"",""magnitude"":0.3966682489887253,""start_week"":50,""duration_weeks"":4,""recovery_weeks"":2}]"
A,1618,658,Demand-supply coupling,True,True,True,Structural,Concentrated dependency,Concentrated dependency,2,0.8098743960653938,566.6739132792952,False,True,False,False,False,"[{""target"":""corridor"",""magnitude"":0.3925942029509545,""start_week"":11,""duration_weeks"":2,""recovery_weeks"":4},{""target"":""demand"",""magnitude"":0.1950232296709552,""start_week"":35,""duration_weeks"":1,""recovery_weeks"":4}]"
A,1618,659,Demand-supply coupling,False,,False,Non-failure,Unclassified,Unclassified,3,0.9189337995929194,259.0374600757141,True,True,False,False,False,"[{""target"":""T2P"",""magnitude"":0.3459191607327453,""start_week"":3,""duration_weeks"":1,""recovery_weeks"":4},{""target"":""corridor"",""magnitude"":0.27246669794904854,""start_week"":10,""duration_weeks"":4,""recovery_weeks"":3},{""target"":""demand"",""magnitude"":0.16616746099198393,""start_week"":46,""duration_weeks"":1,""recovery_weeks"":2}]"
A,1618,660,Demand-supply coupling,False,,False,Non-failure,Unclassified,Unclassified,0,1.0,0.0,False,False,False,False,False,[]
A,1618,661,Demand-supply coupling,True,True,True,Structural,Concentrated dependency; Hidden convergent dependency; Propagation-amplified cascade,Hidden convergent dependency,5,0.6356788643225337,3168.029072378893,True,False,False,True,False,"[{""target"":""S1B"",""magnitude"":0.24714676456399925,""start_week"":12,""duration_weeks"":4,""recovery_weeks"":2},{""target"":""T2P"",""magnitude"":0.36119149456188604,""start_week"":15,""duration_weeks"":5,""recovery_weeks"":2},{""target"":""demand"",""magnitude"":0.21703451634916054,""start_week"":28,""duration_weeks"":12,""recovery_weeks"":2},{""target"":""T2P"",""magnitude"":0.30372119272525744,""start_week"":35,""duration_weeks"":2,""recovery_weeks"":2},{""target"":""demand"",""magnitude"":0.12238378308107487,""start_week"":42,""duration_weeks"":1,""recovery_weeks"":4}]"
A,1618,662,Demand-supply coupling,False,,False,Non-failure,Unclassified,Unclassified,2,0.9185963372272566,79.75570283309764,False,False,False,False,True,"[{""target"":""demand"",""magnitude"":0.08861744759233073,""start_week"":13,""duration_weeks"":2,""recovery_weeks"":1},{""target"":""S1C"",""magnitude"":0.2293525927865268,""start_week"":38,""duration_weeks"":6,""recovery_weeks"":3}]"
A,1618,663,Demand-supply coupling,True,False,False,Adaptation-limited,Concentrated dependency; Hidden convergent dependency; Propagation-amplified cascade,Hidden convergent dependency,3,0.6304684273206393,746.6028693514104,True,False,False,False,False,"[{""target"":""T2P"",""magnitude"":0.4325784154114245,""start_week"":11,""duration_weeks"":2,""recovery_weeks"":4},{""target"":""demand"",""magnitude"":0.14252211159169265,""start_week"":26,""duration_weeks"":3,""recovery_weeks"":3},{""target"":""T2P"",""magnitude"":0.2022483424584021,""start_week"":44,""duration_weeks"":5,""recovery_weeks"":3}]"
A,1618,664,Demand-supply coupling,True,True,True,Structural,Concentrated dependency; Hidden convergent dependency; Recovery lag and temporal overlap,Hidden convergent dependency,4,0.6829086146488026,1138.9586724816293,True,False,False,False,False,"[{""target"":""T2P"",""magnitude"":0.42211617849221705,""start_week"":12,""duration_weeks"":1,""recovery_weeks"":1},{""target"":""demand"",""magnitude"":0.13081382527143876,""start_week"":15,""duration_weeks"":1,""recovery_weeks"":3},{""target"":""T2P"",""magnitude"":0.3853822468160777,""start_week"":18,""duration_weeks"":3,""recovery_weeks"":1},{""target"":""demand"",""magnitude"":0.1027611296285522,""start_week"":43,""duration_weeks"":3,""recovery_weeks"":3}]"
A,1618,665,Demand-supply coupling,False,,False,Non-failure,Unclassified,Unclassified,3,0.9249279943246628,76.74101477607576,False,False,True,True,False,"[{""target"":""S1A"",""magnitude"":0.29874045934894317,""start_week"":13,""duration_weeks"":3,""recovery_weeks"":3},{""target"":""demand"",""magnitude"":0.1358134557426915,""start_week"":19,""duration_weeks"":3,""recovery_weeks"":3},{""target"":""S1B"",""magnitude"":0.234908258488603,""start_week"":26,""duration_weeks"":2,""recovery_weeks"":1}]"
A,1618,666,Demand-supply coupling,False,,False,Non-failure,Unclassified,Unclassified,1,1.0,0.0,False,False,False,True,False,"[{""target"":""S1B"",""magnitude"":0.22371688841490983,""start_week"":14,""duration_weeks"":4,""recovery_weeks"":3}]"
A,1618,667,Demand-supply coupling,False,,False,Non-failure,Unclassified,Unclassified,2,0.8006041443163842,275.2538699108968,False,False,False,False,True,"[{""target"":""S1C"",""magnitude"":0.30858966645076336,""start_week"":9,""duration_weeks"":6,""recovery_weeks"":4},{""target"":""demand"",""magnitude"":0.2864005449921655,""start_week"":43,""duration_weeks"":2,""recovery_weeks"":2}]"
A,1618,668,Demand-supply coupling,False,,False,Non-failure,Unclassified,Unclassified,5,0.806501522317409,501.8135470355651,False,True,True,False,False,"[{""target"":""S1A"",""magnitude"":0.3393933073142247,""start_week"":2,""duration_weeks"":3,""recovery_weeks"":4},{""target"":""demand"",""magnitude"":0.19066066786139502,""start_week"":4,""duration_weeks"":2,""recovery_weeks"":1},{""target"":""corridor"",""magnitude"":0.25499788639815535,""start_week"":5,""duration_weeks"":2,""recovery_weeks"":4},{""target"":""demand"",""magnitude"":0.1701323305405066,""start_week"":20,""duration_weeks"":1,""recovery_weeks"":2},{""target"":""demand"",""magnitude"":0.06634620087733907,""start_week"":24,""duration_weeks"":2,""recovery_weeks"":1}]"
A,1618,669,Demand-supply coupling,True,True,True,Structural,Concentrated dependency; Hidden convergent dependency; Propagation-amplified cascade,Hidden convergent dependency,2,0.5017978376888226,1367.7187573602687,True,False,False,False,True,"[{""target"":""T2P"",""magnitude"":0.5483819460800597,""start_week"":39,""duration_weeks"":3,""recovery_weeks"":2},{""target"":""S1C"",""magnitude"":0.23289015020632525,""start_week"":50,""duration_weeks"":1,""recovery_weeks"":4}]"
A,1618,670,Demand-supply coupling,True,True,True,Structural,Concentrated dependency; Hidden convergent dependency; Propagation-amplified cascade,Hidden convergent dependency,5,0.5559281227919388,1313.7527285717524,True,False,False,False,False,"[{""target"":""T2P"",""magnitude"":0.44772414669110827,""start_week"":5,""duration_weeks"":2,""recovery_weeks"":4},{""target"":""T2P"",""magnitude"":0.49966468948725495,""start_week"":17,""duration_weeks"":1,""recovery_weeks"":3},{""target"":""demand"",""magnitude"":0.1047085435415134,""start_week"":29,""duration_weeks"":7,""recovery_weeks"":2},{""target"":""T2P"",""magnitude"":0.3280691420689138,""start_week"":41,""duration_weeks"":3,""recovery_weeks"":1},{""target"":""demand"",""magnitude"":0.10316927343051294,""start_week"":47,""duration_weeks"":2,""recovery_weeks"":1}]"
A,1618,671,Demand-supply coupling,True,True,True,Structural,Compounding moderate disturbance,Compounding moderate disturbance,9,0.43433373921989576,5761.57556702948,False,True,True,False,True,"[{""target"":""demand"",""magnitude"":0.17671814164161798,""start_week"":1,""duration_weeks"":3,""recovery_weeks"":3},{""target"":""corridor"",""magnitude"":0.29879006851608253,""start_week"":2,""duration_weeks"":1,""recovery_weeks"":4},{""target"":""demand"",""magnitude"":0.2193184018215084,""start_week"":9,""duration_weeks"":1,""recovery_weeks"":3},{""target"":""S1A"",""magnitude"":0.3216151760615702,""start_week"":15,""duration_weeks"":3,""recovery_weeks"":2},{""target"":""demand"",""magnitude"":0.10353677588025836,""start_week"":18,""duration_weeks"":6,""recovery_weeks"":4},{""target"":""corridor"",""magnitude"":0.6405225593239444,""start_week"":20,""duration_weeks"":10,""recovery_weeks"":1},{""target"":""demand"",""magnitude"":0.07037479842416228,""start_week"":39,""duration_weeks"":1,""recovery_weeks"":3},{""target"":""S1C"",""magnitude"":0.199486375078196,""start_week"":48,""duration_weeks"":1,""recovery_weeks"":3},{""target"":""demand"",""magnitude"":0.12407704601296213,""start_week"":49,""duration_weeks"":1,""recovery_weeks"":3}]"
A,1618,672,Demand-supply coupling,True,True,False,Structural,Concentrated dependency; Hidden convergent dependency; Propagation-amplified cascade,Hidden convergent dependency,2,0.8097022676098561,314.0849489389119,True,False,False,False,False,"[{""target"":""T2P"",""magnitude"":0.48563397957556464,""start_week"":10,""duration_weeks"":1,""recovery_weeks"":2},{""target"":""demand"",""magnitude"":0.22279123599014578,""start_week"":26,""duration_weeks"":2,""recovery_weeks"":1}]"
A,1618,673,Demand-supply coupling,True,True,True,Structural,Concentrated dependency,Concentrated dependency,1,0.8294035228496008,614.1473177414371,False,True,False,False,False,"[{""target"":""corridor"",""magnitude"":0.3779473578627993,""start_week"":20,""duration_weeks"":3,""recovery_weeks"":2}]"
A,1618,674,Demand-supply coupling,True,True,False,Structural,Concentrated dependency; Hidden convergent dependency,Hidden convergent dependency,5,0.7842843801026321,853.4777053973363,True,False,True,False,True,"[{""target"":""S1A"",""magnitude"":0.38274516683064186,""start_week"":12,""duration_weeks"":1,""recovery_weeks"":2},{""target"":""demand"",""magnitude"":0.12648031472660104,""start_week"":18,""duration_weeks"":2,""recovery_weeks"":2},{""target"":""T2P"",""magnitude"":0.39219207721017485,""start_week"":34,""duration_weeks"":2,""recovery_weeks"":4},{""target"":""demand"",""magnitude"":0.21444078693135077,""start_week"":43,""duration_weeks"":2,""recovery_weeks"":1},{""target"":""S1C"",""magnitude"":0.24439583236734505,""start_week"":44,""duration_weeks"":1,""recovery_weeks"":4}]"
A,1618,675,Demand-supply coupling,False,,False,Non-failure,Unclassified,Unclassified,2,0.8572412754225419,181.8419536251805,False,False,False,True,False,"[{""target"":""S1B"",""magnitude"":0.20500671256651554,""start_week"":37,""duration_weeks"":2,""recovery_weeks"":1},{""target"":""demand"",""magnitude"":0.16653272383214524,""start_week"":39,""duration_weeks"":1,""recovery_weeks"":1}]"
A,1618,676,Demand-supply coupling,False,,False,Non-failure,Unclassified,Unclassified,2,0.908996669435728,90.10263762427996,False,True,False,False,False,"[{""target"":""corridor"",""magnitude"":0.24281847496209047,""start_week"":36,""duration_weeks"":1,""recovery_weeks"":2},{""target"":""demand"",""magnitude"":0.10011404180475547,""start_week"":51,""duration_weeks"":1,""recovery_weeks"":1}]"
A,1618,677,Demand-supply coupling,False,,False,Non-failure,Unclassified,Unclassified,1,0.8116026303317341,562.4193965770428,False,False,False,False,False,"[{""target"":""demand"",""magnitude"":0.23213006294873711,""start_week"":6,""duration_weeks"":6,""recovery_weeks"":1}]"
A,1618,678,Demand-supply coupling,True,True,True,Structural,Concentrated dependency,Concentrated dependency,4,0.8403164625298137,867.9637995823787,False,True,False,False,False,"[{""target"":""corridor"",""magnitude"":0.36976265310263967,""start_week"":2,""duration_weeks"":2,""recovery_weeks"":1},{""target"":""demand"",""magnitude"":0.15503406441420672,""start_week"":8,""duration_weeks"":4,""recovery_weeks"":3},{""target"":""corridor"",""magnitude"":0.2310006950284471,""start_week"":11,""duration_weeks"":2,""recovery_weeks"":2},{""target"":""demand"",""magnitude"":0.2601229594120498,""start_week"":21,""duration_weeks"":8,""recovery_weeks"":4}]"
A,1618,679,Demand-supply coupling,True,True,True,Structural,Concentrated dependency; Hidden convergent dependency,Hidden convergent dependency,3,0.6910603118444159,1170.6832342000498,True,False,False,False,False,"[{""target"":""T2P"",""magnitude"":0.27448645107429076,""start_week"":33,""duration_weeks"":6,""recovery_weeks"":1},{""target"":""demand"",""magnitude"":0.1665062392622252,""start_week"":41,""duration_weeks"":4,""recovery_weeks"":1},{""target"":""T2P"",""magnitude"":0.17892410938653502,""start_week"":46,""duration_weeks"":1,""recovery_weeks"":2}]"
A,1618,680,Demand-supply coupling,False,,False,Non-failure,Unclassified,Unclassified,3,0.9104106706003477,91.04850115384511,False,False,False,True,True,"[{""target"":""S1C"",""magnitude"":0.2592122852285984,""start_week"":5,""duration_weeks"":2,""recovery_weeks"":2},{""target"":""S1B"",""magnitude"":0.2779659915988725,""start_week"":20,""duration_weeks"":3,""recovery_weeks"":3},{""target"":""demand"",""magnitude"":0.1292081541403165,""start_week"":44,""duration_weeks"":2,""recovery_weeks"":1}]"
A,1618,681,Demand-supply coupling,True,False,False,Adaptation-limited,Concentrated dependency; Recovery lag and temporal overlap,Recovery lag and temporal overlap,4,0.6717127289518129,657.3186889811657,False,True,False,False,False,"[{""target"":""corridor"",""magnitude"":0.2811363279849136,""start_week"":20,""duration_weeks"":3,""recovery_weeks"":3},{""target"":""demand"",""magnitude"":0.09415555629025907,""start_week"":39,""duration_weeks"":4,""recovery_weeks"":3},{""target"":""corridor"",""magnitude"":0.4804040818707138,""start_week"":43,""duration_weeks"":1,""recovery_weeks"":3},{""target"":""demand"",""magnitude"":0.12306334690500229,""start_week"":49,""duration_weeks"":1,""recovery_weeks"":4}]"
A,1618,682,Demand-supply coupling,True,True,False,Structural,Concentrated dependency; Recovery lag and temporal overlap,Recovery lag and temporal overlap,5,0.7295051008836009,615.760134218048,True,True,False,False,False,"[{""target"":""corridor"",""magnitude"":0.19515927351470963,""start_week"":5,""duration_weeks"":2,""recovery_weeks"":2},{""target"":""demand"",""magnitude"":0.2246792633494218,""start_week"":20,""duration_weeks"":1,""recovery_weeks"":1},{""target"":""T2P"",""magnitude"":0.17261125956888004,""start_week"":23,""duration_weeks"":1,""recovery_weeks"":3},{""target"":""corridor"",""magnitude"":0.32649306287144225,""start_week"":25,""duration_weeks"":5,""recovery_weeks"":4},{""target"":""T2P"",""magnitude"":0.3434454092047592,""start_week"":42,""duration_weeks"":16,""recovery_weeks"":4}]"
A,1618,683,Demand-supply coupling,True,True,False,Structural,Concentrated dependency,Concentrated dependency,2,0.8243594120584572,625.8112681384789,False,True,False,False,False,"[{""target"":""demand"",""magnitude"":0.213063119523269,""start_week"":8,""duration_weeks"":8,""recovery_weeks"":1},{""target"":""corridor"",""magnitude"":0.332113676108041,""start_week"":41,""duration_weeks"":2,""recovery_weeks"":2}]"
A,1618,684,Demand-supply coupling,True,False,False,Adaptation-limited,Concentrated dependency; Hidden convergent dependency; Propagation-amplified cascade,Hidden convergent dependency,5,0.8159556901505338,617.6515770488294,True,False,True,True,False,"[{""target"":""T2P"",""magnitude"":0.23521051742260166,""start_week"":1,""duration_weeks"":6,""recovery_weeks"":4},{""target"":""demand"",""magnitude"":0.1213123216426194,""start_week"":13,""duration_weeks"":1,""recovery_weeks"":2},{""target"":""S1B"",""magnitude"":0.34189703668003385,""start_week"":41,""duration_weeks"":1,""recovery_weeks"":1},{""target"":""S1A"",""magnitude"":0.2126102087296136,""start_week"":43,""duration_weeks"":1,""recovery_weeks"":2},{""target"":""demand"",""magnitude"":0.26161857648728215,""start_week"":51,""duration_weeks"":1,""recovery_weeks"":1}]"
A,1618,685,Demand-supply coupling,False,,False,Non-failure,Unclassified,Unclassified,4,0.9030232376913229,174.55817215561888,True,False,True,False,False,"[{""target"":""S1A"",""magnitude"":0.4681977151945236,""start_week"":7,""duration_weeks"":1,""recovery_weeks"":1},{""target"":""demand"",""magnitude"":0.1444599520196197,""start_week"":16,""duration_weeks"":2,""recovery_weeks"":4},{""target"":""T2P"",""magnitude"":0.16756241845269876,""start_week"":18,""duration_weeks"":1,""recovery_weeks"":3},{""target"":""demand"",""magnitude"":0.11831844204382383,""start_week"":25,""duration_weeks"":3,""recovery_weeks"":4}]"
A,1618,686,Demand-supply coupling,True,True,True,Structural,Concentrated dependency; Propagation-amplified cascade,Propagation-amplified cascade,4,0.545699977178904,1554.9759673965918,True,True,False,False,False,"[{""target"":""T2P"",""magnitude"":0.19530475780666992,""start_week"":17,""duration_weeks"":2,""recovery_weeks"":4},{""target"":""T2P"",""magnitude"":0.42458389297330756,""start_week"":19,""duration_weeks"":1,""recovery_weeks"":1},{""target"":""corridor"",""magnitude"":0.4206555551407709,""start_week"":29,""duration_weeks"":2,""recovery_weeks"":3},{""target"":""demand"",""magnitude"":0.17131817149514095,""start_week"":32,""duration_weeks"":16,""recovery_weeks"":2}]"
A,1618,687,Demand-supply coupling,True,False,True,Adaptation-limited,Concentrated dependency,Concentrated dependency,5,0.6851979203251342,1309.294206442452,True,True,False,False,False,"[{""target"":""demand"",""magnitude"":0.1141732117327472,""start_week"":5,""duration_weeks"":1,""recovery_weeks"":3},{""target"":""T2P"",""magnitude"":0.4583514000096538,""start_week"":10,""duration_weeks"":2,""recovery_weeks"":1},{""target"":""demand"",""magnitude"":0.21946324395973155,""start_week"":27,""duration_weeks"":4,""recovery_weeks"":3},{""target"":""corridor"",""magnitude"":0.3915385578507572,""start_week"":45,""duration_weeks"":7,""recovery_weeks"":1},{""target"":""demand"",""magnitude"":0.09290871188500008,""start_week"":47,""duration_weeks"":3,""recovery_weeks"":3}]"
A,1618,688,Demand-supply coupling,True,True,True,Structural,Concentrated dependency; Hidden convergent dependency,Hidden convergent dependency,2,0.4826753883802469,2274.7476427200922,True,False,False,False,False,"[{""target"":""T2P"",""magnitude"":0.49068041016455544,""start_week"":24,""duration_weeks"":4,""recovery_weeks"":2},{""target"":""demand"",""magnitude"":0.17244564151445285,""start_week"":26,""duration_weeks"":4,""recovery_weeks"":1}]"
A,1618,689,Demand-supply coupling,True,False,False,Adaptation-limited,Compounding moderate disturbance; Recovery lag and temporal overlap,Compounding moderate disturbance,3,0.8518730724129395,494.0459842285329,False,True,True,False,False,"[{""target"":""corridor"",""magnitude"":0.29839115610343026,""start_week"":1,""duration_weeks"":4,""recovery_weeks"":3},{""target"":""demand"",""magnitude"":0.09814300841674319,""start_week"":5,""duration_weeks"":3,""recovery_weeks"":1},{""target"":""S1A"",""magnitude"":0.1994154580494113,""start_week"":42,""duration_weeks"":1,""recovery_weeks"":4}]"
A,1618,690,Demand-supply coupling,True,True,True,Structural,Concentrated dependency; Hidden convergent dependency; Propagation-amplified cascade,Hidden convergent dependency,5,0.5767101736688748,1304.8042184900635,True,False,False,False,True,"[{""target"":""T2P"",""magnitude"":0.48096084369801273,""start_week"":9,""duration_weeks"":4,""recovery_weeks"":1},{""target"":""demand"",""magnitude"":0.12997495842664875,""start_week"":31,""duration_weeks"":9,""recovery_weeks"":3},{""target"":""S1C"",""magnitude"":0.47721412500541915,""start_week"":32,""duration_weeks"":3,""recovery_weeks"":2},{""target"":""T2P"",""magnitude"":0.40419042169051334,""start_week"":42,""duration_weeks"":2,""recovery_weeks"":1},{""target"":""demand"",""magnitude"":0.06714806415231162,""start_week"":44,""duration_weeks"":1,""recovery_weeks"":2}]"
A,1618,691,Demand-supply coupling,False,,False,Non-failure,Unclassified,Unclassified,2,0.9511200717956351,47.492159923078134,False,False,False,True,False,"[{""target"":""S1B"",""magnitude"":0.28014558365631126,""start_week"":7,""duration_weeks"":1,""recovery_weeks"":3},{""target"":""demand"",""magnitude"":0.07956514094236339,""start_week"":34,""duration_weeks"":9,""recovery_weeks"":2}]"
A,1618,692,Demand-supply coupling,True,True,False,Structural,Concentrated dependency,Concentrated dependency,3,0.8752072741077673,336.9403599090282,False,True,False,False,False,"[{""target"":""corridor"",""magnitude"":0.23187190703478644,""start_week"":19,""duration_weeks"":2,""recovery_weeks"":3},{""target"":""corridor"",""magnitude"":0.3435945444191745,""start_week"":27,""duration_weeks"":2,""recovery_weeks"":1},{""target"":""demand"",""magnitude"":0.19483196738829878,""start_week"":44,""duration_weeks"":9,""recovery_weeks"":2}]"
A,1618,693,Demand-supply coupling,False,,False,Non-failure,Unclassified,Unclassified,1,1.0,0.0,True,False,False,False,False,"[{""target"":""T2P"",""magnitude"":0.23426242413522702,""start_week"":4,""duration_weeks"":2,""recovery_weeks"":2}]"
A,1618,694,Demand-supply coupling,True,True,False,Structural,Compounding moderate disturbance,Compounding moderate disturbance,4,0.7962632073749699,571.6917696894933,False,False,True,False,True,"[{""target"":""S1C"",""magnitude"":0.4015861002523372,""start_week"":28,""duration_weeks"":4,""recovery_weeks"":1},{""target"":""demand"",""magnitude"":0.17125642783676212,""start_week"":29,""duration_weeks"":1,""recovery_weeks"":4},{""target"":""S1A"",""magnitude"":0.41476959775134437,""start_week"":31,""duration_weeks"":1,""recovery_weeks"":2},{""target"":""demand"",""magnitude"":0.1114831851598709,""start_week"":36,""duration_weeks"":4,""recovery_weeks"":3}]"
A,1618,695,Demand-supply coupling,True,True,True,Structural,Concentrated dependency; Hidden convergent dependency,Hidden convergent dependency,5,0.2682171868678143,6706.975521357083,True,True,False,False,False,"[{""target"":""T2P"",""magnitude"":0.545765633796781,""start_week"":21,""duration_weeks"":11,""recovery_weeks"":4},{""target"":""demand"",""magnitude"":0.14541185093009187,""start_week"":25,""duration_weeks"":1,""recovery_weeks"":1},{""target"":""T2P"",""magnitude"":0.4685662597509511,""start_week"":29,""duration_weeks"":1,""recovery_weeks"":1},{""target"":""T2P"",""magnitude"":0.3851447191944617,""start_week"":37,""duration_weeks"":1,""recovery_weeks"":4},{""target"":""corridor"",""magnitude"":0.5214332742169285,""start_week"":40,""duration_weeks"":1,""recovery_weeks"":4}]"
A,1618,696,Demand-supply coupling,True,True,False,Structural,Concentrated dependency,Concentrated dependency,2,0.8550609545801425,260.89028175574356,False,True,False,False,False,"[{""target"":""corridor"",""magnitude"":0.22324241903190026,""start_week"":10,""duration_weeks"":3,""recovery_weeks"":1},{""target"":""corridor"",""magnitude"":0.3587042840648931,""start_week"":40,""duration_weeks"":1,""recovery_weeks"":3}]"
A,1618,697,Demand-supply coupling,True,True,False,Structural,Concentrated dependency,Concentrated dependency,4,0.6237332005979572,803.0403185649025,True,True,False,False,False,"[{""target"":""corridor"",""magnitude"":0.532200099551532,""start_week"":6,""duration_weeks"":1,""recovery_weeks"":3},{""target"":""demand"",""magnitude"":0.23980986605061422,""start_week"":19,""duration_weeks"":1,""recovery_weeks"":3},{""target"":""T2P"",""magnitude"":0.2863372020116372,""start_week"":22,""duration_weeks"":3,""recovery_weeks"":2},{""target"":""demand"",""magnitude"":0.12695951677730855,""start_week"":42,""duration_weeks"":2,""recovery_weeks"":1}]"
A,1618,698,Demand-supply coupling,False,,False,Non-failure,Unclassified,Unclassified,2,0.9149454817431248,178.61448833943768,False,False,True,False,False,"[{""target"":""S1A"",""magnitude"":0.441372666077969,""start_week"":12,""duration_weeks"":3,""recovery_weeks"":4},{""target"":""demand"",""magnitude"":0.16789241342766675,""start_week"":35,""duration_weeks"":6,""recovery_weeks"":3}]"
A,1618,699,Demand-supply coupling,False,,False,Non-failure,Unclassified,Unclassified,1,1.0,0.0,True,False,False,False,False,"[{""target"":""T2P"",""magnitude"":0.19367345789384402,""start_week"":29,""duration_weeks"":4,""recovery_weeks"":4}]"
A,1618,700,Demand-supply coupling,False,,False,Non-failure,Unclassified,Unclassified,3,0.8004184342356392,209.48573243069563,False,True,False,False,False,"[{""target"":""demand"",""magnitude"":0.08320060330286333,""start_week"":30,""duration_weeks"":1,""recovery_weeks"":1},{""target"":""corridor"",""magnitude"":0.3996861743232706,""start_week"":45,""duration_weeks"":1,""recovery_weeks"":1},{""target"":""demand"",""magnitude"":0.18737161623660403,""start_week"":51,""duration_weeks"":1,""recovery_weeks"":1}]"
A,1618,701,Demand-supply coupling,True,False,True,Adaptation-limited,Concentrated dependency,Concentrated dependency,3,0.74594412583238,685.9508602525738,False,True,False,False,False,"[{""target"":""corridor"",""magnitude"":0.4405419056257148,""start_week"":1,""duration_weeks"":2,""recovery_weeks"":1},{""target"":""demand"",""magnitude"":0.06706890122476149,""start_week"":10,""duration_weeks"":3,""recovery_weeks"":4},{""target"":""corridor"",""magnitude"":0.2937913350876399,""start_week"":44,""duration_weeks"":1,""recovery_weeks"":4}]"
A,1618,702,Demand-supply coupling,True,True,False,Structural,Hidden convergent dependency; Compounding moderate disturbance; Recovery lag and temporal overlap,Hidden convergent dependency,4,0.8641416160075601,715.3080593604614,True,False,False,False,False,"[{""target"":""T2P"",""magnitude"":0.27450481989047254,""start_week"":1,""duration_weeks"":1,""recovery_weeks"":2},{""target"":""demand"",""magnitude"":0.13033542841675183,""start_week"":3,""duration_weeks"":1,""recovery_weeks"":4},{""target"":""T2P"",""magnitude"":0.2130456019279071,""start_week"":4,""duration_weeks"":3,""recovery_weeks"":4},{""target"":""demand"",""magnitude"":0.07500658823779566,""start_week"":38,""duration_weeks"":14,""recovery_weeks"":2}]"
A,1618,703,Demand-supply coupling,False,,False,Non-failure,Unclassified,Unclassified,3,0.8513553320878402,157.13791419249696,False,True,False,False,False,"[{""target"":""corridor"",""magnitude"":0.23716980947566252,""start_week"":10,""duration_weeks"":3,""recovery_weeks"":1},{""target"":""demand"",""magnitude"":0.17459768243610768,""start_week"":32,""duration_weeks"":3,""recovery_weeks"":2},{""target"":""corridor"",""magnitude"":0.23574441668367085,""start_week"":44,""duration_weeks"":1,""recovery_weeks"":4}]"
A,1618,704,Demand-supply coupling,False,,False,Non-failure,Unclassified,Unclassified,4,0.8774054532704687,200.90297056173404,False,True,True,False,True,"[{""target"":""S1C"",""magnitude"":0.3516125869507628,""start_week"":6,""duration_weeks"":1,""recovery_weeks"":2},{""target"":""S1A"",""magnitude"":0.2902877994070883,""start_week"":25,""duration_weeks"":6,""recovery_weeks"":2},{""target"":""demand"",""magnitude"":0.18144380089250234,""start_week"":28,""duration_weeks"":1,""recovery_weeks"":4},{""target"":""corridor"",""magnitude"":0.2505249923073771,""start_week"":46,""duration_weeks"":1,""recovery_weeks"":2}]"
A,1618,705,Demand-supply coupling,True,True,True,Structural,Concentrated dependency,Concentrated dependency,4,0.676822527347828,873.0779692577928,True,True,False,True,False,"[{""target"":""corridor"",""magnitude"":0.3304963106477229,""start_week"":1,""duration_weeks"":3,""recovery_weeks"":1},{""target"":""S1B"",""magnitude"":0.3293096856815227,""start_week"":31,""duration_weeks"":2,""recovery_weeks"":2},{""target"":""demand"",""magnitude"":0.1922706340749663,""start_week"":33,""duration_weeks"":5,""recovery_weeks"":4},{""target"":""T2P"",""magnitude"":0.30301988525661794,""start_week"":35,""duration_weeks"":1,""recovery_weeks"":3}]"
A,1618,706,Demand-supply coupling,False,,False,Non-failure,Unclassified,Unclassified,2,0.9540071046931616,124.18081732846349,False,True,False,False,False,"[{""target"":""corridor"",""magnitude"":0.2844946714801288,""start_week"":10,""duration_weeks"":2,""recovery_weeks"":1},{""target"":""demand"",""magnitude"":0.09630481146849884,""start_week"":20,""duration_weeks"":3,""recovery_weeks"":4}]"
A,1618,707,Demand-supply coupling,False,,False,Non-failure,Unclassified,Unclassified,1,1.0,0.0,False,True,False,False,False,"[{""target"":""corridor"",""magnitude"":0.18189964269276546,""start_week"":26,""duration_weeks"":5,""recovery_weeks"":3}]"
A,1618,708,Demand-supply coupling,True,False,False,Adaptation-limited,Compounding moderate disturbance,Compounding moderate disturbance,2,0.8066245188529638,315.38945936270943,False,False,True,False,False,"[{""target"":""S1A"",""magnitude"":0.44961628790526864,""start_week"":41,""duration_weeks"":2,""recovery_weeks"":3},{""target"":""demand"",""magnitude"":0.12974702419874523,""start_week"":42,""duration_weeks"":1,""recovery_weeks"":3}]"
A,1618,709,Demand-supply coupling,False,,False,Non-failure,Unclassified,Unclassified,2,0.9796307857973099,128.326049476947,False,True,False,False,False,"[{""target"":""corridor"",""magnitude"":0.2652769106520174,""start_week"":33,""duration_weeks"":6,""recovery_weeks"":2},{""target"":""demand"",""magnitude"":0.13605403949389272,""start_week"":43,""duration_weeks"":1,""recovery_weeks"":4}]"
A,1618,710,Demand-supply coupling,True,True,False,Structural,Concentrated dependency,Concentrated dependency,4,0.7454615014414377,408.202254190203,True,True,False,False,True,"[{""target"":""S1C"",""magnitude"":0.6204893681959661,""start_week"":1,""duration_weeks"":1,""recovery_weeks"":3},{""target"":""demand"",""magnitude"":0.10405736327507215,""start_week"":24,""duration_weeks"":5,""recovery_weeks"":3},{""target"":""corridor"",""magnitude"":0.3827258052216175,""start_week"":26,""duration_weeks"":1,""recovery_weeks"":1},{""target"":""T2P"",""magnitude"":0.37630856436752813,""start_week"":42,""duration_weeks"":1,""recovery_weeks"":4}]"
A,1618,711,Demand-supply coupling,True,True,False,Structural,Concentrated dependency,Concentrated dependency,4,0.8230786191031907,338.5127669948005,False,False,True,False,True,"[{""target"":""S1A"",""magnitude"":0.1982654028085178,""start_week"":9,""duration_weeks"":19,""recovery_weeks"":1},{""target"":""demand"",""magnitude"":0.2149507675094015,""start_week"":14,""duration_weeks"":3,""recovery_weeks"":2},{""target"":""S1C"",""magnitude"":0.5867561930044313,""start_week"":21,""duration_weeks"":3,""recovery_weeks"":3},{""target"":""demand"",""magnitude"":0.08520731692429942,""start_week"":46,""duration_weeks"":5,""recovery_weeks"":1}]"
A,1618,712,Demand-supply coupling,True,True,False,Structural,Concentrated dependency,Concentrated dependency,2,0.8588034845808475,254.1537277544744,False,False,True,False,False,"[{""target"":""S1A"",""magnitude"":0.567692159693093,""start_week"":14,""duration_weeks"":1,""recovery_weeks"":2},{""target"":""demand"",""magnitude"":0.10962488246597914,""start_week"":47,""duration_weeks"":2,""recovery_weeks"":4}]"
A,1618,713,Demand-supply coupling,False,,False,Non-failure,Unclassified,Unclassified,2,0.8238329755529258,447.18114830457705,False,False,True,False,False,"[{""target"":""S1A"",""magnitude"":0.1670470543761151,""start_week"":32,""duration_weeks"":4,""recovery_weeks"":4},{""target"":""demand"",""magnitude"":0.21383827750866308,""start_week"":45,""duration_weeks"":7,""recovery_weeks"":1}]"
A,1618,714,Demand-supply coupling,True,True,True,Structural,Concentrated dependency; Hidden convergent dependency; Propagation-amplified cascade,Hidden convergent dependency,2,0.6568570487555117,1428.94920250213,True,False,False,False,False,"[{""target"":""T2P"",""magnitude"":0.3526849473876013,""start_week"":25,""duration_weeks"":5,""recovery_weeks"":1},{""target"":""demand"",""magnitude"":0.09497028114380043,""start_week"":29,""duration_weeks"":5,""recovery_weeks"":4}]"
A,1618,715,Demand-supply coupling,False,,False,Non-failure,Unclassified,Unclassified,3,0.938815762626212,59.267318255147416,True,False,True,False,False,"[{""target"":""S1A"",""magnitude"":0.26007400484410725,""start_week"":5,""duration_weeks"":3,""recovery_weeks"":3},{""target"":""T2P"",""magnitude"":0.29895491741907665,""start_week"":28,""duration_weeks"":1,""recovery_weeks"":2},{""target"":""demand"",""magnitude"":0.07629969197368222,""start_week"":49,""duration_weeks"":4,""recovery_weeks"":4}]"
A,1618,716,Demand-supply coupling,False,,False,Non-failure,Unclassified,Unclassified,3,0.9132393607079113,128.53206559924365,False,False,True,True,False,"[{""target"":""S1B"",""magnitude"":0.3172609669909087,""start_week"":41,""duration_weeks"":1,""recovery_weeks"":2},{""target"":""demand"",""magnitude"":0.0622694100054304,""start_week"":42,""duration_weeks"":1,""recovery_weeks"":2},{""target"":""S1A"",""magnitude"":0.30447131124948057,""start_week"":45,""duration_weeks"":1,""recovery_weeks"":1}]"
A,1618,717,Demand-supply coupling,True,True,True,Structural,Concentrated dependency; Hidden convergent dependency; Propagation-amplified cascade,Hidden convergent dependency,4,0.6741993078591003,962.7134260974528,True,True,False,False,False,"[{""target"":""T2P"",""magnitude"":0.3932206229268097,""start_week"":12,""duration_weeks"":4,""recovery_weeks"":2},{""target"":""demand"",""magnitude"":0.19062329586666765,""start_week"":40,""duration_weeks"":2,""recovery_weeks"":4},{""target"":""corridor"",""magnitude"":0.27094307213610147,""start_week"":45,""duration_weeks"":1,""recovery_weeks"":1},{""target"":""demand"",""magnitude"":0.08904113701685079,""start_week"":47,""duration_weeks"":1,""recovery_weeks"":3}]"
A,1618,718,Demand-supply coupling,False,,False,Non-failure,Unclassified,Unclassified,2,0.859489477829611,147.133238062072,True,False,False,False,False,"[{""target"":""demand"",""magnitude"":0.16348137562452425,""start_week"":20,""duration_weeks"":1,""recovery_weeks"":3},{""target"":""T2P"",""magnitude"":0.2716759018874136,""start_week"":35,""duration_weeks"":1,""recovery_weeks"":3}]"
A,1618,719,Demand-supply coupling,True,True,False,Structural,Concentrated dependency,Concentrated dependency,6,0.7192734549725858,532.3005728701935,False,True,False,False,False,"[{""target"":""demand"",""magnitude"":0.10448216609680083,""start_week"":12,""duration_weeks"":2,""recovery_weeks"":3},{""target"":""corridor"",""magnitude"":0.19595959400838614,""start_week"":22,""duration_weeks"":1,""recovery_weeks"":4},{""target"":""corridor"",""magnitude"":0.3959734646575749,""start_week"":36,""duration_weeks"":2,""recovery_weeks"":2},{""target"":""demand"",""magnitude"":0.08545529196390877,""start_week"":39,""duration_weeks"":1,""recovery_weeks"":2},{""target"":""demand"",""magnitude"":0.11363897252118901,""start_week"":45,""duration_weeks"":9,""recovery_weeks"":1},{""target"":""corridor"",""magnitude"":0.3992417864819229,""start_week"":49,""duration_weeks"":3,""recovery_weeks"":4}]"
A,1618,720,Demand-supply coupling,True,True,True,Structural,Concentrated dependency; Hidden convergent dependency,Hidden convergent dependency,7,0.583654331957201,4633.86852052577,True,True,False,False,False,"[{""target"":""demand"",""magnitude"":0.12472978289553262,""start_week"":4,""duration_weeks"":1,""recovery_weeks"":2},{""target"":""T2P"",""magnitude"":0.3652169135548967,""start_week"":8,""duration_weeks"":4,""recovery_weeks"":4},{""target"":""demand"",""magnitude"":0.1057861410597167,""start_week"":9,""duration_weeks"":3,""recovery_weeks"":3},{""target"":""corridor"",""magnitude"":0.3491608922455456,""start_week"":10,""duration_weeks"":1,""recovery_weeks"":3},{""target"":""demand"",""magnitude"":0.1903720926437215,""start_week"":17,""duration_weeks"":12,""recovery_weeks"":2},{""target"":""corridor"",""magnitude"":0.5098752340007313,""start_week"":29,""duration_weeks"":4,""recovery_weeks"":3},{""target"":""demand"",""magnitude"":0.11966904418854818,""start_week"":33,""duration_weeks"":2,""recovery_weeks"":1}]"
A,1618,721,Demand-supply coupling,True,True,True,Structural,Concentrated dependency; Hidden convergent dependency; Propagation-amplified cascade,Hidden convergent dependency,3,0.6435243418929728,1335.382599926109,True,False,True,False,False,"[{""target"":""T2P"",""magnitude"":0.42082809229632445,""start_week"":6,""duration_weeks"":4,""recovery_weeks"":4},{""target"":""demand"",""magnitude"":0.18086511482592404,""start_week"":27,""duration_weeks"":2,""recovery_weeks"":3},{""target"":""S1A"",""magnitude"":0.4076037465883413,""start_week"":41,""duration_weeks"":2,""recovery_weeks"":4}]"
A,1618,722,Demand-supply coupling,True,True,False,Structural,Concentrated dependency,Concentrated dependency,2,0.8767494244183418,221.85103604698475,False,False,False,False,True,"[{""target"":""S1C"",""magnitude"":0.5273137950587309,""start_week"":6,""duration_weeks"":1,""recovery_weeks"":4},{""target"":""demand"",""magnitude"":0.07015156544794017,""start_week"":46,""duration_weeks"":9,""recovery_weeks"":1}]"
A,1618,723,Demand-supply coupling,False,,False,Non-failure,Unclassified,Unclassified,3,0.9198312912430872,78.44029504988191,True,False,True,False,False,"[{""target"":""T2P"",""magnitude"":0.26765992442407416,""start_week"":3,""duration_weeks"":1,""recovery_weeks"":4},{""target"":""demand"",""magnitude"":0.08715588338875757,""start_week"":35,""duration_weeks"":4,""recovery_weeks"":2},{""target"":""S1A"",""magnitude"":0.2341790913335603,""start_week"":47,""duration_weeks"":1,""recovery_weeks"":3}]"
A,1618,724,Demand-supply coupling,True,False,False,Adaptation-limited,Concentrated dependency; Recovery lag and temporal overlap,Recovery lag and temporal overlap,5,0.7183695194510253,479.1238437335012,False,True,False,False,True,"[{""target"":""S1C"",""magnitude"":0.44093868901085453,""start_week"":11,""duration_weeks"":1,""recovery_weeks"":1},{""target"":""demand"",""magnitude"":0.09126509238250902,""start_week"":21,""duration_weeks"":3,""recovery_weeks"":3},{""target"":""corridor"",""magnitude"":0.4448323452723618,""start_week"":24,""duration_weeks"":1,""recovery_weeks"":2},{""target"":""S1C"",""magnitude"":0.382458007924796,""start_week"":26,""duration_weeks"":1,""recovery_weeks"":2},{""target"":""demand"",""magnitude"":0.1155893867851121,""start_week"":49,""duration_weeks"":2,""recovery_weeks"":3}]"
A,1618,725,Demand-supply coupling,True,True,False,Structural,Concentrated dependency,Concentrated dependency,2,0.8038078184629139,564.4708127790226,True,False,False,False,False,"[{""target"":""demand"",""magnitude"":0.24407846879650386,""start_week"":16,""duration_weeks"":5,""recovery_weeks"":3},{""target"":""T2P"",""magnitude"":0.3564471684205957,""start_week"":47,""duration_weeks"":20,""recovery_weeks"":3}]"
A,1618,726,Demand-supply coupling,False,,False,Non-failure,Unclassified,Unclassified,1,0.8944638175880154,106.189386650556,False,False,False,False,False,"[{""target"":""demand"",""magnitude"":0.11798820738950667,""start_week"":51,""duration_weeks"":4,""recovery_weeks"":4}]"
A,1618,727,Demand-supply coupling,False,,False,Non-failure,Unclassified,Unclassified,3,0.9377101526709819,112.12172519223259,False,True,False,True,False,"[{""target"":""S1B"",""magnitude"":0.3901521564902909,""start_week"":3,""duration_weeks"":1,""recovery_weeks"":2},{""target"":""demand"",""magnitude"":0.08485836798446653,""start_week"":15,""duration_weeks"":2,""recovery_weeks"":4},{""target"":""corridor"",""magnitude"":0.2218458048341396,""start_week"":22,""duration_weeks"":15,""recovery_weeks"":1}]"
A,1618,728,Demand-supply coupling,False,,False,Non-failure,Unclassified,Unclassified,2,0.8557974329010456,151.65073579283035,False,True,False,False,False,"[{""target"":""demand"",""magnitude"":0.16850081754758936,""start_week"":13,""duration_weeks"":1,""recovery_weeks"":1},{""target"":""corridor"",""magnitude"":0.3448059730217479,""start_week"":24,""duration_weeks"":2,""recovery_weeks"":2}]"
A,1618,729,Demand-supply coupling,True,False,False,Adaptation-limited,Concentrated dependency; Recovery lag and temporal overlap,Recovery lag and temporal overlap,5,0.6410170554635545,862.0768338186847,False,True,True,False,False,"[{""target"":""corridor"",""magnitude"":0.22190992925005737,""start_week"":19,""duration_weeks"":1,""recovery_weeks"":4},{""target"":""demand"",""magnitude"":0.2620853082616589,""start_week"":30,""duration_weeks"":1,""recovery_weeks"":4},{""target"":""demand"",""magnitude"":0.13888080093761743,""start_week"":37,""duration_weeks"":6,""recovery_weeks"":1},{""target"":""corridor"",""magnitude"":0.5192372084023341,""start_week"":43,""duration_weeks"":1,""recovery_weeks"":3},{""target"":""S1A"",""magnitude"":0.3777944114329101,""start_week"":46,""duration_weeks"":7,""recovery_weeks"":2}]"
A,1618,730,Demand-supply coupling,True,False,False,Adaptation-limited,Concentrated dependency; Hidden convergent dependency; Propagation-amplified cascade,Hidden convergent dependency,2,0.8551662655121939,442.80288831220514,True,False,False,False,False,"[{""target"":""T2P"",""magnitude"":0.23035036103902556,""start_week"":12,""duration_weeks"":7,""recovery_weeks"":1},{""target"":""demand"",""magnitude"":0.13998195428492938,""start_week"":38,""duration_weeks"":1,""recovery_weeks"":3}]"
A,1618,731,Demand-supply coupling,False,,False,Non-failure,Unclassified,Unclassified,1,0.8514312219751375,205.99721692610547,True,False,False,False,False,"[{""target"":""T2P"",""magnitude"":0.34457063340745875,""start_week"":20,""duration_weeks"":2,""recovery_weeks"":2}]"
A,1618,732,Demand-supply coupling,False,,False,Non-failure,Unclassified,Unclassified,4,0.9603764786451934,83.20939484509415,False,False,True,True,False,"[{""target"":""S1B"",""magnitude"":0.19774178898603365,""start_week"":17,""duration_weeks"":1,""recovery_weeks"":3},{""target"":""S1A"",""magnitude"":0.3391529230483151,""start_week"":40,""duration_weeks"":3,""recovery_weeks"":1},{""target"":""demand"",""magnitude"":0.09693728981071317,""start_week"":47,""duration_weeks"":1,""recovery_weeks"":3},{""target"":""S1A"",""magnitude"":0.25964775871111256,""start_week"":51,""duration_weeks"":10,""recovery_weeks"":2}]"
A,1618,733,Demand-supply coupling,False,,False,Non-failure,Unclassified,Unclassified,2,0.7753923015246893,516.6129735120509,True,False,False,False,False,"[{""target"":""demand"",""magnitude"":0.28966975559810737,""start_week"":16,""duration_weeks"":3,""recovery_weeks"":3},{""target"":""T2P"",""magnitude"":0.38417038358449584,""start_week"":33,""duration_weeks"":1,""recovery_weeks"":4}]"
A,1618,734,Demand-supply coupling,False,,False,Non-failure,Unclassified,Unclassified,2,0.8758537327875159,127.56883519310418,False,True,False,False,False,"[{""target"":""demand"",""magnitude"":0.14174315021456008,""start_week"":2,""duration_weeks"":3,""recovery_weeks"":2},{""target"":""corridor"",""magnitude"":0.24015908593424004,""start_week"":50,""duration_weeks"":3,""recovery_weeks"":4}]"
A,1618,735,Demand-supply coupling,True,True,True,Structural,Hidden convergent dependency; Compounding moderate disturbance; Recovery lag and temporal overlap,Hidden convergent dependency,6,0.7154210237704061,1340.176710310825,True,True,True,False,True,"[{""target"":""T2P"",""magnitude"":0.36615083305645124,""start_week"":7,""duration_weeks"":1,""recovery_weeks"":3},{""target"":""demand"",""magnitude"":0.13579804639057036,""start_week"":8,""duration_weeks"":1,""recovery_weeks"":1},{""target"":""S1C"",""magnitude"":0.3610299144248702,""start_week"":28,""duration_weeks"":3,""recovery_weeks"":4},{""target"":""corridor"",""magnitude"":0.46343423217219537,""start_week"":30,""duration_weeks"":4,""recovery_weeks"":3},{""target"":""demand"",""magnitude"":0.12162950187768479,""start_week"":42,""duration_weeks"":1,""recovery_weeks"":1},{""target"":""S1A"",""magnitude"":0.36037429486555916,""start_week"":48,""duration_weeks"":2,""recovery_weeks"":1}]"
A,1618,736,Demand-supply coupling,False,,False,Non-failure,Unclassified,Unclassified,2,0.9593110366808711,85.44682297017062,False,False,False,False,True,"[{""target"":""S1C"",""magnitude"":0.34155016746804,""start_week"":21,""duration_weeks"":3,""recovery_weeks"":3},{""target"":""S1C"",""magnitude"":0.26707331419921865,""start_week"":36,""duration_weeks"":2,""recovery_weeks"":4}]"
A,1618,737,Demand-supply coupling,False,,False,Non-failure,Unclassified,Unclassified,2,0.9810635222262188,17.042829996403043,True,False,False,False,False,"[{""target"":""T2P"",""magnitude"":0.2628336070579771,""start_week"":6,""duration_weeks"":2,""recovery_weeks"":4},{""target"":""T2P"",""magnitude"":0.31076787163925756,""start_week"":46,""duration_weeks"":5,""recovery_weeks"":3}]"
A,1618,738,Demand-supply coupling,False,,False,Non-failure,Unclassified,Unclassified,0,1.0,0.0,False,False,False,False,False,[]
A,1618,739,Demand-supply coupling,True,False,False,Adaptation-limited,Compounding moderate disturbance; Recovery lag and temporal overlap,Compounding moderate disturbance,6,0.6774309544803633,1344.885276514542,False,True,False,False,True,"[{""target"":""corridor"",""magnitude"":0.30718450920221624,""start_week"":5,""duration_weeks"":8,""recovery_weeks"":4},{""target"":""demand"",""magnitude"":0.07391796743449601,""start_week"":13,""duration_weeks"":2,""recovery_weeks"":2},{""target"":""corridor"",""magnitude"":0.3775445836402056,""start_week"":15,""duration_weeks"":1,""recovery_weeks"":4},{""target"":""demand"",""magnitude"":0.21194318272474133,""start_week"":22,""duration_weeks"":4,""recovery_weeks"":2},{""target"":""S1C"",""magnitude"":0.21321742460849827,""start_week"":35,""duration_weeks"":3,""recovery_weeks"":3},{""target"":""demand"",""magnitude"":0.1845363091915554,""start_week"":50,""duration_weeks"":3,""recovery_weeks"":4}]"
A,1618,740,Demand-supply coupling,True,True,True,Structural,Concentrated dependency,Concentrated dependency,5,0.6012667627123571,1659.0145461841128,False,True,False,True,True,"[{""target"":""corridor"",""magnitude"":0.5490499279657322,""start_week"":6,""duration_weeks"":3,""recovery_weeks"":4},{""target"":""S1B"",""magnitude"":0.4640276224114177,""start_week"":8,""duration_weeks"":4,""recovery_weeks"":2},{""target"":""demand"",""magnitude"":0.13875680141098426,""start_week"":21,""duration_weeks"":2,""recovery_weeks"":4},{""target"":""S1C"",""magnitude"":0.21022446580363108,""start_week"":40,""duration_weeks"":3,""recovery_weeks"":3},{""target"":""demand"",""magnitude"":0.09128849823811233,""start_week"":41,""duration_weeks"":1,""recovery_weeks"":2}]"
A,1618,741,Demand-supply coupling,True,True,True,Structural,Concentrated dependency; Hidden convergent dependency; Propagation-amplified cascade,Hidden convergent dependency,5,0.656037394604386,1760.2512212600705,True,True,False,False,False,"[{""target"":""T2P"",""magnitude"":0.36302137252946753,""start_week"":9,""duration_weeks"":2,""recovery_weeks"":4},{""target"":""demand"",""magnitude"":0.09544755342499606,""start_week"":23,""duration_weeks"":4,""recovery_weeks"":3},{""target"":""T2P"",""magnitude"":0.3044478684740877,""start_week"":27,""duration_weeks"":3,""recovery_weeks"":4},{""target"":""demand"",""magnitude"":0.17803605107221926,""start_week"":34,""duration_weeks"":3,""recovery_weeks"":4},{""target"":""corridor"",""magnitude"":0.2966438624613199,""start_week"":35,""duration_weeks"":3,""recovery_weeks"":3}]"
A,1618,742,Demand-supply coupling,False,,False,Non-failure,Unclassified,Unclassified,0,1.0,0.0,False,False,False,False,False,[]
A,1618,743,Demand-supply coupling,False,,False,Non-failure,Unclassified,Unclassified,3,0.7499565560883759,291.1995900588522,True,False,False,True,False,"[{""target"":""S1B"",""magnitude"":0.3103801624561325,""start_week"":9,""duration_weeks"":2,""recovery_weeks"":3},{""target"":""demand"",""magnitude"":0.15228443349612092,""start_week"":18,""duration_weeks"":2,""recovery_weeks"":4},{""target"":""T2P"",""magnitude"":0.3323209810767813,""start_week"":20,""duration_weeks"":1,""recovery_weeks"":2}]"
A,1618,744,Demand-supply coupling,False,,False,Non-failure,Unclassified,Unclassified,2,0.8946290240556449,106.00357891364479,True,False,False,False,False,"[{""target"":""demand"",""magnitude"":0.11778175434849415,""start_week"":8,""duration_weeks"":2,""recovery_weeks"":2},{""target"":""T2P"",""magnitude"":0.3162516547938964,""start_week"":27,""duration_weeks"":1,""recovery_weeks"":4}]"
A,1618,745,Demand-supply coupling,True,True,False,Structural,Compounding moderate disturbance; Recovery lag and temporal overlap,Compounding moderate disturbance,5,0.8233687343556374,669.9764803373396,False,True,False,False,True,"[{""target"":""S1C"",""magnitude"":0.3684240602570303,""start_week"":7,""duration_weeks"":6,""recovery_weeks"":4},{""target"":""demand"",""magnitude"":0.15059880804389741,""start_week"":8,""duration_weeks"":2,""recovery_weeks"":4},{""target"":""corridor"",""magnitude"":0.2933961917244703,""start_week"":10,""duration_weeks"":3,""recovery_weeks"":3},{""target"":""corridor"",""magnitude"":0.252743234550072,""start_week"":40,""duration_weeks"":3,""recovery_weeks"":4},{""target"":""demand"",""magnitude"":0.17595995370893286,""start_week"":45,""duration_weeks"":2,""recovery_weeks"":1}]"
A,1618,746,Demand-supply coupling,True,True,False,Structural,Concentrated dependency,Concentrated dependency,4,0.8213785649340066,367.08805178833404,True,True,True,False,False,"[{""target"":""corridor"",""magnitude"":0.383966076299495,""start_week"":5,""duration_weeks"":1,""recovery_weeks"":4},{""target"":""S1A"",""magnitude"":0.4108719746004691,""start_week"":32,""duration_weeks"":2,""recovery_weeks"":2},{""target"":""demand"",""magnitude"":0.15684757290067175,""start_week"":34,""duration_weeks"":1,""recovery_weeks"":4},{""target"":""T2P"",""magnitude"":0.5355912407753014,""start_week"":48,""duration_weeks"":4,""recovery_weeks"":1}]"
A,1618,747,Demand-supply coupling,True,True,False,Structural,Concentrated dependency,Concentrated dependency,4,0.8069660174448268,560.8423514049919,True,False,False,True,True,"[{""target"":""demand"",""magnitude"":0.23920955577088,""start_week"":7,""duration_weeks"":5,""recovery_weeks"":4},{""target"":""S1B"",""magnitude"":0.4256825868361883,""start_week"":15,""duration_weeks"":1,""recovery_weeks"":1},{""target"":""T2P"",""magnitude"":0.38070821234891544,""start_week"":45,""duration_weeks"":2,""recovery_weeks"":3},{""target"":""S1C"",""magnitude"":0.2045289232017751,""start_week"":48,""duration_weeks"":1,""recovery_weeks"":1}]"
A,1618,748,Demand-supply coupling,True,True,True,Structural,Concentrated dependency; Hidden convergent dependency; Propagation-amplified cascade,Hidden convergent dependency,1,0.686923169181487,1272.3840341566317,True,False,False,False,False,"[{""target"":""T2P"",""magnitude"":0.3817691477366617,""start_week"":24,""duration_weeks"":5,""recovery_weeks"":3}]"
A,1618,749,Demand-supply coupling,False,,False,Non-failure,Unclassified,Unclassified,1,1.0,0.0,True,False,False,False,False,"[{""target"":""T2P"",""magnitude"":0.24321511647668043,""start_week"":17,""duration_weeks"":1,""recovery_weeks"":3}]"
A,1618,750,Demand-supply coupling,False,,False,Non-failure,Unclassified,Unclassified,3,0.8571518162247096,315.49857989289876,False,True,False,False,False,"[{""target"":""demand"",""magnitude"":0.1666544724882687,""start_week"":34,""duration_weeks"":4,""recovery_weeks"":4},{""target"":""corridor"",""magnitude"":0.237618732465943,""start_week"":37,""duration_weeks"":4,""recovery_weeks"":1},{""target"":""demand"",""magnitude"":0.2109540195848485,""start_week"":49,""duration_weeks"":1,""recovery_weeks"":4}]"
A,1618,751,Demand-supply coupling,False,,False,Non-failure,Unclassified,Unclassified,3,0.8489358898705843,160.15072603091403,False,False,True,True,False,"[{""target"":""S1A"",""magnitude"":0.20444560679983118,""start_week"":7,""duration_weeks"":6,""recovery_weeks"":1},{""target"":""demand"",""magnitude"":0.17794525114546006,""start_week"":32,""duration_weeks"":3,""recovery_weeks"":2},{""target"":""S1B"",""magnitude"":0.30614671185549086,""start_week"":51,""duration_weeks"":2,""recovery_weeks"":2}]"
A,1618,752,Demand-supply coupling,True,True,True,Structural,Concentrated dependency,Concentrated dependency,3,0.7399027624636532,1671.0397730903687,False,True,False,True,False,"[{""target"":""corridor"",""magnitude"":0.36002536679568015,""start_week"":24,""duration_weeks"":8,""recovery_weeks"":3},{""target"":""demand"",""magnitude"":0.15325898784032504,""start_week"":30,""duration_weeks"":2,""recovery_weeks"":2},{""target"":""S1B"",""magnitude"":0.21265177480045314,""start_week"":40,""duration_weeks"":2,""recovery_weeks"":2}]"
A,1618,753,Demand-supply coupling,False,,False,Non-failure,Unclassified,Unclassified,1,0.9877747926450678,25.672935445357552,False,False,False,False,True,"[{""target"":""S1C"",""magnitude"":0.2775067165485975,""start_week"":37,""duration_weeks"":6,""recovery_weeks"":1}]"
A,1618,754,Demand-supply coupling,False,,False,Non-failure,Unclassified,Unclassified,0,1.0,0.0,False,False,False,False,False,[]
A,1618,755,Demand-supply coupling,False,,False,Non-failure,Unclassified,Unclassified,4,0.9411544288744715,103.73546169803467,True,False,False,False,True,"[{""target"":""T2P"",""magnitude"":0.32143694621399,""start_week"":9,""duration_weeks"":1,""recovery_weeks"":4},{""target"":""demand"",""magnitude"":0.11526162410892733,""start_week"":18,""duration_weeks"":6,""recovery_weeks"":1},{""target"":""S1C"",""magnitude"":0.1991988695479067,""start_week"":31,""duration_weeks"":5,""recovery_weeks"":3},{""target"":""demand"",""magnitude"":0.11072468084939836,""start_week"":41,""duration_weeks"":2,""recovery_weeks"":2}]"
A,1618,756,Demand-supply coupling,False,,False,Non-failure,Unclassified,Unclassified,0,1.0,0.0,False,False,False,False,False,[]
A,1618,757,Demand-supply coupling,False,,False,Non-failure,Unclassified,Unclassified,3,0.8793878461835768,175.65083648075324,True,False,False,False,False,"[{""target"":""T2P"",""magnitude"":0.22093884254445928,""start_week"":8,""duration_weeks"":1,""recovery_weeks"":1},{""target"":""demand"",""magnitude"":0.13715467451575958,""start_week"":39,""duration_weeks"":3,""recovery_weeks"":4},{""target"":""demand"",""magnitude"":0.1540795679435189,""start_week"":43,""duration_weeks"":1,""recovery_weeks"":3}]"
A,1618,758,Demand-supply coupling,True,False,True,Adaptation-limited,Concentrated dependency,Concentrated dependency,2,0.7730710552195345,1021.1802515120951,False,True,False,False,False,"[{""target"":""corridor"",""magnitude"":0.4201967085853492,""start_week"":4,""duration_weeks"":4,""recovery_weeks"":2},{""target"":""demand"",""magnitude"":0.24305468192566648,""start_week"":46,""duration_weeks"":2,""recovery_weeks"":1}]"
A,1618,759,Demand-supply coupling,True,True,True,Structural,Concentrated dependency,Concentrated dependency,8,0.7135588140923812,1050.8757278623495,True,True,False,False,False,"[{""target"":""demand"",""magnitude"":0.20101309965322128,""start_week"":3,""duration_weeks"":2,""recovery_weeks"":3},{""target"":""corridor"",""magnitude"":0.3314413142879844,""start_week"":10,""duration_weeks"":4,""recovery_weeks"":1},{""target"":""demand"",""magnitude"":0.11614233098154926,""start_week"":14,""duration_weeks"":1,""recovery_weeks"":4},{""target"":""T2P"",""magnitude"":0.30059128590504147,""start_week"":20,""duration_weeks"":1,""recovery_weeks"":4},{""target"":""demand"",""magnitude"":0.13361613245709125,""start_week"":22,""duration_weeks"":2,""recovery_weeks"":3},{""target"":""corridor"",""magnitude"":0.33697454039161145,""start_week"":42,""duration_weeks"":7,""recovery_weeks"":2},{""target"":""T2P"",""magnitude"":0.24343120712318472,""start_week"":44,""duration_weeks"":1,""recovery_weeks"":3},{""target"":""demand"",""magnitude"":0.061945125510368515,""start_week"":45,""duration_weeks"":4,""recovery_weeks"":3}]"
A,1618,760,Demand-supply coupling,False,,False,Non-failure,Unclassified,Unclassified,4,0.9065989774088717,112.15933800941025,False,True,False,False,True,"[{""target"":""S1C"",""magnitude"":0.2885701494128895,""start_week"":4,""duration_weeks"":5,""recovery_weeks"":4},{""target"":""demand"",""magnitude"":0.13033558288643937,""start_week"":11,""duration_weeks"":2,""recovery_weeks"":1},{""target"":""corridor"",""magnitude"":0.1929831331772949,""start_week"":37,""duration_weeks"":3,""recovery_weeks"":2},{""target"":""S1C"",""magnitude"":0.2944552110609898,""start_week"":50,""duration_weeks"":6,""recovery_weeks"":2}]"
A,1618,761,Demand-supply coupling,False,,False,Non-failure,Unclassified,Unclassified,1,0.879030757725899,123.85495853222426,False,False,False,False,False,"[{""target"":""demand"",""magnitude"":0.1376166205913602,""start_week"":1,""duration_weeks"":2,""recovery_weeks"":4}]"
A,1618,762,Demand-supply coupling,False,,False,Non-failure,Unclassified,Unclassified,2,0.8120570025150248,293.55705371197473,False,False,False,True,False,"[{""target"":""demand"",""magnitude"":0.23144064628824862,""start_week"":23,""duration_weeks"":3,""recovery_weeks"":4},{""target"":""S1B"",""magnitude"":0.21552631839883407,""start_week"":39,""duration_weeks"":3,""recovery_weeks"":2}]"
A,1618,763,Demand-supply coupling,False,,False,Non-failure,Unclassified,Unclassified,3,0.89755860535117,107.14827810854945,True,False,False,False,False,"[{""target"":""T2P"",""magnitude"":0.4193994034080023,""start_week"":21,""duration_weeks"":1,""recovery_weeks"":1},{""target"":""demand"",""magnitude"":0.16216342769394881,""start_week"":42,""duration_weeks"":1,""recovery_weeks"":2},{""target"":""T2P"",""magnitude"":0.2978882515849901,""start_week"":48,""duration_weeks"":1,""recovery_weeks"":1}]"
A,1618,764,Demand-supply coupling,False,,False,Non-failure,Unclassified,Unclassified,4,0.8534624542375737,158.79756332732882,True,True,False,False,False,"[{""target"":""corridor"",""magnitude"":0.2569075337183791,""start_week"":18,""duration_weeks"":2,""recovery_weeks"":3},{""target"":""demand"",""magnitude"":0.20407187190388137,""start_week"":25,""duration_weeks"":3,""recovery_weeks"":3},{""target"":""T2P"",""magnitude"":0.38343800269951034,""start_week"":36,""duration_weeks"":1,""recovery_weeks"":3},{""target"":""demand"",""magnitude"":0.12105167594011242,""start_week"":49,""duration_weeks"":7,""recovery_weeks"":1}]"
A,1618,765,Demand-supply coupling,True,False,True,Adaptation-limited,Concentrated dependency,Concentrated dependency,2,0.6081526399864721,1057.987872036525,False,True,False,False,False,"[{""target"":""corridor"",""magnitude"":0.5438855200101459,""start_week"":11,""duration_weeks"":2,""recovery_weeks"":1},{""target"":""demand"",""magnitude"":0.06859047776797071,""start_week"":26,""duration_weeks"":9,""recovery_weeks"":2}]"
A,1618,766,Demand-supply coupling,False,,False,Non-failure,Unclassified,Unclassified,2,0.8886598614577322,247.97429057669103,False,True,False,False,False,"[{""target"":""corridor"",""magnitude"":0.2123714413336224,""start_week"":14,""duration_weeks"":6,""recovery_weeks"":2},{""target"":""demand"",""magnitude"":0.12528993754666568,""start_week"":19,""duration_weeks"":4,""recovery_weeks"":1}]"
A,1618,767,Demand-supply coupling,False,,False,Non-failure,Unclassified,Unclassified,3,0.9136994272594434,85.00663691939315,True,False,False,False,False,"[{""target"":""demand"",""magnitude"":0.09445181879932565,""start_week"":6,""duration_weeks"":4,""recovery_weeks"":4},{""target"":""T2P"",""magnitude"":0.20776654604849107,""start_week"":23,""duration_weeks"":1,""recovery_weeks"":2},{""target"":""demand"",""magnitude"":0.21929777274008883,""start_week"":51,""duration_weeks"":1,""recovery_weeks"":3}]"
A,1618,768,Demand-supply coupling,False,,False,Non-failure,Unclassified,Unclassified,2,0.9017940142668593,98.01061635087717,False,False,False,False,True,"[{""target"":""demand"",""magnitude"":0.10890068483430798,""start_week"":1,""duration_weeks"":3,""recovery_weeks"":1},{""target"":""S1C"",""magnitude"":0.1996752048659886,""start_week"":38,""duration_weeks"":7,""recovery_weeks"":1}]"
A,1618,769,Demand-supply coupling,False,,False,Non-failure,Unclassified,Unclassified,2,0.935664879110485,61.88284939754203,False,False,False,False,True,"[{""target"":""demand"",""magnitude"":0.06875872155282436,""start_week"":22,""duration_weeks"":1,""recovery_weeks"":1},{""target"":""S1C"",""magnitude"":0.19805118196190252,""start_week"":33,""duration_weeks"":1,""recovery_weeks"":4}]"
A,1618,770,Demand-supply coupling,False,,False,Non-failure,Unclassified,Unclassified,1,1.0,0.0,True,False,False,False,False,"[{""target"":""T2P"",""magnitude"":0.31336350273030333,""start_week"":25,""duration_weeks"":1,""recovery_weeks"":1}]"
A,1618,771,Demand-supply coupling,False,,False,Non-failure,Unclassified,Unclassified,4,0.8369389349972342,175.34727130716442,False,True,True,False,False,"[{""target"":""corridor"",""magnitude"":0.17748837890291388,""start_week"":2,""duration_weeks"":1,""recovery_weeks"":2},{""target"":""demand"",""magnitude"":0.19483030145240487,""start_week"":4,""duration_weeks"":1,""recovery_weeks"":3},{""target"":""S1A"",""magnitude"":0.2817230059776633,""start_week"":9,""duration_weeks"":8,""recovery_weeks"":1},{""target"":""demand"",""magnitude"":0.1203334085352252,""start_week"":36,""duration_weeks"":1,""recovery_weeks"":1}]"
A,1618,772,Demand-supply coupling,False,,False,Non-failure,Unclassified,Unclassified,3,0.9106162605699805,650.072156106422,False,True,True,False,False,"[{""target"":""corridor"",""magnitude"":0.2951438997296128,""start_week"":12,""duration_weeks"":11,""recovery_weeks"":2},{""target"":""S1A"",""magnitude"":0.4262595571130726,""start_week"":15,""duration_weeks"":1,""recovery_weeks"":3},{""target"":""demand"",""magnitude"":0.22017490706308634,""start_week"":48,""duration_weeks"":1,""recovery_weeks"":3}]"
A,1618,773,Demand-supply coupling,True,True,True,Structural,Concentrated dependency,Concentrated dependency,4,0.6657197442571701,2799.1055174812263,False,True,False,False,False,"[{""target"":""corridor"",""magnitude"":0.30194405265252044,""start_week"":7,""duration_weeks"":3,""recovery_weeks"":4},{""target"":""demand"",""magnitude"":0.09589380878204908,""start_week"":17,""duration_weeks"":1,""recovery_weeks"":1},{""target"":""corridor"",""magnitude"":0.5007101918071225,""start_week"":27,""duration_weeks"":9,""recovery_weeks"":1},{""target"":""demand"",""magnitude"":0.0925347576327954,""start_week"":40,""duration_weeks"":1,""recovery_weeks"":1}]"
A,1618,774,Demand-supply coupling,True,True,True,Structural,Concentrated dependency,Concentrated dependency,1,0.8280721432917588,928.4104262245016,False,True,False,False,False,"[{""target"":""corridor"",""magnitude"":0.3789458925311807,""start_week"":45,""duration_weeks"":6,""recovery_weeks"":2}]"
A,1618,775,Demand-supply coupling,False,,False,Non-failure,Unclassified,Unclassified,1,0.9530807900419838,98.53034091183417,False,False,False,False,True,"[{""target"":""S1C"",""magnitude"":0.35556822240553654,""start_week"":33,""duration_weeks"":11,""recovery_weeks"":1}]"
A,1618,776,Demand-supply coupling,True,True,True,Structural,Concentrated dependency,Concentrated dependency,4,0.7292621220424166,868.9587934601306,False,True,False,False,False,"[{""target"":""demand"",""magnitude"":0.0720310875171399,""start_week"":4,""duration_weeks"":11,""recovery_weeks"":4},{""target"":""corridor"",""magnitude"":0.41365625066635814,""start_week"":7,""duration_weeks"":2,""recovery_weeks"":4},{""target"":""corridor"",""magnitude"":0.3514071564369355,""start_week"":30,""duration_weeks"":2,""recovery_weeks"":2},{""target"":""demand"",""magnitude"":0.24630626107747805,""start_week"":41,""duration_weeks"":1,""recovery_weeks"":3}]"
A,1618,777,Demand-supply coupling,True,True,False,Structural,Compounding moderate disturbance,Compounding moderate disturbance,5,0.8523985870645953,535.9222022678322,True,True,False,False,False,"[{""target"":""corridor"",""magnitude"":0.2562615346726544,""start_week"":14,""duration_weeks"":5,""recovery_weeks"":4},{""target"":""demand"",""magnitude"":0.12972144933423313,""start_week"":18,""duration_weeks"":3,""recovery_weeks"":3},{""target"":""corridor"",""magnitude"":0.3128074521677793,""start_week"":29,""duration_weeks"":5,""recovery_weeks"":4},{""target"":""demand"",""magnitude"":0.19724023086422365,""start_week"":36,""duration_weeks"":1,""recovery_weeks"":2},{""target"":""T2P"",""magnitude"":0.21963375355206466,""start_week"":40,""duration_weeks"":1,""recovery_weeks"":3}]"
A,1618,778,Demand-supply coupling,True,True,True,Structural,Concentrated dependency; Propagation-amplified cascade,Propagation-amplified cascade,5,0.5402035746388736,4801.10930983927,True,True,False,False,False,"[{""target"":""T2P"",""magnitude"":0.28994232203299086,""start_week"":4,""duration_weeks"":2,""recovery_weeks"":4},{""target"":""demand"",""magnitude"":0.09523650005754124,""start_week"":7,""duration_weeks"":1,""recovery_weeks"":4},{""target"":""corridor"",""magnitude"":0.37503272786785036,""start_week"":11,""duration_weeks"":3,""recovery_weeks"":2},{""target"":""demand"",""magnitude"":0.25767150847122183,""start_week"":18,""duration_weeks"":1,""recovery_weeks"":2},{""target"":""T2P"",""magnitude"":0.5138167828250138,""start_week"":23,""duration_weeks"":9,""recovery_weeks"":4}]"
A,1618,779,Demand-supply coupling,False,,False,Non-failure,Unclassified,Unclassified,4,0.8301424607396108,202.43262922428335,False,True,False,False,False,"[{""target"":""corridor"",""magnitude"":0.20013716079621757,""start_week"":4,""duration_weeks"":2,""recovery_weeks"":3},{""target"":""demand"",""magnitude"":0.1541766308395383,""start_week"":11,""duration_weeks"":5,""recovery_weeks"":1},{""target"":""corridor"",""magnitude"":0.3288942744067741,""start_week"":32,""duration_weeks"":1,""recovery_weeks"":3},{""target"":""demand"",""magnitude"":0.32419876422282345,""start_week"":49,""duration_weeks"":1,""recovery_weeks"":1}]"
A,1618,780,Demand-supply coupling,False,,False,Non-failure,Unclassified,Unclassified,1,0.9657500319120805,61.649942558255134,False,False,False,True,False,"[{""target"":""S1B"",""magnitude"":0.32706242819781906,""start_week"":2,""duration_weeks"":1,""recovery_weeks"":3}]"
A,1618,781,Demand-supply coupling,False,,False,Non-failure,Unclassified,Unclassified,3,0.897005820640517,103.33797093684962,True,True,False,False,False,"[{""target"":""demand"",""magnitude"":0.1148199677076106,""start_week"":27,""duration_weeks"":3,""recovery_weeks"":3},{""target"":""corridor"",""magnitude"":0.17715859553855787,""start_week"":46,""duration_weeks"":1,""recovery_weeks"":1},{""target"":""T2P"",""magnitude"":0.5084740271004878,""start_week"":51,""duration_weeks"":1,""recovery_weeks"":2}]"
A,1618,782,Demand-supply coupling,True,False,True,Adaptation-limited,Concentrated dependency,Concentrated dependency,2,0.7863490839124936,819.7831216884854,False,True,False,False,False,"[{""target"":""corridor"",""magnitude"":0.41023818706562987,""start_week"":11,""duration_weeks"":2,""recovery_weeks"":3},{""target"":""demand"",""magnitude"":0.19479990209636783,""start_week"":15,""duration_weeks"":1,""recovery_weeks"":4}]"
A,1618,783,Demand-supply coupling,False,,False,Non-failure,Unclassified,Unclassified,2,0.9309497753589026,66.75462395705426,True,False,False,False,False,"[{""target"":""demand"",""magnitude"":0.07417180439672691,""start_week"":10,""duration_weeks"":1,""recovery_weeks"":4},{""target"":""T2P"",""magnitude"":0.16803629635301928,""start_week"":43,""duration_weeks"":5,""recovery_weeks"":4}]"
A,1618,784,Demand-supply coupling,True,False,True,Adaptation-limited,Concentrated dependency; Recovery lag and temporal overlap,Recovery lag and temporal overlap,5,0.6462708281591955,1213.3500881693426,False,True,False,True,False,"[{""target"":""demand"",""magnitude"":0.08477970104650337,""start_week"":11,""duration_weeks"":5,""recovery_weeks"":2},{""target"":""corridor"",""magnitude"":0.5152968788806034,""start_week"":17,""duration_weeks"":1,""recovery_weeks"":4},{""target"":""demand"",""magnitude"":0.20193185367888328,""start_week"":20,""duration_weeks"":6,""recovery_weeks"":1},{""target"":""S1B"",""magnitude"":0.28160211359367854,""start_week"":25,""duration_weeks"":3,""recovery_weeks"":3},{""target"":""demand"",""magnitude"":0.18500186025878684,""start_week"":35,""duration_weeks"":2,""recovery_weeks"":3}]"
A,1618,785,Demand-supply coupling,True,True,True,Structural,Concentrated dependency; Hidden convergent dependency,Hidden convergent dependency,5,0.6467560234023156,874.3242768457901,True,True,False,True,False,"[{""target"":""T2P"",""magnitude"":0.48359551114094046,""start_week"":2,""duration_weeks"":1,""recovery_weeks"":3},{""target"":""demand"",""magnitude"":0.1882389970768748,""start_week"":6,""duration_weeks"":1,""recovery_weeks"":2},{""target"":""corridor"",""magnitude"":0.5149329824482634,""start_week"":21,""duration_weeks"":1,""recovery_weeks"":3},{""target"":""S1B"",""magnitude"":0.1847538654132252,""start_week"":32,""duration_weeks"":2,""recovery_weeks"":2},{""target"":""demand"",""magnitude"":0.1539515988729574,""start_week"":33,""duration_weeks"":1,""recovery_weeks"":4}]"
A,1618,786,Demand-supply coupling,False,,False,Non-failure,Unclassified,Unclassified,4,0.7980382235876252,518.2060823881855,False,False,False,True,False,"[{""target"":""demand"",""magnitude"":0.2530728108541521,""start_week"":3,""duration_weeks"":2,""recovery_weeks"":4},{""target"":""demand"",""magnitude"":0.11092845731965253,""start_week"":4,""duration_weeks"":1,""recovery_weeks"":1},{""target"":""S1B"",""magnitude"":0.22756708946059023,""start_week"":10,""duration_weeks"":1,""recovery_weeks"":2},{""target"":""demand"",""magnitude"":0.10345444538371304,""start_week"":17,""duration_weeks"":2,""recovery_weeks"":4}]"
A,1618,787,Demand-supply coupling,False,,False,Non-failure,Unclassified,Unclassified,2,0.9024255614100324,97.31217563668906,True,False,False,False,False,"[{""target"":""demand"",""magnitude"":0.10812463959632122,""start_week"":12,""duration_weeks"":4,""recovery_weeks"":4},{""target"":""T2P"",""magnitude"":0.21224881142219348,""start_week"":30,""duration_weeks"":2,""recovery_weeks"":1}]"
A,1618,788,Demand-supply coupling,True,True,False,Structural,Hidden convergent dependency; Compounding moderate disturbance; Propagation-amplified cascade; Recovery lag and temporal overlap,Hidden convergent dependency,3,0.6469951696330855,570.8173893208925,True,False,False,False,False,"[{""target"":""T2P"",""magnitude"":0.37295869150498057,""start_week"":12,""duration_weeks"":1,""recovery_weeks"":3},{""target"":""demand"",""magnitude"":0.10950756654365973,""start_week"":15,""duration_weeks"":1,""recovery_weeks"":3},{""target"":""T2P"",""magnitude"":0.4177043473302231,""start_week"":44,""duration_weeks"":4,""recovery_weeks"":1}]"
A,1618,789,Demand-supply coupling,False,,False,Non-failure,Unclassified,Unclassified,3,0.7921128355999607,362.9079317752198,False,False,False,True,False,"[{""target"":""demand"",""magnitude"":0.26244640290746185,""start_week"":19,""duration_weeks"":3,""recovery_weeks"":2},{""target"":""S1B"",""magnitude"":0.42184428866374435,""start_week"":25,""duration_weeks"":2,""recovery_weeks"":4},{""target"":""demand"",""magnitude"":0.2150540891207014,""start_week"":30,""duration_weeks"":2,""recovery_weeks"":3}]"
A,1618,790,Demand-supply coupling,False,,False,Non-failure,Unclassified,Unclassified,3,0.9068450518852563,92.45179551784963,False,True,False,True,False,"[{""target"":""demand"",""magnitude"":0.1027242172420551,""start_week"":10,""duration_weeks"":8,""recovery_weeks"":1},{""target"":""S1B"",""magnitude"":0.2614098793345674,""start_week"":15,""duration_weeks"":5,""recovery_weeks"":1},{""target"":""corridor"",""magnitude"":0.2036327600854983,""start_week"":40,""duration_weeks"":1,""recovery_weeks"":2}]"
A,1618,791,Demand-supply coupling,True,True,False,Structural,Concentrated dependency; Hidden convergent dependency; Propagation-amplified cascade,Hidden convergent dependency,2,0.8664053770246987,241.64612474439832,True,False,False,False,False,"[{""target"":""T2P"",""magnitude"":0.22023516067777116,""start_week"":16,""duration_weeks"":6,""recovery_weeks"":1},{""target"":""demand"",""magnitude"":0.1343155904670832,""start_week"":45,""duration_weeks"":1,""recovery_weeks"":4}]"
A,1618,792,Demand-supply coupling,True,True,True,Structural,Concentrated dependency,Concentrated dependency,2,0.7508116936098128,2405.4346842510304,True,False,False,False,False,"[{""target"":""demand"",""magnitude"":0.3318918824933581,""start_week"":5,""duration_weeks"":5,""recovery_weeks"":1},{""target"":""T2P"",""magnitude"":0.270332950219334,""start_week"":9,""duration_weeks"":8,""recovery_weeks"":3}]"
A,1618,793,Demand-supply coupling,False,,False,Non-failure,Unclassified,Unclassified,5,0.7821182966082912,196.99312351645324,True,True,True,False,False,"[{""target"":""T2P"",""magnitude"":0.36536451101751266,""start_week"":10,""duration_weeks"":2,""recovery_weeks"":1},{""target"":""demand"",""magnitude"":0.08216492303985162,""start_week"":41,""duration_weeks"":1,""recovery_weeks"":1},{""target"":""S1A"",""magnitude"":0.2563299417812073,""start_week"":42,""duration_weeks"":3,""recovery_weeks"":4},{""target"":""demand"",""magnitude"":0.17076933569799574,""start_week"":44,""duration_weeks"":1,""recovery_weeks"":4},{""target"":""corridor"",""magnitude"":0.3130415902995748,""start_week"":47,""duration_weeks"":1,""recovery_weeks"":1}]"
A,1618,794,Demand-supply coupling,False,,False,Non-failure,Unclassified,Unclassified,1,0.9219516243127025,76.19004757536277,False,False,False,False,False,"[{""target"":""demand"",""magnitude"":0.08465560841706984,""start_week"":42,""duration_weeks"":1,""recovery_weeks"":2}]"
A,1618,795,Demand-supply coupling,True,True,False,Structural,Concentrated dependency,Concentrated dependency,5,0.8484621034186315,272.76821384646337,True,True,False,False,False,"[{""target"":""corridor"",""magnitude"":0.3636534224360264,""start_week"":1,""duration_weeks"":1,""recovery_weeks"":1},{""target"":""demand"",""magnitude"":0.07627261972216806,""start_week"":4,""duration_weeks"":9,""recovery_weeks"":3},{""target"":""corridor"",""magnitude"":0.24420895471259674,""start_week"":19,""duration_weeks"":3,""recovery_weeks"":2},{""target"":""demand"",""magnitude"":0.15297360946251437,""start_week"":31,""duration_weeks"":2,""recovery_weeks"":4},{""target"":""T2P"",""magnitude"":0.38968381291789045,""start_week"":35,""duration_weeks"":1,""recovery_weeks"":2}]"
A,1618,796,Demand-supply coupling,True,True,False,Structural,Concentrated dependency; Hidden convergent dependency; Propagation-amplified cascade,Hidden convergent dependency,1,0.7252334502746153,520.6861755132827,True,False,False,False,False,"[{""target"":""T2P"",""magnitude"":0.4630531930037951,""start_week"":28,""duration_weeks"":1,""recovery_weeks"":4}]"
A,1618,797,Demand-supply coupling,False,,False,Non-failure,Unclassified,Unclassified,4,0.8276432503523817,300.7553812508195,False,True,False,False,False,"[{""target"":""demand"",""magnitude"":0.20825005166686833,""start_week"":14,""duration_weeks"":3,""recovery_weeks"":4},{""target"":""corridor"",""magnitude"":0.2699663512929482,""start_week"":31,""duration_weeks"":1,""recovery_weeks"":1},{""target"":""demand"",""magnitude"":0.2646767050410399,""start_week"":37,""duration_weeks"":3,""recovery_weeks"":1},{""target"":""corridor"",""magnitude"":0.248860402157263,""start_week"":42,""duration_weeks"":10,""recovery_weeks"":4}]"
A,1618,798,Demand-supply coupling,False,,False,Non-failure,Unclassified,Unclassified,1,1.0,0.0,False,False,False,True,False,"[{""target"":""S1B"",""magnitude"":0.24183481202859458,""start_week"":37,""duration_weeks"":1,""recovery_weeks"":3}]"
A,1618,799,Demand-supply coupling,False,,False,Non-failure,Unclassified,Unclassified,2,0.864007080139717,182.62418582836438,True,False,False,False,False,"[{""target"":""T2P"",""magnitude"":0.22239362787425462,""start_week"":19,""duration_weeks"":5,""recovery_weeks"":3},{""target"":""demand"",""magnitude"":0.2830716679492939,""start_week"":40,""duration_weeks"":1,""recovery_weeks"":3}]"
A,1618,800,Demand-supply coupling,False,,False,Non-failure,Unclassified,Unclassified,1,1.0,0.0,False,False,False,False,True,"[{""target"":""S1C"",""magnitude"":0.20288587493782187,""start_week"":38,""duration_weeks"":1,""recovery_weeks"":1}]"
A,1618,801,Demand-supply coupling,True,False,True,Adaptation-limited,Concentrated dependency; Hidden convergent dependency; Propagation-amplified cascade,Hidden convergent dependency,6,0.7093572896008665,1290.3003812261177,True,True,False,False,False,"[{""target"":""T2P"",""magnitude"":0.4986231152883849,""start_week"":3,""duration_weeks"":1,""recovery_weeks"":3},{""target"":""demand"",""magnitude"":0.06303706900129644,""start_week"":13,""duration_weeks"":3,""recovery_weeks"":1},{""target"":""corridor"",""magnitude"":0.46798203279935013,""start_week"":16,""duration_weeks"":3,""recovery_weeks"":4},{""target"":""demand"",""magnitude"":0.23868679413033717,""start_week"":25,""duration_weeks"":2,""recovery_weeks"":4},{""target"":""corridor"",""magnitude"":0.2755940756545984,""start_week"":47,""duration_weeks"":6,""recovery_weeks"":1},{""target"":""demand"",""magnitude"":0.1438720509668419,""start_week"":49,""duration_weeks"":4,""recovery_weeks"":1}]"
A,1618,802,Demand-supply coupling,False,,False,Non-failure,Unclassified,Unclassified,2,1.0,0.0,True,True,False,False,False,"[{""target"":""corridor"",""magnitude"":0.23696309997393922,""start_week"":40,""duration_weeks"":2,""recovery_weeks"":4},{""target"":""T2P"",""magnitude"":0.3943934879667258,""start_week"":46,""duration_weeks"":2,""recovery_weeks"":4}]"
A,1618,803,Demand-supply coupling,True,True,False,Structural,Concentrated dependency; Hidden convergent dependency; Propagation-amplified cascade,Hidden convergent dependency,4,0.7194687286067248,409.91257701579116,True,False,False,False,False,"[{""target"":""T2P"",""magnitude"":0.24185944451237695,""start_week"":5,""duration_weeks"":2,""recovery_weeks"":3},{""target"":""T2P"",""magnitude"":0.35247814425394763,""start_week"":20,""duration_weeks"":3,""recovery_weeks"":1},{""target"":""demand"",""magnitude"":0.08448609844113034,""start_week"":39,""duration_weeks"":1,""recovery_weeks"":4},{""target"":""T2P"",""magnitude"":0.46677616755112483,""start_week"":47,""duration_weeks"":4,""recovery_weeks"":3}]"
A,1618,804,Demand-supply coupling,False,,False,Non-failure,Unclassified,Unclassified,1,0.9851826952312902,53.342297167355355,False,True,False,False,False,"[{""target"":""corridor"",""magnitude"":0.2611129785765324,""start_week"":18,""duration_weeks"":3,""recovery_weeks"":2}]"
A,1618,805,Demand-supply coupling,True,False,False,Adaptation-limited,Concentrated dependency,Concentrated dependency,4,0.7227205813786886,642.5502126248302,False,True,False,False,False,"[{""target"":""corridor"",""magnitude"":0.16157981862274096,""start_week"":16,""duration_weeks"":13,""recovery_weeks"":2},{""target"":""corridor"",""magnitude"":0.3534978664950366,""start_week"":23,""duration_weeks"":1,""recovery_weeks"":3},{""target"":""corridor"",""magnitude"":0.22603559876374962,""start_week"":42,""duration_weeks"":10,""recovery_weeks"":1},{""target"":""demand"",""magnitude"":0.11452767904167284,""start_week"":49,""duration_weeks"":2,""recovery_weeks"":4}]"
A,1618,806,Demand-supply coupling,True,False,False,Adaptation-limited,Compounding moderate disturbance; Recovery lag and temporal overlap,Compounding moderate disturbance,5,0.7779870465422558,959.6125784702118,True,True,False,True,False,"[{""target"":""T2P"",""magnitude"":0.24506406083445884,""start_week"":4,""duration_weeks"":4,""recovery_weeks"":1},{""target"":""T2P"",""magnitude"":0.35991407351999805,""start_week"":22,""duration_weeks"":2,""recovery_weeks"":2},{""target"":""corridor"",""magnitude"":0.3107976925966006,""start_week"":25,""duration_weeks"":9,""recovery_weeks"":4},{""target"":""S1B"",""magnitude"":0.21530292064040055,""start_week"":28,""duration_weeks"":1,""recovery_weeks"":3},{""target"":""demand"",""magnitude"":0.18117186392162832,""start_week"":35,""duration_weeks"":4,""recovery_weeks"":3}]"
A,1618,807,Demand-supply coupling,False,,False,Non-failure,Unclassified,Unclassified,0,1.0,0.0,False,False,False,False,False,[]
A,1618,808,Demand-supply coupling,True,False,False,Adaptation-limited,Concentrated dependency,Concentrated dependency,1,0.5625635702674584,834.2319668982186,False,True,False,False,False,"[{""target"":""corridor"",""magnitude"":0.5780773222994062,""start_week"":27,""duration_weeks"":1,""recovery_weeks"":2}]"
A,1618,809,Demand-supply coupling,True,True,False,Structural,Hidden convergent dependency; Compounding moderate disturbance; Propagation-amplified cascade,Hidden convergent dependency,3,0.6570956518852492,467.34904474427094,True,True,False,False,False,"[{""target"":""corridor"",""magnitude"":0.2891332843725255,""start_week"":34,""duration_weeks"":2,""recovery_weeks"":1},{""target"":""T2P"",""magnitude"":0.24119356428776823,""start_week"":43,""duration_weeks"":6,""recovery_weeks"":4},{""target"":""T2P"",""magnitude"":0.22063643787939546,""start_week"":45,""duration_weeks"":2,""recovery_weeks"":2}]"
A,1618,810,Demand-supply coupling,True,False,True,Adaptation-limited,Concentrated dependency,Concentrated dependency,2,0.6582739007087174,3255.92508106765,False,True,False,False,False,"[{""target"":""corridor"",""magnitude"":0.45208830377910914,""start_week"":39,""duration_weeks"":11,""recovery_weeks"":4},{""target"":""demand"",""magnitude"":0.10979476401538953,""start_week"":40,""duration_weeks"":2,""recovery_weeks"":2}]"
A,1618,811,Demand-supply coupling,True,True,True,Structural,Concentrated dependency; Hidden convergent dependency,Hidden convergent dependency,3,0.490646637860671,1385.6755692118159,True,False,False,False,False,"[{""target"":""T2P"",""magnitude"":0.48652770158124925,""start_week"":33,""duration_weeks"":3,""recovery_weeks"":1},{""target"":""demand"",""magnitude"":0.1628017640321548,""start_week"":38,""duration_weeks"":2,""recovery_weeks"":3},{""target"":""demand"",""magnitude"":0.09785024699970242,""start_week"":50,""duration_weeks"":1,""recovery_weeks"":4}]"
A,1618,812,Demand-supply coupling,False,,False,Non-failure,Unclassified,Unclassified,4,0.7882869805280943,260.96869714140655,True,False,False,False,True,"[{""target"":""S1C"",""magnitude"":0.4684123358571022,""start_week"":3,""duration_weeks"":5,""recovery_weeks"":2},{""target"":""demand"",""magnitude"":0.18616371232923323,""start_week"":22,""duration_weeks"":1,""recovery_weeks"":4},{""target"":""T2P"",""magnitude"":0.2905417175247149,""start_week"":24,""duration_weeks"":2,""recovery_weeks"":1},{""target"":""demand"",""magnitude"":0.12378916871512045,""start_week"":34,""duration_weeks"":1,""recovery_weeks"":3}]"
A,1618,813,Demand-supply coupling,False,,False,Non-failure,Unclassified,Unclassified,0,1.0,0.0,False,False,False,False,False,[]
A,1618,814,Demand-supply coupling,False,,False,Non-failure,Unclassified,Unclassified,3,0.8650854636069664,140.3596382806595,True,False,True,False,False,"[{""target"":""demand"",""magnitude"":0.15595515364517715,""start_week"":41,""duration_weeks"":1,""recovery_weeks"":4},{""target"":""T2P"",""magnitude"":0.44446222220009635,""start_week"":46,""duration_weeks"":4,""recovery_weeks"":3},{""target"":""S1A"",""magnitude"":0.3407570671275335,""start_week"":51,""duration_weeks"":4,""recovery_weeks"":2}]"
A,1618,815,Demand-supply coupling,True,False,False,Adaptation-limited,Compounding moderate disturbance,Compounding moderate disturbance,8,0.8418871998603772,310.3933809500427,True,False,True,True,False,"[{""target"":""S1B"",""magnitude"":0.40419372248847696,""start_week"":6,""duration_weeks"":2,""recovery_weeks"":4},{""target"":""demand"",""magnitude"":0.10640648394020902,""start_week"":7,""duration_weeks"":6,""recovery_weeks"":1},{""target"":""demand"",""magnitude"":0.22802520295927203,""start_week"":25,""duration_weeks"":1,""recovery_weeks"":2},{""target"":""S1A"",""magnitude"":0.22841088552777683,""start_week"":34,""duration_weeks"":1,""recovery_weeks"":3},{""target"":""demand"",""magnitude"":0.16094696617182944,""start_week"":45,""duration_weeks"":5,""recovery_weeks"":2},{""target"":""S1B"",""magnitude"":0.45830488550537374,""start_week"":46,""duration_weeks"":2,""recovery_weeks"":2},{""target"":""T2P"",""magnitude"":0.3975931491225064,""start_week"":50,""duration_weeks"":1,""recovery_weeks"":4},{""target"":""demand"",""magnitude"":0.2113607527854926,""start_week"":51,""duration_weeks"":4,""recovery_weeks"":1}]"
A,1618,816,Demand-supply coupling,True,True,True,Structural,Concentrated dependency,Concentrated dependency,5,0.556847496258696,2409.479574275272,True,True,False,False,False,"[{""target"":""corridor"",""magnitude"":0.4281175916398754,""start_week"":1,""duration_weeks"":4,""recovery_weeks"":2},{""target"":""demand"",""magnitude"":0.13683111565511274,""start_week"":10,""duration_weeks"":6,""recovery_weeks"":2},{""target"":""T2P"",""magnitude"":0.37516176041329985,""start_week"":11,""duration_weeks"":1,""recovery_weeks"":2},{""target"":""T2P"",""magnitude"":0.49883725336717355,""start_week"":21,""duration_weeks"":1,""recovery_weeks"":3},{""target"":""demand"",""magnitude"":0.2044268498416219,""start_week"":31,""duration_weeks"":6,""recovery_weeks"":4}]"
A,1618,817,Demand-supply coupling,False,,False,Non-failure,Unclassified,Unclassified,2,0.8778911517509089,131.46908862061764,True,False,False,False,False,"[{""target"":""T2P"",""magnitude"":0.4225929008574342,""start_week"":4,""duration_weeks"":1,""recovery_weeks"":1},{""target"":""demand"",""magnitude"":0.196283211483873,""start_week"":21,""duration_weeks"":1,""recovery_weeks"":4}]"
A,1618,818,Demand-supply coupling,True,False,False,Adaptation-limited,Concentrated dependency; Recovery lag and temporal overlap,Recovery lag and temporal overlap,4,0.7106191880748021,981.949302582899,False,True,True,True,False,"[{""target"":""S1B"",""magnitude"":0.4239778677709599,""start_week"":12,""duration_weeks"":4,""recovery_weeks"":1},{""target"":""demand"",""magnitude"":0.14253002932656167,""start_week"":14,""duration_weeks"":3,""recovery_weeks"":1},{""target"":""corridor"",""magnitude"":0.4670356089438984,""start_week"":17,""duration_weeks"":1,""recovery_weeks"":1},{""target"":""S1A"",""magnitude"":0.344735513285916,""start_week"":27,""duration_weeks"":1,""recovery_weeks"":4}]"
A,1618,819,Demand-supply coupling,False,,False,Non-failure,Unclassified,Unclassified,4,0.919357603279274,78.94442466106011,False,True,True,False,False,"[{""target"":""corridor"",""magnitude"":0.21877121924021403,""start_week"":18,""duration_weeks"":7,""recovery_weeks"":1},{""target"":""demand"",""magnitude"":0.08771602740117787,""start_week"":28,""duration_weeks"":1,""recovery_weeks"":1},{""target"":""corridor"",""magnitude"":0.2065853003502123,""start_week"":33,""duration_weeks"":1,""recovery_weeks"":2},{""target"":""S1A"",""magnitude"":0.26367322838148616,""start_week"":46,""duration_weeks"":8,""recovery_weeks"":3}]"
A,1618,820,Demand-supply coupling,False,,False,Non-failure,Unclassified,Unclassified,4,0.8601529567721765,236.88842988709825,False,True,False,False,False,"[{""target"":""corridor"",""magnitude"":0.288530065854591,""start_week"":28,""duration_weeks"":2,""recovery_weeks"":2},{""target"":""demand"",""magnitude"":0.16580432065126977,""start_week"":37,""duration_weeks"":1,""recovery_weeks"":4},{""target"":""corridor"",""magnitude"":0.31047069195383814,""start_week"":43,""duration_weeks"":2,""recovery_weeks"":4},{""target"":""demand"",""magnitude"":0.16258392432040875,""start_week"":47,""duration_weeks"":7,""recovery_weeks"":2}]"
A,1618,821,Demand-supply coupling,False,,False,Non-failure,Unclassified,Unclassified,1,1.0,0.0,True,False,False,False,False,"[{""target"":""T2P"",""magnitude"":0.17340775915896767,""start_week"":36,""duration_weeks"":1,""recovery_weeks"":4}]"
A,1618,822,Demand-supply coupling,False,,False,Non-failure,Unclassified,Unclassified,2,0.821175035721071,195.99045374012508,True,False,False,False,False,"[{""target"":""demand"",""magnitude"":0.21776717082236113,""start_week"":24,""duration_weeks"":1,""recovery_weeks"":3},{""target"":""T2P"",""magnitude"":0.4023585137238018,""start_week"":36,""duration_weeks"":1,""recovery_weeks"":1}]"
A,1618,823,Demand-supply coupling,False,,False,Non-failure,Unclassified,Unclassified,5,0.8603273763781244,224.60568608394408,False,False,True,True,True,"[{""target"":""demand"",""magnitude"":0.16234822633435264,""start_week"":4,""duration_weeks"":8,""recovery_weeks"":4},{""target"":""S1A"",""magnitude"":0.1956559092823223,""start_week"":30,""duration_weeks"":3,""recovery_weeks"":4},{""target"":""demand"",""magnitude"":0.21676025616935696,""start_week"":32,""duration_weeks"":2,""recovery_weeks"":3},{""target"":""S1B"",""magnitude"":0.30356557751854985,""start_week"":47,""duration_weeks"":7,""recovery_weeks"":1},{""target"":""S1C"",""magnitude"":0.2769743547255591,""start_week"":51,""duration_weeks"":10,""recovery_weeks"":2}]"
A,1618,824,Demand-supply coupling,True,False,True,Adaptation-limited,Hidden convergent dependency; Compounding moderate disturbance; Propagation-amplified cascade; Recovery lag and temporal overlap,Hidden convergent dependency,7,0.659571106314453,3557.4216572100695,True,True,False,False,False,"[{""target"":""demand"",""magnitude"":0.1033224052930592,""start_week"":2,""duration_weeks"":1,""recovery_weeks"":2},{""target"":""T2P"",""magnitude"":0.2753841823941394,""start_week"":4,""duration_weeks"":1,""recovery_weeks"":4},{""target"":""T2P"",""magnitude"":0.40638600431699223,""start_week"":8,""duration_weeks"":1,""recovery_weeks"":2},{""target"":""demand"",""magnitude"":0.23241547145613156,""start_week"":15,""duration_weeks"":4,""recovery_weeks"":4},{""target"":""corridor"",""magnitude"":0.40974593025098416,""start_week"":20,""duration_weeks"":9,""recovery_weeks"":4},{""target"":""demand"",""magnitude"":0.06708434556679002,""start_week"":30,""duration_weeks"":1,""recovery_weeks"":4},{""target"":""demand"",""magnitude"":0.14447398437552617,""start_week"":35,""duration_weeks"":1,""recovery_weeks"":2}]"
A,1618,825,Demand-supply coupling,False,,False,Non-failure,Unclassified,Unclassified,1,0.8625804413560743,143.38094959016007,False,False,False,False,False,"[{""target"":""demand"",""magnitude"":0.15931216621128852,""start_week"":15,""duration_weeks"":1,""recovery_weeks"":2}]"
A,1618,826,Demand-supply coupling,False,,False,Non-failure,Unclassified,Unclassified,0,1.0,0.0,False,False,False,False,False,[]
A,1618,827,Demand-supply coupling,False,,False,Non-failure,Unclassified,Unclassified,3,0.5730927477923532,1418.8240310761284,True,False,False,False,True,"[{""target"":""T2P"",""magnitude"":0.45327686400014344,""start_week"":5,""duration_weeks"":1,""recovery_weeks"":1},{""target"":""demand"",""magnitude"":0.19611953683543415,""start_week"":8,""duration_weeks"":12,""recovery_weeks"":3},{""target"":""S1C"",""magnitude"":0.34344717190941904,""start_week"":51,""duration_weeks"":3,""recovery_weeks"":3}]"
A,1618,828,Demand-supply coupling,True,True,True,Structural,Concentrated dependency,Concentrated dependency,4,0.7447757936186481,1613.0923049552703,True,True,False,False,False,"[{""target"":""corridor"",""magnitude"":0.441418154786014,""start_week"":7,""duration_weeks"":1,""recovery_weeks"":2},{""target"":""demand"",""magnitude"":0.10829769110066004,""start_week"":17,""duration_weeks"":16,""recovery_weeks"":3},{""target"":""T2P"",""magnitude"":0.24036813057697604,""start_week"":20,""duration_weeks"":5,""recovery_weeks"":3},{""target"":""demand"",""magnitude"":0.12635319613942653,""start_week"":31,""duration_weeks"":1,""recovery_weeks"":3}]"
A,1618,829,Demand-supply coupling,True,True,True,Structural,Concentrated dependency,Concentrated dependency,5,0.7552367956649925,1330.107256390172,False,True,True,False,False,"[{""target"":""corridor"",""magnitude"":0.23981409480175883,""start_week"":6,""duration_weeks"":5,""recovery_weeks"":1},{""target"":""demand"",""magnitude"":0.16520069555707345,""start_week"":39,""duration_weeks"":1,""recovery_weeks"":4},{""target"":""S1A"",""magnitude"":0.4326460307948372,""start_week"":40,""duration_weeks"":1,""recovery_weeks"":4},{""target"":""S1A"",""magnitude"":0.5537203845447268,""start_week"":43,""duration_weeks"":4,""recovery_weeks"":2},{""target"":""demand"",""magnitude"":0.32196332726856985,""start_week"":46,""duration_weeks"":5,""recovery_weeks"":4}]"
A,1618,830,Demand-supply coupling,True,True,True,Structural,Concentrated dependency; Hidden convergent dependency; Propagation-amplified cascade,Hidden convergent dependency,6,0.5925882504372122,923.7471134117889,True,True,False,False,False,"[{""target"":""T2P"",""magnitude"":0.30143568433286827,""start_week"":3,""duration_weeks"":2,""recovery_weeks"":3},{""target"":""T2P"",""magnitude"":0.46667057460650907,""start_week"":16,""duration_weeks"":2,""recovery_weeks"":3},{""target"":""T2P"",""magnitude"":0.32319746844123776,""start_week"":36,""duration_weeks"":5,""recovery_weeks"":1},{""target"":""demand"",""magnitude"":0.10539344546828207,""start_week"":38,""duration_weeks"":2,""recovery_weeks"":1},{""target"":""corridor"",""magnitude"":0.4128691866761296,""start_week"":50,""duration_weeks"":1,""recovery_weeks"":2},{""target"":""demand"",""magnitude"":0.09799595082882628,""start_week"":51,""duration_weeks"":3,""recovery_weeks"":1}]"
A,1618,831,Demand-supply coupling,True,False,True,Adaptation-limited,Concentrated dependency; Recovery lag and temporal overlap,Recovery lag and temporal overlap,4,0.6520482298493562,869.3424348338292,False,True,False,False,False,"[{""target"":""corridor"",""magnitude"":0.25530164647828085,""start_week"":13,""duration_weeks"":3,""recovery_weeks"":3},{""target"":""corridor"",""magnitude"":0.3433097171836913,""start_week"":16,""duration_weeks"":3,""recovery_weeks"":2},{""target"":""demand"",""magnitude"":0.13570228762823122,""start_week"":32,""duration_weeks"":1,""recovery_weeks"":3},{""target"":""corridor"",""magnitude"":0.25822823775874343,""start_week"":47,""duration_weeks"":3,""recovery_weeks"":4}]"
A,1618,832,Demand-supply coupling,False,,False,Non-failure,Unclassified,Unclassified,1,0.7982466104682129,181.57805057860844,True,False,False,False,False,"[{""target"":""T2P"",""magnitude"":0.3605260168595362,""start_week"":5,""duration_weeks"":2,""recovery_weeks"":1}]"
A,1618,833,Demand-supply coupling,False,,False,Non-failure,Unclassified,Unclassified,2,0.9058911626843461,338.79181433635404,False,True,False,False,False,"[{""target"":""corridor"",""magnitude"":0.3205816279867405,""start_week"":5,""duration_weeks"":3,""recovery_weeks"":3},{""target"":""demand"",""magnitude"":0.22428116456035507,""start_week"":44,""duration_weeks"":3,""recovery_weeks"":3}]"
A,1618,834,Demand-supply coupling,False,,False,Non-failure,Unclassified,Unclassified,4,0.8843690917125564,117.67464335187788,True,True,False,False,False,"[{""target"":""demand"",""magnitude"":0.13074960372430877,""start_week"":37,""duration_weeks"":1,""recovery_weeks"":1},{""target"":""corridor"",""magnitude"":0.36606425912492846,""start_week"":42,""duration_weeks"":1,""recovery_weeks"":2},{""target"":""T2P"",""magnitude"":0.3605619671008309,""start_week"":47,""duration_weeks"":1,""recovery_weeks"":1},{""target"":""demand"",""magnitude"":0.06660340108809731,""start_week"":49,""duration_weeks"":12,""recovery_weeks"":4}]"
A,1618,835,Demand-supply coupling,True,True,True,Structural,Concentrated dependency,Concentrated dependency,3,0.6606317623316594,4541.360123240729,False,True,False,False,False,"[{""target"":""corridor"",""magnitude"":0.4347675934494094,""start_week"":9,""duration_weeks"":16,""recovery_weeks"":2},{""target"":""demand"",""magnitude"":0.140791665956513,""start_week"":20,""duration_weeks"":3,""recovery_weeks"":1},{""target"":""corridor"",""magnitude"":0.4302606707144445,""start_week"":29,""duration_weeks"":3,""recovery_weeks"":2}]"
A,1618,836,Demand-supply coupling,True,False,False,Adaptation-limited,Concentrated dependency; Hidden convergent dependency; Propagation-amplified cascade; Recovery lag and temporal overlap,Hidden convergent dependency,4,0.6520983971003455,446.3609323838881,True,True,False,False,False,"[{""target"":""demand"",""magnitude"":0.09787312084838301,""start_week"":13,""duration_weeks"":6,""recovery_weeks"":4},{""target"":""corridor"",""magnitude"":0.385754366686034,""start_week"":41,""duration_weeks"":1,""recovery_weeks"":3},{""target"":""T2P"",""magnitude"":0.41311144260968924,""start_week"":42,""duration_weeks"":2,""recovery_weeks"":2},{""target"":""demand"",""magnitude"":0.11874292264101374,""start_week"":50,""duration_weeks"":6,""recovery_weeks"":2}]"
A,1618,837,Demand-supply coupling,False,,False,Non-failure,Unclassified,Unclassified,3,0.8284295859441474,435.95460633588766,False,True,False,False,True,"[{""target"":""demand"",""magnitude"":0.20710319496896856,""start_week"":21,""duration_weeks"":3,""recovery_weeks"":1},{""target"":""corridor"",""magnitude"":0.30582860482665497,""start_week"":31,""duration_weeks"":7,""recovery_weeks"":2},{""target"":""S1C"",""magnitude"":0.3535384108701508,""start_week"":38,""duration_weeks"":4,""recovery_weeks"":1}]"
A,1618,838,Demand-supply coupling,False,,False,Non-failure,Unclassified,Unclassified,5,0.8001058963300147,179.90469330298674,True,False,True,False,False,"[{""target"":""T2P"",""magnitude"":0.1514980853774814,""start_week"":6,""duration_weeks"":1,""recovery_weeks"":3},{""target"":""demand"",""magnitude"":0.1775207282040524,""start_week"":23,""duration_weeks"":1,""recovery_weeks"":2},{""target"":""T2P"",""magnitude"":0.5402415274219342,""start_week"":28,""duration_weeks"":1,""recovery_weeks"":1},{""target"":""S1A"",""magnitude"":0.22311373206131052,""start_week"":31,""duration_weeks"":4,""recovery_weeks"":2},{""target"":""demand"",""magnitude"":0.06355732253148504,""start_week"":48,""duration_weeks"":3,""recovery_weeks"":3}]"
A,1618,839,Demand-supply coupling,False,,False,Non-failure,Unclassified,Unclassified,5,0.9250707485019624,72.898560955947,False,True,False,True,False,"[{""target"":""demand"",""magnitude"":0.0809984010621633,""start_week"":1,""duration_weeks"":1,""recovery_weeks"":2},{""target"":""S1B"",""magnitude"":0.24412520914436903,""start_week"":13,""duration_weeks"":1,""recovery_weeks"":3},{""target"":""demand"",""magnitude"":0.1155475252266503,""start_week"":24,""duration_weeks"":9,""recovery_weeks"":2},{""target"":""corridor"",""magnitude"":0.3200012349001011,""start_week"":46,""duration_weeks"":1,""recovery_weeks"":1},{""target"":""corridor"",""magnitude"":0.3003254009952719,""start_week"":50,""duration_weeks"":6,""recovery_weeks"":4}]"
A,1618,840,Demand-supply coupling,True,True,False,Structural,Concentrated dependency,Concentrated dependency,1,0.8733009737268037,580.6674609637902,False,True,False,False,False,"[{""target"":""corridor"",""magnitude"":0.3450242697048971,""start_week"":8,""duration_weeks"":4,""recovery_weeks"":4}]"
A,1618,841,Demand-supply coupling,False,,False,Non-failure,Unclassified,Unclassified,1,0.8734096356615018,130.44432217462236,False,False,False,False,False,"[{""target"":""demand"",""magnitude"":0.14493813574958042,""start_week"":27,""duration_weeks"":3,""recovery_weeks"":2}]"
A,1618,842,Demand-supply coupling,True,True,True,Structural,Concentrated dependency,Concentrated dependency,7,0.7407927526643784,751.4412071224145,True,True,False,True,False,"[{""target"":""corridor"",""magnitude"":0.4444054355017162,""start_week"":13,""duration_weeks"":1,""recovery_weeks"":2},{""target"":""T2P"",""magnitude"":0.24538824255497535,""start_week"":21,""duration_weeks"":5,""recovery_weeks"":1},{""target"":""S1B"",""magnitude"":0.552633701997466,""start_week"":23,""duration_weeks"":1,""recovery_weeks"":4},{""target"":""demand"",""magnitude"":0.11028190813887143,""start_week"":24,""duration_weeks"":4,""recovery_weeks"":2},{""target"":""corridor"",""magnitude"":0.154741906628623,""start_week"":26,""duration_weeks"":1,""recovery_weeks"":4},{""target"":""S1B"",""magnitude"":0.508859298272012,""start_week"":38,""duration_weeks"":1,""recovery_weeks"":4},{""target"":""T2P"",""magnitude"":0.26454024415490957,""start_week"":42,""duration_weeks"":8,""recovery_weeks"":1}]"
A,1618,843,Demand-supply coupling,True,False,False,Adaptation-limited,Concentrated dependency; Hidden convergent dependency; Propagation-amplified cascade,Hidden convergent dependency,1,0.6404595598012653,594.3455847154444,True,False,False,False,False,"[{""target"":""T2P"",""magnitude"":0.4235863961788612,""start_week"":9,""duration_weeks"":2,""recovery_weeks"":3}]"
A,1618,844,Demand-supply coupling,True,False,False,Adaptation-limited,Concentrated dependency; Hidden convergent dependency; Propagation-amplified cascade,Hidden convergent dependency,5,0.6325177597175455,1024.5937353913241,True,True,False,False,False,"[{""target"":""T2P"",""magnitude"":0.43073401625420904,""start_week"":8,""duration_weeks"":2,""recovery_weeks"":4},{""target"":""demand"",""magnitude"":0.21714468972125311,""start_week"":18,""duration_weeks"":2,""recovery_weeks"":2},{""target"":""corridor"",""magnitude"":0.31117483893118836,""start_week"":40,""duration_weeks"":2,""recovery_weeks"":1},{""target"":""demand"",""magnitude"":0.19761243708228937,""start_week"":43,""duration_weeks"":3,""recovery_weeks"":1},{""target"":""corridor"",""magnitude"":0.31482907415547545,""start_week"":45,""duration_weeks"":1,""recovery_weeks"":2}]"
A,1618,845,Demand-supply coupling,False,,False,Non-failure,Unclassified,Unclassified,0,1.0,0.0,False,False,False,False,False,[]
A,1618,846,Demand-supply coupling,True,True,False,Structural,Concentrated dependency,Concentrated dependency,2,0.8756012874948288,299.6097358816412,False,True,False,False,True,"[{""target"":""S1C"",""magnitude"":0.3065448985291399,""start_week"":32,""duration_weeks"":2,""recovery_weeks"":3},{""target"":""corridor"",""magnitude"":0.34329903437887843,""start_week"":37,""duration_weeks"":2,""recovery_weeks"":4}]"
A,1618,847,Demand-supply coupling,True,True,False,Structural,Concentrated dependency,Concentrated dependency,4,0.7354945582740589,418.91332816421027,True,False,True,False,True,"[{""target"":""S1A"",""magnitude"":0.5454254739889337,""start_week"":6,""duration_weeks"":3,""recovery_weeks"":3},{""target"":""demand"",""magnitude"":0.2111172211440046,""start_week"":16,""duration_weeks"":1,""recovery_weeks"":3},{""target"":""S1C"",""magnitude"":0.42997217914970076,""start_week"":23,""duration_weeks"":2,""recovery_weeks"":2},{""target"":""T2P"",""magnitude"":0.380858430610863,""start_week"":39,""duration_weeks"":2,""recovery_weeks"":3}]"
A,1618,848,Demand-supply coupling,False,,False,Non-failure,Unclassified,Unclassified,2,0.9337014735659197,139.2269055115687,False,False,True,False,False,"[{""target"":""S1A"",""magnitude"":0.3991716844766806,""start_week"":3,""duration_weeks"":2,""recovery_weeks"":2},{""target"":""demand"",""magnitude"":0.1388898707964286,""start_week"":47,""duration_weeks"":5,""recovery_weeks"":4}]"
A,1618,849,Demand-supply coupling,False,,False,Non-failure,Unclassified,Unclassified,1,0.9441725942663144,100.48933032063405,False,False,True,False,False,"[{""target"":""S1A"",""magnitude"":0.3756116629007925,""start_week"":48,""duration_weeks"":1,""recovery_weeks"":3}]"
A,1618,850,Demand-supply coupling,False,,False,Non-failure,Unclassified,Unclassified,3,0.8067955545444769,280.01206551788823,True,True,False,False,False,"[{""target"":""demand"",""magnitude"":0.09555404053997023,""start_week"":4,""duration_weeks"":2,""recovery_weeks"":1},{""target"":""T2P"",""magnitude"":0.3651786678799611,""start_week"":17,""duration_weeks"":2,""recovery_weeks"":4},{""target"":""corridor"",""magnitude"":0.2631246093955658,""start_week"":39,""duration_weeks"":2,""recovery_weeks"":1}]"
A,1618,851,Demand-supply coupling,True,True,False,Structural,Concentrated dependency; Hidden convergent dependency; Propagation-amplified cascade,Hidden convergent dependency,3,0.804048438636323,319.9602287502015,True,False,False,True,False,"[{""target"":""T2P"",""magnitude"":0.2763564052273093,""start_week"":1,""duration_weeks"":4,""recovery_weeks"":2},{""target"":""S1B"",""magnitude"":0.16737154098255264,""start_week"":29,""duration_weeks"":1,""recovery_weeks"":4},{""target"":""demand"",""magnitude"":0.20040336065163245,""start_week"":41,""duration_weeks"":4,""recovery_weeks"":3}]"
A,1618,852,Demand-supply coupling,True,False,False,Adaptation-limited,Concentrated dependency; Hidden convergent dependency,Hidden convergent dependency,4,0.7211673517431886,1177.8926168759135,True,False,True,False,False,"[{""target"":""S1A"",""magnitude"":0.3622798319823525,""start_week"":19,""duration_weeks"":1,""recovery_weeks"":4},{""target"":""demand"",""magnitude"":0.11850904461278966,""start_week"":20,""duration_weeks"":4,""recovery_weeks"":3},{""target"":""T2P"",""magnitude"":0.4961410518519289,""start_week"":27,""duration_weeks"":1,""recovery_weeks"":3},{""target"":""demand"",""magnitude"":0.20133360266578443,""start_week"":36,""duration_weeks"":8,""recovery_weeks"":1}]"
A,1618,853,Demand-supply coupling,False,,False,Non-failure,Unclassified,Unclassified,1,0.8849301701615708,117.02939999850798,False,False,False,False,False,"[{""target"":""demand"",""magnitude"":0.13003266666500896,""start_week"":11,""duration_weeks"":1,""recovery_weeks"":4}]"
A,1618,854,Demand-supply coupling,True,False,True,Adaptation-limited,Concentrated dependency,Concentrated dependency,2,0.7875751458229705,1556.9138625808291,False,True,False,False,False,"[{""target"":""corridor"",""magnitude"":0.409318640632772,""start_week"":10,""duration_weeks"":7,""recovery_weeks"":3},{""target"":""demand"",""magnitude"":0.15954093732725333,""start_week"":45,""duration_weeks"":1,""recovery_weeks"":3}]"
A,1618,855,Demand-supply coupling,False,,False,Non-failure,Unclassified,Unclassified,2,0.9176521948937688,186.41522099636813,False,False,True,False,True,"[{""target"":""S1C"",""magnitude"":0.30728375770772787,""start_week"":23,""duration_weeks"":5,""recovery_weeks"":4},{""target"":""S1A"",""magnitude"":0.3970933896838684,""start_week"":25,""duration_weeks"":1,""recovery_weeks"":2}]"
A,1618,856,Demand-supply coupling,True,True,True,Structural,Concentrated dependency; Hidden convergent dependency,Hidden convergent dependency,2,0.7406142460101702,1506.2228289386453,True,False,False,False,False,"[{""target"":""demand"",""magnitude"":0.12680497609434582,""start_week"":23,""duration_weeks"":2,""recovery_weeks"":4},{""target"":""T2P"",""magnitude"":0.3334471785908467,""start_week"":38,""duration_weeks"":9,""recovery_weeks"":4}]"
A,1618,857,Demand-supply coupling,True,True,True,Structural,Concentrated dependency,Concentrated dependency,4,0.5719240600930602,1710.8394079444602,True,True,False,False,False,"[{""target"":""T2P"",""magnitude"":0.24651641124528872,""start_week"":3,""duration_weeks"":2,""recovery_weeks"":2},{""target"":""demand"",""magnitude"":0.18042482950427224,""start_week"":32,""duration_weeks"":10,""recovery_weeks"":4},{""target"":""corridor"",""magnitude"":0.36181101597999143,""start_week"":35,""duration_weeks"":2,""recovery_weeks"":3},{""target"":""corridor"",""magnitude"":0.20660645432312613,""start_week"":37,""duration_weeks"":2,""recovery_weeks"":4}]"
A,1618,858,Demand-supply coupling,False,,False,Non-failure,Unclassified,Unclassified,3,0.8144552841798214,327.6817293103877,True,False,False,True,False,"[{""target"":""T2P"",""magnitude"":0.2590915072604541,""start_week"":12,""duration_weeks"":2,""recovery_weeks"":2},{""target"":""demand"",""magnitude"":0.22781449076977522,""start_week"":24,""duration_weeks"":4,""recovery_weeks"":2},{""target"":""S1B"",""magnitude"":0.19867174932813456,""start_week"":46,""duration_weeks"":1,""recovery_weeks"":3}]"
A,1618,859,Demand-supply coupling,False,,False,Non-failure,Unclassified,Unclassified,5,0.8673842542546075,329.01275441074563,True,False,True,False,True,"[{""target"":""T2P"",""magnitude"":0.27983854279271325,""start_week"":2,""duration_weeks"":3,""recovery_weeks"":1},{""target"":""S1A"",""magnitude"":0.41350483197708365,""start_week"":29,""duration_weeks"":1,""recovery_weeks"":4},{""target"":""T2P"",""magnitude"":0.2942760897278749,""start_week"":31,""duration_weeks"":1,""recovery_weeks"":4},{""target"":""demand"",""magnitude"":0.11864010800922938,""start_week"":37,""duration_weeks"":7,""recovery_weeks"":3},{""target"":""S1C"",""magnitude"":0.21680827999206775,""start_week"":41,""duration_weeks"":1,""recovery_weeks"":2}]"
A,1618,860,Demand-supply coupling,True,True,False,Structural,Concentrated dependency; Propagation-amplified cascade,Propagation-amplified cascade,4,0.8406663558287836,375.6186609361155,True,False,True,False,False,"[{""target"":""T2P"",""magnitude"":0.22926528334042656,""start_week"":17,""duration_weeks"":2,""recovery_weeks"":3},{""target"":""S1A"",""magnitude"":0.22257645748050386,""start_week"":18,""duration_weeks"":2,""recovery_weeks"":2},{""target"":""S1A"",""magnitude"":0.5146594634712681,""start_week"":45,""duration_weeks"":2,""recovery_weeks"":1},{""target"":""demand"",""magnitude"":0.14289240188473903,""start_week"":48,""duration_weeks"":1,""recovery_weeks"":3}]"
A,1618,861,Demand-supply coupling,True,True,True,Structural,Concentrated dependency,Concentrated dependency,3,0.7426297298055817,1991.3298023765406,False,False,True,True,False,"[{""target"":""S1B"",""magnitude"":0.24748768991436731,""start_week"":1,""duration_weeks"":1,""recovery_weeks"":1},{""target"":""demand"",""magnitude"":0.346566074403993,""start_week"":19,""duration_weeks"":8,""recovery_weeks"":2},{""target"":""S1A"",""magnitude"":0.3060465468462731,""start_week"":22,""duration_weeks"":5,""recovery_weeks"":2}]"
A,1618,862,Demand-supply coupling,False,,False,Non-failure,Unclassified,Unclassified,0,1.0,0.0,False,False,False,False,False,[]
A,1618,863,Demand-supply coupling,True,True,True,Structural,Concentrated dependency; Hidden convergent dependency; Propagation-amplified cascade,Hidden convergent dependency,2,0.7114855793876468,2505.871487251193,True,False,False,False,True,"[{""target"":""T2P"",""magnitude"":0.35966297855111784,""start_week"":18,""duration_weeks"":10,""recovery_weeks"":4},{""target"":""S1C"",""magnitude"":0.41545292242362375,""start_week"":47,""duration_weeks"":2,""recovery_weeks"":1}]"
A,1618,864,Demand-supply coupling,False,,False,Non-failure,Unclassified,Unclassified,1,1.0,0.0,True,False,False,False,False,"[{""target"":""T2P"",""magnitude"":0.28936760131835226,""start_week"":29,""duration_weeks"":1,""recovery_weeks"":1}]"
A,1618,865,Demand-supply coupling,True,True,True,Structural,Concentrated dependency,Concentrated dependency,4,0.6491790265923515,1051.916283081625,True,True,False,False,False,"[{""target"":""corridor"",""magnitude"":0.36987614700504534,""start_week"":9,""duration_weeks"":1,""recovery_weeks"":4},{""target"":""demand"",""magnitude"":0.06369426010630834,""start_week"":21,""duration_weeks"":3,""recovery_weeks"":1},{""target"":""T2P"",""magnitude"":0.41573887606688353,""start_week"":28,""duration_weeks"":5,""recovery_weeks"":1},{""target"":""demand"",""magnitude"":0.10808410592724185,""start_week"":43,""duration_weeks"":2,""recovery_weeks"":1}]"
A,1618,866,Demand-supply coupling,True,True,True,Structural,Concentrated dependency,Concentrated dependency,4,0.7443357355456353,1186.0882580560306,True,True,True,False,False,"[{""target"":""S1A"",""magnitude"":0.3997311337537707,""start_week"":3,""duration_weeks"":3,""recovery_weeks"":4},{""target"":""corridor"",""magnitude"":0.38328215266896976,""start_week"":4,""duration_weeks"":6,""recovery_weeks"":3},{""target"":""demand"",""magnitude"":0.07779250252723549,""start_week"":28,""duration_weeks"":10,""recovery_weeks"":4},{""target"":""T2P"",""magnitude"":0.2779844723792374,""start_week"":30,""duration_weeks"":3,""recovery_weeks"":3}]"
A,1618,867,Demand-supply coupling,False,,False,Non-failure,Unclassified,Unclassified,1,0.8889193157300567,112.46534311254436,False,False,False,False,False,"[{""target"":""demand"",""magnitude"":0.12496149234727158,""start_week"":43,""duration_weeks"":15,""recovery_weeks"":4}]"
A,1618,868,Demand-supply coupling,False,,False,Non-failure,Unclassified,Unclassified,1,0.9118502919759808,87.00412547952237,False,False,False,False,False,"[{""target"":""demand"",""magnitude"":0.09667125053280257,""start_week"":36,""duration_weeks"":10,""recovery_weeks"":4}]"
A,1618,869,Demand-supply coupling,False,,False,Non-failure,Unclassified,Unclassified,2,0.855857478207787,151.57695400950388,False,True,False,False,False,"[{""target"":""demand"",""magnitude"":0.16841883778833755,""start_week"":26,""duration_weeks"":1,""recovery_weeks"":3},{""target"":""corridor"",""magnitude"":0.20585603831974433,""start_week"":35,""duration_weeks"":2,""recovery_weeks"":2}]"
A,1618,870,Demand-supply coupling,True,True,False,Structural,Concentrated dependency,Concentrated dependency,2,0.8487710456754475,272.21211778419456,False,False,False,False,True,"[{""target"":""S1C"",""magnitude"":0.5902651472302433,""start_week"":13,""duration_weeks"":1,""recovery_weeks"":1},{""target"":""demand"",""magnitude"":0.18142071078149913,""start_week"":17,""duration_weeks"":2,""recovery_weeks"":1}]"
A,1618,871,Demand-supply coupling,True,True,True,Structural,Concentrated dependency,Concentrated dependency,4,0.7519405740812483,2379.942288396002,False,True,False,True,False,"[{""target"":""corridor"",""magnitude"":0.4360445694390638,""start_week"":2,""duration_weeks"":9,""recovery_weeks"":3},{""target"":""demand"",""magnitude"":0.2520806966457641,""start_week"":21,""duration_weeks"":7,""recovery_weeks"":4},{""target"":""S1B"",""magnitude"":0.3152105455892927,""start_week"":22,""duration_weeks"":2,""recovery_weeks"":4},{""target"":""demand"",""magnitude"":0.099023516636941,""start_week"":46,""duration_weeks"":1,""recovery_weeks"":2}]"
A,1618,872,Demand-supply coupling,False,,False,Non-failure,Unclassified,Unclassified,1,0.9174175726253634,133.10720014162303,True,False,False,False,False,"[{""target"":""T2P"",""magnitude"":0.3486483692743455,""start_week"":25,""duration_weeks"":1,""recovery_weeks"":4}]"
A,1618,873,Demand-supply coupling,False,,False,Non-failure,Unclassified,Unclassified,2,1.0,0.0,False,True,False,False,True,"[{""target"":""corridor"",""magnitude"":0.18124610700117838,""start_week"":17,""duration_weeks"":2,""recovery_weeks"":1},{""target"":""S1C"",""magnitude"":0.21132468071631733,""start_week"":20,""duration_weeks"":6,""recovery_weeks"":1}]"
A,1618,874,Demand-supply coupling,False,,False,Non-failure,Unclassified,Unclassified,1,0.902094069307373,97.67865749413374,False,False,False,False,False,"[{""target"":""demand"",""magnitude"":0.1085318416601486,""start_week"":7,""duration_weeks"":1,""recovery_weeks"":4}]"
A,1618,875,Demand-supply coupling,True,True,True,Structural,Concentrated dependency,Concentrated dependency,4,0.7113973851329561,2344.9652213891977,False,True,False,False,True,"[{""target"":""S1C"",""magnitude"":0.3651343899815087,""start_week"":12,""duration_weeks"":4,""recovery_weeks"":1},{""target"":""demand"",""magnitude"":0.11757679397366803,""start_week"":13,""duration_weeks"":1,""recovery_weeks"":3},{""target"":""corridor"",""magnitude"":0.3892924762340032,""start_week"":38,""duration_weeks"":11,""recovery_weeks"":4},{""target"":""demand"",""magnitude"":0.14461581581787603,""start_week"":45,""duration_weeks"":1,""recovery_weeks"":3}]"
A,1618,876,Demand-supply coupling,True,True,False,Structural,Concentrated dependency; Propagation-amplified cascade; Recovery lag and temporal overlap,Propagation-amplified cascade,3,0.5801882963741569,655.6610665265175,True,True,False,False,False,"[{""target"":""T2P"",""magnitude"":0.578680605567708,""start_week"":32,""duration_weeks"":1,""recovery_weeks"":1},{""target"":""T2P"",""magnitude"":0.31907811703041467,""start_week"":48,""duration_weeks"":1,""recovery_weeks"":3},{""target"":""corridor"",""magnitude"":0.5648587777193823,""start_week"":49,""duration_weeks"":12,""recovery_weeks"":4}]"
A,1618,877,Demand-supply coupling,False,,False,Non-failure,Unclassified,Unclassified,1,1.0,0.0,False,False,True,False,False,"[{""target"":""S1A"",""magnitude"":0.20652047394646175,""start_week"":22,""duration_weeks"":2,""recovery_weeks"":1}]"
A,1618,878,Demand-supply coupling,False,,False,Non-failure,Unclassified,Unclassified,2,0.9415611688621343,56.056218939910536,False,False,True,False,False,"[{""target"":""S1A"",""magnitude"":0.2539659204197894,""start_week"":25,""duration_weeks"":1,""recovery_weeks"":3},{""target"":""demand"",""magnitude"":0.06580995030637964,""start_week"":40,""duration_weeks"":1,""recovery_weeks"":4}]"
A,1618,879,Demand-supply coupling,False,,False,Non-failure,Unclassified,Unclassified,3,0.9096258172304571,406.683822462943,False,True,False,False,False,"[{""target"":""corridor"",""magnitude"":0.31778063707715726,""start_week"":12,""duration_weeks"":4,""recovery_weeks"":4},{""target"":""demand"",""magnitude"":0.07223033721481321,""start_week"":19,""duration_weeks"":4,""recovery_weeks"":3},{""target"":""corridor"",""magnitude"":0.3111430971591014,""start_week"":42,""duration_weeks"":1,""recovery_weeks"":4}]"
A,1618,880,Demand-supply coupling,True,True,False,Structural,Hidden convergent dependency; Compounding moderate disturbance,Hidden convergent dependency,5,0.7528230188480893,671.3495219786511,True,True,False,False,True,"[{""target"":""T2P"",""magnitude"":0.306826836190727,""start_week"":4,""duration_weeks"":2,""recovery_weeks"":4},{""target"":""demand"",""magnitude"":0.1362857664223277,""start_week"":10,""duration_weeks"":3,""recovery_weeks"":2},{""target"":""corridor"",""magnitude"":0.20505270860775082,""start_week"":32,""duration_weeks"":3,""recovery_weeks"":4},{""target"":""S1C"",""magnitude"":0.32356015406808913,""start_week"":43,""duration_weeks"":1,""recovery_weeks"":1},{""target"":""demand"",""magnitude"":0.09812441957533075,""start_week"":50,""duration_weeks"":5,""recovery_weeks"":4}]"
A,1618,881,Demand-supply coupling,False,,False,Non-failure,Unclassified,Unclassified,0,1.0,0.0,False,False,False,False,False,[]
A,1618,882,Demand-supply coupling,True,True,False,Structural,Concentrated dependency,Concentrated dependency,3,0.7063627523191371,474.3668907101397,True,False,False,False,True,"[{""target"":""S1C"",""magnitude"":0.49890981121501243,""start_week"":11,""duration_weeks"":1,""recovery_weeks"":3},{""target"":""demand"",""magnitude"":0.16736346690603504,""start_week"":13,""duration_weeks"":1,""recovery_weeks"":2},{""target"":""T2P"",""magnitude"":0.5464102843691648,""start_week"":37,""duration_weeks"":1,""recovery_weeks"":3}]"
A,1618,883,Demand-supply coupling,False,,False,Non-failure,Unclassified,Unclassified,2,0.8526113917125829,155.58054788856498,False,True,False,False,False,"[{""target"":""demand"",""magnitude"":0.17286727543173858,""start_week"":46,""duration_weeks"":3,""recovery_weeks"":1},{""target"":""corridor"",""magnitude"":0.29452593188691856,""start_week"":50,""duration_weeks"":2,""recovery_weeks"":2}]"
A,1618,884,Demand-supply coupling,False,,False,Non-failure,Unclassified,Unclassified,4,0.8942380697173671,113.15336616342222,True,False,True,False,True,"[{""target"":""T2P"",""magnitude"":0.21667137740090697,""start_week"":13,""duration_weeks"":2,""recovery_weeks"":4},{""target"":""S1C"",""magnitude"":0.3209176552186188,""start_week"":19,""duration_weeks"":1,""recovery_weeks"":4},{""target"":""demand"",""magnitude"":0.18876387815368567,""start_week"":29,""duration_weeks"":2,""recovery_weeks"":4},{""target"":""S1A"",""magnitude"":0.2582566577065037,""start_week"":48,""duration_weeks"":3,""recovery_weeks"":4}]"
A,1618,885,Demand-supply coupling,True,False,False,Adaptation-limited,Concentrated dependency,Concentrated dependency,2,0.7469587373453082,455.4742727784452,False,True,False,False,False,"[{""target"":""corridor"",""magnitude"":0.4397809469910189,""start_week"":1,""duration_weeks"":1,""recovery_weeks"":1},{""target"":""demand"",""magnitude"":0.13369400539818874,""start_week"":25,""duration_weeks"":7,""recovery_weeks"":3}]"
A,1618,886,Demand-supply coupling,False,,False,Non-failure,Unclassified,Unclassified,3,0.9524001403361553,65.95075790637134,False,False,False,False,True,"[{""target"":""S1C"",""magnitude"":0.32066152632825506,""start_week"":1,""duration_weeks"":2,""recovery_weeks"":2},{""target"":""S1C"",""magnitude"":0.30921626239191885,""start_week"":9,""duration_weeks"":1,""recovery_weeks"":1},{""target"":""demand"",""magnitude"":0.07165244836484468,""start_week"":45,""duration_weeks"":3,""recovery_weeks"":1}]"
A,1618,887,Demand-supply coupling,True,True,True,Structural,Compounding moderate disturbance; Recovery lag and temporal overlap,Compounding moderate disturbance,7,0.6967188367270404,1435.092866362008,True,True,False,False,True,"[{""target"":""corridor"",""magnitude"":0.31925423326682956,""start_week"":7,""duration_weeks"":4,""recovery_weeks"":4},{""target"":""demand"",""magnitude"":0.06207969987009337,""start_week"":11,""duration_weeks"":7,""recovery_weeks"":3},{""target"":""T2P"",""magnitude"":0.2700415585731518,""start_week"":15,""duration_weeks"":2,""recovery_weeks"":4},{""target"":""demand"",""magnitude"":0.18973709428635643,""start_week"":16,""duration_weeks"":1,""recovery_weeks"":1},{""target"":""S1C"",""magnitude"":0.27968694809176714,""start_week"":19,""duration_weeks"":3,""recovery_weeks"":2},{""target"":""demand"",""magnitude"":0.14051982231138005,""start_week"":20,""duration_weeks"":1,""recovery_weeks"":2},{""target"":""T2P"",""magnitude"":0.43343795170656596,""start_week"":50,""duration_weeks"":4,""recovery_weeks"":3}]"
A,1618,888,Demand-supply coupling,False,,False,Non-failure,Unclassified,Unclassified,3,0.8640109952264268,141.65341063066217,True,False,False,False,True,"[{""target"":""T2P"",""magnitude"":0.26835128279025455,""start_week"":8,""duration_weeks"":2,""recovery_weeks"":3},{""target"":""demand"",""magnitude"":0.15739267847851343,""start_week"":27,""duration_weeks"":3,""recovery_weeks"":1},{""target"":""S1C"",""magnitude"":0.1676716719282305,""start_week"":28,""duration_weeks"":2,""recovery_weeks"":2}]"
A,1618,889,Demand-supply coupling,True,True,True,Structural,Concentrated dependency,Concentrated dependency,4,0.5523614609641455,1379.6807649624802,True,True,False,False,False,"[{""target"":""demand"",""magnitude"":0.12878776420366403,""start_week"":23,""duration_weeks"":2,""recovery_weeks"":4},{""target"":""demand"",""magnitude"":0.05720641507725695,""start_week"":28,""duration_weeks"":6,""recovery_weeks"":2},{""target"":""T2P"",""magnitude"":0.23338766285600918,""start_week"":46,""duration_weeks"":5,""recovery_weeks"":4},{""target"":""corridor"",""magnitude"":0.5857289042768908,""start_week"":47,""duration_weeks"":6,""recovery_weeks"":1}]"
A,1618,890,Demand-supply coupling,False,,False,Non-failure,Unclassified,Unclassified,3,0.889033839935724,112.62066080650618,True,False,False,False,True,"[{""target"":""S1C"",""magnitude"":0.2528616209990438,""start_week"":3,""duration_weeks"":4,""recovery_weeks"":3},{""target"":""T2P"",""magnitude"":0.25514505920078245,""start_week"":14,""duration_weeks"":1,""recovery_weeks"":2},{""target"":""demand"",""magnitude"":0.12767773067304589,""start_week"":30,""duration_weeks"":2,""recovery_weeks"":4}]"
A,1618,891,Demand-supply coupling,False,,False,Non-failure,Unclassified,Unclassified,4,0.8576363878259714,254.7497367053254,False,False,False,True,True,"[{""target"":""S1C"",""magnitude"":0.2362471309255998,""start_week"":39,""duration_weeks"":1,""recovery_weeks"":4},{""target"":""demand"",""magnitude"":0.16599530313179361,""start_week"":45,""duration_weeks"":2,""recovery_weeks"":3},{""target"":""S1B"",""magnitude"":0.4146158095507323,""start_week"":47,""duration_weeks"":1,""recovery_weeks"":3},{""target"":""demand"",""magnitude"":0.20812078410846058,""start_week"":50,""duration_weeks"":1,""recovery_weeks"":4}]"
A,1618,892,Demand-supply coupling,True,False,True,Adaptation-limited,Concentrated dependency,Concentrated dependency,1,0.5708936329836264,1030.1361235228928,False,True,False,False,False,"[{""target"":""corridor"",""magnitude"":0.5718297752622802,""start_week"":5,""duration_weeks"":1,""recovery_weeks"":4}]"
A,1618,893,Demand-supply coupling,False,,False,Non-failure,Unclassified,Unclassified,2,0.9233245889773145,84.26572901403847,False,False,False,False,True,"[{""target"":""S1C"",""magnitude"":0.3553321612675481,""start_week"":28,""duration_weeks"":1,""recovery_weeks"":4},{""target"":""demand"",""magnitude"":0.18444651084695152,""start_week"":41,""duration_weeks"":1,""recovery_weeks"":3}]"
A,1618,894,Demand-supply coupling,True,False,True,Adaptation-limited,Concentrated dependency,Concentrated dependency,1,0.6093977365108629,1080.3971299907817,False,True,False,False,False,"[{""target"":""corridor"",""magnitude"":0.5429516976168527,""start_week"":11,""duration_weeks"":2,""recovery_weeks"":2}]"
A,1618,895,Demand-supply coupling,True,True,True,Structural,Concentrated dependency; Hidden convergent dependency,Hidden convergent dependency,3,0.5920610743050062,2707.0932222449965,True,False,False,False,False,"[{""target"":""demand"",""magnitude"":0.15725654484810891,""start_week"":5,""duration_weeks"":2,""recovery_weeks"":2},{""target"":""T2P"",""magnitude"":0.40138725769740446,""start_week"":14,""duration_weeks"":8,""recovery_weeks"":1},{""target"":""T2P"",""magnitude"":0.4671450331254944,""start_week"":41,""duration_weeks"":9,""recovery_weeks"":4}]"
A,1618,896,Demand-supply coupling,True,True,True,Structural,Concentrated dependency; Hidden convergent dependency; Propagation-amplified cascade,Hidden convergent dependency,2,0.5246928242146651,1438.8822910340073,True,False,False,False,False,"[{""target"":""T2P"",""magnitude"":0.5277764582068014,""start_week"":15,""duration_weeks"":3,""recovery_weeks"":3},{""target"":""T2P"",""magnitude"":0.36395294916463206,""start_week"":39,""duration_weeks"":3,""recovery_weeks"":2}]"
A,1618,897,Demand-supply coupling,False,,False,Non-failure,Unclassified,Unclassified,2,0.9457261503869302,51.64969228330847,False,True,False,False,False,"[{""target"":""corridor"",""magnitude"":0.19608981259580252,""start_week"":39,""duration_weeks"":5,""recovery_weeks"":1},{""target"":""demand"",""magnitude"":0.05738854698145394,""start_week"":51,""duration_weeks"":1,""recovery_weeks"":2}]"
A,1618,898,Demand-supply coupling,False,,False,Non-failure,Unclassified,Unclassified,2,0.9167386024025516,174.84893495464178,False,False,False,False,True,"[{""target"":""S1C"",""magnitude"":0.4373381445942589,""start_week"":3,""duration_weeks"":3,""recovery_weeks"":2},{""target"":""demand"",""magnitude"":0.14872108121294705,""start_week"":29,""duration_weeks"":1,""recovery_weeks"":1}]"
A,1618,899,Demand-supply coupling,False,,False,Non-failure,Unclassified,Unclassified,3,0.9277421939601815,196.60223817064536,True,True,False,False,False,"[{""target"":""corridor"",""magnitude"":0.30419335452986385,""start_week"":5,""duration_weeks"":1,""recovery_weeks"":3},{""target"":""demand"",""magnitude"":0.1368705596389786,""start_week"":8,""duration_weeks"":2,""recovery_weeks"":1},{""target"":""T2P"",""magnitude"":0.172754220844845,""start_week"":30,""duration_weeks"":3,""recovery_weeks"":4}]"
A,1618,900,Demand-supply coupling,False,,False,Non-failure,Unclassified,Unclassified,1,1.0,0.0,False,False,False,False,True,"[{""target"":""S1C"",""magnitude"":0.21541699636053557,""start_week"":48,""duration_weeks"":5,""recovery_weeks"":4}]"
A,1618,901,Demand-supply coupling,True,True,True,Structural,Concentrated dependency; Hidden convergent dependency,Hidden convergent dependency,7,0.5699814400056675,4365.295722370699,True,True,False,True,False,"[{""target"":""S1B"",""magnitude"":0.23818637483034072,""start_week"":5,""duration_weeks"":1,""recovery_weeks"":2},{""target"":""demand"",""magnitude"":0.15023384309091847,""start_week"":6,""duration_weeks"":1,""recovery_weeks"":1},{""target"":""demand"",""magnitude"":0.23621561340824804,""start_week"":23,""duration_weeks"":4,""recovery_weeks"":1},{""target"":""T2P"",""magnitude"":0.4414452094146126,""start_week"":30,""duration_weeks"":8,""recovery_weeks"":4},{""target"":""demand"",""magnitude"":0.08883621539956205,""start_week"":35,""duration_weeks"":4,""recovery_weeks"":2},{""target"":""corridor"",""magnitude"":0.4348268938260961,""start_week"":45,""duration_weeks"":2,""recovery_weeks"":2},{""target"":""demand"",""magnitude"":0.12362291837990692,""start_week"":47,""duration_weeks"":3,""recovery_weeks"":3}]"
A,1618,902,Demand-supply coupling,False,,False,Non-failure,Unclassified,Unclassified,4,0.8615970387368398,201.14651725724832,True,False,True,False,False,"[{""target"":""demand"",""magnitude"":0.16063537250089488,""start_week"":3,""duration_weeks"":8,""recovery_weeks"":3},{""target"":""S1A"",""magnitude"":0.19617418953690202,""start_week"":30,""duration_weeks"":5,""recovery_weeks"":2},{""target"":""demand"",""magnitude"":0.11963645676078413,""start_week"":47,""duration_weeks"":4,""recovery_weeks"":2},{""target"":""T2P"",""magnitude"":0.5053174049624579,""start_week"":49,""duration_weeks"":9,""recovery_weeks"":1}]"
A,1618,903,Demand-supply coupling,True,False,False,Adaptation-limited,Hidden convergent dependency; Compounding moderate disturbance; Propagation-amplified cascade; Recovery lag and temporal overlap,Hidden convergent dependency,5,0.8505800582288341,306.3209363773958,True,False,True,False,True,"[{""target"":""T2P"",""magnitude"":0.3384207433829049,""start_week"":16,""duration_weeks"":1,""recovery_weeks"":4},{""target"":""demand"",""magnitude"":0.0704280427102315,""start_week"":20,""duration_weeks"":1,""recovery_weeks"":4},{""target"":""S1C"",""magnitude"":0.27375338308176933,""start_week"":26,""duration_weeks"":3,""recovery_weeks"":1},{""target"":""demand"",""magnitude"":0.10554700874036159,""start_week"":45,""duration_weeks"":7,""recovery_weeks"":4},{""target"":""S1A"",""magnitude"":0.32990944506391484,""start_week"":50,""duration_weeks"":3,""recovery_weeks"":3}]"
A,1618,904,Demand-supply coupling,False,,False,Non-failure,Unclassified,Unclassified,0,1.0,0.0,False,False,False,False,False,[]
A,1618,905,Demand-supply coupling,True,True,True,Structural,Concentrated dependency; Hidden convergent dependency; Propagation-amplified cascade,Hidden convergent dependency,6,0.6247384106081851,1802.373412680819,True,True,False,False,False,"[{""target"":""T2P"",""magnitude"":0.4377354304526334,""start_week"":10,""duration_weeks"":4,""recovery_weeks"":4},{""target"":""demand"",""magnitude"":0.14393245476945604,""start_week"":21,""duration_weeks"":4,""recovery_weeks"":4},{""target"":""corridor"",""magnitude"":0.2599139273482988,""start_week"":29,""duration_weeks"":2,""recovery_weeks"":4},{""target"":""demand"",""magnitude"":0.15354470278668433,""start_week"":31,""duration_weeks"":1,""recovery_weeks"":2},{""target"":""T2P"",""magnitude"":0.19922465602474126,""start_week"":34,""duration_weeks"":1,""recovery_weeks"":3},{""target"":""corridor"",""magnitude"":0.2775001042600258,""start_week"":50,""duration_weeks"":4,""recovery_weeks"":2}]"
A,1618,906,Demand-supply coupling,True,True,False,Structural,Concentrated dependency,Concentrated dependency,2,0.8426702852928045,283.1934864729519,False,True,False,False,True,"[{""target"":""corridor"",""magnitude"":0.36799728603039655,""start_week"":13,""duration_weeks"":1,""recovery_weeks"":2},{""target"":""S1C"",""magnitude"":0.4577062303845322,""start_week"":23,""duration_weeks"":1,""recovery_weeks"":2}]"
A,1618,907,Demand-supply coupling,False,,False,Non-failure,Unclassified,Unclassified,2,0.8948723993717224,105.72997963941862,False,False,False,True,False,"[{""target"":""demand"",""magnitude"":0.11747775515490959,""start_week"":2,""duration_weeks"":1,""recovery_weeks"":3},{""target"":""S1B"",""magnitude"":0.3457941461494277,""start_week"":22,""duration_weeks"":6,""recovery_weeks"":2}]"
A,1618,908,Demand-supply coupling,True,True,False,Structural,Concentrated dependency; Recovery lag and temporal overlap,Recovery lag and temporal overlap,5,0.8897382150361998,450.9213954253437,False,True,True,False,True,"[{""target"":""S1C"",""magnitude"":0.4371149145501819,""start_week"":3,""duration_weeks"":2,""recovery_weeks"":3},{""target"":""demand"",""magnitude"":0.06067922647318516,""start_week"":13,""duration_weeks"":2,""recovery_weeks"":4},{""target"":""corridor"",""magnitude"":0.33269633872285015,""start_week"":18,""duration_weeks"":5,""recovery_weeks"":1},{""target"":""demand"",""magnitude"":0.07783090107737134,""start_week"":25,""duration_weeks"":6,""recovery_weeks"":4},{""target"":""S1A"",""magnitude"":0.21646011872186793,""start_week"":49,""duration_weeks"":2,""recovery_weeks"":2}]"
A,1618,909,Demand-supply coupling,True,True,False,Structural,Concentrated dependency; Hidden convergent dependency; Propagation-amplified cascade,Hidden convergent dependency,2,0.7850615416079287,320.50075648788845,True,False,False,False,False,"[{""target"":""T2P"",""magnitude"":0.44016691882929615,""start_week"":3,""duration_weeks"":1,""recovery_weeks"":3},{""target"":""T2P"",""magnitude"":0.4029260820043524,""start_week"":31,""duration_weeks"":1,""recovery_weeks"":4}]"
A,1618,910,Demand-supply coupling,True,True,True,Structural,Hidden convergent dependency; Compounding moderate disturbance; Recovery lag and temporal overlap,Hidden convergent dependency,3,0.6237869742510245,2132.7913653934775,True,False,False,False,False,"[{""target"":""T2P"",""magnitude"":0.2917379304002019,""start_week"":1,""duration_weeks"":2,""recovery_weeks"":3},{""target"":""demand"",""magnitude"":0.1823360907679109,""start_week"":4,""duration_weeks"":6,""recovery_weeks"":2},{""target"":""T2P"",""magnitude"":0.438591723174078,""start_week"":9,""duration_weeks"":2,""recovery_weeks"":2}]"
A,1618,911,Demand-supply coupling,False,,False,Non-failure,Unclassified,Unclassified,4,0.8485512786147397,199.83558542851983,True,True,False,False,False,"[{""target"":""T2P"",""magnitude"":0.17989745164709645,""start_week"":28,""duration_weeks"":3,""recovery_weeks"":1},{""target"":""demand"",""magnitude"":0.1643964865180065,""start_week"":34,""duration_weeks"":2,""recovery_weeks"":1},{""target"":""corridor"",""magnitude"":0.36358654103894544,""start_week"":38,""duration_weeks"":1,""recovery_weeks"":4},{""target"":""demand"",""magnitude"":0.16912084518527518,""start_week"":50,""duration_weeks"":1,""recovery_weeks"":4}]"
A,1618,912,Demand-supply coupling,False,,False,Non-failure,Unclassified,Unclassified,5,0.9221704996259472,92.51069296779599,True,False,True,False,False,"[{""target"":""T2P"",""magnitude"":0.32413554377150433,""start_week"":1,""duration_weeks"":1,""recovery_weeks"":2},{""target"":""S1A"",""magnitude"":0.33419256993254365,""start_week"":13,""duration_weeks"":1,""recovery_weeks"":3},{""target"":""demand"",""magnitude"":0.1655521840874511,""start_week"":29,""duration_weeks"":2,""recovery_weeks"":4},{""target"":""demand"",""magnitude"":0.1384826953002216,""start_week"":33,""duration_weeks"":2,""recovery_weeks"":1},{""target"":""T2P"",""magnitude"":0.21947760433148505,""start_week"":48,""duration_weeks"":2,""recovery_weeks"":3}]"
A,1618,913,Demand-supply coupling,False,,False,Non-failure,Unclassified,Unclassified,2,0.8164721016133066,202.39838013227518,False,True,False,False,False,"[{""target"":""corridor"",""magnitude"":0.2501760001303729,""start_week"":11,""duration_weeks"":1,""recovery_weeks"":2},{""target"":""demand"",""magnitude"":0.22535642271685574,""start_week"":21,""duration_weeks"":1,""recovery_weeks"":4}]"
A,1618,914,Demand-supply coupling,False,,False,Non-failure,Unclassified,Unclassified,2,1.0,0.0,True,True,False,False,False,"[{""target"":""T2P"",""magnitude"":0.2804408254759161,""start_week"":15,""duration_weeks"":1,""recovery_weeks"":4},{""target"":""corridor"",""magnitude"":0.19062412083306315,""start_week"":24,""duration_weeks"":1,""recovery_weeks"":1}]"
A,1618,915,Demand-supply coupling,False,,False,Non-failure,Unclassified,Unclassified,4,0.939281161098021,116.96420557810893,True,False,False,False,True,"[{""target"":""T2P"",""magnitude"":0.2733646722505292,""start_week"":28,""duration_weeks"":1,""recovery_weeks"":2},{""target"":""demand"",""magnitude"":0.051599883316326166,""start_week"":41,""duration_weeks"":5,""recovery_weeks"":4},{""target"":""S1C"",""magnitude"":0.38222949034926745,""start_week"":45,""duration_weeks"":2,""recovery_weeks"":1},{""target"":""demand"",""magnitude"":0.1739839741220304,""start_week"":50,""duration_weeks"":3,""recovery_weeks"":3}]"
A,1618,916,Demand-supply coupling,False,,False,Non-failure,Unclassified,Unclassified,4,0.7052659976745177,327.2661617579208,True,True,False,False,False,"[{""target"":""corridor"",""magnitude"":0.3057401027557564,""start_week"":1,""duration_weeks"":1,""recovery_weeks"":2},{""target"":""demand"",""magnitude"":0.144314504484565,""start_week"":14,""duration_weeks"":1,""recovery_weeks"":3},{""target"":""T2P"",""magnitude"":0.36526060209293415,""start_week"":26,""duration_weeks"":3,""recovery_weeks"":1},{""target"":""demand"",""magnitude"":0.08153656805273471,""start_week"":49,""duration_weeks"":1,""recovery_weeks"":4}]"
A,1618,917,Demand-supply coupling,True,True,True,Structural,Concentrated dependency,Concentrated dependency,6,0.41356228006251144,2110.3711710042435,True,True,False,False,False,"[{""target"":""corridor"",""magnitude"":0.4795773474872014,""start_week"":5,""duration_weeks"":3,""recovery_weeks"":3},{""target"":""demand"",""magnitude"":0.20457420901276907,""start_week"":36,""duration_weeks"":1,""recovery_weeks"":3},{""target"":""T2P"",""magnitude"":0.6277939479437397,""start_week"":37,""duration_weeks"":2,""recovery_weeks"":2},{""target"":""corridor"",""magnitude"":0.23512375186669615,""start_week"":39,""duration_weeks"":1,""recovery_weeks"":4},{""target"":""T2P"",""magnitude"":0.3143191307376,""start_week"":46,""duration_weeks"":2,""recovery_weeks"":1},{""target"":""demand"",""magnitude"":0.20066784996554854,""start_week"":47,""duration_weeks"":1,""recovery_weeks"":4}]"
A,1618,918,Demand-supply coupling,False,,False,Non-failure,Unclassified,Unclassified,3,0.8130602621430533,206.92902101474283,True,False,True,False,False,"[{""target"":""T2P"",""magnitude"":0.23053728106051996,""start_week"":16,""duration_weeks"":3,""recovery_weeks"":2},{""target"":""demand"",""magnitude"":0.22992113446082513,""start_week"":32,""duration_weeks"":2,""recovery_weeks"":4},{""target"":""S1A"",""magnitude"":0.20728703183114608,""start_week"":40,""duration_weeks"":3,""recovery_weeks"":4}]"
A,1618,919,Demand-supply coupling,True,False,True,Adaptation-limited,Hidden convergent dependency; Compounding moderate disturbance; Propagation-amplified cascade; Recovery lag and temporal overlap,Hidden convergent dependency,3,0.5555150110232842,937.3531532732932,True,False,False,False,False,"[{""target"":""T2P"",""magnitude"":0.3173746130857028,""start_week"":10,""duration_weeks"":3,""recovery_weeks"":2},{""target"":""T2P"",""magnitude"":0.2675872894488093,""start_week"":13,""duration_weeks"":2,""recovery_weeks"":2},{""target"":""demand"",""magnitude"":0.2558967849616348,""start_week"":50,""duration_weeks"":1,""recovery_weeks"":4}]"
A,1618,920,Demand-supply coupling,False,,False,Non-failure,Unclassified,Unclassified,1,1.0,0.0,False,True,False,False,False,"[{""target"":""corridor"",""magnitude"":0.20924042161461762,""start_week"":14,""duration_weeks"":9,""recovery_weeks"":2}]"
A,1618,921,Demand-supply coupling,False,,False,Non-failure,Unclassified,Unclassified,3,0.8010585933430314,223.51332034784082,True,True,False,False,False,"[{""target"":""corridor"",""magnitude"":0.21663926924296273,""start_week"":9,""duration_weeks"":12,""recovery_weeks"":2},{""target"":""demand"",""magnitude"":0.248348133719823,""start_week"":39,""duration_weeks"":1,""recovery_weeks"":2},{""target"":""T2P"",""magnitude"":0.2981275855719995,""start_week"":49,""duration_weeks"":2,""recovery_weeks"":2}]"
A,1618,922,Demand-supply coupling,False,,False,Non-failure,Unclassified,Unclassified,2,0.9074850840076293,95.54146170408933,False,False,False,True,False,"[{""target"":""S1B"",""magnitude"":0.29646584513865193,""start_week"":11,""duration_weeks"":1,""recovery_weeks"":2},{""target"":""demand"",""magnitude"":0.14746015312778993,""start_week"":33,""duration_weeks"":2,""recovery_weeks"":3}]"
A,1618,923,Demand-supply coupling,True,False,False,Adaptation-limited,Concentrated dependency; Hidden convergent dependency,Hidden convergent dependency,2,0.6527138479176916,442.59636985736734,True,False,False,False,False,"[{""target"":""demand"",""magnitude"":0.16012019962012536,""start_week"":20,""duration_weeks"":2,""recovery_weeks"":2},{""target"":""T2P"",""magnitude"":0.46007766596657973,""start_week"":41,""duration_weeks"":2,""recovery_weeks"":2}]"
A,1618,924,Demand-supply coupling,False,,False,Non-failure,Unclassified,Unclassified,3,0.8341640206853851,178.92450127556594,True,True,False,False,False,"[{""target"":""corridor"",""magnitude"":0.21513611005996192,""start_week"":33,""duration_weeks"":1,""recovery_weeks"":4},{""target"":""demand"",""magnitude"":0.19880500141729546,""start_week"":38,""duration_weeks"":2,""recovery_weeks"":3},{""target"":""T2P"",""magnitude"":0.32859494504023445,""start_week"":46,""duration_weeks"":1,""recovery_weeks"":1}]"
A,1618,925,Demand-supply coupling,False,,False,Non-failure,Unclassified,Unclassified,3,0.8508371400570949,157.78175120517903,False,False,False,False,True,"[{""target"":""demand"",""magnitude"":0.17531305689464327,""start_week"":15,""duration_weeks"":1,""recovery_weeks"":4},{""target"":""S1C"",""magnitude"":0.33542453801589356,""start_week"":19,""duration_weeks"":4,""recovery_weeks"":2},{""target"":""demand"",""magnitude"":0.08779320719876132,""start_week"":42,""duration_weeks"":2,""recovery_weeks"":3}]"
A,1618,926,Demand-supply coupling,False,,False,Non-failure,Unclassified,Unclassified,0,1.0,0.0,False,False,False,False,False,[]
A,1618,927,Demand-supply coupling,True,True,True,Structural,Concentrated dependency; Hidden convergent dependency,Hidden convergent dependency,2,0.715908125222675,1207.955220336209,True,False,False,False,False,"[{""target"":""T2P"",""magnitude"":0.256516260475595,""start_week"":17,""duration_weeks"":7,""recovery_weeks"":3},{""target"":""demand"",""magnitude"":0.1539093003855192,""start_week"":22,""duration_weeks"":2,""recovery_weeks"":2}]"
A,1618,928,Demand-supply coupling,True,True,True,Structural,Concentrated dependency; Hidden convergent dependency; Propagation-amplified cascade,Hidden convergent dependency,4,0.6216374421285374,6062.821553443924,True,False,False,False,False,"[{""target"":""T2P"",""magnitude"":0.2891587373362369,""start_week"":15,""duration_weeks"":25,""recovery_weeks"":2},{""target"":""demand"",""magnitude"":0.10408540662947005,""start_week"":41,""duration_weeks"":1,""recovery_weeks"":3},{""target"":""T2P"",""magnitude"":0.3911894282035283,""start_week"":42,""duration_weeks"":3,""recovery_weeks"":2},{""target"":""demand"",""magnitude"":0.08818443845455512,""start_week"":49,""duration_weeks"":3,""recovery_weeks"":3}]"
A,1618,929,Demand-supply coupling,False,,False,Non-failure,Unclassified,Unclassified,2,0.9496098610614996,90.70225008930083,False,False,False,True,False,"[{""target"":""S1B"",""magnitude"":0.36337781261162605,""start_week"":33,""duration_weeks"":1,""recovery_weeks"":3},{""target"":""demand"",""magnitude"":0.13710764527323122,""start_week"":49,""duration_weeks"":1,""recovery_weeks"":3}]"
A,1618,930,Demand-supply coupling,True,True,True,Structural,Concentrated dependency,Concentrated dependency,6,0.5078910684105694,4580.457104231934,False,True,False,False,False,"[{""target"":""corridor"",""magnitude"":0.39864953202592085,""start_week"":15,""duration_weeks"":12,""recovery_weeks"":3},{""target"":""demand"",""magnitude"":0.18895378752933106,""start_week"":16,""duration_weeks"":1,""recovery_weeks"":3},{""target"":""corridor"",""magnitude"":0.32666505119855616,""start_week"":18,""duration_weeks"":4,""recovery_weeks"":1},{""target"":""demand"",""magnitude"":0.1332957758208913,""start_week"":38,""duration_weeks"":9,""recovery_weeks"":1},{""target"":""corridor"",""magnitude"":0.2917373593297219,""start_week"":40,""duration_weeks"":13,""recovery_weeks"":4},{""target"":""demand"",""magnitude"":0.0816059660778616,""start_week"":46,""duration_weeks"":1,""recovery_weeks"":2}]"
A,1618,931,Demand-supply coupling,False,,False,Non-failure,Unclassified,Unclassified,1,0.950580567013801,88.95497937515825,False,False,False,False,True,"[{""target"":""S1C"",""magnitude"":0.3611937242189479,""start_week"":29,""duration_weeks"":1,""recovery_weeks"":3}]"
A,1618,932,Demand-supply coupling,False,,False,Non-failure,Unclassified,Unclassified,3,0.9003949795864413,99.56132631190076,True,False,False,True,False,"[{""target"":""demand"",""magnitude"":0.11062369590211184,""start_week"":24,""duration_weeks"":1,""recovery_weeks"":3},{""target"":""S1B"",""magnitude"":0.25204983213582943,""start_week"":33,""duration_weeks"":2,""recovery_weeks"":4},{""target"":""T2P"",""magnitude"":0.19197569469643178,""start_week"":46,""duration_weeks"":1,""recovery_weeks"":4}]"
A,1618,933,Demand-supply coupling,False,,False,Non-failure,Unclassified,Unclassified,2,0.8783002709021714,109.52975618804567,True,False,False,False,False,"[{""target"":""T2P"",""magnitude"":0.454764878094023,""start_week"":22,""duration_weeks"":1,""recovery_weeks"":1},{""target"":""demand"",""magnitude"":0.09871280704111549,""start_week"":49,""duration_weeks"":1,""recovery_weeks"":2}]"
A,1618,934,Demand-supply coupling,True,True,True,Structural,Concentrated dependency,Concentrated dependency,4,0.5157149534621286,2995.963075470609,True,False,True,False,False,"[{""target"":""demand"",""magnitude"":0.0695242792777575,""start_week"":3,""duration_weeks"":3,""recovery_weeks"":1},{""target"":""S1A"",""magnitude"":0.32306706563199783,""start_week"":7,""duration_weeks"":3,""recovery_weeks"":1},{""target"":""demand"",""magnitude"":0.2790461559098865,""start_week"":37,""duration_weeks"":9,""recovery_weeks"":3},{""target"":""T2P"",""magnitude"":0.40633909410611657,""start_week"":38,""duration_weeks"":2,""recovery_weeks"":3}]"
A,1618,935,Demand-supply coupling,False,,False,Non-failure,Unclassified,Unclassified,4,0.911870205321437,93.08260249186492,False,True,False,False,False,"[{""target"":""demand"",""magnitude"":0.09664730151754114,""start_week"":18,""duration_weeks"":2,""recovery_weeks"":1},{""target"":""corridor"",""magnitude"":0.26635176112135317,""start_week"":24,""duration_weeks"":3,""recovery_weeks"":1},{""target"":""demand"",""magnitude"":0.20951032426771476,""start_week"":28,""duration_weeks"":1,""recovery_weeks"":4},{""target"":""corridor"",""magnitude"":0.20639730627582414,""start_week"":43,""duration_weeks"":5,""recovery_weeks"":3}]"
A,1618,936,Demand-supply coupling,False,,False,Non-failure,Unclassified,Unclassified,4,0.8647975958454658,121.6821637390808,True,True,False,False,False,"[{""target"":""demand"",""magnitude"":0.1327692729825774,""start_week"":6,""duration_weeks"":1,""recovery_weeks"":4},{""target"":""T2P"",""magnitude"":0.4138016346762152,""start_week"":16,""duration_weeks"":1,""recovery_weeks"":1},{""target"":""corridor"",""magnitude"":0.38877649406470394,""start_week"":27,""duration_weeks"":1,""recovery_weeks"":1},{""target"":""demand"",""magnitude"":0.09631832119582928,""start_week"":45,""duration_weeks"":1,""recovery_weeks"":4}]"
A,1618,937,Demand-supply coupling,False,,False,Non-failure,Unclassified,Unclassified,1,0.903857871660622,346.1116620217608,False,True,False,False,False,"[{""target"":""corridor"",""magnitude"":0.3221065962545334,""start_week"":47,""duration_weeks"":7,""recovery_weeks"":4}]"
A,1618,938,Demand-supply coupling,True,True,True,Structural,Concentrated dependency,Concentrated dependency,6,0.5743924951369384,3319.149934115916,True,True,False,True,False,"[{""target"":""T2P"",""magnitude"":0.34236759379186543,""start_week"":8,""duration_weeks"":10,""recovery_weeks"":1},{""target"":""demand"",""magnitude"":0.27213130350944126,""start_week"":14,""duration_weeks"":4,""recovery_weeks"":1},{""target"":""corridor"",""magnitude"":0.41064442076613783,""start_week"":20,""duration_weeks"":1,""recovery_weeks"":3},{""target"":""demand"",""magnitude"":0.0853847737156527,""start_week"":29,""duration_weeks"":3,""recovery_weeks"":3},{""target"":""S1B"",""magnitude"":0.4441348451158387,""start_week"":38,""duration_weeks"":5,""recovery_weeks"":1},{""target"":""demand"",""magnitude"":0.1629627992429521,""start_week"":50,""duration_weeks"":1,""recovery_weeks"":3}]"
A,1618,939,Demand-supply coupling,True,True,False,Structural,Compounding moderate disturbance,Compounding moderate disturbance,2,0.8531241317921,348.0208323518018,False,True,False,False,False,"[{""target"":""corridor"",""magnitude"":0.2336064629151276,""start_week"":35,""duration_weeks"":10,""recovery_weeks"":2},{""target"":""demand"",""magnitude"":0.17216236504688687,""start_week"":38,""duration_weeks"":1,""recovery_weeks"":2}]"
A,1618,940,Demand-supply coupling,True,False,False,Adaptation-limited,Concentrated dependency,Concentrated dependency,4,0.8619623487922389,324.05230400978235,False,True,False,False,False,"[{""target"":""corridor"",""magnitude"":0.22537650727145797,""start_week"":4,""duration_weeks"":3,""recovery_weeks"":3},{""target"":""demand"",""magnitude"":0.1061436971685532,""start_week"":23,""duration_weeks"":1,""recovery_weeks"":2},{""target"":""corridor"",""magnitude"":0.3535282384058207,""start_week"":34,""duration_weeks"":3,""recovery_weeks"":4},{""target"":""demand"",""magnitude"":0.20622881297079326,""start_week"":41,""duration_weeks"":2,""recovery_weeks"":2}]"
A,1618,941,Demand-supply coupling,False,,False,Non-failure,Unclassified,Unclassified,1,0.9622166755420483,34.00499201215655,True,False,False,False,False,"[{""target"":""T2P"",""magnitude"":0.3502518720045587,""start_week"":45,""duration_weeks"":1,""recovery_weeks"":3}]"
A,1618,942,Demand-supply coupling,False,,False,Non-failure,Unclassified,Unclassified,1,0.9604727575289421,83.00720918922138,False,False,False,True,False,"[{""target"":""S1B"",""magnitude"":0.33893629555988003,""start_week"":5,""duration_weeks"":4,""recovery_weeks"":3}]"
A,1618,943,Demand-supply coupling,False,,False,Non-failure,Unclassified,Unclassified,1,0.9267543215411658,71.13116074098889,False,False,False,False,False,"[{""target"":""demand"",""magnitude"":0.07903462304554329,""start_week"":10,""duration_weeks"":2,""recovery_weeks"":4}]"
A,1618,944,Demand-supply coupling,True,True,True,Structural,Concentrated dependency; Hidden convergent dependency; Propagation-amplified cascade,Hidden convergent dependency,3,0.6809322712967226,2078.029080413022,True,False,False,False,True,"[{""target"":""T2P"",""magnitude"":0.38716095583294957,""start_week"":7,""duration_weeks"":8,""recovery_weeks"":2},{""target"":""S1C"",""magnitude"":0.170020770957543,""start_week"":20,""duration_weeks"":1,""recovery_weeks"":1},{""target"":""demand"",""magnitude"":0.15653194645565582,""start_week"":43,""duration_weeks"":9,""recovery_weeks"":3}]"
A,1618,945,Demand-supply coupling,True,False,True,Adaptation-limited,Concentrated dependency,Concentrated dependency,5,0.6594842085995073,645.9477427671876,False,True,False,False,False,"[{""target"":""corridor"",""magnitude"":0.5053868435503696,""start_week"":1,""duration_weeks"":1,""recovery_weeks"":2},{""target"":""demand"",""magnitude"":0.24822563217063182,""start_week"":15,""duration_weeks"":2,""recovery_weeks"":2},{""target"":""corridor"",""magnitude"":0.23168009972073772,""start_week"":17,""duration_weeks"":2,""recovery_weeks"":2},{""target"":""demand"",""magnitude"":0.23766919807897274,""start_week"":41,""duration_weeks"":5,""recovery_weeks"":1},{""target"":""corridor"",""magnitude"":0.2511780299872115,""start_week"":43,""duration_weeks"":2,""recovery_weeks"":3}]"
A,1618,946,Demand-supply coupling,False,,False,Non-failure,Unclassified,Unclassified,3,0.9062374976645247,93.11714900277309,False,True,False,False,False,"[{""target"":""demand"",""magnitude"":0.1034634988919701,""start_week"":6,""duration_weeks"":4,""recovery_weeks"":1},{""target"":""demand"",""magnitude"":0.11986325803259981,""start_week"":26,""duration_weeks"":3,""recovery_weeks"":2},{""target"":""corridor"",""magnitude"":0.2867915104797676,""start_week"":44,""duration_weeks"":2,""recovery_weeks"":4}]"
A,1618,947,Demand-supply coupling,False,,False,Non-failure,Unclassified,Unclassified,1,0.9883278764159622,24.51145952647937,False,False,False,True,False,"[{""target"":""S1B"",""magnitude"":0.2762622780640849,""start_week"":39,""duration_weeks"":3,""recovery_weeks"":2}]"
A,1618,948,Demand-supply coupling,True,True,False,Structural,Concentrated dependency; Hidden convergent dependency; Propagation-amplified cascade,Hidden convergent dependency,2,0.7169071812315659,384.0485044927369,True,True,False,False,False,"[{""target"":""corridor"",""magnitude"":0.25974601196489605,""start_week"":29,""duration_weeks"":2,""recovery_weeks"":2},{""target"":""T2P"",""magnitude"":0.35478353689159065,""start_week"":44,""duration_weeks"":3,""recovery_weeks"":3}]"
A,1618,949,Demand-supply coupling,True,True,False,Structural,Concentrated dependency,Concentrated dependency,3,0.8830393657462994,210.52914165666107,True,False,False,True,False,"[{""target"":""S1B"",""magnitude"":0.5131614270708263,""start_week"":25,""duration_weeks"":1,""recovery_weeks"":3},{""target"":""demand"",""magnitude"":0.1682893020842654,""start_week"":37,""duration_weeks"":1,""recovery_weeks"":1},{""target"":""T2P"",""magnitude"":0.3915748078479136,""start_week"":40,""duration_weeks"":1,""recovery_weeks"":2}]"
A,1618,950,Demand-supply coupling,False,,False,Non-failure,Unclassified,Unclassified,1,0.9859008219059598,25.37852056927227,False,False,True,False,False,"[{""target"":""S1A"",""magnitude"":0.2817231507115904,""start_week"":27,""duration_weeks"":1,""recovery_weeks"":2}]"
A,1618,951,Demand-supply coupling,True,True,False,Structural,Concentrated dependency; Hidden convergent dependency; Propagation-amplified cascade,Hidden convergent dependency,1,0.7979384257043295,532.0602096296722,True,False,False,False,False,"[{""target"":""T2P"",""magnitude"":0.2818554168661033,""start_week"":25,""duration_weeks"":5,""recovery_weeks"":2}]"
A,1618,952,Demand-supply coupling,True,True,False,Structural,Concentrated dependency,Concentrated dependency,1,0.8993583053570474,181.15505035731462,False,True,False,False,False,"[{""target"":""corridor"",""magnitude"":0.3254812709822144,""start_week"":30,""duration_weeks"":1,""recovery_weeks"":3}]"
A,1618,953,Demand-supply coupling,False,,False,Non-failure,Unclassified,Unclassified,1,1.0,0.0,True,False,False,False,False,"[{""target"":""T2P"",""magnitude"":0.21109491327138388,""start_week"":26,""duration_weeks"":1,""recovery_weeks"":1}]"
A,1618,954,Demand-supply coupling,True,True,True,Structural,Concentrated dependency,Concentrated dependency,2,0.6749043514907562,3463.878886436681,False,True,False,False,False,"[{""target"":""corridor"",""magnitude"":0.3526925452590812,""start_week"":11,""duration_weeks"":21,""recovery_weeks"":3},{""target"":""demand"",""magnitude"":0.27881321910997664,""start_week"":13,""duration_weeks"":2,""recovery_weeks"":1}]"
A,1618,955,Demand-supply coupling,True,True,False,Structural,Hidden convergent dependency; Compounding moderate disturbance,Hidden convergent dependency,2,0.8196215694186764,921.3137483409521,True,False,False,False,False,"[{""target"":""demand"",""magnitude"":0.22007526071972278,""start_week"":37,""duration_weeks"":3,""recovery_weeks"":3},{""target"":""T2P"",""magnitude"":0.2289560120163519,""start_week"":39,""duration_weeks"":4,""recovery_weeks"":4}]"
A,1618,956,Demand-supply coupling,True,False,True,Adaptation-limited,Concentrated dependency,Concentrated dependency,1,0.6708694390731693,888.6525145024427,False,True,False,False,False,"[{""target"":""corridor"",""magnitude"":0.49684792069512296,""start_week"":33,""duration_weeks"":2,""recovery_weeks"":1}]"
A,1618,957,Demand-supply coupling,True,True,False,Structural,Concentrated dependency,Concentrated dependency,2,0.894626368420252,221.28462631747084,False,False,False,True,False,"[{""target"":""S1B"",""magnitude"":0.48709067105443304,""start_week"":36,""duration_weeks"":2,""recovery_weeks"":4},{""target"":""demand"",""magnitude"":0.07050088587592718,""start_week"":45,""duration_weeks"":2,""recovery_weeks"":4}]"
A,1618,958,Demand-supply coupling,True,True,True,Structural,Concentrated dependency; Hidden convergent dependency; Propagation-amplified cascade,Hidden convergent dependency,1,0.5771712882099373,1723.5479639718667,True,False,False,False,False,"[{""target"":""T2P"",""magnitude"":0.48054584061105643,""start_week"":6,""duration_weeks"":4,""recovery_weeks"":4}]"
A,1618,959,Demand-supply coupling,True,False,True,Adaptation-limited,Concentrated dependency,Concentrated dependency,4,0.7943084655593768,555.3671429896826,True,True,False,False,False,"[{""target"":""corridor"",""magnitude"":0.40426865083046726,""start_week"":33,""duration_weeks"":2,""recovery_weeks"":2},{""target"":""demand"",""magnitude"":0.12447525443906929,""start_week"":40,""duration_weeks"":1,""recovery_weeks"":2},{""target"":""T2P"",""magnitude"":0.24906269446898932,""start_week"":44,""duration_weeks"":1,""recovery_weeks"":1},{""target"":""demand"",""magnitude"":0.06231896759540554,""start_week"":47,""duration_weeks"":3,""recovery_weeks"":3}]"
A,1618,960,Demand-supply coupling,False,,False,Non-failure,Unclassified,Unclassified,3,0.8171077991402732,201.44585689543374,False,False,False,False,True,"[{""target"":""demand"",""magnitude"":0.22382872988381514,""start_week"":15,""duration_weeks"":1,""recovery_weeks"":4},{""target"":""S1C"",""magnitude"":0.20784805279085358,""start_week"":31,""duration_weeks"":4,""recovery_weeks"":1},{""target"":""demand"",""magnitude"":0.1500546711814503,""start_week"":44,""duration_weeks"":7,""recovery_weeks"":1}]"
A,1618,961,Demand-supply coupling,False,,False,Non-failure,Unclassified,Unclassified,2,0.8703201752173882,134.10219092668785,False,True,False,False,False,"[{""target"":""demand"",""magnitude"":0.14900243436298655,""start_week"":2,""duration_weeks"":1,""recovery_weeks"":1},{""target"":""corridor"",""magnitude"":0.30135585933811504,""start_week"":45,""duration_weeks"":3,""recovery_weeks"":3}]"
A,1618,962,Demand-supply coupling,True,True,True,Structural,Concentrated dependency; Hidden convergent dependency,Hidden convergent dependency,3,0.4126526614416552,3674.517049627242,True,False,False,False,False,"[{""target"":""T2P"",""magnitude"":0.5932407713175486,""start_week"":3,""duration_weeks"":6,""recovery_weeks"":3},{""target"":""demand"",""magnitude"":0.1904848351497127,""start_week"":7,""duration_weeks"":1,""recovery_weeks"":2},{""target"":""T2P"",""magnitude"":0.36316693687201107,""start_week"":40,""duration_weeks"":3,""recovery_weeks"":2}]"
A,1618,963,Demand-supply coupling,True,False,True,Adaptation-limited,Concentrated dependency,Concentrated dependency,3,0.73080282793728,1248.9053775750253,False,True,False,False,False,"[{""target"":""demand"",""magnitude"":0.21957813802018739,""start_week"":8,""duration_weeks"":1,""recovery_weeks"":1},{""target"":""corridor"",""magnitude"":0.45189787904704004,""start_week"":11,""duration_weeks"":5,""recovery_weeks"":1},{""target"":""demand"",""magnitude"":0.11844428803063192,""start_week"":35,""duration_weeks"":9,""recovery_weeks"":2}]"
A,1618,964,Demand-supply coupling,False,,False,Non-failure,Unclassified,Unclassified,2,0.8563122714208613,151.01845440875036,False,True,False,False,False,"[{""target"":""corridor"",""magnitude"":0.23020974040844108,""start_week"":11,""duration_weeks"":2,""recovery_weeks"":4},{""target"":""demand"",""magnitude"":0.1677982826763893,""start_week"":33,""duration_weeks"":2,""recovery_weeks"":1}]"
A,1618,965,Demand-supply coupling,False,,False,Non-failure,Unclassified,Unclassified,2,0.9179807970708084,81.73876691050077,False,False,True,False,False,"[{""target"":""S1A"",""magnitude"":0.2659022310848136,""start_week"":31,""duration_weeks"":2,""recovery_weeks"":3},{""target"":""demand"",""magnitude"":0.10731205472925189,""start_week"":48,""duration_weeks"":1,""recovery_weeks"":1}]"
A,1618,966,Demand-supply coupling,False,,False,Non-failure,Unclassified,Unclassified,2,0.9057547904510748,93.64641455751098,False,False,False,True,False,"[{""target"":""demand"",""magnitude"":0.10405157173056775,""start_week"":2,""duration_weeks"":1,""recovery_weeks"":3},{""target"":""S1B"",""magnitude"":0.4707925346753489,""start_week"":50,""duration_weeks"":4,""recovery_weeks"":2}]"
A,1618,967,Demand-supply coupling,True,True,True,Structural,Concentrated dependency; Hidden convergent dependency; Propagation-amplified cascade,Hidden convergent dependency,5,0.5700145946174757,1445.946719581113,True,True,False,False,False,"[{""target"":""demand"",""magnitude"":0.10916849772689288,""start_week"":2,""duration_weeks"":5,""recovery_weeks"":3},{""target"":""T2P"",""magnitude"":0.5942742305543283,""start_week"":12,""duration_weeks"":1,""recovery_weeks"":4},{""target"":""demand"",""magnitude"":0.06067254986014073,""start_week"":14,""duration_weeks"":4,""recovery_weeks"":4},{""target"":""corridor"",""magnitude"":0.2955342432364525,""start_week"":30,""duration_weeks"":2,""recovery_weeks"":2},{""target"":""demand"",""magnitude"":0.18968611205943386,""start_week"":33,""duration_weeks"":18,""recovery_weeks"":1}]"
A,1618,968,Demand-supply coupling,False,,False,Non-failure,Unclassified,Unclassified,2,0.947619686010203,377.1382607265383,False,True,False,False,False,"[{""target"":""corridor"",""magnitude"":0.28928523549234775,""start_week"":20,""duration_weeks"":7,""recovery_weeks"":4},{""target"":""demand"",""magnitude"":0.07202945739872604,""start_week"":36,""duration_weeks"":2,""recovery_weeks"":2}]"
A,1618,969,Demand-supply coupling,True,True,True,Structural,Concentrated dependency,Concentrated dependency,6,0.6618155408256693,2429.830238314686,True,True,False,False,False,"[{""target"":""corridor"",""magnitude"":0.355304409227584,""start_week"":1,""duration_weeks"":2,""recovery_weeks"":3},{""target"":""demand"",""magnitude"":0.16737027239730035,""start_week"":15,""duration_weeks"":4,""recovery_weeks"":3},{""target"":""T2P"",""magnitude"":0.2924692790826129,""start_week"":17,""duration_weeks"":9,""recovery_weeks"":2},{""target"":""demand"",""magnitude"":0.18786156711125684,""start_week"":27,""duration_weeks"":1,""recovery_weeks"":4},{""target"":""corridor"",""magnitude"":0.2246833087429318,""start_week"":29,""duration_weeks"":1,""recovery_weeks"":3},{""target"":""corridor"",""magnitude"":0.3937903972539294,""start_week"":39,""duration_weeks"":1,""recovery_weeks"":1}]"
A,1618,970,Demand-supply coupling,False,,False,Non-failure,Unclassified,Unclassified,1,1.0,0.0,True,False,False,False,False,"[{""target"":""T2P"",""magnitude"":0.2523407852398073,""start_week"":51,""duration_weeks"":1,""recovery_weeks"":4}]"
A,1618,971,Demand-supply coupling,False,,False,Non-failure,Unclassified,Unclassified,1,0.9174951452962861,80.93162085273343,False,False,False,False,False,"[{""target"":""demand"",""magnitude"":0.08992402316970377,""start_week"":33,""duration_weeks"":1,""recovery_weeks"":1}]"
A,1618,972,Demand-supply coupling,False,,False,Non-failure,Unclassified,Unclassified,2,0.9013604374608423,303.4876009360481,False,True,False,False,False,"[{""target"":""corridor"",""magnitude"":0.21063212071725754,""start_week"":14,""duration_weeks"":17,""recovery_weeks"":2},{""target"":""demand"",""magnitude"":0.1094340936651581,""start_week"":28,""duration_weeks"":4,""recovery_weeks"":3}]"
A,1618,973,Demand-supply coupling,False,,False,Non-failure,Unclassified,Unclassified,1,0.9182641827535865,662.0601196959487,False,True,False,False,False,"[{""target"":""corridor"",""magnitude"":0.3113018629348101,""start_week"":23,""duration_weeks"":8,""recovery_weeks"":4}]"
A,1618,974,Demand-supply coupling,True,False,True,Adaptation-limited,Concentrated dependency,Concentrated dependency,5,0.7696185300990841,1781.5874404490132,True,True,False,False,False,"[{""target"":""T2P"",""magnitude"":0.17687440621283043,""start_week"":4,""duration_weeks"":1,""recovery_weeks"":3},{""target"":""demand"",""magnitude"":0.13434830853392193,""start_week"":7,""duration_weeks"":13,""recovery_weeks"":4},{""target"":""corridor"",""magnitude"":0.3452383916243055,""start_week"":11,""duration_weeks"":6,""recovery_weeks"":1},{""target"":""demand"",""magnitude"":0.13612821430272692,""start_week"":25,""duration_weeks"":1,""recovery_weeks"":2},{""target"":""T2P"",""magnitude"":0.20316506044914837,""start_week"":35,""duration_weeks"":2,""recovery_weeks"":4}]"
A,1618,975,Demand-supply coupling,False,,False,Non-failure,Unclassified,Unclassified,2,0.9605751172302669,37.76499551548727,True,False,False,False,False,"[{""target"":""T2P"",""magnitude"":0.3400441586291726,""start_week"":27,""duration_weeks"":1,""recovery_weeks"":3},{""target"":""demand"",""magnitude"":0.064330523781117,""start_week"":44,""duration_weeks"":1,""recovery_weeks"":3}]"
A,1618,976,Demand-supply coupling,False,,False,Non-failure,Unclassified,Unclassified,1,1.0,0.0,False,True,False,False,False,"[{""target"":""corridor"",""magnitude"":0.23915748226428135,""start_week"":50,""duration_weeks"":2,""recovery_weeks"":1}]"
A,1618,977,Demand-supply coupling,True,True,False,Structural,Concentrated dependency,Concentrated dependency,4,0.8540745841764985,266.2489403192716,True,True,False,False,True,"[{""target"":""S1C"",""magnitude"":0.491852881892344,""start_week"":11,""duration_weeks"":4,""recovery_weeks"":1},{""target"":""demand"",""magnitude"":0.1405685774115128,""start_week"":16,""duration_weeks"":2,""recovery_weeks"":4},{""target"":""corridor"",""magnitude"":0.2649628462430908,""start_week"":30,""duration_weeks"":1,""recovery_weeks"":3},{""target"":""T2P"",""magnitude"":0.3623872791057633,""start_week"":45,""duration_weeks"":6,""recovery_weeks"":3}]"
A,1618,978,Demand-supply coupling,False,,False,Non-failure,Unclassified,Unclassified,3,0.937495204865021,112.50863124296211,False,True,False,False,False,"[{""target"":""corridor"",""magnitude"":0.29687859635123415,""start_week"":15,""duration_weeks"":1,""recovery_weeks"":2},{""target"":""demand"",""magnitude"":0.16710163756434093,""start_week"":42,""duration_weeks"":4,""recovery_weeks"":4},{""target"":""corridor"",""magnitude"":0.42834050039999516,""start_week"":51,""duration_weeks"":10,""recovery_weeks"":3}]"
A,1618,979,Demand-supply coupling,False,,False,Non-failure,Unclassified,Unclassified,1,0.910072056059475,323.74059818588944,False,True,False,False,False,"[{""target"":""corridor"",""magnitude"":0.31744595795539354,""start_week"":4,""duration_weeks"":3,""recovery_weeks"":4}]"
A,1618,980,Demand-supply coupling,False,,False,Non-failure,Unclassified,Unclassified,3,0.8091638693639859,218.47615596106016,True,False,True,False,False,"[{""target"":""S1A"",""magnitude"":0.34968239126779654,""start_week"":19,""duration_weeks"":3,""recovery_weeks"":1},{""target"":""demand"",""magnitude"":0.14592600221724522,""start_week"":27,""duration_weeks"":2,""recovery_weeks"":4},{""target"":""T2P"",""magnitude"":0.4401709151659424,""start_week"":33,""duration_weeks"":1,""recovery_weeks"":3}]"
A,1618,981,Demand-supply coupling,False,,False,Non-failure,Unclassified,Unclassified,1,0.8790990427237045,161.6760308406607,True,False,False,False,False,"[{""target"":""T2P"",""magnitude"":0.2088108615486658,""start_week"":7,""duration_weeks"":6,""recovery_weeks"":1}]"
A,1618,982,Demand-supply coupling,True,True,False,Structural,Concentrated dependency,Concentrated dependency,4,0.8697215352731931,266.5652064035844,False,False,False,True,True,"[{""target"":""S1B"",""magnitude"":0.356398537708867,""start_week"":6,""duration_weeks"":5,""recovery_weeks"":3},{""target"":""demand"",""magnitude"":0.14410336574180357,""start_week"":14,""duration_weeks"":1,""recovery_weeks"":1},{""target"":""demand"",""magnitude"":0.09374087977654254,""start_week"":18,""duration_weeks"":2,""recovery_weeks"":1},{""target"":""S1C"",""magnitude"":0.5431265456353156,""start_week"":36,""duration_weeks"":5,""recovery_weeks"":1}]"
A,1618,983,Demand-supply coupling,False,,False,Non-failure,Unclassified,Unclassified,4,0.939456245437619,381.42565374299966,True,True,False,False,False,"[{""target"":""corridor"",""magnitude"":0.29540781592178567,""start_week"":11,""duration_weeks"":6,""recovery_weeks"":3},{""target"":""corridor"",""magnitude"":0.20676081698721097,""start_week"":22,""duration_weeks"":3,""recovery_weeks"":4},{""target"":""demand"",""magnitude"":0.1390202049909388,""start_week"":29,""duration_weeks"":7,""recovery_weeks"":1},{""target"":""T2P"",""magnitude"":0.3126081667840638,""start_week"":51,""duration_weeks"":2,""recovery_weeks"":4}]"
A,1618,984,Demand-supply coupling,True,True,True,Structural,Concentrated dependency; Hidden convergent dependency; Propagation-amplified cascade,Hidden convergent dependency,4,0.566730651968229,1104.740859528673,True,True,False,False,False,"[{""target"":""T2P"",""magnitude"":0.4899424132285939,""start_week"":5,""duration_weeks"":3,""recovery_weeks"":2},{""target"":""corridor"",""magnitude"":0.3003462380713433,""start_week"":20,""duration_weeks"":4,""recovery_weeks"":3},{""target"":""demand"",""magnitude"":0.1417885297858002,""start_week"":45,""duration_weeks"":4,""recovery_weeks"":1},{""target"":""demand"",""magnitude"":0.08382333417419907,""start_week"":47,""duration_weeks"":7,""recovery_weeks"":1}]"
A,1618,985,Demand-supply coupling,True,False,True,Adaptation-limited,Compounding moderate disturbance,Compounding moderate disturbance,3,0.815682457996992,610.2383262443507,False,True,False,False,True,"[{""target"":""S1C"",""magnitude"":0.34843604746362755,""start_week"":15,""duration_weeks"":2,""recovery_weeks"":4},{""target"":""corridor"",""magnitude"":0.30779233663637545,""start_week"":46,""duration_weeks"":5,""recovery_weeks"":2},{""target"":""demand"",""magnitude"":0.1314985900492454,""start_week"":49,""duration_weeks"":3,""recovery_weeks"":2}]"
A,1618,986,Demand-supply coupling,True,True,False,Structural,Concentrated dependency,Concentrated dependency,2,0.8170804614946747,402.9320869475914,False,True,False,False,False,"[{""target"":""corridor"",""magnitude"":0.38718965387899396,""start_week"":7,""duration_weeks"":1,""recovery_weeks"":4},{""target"":""demand"",""magnitude"":0.10321381868834979,""start_week"":11,""duration_weeks"":1,""recovery_weeks"":4}]"
A,1618,987,Demand-supply coupling,False,,False,Non-failure,Unclassified,Unclassified,1,1.0,0.0,False,False,True,False,False,"[{""target"":""S1A"",""magnitude"":0.20161536840311195,""start_week"":28,""duration_weeks"":3,""recovery_weeks"":2}]"
A,1618,988,Demand-supply coupling,False,,False,Non-failure,Unclassified,Unclassified,3,0.8938898791713991,106.83542902875774,False,False,False,True,False,"[{""target"":""demand"",""magnitude"":0.11870603225417527,""start_week"":3,""duration_weeks"":11,""recovery_weeks"":3},{""target"":""S1B"",""magnitude"":0.3022611726660105,""start_week"":18,""duration_weeks"":3,""recovery_weeks"":4},{""target"":""demand"",""magnitude"":0.12435877025196262,""start_week"":27,""duration_weeks"":2,""recovery_weeks"":3}]"
A,1618,989,Demand-supply coupling,False,,False,Non-failure,Unclassified,Unclassified,1,0.8694481446574441,135.13936458463922,False,False,False,False,False,"[{""target"":""demand"",""magnitude"":0.15015484953848768,""start_week"":26,""duration_weeks"":2,""recovery_weeks"":4}]"
A,1618,990,Demand-supply coupling,False,,False,Non-failure,Unclassified,Unclassified,2,0.8747763969594585,130.5461544067765,False,False,False,True,False,"[{""target"":""S1B"",""magnitude"":0.26494777957216453,""start_week"":6,""duration_weeks"":1,""recovery_weeks"":2},{""target"":""demand"",""magnitude"":0.1583381978494534,""start_week"":27,""duration_weeks"":1,""recovery_weeks"":2}]"
A,1618,991,Demand-supply coupling,True,True,False,Structural,Concentrated dependency,Concentrated dependency,3,0.8868276524249498,305.5653384526355,False,True,False,False,False,"[{""target"":""corridor"",""magnitude"":0.3348792606812877,""start_week"":4,""duration_weeks"":2,""recovery_weeks"":2},{""target"":""corridor"",""magnitude"":0.35544951165143834,""start_week"":16,""duration_weeks"":2,""recovery_weeks"":1},{""target"":""demand"",""magnitude"":0.0999423571538663,""start_week"":20,""duration_weeks"":2,""recovery_weeks"":2}]"
A,1618,992,Demand-supply coupling,False,,False,Non-failure,Unclassified,Unclassified,2,0.8623516460162048,146.9009818492998,False,True,False,False,False,"[{""target"":""corridor"",""magnitude"":0.25564398102681485,""start_week"":11,""duration_weeks"":2,""recovery_weeks"":1},{""target"":""demand"",""magnitude"":0.1857992372731485,""start_week"":41,""duration_weeks"":1,""recovery_weeks"":4}]"
A,1618,993,Demand-supply coupling,False,,False,Non-failure,Unclassified,Unclassified,2,0.8534249706207856,154.57425196421832,False,False,False,True,False,"[{""target"":""demand"",""magnitude"":0.17174916884913144,""start_week"":4,""duration_weeks"":4,""recovery_weeks"":4},{""target"":""S1B"",""magnitude"":0.33141577039552106,""start_week"":51,""duration_weeks"":5,""recovery_weeks"":1}]"
A,1618,994,Demand-supply coupling,False,,False,Non-failure,Unclassified,Unclassified,3,0.8580475037153362,148.89297632474882,True,False,False,False,False,"[{""target"":""demand"",""magnitude"":0.16543664036083203,""start_week"":9,""duration_weeks"":3,""recovery_weeks"":3},{""target"":""T2P"",""magnitude"":0.3205360560089457,""start_week"":40,""duration_weeks"":1,""recovery_weeks"":3},{""target"":""demand"",""magnitude"":0.07391345827394355,""start_week"":41,""duration_weeks"":1,""recovery_weeks"":4}]"
A,1618,995,Demand-supply coupling,True,True,True,Structural,Concentrated dependency; Hidden convergent dependency; Propagation-amplified cascade,Hidden convergent dependency,1,0.726604574015904,776.3353003141193,True,False,False,False,False,"[{""target"":""T2P"",""magnitude"":0.3460558833856866,""start_week"":15,""duration_weeks"":4,""recovery_weeks"":3}]"
A,1618,996,Demand-supply coupling,True,False,False,Adaptation-limited,Concentrated dependency,Concentrated dependency,1,0.7374166779790073,472.6499796377867,False,True,False,False,False,"[{""target"":""corridor"",""magnitude"":0.44693749151574447,""start_week"":12,""duration_weeks"":1,""recovery_weeks"":1}]"
A,1618,997,Demand-supply coupling,False,,False,Non-failure,Unclassified,Unclassified,1,1.0,0.0,True,False,False,False,False,"[{""target"":""T2P"",""magnitude"":0.24163453391039527,""start_week"":24,""duration_weeks"":1,""recovery_weeks"":1}]"
A,1618,998,Demand-supply coupling,False,,False,Non-failure,Unclassified,Unclassified,1,0.9708116047621383,210.1564457126036,False,True,False,False,False,"[{""target"":""corridor"",""magnitude"":0.27189129642839616,""start_week"":22,""duration_weeks"":7,""recovery_weeks"":3}]"
A,1618,999,Demand-supply coupling,False,,False,Non-failure,Unclassified,Unclassified,2,0.7776191486105936,257.37890663838425,False,True,False,False,False,"[{""target"":""demand"",""magnitude"":0.28597656293153795,""start_week"":8,""duration_weeks"":1,""recovery_weeks"":1},{""target"":""corridor"",""magnitude"":0.2627930188772245,""start_week"":21,""duration_weeks"":1,""recovery_weeks"":2}]"
A,1618,1000,Demand-supply coupling,True,False,False,Adaptation-limited,Concentrated dependency; Hidden convergent dependency; Propagation-amplified cascade,Hidden convergent dependency,3,0.612953883079628,651.5181774786552,True,True,False,False,False,"[{""target"":""T2P"",""magnitude"":0.2681118610223112,""start_week"":2,""duration_weeks"":1,""recovery_weeks"":2},{""target"":""corridor"",""magnitude"":0.2674366014311184,""start_week"":31,""duration_weeks"":1,""recovery_weeks"":2},{""target"":""T2P"",""magnitude"":0.44834150522833494,""start_week"":42,""duration_weeks"":2,""recovery_weeks"":3}]"
