topology,seed,replication,dependence_model,moderate_passive_failure,moderate_active_failure,severe_passive_failure,passive_active_classification,mechanism_labels,primary_mechanism,event_count,worst_service_level,max_backlog_passive,has_T2P,has_corridor,has_S1A,has_S1B,has_S1C,event_specification
A,42,1,Supplier-cluster shock,False,,False,Non-failure,Unclassified,Unclassified,1,0.9899778872429135,126.27862073929032,False,True,False,False,False,"[{""target"":""corridor"",""magnitude"":0.2575165845678149,""start_week"":18,""duration_weeks"":13,""recovery_weeks"":4}]"
A,42,2,Supplier-cluster shock,False,,False,Non-failure,Unclassified,Unclassified,2,0.9872950225845254,26.680452572496733,True,False,False,True,False,"[{""target"":""T2P"",""magnitude"":0.3667074629899391,""start_week"":4,""duration_weeks"":1,""recovery_weeks"":1},{""target"":""S1B"",""magnitude"":0.27858619918481775,""start_week"":48,""duration_weeks"":3,""recovery_weeks"":3}]"
A,42,3,Supplier-cluster shock,True,True,True,Structural,Compounding moderate disturbance,Compounding moderate disturbance,5,0.6829107822190195,1450.5936892959962,True,True,False,False,False,"[{""target"":""demand"",""magnitude"":0.16367540559208318,""start_week"":4,""duration_weeks"":5,""recovery_weeks"":3},{""target"":""demand"",""magnitude"":0.11762103957141062,""start_week"":8,""duration_weeks"":4,""recovery_weeks"":4},{""target"":""T2P"",""magnitude"":0.3311611396089725,""start_week"":9,""duration_weeks"":1,""recovery_weeks"":4},{""target"":""corridor"",""magnitude"":0.2750650106823086,""start_week"":17,""duration_weeks"":3,""recovery_weeks"":2},{""target"":""demand"",""magnitude"":0.2136117389786309,""start_week"":42,""duration_weeks"":10,""recovery_weeks"":2}]"
A,42,4,Supplier-cluster shock,False,,False,Non-failure,Unclassified,Unclassified,0,1.0,0.0,False,False,False,False,False,[]
A,42,5,Supplier-cluster shock,True,True,True,Structural,Concentrated dependency; Hidden convergent dependency,Hidden convergent dependency,3,0.8054476328428195,1257.7339613515987,True,False,False,False,False,"[{""target"":""demand"",""magnitude"":0.1178921591979534,""start_week"":1,""duration_weeks"":4,""recovery_weeks"":4},{""target"":""T2P"",""magnitude"":0.2750971304414625,""start_week"":11,""duration_weeks"":10,""recovery_weeks"":4},{""target"":""demand"",""magnitude"":0.08247348084994817,""start_week"":39,""duration_weeks"":5,""recovery_weeks"":4}]"
A,42,6,Supplier-cluster shock,True,True,True,Structural,Concentrated dependency; Hidden convergent dependency; Propagation-amplified cascade; Recovery lag and temporal overlap,Hidden convergent dependency,6,0.5937924889386026,4541.3433651755095,True,False,True,False,True,"[{""target"":""T2P"",""magnitude"":0.5269319855534986,""start_week"":22,""duration_weeks"":1,""recovery_weeks"":1},{""target"":""T2P"",""magnitude"":0.2361664399969593,""start_week"":23,""duration_weeks"":10,""recovery_weeks"":2},{""target"":""demand"",""magnitude"":0.1968791283349262,""start_week"":38,""duration_weeks"":2,""recovery_weeks"":1},{""target"":""T2P"",""magnitude"":0.39604837097198664,""start_week"":39,""duration_weeks"":14,""recovery_weeks"":4},{""target"":""S1C"",""magnitude"":0.4704573414733947,""start_week"":40,""duration_weeks"":1,""recovery_weeks"":4},{""target"":""S1A"",""magnitude"":0.236476000370687,""start_week"":49,""duration_weeks"":5,""recovery_weeks"":2}]"
A,42,7,Supplier-cluster shock,True,True,True,Structural,Concentrated dependency,Concentrated dependency,3,0.6694994304256612,2554.087636308111,False,True,False,False,False,"[{""target"":""corridor"",""magnitude"":0.3290970216510387,""start_week"":27,""duration_weeks"":10,""recovery_weeks"":2},{""target"":""demand"",""magnitude"":0.2780945171418665,""start_week"":31,""duration_weeks"":2,""recovery_weeks"":1},{""target"":""corridor"",""magnitude"":0.25156902111996227,""start_week"":35,""duration_weeks"":4,""recovery_weeks"":1}]"
A,42,8,Supplier-cluster shock,False,,False,Non-failure,Unclassified,Unclassified,2,0.939654874397272,119.88064215115139,False,False,True,True,False,"[{""target"":""S1A"",""magnitude"":0.27566545605466525,""start_week"":1,""duration_weeks"":4,""recovery_weeks"":2},{""target"":""S1B"",""magnitude"":0.3857765326061381,""start_week"":18,""duration_weeks"":11,""recovery_weeks"":4}]"
A,42,9,Supplier-cluster shock,False,,False,Non-failure,Unclassified,Unclassified,2,0.9049256311396777,199.6561746066767,False,False,True,False,True,"[{""target"":""S1C"",""magnitude"":0.463917329935725,""start_week"":27,""duration_weeks"":2,""recovery_weeks"":4},{""target"":""S1A"",""magnitude"":0.18803758970710122,""start_week"":43,""duration_weeks"":2,""recovery_weeks"":3}]"
A,42,10,Supplier-cluster shock,False,,False,Non-failure,Unclassified,Unclassified,5,0.9320131918154253,167.47557746685436,False,False,True,True,True,"[{""target"":""S1C"",""magnitude"":0.21308616838383757,""start_week"":5,""duration_weeks"":1,""recovery_weeks"":4},{""target"":""S1B"",""magnitude"":0.3267507387433862,""start_week"":6,""duration_weeks"":1,""recovery_weeks"":3},{""target"":""S1A"",""magnitude"":0.30304219396867604,""start_week"":43,""duration_weeks"":4,""recovery_weeks"":3},{""target"":""S1C"",""magnitude"":0.2799543535106699,""start_week"":47,""duration_weeks"":2,""recovery_weeks"":1},{""target"":""S1B"",""magnitude"":0.3925717310339336,""start_week"":48,""duration_weeks"":1,""recovery_weeks"":2}]"
A,42,11,Supplier-cluster shock,False,,False,Non-failure,Unclassified,Unclassified,4,0.9055242538300808,198.3990669568302,True,True,True,True,False,"[{""target"":""S1A"",""magnitude"":0.46257042888231814,""start_week"":6,""duration_weeks"":2,""recovery_weeks"":1},{""target"":""S1B"",""magnitude"":0.32850848938596666,""start_week"":18,""duration_weeks"":1,""recovery_weeks"":4},{""target"":""corridor"",""magnitude"":0.2676542402461254,""start_week"":40,""duration_weeks"":6,""recovery_weeks"":4},{""target"":""T2P"",""magnitude"":0.511928367737288,""start_week"":51,""duration_weeks"":2,""recovery_weeks"":3}]"
A,42,12,Supplier-cluster shock,False,,False,Non-failure,Unclassified,Unclassified,1,0.8461676471652502,251.2116661238906,True,False,False,False,False,"[{""target"":""T2P"",""magnitude"":0.31793215673503306,""start_week"":40,""duration_weeks"":2,""recovery_weeks"":4}]"
A,42,13,Supplier-cluster shock,False,,False,Non-failure,Unclassified,Unclassified,3,0.9298257962056801,126.31356682977594,False,False,True,True,False,"[{""target"":""S1B"",""magnitude"":0.40789195853721993,""start_week"":2,""duration_weeks"":1,""recovery_weeks"":3},{""target"":""S1A"",""magnitude"":0.2250945710257416,""start_week"":37,""duration_weeks"":2,""recovery_weeks"":1},{""target"":""demand"",""magnitude"":0.13884771633853613,""start_week"":39,""duration_weeks"":1,""recovery_weeks"":1}]"
A,42,14,Supplier-cluster shock,True,True,False,Structural,Concentrated dependency; Hidden convergent dependency; Propagation-amplified cascade,Hidden convergent dependency,6,0.5334165444617012,819.7378849456411,True,True,False,True,True,"[{""target"":""T2P"",""magnitude"":0.519925109984469,""start_week"":1,""duration_weeks"":2,""recovery_weeks"":2},{""target"":""corridor"",""magnitude"":0.30019814568926506,""start_week"":3,""duration_weeks"":2,""recovery_weeks"":1},{""target"":""T2P"",""magnitude"":0.38512558510761596,""start_week"":18,""duration_weeks"":1,""recovery_weeks"":1},{""target"":""corridor"",""magnitude"":0.36738624180597035,""start_week"":33,""duration_weeks"":2,""recovery_weeks"":3},{""target"":""S1C"",""magnitude"":0.3051298128450994,""start_week"":36,""duration_weeks"":4,""recovery_weeks"":2},{""target"":""S1B"",""magnitude"":0.40558927037665005,""start_week"":50,""duration_weeks"":1,""recovery_weeks"":3}]"
A,42,15,Supplier-cluster shock,True,True,True,Structural,Concentrated dependency,Concentrated dependency,2,0.7410282989787397,1008.0993569452459,False,True,False,False,False,"[{""target"":""corridor"",""magnitude"":0.39093949828380065,""start_week"":6,""duration_weeks"":3,""recovery_weeks"":4},{""target"":""demand"",""magnitude"":0.09588347715480616,""start_week"":9,""duration_weeks"":3,""recovery_weeks"":2}]"
A,42,16,Supplier-cluster shock,False,,False,Non-failure,Unclassified,Unclassified,3,0.9186418894307998,101.70692534367731,False,False,True,True,True,"[{""target"":""S1B"",""magnitude"":0.3589717057253686,""start_week"":22,""duration_weeks"":2,""recovery_weeks"":4},{""target"":""S1C"",""magnitude"":0.46154071907873906,""start_week"":28,""duration_weeks"":1,""recovery_weeks"":3},{""target"":""S1A"",""magnitude"":0.2858496822136846,""start_week"":33,""duration_weeks"":4,""recovery_weeks"":4}]"
A,42,17,Supplier-cluster shock,True,True,False,Structural,Concentrated dependency,Concentrated dependency,4,0.841786368101368,310.5149018280151,False,True,True,True,True,"[{""target"":""corridor"",""magnitude"":0.32651181253541506,""start_week"":2,""duration_weeks"":2,""recovery_weeks"":2},{""target"":""S1B"",""magnitude"":0.2742318146219247,""start_week"":9,""duration_weeks"":6,""recovery_weeks"":2},{""target"":""S1A"",""magnitude"":0.6059806717719222,""start_week"":23,""duration_weeks"":5,""recovery_weeks"":1},{""target"":""S1C"",""magnitude"":0.2805887098175466,""start_week"":50,""duration_weeks"":5,""recovery_weeks"":3}]"
A,42,18,Supplier-cluster shock,True,True,False,Structural,Concentrated dependency,Concentrated dependency,1,0.7455547001304045,942.9293237042019,False,False,False,False,False,"[{""target"":""demand"",""magnitude"":0.34128320809337065,""start_week"":7,""duration_weeks"":4,""recovery_weeks"":3}]"
A,42,19,Supplier-cluster shock,True,False,False,Adaptation-limited,Concentrated dependency,Concentrated dependency,1,0.7775255474489513,400.4540145918877,False,True,False,False,False,"[{""target"":""corridor"",""magnitude"":0.41685583941328663,""start_week"":28,""duration_weeks"":1,""recovery_weeks"":2}]"
A,42,20,Supplier-cluster shock,True,True,False,Structural,Compounding moderate disturbance,Compounding moderate disturbance,3,0.8767609642570837,372.00409064572216,False,True,False,False,False,"[{""target"":""corridor"",""magnitude"":0.2648463315035704,""start_week"":7,""duration_weeks"":2,""recovery_weeks"":2},{""target"":""demand"",""magnitude"":0.11798418416032165,""start_week"":8,""duration_weeks"":2,""recovery_weeks"":3},{""target"":""corridor"",""magnitude"":0.32378600106076033,""start_week"":47,""duration_weeks"":2,""recovery_weeks"":3}]"
A,42,21,Supplier-cluster shock,True,False,False,Adaptation-limited,Compounding moderate disturbance,Compounding moderate disturbance,2,0.8327729979315414,566.4822256123683,False,False,False,False,False,"[{""target"":""demand"",""magnitude"":0.20080742589375566,""start_week"":5,""duration_weeks"":3,""recovery_weeks"":4},{""target"":""demand"",""magnitude"":0.25535368272339953,""start_week"":13,""duration_weeks"":3,""recovery_weeks"":3}]"
A,42,22,Supplier-cluster shock,False,,False,Non-failure,Unclassified,Unclassified,2,1.0,0.0,True,False,False,False,False,"[{""target"":""T2P"",""magnitude"":0.2514469211084166,""start_week"":47,""duration_weeks"":2,""recovery_weeks"":4},{""target"":""T2P"",""magnitude"":0.3007917151163612,""start_week"":49,""duration_weeks"":2,""recovery_weeks"":3}]"
A,42,23,Supplier-cluster shock,False,,False,Non-failure,Unclassified,Unclassified,1,0.8986592091828006,101.49199029342685,False,False,False,False,False,"[{""target"":""demand"",""magnitude"":0.11276887810380756,""start_week"":21,""duration_weeks"":22,""recovery_weeks"":4}]"
A,42,24,Supplier-cluster shock,True,True,True,Structural,Concentrated dependency; Propagation-amplified cascade,Propagation-amplified cascade,2,0.8297132946964374,670.9188531231296,True,True,False,False,False,"[{""target"":""T2P"",""magnitude"":0.39814852829716063,""start_week"":5,""duration_weeks"":1,""recovery_weeks"":2},{""target"":""corridor"",""magnitude"":0.3777150289776718,""start_week"":46,""duration_weeks"":6,""recovery_weeks"":1}]"
A,42,25,Supplier-cluster shock,False,,False,Non-failure,Unclassified,Unclassified,2,0.857122890935047,500.3587345566516,False,False,True,False,False,"[{""target"":""demand"",""magnitude"":0.16669384352701913,""start_week"":12,""duration_weeks"":13,""recovery_weeks"":3},{""target"":""S1A"",""magnitude"":0.32368485661222623,""start_week"":49,""duration_weeks"":3,""recovery_weeks"":2}]"
A,42,26,Supplier-cluster shock,False,,False,Non-failure,Unclassified,Unclassified,3,0.9180605672422549,80.32747741632488,False,True,False,False,False,"[{""target"":""corridor"",""magnitude"":0.24339219038513732,""start_week"":14,""duration_weeks"":1,""recovery_weeks"":1},{""target"":""demand"",""magnitude"":0.08925275268480529,""start_week"":26,""duration_weeks"":2,""recovery_weeks"":2},{""target"":""demand"",""magnitude"":0.14064949628139367,""start_week"":39,""duration_weeks"":1,""recovery_weeks"":1}]"
A,42,27,Supplier-cluster shock,False,,False,Non-failure,Unclassified,Unclassified,3,0.8372368399035237,174.9646421479838,False,True,False,False,False,"[{""target"":""demand"",""magnitude"":0.19440515794220387,""start_week"":1,""duration_weeks"":1,""recovery_weeks"":1},{""target"":""corridor"",""magnitude"":0.2973377560777398,""start_week"":47,""duration_weeks"":13,""recovery_weeks"":4},{""target"":""corridor"",""magnitude"":0.29938405342319185,""start_week"":51,""duration_weeks"":1,""recovery_weeks"":4}]"
A,42,28,Supplier-cluster shock,True,False,False,Adaptation-limited,Concentrated dependency; Hidden convergent dependency; Propagation-amplified cascade,Hidden convergent dependency,2,0.7040591467431206,465.387071724766,True,True,False,False,False,"[{""target"":""T2P"",""magnitude"":0.3663467679311915,""start_week"":19,""duration_weeks"":3,""recovery_weeks"":1},{""target"":""corridor"",""magnitude"":0.22196537635142077,""start_week"":51,""duration_weeks"":2,""recovery_weeks"":4}]"
A,42,29,Supplier-cluster shock,False,,False,Non-failure,Unclassified,Unclassified,2,0.9213944742670226,77.9262389246827,False,False,True,False,False,"[{""target"":""S1A"",""magnitude"":0.2643914744282021,""start_week"":1,""duration_weeks"":2,""recovery_weeks"":3},{""target"":""demand"",""magnitude"":0.10150920191593099,""start_week"":36,""duration_weeks"":1,""recovery_weeks"":3}]"
A,42,30,Supplier-cluster shock,False,,False,Non-failure,Unclassified,Unclassified,1,0.9676655365399358,203.7071197984037,False,True,False,False,False,"[{""target"":""corridor"",""magnitude"":0.2742508475950481,""start_week"":44,""duration_weeks"":6,""recovery_weeks"":4}]"
A,42,31,Supplier-cluster shock,True,True,True,Structural,Concentrated dependency,Concentrated dependency,3,0.6828123578770595,1079.997952463134,False,True,True,True,False,"[{""target"":""S1B"",""magnitude"":0.3899189592667758,""start_week"":12,""duration_weeks"":3,""recovery_weeks"":3},{""target"":""S1A"",""magnitude"":0.26382716284108443,""start_week"":13,""duration_weeks"":1,""recovery_weeks"":4},{""target"":""corridor"",""magnitude"":0.4878907315922054,""start_week"":38,""duration_weeks"":3,""recovery_weeks"":3}]"
A,42,32,Supplier-cluster shock,False,,False,Non-failure,Unclassified,Unclassified,4,0.8643959136070144,204.336469804653,False,False,False,True,True,"[{""target"":""S1C"",""magnitude"":0.36944465965623663,""start_week"":9,""duration_weeks"":6,""recovery_weeks"":1},{""target"":""S1B"",""magnitude"":0.22454185260011464,""start_week"":34,""duration_weeks"":9,""recovery_weeks"":2},{""target"":""S1C"",""magnitude"":0.38699886768826885,""start_week"":38,""duration_weeks"":2,""recovery_weeks"":1},{""target"":""S1B"",""magnitude"":0.49884393921950343,""start_week"":43,""duration_weeks"":1,""recovery_weeks"":3}]"
A,42,33,Supplier-cluster shock,False,,False,Non-failure,Unclassified,Unclassified,2,0.8044208918570626,218.81728720680826,True,False,False,False,False,"[{""target"":""T2P"",""magnitude"":0.22450451513558548,""start_week"":19,""duration_weeks"":3,""recovery_weeks"":4},{""target"":""demand"",""magnitude"":0.24313031911867583,""start_week"":40,""duration_weeks"":2,""recovery_weeks"":3}]"
A,42,34,Supplier-cluster shock,True,True,False,Structural,Concentrated dependency; Propagation-amplified cascade,Propagation-amplified cascade,4,0.6656851032541002,590.8583674278705,True,True,True,False,True,"[{""target"":""T2P"",""magnitude"":0.2500380698785866,""start_week"":3,""duration_weeks"":2,""recovery_weeks"":3},{""target"":""S1A"",""magnitude"":0.26216087526829013,""start_week"":22,""duration_weeks"":3,""recovery_weeks"":1},{""target"":""corridor"",""magnitude"":0.5007361725594248,""start_week"":30,""duration_weeks"":1,""recovery_weeks"":2},{""target"":""S1C"",""magnitude"":0.709576845343516,""start_week"":44,""duration_weeks"":3,""recovery_weeks"":1}]"
A,42,35,Supplier-cluster shock,False,,False,Non-failure,Unclassified,Unclassified,1,0.8761337859023036,127.24037639196536,False,False,False,False,False,"[{""target"":""demand"",""magnitude"":0.14137819599107276,""start_week"":7,""duration_weeks"":1,""recovery_weeks"":1}]"
A,42,36,Supplier-cluster shock,False,,False,Non-failure,Unclassified,Unclassified,3,0.9013780768459018,1277.9836636691957,False,True,False,True,False,"[{""target"":""corridor"",""magnitude"":0.2927389078004111,""start_week"":1,""duration_weeks"":8,""recovery_weeks"":3},{""target"":""S1B"",""magnitude"":0.3176443144675291,""start_week"":3,""duration_weeks"":4,""recovery_weeks"":1},{""target"":""corridor"",""magnitude"":0.3239664423655736,""start_week"":12,""duration_weeks"":11,""recovery_weeks"":3}]"
A,42,37,Supplier-cluster shock,True,True,True,Structural,Concentrated dependency,Concentrated dependency,4,0.7376046047121332,1104.320154588322,False,True,False,False,False,"[{""target"":""corridor"",""magnitude"":0.44218760717559435,""start_week"":3,""duration_weeks"":1,""recovery_weeks"":4},{""target"":""demand"",""magnitude"":0.07279827572125556,""start_week"":17,""duration_weeks"":4,""recovery_weeks"":3},{""target"":""corridor"",""magnitude"":0.36498778717065994,""start_week"":43,""duration_weeks"":9,""recovery_weeks"":2},{""target"":""demand"",""magnitude"":0.14788186655851643,""start_week"":51,""duration_weeks"":3,""recovery_weeks"":2}]"
A,42,38,Supplier-cluster shock,False,,False,Non-failure,Unclassified,Unclassified,4,0.9398793353520128,130.8101455293413,False,False,True,True,True,"[{""target"":""S1C"",""magnitude"":0.23586320398706234,""start_week"":10,""duration_weeks"":3,""recovery_weeks"":3},{""target"":""S1A"",""magnitude"":0.3852714954579711,""start_week"":36,""duration_weeks"":8,""recovery_weeks"":1},{""target"":""S1C"",""magnitude"":0.23485798828212,""start_week"":42,""duration_weeks"":2,""recovery_weeks"":1},{""target"":""S1B"",""magnitude"":0.1659009064071769,""start_week"":47,""duration_weeks"":2,""recovery_weeks"":2}]"
A,42,39,Supplier-cluster shock,True,True,True,Structural,Concentrated dependency; Propagation-amplified cascade; Recovery lag and temporal overlap,Propagation-amplified cascade,3,0.8428338633858555,1273.0457065745697,True,True,False,False,False,"[{""target"":""T2P"",""magnitude"":0.37461956641454025,""start_week"":16,""duration_weeks"":1,""recovery_weeks"":1},{""target"":""corridor"",""magnitude"":0.3678746024606083,""start_week"":17,""duration_weeks"":8,""recovery_weeks"":2},{""target"":""demand"",""magnitude"":0.15146272676189584,""start_week"":44,""duration_weeks"":6,""recovery_weeks"":1}]"
A,42,40,Supplier-cluster shock,False,,False,Non-failure,Unclassified,Unclassified,1,0.9633032422649069,77.06319124369554,False,False,True,False,False,"[{""target"":""S1A"",""magnitude"":0.33256770490395954,""start_week"":1,""duration_weeks"":2,""recovery_weeks"":2}]"
A,42,41,Supplier-cluster shock,True,True,True,Structural,Concentrated dependency,Concentrated dependency,6,0.6543508511022447,1396.9060574467069,True,True,False,False,True,"[{""target"":""corridor"",""magnitude"":0.24504500735132953,""start_week"":4,""duration_weeks"":10,""recovery_weeks"":3},{""target"":""corridor"",""magnitude"":0.34994384684456625,""start_week"":9,""duration_weeks"":3,""recovery_weeks"":2},{""target"":""demand"",""magnitude"":0.15822945693682147,""start_week"":18,""duration_weeks"":2,""recovery_weeks"":1},{""target"":""T2P"",""magnitude"":0.44574885001649145,""start_week"":32,""duration_weeks"":1,""recovery_weeks"":1},{""target"":""demand"",""magnitude"":0.08847281914557877,""start_week"":45,""duration_weeks"":2,""recovery_weeks"":1},{""target"":""S1C"",""magnitude"":0.492307659268591,""start_week"":51,""duration_weeks"":1,""recovery_weeks"":2}]"
A,42,42,Supplier-cluster shock,False,,False,Non-failure,Unclassified,Unclassified,1,0.9744685879336688,53.6159653392956,False,False,False,False,True,"[{""target"":""S1C"",""magnitude"":0.30744567714924514,""start_week"":9,""duration_weeks"":2,""recovery_weeks"":2}]"
A,42,43,Supplier-cluster shock,True,False,False,Adaptation-limited,Concentrated dependency; Hidden convergent dependency; Propagation-amplified cascade,Hidden convergent dependency,2,0.7549622099807908,487.42318227449175,True,False,False,False,False,"[{""target"":""T2P"",""magnitude"":0.2140767594135748,""start_week"":25,""duration_weeks"":2,""recovery_weeks"":1},{""target"":""T2P"",""magnitude"":0.37351133700576267,""start_week"":38,""duration_weeks"":2,""recovery_weeks"":4}]"
A,42,44,Supplier-cluster shock,True,True,True,Structural,Concentrated dependency; Hidden convergent dependency; Propagation-amplified cascade,Hidden convergent dependency,4,0.5367610409968616,1213.6829446460702,True,True,False,False,False,"[{""target"":""corridor"",""magnitude"":0.2789914800237161,""start_week"":3,""duration_weeks"":3,""recovery_weeks"":4},{""target"":""T2P"",""magnitude"":0.28278478249021805,""start_week"":4,""duration_weeks"":8,""recovery_weeks"":1},{""target"":""T2P"",""magnitude"":0.5169150631028245,""start_week"":20,""duration_weeks"":1,""recovery_weeks"":1},{""target"":""corridor"",""magnitude"":0.18867664039346294,""start_week"":42,""duration_weeks"":1,""recovery_weeks"":4}]"
A,42,45,Supplier-cluster shock,False,,False,Non-failure,Unclassified,Unclassified,0,1.0,0.0,False,False,False,False,False,[]
A,42,46,Supplier-cluster shock,False,,False,Non-failure,Unclassified,Unclassified,3,0.9169233512757569,149.95673022544906,False,False,True,True,True,"[{""target"":""S1B"",""magnitude"":0.3772335128033577,""start_week"":2,""duration_weeks"":5,""recovery_weeks"":1},{""target"":""S1C"",""magnitude"":0.4369224596295469,""start_week"":21,""duration_weeks"":2,""recovery_weeks"":4},{""target"":""S1A"",""magnitude"":0.4112431624176206,""start_week"":42,""duration_weeks"":2,""recovery_weeks"":2}]"
A,42,47,Supplier-cluster shock,True,True,True,Structural,Concentrated dependency; Hidden convergent dependency; Propagation-amplified cascade,Hidden convergent dependency,3,0.4399901219113311,1274.748827447867,True,False,False,False,False,"[{""target"":""T2P"",""magnitude"":0.4681361504450666,""start_week"":21,""duration_weeks"":3,""recovery_weeks"":4},{""target"":""demand"",""magnitude"":0.1495901220979701,""start_week"":45,""duration_weeks"":4,""recovery_weeks"":1},{""target"":""T2P"",""magnitude"":0.604008890279802,""start_week"":46,""duration_weeks"":7,""recovery_weeks"":1}]"
A,42,48,Supplier-cluster shock,False,,False,Non-failure,Unclassified,Unclassified,1,0.8823897083251532,119.95749894711776,False,False,False,False,False,"[{""target"":""demand"",""magnitude"":0.1332861099412418,""start_week"":19,""duration_weeks"":7,""recovery_weeks"":1}]"
A,42,49,Supplier-cluster shock,False,,False,Non-failure,Unclassified,Unclassified,3,0.8411673345397828,169.94169060595482,True,False,False,True,False,"[{""target"":""T2P"",""magnitude"":0.2856627800307303,""start_week"":9,""duration_weeks"":1,""recovery_weeks"":3},{""target"":""demand"",""magnitude"":0.1888241006732831,""start_week"":34,""duration_weeks"":1,""recovery_weeks"":2},{""target"":""S1B"",""magnitude"":0.34227632373483086,""start_week"":37,""duration_weeks"":1,""recovery_weeks"":2}]"
A,42,50,Supplier-cluster shock,False,,False,Non-failure,Unclassified,Unclassified,2,1.0,0.0,True,False,False,False,False,"[{""target"":""T2P"",""magnitude"":0.21449531456408816,""start_week"":19,""duration_weeks"":1,""recovery_weeks"":2},{""target"":""T2P"",""magnitude"":0.3186814332088973,""start_week"":46,""duration_weeks"":1,""recovery_weeks"":4}]"
A,42,51,Supplier-cluster shock,False,,False,Non-failure,Unclassified,Unclassified,4,0.9685413328877267,69.85114232784281,True,True,True,True,False,"[{""target"":""T2P"",""magnitude"":0.3790589672680701,""start_week"":9,""duration_weeks"":1,""recovery_weeks"":1},{""target"":""corridor"",""magnitude"":0.16959773734946287,""start_week"":28,""duration_weeks"":1,""recovery_weeks"":4},{""target"":""S1A"",""magnitude"":0.3207820010026148,""start_week"":30,""duration_weeks"":10,""recovery_weeks"":1},{""target"":""S1B"",""magnitude"":0.23703366696327366,""start_week"":34,""duration_weeks"":7,""recovery_weeks"":3}]"
A,42,52,Supplier-cluster shock,True,False,False,Adaptation-limited,Concentrated dependency,Concentrated dependency,4,0.8754482166381081,244.97105563485957,False,False,True,True,True,"[{""target"":""S1B"",""magnitude"":0.31220383534417545,""start_week"":1,""duration_weeks"":1,""recovery_weeks"":2},{""target"":""S1A"",""magnitude"":0.530241512564257,""start_week"":22,""duration_weeks"":8,""recovery_weeks"":4},{""target"":""S1C"",""magnitude"":0.4999782628582242,""start_week"":37,""duration_weeks"":6,""recovery_weeks"":3},{""target"":""demand"",""magnitude"":0.06696832590868515,""start_week"":47,""duration_weeks"":9,""recovery_weeks"":3}]"
A,42,53,Supplier-cluster shock,False,,False,Non-failure,Unclassified,Unclassified,1,0.9043861931473711,95.15008833548575,False,False,False,False,False,"[{""target"":""demand"",""magnitude"":0.10572232037276193,""start_week"":37,""duration_weeks"":4,""recovery_weeks"":4}]"
A,42,54,Supplier-cluster shock,True,False,False,Adaptation-limited,Concentrated dependency; Hidden convergent dependency; Propagation-amplified cascade,Hidden convergent dependency,2,0.7691099799585969,415.9553446956297,True,True,False,False,False,"[{""target"":""corridor"",""magnitude"":0.23805234741760978,""start_week"":15,""duration_weeks"":2,""recovery_weeks"":1},{""target"":""T2P"",""magnitude"":0.3078010180372628,""start_week"":22,""duration_weeks"":3,""recovery_weeks"":4}]"
A,42,55,Supplier-cluster shock,False,,False,Non-failure,Unclassified,Unclassified,3,0.9431677700422051,119.34768291136925,False,False,True,True,True,"[{""target"":""S1C"",""magnitude"":0.2094257995556817,""start_week"":14,""duration_weeks"":1,""recovery_weeks"":4},{""target"":""S1B"",""magnitude"":0.37787251740503836,""start_week"":17,""duration_weeks"":8,""recovery_weeks"":2},{""target"":""S1A"",""magnitude"":0.21583614370744053,""start_week"":32,""duration_weeks"":3,""recovery_weeks"":2}]"
A,42,56,Supplier-cluster shock,False,,False,Non-failure,Unclassified,Unclassified,2,0.9191634017667188,134.87842814494525,True,False,False,True,False,"[{""target"":""T2P"",""magnitude"":0.32425097946998427,""start_week"":41,""duration_weeks"":2,""recovery_weeks"":2},{""target"":""S1B"",""magnitude"":0.2544648456317193,""start_week"":50,""duration_weeks"":1,""recovery_weeks"":1}]"
A,42,57,Supplier-cluster shock,False,,False,Non-failure,Unclassified,Unclassified,0,1.0,0.0,False,False,False,False,False,[]
A,42,58,Supplier-cluster shock,True,True,True,Structural,Concentrated dependency; Recovery lag and temporal overlap,Recovery lag and temporal overlap,3,0.443977410297201,1561.470042278759,False,True,True,True,False,"[{""target"":""S1A"",""magnitude"":0.3142904940788194,""start_week"":22,""duration_weeks"":2,""recovery_weeks"":4},{""target"":""corridor"",""magnitude"":0.6670169422770993,""start_week"":27,""duration_weeks"":2,""recovery_weeks"":2},{""target"":""S1B"",""magnitude"":0.42712939929953697,""start_week"":45,""duration_weeks"":1,""recovery_weeks"":2}]"
A,42,59,Supplier-cluster shock,False,,False,Non-failure,Unclassified,Unclassified,3,0.9013022396746543,98.4406683568169,True,True,False,False,True,"[{""target"":""corridor"",""magnitude"":0.28300637509533555,""start_week"":17,""duration_weeks"":1,""recovery_weeks"":1},{""target"":""T2P"",""magnitude"":0.2212419618209231,""start_week"":27,""duration_weeks"":3,""recovery_weeks"":1},{""target"":""S1C"",""magnitude"":0.4720699607320279,""start_week"":49,""duration_weeks"":4,""recovery_weeks"":4}]"
A,42,60,Supplier-cluster shock,False,,False,Non-failure,Unclassified,Unclassified,2,0.9148135695833358,125.95993570197845,False,False,True,True,False,"[{""target"":""S1B"",""magnitude"":0.28421954881002115,""start_week"":4,""duration_weeks"":1,""recovery_weeks"":4},{""target"":""S1A"",""magnitude"":0.44166946843749444,""start_week"":20,""duration_weeks"":1,""recovery_weeks"":3}]"
A,42,61,Supplier-cluster shock,False,,False,Non-failure,Unclassified,Unclassified,3,0.8909311838323356,460.2990690281954,True,True,False,False,False,"[{""target"":""corridor"",""magnitude"":0.3139304262539161,""start_week"":1,""duration_weeks"":5,""recovery_weeks"":2},{""target"":""demand"",""magnitude"":0.2471346062124271,""start_week"":12,""duration_weeks"":3,""recovery_weeks"":2},{""target"":""T2P"",""magnitude"":0.18008894704042175,""start_week"":38,""duration_weeks"":2,""recovery_weeks"":4}]"
A,42,62,Supplier-cluster shock,False,,False,Non-failure,Unclassified,Unclassified,3,0.8634574679186193,142.32117207749343,False,False,True,True,False,"[{""target"":""demand"",""magnitude"":0.15813463564165942,""start_week"":22,""duration_weeks"":1,""recovery_weeks"":2},{""target"":""S1A"",""magnitude"":0.47119414541866045,""start_week"":24,""duration_weeks"":1,""recovery_weeks"":2},{""target"":""S1B"",""magnitude"":0.3204922178097801,""start_week"":43,""duration_weeks"":2,""recovery_weeks"":2}]"
A,42,63,Supplier-cluster shock,False,,False,Non-failure,Unclassified,Unclassified,1,1.0,0.0,False,True,False,False,False,"[{""target"":""corridor"",""magnitude"":0.2212424850106875,""start_week"":44,""duration_weeks"":2,""recovery_weeks"":3}]"
A,42,64,Supplier-cluster shock,False,,False,Non-failure,Unclassified,Unclassified,1,1.0,0.0,False,True,False,False,False,"[{""target"":""corridor"",""magnitude"":0.2173342952749714,""start_week"":39,""duration_weeks"":1,""recovery_weeks"":3}]"
A,42,65,Supplier-cluster shock,True,False,False,Adaptation-limited,Concentrated dependency,Concentrated dependency,3,0.736520052870345,474.263904833379,True,True,False,False,False,"[{""target"":""corridor"",""magnitude"":0.4476099603472412,""start_week"":21,""duration_weeks"":1,""recovery_weeks"":2},{""target"":""corridor"",""magnitude"":0.2252705225613972,""start_week"":34,""duration_weeks"":1,""recovery_weeks"":1},{""target"":""T2P"",""magnitude"":0.40084050854772424,""start_week"":38,""duration_weeks"":1,""recovery_weeks"":1}]"
A,42,66,Supplier-cluster shock,False,,False,Non-failure,Unclassified,Unclassified,1,1.0,0.0,False,True,False,False,False,"[{""target"":""corridor"",""magnitude"":0.1918763330073423,""start_week"":42,""duration_weeks"":1,""recovery_weeks"":4}]"
A,42,67,Supplier-cluster shock,False,,False,Non-failure,Unclassified,Unclassified,2,0.9675264920851894,58.45231424665917,False,False,True,False,True,"[{""target"":""S1C"",""magnitude"":0.3230653928083238,""start_week"":10,""duration_weeks"":1,""recovery_weeks"":3},{""target"":""S1A"",""magnitude"":0.26003393821453924,""start_week"":15,""duration_weeks"":4,""recovery_weeks"":1}]"
A,42,68,Supplier-cluster shock,False,,False,Non-failure,Unclassified,Unclassified,2,0.9753265555221055,51.81423340357867,False,False,True,False,True,"[{""target"":""S1C"",""magnitude"":0.2241724253893869,""start_week"":15,""duration_weeks"":2,""recovery_weeks"":1},{""target"":""S1A"",""magnitude"":0.3055152500752628,""start_week"":45,""duration_weeks"":2,""recovery_weeks"":4}]"
A,42,69,Supplier-cluster shock,True,True,True,Structural,Concentrated dependency,Concentrated dependency,3,0.6669666733100765,1898.1999601395414,True,True,False,False,False,"[{""target"":""corridor"",""magnitude"":0.4997749950174426,""start_week"":17,""duration_weeks"":5,""recovery_weeks"":3},{""target"":""T2P"",""magnitude"":0.1981632383190085,""start_week"":35,""duration_weeks"":1,""recovery_weeks"":4},{""target"":""demand"",""magnitude"":0.15628694927201248,""start_week"":50,""duration_weeks"":3,""recovery_weeks"":2}]"
A,42,70,Supplier-cluster shock,False,,False,Non-failure,Unclassified,Unclassified,1,1.0,0.0,False,True,False,False,False,"[{""target"":""corridor"",""magnitude"":0.17985276521471827,""start_week"":49,""duration_weeks"":4,""recovery_weeks"":3}]"
A,42,71,Supplier-cluster shock,False,,False,Non-failure,Unclassified,Unclassified,1,0.988077759508753,85.84013153697833,False,True,False,False,False,"[{""target"":""corridor"",""magnitude"":0.2589416803684352,""start_week"":33,""duration_weeks"":7,""recovery_weeks"":3}]"
A,42,72,Supplier-cluster shock,False,,False,Non-failure,Unclassified,Unclassified,0,1.0,0.0,False,False,False,False,False,[]
A,42,73,Supplier-cluster shock,False,,False,Non-failure,Unclassified,Unclassified,4,0.9516906645548953,144.1188678192426,False,False,True,True,True,"[{""target"":""S1A"",""magnitude"":0.3064740250677507,""start_week"":7,""duration_weeks"":2,""recovery_weeks"":2},{""target"":""S1C"",""magnitude"":0.43399470484181957,""start_week"":10,""duration_weeks"":3,""recovery_weeks"":1},{""target"":""S1B"",""magnitude"":0.24080801851155448,""start_week"":16,""duration_weeks"":2,""recovery_weeks"":2},{""target"":""S1C"",""magnitude"":0.4511988637882529,""start_week"":41,""duration_weeks"":1,""recovery_weeks"":2}]"
A,42,74,Supplier-cluster shock,False,,False,Non-failure,Unclassified,Unclassified,5,0.899002930139693,244.79713094435306,False,False,True,True,True,"[{""target"":""S1A"",""magnitude"":0.33359113629289827,""start_week"":18,""duration_weeks"":3,""recovery_weeks"":4},{""target"":""S1B"",""magnitude"":0.36708998604700516,""start_week"":24,""duration_weeks"":4,""recovery_weeks"":3},{""target"":""S1A"",""magnitude"":0.38663542856918465,""start_week"":27,""duration_weeks"":2,""recovery_weeks"":2},{""target"":""S1C"",""magnitude"":0.22911732910276844,""start_week"":31,""duration_weeks"":4,""recovery_weeks"":2},{""target"":""S1B"",""magnitude"":0.3983665733422455,""start_week"":45,""duration_weeks"":1,""recovery_weeks"":2}]"
A,42,75,Supplier-cluster shock,True,True,True,Structural,Concentrated dependency; Hidden convergent dependency; Propagation-amplified cascade,Hidden convergent dependency,6,0.6360899411639452,1577.5332012450908,True,True,False,True,True,"[{""target"":""T2P"",""magnitude"":0.4275190529524493,""start_week"":5,""duration_weeks"":3,""recovery_weeks"":4},{""target"":""corridor"",""magnitude"":0.462478306062612,""start_week"":16,""duration_weeks"":1,""recovery_weeks"":4},{""target"":""S1C"",""magnitude"":0.27483178210408765,""start_week"":22,""duration_weeks"":4,""recovery_weeks"":1},{""target"":""S1B"",""magnitude"":0.2167329474657628,""start_week"":36,""duration_weeks"":6,""recovery_weeks"":3},{""target"":""T2P"",""magnitude"":0.387914584357549,""start_week"":37,""duration_weeks"":3,""recovery_weeks"":3},{""target"":""S1C"",""magnitude"":0.2267712015916839,""start_week"":39,""duration_weeks"":3,""recovery_weeks"":2}]"
A,42,76,Supplier-cluster shock,False,,False,Non-failure,Unclassified,Unclassified,2,0.9332097354949569,180.3337141636165,False,True,False,False,False,"[{""target"":""corridor"",""magnitude"":0.2238086096384333,""start_week"":2,""duration_weeks"":1,""recovery_weeks"":3},{""target"":""corridor"",""magnitude"":0.3000926983787824,""start_week"":22,""duration_weeks"":2,""recovery_weeks"":4}]"
A,42,77,Supplier-cluster shock,False,,False,Non-failure,Unclassified,Unclassified,3,0.8115682801363512,365.3711694440308,True,True,False,False,False,"[{""target"":""T2P"",""magnitude"":0.200361540730991,""start_week"":30,""duration_weeks"":3,""recovery_weeks"":4},{""target"":""corridor"",""magnitude"":0.2603428884247607,""start_week"":43,""duration_weeks"":2,""recovery_weeks"":4},{""target"":""demand"",""magnitude"":0.26616707546371626,""start_week"":47,""duration_weeks"":2,""recovery_weeks"":3}]"
A,42,78,Supplier-cluster shock,False,,False,Non-failure,Unclassified,Unclassified,2,0.9597135234465375,84.60160076227146,False,False,True,True,False,"[{""target"":""S1A"",""magnitude"":0.34064457224529077,""start_week"":1,""duration_weeks"":2,""recovery_weeks"":4},{""target"":""S1B"",""magnitude"":0.1706153592971938,""start_week"":5,""duration_weeks"":1,""recovery_weeks"":2}]"
A,42,79,Supplier-cluster shock,False,,False,Non-failure,Unclassified,Unclassified,2,0.6412626976828452,352.51075642660646,True,False,False,False,False,"[{""target"":""T2P"",""magnitude"":0.42286357208543923,""start_week"":39,""duration_weeks"":1,""recovery_weeks"":1},{""target"":""demand"",""magnitude"":0.170435340142071,""start_week"":40,""duration_weeks"":1,""recovery_weeks"":1}]"
A,42,80,Supplier-cluster shock,False,,False,Non-failure,Unclassified,Unclassified,3,0.8275983627076441,252.1616976760863,True,False,False,False,False,"[{""target"":""demand"",""magnitude"":0.16741558239022852,""start_week"":6,""duration_weeks"":1,""recovery_weeks"":4},{""target"":""T2P"",""magnitude"":0.33341574215570446,""start_week"":15,""duration_weeks"":2,""recovery_weeks"":3},{""target"":""demand"",""magnitude"":0.2727812826408243,""start_week"":47,""duration_weeks"":2,""recovery_weeks"":3}]"
A,42,81,Supplier-cluster shock,True,False,False,Adaptation-limited,Compounding moderate disturbance,Compounding moderate disturbance,2,0.7786019380747659,506.0919977867645,False,True,False,False,False,"[{""target"":""corridor"",""magnitude"":0.2584167801380499,""start_week"":49,""duration_weeks"":2,""recovery_weeks"":4},{""target"":""demand"",""magnitude"":0.2699398474752468,""start_week"":50,""duration_weeks"":9,""recovery_weeks"":3}]"
A,42,82,Supplier-cluster shock,False,,False,Non-failure,Unclassified,Unclassified,2,0.9329116534355356,64.72157538783517,False,True,False,False,False,"[{""target"":""corridor"",""magnitude"":0.15888588728768022,""start_week"":15,""duration_weeks"":2,""recovery_weeks"":2},{""target"":""demand"",""magnitude"":0.0719128615420391,""start_week"":50,""duration_weeks"":1,""recovery_weeks"":3}]"
A,42,83,Supplier-cluster shock,False,,False,Non-failure,Unclassified,Unclassified,5,0.9022268560833167,144.29699225663865,False,False,True,True,True,"[{""target"":""demand"",""magnitude"":0.10836869159617926,""start_week"":7,""duration_weeks"":1,""recovery_weeks"":4},{""target"":""S1B"",""magnitude"":0.2813037983467849,""start_week"":8,""duration_weeks"":1,""recovery_weeks"":2},{""target"":""S1A"",""magnitude"":0.4171302083360868,""start_week"":14,""duration_weeks"":3,""recovery_weeks"":3},{""target"":""S1C"",""magnitude"":0.19566862047784853,""start_week"":34,""duration_weeks"":3,""recovery_weeks"":2},{""target"":""S1B"",""magnitude"":0.21861335654130357,""start_week"":39,""duration_weeks"":2,""recovery_weeks"":1}]"
A,42,84,Supplier-cluster shock,False,,False,Non-failure,Unclassified,Unclassified,2,0.9667862749983858,67.15732111676107,False,True,False,False,True,"[{""target"":""corridor"",""magnitude"":0.2716709170179246,""start_week"":13,""duration_weeks"":1,""recovery_weeks"":1},{""target"":""S1C"",""magnitude"":0.32473088125363203,""start_week"":39,""duration_weeks"":5,""recovery_weeks"":1}]"
A,42,85,Supplier-cluster shock,True,True,True,Structural,Concentrated dependency,Concentrated dependency,4,0.5416813766317299,2709.2968148728332,True,True,False,False,False,"[{""target"":""demand"",""magnitude"":0.11574589768986411,""start_week"":4,""duration_weeks"":4,""recovery_weeks"":4},{""target"":""corridor"",""magnitude"":0.5467159196261117,""start_week"":5,""duration_weeks"":5,""recovery_weeks"":1},{""target"":""corridor"",""magnitude"":0.25251097514641124,""start_week"":27,""duration_weeks"":3,""recovery_weeks"":2},{""target"":""T2P"",""magnitude"":0.16631193022316582,""start_week"":44,""duration_weeks"":1,""recovery_weeks"":1}]"
A,42,86,Supplier-cluster shock,False,,False,Non-failure,Unclassified,Unclassified,2,1.0,0.0,False,True,False,False,True,"[{""target"":""corridor"",""magnitude"":0.20616773175495504,""start_week"":27,""duration_weeks"":8,""recovery_weeks"":3},{""target"":""S1C"",""magnitude"":0.6312596083742881,""start_week"":51,""duration_weeks"":4,""recovery_weeks"":1}]"
A,42,87,Supplier-cluster shock,False,,False,Non-failure,Unclassified,Unclassified,1,0.8047912623150663,218.3023998186261,False,False,False,False,False,"[{""target"":""demand"",""magnitude"":0.2425582220206956,""start_week"":23,""duration_weeks"":1,""recovery_weeks"":1}]"
A,42,88,Supplier-cluster shock,False,,False,Non-failure,Unclassified,Unclassified,1,0.975735341736771,21.83819243690607,False,True,False,False,False,"[{""target"":""corridor"",""magnitude"":0.2681984936974218,""start_week"":50,""duration_weeks"":10,""recovery_weeks"":3}]"
A,42,89,Supplier-cluster shock,False,,False,Non-failure,Unclassified,Unclassified,4,0.812716749411176,320.44965310721363,False,False,False,True,True,"[{""target"":""demand"",""magnitude"":0.1020887498814356,""start_week"":37,""duration_weeks"":1,""recovery_weeks"":2},{""target"":""demand"",""magnitude"":0.2304409878650996,""start_week"":38,""duration_weeks"":2,""recovery_weeks"":2},{""target"":""S1C"",""magnitude"":0.33805741209643037,""start_week"":44,""duration_weeks"":4,""recovery_weeks"":1},{""target"":""S1B"",""magnitude"":0.2408954868909947,""start_week"":48,""duration_weeks"":2,""recovery_weeks"":3}]"
A,42,90,Supplier-cluster shock,True,True,False,Structural,Concentrated dependency,Concentrated dependency,1,0.8545170762070394,305.5141399652174,False,False,False,False,True,"[{""target"":""S1C"",""magnitude"":0.5773365785341613,""start_week"":6,""duration_weeks"":3,""recovery_weeks"":2}]"
A,42,91,Supplier-cluster shock,False,,False,Non-failure,Unclassified,Unclassified,1,0.9838413280914857,33.933211007880004,False,False,False,True,False,"[{""target"":""S1B"",""magnitude"":0.28635701179415707,""start_week"":3,""duration_weeks"":6,""recovery_weeks"":1}]"
A,42,92,Supplier-cluster shock,False,,False,Non-failure,Unclassified,Unclassified,1,0.877011880448626,126.21186789352805,False,False,False,False,False,"[{""target"":""demand"",""magnitude"":0.14023540877058666,""start_week"":20,""duration_weeks"":10,""recovery_weeks"":3}]"
A,42,93,Supplier-cluster shock,False,,False,Non-failure,Unclassified,Unclassified,5,0.8860435671430497,233.38053201295793,True,True,True,False,False,"[{""target"":""demand"",""magnitude"":0.08856168958433625,""start_week"":1,""duration_weeks"":1,""recovery_weeks"":3},{""target"":""T2P"",""magnitude"":0.4051215791425108,""start_week"":6,""duration_weeks"":1,""recovery_weeks"":4},{""target"":""corridor"",""magnitude"":0.30556342200215963,""start_week"":17,""duration_weeks"":4,""recovery_weeks"":1},{""target"":""S1A"",""magnitude"":0.30774504387878643,""start_week"":31,""duration_weeks"":2,""recovery_weeks"":1},{""target"":""corridor"",""magnitude"":0.33509821477426516,""start_week"":42,""duration_weeks"":1,""recovery_weeks"":2}]"
A,42,94,Supplier-cluster shock,False,,False,Non-failure,Unclassified,Unclassified,4,0.8779471642251658,125.11863660303197,True,True,False,False,False,"[{""target"":""demand"",""magnitude"":0.13902070733670213,""start_week"":17,""duration_weeks"":1,""recovery_weeks"":3},{""target"":""corridor"",""magnitude"":0.20313056253629708,""start_week"":19,""duration_weeks"":2,""recovery_weeks"":4},{""target"":""T2P"",""magnitude"":0.26338461520634515,""start_week"":24,""duration_weeks"":1,""recovery_weeks"":3},{""target"":""corridor"",""magnitude"":0.28619904718889494,""start_week"":45,""duration_weeks"":1,""recovery_weeks"":3}]"
A,42,95,Supplier-cluster shock,False,,False,Non-failure,Unclassified,Unclassified,0,1.0,0.0,False,False,False,False,False,[]
A,42,96,Supplier-cluster shock,False,,False,Non-failure,Unclassified,Unclassified,3,0.9073630056995463,335.3244246100595,False,True,False,False,True,"[{""target"":""demand"",""magnitude"":0.0916196358957721,""start_week"":5,""duration_weeks"":6,""recovery_weeks"":2},{""target"":""corridor"",""magnitude"":0.31947774572534016,""start_week"":20,""duration_weeks"":5,""recovery_weeks"":4},{""target"":""S1C"",""magnitude"":0.29803332755540046,""start_week"":37,""duration_weeks"":8,""recovery_weeks"":1}]"
A,42,97,Supplier-cluster shock,True,False,True,Adaptation-limited,Concentrated dependency,Concentrated dependency,4,0.79487080045741,761.5426380788782,False,True,True,True,False,"[{""target"":""corridor"",""magnitude"":0.4038468996569424,""start_week"":21,""duration_weeks"":3,""recovery_weeks"":3},{""target"":""S1A"",""magnitude"":0.4556186983955236,""start_week"":30,""duration_weeks"":3,""recovery_weeks"":3},{""target"":""S1B"",""magnitude"":0.3650889534925803,""start_week"":46,""duration_weeks"":10,""recovery_weeks"":2},{""target"":""S1A"",""magnitude"":0.4758932745776361,""start_week"":50,""duration_weeks"":1,""recovery_weeks"":2}]"
A,42,98,Supplier-cluster shock,False,,False,Non-failure,Unclassified,Unclassified,6,0.8696623800062405,184.89129013964703,False,True,False,True,True,"[{""target"":""demand"",""magnitude"":0.14987151679807523,""start_week"":7,""duration_weeks"":10,""recovery_weeks"":4},{""target"":""demand"",""magnitude"":0.08274011427171475,""start_week"":27,""duration_weeks"":2,""recovery_weeks"":2},{""target"":""S1B"",""magnitude"":0.2437479088983583,""start_week"":29,""duration_weeks"":1,""recovery_weeks"":1},{""target"":""S1C"",""magnitude"":0.20062378467076403,""start_week"":35,""duration_weeks"":1,""recovery_weeks"":1},{""target"":""corridor"",""magnitude"":0.18707734320071975,""start_week"":42,""duration_weeks"":1,""recovery_weeks"":4},{""target"":""corridor"",""magnitude"":0.1809529870214851,""start_week"":49,""duration_weeks"":2,""recovery_weeks"":1}]"
A,42,99,Supplier-cluster shock,True,False,False,Adaptation-limited,Concentrated dependency,Concentrated dependency,4,0.7930949034788713,270.44483272942716,False,True,True,False,True,"[{""target"":""S1C"",""magnitude"":0.15493363398420498,""start_week"":11,""duration_weeks"":1,""recovery_weeks"":2},{""target"":""demand"",""magnitude"":0.26088314981416444,""start_week"":14,""duration_weeks"":1,""recovery_weeks"":1},{""target"":""corridor"",""magnitude"":0.18482678398794736,""start_week"":16,""duration_weeks"":2,""recovery_weeks"":2},{""target"":""S1A"",""magnitude"":0.5442952589133704,""start_week"":39,""duration_weeks"":3,""recovery_weeks"":4}]"
A,42,100,Supplier-cluster shock,True,False,True,Adaptation-limited,Concentrated dependency,Concentrated dependency,2,0.6279211626984359,1863.6292580347613,True,True,False,False,False,"[{""target"":""corridor"",""magnitude"":0.4584547589284689,""start_week"":18,""duration_weeks"":6,""recovery_weeks"":4},{""target"":""T2P"",""magnitude"":0.4348709535714077,""start_week"":38,""duration_weeks"":1,""recovery_weeks"":3}]"
A,42,101,Supplier-cluster shock,False,,False,Non-failure,Unclassified,Unclassified,0,1.0,0.0,False,False,False,False,False,[]
A,42,102,Supplier-cluster shock,True,True,False,Structural,Concentrated dependency,Concentrated dependency,1,0.8062583880668526,622.0059225483806,False,False,False,False,False,"[{""target"":""demand"",""magnitude"":0.24029717371087128,""start_week"":2,""duration_weeks"":6,""recovery_weeks"":2}]"
A,42,103,Supplier-cluster shock,True,True,False,Structural,Concentrated dependency,Concentrated dependency,4,0.899496619883595,472.9419187397291,False,False,True,True,True,"[{""target"":""S1C"",""magnitude"":0.4761326052619115,""start_week"":3,""duration_weeks"":6,""recovery_weeks"":4},{""target"":""S1B"",""magnitude"":0.34394363232448677,""start_week"":6,""duration_weeks"":8,""recovery_weeks"":1},{""target"":""S1A"",""magnitude"":0.2500535129655084,""start_week"":20,""duration_weeks"":2,""recovery_weeks"":2},{""target"":""S1B"",""magnitude"":0.30731017887173817,""start_week"":34,""duration_weeks"":3,""recovery_weeks"":1}]"
A,42,104,Supplier-cluster shock,True,True,False,Structural,Concentrated dependency,Concentrated dependency,3,0.8527035108728624,222.8791182738746,False,False,False,True,True,"[{""target"":""S1C"",""magnitude"":0.5285988978423432,""start_week"":5,""duration_weeks"":1,""recovery_weeks"":3},{""target"":""S1B"",""magnitude"":0.35861371951736504,""start_week"":20,""duration_weeks"":1,""recovery_weeks"":3},{""target"":""S1C"",""magnitude"":0.5814171005360596,""start_week"":44,""duration_weeks"":1,""recovery_weeks"":4}]"
A,42,105,Supplier-cluster shock,True,False,False,Adaptation-limited,Concentrated dependency,Concentrated dependency,2,0.7078328191191001,525.9009255856198,False,True,False,False,False,"[{""target"":""corridor"",""magnitude"":0.46912538566067485,""start_week"":13,""duration_weeks"":1,""recovery_weeks"":2},{""target"":""corridor"",""magnitude"":0.1667155860393214,""start_week"":20,""duration_weeks"":3,""recovery_weeks"":2}]"
A,42,106,Supplier-cluster shock,True,True,False,Structural,Concentrated dependency,Concentrated dependency,1,0.8406862875146874,286.7646824735625,False,True,False,False,False,"[{""target"":""corridor"",""magnitude"":0.3694852843639844,""start_week"":24,""duration_weeks"":1,""recovery_weeks"":3}]"
A,42,107,Supplier-cluster shock,False,,False,Non-failure,Unclassified,Unclassified,3,0.8998796714979687,130.75806956279825,True,True,False,False,False,"[{""target"":""T2P"",""magnitude"":0.2534777275357711,""start_week"":6,""duration_weeks"":3,""recovery_weeks"":4},{""target"":""corridor"",""magnitude"":0.24232134941637595,""start_week"":9,""duration_weeks"":1,""recovery_weeks"":3},{""target"":""demand"",""magnitude"":0.20575489413416992,""start_week"":38,""duration_weeks"":1,""recovery_weeks"":4}]"
A,42,108,Supplier-cluster shock,False,,False,Non-failure,Unclassified,Unclassified,1,0.8269366555905289,188.35422146971518,False,False,False,False,False,"[{""target"":""demand"",""magnitude"":0.20928246829968344,""start_week"":19,""duration_weeks"":1,""recovery_weeks"":1}]"
A,42,109,Supplier-cluster shock,False,,False,Non-failure,Unclassified,Unclassified,4,0.9408511954358588,124.21248958469641,False,False,True,True,True,"[{""target"":""S1A"",""magnitude"":0.3830848102693175,""start_week"":10,""duration_weeks"":6,""recovery_weeks"":2},{""target"":""S1B"",""magnitude"":0.3000594912374215,""start_week"":43,""duration_weeks"":3,""recovery_weeks"":4},{""target"":""S1C"",""magnitude"":0.2564021619021086,""start_week"":44,""duration_weeks"":2,""recovery_weeks"":3},{""target"":""S1A"",""magnitude"":0.2442133225196247,""start_week"":49,""duration_weeks"":2,""recovery_weeks"":2}]"
A,42,110,Supplier-cluster shock,True,True,False,Structural,Concentrated dependency,Concentrated dependency,2,0.893020621230427,192.5628817852314,False,False,True,True,False,"[{""target"":""S1A"",""magnitude"":0.4907036022315393,""start_week"":7,""duration_weeks"":1,""recovery_weeks"":4},{""target"":""S1B"",""magnitude"":0.3864943579479512,""start_week"":31,""duration_weeks"":1,""recovery_weeks"":2}]"
A,42,111,Supplier-cluster shock,False,,False,Non-failure,Unclassified,Unclassified,2,0.9245801785081224,282.4119114549684,True,True,False,False,False,"[{""target"":""T2P"",""magnitude"":0.16787783934268988,""start_week"":20,""duration_weeks"":12,""recovery_weeks"":2},{""target"":""corridor"",""magnitude"":0.18537993392182506,""start_week"":40,""duration_weeks"":4,""recovery_weeks"":4}]"
A,42,112,Supplier-cluster shock,True,True,True,Structural,Hidden convergent dependency; Compounding moderate disturbance; Propagation-amplified cascade,Hidden convergent dependency,5,0.8069558594503902,688.2777929434611,True,True,True,False,False,"[{""target"":""T2P"",""magnitude"":0.2154311364862276,""start_week"":4,""duration_weeks"":5,""recovery_weeks"":3},{""target"":""demand"",""magnitude"":0.08178818020275713,""start_week"":5,""duration_weeks"":5,""recovery_weeks"":4},{""target"":""S1A"",""magnitude"":0.43082889376608047,""start_week"":21,""duration_weeks"":5,""recovery_weeks"":2},{""target"":""corridor"",""magnitude"":0.3545920019672891,""start_week"":25,""duration_weeks"":3,""recovery_weeks"":3},{""target"":""demand"",""magnitude"":0.16955437627154002,""start_week"":35,""duration_weeks"":10,""recovery_weeks"":4}]"
A,42,113,Supplier-cluster shock,False,,False,Non-failure,Unclassified,Unclassified,1,0.8872560531037813,114.36332482786474,False,False,False,False,False,"[{""target"":""demand"",""magnitude"":0.12707036091984958,""start_week"":30,""duration_weeks"":1,""recovery_weeks"":2}]"
A,42,114,Supplier-cluster shock,False,,False,Non-failure,Unclassified,Unclassified,3,0.814536955172115,333.83348069019314,False,False,True,True,True,"[{""target"":""S1A"",""magnitude"":0.18707210187473014,""start_week"":22,""duration_weeks"":5,""recovery_weeks"":4},{""target"":""S1C"",""magnitude"":0.4035599655119798,""start_week"":25,""duration_weeks"":2,""recovery_weeks"":1},{""target"":""S1B"",""magnitude"":0.5649185405214214,""start_week"":27,""duration_weeks"":1,""recovery_weeks"":4}]"
A,42,115,Supplier-cluster shock,True,True,True,Structural,Concentrated dependency; Propagation-amplified cascade,Propagation-amplified cascade,3,0.6473895329605345,912.2835148416044,True,True,False,True,False,"[{""target"":""T2P"",""magnitude"":0.4103103904322073,""start_week"":30,""duration_weeks"":3,""recovery_weeks"":2},{""target"":""S1B"",""magnitude"":0.5261895667851186,""start_week"":34,""duration_weeks"":3,""recovery_weeks"":2},{""target"":""corridor"",""magnitude"":0.2063640445356151,""start_week"":38,""duration_weeks"":1,""recovery_weeks"":2}]"
A,42,116,Supplier-cluster shock,False,,False,Non-failure,Unclassified,Unclassified,2,0.823835990951659,213.9608025112666,False,False,False,True,False,"[{""target"":""demand"",""magnitude"":0.2138338346262877,""start_week"":7,""duration_weeks"":1,""recovery_weeks"":4},{""target"":""S1B"",""magnitude"":0.48183825235431255,""start_week"":17,""duration_weeks"":3,""recovery_weeks"":2}]"
A,42,117,Supplier-cluster shock,False,,False,Non-failure,Unclassified,Unclassified,1,0.8997988275732891,100.22357489312742,False,False,False,False,False,"[{""target"":""demand"",""magnitude"":0.11135952765903046,""start_week"":22,""duration_weeks"":4,""recovery_weeks"":4}]"
A,42,118,Supplier-cluster shock,False,,False,Non-failure,Unclassified,Unclassified,3,0.9542046326782725,93.55242251039977,False,False,True,True,True,"[{""target"":""S1A"",""magnitude"":0.25981693324460564,""start_week"":1,""duration_weeks"":1,""recovery_weeks"":1},{""target"":""S1B"",""magnitude"":0.35303957647388695,""start_week"":6,""duration_weeks"":6,""recovery_weeks"":2},{""target"":""S1C"",""magnitude"":0.17641325042475575,""start_week"":22,""duration_weeks"":1,""recovery_weeks"":4}]"
A,42,119,Supplier-cluster shock,False,,False,Non-failure,Unclassified,Unclassified,1,0.8158378738561274,165.7459135294854,True,False,False,False,False,"[{""target"":""T2P"",""magnitude"":0.48287295676474273,""start_week"":29,""duration_weeks"":1,""recovery_weeks"":1}]"
A,42,120,Supplier-cluster shock,False,,False,Non-failure,Unclassified,Unclassified,3,0.8563275110410995,301.9621362803523,False,True,False,True,False,"[{""target"":""demand"",""magnitude"":0.16777749997104185,""start_week"":14,""duration_weeks"":2,""recovery_weeks"":1},{""target"":""S1B"",""magnitude"":0.332010787044336,""start_week"":30,""duration_weeks"":1,""recovery_weeks"":3},{""target"":""corridor"",""magnitude"":0.2958754472227316,""start_week"":44,""duration_weeks"":10,""recovery_weeks"":3}]"
A,42,121,Supplier-cluster shock,False,,False,Non-failure,Unclassified,Unclassified,1,0.9764147733162932,49.528976035784126,False,False,True,False,False,"[{""target"":""S1A"",""magnitude"":0.3030667600383402,""start_week"":18,""duration_weeks"":7,""recovery_weeks"":4}]"
A,42,122,Supplier-cluster shock,False,,False,Non-failure,Unclassified,Unclassified,4,0.8898963228582473,195.8516499232951,False,True,False,False,True,"[{""target"":""demand"",""magnitude"":0.1237264098227893,""start_week"":8,""duration_weeks"":5,""recovery_weeks"":4},{""target"":""demand"",""magnitude"":0.17699465336854941,""start_week"":16,""duration_weeks"":5,""recovery_weeks"":1},{""target"":""corridor"",""magnitude"":0.2657049343814195,""start_week"":26,""duration_weeks"":3,""recovery_weeks"":3},{""target"":""S1C"",""magnitude"":0.25343954180240413,""start_week"":45,""duration_weeks"":5,""recovery_weeks"":2}]"
A,42,123,Supplier-cluster shock,True,False,False,Adaptation-limited,Concentrated dependency; Hidden convergent dependency; Propagation-amplified cascade,Hidden convergent dependency,1,0.6643210828451296,709.4996144772254,True,False,False,False,False,"[{""target"":""T2P"",""magnitude"":0.4021110254393834,""start_week"":5,""duration_weeks"":3,""recovery_weeks"":2}]"
A,42,124,Supplier-cluster shock,False,,False,Non-failure,Unclassified,Unclassified,4,0.9041701651283698,201.24265323042346,True,False,False,True,False,"[{""target"":""T2P"",""magnitude"":0.3326668706881635,""start_week"":10,""duration_weeks"":1,""recovery_weeks"":3},{""target"":""S1B"",""magnitude"":0.4656171284611679,""start_week"":21,""duration_weeks"":2,""recovery_weeks"":4},{""target"":""demand"",""magnitude"":0.07610092623546483,""start_week"":34,""duration_weeks"":2,""recovery_weeks"":3},{""target"":""demand"",""magnitude"":0.1560531582048591,""start_week"":44,""duration_weeks"":1,""recovery_weeks"":4}]"
A,42,125,Supplier-cluster shock,False,,False,Non-failure,Unclassified,Unclassified,2,0.9331805957788492,140.32074886441694,False,False,True,True,False,"[{""target"":""S1B"",""magnitude"":0.18222595704563987,""start_week"":5,""duration_weeks"":10,""recovery_weeks"":4},{""target"":""S1A"",""magnitude"":0.40034365949758954,""start_week"":18,""duration_weeks"":5,""recovery_weeks"":4}]"
A,42,126,Supplier-cluster shock,False,,False,Non-failure,Unclassified,Unclassified,1,0.8860446983719088,115.75011018488567,False,False,False,False,False,"[{""target"":""demand"",""magnitude"":0.12861123353876164,""start_week"":10,""duration_weeks"":5,""recovery_weeks"":1}]"
A,42,127,Supplier-cluster shock,True,True,True,Structural,Concentrated dependency; Hidden convergent dependency,Hidden convergent dependency,4,0.5378720982276621,2217.063503423229,True,True,False,False,False,"[{""target"":""demand"",""magnitude"":0.15991359163117658,""start_week"":1,""duration_weeks"":1,""recovery_weeks"":1},{""target"":""corridor"",""magnitude"":0.3708125749854542,""start_week"":17,""duration_weeks"":1,""recovery_weeks"":4},{""target"":""demand"",""magnitude"":0.15350387269073995,""start_week"":33,""duration_weeks"":2,""recovery_weeks"":2},{""target"":""T2P"",""magnitude"":0.5159151115951041,""start_week"":39,""duration_weeks"":5,""recovery_weeks"":4}]"
A,42,128,Supplier-cluster shock,False,,False,Non-failure,Unclassified,Unclassified,2,0.9096742269272041,208.56936847359157,True,False,False,True,False,"[{""target"":""T2P"",""magnitude"":0.3505930656468873,""start_week"":5,""duration_weeks"":1,""recovery_weeks"":3},{""target"":""S1B"",""magnitude"":0.3950415865387364,""start_week"":9,""duration_weeks"":3,""recovery_weeks"":3}]"
A,42,129,Supplier-cluster shock,False,,False,Non-failure,Unclassified,Unclassified,5,0.9045076142280392,95.0164994112447,False,True,True,False,True,"[{""target"":""demand"",""magnitude"":0.10557388823471618,""start_week"":2,""duration_weeks"":2,""recovery_weeks"":2},{""target"":""corridor"",""magnitude"":0.22511360133313615,""start_week"":13,""duration_weeks"":3,""recovery_weeks"":3},{""target"":""S1A"",""magnitude"":0.4540711596886169,""start_week"":23,""duration_weeks"":2,""recovery_weeks"":3},{""target"":""S1C"",""magnitude"":0.3166574406260083,""start_week"":44,""duration_weeks"":6,""recovery_weeks"":1},{""target"":""S1A"",""magnitude"":0.31007716892892223,""start_week"":50,""duration_weeks"":1,""recovery_weeks"":4}]"
A,42,130,Supplier-cluster shock,False,,False,Non-failure,Unclassified,Unclassified,4,0.8956963012682957,104.8048637977073,True,False,True,False,True,"[{""target"":""T2P"",""magnitude"":0.3056814083768493,""start_week"":22,""duration_weeks"":1,""recovery_weeks"":2},{""target"":""demand"",""magnitude"":0.11644984866411912,""start_week"":31,""duration_weeks"":4,""recovery_weeks"":1},{""target"":""S1A"",""magnitude"":0.3696453678098129,""start_week"":38,""duration_weeks"":3,""recovery_weeks"":3},{""target"":""S1C"",""magnitude"":0.30792978428950024,""start_week"":41,""duration_weeks"":4,""recovery_weeks"":4}]"
A,42,131,Supplier-cluster shock,False,,False,Non-failure,Unclassified,Unclassified,2,0.9617266687204311,68.891996303224,True,False,True,False,False,"[{""target"":""T2P"",""magnitude"":0.3171943546640098,""start_week"":20,""duration_weeks"":1,""recovery_weeks"":1},{""target"":""S1A"",""magnitude"":0.33611499537902995,""start_week"":47,""duration_weeks"":1,""recovery_weeks"":2}]"
A,42,132,Supplier-cluster shock,True,True,False,Structural,Concentrated dependency,Concentrated dependency,1,0.8252098196892119,367.0593786526548,False,False,False,True,False,"[{""target"":""S1B"",""magnitude"":0.6432779056992732,""start_week"":35,""duration_weeks"":2,""recovery_weeks"":4}]"
A,42,133,Supplier-cluster shock,True,True,False,Structural,Concentrated dependency,Concentrated dependency,2,0.8640767374397771,366.9928089126013,False,True,False,False,False,"[{""target"":""corridor"",""magnitude"":0.3519424469201671,""start_week"":8,""duration_weeks"":2,""recovery_weeks"":2},{""target"":""corridor"",""magnitude"":0.22182176636644557,""start_week"":51,""duration_weeks"":3,""recovery_weeks"":3}]"
A,42,134,Supplier-cluster shock,False,,False,Non-failure,Unclassified,Unclassified,1,0.9282833757963064,129.08992356664862,False,False,False,False,True,"[{""target"":""S1C"",""magnitude"":0.41136240445831074,""start_week"":32,""duration_weeks"":1,""recovery_weeks"":4}]"
A,42,135,Supplier-cluster shock,False,,False,Non-failure,Unclassified,Unclassified,3,0.8968120539912364,103.55475374642401,False,False,True,True,False,"[{""target"":""demand"",""magnitude"":0.11506083749602677,""start_week"":10,""duration_weeks"":2,""recovery_weeks"":4},{""target"":""S1B"",""magnitude"":0.46472234878453367,""start_week"":31,""duration_weeks"":2,""recovery_weeks"":4},{""target"":""S1A"",""magnitude"":0.3058571983516878,""start_week"":39,""duration_weeks"":3,""recovery_weeks"":4}]"
A,42,136,Supplier-cluster shock,True,True,False,Structural,Concentrated dependency,Concentrated dependency,3,0.883991301650243,275.6121523347224,False,False,True,True,True,"[{""target"":""S1C"",""magnitude"":0.32349312152526194,""start_week"":21,""duration_weeks"":5,""recovery_weeks"":3},{""target"":""S1A"",""magnitude"":0.48652186411186593,""start_week"":24,""duration_weeks"":1,""recovery_weeks"":3},{""target"":""S1B"",""magnitude"":0.30675223531236556,""start_week"":38,""duration_weeks"":2,""recovery_weeks"":1}]"
A,42,137,Supplier-cluster shock,False,,False,Non-failure,Unclassified,Unclassified,5,0.9318813946325066,204.46872531696874,True,True,True,True,True,"[{""target"":""T2P"",""magnitude"":0.4142047157674381,""start_week"":5,""duration_weeks"":1,""recovery_weeks"":1},{""target"":""S1C"",""magnitude"":0.25745803750928364,""start_week"":8,""duration_weeks"":1,""recovery_weeks"":4},{""target"":""corridor"",""magnitude"":0.272983133657821,""start_week"":20,""duration_weeks"":1,""recovery_weeks"":3},{""target"":""S1A"",""magnitude"":0.40326686207686013,""start_week"":32,""duration_weeks"":9,""recovery_weeks"":2},{""target"":""S1B"",""magnitude"":0.28048514902909405,""start_week"":35,""duration_weeks"":1,""recovery_weeks"":3}]"
A,42,138,Supplier-cluster shock,False,,False,Non-failure,Unclassified,Unclassified,2,0.9196387691273129,168.75858483264278,False,False,False,True,False,"[{""target"":""S1B"",""magnitude"":0.43081276946354574,""start_week"":34,""duration_weeks"":2,""recovery_weeks"":3},{""target"":""demand"",""magnitude"":0.2287003875125489,""start_week"":49,""duration_weeks"":2,""recovery_weeks"":3}]"
A,42,139,Supplier-cluster shock,False,,False,Non-failure,Unclassified,Unclassified,3,0.8808513572026322,237.94706607086778,False,False,True,True,True,"[{""target"":""S1A"",""magnitude"":0.3301186925880613,""start_week"":9,""duration_weeks"":6,""recovery_weeks"":1},{""target"":""S1B"",""magnitude"":0.5180844462940773,""start_week"":28,""duration_weeks"":3,""recovery_weeks"":4},{""target"":""S1C"",""magnitude"":0.3655522620425621,""start_week"":40,""duration_weeks"":4,""recovery_weeks"":2}]"
A,42,140,Supplier-cluster shock,False,,False,Non-failure,Unclassified,Unclassified,1,1.0,0.0,False,False,False,False,True,"[{""target"":""S1C"",""magnitude"":0.24862494354502282,""start_week"":29,""duration_weeks"":1,""recovery_weeks"":4}]"
A,42,141,Supplier-cluster shock,False,,False,Non-failure,Unclassified,Unclassified,3,0.9051726066645726,1041.499025642666,False,True,True,False,False,"[{""target"":""S1A"",""magnitude"":0.33497684547729345,""start_week"":10,""duration_weeks"":1,""recovery_weeks"":2},{""target"":""corridor"",""magnitude"":0.3211205450015706,""start_week"":20,""duration_weeks"":12,""recovery_weeks"":4},{""target"":""demand"",""magnitude"":0.15021085464057327,""start_week"":50,""duration_weeks"":3,""recovery_weeks"":1}]"
A,42,142,Supplier-cluster shock,True,False,False,Adaptation-limited,Concentrated dependency; Hidden convergent dependency; Recovery lag and temporal overlap,Hidden convergent dependency,3,0.6779096709125055,390.6314634499945,True,True,False,False,False,"[{""target"":""demand"",""magnitude"":0.17584191280254519,""start_week"":24,""duration_weeks"":1,""recovery_weeks"":2},{""target"":""corridor"",""magnitude"":0.31708921394583256,""start_week"":26,""duration_weeks"":1,""recovery_weeks"":4},{""target"":""T2P"",""magnitude"":0.4015003345424988,""start_week"":30,""duration_weeks"":2,""recovery_weeks"":2}]"
A,42,143,Supplier-cluster shock,False,,False,Non-failure,Unclassified,Unclassified,0,1.0,0.0,False,False,False,False,False,[]
A,42,144,Supplier-cluster shock,True,True,True,Structural,Concentrated dependency; Hidden convergent dependency; Propagation-amplified cascade,Hidden convergent dependency,3,0.7191758594122962,1151.5252644581194,True,False,False,False,False,"[{""target"":""T2P"",""magnitude"":0.3965445351211285,""start_week"":3,""duration_weeks"":1,""recovery_weeks"":1},{""target"":""T2P"",""magnitude"":0.32262016338076704,""start_week"":32,""duration_weeks"":5,""recovery_weeks"":3},{""target"":""demand"",""magnitude"":0.09307432406119051,""start_week"":35,""duration_weeks"":2,""recovery_weeks"":2}]"
A,42,145,Supplier-cluster shock,True,True,True,Structural,Concentrated dependency,Concentrated dependency,1,0.651498275779007,1881.9093107933622,False,True,False,False,False,"[{""target"":""corridor"",""magnitude"":0.5113762931657447,""start_week"":23,""duration_weeks"":5,""recovery_weeks"":1}]"
A,42,146,Supplier-cluster shock,True,True,True,Structural,Concentrated dependency,Concentrated dependency,1,0.48591235455804754,5170.807130324207,False,True,False,False,False,"[{""target"":""corridor"",""magnitude"":0.6355657340814643,""start_week"":16,""duration_weeks"":10,""recovery_weeks"":2}]"
A,42,147,Supplier-cluster shock,False,,False,Non-failure,Unclassified,Unclassified,2,0.9494635284463453,226.96863288461532,True,True,False,False,False,"[{""target"":""T2P"",""magnitude"":0.40022274455341544,""start_week"":23,""duration_weeks"":1,""recovery_weeks"":1},{""target"":""corridor"",""magnitude"":0.287902353665241,""start_week"":31,""duration_weeks"":4,""recovery_weeks"":2}]"
A,42,148,Supplier-cluster shock,True,False,False,Adaptation-limited,Concentrated dependency,Concentrated dependency,4,0.7661300874654081,429.17970593276357,False,False,True,True,True,"[{""target"":""demand"",""magnitude"":0.19687078327284774,""start_week"":14,""duration_weeks"":1,""recovery_weeks"":1},{""target"":""S1A"",""magnitude"":0.5480028352071151,""start_week"":33,""duration_weeks"":3,""recovery_weeks"":3},{""target"":""S1B"",""magnitude"":0.4782044679957166,""start_week"":34,""duration_weeks"":1,""recovery_weeks"":4},{""target"":""S1C"",""magnitude"":0.3750793044107885,""start_week"":42,""duration_weeks"":1,""recovery_weeks"":2}]"
A,42,149,Supplier-cluster shock,False,,False,Non-failure,Unclassified,Unclassified,1,0.9445078866389448,52.877167815583675,False,False,False,False,False,"[{""target"":""demand"",""magnitude"":0.05875240868398164,""start_week"":47,""duration_weeks"":2,""recovery_weeks"":2}]"
A,42,150,Supplier-cluster shock,True,True,True,Structural,Concentrated dependency; Propagation-amplified cascade,Propagation-amplified cascade,6,0.6654172155901915,2586.411792329418,True,True,True,False,False,"[{""target"":""T2P"",""magnitude"":0.3080035429129262,""start_week"":2,""duration_weeks"":12,""recovery_weeks"":4},{""target"":""corridor"",""magnitude"":0.5009370883073564,""start_week"":5,""duration_weeks"":1,""recovery_weeks"":4},{""target"":""corridor"",""magnitude"":0.3069907030112467,""start_week"":8,""duration_weeks"":2,""recovery_weeks"":1},{""target"":""corridor"",""magnitude"":0.46681684170499493,""start_week"":23,""duration_weeks"":1,""recovery_weeks"":1},{""target"":""corridor"",""magnitude"":0.20755233275624044,""start_week"":25,""duration_weeks"":1,""recovery_weeks"":3},{""target"":""S1A"",""magnitude"":0.471908625013311,""start_week"":40,""duration_weeks"":1,""recovery_weeks"":1}]"
A,42,151,Supplier-cluster shock,True,False,False,Adaptation-limited,Concentrated dependency; Recovery lag and temporal overlap,Recovery lag and temporal overlap,3,0.6904402264862386,714.4276586735236,False,True,True,False,False,"[{""target"":""demand"",""magnitude"":0.13708164483811897,""start_week"":3,""duration_weeks"":1,""recovery_weeks"":2},{""target"":""corridor"",""magnitude"":0.44667732441939456,""start_week"":4,""duration_weeks"":1,""recovery_weeks"":3},{""target"":""S1A"",""magnitude"":0.33318981887795684,""start_week"":29,""duration_weeks"":3,""recovery_weeks"":1}]"
A,42,152,Supplier-cluster shock,True,True,True,Structural,Concentrated dependency; Hidden convergent dependency; Propagation-amplified cascade; Recovery lag and temporal overlap,Hidden convergent dependency,4,0.7632294417820189,702.8303457776735,True,True,False,False,False,"[{""target"":""demand"",""magnitude"":0.05921611399707161,""start_week"":6,""duration_weeks"":1,""recovery_weeks"":3},{""target"":""T2P"",""magnitude"":0.313093502396183,""start_week"":9,""duration_weeks"":5,""recovery_weeks"":3},{""target"":""corridor"",""magnitude"":0.2681928541887286,""start_week"":27,""duration_weeks"":7,""recovery_weeks"":3},{""target"":""demand"",""magnitude"":0.0958871174525762,""start_week"":35,""duration_weeks"":1,""recovery_weeks"":1}]"
A,42,153,Supplier-cluster shock,False,,False,Non-failure,Unclassified,Unclassified,4,0.9060613593248203,144.78260110842098,False,False,True,True,True,"[{""target"":""S1C"",""magnitude"":0.1770420243824036,""start_week"":1,""duration_weeks"":1,""recovery_weeks"":2},{""target"":""S1B"",""magnitude"":0.405124215473308,""start_week"":10,""duration_weeks"":4,""recovery_weeks"":4},{""target"":""S1A"",""magnitude"":0.3993407672984255,""start_week"":20,""duration_weeks"":2,""recovery_weeks"":4},{""target"":""S1C"",""magnitude"":0.47208160350803663,""start_week"":29,""duration_weeks"":1,""recovery_weeks"":1}]"
A,42,154,Supplier-cluster shock,False,,False,Non-failure,Unclassified,Unclassified,1,0.8869693701704793,114.69118356028036,False,False,False,False,False,"[{""target"":""demand"",""magnitude"":0.12743464840031155,""start_week"":2,""duration_weeks"":9,""recovery_weeks"":1}]"
A,42,155,Supplier-cluster shock,False,,False,Non-failure,Unclassified,Unclassified,2,0.929532436048919,317.1040377798638,False,True,False,False,False,"[{""target"":""corridor"",""magnitude"":0.3028506729633107,""start_week"":21,""duration_weeks"":4,""recovery_weeks"":4},{""target"":""corridor"",""magnitude"":0.26754541565295964,""start_week"":45,""duration_weeks"":1,""recovery_weeks"":2}]"
A,42,156,Supplier-cluster shock,False,,False,Non-failure,Unclassified,Unclassified,2,0.9390737711147807,274.1680299834866,False,True,False,True,False,"[{""target"":""corridor"",""magnitude"":0.29569467166391433,""start_week"":25,""duration_weeks"":4,""recovery_weeks"":1},{""target"":""S1B"",""magnitude"":0.4810151527015678,""start_week"":51,""duration_weeks"":1,""recovery_weeks"":1}]"
A,42,157,Supplier-cluster shock,True,True,True,Structural,Concentrated dependency,Concentrated dependency,4,0.7579940190927438,1176.230092531673,True,True,False,False,True,"[{""target"":""corridor"",""magnitude"":0.37229272899684074,""start_week"":9,""duration_weeks"":2,""recovery_weeks"":1},{""target"":""S1C"",""magnitude"":0.2713475474808337,""start_week"":14,""duration_weeks"":4,""recovery_weeks"":2},{""target"":""T2P"",""magnitude"":0.23190813653428372,""start_week"":23,""duration_weeks"":7,""recovery_weeks"":2},{""target"":""demand"",""magnitude"":0.12591311059721488,""start_week"":29,""duration_weeks"":8,""recovery_weeks"":1}]"
A,42,158,Supplier-cluster shock,True,True,False,Structural,Concentrated dependency,Concentrated dependency,2,0.8506344491291025,313.6676568288848,False,False,True,False,True,"[{""target"":""S1C"",""magnitude"":0.5860724894595194,""start_week"":34,""duration_weeks"":2,""recovery_weeks"":2},{""target"":""S1A"",""magnitude"":0.24121610847096364,""start_week"":39,""duration_weeks"":8,""recovery_weeks"":4}]"
A,42,159,Supplier-cluster shock,False,,False,Non-failure,Unclassified,Unclassified,1,0.943924875706842,117.75776101563179,False,False,True,False,False,"[{""target"":""S1A"",""magnitude"":0.37616902965960547,""start_week"":6,""duration_weeks"":3,""recovery_weeks"":1}]"
A,42,160,Supplier-cluster shock,False,,False,Non-failure,Unclassified,Unclassified,3,0.7213170961929034,379.2983827626907,True,False,True,False,False,"[{""target"":""S1A"",""magnitude"":0.24041291587835278,""start_week"":4,""duration_weeks"":2,""recovery_weeks"":4},{""target"":""T2P"",""magnitude"":0.307120942334076,""start_week"":42,""duration_weeks"":2,""recovery_weeks"":3},{""target"":""T2P"",""magnitude"":0.350814613426387,""start_week"":47,""duration_weeks"":3,""recovery_weeks"":3}]"
A,42,161,Supplier-cluster shock,False,,False,Non-failure,Unclassified,Unclassified,2,0.8105087207883774,210.41371538183444,True,False,False,False,False,"[{""target"":""T2P"",""magnitude"":0.353865508598615,""start_week"":24,""duration_weeks"":1,""recovery_weeks"":1},{""target"":""demand"",""magnitude"":0.2337930170909272,""start_week"":48,""duration_weeks"":2,""recovery_weeks"":3}]"
A,42,162,Supplier-cluster shock,False,,False,Non-failure,Unclassified,Unclassified,0,1.0,0.0,False,False,False,False,False,[]
A,42,163,Supplier-cluster shock,True,False,False,Adaptation-limited,Concentrated dependency; Hidden convergent dependency; Propagation-amplified cascade; Recovery lag and temporal overlap,Hidden convergent dependency,3,0.7734230971639289,523.5152753147845,True,True,False,False,False,"[{""target"":""corridor"",""magnitude"":0.2201643590730629,""start_week"":11,""duration_weeks"":4,""recovery_weeks"":2},{""target"":""T2P"",""magnitude"":0.303919212552464,""start_week"":16,""duration_weeks"":4,""recovery_weeks"":3},{""target"":""corridor"",""magnitude"":0.18943681885264504,""start_week"":36,""duration_weeks"":2,""recovery_weeks"":2}]"
A,42,164,Supplier-cluster shock,False,,False,Non-failure,Unclassified,Unclassified,4,0.9952784864086087,5.415015095205945,False,False,True,True,True,"[{""target"":""S1C"",""magnitude"":0.25462556405394754,""start_week"":7,""duration_weeks"":1,""recovery_weeks"":3},{""target"":""S1A"",""magnitude"":0.19986168401546983,""start_week"":10,""duration_weeks"":6,""recovery_weeks"":1},{""target"":""S1C"",""magnitude"":0.26062340558063024,""start_week"":11,""duration_weeks"":1,""recovery_weeks"":3},{""target"":""S1B"",""magnitude"":0.2067265071252804,""start_week"":26,""duration_weeks"":2,""recovery_weeks"":3}]"
A,42,165,Supplier-cluster shock,False,,False,Non-failure,Unclassified,Unclassified,3,0.946374944036463,82.47542811921028,False,False,True,True,False,"[{""target"":""demand"",""magnitude"":0.05666364721662656,""start_week"":18,""duration_weeks"":2,""recovery_weeks"":4},{""target"":""S1A"",""magnitude"":0.3742164864775922,""start_week"":28,""duration_weeks"":2,""recovery_weeks"":4},{""target"":""S1B"",""magnitude"":0.3458613903387784,""start_week"":42,""duration_weeks"":3,""recovery_weeks"":3}]"
A,42,166,Supplier-cluster shock,True,True,False,Structural,Concentrated dependency; Hidden convergent dependency; Propagation-amplified cascade,Hidden convergent dependency,3,0.7743882783395099,315.1875567011041,True,False,False,True,False,"[{""target"":""demand"",""magnitude"":0.10944667257877483,""start_week"":10,""duration_weeks"":1,""recovery_weeks"":3},{""target"":""T2P"",""magnitude"":0.37352190262705043,""start_week"":25,""duration_weeks"":3,""recovery_weeks"":1},{""target"":""S1B"",""magnitude"":0.34670631014955233,""start_week"":26,""duration_weeks"":5,""recovery_weeks"":4}]"
A,42,167,Supplier-cluster shock,False,,False,Non-failure,Unclassified,Unclassified,3,0.9107599694339247,248.9342909813165,False,False,False,False,False,"[{""target"":""demand"",""magnitude"":0.07476828737602527,""start_week"":29,""duration_weeks"":1,""recovery_weeks"":1},{""target"":""demand"",""magnitude"":0.0877716735630024,""start_week"":33,""duration_weeks"":3,""recovery_weeks"":4},{""target"":""demand"",""magnitude"":0.16032891446788722,""start_week"":36,""duration_weeks"":7,""recovery_weeks"":2}]"
A,42,168,Supplier-cluster shock,False,,False,Non-failure,Unclassified,Unclassified,1,1.0,0.0,True,False,False,False,False,"[{""target"":""T2P"",""magnitude"":0.15964435197105756,""start_week"":27,""duration_weeks"":7,""recovery_weeks"":4}]"
A,42,169,Supplier-cluster shock,False,,False,Non-failure,Unclassified,Unclassified,0,1.0,0.0,False,False,False,False,False,[]
A,42,170,Supplier-cluster shock,False,,False,Non-failure,Unclassified,Unclassified,1,0.9028141259792428,174.93457323736288,False,False,False,False,True,"[{""target"":""S1C"",""magnitude"":0.46866821654670354,""start_week"":25,""duration_weeks"":1,""recovery_weeks"":2}]"
A,42,171,Supplier-cluster shock,True,True,True,Structural,Concentrated dependency,Concentrated dependency,3,0.8313787204685463,1062.3140610481582,False,True,False,False,True,"[{""target"":""corridor"",""magnitude"":0.3764659596485902,""start_week"":2,""duration_weeks"":6,""recovery_weeks"":1},{""target"":""corridor"",""magnitude"":0.25413880252577314,""start_week"":19,""duration_weeks"":7,""recovery_weeks"":1},{""target"":""S1C"",""magnitude"":0.33033100894393463,""start_week"":26,""duration_weeks"":2,""recovery_weeks"":1}]"
A,42,172,Supplier-cluster shock,True,True,True,Structural,Concentrated dependency,Concentrated dependency,2,0.798185040680967,739.54222132559,False,True,False,False,False,"[{""target"":""demand"",""magnitude"":0.12769455175022537,""start_week"":3,""duration_weeks"":3,""recovery_weeks"":1},{""target"":""corridor"",""magnitude"":0.4013612194892747,""start_week"":19,""duration_weeks"":4,""recovery_weeks"":4}]"
A,42,173,Supplier-cluster shock,False,,False,Non-failure,Unclassified,Unclassified,4,0.9478575802524638,92.18009417306587,True,True,False,True,True,"[{""target"":""T2P"",""magnitude"":0.30746284245004163,""start_week"":11,""duration_weeks"":1,""recovery_weeks"":2},{""target"":""S1B"",""magnitude"":0.3107555489316021,""start_week"":15,""duration_weeks"":3,""recovery_weeks"":4},{""target"":""corridor"",""magnitude"":0.28910681481065215,""start_week"":39,""duration_weeks"":2,""recovery_weeks"":3},{""target"":""S1C"",""magnitude"":0.20557245328233825,""start_week"":42,""duration_weeks"":1,""recovery_weeks"":3}]"
A,42,174,Supplier-cluster shock,False,,False,Non-failure,Unclassified,Unclassified,3,0.9227294877035718,75.3671167915752,True,False,True,False,False,"[{""target"":""demand"",""magnitude"":0.08374124087952804,""start_week"":13,""duration_weeks"":1,""recovery_weeks"":4},{""target"":""S1A"",""magnitude"":0.21223345742446792,""start_week"":31,""duration_weeks"":2,""recovery_weeks"":3},{""target"":""T2P"",""magnitude"":0.2145729139643619,""start_week"":44,""duration_weeks"":1,""recovery_weeks"":3}]"
A,42,175,Supplier-cluster shock,False,,False,Non-failure,Unclassified,Unclassified,1,0.9673993990150651,68.46126206836334,False,False,False,False,True,"[{""target"":""S1C"",""magnitude"":0.32335135221610356,""start_week"":32,""duration_weeks"":4,""recovery_weeks"":2}]"
A,42,176,Supplier-cluster shock,False,,False,Non-failure,Unclassified,Unclassified,0,1.0,0.0,False,False,False,False,False,[]
A,42,177,Supplier-cluster shock,False,,False,Non-failure,Unclassified,Unclassified,3,0.9600545709859145,81.3188441416188,False,False,True,True,True,"[{""target"":""S1C"",""magnitude"":0.19061693019448905,""start_week"":20,""duration_weeks"":2,""recovery_weeks"":2},{""target"":""S1B"",""magnitude"":0.2596245879548528,""start_week"":35,""duration_weeks"":1,""recovery_weeks"":2},{""target"":""S1A"",""magnitude"":0.3398772152816921,""start_week"":41,""duration_weeks"":4,""recovery_weeks"":4}]"
A,42,178,Supplier-cluster shock,True,True,True,Structural,Concentrated dependency; Hidden convergent dependency,Hidden convergent dependency,6,0.744187231921668,2182.0065545275365,True,True,False,True,False,"[{""target"":""demand"",""magnitude"":0.11722379554941476,""start_week"":2,""duration_weeks"":2,""recovery_weeks"":1},{""target"":""S1B"",""magnitude"":0.19851583110687157,""start_week"":31,""duration_weeks"":2,""recovery_weeks"":1},{""target"":""T2P"",""magnitude"":0.33023149127049867,""start_week"":32,""duration_weeks"":12,""recovery_weeks"":1},{""target"":""corridor"",""magnitude"":0.227907077877524,""start_week"":34,""duration_weeks"":1,""recovery_weeks"":2},{""target"":""corridor"",""magnitude"":0.23511734240646806,""start_week"":38,""duration_weeks"":2,""recovery_weeks"":2},{""target"":""demand"",""magnitude"":0.16825649425195066,""start_week"":51,""duration_weeks"":1,""recovery_weeks"":1}]"
A,42,179,Supplier-cluster shock,True,True,True,Structural,Concentrated dependency,Concentrated dependency,4,0.657122249316109,2083.215543274777,False,True,False,True,True,"[{""target"":""demand"",""magnitude"":0.13554350350196498,""start_week"":9,""duration_weeks"":7,""recovery_weeks"":1},{""target"":""S1B"",""magnitude"":0.1811065183287298,""start_week"":24,""duration_weeks"":2,""recovery_weeks"":2},{""target"":""S1C"",""magnitude"":0.5428895637998894,""start_week"":36,""duration_weeks"":6,""recovery_weeks"":3},{""target"":""corridor"",""magnitude"":0.5071583130129182,""start_week"":39,""duration_weeks"":5,""recovery_weeks"":2}]"
A,42,180,Supplier-cluster shock,False,,False,Non-failure,Unclassified,Unclassified,3,0.8212311853460204,310.1879361183155,False,False,False,True,False,"[{""target"":""demand"",""magnitude"":0.21768390904280677,""start_week"":4,""duration_weeks"":4,""recovery_weeks"":3},{""target"":""demand"",""magnitude"":0.23658334580186396,""start_week"":19,""duration_weeks"":1,""recovery_weeks"":4},{""target"":""S1B"",""magnitude"":0.36107377970336774,""start_week"":36,""duration_weeks"":2,""recovery_weeks"":4}]"
A,42,181,Supplier-cluster shock,False,,False,Non-failure,Unclassified,Unclassified,4,0.9004818862124562,195.61004557581487,False,False,True,True,True,"[{""target"":""S1B"",""magnitude"":0.3095827183012312,""start_week"":17,""duration_weeks"":1,""recovery_weeks"":4},{""target"":""S1A"",""magnitude"":0.33948966509175693,""start_week"":21,""duration_weeks"":8,""recovery_weeks"":1},{""target"":""S1C"",""magnitude"":0.47391575602197333,""start_week"":37,""duration_weeks"":4,""recovery_weeks"":2},{""target"":""S1B"",""magnitude"":0.2684051258976836,""start_week"":42,""duration_weeks"":3,""recovery_weeks"":1}]"
A,42,182,Supplier-cluster shock,False,,False,Non-failure,Unclassified,Unclassified,3,0.9359479168707887,80.05069008223177,True,False,False,False,True,"[{""target"":""T2P"",""magnitude"":0.23485927836644316,""start_week"":14,""duration_weeks"":3,""recovery_weeks"":2},{""target"":""demand"",""magnitude"":0.06843552079624302,""start_week"":21,""duration_weeks"":2,""recovery_weeks"":2},{""target"":""S1C"",""magnitude"":0.3256847135053146,""start_week"":45,""duration_weeks"":1,""recovery_weeks"":2}]"
A,42,183,Supplier-cluster shock,False,,False,Non-failure,Unclassified,Unclassified,1,0.8578286327220422,149.1605964983246,False,False,False,False,False,"[{""target"":""demand"",""magnitude"":0.16573399610924974,""start_week"":1,""duration_weeks"":5,""recovery_weeks"":1}]"
A,42,184,Supplier-cluster shock,False,,False,Non-failure,Unclassified,Unclassified,1,0.8831287063244325,119.10400324974785,False,False,False,False,False,"[{""target"":""demand"",""magnitude"":0.13233778138860863,""start_week"":19,""duration_weeks"":2,""recovery_weeks"":3}]"
A,42,185,Supplier-cluster shock,True,True,True,Structural,Concentrated dependency; Hidden convergent dependency; Propagation-amplified cascade,Hidden convergent dependency,2,0.6867925046945935,1086.7921610929113,True,False,False,False,False,"[{""target"":""T2P"",""magnitude"":0.38188674577486575,""start_week"":6,""duration_weeks"":4,""recovery_weeks"":4},{""target"":""demand"",""magnitude"":0.09635369000430856,""start_week"":35,""duration_weeks"":6,""recovery_weeks"":3}]"
A,42,186,Supplier-cluster shock,False,,False,Non-failure,Unclassified,Unclassified,5,0.8474102756113232,162.05934233065386,False,True,True,True,False,"[{""target"":""demand"",""magnitude"":0.18006593592294856,""start_week"":2,""duration_weeks"":1,""recovery_weeks"":3},{""target"":""demand"",""magnitude"":0.12336086342870789,""start_week"":6,""duration_weeks"":4,""recovery_weeks"":3},{""target"":""corridor"",""magnitude"":0.19628837356571582,""start_week"":12,""duration_weeks"":1,""recovery_weeks"":3},{""target"":""S1A"",""magnitude"":0.21743798991587907,""start_week"":14,""duration_weeks"":1,""recovery_weeks"":2},{""target"":""S1B"",""magnitude"":0.4334297545902783,""start_week"":28,""duration_weeks"":3,""recovery_weeks"":4}]"
A,42,187,Supplier-cluster shock,True,True,True,Structural,Concentrated dependency; Hidden convergent dependency; Propagation-amplified cascade,Hidden convergent dependency,6,0.6628919819904394,1036.8992606418692,True,False,True,True,False,"[{""target"":""demand"",""magnitude"":0.08914168034260585,""start_week"":4,""duration_weeks"":2,""recovery_weeks"":1},{""target"":""demand"",""magnitude"":0.09091652520277374,""start_week"":7,""duration_weeks"":3,""recovery_weeks"":4},{""target"":""T2P"",""magnitude"":0.22344766066281124,""start_week"":15,""duration_weeks"":7,""recovery_weeks"":1},{""target"":""T2P"",""magnitude"":0.3475932266833147,""start_week"":16,""duration_weeks"":1,""recovery_weeks"":3},{""target"":""S1A"",""magnitude"":0.28405222198316993,""start_week"":18,""duration_weeks"":5,""recovery_weeks"":3},{""target"":""S1B"",""magnitude"":0.3510959186118108,""start_week"":32,""duration_weeks"":1,""recovery_weeks"":1}]"
A,42,188,Supplier-cluster shock,True,True,True,Structural,Concentrated dependency; Hidden convergent dependency; Propagation-amplified cascade,Hidden convergent dependency,2,0.7875467934030124,1284.8808308572118,True,False,False,False,False,"[{""target"":""T2P"",""magnitude"":0.29120788593728897,""start_week"":2,""duration_weeks"":8,""recovery_weeks"":4},{""target"":""demand"",""magnitude"":0.07946749312598049,""start_week"":23,""duration_weeks"":5,""recovery_weeks"":4}]"
A,42,189,Supplier-cluster shock,True,True,False,Structural,Concentrated dependency,Concentrated dependency,3,0.8477679804826687,263.7451141356329,False,False,True,True,True,"[{""target"":""S1B"",""magnitude"":0.3107710736101337,""start_week"":5,""duration_weeks"":1,""recovery_weeks"":2},{""target"":""S1C"",""magnitude"":0.34586084473135814,""start_week"":32,""duration_weeks"":2,""recovery_weeks"":2},{""target"":""S1A"",""magnitude"":0.4966611991826373,""start_week"":33,""duration_weeks"":1,""recovery_weeks"":1}]"
A,42,190,Supplier-cluster shock,True,True,False,Structural,Concentrated dependency,Concentrated dependency,2,0.8965088994256167,217.33131120620487,False,False,True,True,False,"[{""target"":""S1A"",""magnitude"":0.24536028808371557,""start_week"":25,""duration_weeks"":1,""recovery_weeks"":1},{""target"":""S1B"",""magnitude"":0.4828549762923623,""start_week"":33,""duration_weeks"":3,""recovery_weeks"":3}]"
A,42,191,Supplier-cluster shock,False,,False,Non-failure,Unclassified,Unclassified,1,0.8319822787632658,181.75381011461195,False,False,False,False,False,"[{""target"":""demand"",""magnitude"":0.20194867790512416,""start_week"":18,""duration_weeks"":2,""recovery_weeks"":4}]"
A,42,192,Supplier-cluster shock,False,,False,Non-failure,Unclassified,Unclassified,1,0.8533864637658345,160.94620543709266,True,False,False,False,False,"[{""target"":""T2P"",""magnitude"":0.38698206847903094,""start_week"":21,""duration_weeks"":1,""recovery_weeks"":3}]"
A,42,193,Supplier-cluster shock,False,,False,Non-failure,Unclassified,Unclassified,2,0.9140637240866731,154.6852966439883,False,False,True,True,False,"[{""target"":""S1A"",""magnitude"":0.4433566208049855,""start_week"":16,""duration_weeks"":1,""recovery_weeks"":1},{""target"":""S1B"",""magnitude"":0.29324453394851,""start_week"":18,""duration_weeks"":3,""recovery_weeks"":3}]"
A,42,194,Supplier-cluster shock,True,True,True,Structural,Concentrated dependency; Hidden convergent dependency; Propagation-amplified cascade,Hidden convergent dependency,2,0.6662114816364689,1385.3390900425718,True,False,False,False,False,"[{""target"":""T2P"",""magnitude"":0.5338795553695704,""start_week"":38,""duration_weeks"":1,""recovery_weeks"":4},{""target"":""T2P"",""magnitude"":0.33892021541635836,""start_week"":43,""duration_weeks"":1,""recovery_weeks"":3}]"
A,42,195,Supplier-cluster shock,False,,False,Non-failure,Unclassified,Unclassified,2,0.9187922213719554,146.17400153048038,False,True,False,True,False,"[{""target"":""S1B"",""magnitude"":0.4327175019131003,""start_week"":13,""duration_weeks"":1,""recovery_weeks"":1},{""target"":""corridor"",""magnitude"":0.3237496484088911,""start_week"":49,""duration_weeks"":1,""recovery_weeks"":4}]"
A,42,196,Supplier-cluster shock,True,True,True,Structural,Concentrated dependency; Propagation-amplified cascade,Propagation-amplified cascade,5,0.42079509777253843,3040.5495104708752,True,True,False,False,False,"[{""target"":""T2P"",""magnitude"":0.28805493946558275,""start_week"":8,""duration_weeks"":13,""recovery_weeks"":4},{""target"":""corridor"",""magnitude"":0.4528272953500829,""start_week"":14,""duration_weeks"":1,""recovery_weeks"":1},{""target"":""T2P"",""magnitude"":0.5169190138345735,""start_week"":22,""duration_weeks"":1,""recovery_weeks"":1},{""target"":""demand"",""magnitude"":0.23621697778214829,""start_week"":40,""duration_weeks"":1,""recovery_weeks"":3},{""target"":""demand"",""magnitude"":0.18492984459892314,""start_week"":51,""duration_weeks"":3,""recovery_weeks"":4}]"
A,42,197,Supplier-cluster shock,True,True,True,Structural,Concentrated dependency,Concentrated dependency,2,0.7593108080046908,1372.4732978538277,False,False,False,False,False,"[{""target"":""demand"",""magnitude"":0.3169837561351061,""start_week"":15,""duration_weeks"":7,""recovery_weeks"":3},{""target"":""demand"",""magnitude"":0.17208818684510488,""start_week"":40,""duration_weeks"":3,""recovery_weeks"":4}]"
A,42,198,Supplier-cluster shock,False,,False,Non-failure,Unclassified,Unclassified,1,0.9536829402917397,97.2658253873467,False,False,False,True,False,"[{""target"":""S1B"",""magnitude"":0.3542133843435858,""start_week"":39,""duration_weeks"":4,""recovery_weeks"":3}]"
A,42,199,Supplier-cluster shock,True,True,True,Structural,Concentrated dependency; Hidden convergent dependency; Propagation-amplified cascade,Hidden convergent dependency,4,0.7269822535600343,1597.8727391127147,True,True,False,True,True,"[{""target"":""T2P"",""magnitude"":0.34571597179596913,""start_week"":13,""duration_weeks"":7,""recovery_weeks"":4},{""target"":""S1C"",""magnitude"":0.29904602173752415,""start_week"":16,""duration_weeks"":5,""recovery_weeks"":2},{""target"":""S1B"",""magnitude"":0.2756606027460422,""start_week"":22,""duration_weeks"":1,""recovery_weeks"":4},{""target"":""corridor"",""magnitude"":0.2280187388665729,""start_week"":46,""duration_weeks"":1,""recovery_weeks"":4}]"
A,42,200,Supplier-cluster shock,True,False,False,Adaptation-limited,Concentrated dependency; Hidden convergent dependency; Propagation-amplified cascade,Hidden convergent dependency,3,0.6232766619352681,528.078385408201,True,False,False,True,True,"[{""target"":""T2P"",""magnitude"":0.5695255021291293,""start_week"":18,""duration_weeks"":1,""recovery_weeks"":2},{""target"":""S1C"",""magnitude"":0.41463053443391473,""start_week"":23,""duration_weeks"":6,""recovery_weeks"":1},{""target"":""S1B"",""magnitude"":0.2845027514179351,""start_week"":45,""duration_weeks"":3,""recovery_weeks"":4}]"
A,42,201,Supplier-cluster shock,False,,False,Non-failure,Unclassified,Unclassified,0,1.0,0.0,False,False,False,False,False,[]
A,42,202,Supplier-cluster shock,True,False,True,Adaptation-limited,Concentrated dependency,Concentrated dependency,2,0.7407038741685152,2333.6651324833647,False,True,True,False,False,"[{""target"":""corridor"",""magnitude"":0.44447209437361357,""start_week"":9,""duration_weeks"":9,""recovery_weeks"":2},{""target"":""S1A"",""magnitude"":0.3041194422931963,""start_week"":43,""duration_weeks"":4,""recovery_weeks"":3}]"
A,42,203,Supplier-cluster shock,False,,False,Non-failure,Unclassified,Unclassified,3,0.9643263964239961,54.56639967820172,False,True,True,True,False,"[{""target"":""S1A"",""magnitude"":0.15571911683686068,""start_week"":8,""duration_weeks"":5,""recovery_weeks"":1},{""target"":""S1B"",""magnitude"":0.3084639996552161,""start_week"":37,""duration_weeks"":3,""recovery_weeks"":4},{""target"":""corridor"",""magnitude"":0.31573120245214703,""start_week"":50,""duration_weeks"":2,""recovery_weeks"":3}]"
A,42,204,Supplier-cluster shock,True,True,True,Structural,Concentrated dependency; Hidden convergent dependency; Propagation-amplified cascade,Hidden convergent dependency,2,0.5528843580818483,1781.3768607812071,True,False,True,False,False,"[{""target"":""S1A"",""magnitude"":0.34026747618569325,""start_week"":19,""duration_weeks"":2,""recovery_weeks"":3},{""target"":""T2P"",""magnitude"":0.5024040777263366,""start_week"":37,""duration_weeks"":4,""recovery_weeks"":4}]"
A,42,205,Supplier-cluster shock,True,True,False,Structural,Concentrated dependency,Concentrated dependency,2,0.8509666289853277,1995.4431110321084,False,False,False,False,False,"[{""target"":""demand"",""magnitude"":0.14645082491735495,""start_week"":1,""duration_weeks"":1,""recovery_weeks"":2},{""target"":""demand"",""magnitude"":0.2878762124739963,""start_week"":14,""duration_weeks"":14,""recovery_weeks"":3}]"
A,42,206,Supplier-cluster shock,True,False,False,Adaptation-limited,Concentrated dependency; Recovery lag and temporal overlap,Recovery lag and temporal overlap,3,0.8352127944339159,404.6900168947511,True,True,False,False,False,"[{""target"":""T2P"",""magnitude"":0.31820833602957616,""start_week"":17,""duration_weeks"":1,""recovery_weeks"":2},{""target"":""demand"",""magnitude"":0.19729966622191447,""start_week"":26,""duration_weeks"":3,""recovery_weeks"":4},{""target"":""corridor"",""magnitude"":0.3721383845746289,""start_week"":32,""duration_weeks"":1,""recovery_weeks"":4}]"
A,42,207,Supplier-cluster shock,True,True,False,Structural,Concentrated dependency; Hidden convergent dependency; Propagation-amplified cascade,Hidden convergent dependency,4,0.8028748235461897,1322.8632683498722,True,True,False,True,False,"[{""target"":""T2P"",""magnitude"":0.23227847936089735,""start_week"":6,""duration_weeks"":12,""recovery_weeks"":4},{""target"":""corridor"",""magnitude"":0.2732682254468667,""start_week"":10,""duration_weeks"":2,""recovery_weeks"":2},{""target"":""T2P"",""magnitude"":0.2774126588084293,""start_week"":24,""duration_weeks"":1,""recovery_weeks"":1},{""target"":""S1B"",""magnitude"":0.2929694370474133,""start_week"":33,""duration_weeks"":1,""recovery_weeks"":4}]"
A,42,208,Supplier-cluster shock,True,False,False,Adaptation-limited,Concentrated dependency,Concentrated dependency,2,0.812386039705558,415.3231604042737,False,True,False,False,False,"[{""target"":""demand"",""magnitude"":0.23094188122981651,""start_week"":17,""duration_weeks"":1,""recovery_weeks"":2},{""target"":""corridor"",""magnitude"":0.37943899273276416,""start_week"":46,""duration_weeks"":2,""recovery_weeks"":4}]"
A,42,209,Supplier-cluster shock,True,True,True,Structural,Concentrated dependency; Hidden convergent dependency; Propagation-amplified cascade,Hidden convergent dependency,3,0.6600363622782894,1462.8527799009153,True,True,False,False,False,"[{""target"":""corridor"",""magnitude"":0.27272902473382643,""start_week"":16,""duration_weeks"":2,""recovery_weeks"":4},{""target"":""T2P"",""magnitude"":0.40596727394953946,""start_week"":41,""duration_weeks"":4,""recovery_weeks"":4},{""target"":""demand"",""magnitude"":0.1707676704211492,""start_week"":50,""duration_weeks"":10,""recovery_weeks"":1}]"
A,42,210,Supplier-cluster shock,False,,False,Non-failure,Unclassified,Unclassified,1,0.9916568464059806,7.5088382346174285,True,False,False,False,False,"[{""target"":""T2P"",""magnitude"":0.3630035352938469,""start_week"":25,""duration_weeks"":1,""recovery_weeks"":2}]"
A,42,211,Supplier-cluster shock,False,,False,Non-failure,Unclassified,Unclassified,1,1.0,0.0,False,False,False,False,True,"[{""target"":""S1C"",""magnitude"":0.2490982848399318,""start_week"":44,""duration_weeks"":6,""recovery_weeks"":4}]"
A,42,212,Supplier-cluster shock,False,,False,Non-failure,Unclassified,Unclassified,1,0.951965766082072,86.4616210522704,False,True,False,False,False,"[{""target"":""corridor"",""magnitude"":0.28602567543844604,""start_week"":18,""duration_weeks"":1,""recovery_weeks"":3}]"
A,42,213,Supplier-cluster shock,True,True,True,Structural,Concentrated dependency; Hidden convergent dependency; Propagation-amplified cascade,Hidden convergent dependency,3,0.5730343985466785,1817.1569522964096,True,False,False,True,False,"[{""target"":""S1B"",""magnitude"":0.4659079210743934,""start_week"":3,""duration_weeks"":3,""recovery_weeks"":2},{""target"":""T2P"",""magnitude"":0.4842690413079893,""start_week"":12,""duration_weeks"":5,""recovery_weeks"":3},{""target"":""T2P"",""magnitude"":0.24084729203069205,""start_week"":34,""duration_weeks"":8,""recovery_weeks"":4}]"
A,42,214,Supplier-cluster shock,False,,False,Non-failure,Unclassified,Unclassified,2,0.8793780564568707,123.45060055992053,True,False,False,False,False,"[{""target"":""demand"",""magnitude"":0.13716733395546726,""start_week"":19,""duration_weeks"":1,""recovery_weeks"":2},{""target"":""T2P"",""magnitude"":0.2755413517682652,""start_week"":39,""duration_weeks"":1,""recovery_weeks"":4}]"
A,42,215,Supplier-cluster shock,False,,False,Non-failure,Unclassified,Unclassified,2,0.925307486631051,166.98382606941186,False,True,False,False,False,"[{""target"":""corridor"",""magnitude"":0.2924621758578351,""start_week"":23,""duration_weeks"":1,""recovery_weeks"":4},{""target"":""corridor"",""magnitude"":0.3060193850267118,""start_week"":33,""duration_weeks"":3,""recovery_weeks"":4}]"
A,42,216,Supplier-cluster shock,False,,False,Non-failure,Unclassified,Unclassified,1,1.0,0.0,False,False,True,False,False,"[{""target"":""S1A"",""magnitude"":0.18906379153649872,""start_week"":13,""duration_weeks"":3,""recovery_weeks"":1}]"
A,42,217,Supplier-cluster shock,True,True,True,Structural,Concentrated dependency,Concentrated dependency,3,0.6383642279406699,2439.144284322198,True,True,True,False,False,"[{""target"":""corridor"",""magnitude"":0.3768064867247366,""start_week"":8,""duration_weeks"":6,""recovery_weeks"":3},{""target"":""T2P"",""magnitude"":0.42547219485339705,""start_week"":13,""duration_weeks"":6,""recovery_weeks"":1},{""target"":""S1A"",""magnitude"":0.2071718712841389,""start_week"":29,""duration_weeks"":1,""recovery_weeks"":2}]"
A,42,218,Supplier-cluster shock,False,,False,Non-failure,Unclassified,Unclassified,1,0.9385428553401554,87.18001135702127,True,False,False,False,False,"[{""target"":""T2P"",""magnitude"":0.3106228603877204,""start_week"":44,""duration_weeks"":2,""recovery_weeks"":2}]"
A,42,219,Supplier-cluster shock,False,,False,Non-failure,Unclassified,Unclassified,1,1.0,0.0,False,False,False,True,False,"[{""target"":""S1B"",""magnitude"":0.16453706773185295,""start_week"":43,""duration_weeks"":6,""recovery_weeks"":4}]"
A,42,220,Supplier-cluster shock,False,,False,Non-failure,Unclassified,Unclassified,2,0.7932059732849226,234.6359335555792,False,False,False,False,True,"[{""target"":""demand"",""magnitude"":0.26070659283953246,""start_week"":7,""duration_weeks"":1,""recovery_weeks"":1},{""target"":""S1C"",""magnitude"":0.4452176410438695,""start_week"":48,""duration_weeks"":10,""recovery_weeks"":2}]"
A,42,221,Supplier-cluster shock,True,True,True,Structural,Concentrated dependency; Hidden convergent dependency; Propagation-amplified cascade,Hidden convergent dependency,2,0.6195489755610495,2840.8388742667194,True,False,False,False,False,"[{""target"":""T2P"",""magnitude"":0.3312559960504954,""start_week"":37,""duration_weeks"":10,""recovery_weeks"":3},{""target"":""demand"",""magnitude"":0.19933842615805986,""start_week"":47,""duration_weeks"":4,""recovery_weeks"":2}]"
A,42,222,Supplier-cluster shock,False,,False,Non-failure,Unclassified,Unclassified,1,0.904488220904864,95.03783377037917,False,False,False,False,False,"[{""target"":""demand"",""magnitude"":0.10559759307819885,""start_week"":50,""duration_weeks"":3,""recovery_weeks"":2}]"
A,42,223,Supplier-cluster shock,False,,False,Non-failure,Unclassified,Unclassified,2,0.9051529912819395,451.47568318421077,False,True,False,False,True,"[{""target"":""S1C"",""magnitude"":0.3258727048666436,""start_week"":2,""duration_weeks"":1,""recovery_weeks"":4},{""target"":""corridor"",""magnitude"":0.32113525653854524,""start_week"":8,""duration_weeks"":5,""recovery_weeks"":4}]"
A,42,224,Supplier-cluster shock,True,True,True,Structural,Concentrated dependency,Concentrated dependency,5,0.6681510891791456,2178.081019221875,True,True,False,False,False,"[{""target"":""T2P"",""magnitude"":0.3616112665197778,""start_week"":8,""duration_weeks"":1,""recovery_weeks"":2},{""target"":""demand"",""magnitude"":0.11958850277095572,""start_week"":18,""duration_weeks"":1,""recovery_weeks"":4},{""target"":""corridor"",""magnitude"":0.49888668311564077,""start_week"":25,""duration_weeks"":7,""recovery_weeks"":1},{""target"":""demand"",""magnitude"":0.10526629993352055,""start_week"":35,""duration_weeks"":1,""recovery_weeks"":4},{""target"":""demand"",""magnitude"":0.09631705288422002,""start_week"":42,""duration_weeks"":2,""recovery_weeks"":4}]"
A,42,225,Supplier-cluster shock,True,True,True,Structural,Concentrated dependency; Hidden convergent dependency; Propagation-amplified cascade,Hidden convergent dependency,1,0.6395866985142387,4377.765555726369,True,False,False,False,False,"[{""target"":""T2P"",""magnitude"":0.4243719713371852,""start_week"":24,""duration_weeks"":14,""recovery_weeks"":2}]"
A,42,226,Supplier-cluster shock,True,True,True,Structural,Concentrated dependency; Hidden convergent dependency; Propagation-amplified cascade,Hidden convergent dependency,7,0.4781336914110757,3129.9984905428178,True,True,False,True,True,"[{""target"":""T2P"",""magnitude"":0.48530049990982393,""start_week"":16,""duration_weeks"":4,""recovery_weeks"":2},{""target"":""T2P"",""magnitude"":0.3038291181726954,""start_week"":23,""duration_weeks"":1,""recovery_weeks"":2},{""target"":""demand"",""magnitude"":0.19608457572977778,""start_week"":24,""duration_weeks"":3,""recovery_weeks"":2},{""target"":""demand"",""magnitude"":0.19456979939592117,""start_week"":29,""duration_weeks"":3,""recovery_weeks"":3},{""target"":""S1B"",""magnitude"":0.27181617791116686,""start_week"":30,""duration_weeks"":1,""recovery_weeks"":3},{""target"":""S1C"",""magnitude"":0.20522538389317824,""start_week"":35,""duration_weeks"":1,""recovery_weeks"":2},{""target"":""corridor"",""magnitude"":0.34712233655433944,""start_week"":44,""duration_weeks"":1,""recovery_weeks"":1}]"
A,42,227,Supplier-cluster shock,False,,False,Non-failure,Unclassified,Unclassified,2,0.9838953894459979,33.81968216340465,False,False,True,True,False,"[{""target"":""S1A"",""magnitude"":0.23123910265981168,""start_week"":6,""duration_weeks"":9,""recovery_weeks"":4},{""target"":""S1B"",""magnitude"":0.2862353737465049,""start_week"":25,""duration_weeks"":3,""recovery_weeks"":3}]"
A,42,228,Supplier-cluster shock,False,,False,Non-failure,Unclassified,Unclassified,2,0.8293180922516994,185.22894702126973,False,False,False,False,True,"[{""target"":""demand"",""magnitude"":0.20580994113474438,""start_week"":12,""duration_weeks"":1,""recovery_weeks"":2},{""target"":""S1C"",""magnitude"":0.2480517161006333,""start_week"":36,""duration_weeks"":2,""recovery_weeks"":1}]"
A,42,229,Supplier-cluster shock,True,False,False,Adaptation-limited,Concentrated dependency; Recovery lag and temporal overlap,Recovery lag and temporal overlap,4,0.6193184892874973,766.1167034946011,False,True,False,False,False,"[{""target"":""demand"",""magnitude"":0.13248989497274088,""start_week"":19,""duration_weeks"":5,""recovery_weeks"":4},{""target"":""corridor"",""magnitude"":0.4396110716609164,""start_week"":33,""duration_weeks"":1,""recovery_weeks"":3},{""target"":""demand"",""magnitude"":0.20646363819212538,""start_week"":35,""duration_weeks"":1,""recovery_weeks"":2},{""target"":""demand"",""magnitude"":0.10426762629800593,""start_week"":37,""duration_weeks"":2,""recovery_weeks"":3}]"
A,42,230,Supplier-cluster shock,True,True,True,Structural,Concentrated dependency,Concentrated dependency,1,0.609646368758833,1405.2730724682006,False,True,False,False,False,"[{""target"":""corridor"",""magnitude"":0.5427652234308752,""start_week"":47,""duration_weeks"":4,""recovery_weeks"":4}]"
A,42,231,Supplier-cluster shock,True,False,True,Adaptation-limited,Concentrated dependency,Concentrated dependency,5,0.7206047048970065,949.4074174647311,True,True,False,False,False,"[{""target"":""T2P"",""magnitude"":0.1935630202862552,""start_week"":1,""duration_weeks"":1,""recovery_weeks"":4},{""target"":""demand"",""magnitude"":0.23013806776603768,""start_week"":19,""duration_weeks"":1,""recovery_weeks"":2},{""target"":""demand"",""magnitude"":0.10722585373598181,""start_week"":23,""duration_weeks"":8,""recovery_weeks"":4},{""target"":""corridor"",""magnitude"":0.40159588031068505,""start_week"":26,""duration_weeks"":2,""recovery_weeks"":3},{""target"":""T2P"",""magnitude"":0.3350531770560672,""start_week"":45,""duration_weeks"":1,""recovery_weeks"":1}]"
A,42,232,Supplier-cluster shock,True,True,True,Structural,Concentrated dependency; Hidden convergent dependency; Propagation-amplified cascade,Hidden convergent dependency,4,0.48308305057624784,3743.826941550229,True,True,False,False,False,"[{""target"":""T2P"",""magnitude"":0.5600739827931995,""start_week"":23,""duration_weeks"":2,""recovery_weeks"":4},{""target"":""corridor"",""magnitude"":0.32155076612902683,""start_week"":34,""duration_weeks"":8,""recovery_weeks"":4},{""target"":""corridor"",""magnitude"":0.33288529915267506,""start_week"":39,""duration_weeks"":4,""recovery_weeks"":2},{""target"":""corridor"",""magnitude"":0.19949288549802432,""start_week"":42,""duration_weeks"":8,""recovery_weeks"":3}]"
A,42,233,Supplier-cluster shock,False,,False,Non-failure,Unclassified,Unclassified,1,1.0,0.0,False,True,False,False,False,"[{""target"":""corridor"",""magnitude"":0.18879629697314043,""start_week"":50,""duration_weeks"":7,""recovery_weeks"":2}]"
A,42,234,Supplier-cluster shock,False,,False,Non-failure,Unclassified,Unclassified,2,0.8667023224170547,138.41881661293473,False,False,False,False,False,"[{""target"":""demand"",""magnitude"":0.15379868512548261,""start_week"":32,""duration_weeks"":4,""recovery_weeks"":2},{""target"":""demand"",""magnitude"":0.09024225636168715,""start_week"":46,""duration_weeks"":1,""recovery_weeks"":3}]"
A,42,235,Supplier-cluster shock,False,,False,Non-failure,Unclassified,Unclassified,1,1.0,0.0,True,False,False,False,False,"[{""target"":""T2P"",""magnitude"":0.1771854727048553,""start_week"":16,""duration_weeks"":2,""recovery_weeks"":1}]"
A,42,236,Supplier-cluster shock,True,False,True,Adaptation-limited,Concentrated dependency,Concentrated dependency,2,0.6853549711542044,1132.722103844864,False,True,True,False,False,"[{""target"":""corridor"",""magnitude"":0.4859837716343466,""start_week"":12,""duration_weeks"":3,""recovery_weeks"":2},{""target"":""S1A"",""magnitude"":0.4276545733422975,""start_week"":48,""duration_weeks"":3,""recovery_weeks"":1}]"
A,42,237,Supplier-cluster shock,False,,False,Non-failure,Unclassified,Unclassified,3,0.9440271486942218,117.54298774213453,False,True,True,False,True,"[{""target"":""corridor"",""magnitude"":0.21558672296754602,""start_week"":6,""duration_weeks"":3,""recovery_weeks"":4},{""target"":""S1C"",""magnitude"":0.37593891543800134,""start_week"":13,""duration_weeks"":2,""recovery_weeks"":1},{""target"":""S1A"",""magnitude"":0.22158303907554136,""start_week"":20,""duration_weeks"":6,""recovery_weeks"":1}]"
A,42,238,Supplier-cluster shock,False,,False,Non-failure,Unclassified,Unclassified,2,1.0,0.0,True,False,False,False,False,"[{""target"":""T2P"",""magnitude"":0.2305269546748705,""start_week"":7,""duration_weeks"":1,""recovery_weeks"":1},{""target"":""T2P"",""magnitude"":0.3346121054130943,""start_week"":35,""duration_weeks"":1,""recovery_weeks"":2}]"
A,42,239,Supplier-cluster shock,True,True,True,Structural,Concentrated dependency; Hidden convergent dependency; Propagation-amplified cascade,Hidden convergent dependency,4,0.3611932056377552,2691.434509166116,True,True,False,False,False,"[{""target"":""T2P"",""magnitude"":0.5029533947315824,""start_week"":21,""duration_weeks"":2,""recovery_weeks"":3},{""target"":""T2P"",""magnitude"":0.3459891253086187,""start_week"":22,""duration_weeks"":1,""recovery_weeks"":3},{""target"":""corridor"",""magnitude"":0.3847401532258057,""start_week"":35,""duration_weeks"":10,""recovery_weeks"":3},{""target"":""T2P"",""magnitude"":0.40477926371884854,""start_week"":48,""duration_weeks"":2,""recovery_weeks"":1}]"
A,42,240,Supplier-cluster shock,True,False,False,Adaptation-limited,Concentrated dependency,Concentrated dependency,2,0.7831717079460015,390.29092569719717,True,True,False,False,False,"[{""target"":""corridor"",""magnitude"":0.41262121904049887,""start_week"":10,""duration_weeks"":1,""recovery_weeks"":1},{""target"":""T2P"",""magnitude"":0.25429912494208984,""start_week"":32,""duration_weeks"":1,""recovery_weeks"":4}]"
A,42,241,Supplier-cluster shock,True,False,False,Adaptation-limited,Concentrated dependency; Hidden convergent dependency; Propagation-amplified cascade,Hidden convergent dependency,2,0.6965458948911689,464.14492613059724,True,False,False,False,True,"[{""target"":""T2P"",""magnitude"":0.3910362315326493,""start_week"":3,""duration_weeks"":2,""recovery_weeks"":3},{""target"":""S1C"",""magnitude"":0.23749449652363522,""start_week"":35,""duration_weeks"":3,""recovery_weeks"":4}]"
A,42,242,Supplier-cluster shock,False,,False,Non-failure,Unclassified,Unclassified,2,0.9639230404150956,64.93852725282795,False,False,False,True,True,"[{""target"":""S1B"",""magnitude"":0.23025425557317686,""start_week"":23,""duration_weeks"":6,""recovery_weeks"":4},{""target"":""S1C"",""magnitude"":0.33117315906603484,""start_week"":46,""duration_weeks"":1,""recovery_weeks"":3}]"
A,42,243,Supplier-cluster shock,False,,False,Non-failure,Unclassified,Unclassified,2,0.918177805886996,132.53585865926516,True,False,True,False,False,"[{""target"":""T2P"",""magnitude"":0.2787589462135126,""start_week"":43,""duration_weeks"":2,""recovery_weeks"":3},{""target"":""S1A"",""magnitude"":0.397239709893904,""start_week"":49,""duration_weeks"":5,""recovery_weeks"":3}]"
A,42,244,Supplier-cluster shock,False,,False,Non-failure,Unclassified,Unclassified,0,1.0,0.0,False,False,False,False,False,[]
A,42,245,Supplier-cluster shock,True,True,True,Structural,Concentrated dependency; Hidden convergent dependency; Propagation-amplified cascade,Hidden convergent dependency,4,0.5031852498593375,1081.2973647736399,True,False,False,True,False,"[{""target"":""T2P"",""magnitude"":0.5471332751265962,""start_week"":5,""duration_weeks"":2,""recovery_weeks"":1},{""target"":""T2P"",""magnitude"":0.2699487696969259,""start_week"":8,""duration_weeks"":1,""recovery_weeks"":1},{""target"":""T2P"",""magnitude"":0.3784486516716369,""start_week"":19,""duration_weeks"":1,""recovery_weeks"":1},{""target"":""S1B"",""magnitude"":0.3379506214943596,""start_week"":26,""duration_weeks"":4,""recovery_weeks"":1}]"
A,42,246,Supplier-cluster shock,False,,False,Non-failure,Unclassified,Unclassified,0,1.0,0.0,False,False,False,False,False,[]
A,42,247,Supplier-cluster shock,False,,False,Non-failure,Unclassified,Unclassified,2,0.9461854502368828,106.65900494886853,False,False,False,True,True,"[{""target"":""S1C"",""magnitude"":0.34726442614072206,""start_week"":5,""duration_weeks"":1,""recovery_weeks"":2},{""target"":""S1B"",""magnitude"":0.3710827369670138,""start_week"":19,""duration_weeks"":4,""recovery_weeks"":4}]"
A,42,248,Supplier-cluster shock,True,True,True,Structural,Concentrated dependency; Hidden convergent dependency; Propagation-amplified cascade,Hidden convergent dependency,4,0.7011941168979877,1386.0266204440939,True,True,False,False,False,"[{""target"":""corridor"",""magnitude"":0.21258293701059422,""start_week"":17,""duration_weeks"":1,""recovery_weeks"":1},{""target"":""T2P"",""magnitude"":0.36892529479181113,""start_week"":27,""duration_weeks"":6,""recovery_weeks"":1},{""target"":""corridor"",""magnitude"":0.2672582594835693,""start_week"":37,""duration_weeks"":4,""recovery_weeks"":2},{""target"":""corridor"",""magnitude"":0.3324507720274855,""start_week"":45,""duration_weeks"":5,""recovery_weeks"":3}]"
A,42,249,Supplier-cluster shock,True,True,False,Structural,Concentrated dependency; Propagation-amplified cascade,Propagation-amplified cascade,4,0.744986050511043,394.09781784038296,True,True,True,False,False,"[{""target"":""T2P"",""magnitude"":0.32951255454006134,""start_week"":12,""duration_weeks"":3,""recovery_weeks"":2},{""target"":""demand"",""magnitude"":0.07449245721435106,""start_week"":27,""duration_weeks"":3,""recovery_weeks"":1},{""target"":""corridor"",""magnitude"":0.36150551010958626,""start_week"":28,""duration_weeks"":1,""recovery_weeks"":4},{""target"":""S1A"",""magnitude"":0.20946528782058743,""start_week"":48,""duration_weeks"":5,""recovery_weeks"":3}]"
A,42,250,Supplier-cluster shock,False,,False,Non-failure,Unclassified,Unclassified,2,0.9575518409594364,149.58879517130572,False,False,True,True,False,"[{""target"":""S1A"",""magnitude"":0.34550835784126843,""start_week"":30,""duration_weeks"":9,""recovery_weeks"":3},{""target"":""S1B"",""magnitude"":0.2990294770822999,""start_week"":33,""duration_weeks"":1,""recovery_weeks"":3}]"
A,42,251,Supplier-cluster shock,True,False,False,Adaptation-limited,Concentrated dependency,Concentrated dependency,2,0.739831532050167,468.30324230969927,True,True,False,False,False,"[{""target"":""corridor"",""magnitude"":0.44512635096237474,""start_week"":8,""duration_weeks"":1,""recovery_weeks"":2},{""target"":""T2P"",""magnitude"":0.2353465533975745,""start_week"":49,""duration_weeks"":5,""recovery_weeks"":1}]"
A,42,252,Supplier-cluster shock,False,,False,Non-failure,Unclassified,Unclassified,3,0.8820641404297774,198.43554879953058,False,True,True,False,False,"[{""target"":""corridor"",""magnitude"":0.21480635237999723,""start_week"":26,""duration_weeks"":1,""recovery_weeks"":1},{""target"":""demand"",""magnitude"":0.13370440330196315,""start_week"":27,""duration_weeks"":2,""recovery_weeks"":2},{""target"":""S1A"",""magnitude"":0.22025363163732725,""start_week"":51,""duration_weeks"":2,""recovery_weeks"":2}]"
A,42,253,Supplier-cluster shock,True,True,False,Structural,Concentrated dependency; Hidden convergent dependency; Propagation-amplified cascade,Hidden convergent dependency,2,0.7145899744843225,442.49203061881303,True,True,False,False,False,"[{""target"":""T2P"",""magnitude"":0.38562300765470336,""start_week"":23,""duration_weeks"":2,""recovery_weeks"":3},{""target"":""corridor"",""magnitude"":0.4192884520940031,""start_week"":48,""duration_weeks"":1,""recovery_weeks"":1}]"
A,42,254,Supplier-cluster shock,False,,False,Non-failure,Unclassified,Unclassified,2,0.8401535795974335,184.58811064001407,False,True,False,False,False,"[{""target"":""demand"",""magnitude"":0.1902585721043505,""start_week"":8,""duration_weeks"":4,""recovery_weeks"":4},{""target"":""corridor"",""magnitude"":0.19764941877853082,""start_week"":28,""duration_weeks"":3,""recovery_weeks"":2}]"
A,42,255,Supplier-cluster shock,True,True,True,Structural,Concentrated dependency,Concentrated dependency,3,0.805034971994703,526.4055756143014,False,True,False,False,True,"[{""target"":""corridor"",""magnitude"":0.24059937552886207,""start_week"":23,""duration_weeks"":1,""recovery_weeks"":1},{""target"":""corridor"",""magnitude"":0.39622377100397266,""start_week"":37,""duration_weeks"":2,""recovery_weeks"":1},{""target"":""S1C"",""magnitude"":0.29090800058029065,""start_week"":42,""duration_weeks"":1,""recovery_weeks"":4}]"
A,42,256,Supplier-cluster shock,False,,False,Non-failure,Unclassified,Unclassified,0,1.0,0.0,False,False,False,False,False,[]
A,42,257,Supplier-cluster shock,False,,False,Non-failure,Unclassified,Unclassified,1,1.0,0.0,False,True,False,False,False,"[{""target"":""corridor"",""magnitude"":0.22585491774403704,""start_week"":37,""duration_weeks"":1,""recovery_weeks"":2}]"
A,42,258,Supplier-cluster shock,True,True,False,Structural,Concentrated dependency,Concentrated dependency,4,0.8627864997034137,229.61740973748283,False,True,False,False,True,"[{""target"":""demand"",""magnitude"":0.1492665698975198,""start_week"":2,""duration_weeks"":3,""recovery_weeks"":1},{""target"":""corridor"",""magnitude"":0.28000120652755034,""start_week"":21,""duration_weeks"":4,""recovery_weeks"":1},{""target"":""corridor"",""magnitude"":0.3529101252224398,""start_week"":29,""duration_weeks"":1,""recovery_weeks"":2},{""target"":""S1C"",""magnitude"":0.1704458042379401,""start_week"":36,""duration_weeks"":2,""recovery_weeks"":3}]"
A,42,259,Supplier-cluster shock,False,,False,Non-failure,Unclassified,Unclassified,1,0.8907512168246465,110.38312718597626,False,False,False,False,False,"[{""target"":""demand"",""magnitude"":0.12264791909552922,""start_week"":46,""duration_weeks"":1,""recovery_weeks"":1}]"
A,42,260,Supplier-cluster shock,False,,False,Non-failure,Unclassified,Unclassified,2,0.8798574152452652,122.89301016928971,False,True,False,False,False,"[{""target"":""corridor"",""magnitude"":0.19670316113108693,""start_week"":35,""duration_weeks"":1,""recovery_weeks"":1},{""target"":""demand"",""magnitude"":0.1365477890769887,""start_week"":47,""duration_weeks"":4,""recovery_weeks"":1}]"
A,42,261,Supplier-cluster shock,True,False,True,Adaptation-limited,Concentrated dependency,Concentrated dependency,3,0.686764935601471,948.8189577055209,False,True,False,False,True,"[{""target"":""corridor"",""magnitude"":0.4849262982988968,""start_week"":12,""duration_weeks"":2,""recovery_weeks"":1},{""target"":""corridor"",""magnitude"":0.2978026359422318,""start_week"":19,""duration_weeks"":13,""recovery_weeks"":1},{""target"":""S1C"",""magnitude"":0.18534202651548082,""start_week"":27,""duration_weeks"":2,""recovery_weeks"":1}]"
A,42,262,Supplier-cluster shock,False,,False,Non-failure,Unclassified,Unclassified,2,0.8858466584745659,173.89862723782835,True,True,False,False,False,"[{""target"":""corridor"",""magnitude"":0.2983051742327302,""start_week"":12,""duration_weeks"":2,""recovery_weeks"":2},{""target"":""T2P"",""magnitude"":0.2753273269221438,""start_week"":37,""duration_weeks"":4,""recovery_weeks"":1}]"
A,42,263,Supplier-cluster shock,True,True,True,Structural,Concentrated dependency; Hidden convergent dependency; Propagation-amplified cascade,Hidden convergent dependency,2,0.666310996298673,1902.720878315152,True,False,False,False,True,"[{""target"":""T2P"",""magnitude"":0.4003201033311944,""start_week"":20,""duration_weeks"":7,""recovery_weeks"":2},{""target"":""S1C"",""magnitude"":0.25167809459482954,""start_week"":31,""duration_weeks"":1,""recovery_weeks"":1}]"
A,42,264,Supplier-cluster shock,False,,False,Non-failure,Unclassified,Unclassified,0,1.0,0.0,False,False,False,False,False,[]
A,42,265,Supplier-cluster shock,False,,False,Non-failure,Unclassified,Unclassified,3,0.9615474935436171,80.75026355840407,False,False,True,True,True,"[{""target"":""S1A"",""magnitude"":0.16482440263465334,""start_week"":4,""duration_weeks"":2,""recovery_weeks"":3},{""target"":""S1B"",""magnitude"":0.3365181395268614,""start_week"":7,""duration_weeks"":2,""recovery_weeks"":1},{""target"":""S1C"",""magnitude"":0.21585743767292007,""start_week"":12,""duration_weeks"":6,""recovery_weeks"":4}]"
A,42,266,Supplier-cluster shock,True,True,True,Structural,Concentrated dependency; Hidden convergent dependency; Propagation-amplified cascade,Hidden convergent dependency,5,0.5766627819266836,3972.0419551918167,True,True,False,True,True,"[{""target"":""T2P"",""magnitude"":0.4810034962659847,""start_week"":24,""duration_weeks"":11,""recovery_weeks"":1},{""target"":""S1C"",""magnitude"":0.16679005253958587,""start_week"":34,""duration_weeks"":2,""recovery_weeks"":4},{""target"":""S1B"",""magnitude"":0.26323304265521985,""start_week"":44,""duration_weeks"":3,""recovery_weeks"":3},{""target"":""S1C"",""magnitude"":0.36775704757339,""start_week"":45,""duration_weeks"":5,""recovery_weeks"":4},{""target"":""corridor"",""magnitude"":0.4397362868172263,""start_week"":50,""duration_weeks"":8,""recovery_weeks"":3}]"
A,42,267,Supplier-cluster shock,True,True,True,Structural,Concentrated dependency,Concentrated dependency,5,0.8175770358071991,985.0840066411246,False,True,True,True,True,"[{""target"":""corridor"",""magnitude"":0.38681722314460054,""start_week"":8,""duration_weeks"":5,""recovery_weeks"":2},{""target"":""S1B"",""magnitude"":0.29610510047549243,""start_week"":22,""duration_weeks"":2,""recovery_weeks"":2},{""target"":""S1A"",""magnitude"":0.32633965035164714,""start_week"":23,""duration_weeks"":1,""recovery_weeks"":2},{""target"":""S1C"",""magnitude"":0.3430094137502565,""start_week"":24,""duration_weeks"":1,""recovery_weeks"":3},{""target"":""S1B"",""magnitude"":0.35536808129296377,""start_week"":38,""duration_weeks"":1,""recovery_weeks"":4}]"
A,42,268,Supplier-cluster shock,False,,False,Non-failure,Unclassified,Unclassified,2,0.48613101060647707,462.4820904541707,True,False,False,False,False,"[{""target"":""T2P"",""magnitude"":0.23107056918768493,""start_week"":1,""duration_weeks"":5,""recovery_weeks"":4},{""target"":""T2P"",""magnitude"":0.6812410452270853,""start_week"":29,""duration_weeks"":1,""recovery_weeks"":1}]"
A,42,269,Supplier-cluster shock,True,True,True,Structural,Concentrated dependency; Hidden convergent dependency,Hidden convergent dependency,4,0.4711122046410712,3577.9848260324707,True,True,False,False,False,"[{""target"":""demand"",""magnitude"":0.1922524567112724,""start_week"":7,""duration_weeks"":1,""recovery_weeks"":3},{""target"":""T2P"",""magnitude"":0.4072515716117717,""start_week"":13,""duration_weeks"":8,""recovery_weeks"":1},{""target"":""T2P"",""magnitude"":0.5759990158230359,""start_week"":33,""duration_weeks"":2,""recovery_weeks"":4},{""target"":""corridor"",""magnitude"":0.3335362317533865,""start_week"":42,""duration_weeks"":5,""recovery_weeks"":4}]"
A,42,270,Supplier-cluster shock,True,False,True,Adaptation-limited,Compounding moderate disturbance,Compounding moderate disturbance,2,0.815958835109729,820.1945130779213,False,True,False,False,False,"[{""target"":""corridor"",""magnitude"":0.272930070375641,""start_week"":24,""duration_weeks"":3,""recovery_weeks"":2},{""target"":""demand"",""magnitude"":0.18808269623321328,""start_week"":25,""duration_weeks"":4,""recovery_weeks"":4}]"
A,42,271,Supplier-cluster shock,True,True,True,Structural,Concentrated dependency; Hidden convergent dependency; Propagation-amplified cascade,Hidden convergent dependency,1,0.721299090216742,1645.1850739456227,True,False,False,False,False,"[{""target"":""T2P"",""magnitude"":0.35083081880493217,""start_week"":16,""duration_weeks"":7,""recovery_weeks"":4}]"
A,42,272,Supplier-cluster shock,False,,False,Non-failure,Unclassified,Unclassified,3,0.9641614871211099,75.26087704566919,True,False,True,False,True,"[{""target"":""S1C"",""magnitude"":0.33063665397750264,""start_week"":37,""duration_weeks"":7,""recovery_weeks"":3},{""target"":""S1A"",""magnitude"":0.18701147175906752,""start_week"":38,""duration_weeks"":2,""recovery_weeks"":1},{""target"":""T2P"",""magnitude"":0.3279919143486296,""start_week"":50,""duration_weeks"":2,""recovery_weeks"":4}]"
A,42,273,Supplier-cluster shock,False,,False,Non-failure,Unclassified,Unclassified,3,0.9206645114792845,107.39399469502928,False,False,False,True,True,"[{""target"":""S1B"",""magnitude"":0.2612486164898819,""start_week"":2,""duration_weeks"":3,""recovery_weeks"":3},{""target"":""S1C"",""magnitude"":0.24820445907553046,""start_week"":23,""duration_weeks"":2,""recovery_weeks"":1},{""target"":""demand"",""magnitude"":0.09884243315725562,""start_week"":24,""duration_weeks"":1,""recovery_weeks"":1}]"
A,42,274,Supplier-cluster shock,False,,False,Non-failure,Unclassified,Unclassified,0,1.0,0.0,False,False,False,False,False,[]
A,42,275,Supplier-cluster shock,True,True,True,Structural,Concentrated dependency,Concentrated dependency,3,0.8246990446630704,674.4115840653732,False,True,False,False,False,"[{""target"":""corridor"",""magnitude"":0.38147571650269707,""start_week"":6,""duration_weeks"":3,""recovery_weeks"":4},{""target"":""demand"",""magnitude"":0.11995053198499787,""start_week"":28,""duration_weeks"":2,""recovery_weeks"":1},{""target"":""corridor"",""magnitude"":0.32648260693634945,""start_week"":42,""duration_weeks"":5,""recovery_weeks"":3}]"
A,42,276,Supplier-cluster shock,True,True,True,Structural,Concentrated dependency,Concentrated dependency,3,0.5586172536549118,1321.5354704732313,False,True,False,False,False,"[{""target"":""corridor"",""magnitude"":0.391825776014206,""start_week"":26,""duration_weeks"":5,""recovery_weeks"":1},{""target"":""corridor"",""magnitude"":0.31111361889784694,""start_week"":31,""duration_weeks"":1,""recovery_weeks"":1},{""target"":""corridor"",""magnitude"":0.4413092939874731,""start_week"":45,""duration_weeks"":4,""recovery_weeks"":2}]"
A,42,277,Supplier-cluster shock,True,False,False,Adaptation-limited,Concentrated dependency; Hidden convergent dependency; Propagation-amplified cascade,Hidden convergent dependency,3,0.8125885702552464,547.8595790845163,True,True,False,False,False,"[{""target"":""T2P"",""magnitude"":0.26867028677027815,""start_week"":16,""duration_weeks"":5,""recovery_weeks"":4},{""target"":""corridor"",""magnitude"":0.20884342333474137,""start_week"":25,""duration_weeks"":1,""recovery_weeks"":2},{""target"":""T2P"",""magnitude"":0.36673258314054347,""start_week"":47,""duration_weeks"":3,""recovery_weeks"":1}]"
A,42,278,Supplier-cluster shock,True,True,False,Structural,Concentrated dependency; Hidden convergent dependency; Propagation-amplified cascade,Hidden convergent dependency,3,0.8246580082776941,525.3900379884826,True,True,False,True,False,"[{""target"":""S1B"",""magnitude"":0.3921958978416228,""start_week"":24,""duration_weeks"":5,""recovery_weeks"":4},{""target"":""T2P"",""magnitude"":0.2578077925500753,""start_week"":39,""duration_weeks"":6,""recovery_weeks"":3},{""target"":""corridor"",""magnitude"":0.2600515043803377,""start_week"":49,""duration_weeks"":3,""recovery_weeks"":3}]"
A,42,279,Supplier-cluster shock,False,,False,Non-failure,Unclassified,Unclassified,2,0.8861599260363588,222.2425830451566,False,False,False,False,True,"[{""target"":""demand"",""magnitude"":0.08495599077930362,""start_week"":3,""duration_weeks"":1,""recovery_weeks"":1},{""target"":""S1C"",""magnitude"":0.5061401664181925,""start_week"":25,""duration_weeks"":6,""recovery_weeks"":2}]"
A,42,280,Supplier-cluster shock,False,,False,Non-failure,Unclassified,Unclassified,1,1.0,0.0,True,False,False,False,False,"[{""target"":""T2P"",""magnitude"":0.3713465439104798,""start_week"":48,""duration_weeks"":1,""recovery_weeks"":4}]"
A,42,281,Supplier-cluster shock,False,,False,Non-failure,Unclassified,Unclassified,3,0.9135080981382708,173.73970881897276,False,False,False,True,True,"[{""target"":""demand"",""magnitude"":0.056401426081962386,""start_week"":17,""duration_weeks"":5,""recovery_weeks"":4},{""target"":""S1C"",""magnitude"":0.4446067791888906,""start_week"":27,""duration_weeks"":7,""recovery_weeks"":2},{""target"":""S1B"",""magnitude"":0.2544123645662031,""start_week"":50,""duration_weeks"":3,""recovery_weeks"":1}]"
A,42,282,Supplier-cluster shock,True,True,True,Structural,Concentrated dependency; Hidden convergent dependency,Hidden convergent dependency,4,0.5888228477048268,734.8695376484235,True,True,False,False,False,"[{""target"":""demand"",""magnitude"":0.19411940877009165,""start_week"":5,""duration_weeks"":7,""recovery_weeks"":4},{""target"":""T2P"",""magnitude"":0.4700594370656559,""start_week"":17,""duration_weeks"":1,""recovery_weeks"":2},{""target"":""corridor"",""magnitude"":0.24900321165004843,""start_week"":29,""duration_weeks"":1,""recovery_weeks"":2},{""target"":""corridor"",""magnitude"":0.34004727536608415,""start_week"":47,""duration_weeks"":3,""recovery_weeks"":1}]"
A,42,283,Supplier-cluster shock,True,True,True,Structural,Concentrated dependency,Concentrated dependency,5,0.6356623105329964,1977.1441730458055,True,True,False,False,False,"[{""target"":""corridor"",""magnitude"":0.45960775486929173,""start_week"":7,""duration_weeks"":1,""recovery_weeks"":3},{""target"":""T2P"",""magnitude"":0.31663480686650436,""start_week"":15,""duration_weeks"":5,""recovery_weeks"":4},{""target"":""demand"",""magnitude"":0.19449375313844935,""start_week"":24,""duration_weeks"":7,""recovery_weeks"":4},{""target"":""demand"",""magnitude"":0.11681260738532799,""start_week"":36,""duration_weeks"":1,""recovery_weeks"":4},{""target"":""demand"",""magnitude"":0.15757462749235676,""start_week"":44,""duration_weeks"":15,""recovery_weeks"":3}]"
A,42,284,Supplier-cluster shock,True,True,False,Structural,Concentrated dependency; Hidden convergent dependency; Propagation-amplified cascade,Hidden convergent dependency,3,0.7965294231127455,497.815904650688,True,False,True,True,False,"[{""target"":""T2P"",""magnitude"":0.283123519198529,""start_week"":8,""duration_weeks"":4,""recovery_weeks"":4},{""target"":""S1A"",""magnitude"":0.31383104705898923,""start_week"":15,""duration_weeks"":1,""recovery_weeks"":2},{""target"":""S1B"",""magnitude"":0.3694333078169836,""start_week"":18,""duration_weeks"":3,""recovery_weeks"":4}]"
A,42,285,Supplier-cluster shock,False,,False,Non-failure,Unclassified,Unclassified,4,0.9195946116317371,168.85131557335228,False,False,True,True,True,"[{""target"":""S1C"",""magnitude"":0.4309121238285917,""start_week"":3,""duration_weeks"":2,""recovery_weeks"":2},{""target"":""S1B"",""magnitude"":0.303773540503858,""start_week"":17,""duration_weeks"":1,""recovery_weeks"":4},{""target"":""S1A"",""magnitude"":0.40888043891855286,""start_week"":38,""duration_weeks"":14,""recovery_weeks"":2},{""target"":""S1B"",""magnitude"":0.22143494654002338,""start_week"":42,""duration_weeks"":1,""recovery_weeks"":3}]"
A,42,286,Supplier-cluster shock,False,,False,Non-failure,Unclassified,Unclassified,2,1.0,0.0,False,True,False,True,False,"[{""target"":""S1B"",""magnitude"":0.246793205173448,""start_week"":2,""duration_weeks"":2,""recovery_weeks"":2},{""target"":""corridor"",""magnitude"":0.23798913146296785,""start_week"":16,""duration_weeks"":5,""recovery_weeks"":1}]"
A,42,287,Supplier-cluster shock,True,True,True,Structural,Concentrated dependency; Hidden convergent dependency; Propagation-amplified cascade,Hidden convergent dependency,1,0.6197068129537959,1132.45127587871,True,False,False,False,False,"[{""target"":""T2P"",""magnitude"":0.4422638683415836,""start_week"":31,""duration_weeks"":3,""recovery_weeks"":4}]"
A,42,288,Supplier-cluster shock,True,True,True,Structural,Concentrated dependency,Concentrated dependency,2,0.8000289352143035,1799.7395830712685,False,True,False,False,False,"[{""target"":""corridor"",""magnitude"":0.3999782985892723,""start_week"":1,""duration_weeks"":9,""recovery_weeks"":1},{""target"":""demand"",""magnitude"":0.06992502632796077,""start_week"":30,""duration_weeks"":5,""recovery_weeks"":2}]"
A,42,289,Supplier-cluster shock,False,,False,Non-failure,Unclassified,Unclassified,0,1.0,0.0,False,False,False,False,False,[]
A,42,290,Supplier-cluster shock,False,,False,Non-failure,Unclassified,Unclassified,2,0.9706019039356444,61.73600173514683,False,False,True,False,True,"[{""target"":""S1A"",""magnitude"":0.31614571614480014,""start_week"":17,""duration_weeks"":4,""recovery_weeks"":4},{""target"":""S1C"",""magnitude"":0.2218073327641027,""start_week"":23,""duration_weeks"":2,""recovery_weeks"":3}]"
A,42,291,Supplier-cluster shock,True,False,False,Adaptation-limited,Concentrated dependency,Concentrated dependency,3,0.7097202038130936,865.8583175842975,False,True,False,False,False,"[{""target"":""demand"",""magnitude"":0.24137350263971885,""start_week"":6,""duration_weeks"":5,""recovery_weeks"":3},{""target"":""corridor"",""magnitude"":0.3392291085237735,""start_week"":7,""duration_weeks"":1,""recovery_weeks"":1},{""target"":""demand"",""magnitude"":0.15096874433825727,""start_week"":20,""duration_weeks"":2,""recovery_weeks"":4}]"
A,42,292,Supplier-cluster shock,True,True,True,Structural,Concentrated dependency,Concentrated dependency,3,0.5213246206582224,2855.550971266827,False,True,False,False,False,"[{""target"":""corridor"",""magnitude"":0.47558660235102324,""start_week"":7,""duration_weeks"":6,""recovery_weeks"":2},{""target"":""corridor"",""magnitude"":0.2544174743693647,""start_week"":8,""duration_weeks"":5,""recovery_weeks"":1},{""target"":""demand"",""magnitude"":0.21434567518988462,""start_week"":33,""duration_weeks"":4,""recovery_weeks"":2}]"
A,42,293,Supplier-cluster shock,True,True,True,Structural,Concentrated dependency,Concentrated dependency,4,0.7477072729801669,826.4826718070518,False,True,False,False,False,"[{""target"":""demand"",""magnitude"":0.20960019259519513,""start_week"":6,""duration_weeks"":2,""recovery_weeks"":2},{""target"":""corridor"",""magnitude"":0.26878998887081,""start_week"":9,""duration_weeks"":4,""recovery_weeks"":4},{""target"":""corridor"",""magnitude"":0.2737311921721529,""start_week"":20,""duration_weeks"":1,""recovery_weeks"":2},{""target"":""corridor"",""magnitude"":0.4392195452648747,""start_week"":31,""duration_weeks"":3,""recovery_weeks"":1}]"
A,42,294,Supplier-cluster shock,False,,False,Non-failure,Unclassified,Unclassified,4,0.9711075689900506,60.674105120893955,False,False,True,False,True,"[{""target"":""S1A"",""magnitude"":0.3150079697723862,""start_week"":1,""duration_weeks"":11,""recovery_weeks"":2},{""target"":""S1C"",""magnitude"":0.3246866117326258,""start_week"":18,""duration_weeks"":1,""recovery_weeks"":3},{""target"":""S1A"",""magnitude"":0.1964404355973183,""start_week"":43,""duration_weeks"":3,""recovery_weeks"":2},{""target"":""S1C"",""magnitude"":0.27505928641684496,""start_week"":48,""duration_weeks"":3,""recovery_weeks"":3}]"
A,42,295,Supplier-cluster shock,False,,False,Non-failure,Unclassified,Unclassified,2,0.9672626249981643,64.16569636334134,False,False,True,True,False,"[{""target"":""S1A"",""magnitude"":0.27306044185668477,""start_week"":22,""duration_weeks"":9,""recovery_weeks"":2},{""target"":""S1B"",""magnitude"":0.32365909375413027,""start_week"":44,""duration_weeks"":10,""recovery_weeks"":3}]"
A,42,296,Supplier-cluster shock,True,True,False,Structural,Concentrated dependency; Hidden convergent dependency; Propagation-amplified cascade,Hidden convergent dependency,1,0.5922259934918032,634.4881205008203,True,False,False,False,False,"[{""target"":""T2P"",""magnitude"":0.4669966058573771,""start_week"":32,""duration_weeks"":2,""recovery_weeks"":2}]"
A,42,297,Supplier-cluster shock,False,,False,Non-failure,Unclassified,Unclassified,2,0.8918206202942719,109.17155257413663,False,False,False,False,False,"[{""target"":""demand"",""magnitude"":0.12130172508237401,""start_week"":5,""duration_weeks"":9,""recovery_weeks"":2},{""target"":""demand"",""magnitude"":0.13968034066375828,""start_week"":41,""duration_weeks"":1,""recovery_weeks"":2}]"
A,42,298,Supplier-cluster shock,False,,False,Non-failure,Unclassified,Unclassified,3,0.9180777679087923,80.30911046896404,False,False,False,True,True,"[{""target"":""demand"",""magnitude"":0.08923234496551555,""start_week"":27,""duration_weeks"":5,""recovery_weeks"":3},{""target"":""S1C"",""magnitude"":0.33147800419037465,""start_week"":40,""duration_weeks"":2,""recovery_weeks"":2},{""target"":""S1B"",""magnitude"":0.2239073559814481,""start_week"":47,""duration_weeks"":7,""recovery_weeks"":3}]"
A,42,299,Supplier-cluster shock,False,,False,Non-failure,Unclassified,Unclassified,4,0.8339153108090596,232.82389551620372,False,False,True,True,True,"[{""target"":""S1C"",""magnitude"":0.37298204385308426,""start_week"":14,""duration_weeks"":1,""recovery_weeks"":1},{""target"":""S1A"",""magnitude"":0.18648516545899155,""start_week"":28,""duration_weeks"":1,""recovery_weeks"":4},{""target"":""S1C"",""magnitude"":0.623690550679616,""start_week"":37,""duration_weeks"":1,""recovery_weeks"":3},{""target"":""S1B"",""magnitude"":0.3417746468853802,""start_week"":44,""duration_weeks"":5,""recovery_weeks"":3}]"
A,42,300,Supplier-cluster shock,False,,False,Non-failure,Unclassified,Unclassified,4,0.8889008923357263,99.98919689784634,True,False,False,True,True,"[{""target"":""T2P"",""magnitude"":0.2749972992244616,""start_week"":7,""duration_weeks"":3,""recovery_weeks"":1},{""target"":""S1B"",""magnitude"":0.3656756656703627,""start_week"":20,""duration_weeks"":1,""recovery_weeks"":1},{""target"":""S1C"",""magnitude"":0.3149469916737934,""start_week"":38,""duration_weeks"":1,""recovery_weeks"":4},{""target"":""S1B"",""magnitude"":0.3499326130740186,""start_week"":47,""duration_weeks"":1,""recovery_weeks"":3}]"
A,42,301,Supplier-cluster shock,True,True,True,Structural,Concentrated dependency; Hidden convergent dependency,Hidden convergent dependency,2,0.6545263152273615,2243.4230047336605,True,False,False,False,False,"[{""target"":""demand"",""magnitude"":0.1767224928907951,""start_week"":13,""duration_weeks"":7,""recovery_weeks"":1},{""target"":""T2P"",""magnitude"":0.4109263162953747,""start_week"":17,""duration_weeks"":5,""recovery_weeks"":2}]"
A,42,302,Supplier-cluster shock,False,,False,Non-failure,Unclassified,Unclassified,4,0.8822972606241141,120.56518403768064,True,False,False,True,True,"[{""target"":""S1B"",""magnitude"":0.25402223462439655,""start_week"":35,""duration_weeks"":2,""recovery_weeks"":1},{""target"":""demand"",""magnitude"":0.13813252187457484,""start_week"":41,""duration_weeks"":5,""recovery_weeks"":4},{""target"":""S1C"",""magnitude"":0.2632210043167123,""start_week"":47,""duration_weeks"":1,""recovery_weeks"":3},{""target"":""T2P"",""magnitude"":0.25945271034654516,""start_week"":50,""duration_weeks"":9,""recovery_weeks"":3}]"
A,42,303,Supplier-cluster shock,True,True,True,Structural,Concentrated dependency; Hidden convergent dependency; Propagation-amplified cascade,Hidden convergent dependency,1,0.5829478752672506,663.7141929081607,True,False,False,False,False,"[{""target"":""T2P"",""magnitude"":0.47534691225947445,""start_week"":1,""duration_weeks"":2,""recovery_weeks"":2}]"
A,42,304,Supplier-cluster shock,False,,False,Non-failure,Unclassified,Unclassified,1,0.938425873118714,110.83342838631484,False,True,False,False,False,"[{""target"":""corridor"",""magnitude"":0.2961805951609644,""start_week"":6,""duration_weeks"":1,""recovery_weeks"":2}]"
A,42,305,Supplier-cluster shock,True,False,False,Adaptation-limited,Concentrated dependency; Hidden convergent dependency; Propagation-amplified cascade,Hidden convergent dependency,4,0.7586307773797851,611.0311175686063,True,False,False,False,False,"[{""target"":""T2P"",""magnitude"":0.4229764004775912,""start_week"":9,""duration_weeks"":1,""recovery_weeks"":4},{""target"":""demand"",""magnitude"":0.08541248736927307,""start_week"":12,""duration_weeks"":2,""recovery_weeks"":1},{""target"":""demand"",""magnitude"":0.18708291657692833,""start_week"":32,""duration_weeks"":1,""recovery_weeks"":3},{""target"":""T2P"",""magnitude"":0.20806708309002095,""start_week"":40,""duration_weeks"":4,""recovery_weeks"":4}]"
A,42,306,Supplier-cluster shock,False,,False,Non-failure,Unclassified,Unclassified,1,0.8238321143761097,192.45559173372658,False,False,False,False,False,"[{""target"":""demand"",""magnitude"":0.21383954637080743,""start_week"":15,""duration_weeks"":3,""recovery_weeks"":2}]"
A,42,307,Supplier-cluster shock,True,True,True,Structural,Concentrated dependency,Concentrated dependency,3,0.572165816766002,1099.526869269517,False,True,False,False,True,"[{""target"":""S1C"",""magnitude"":0.31515792605811666,""start_week"":1,""duration_weeks"":5,""recovery_weeks"":2},{""target"":""demand"",""magnitude"":0.2021450073948332,""start_week"":5,""duration_weeks"":4,""recovery_weeks"":4},{""target"":""corridor"",""magnitude"":0.5708756374254985,""start_week"":44,""duration_weeks"":2,""recovery_weeks"":2}]"
A,42,308,Supplier-cluster shock,False,,False,Non-failure,Unclassified,Unclassified,2,0.9520555327183732,86.30004110692835,False,False,True,True,False,"[{""target"":""S1A"",""magnitude"":0.35787505138366055,""start_week"":2,""duration_weeks"":1,""recovery_weeks"":1},{""target"":""S1B"",""magnitude"":0.23854944954679236,""start_week"":42,""duration_weeks"":2,""recovery_weeks"":2}]"
A,42,309,Supplier-cluster shock,True,True,False,Structural,Concentrated dependency,Concentrated dependency,3,0.8616760047520011,248.983191446398,False,True,True,False,True,"[{""target"":""S1A"",""magnitude"":0.5612289893079975,""start_week"":26,""duration_weeks"":1,""recovery_weeks"":3},{""target"":""S1C"",""magnitude"":0.23312782535397578,""start_week"":36,""duration_weeks"":2,""recovery_weeks"":3},{""target"":""corridor"",""magnitude"":0.2909921877609736,""start_week"":37,""duration_weeks"":3,""recovery_weeks"":4}]"
A,42,310,Supplier-cluster shock,False,,False,Non-failure,Unclassified,Unclassified,2,0.9394350437501736,109.01692124968758,False,False,True,True,False,"[{""target"":""S1A"",""magnitude"":0.38627115156210945,""start_week"":27,""duration_weeks"":1,""recovery_weeks"":2},{""target"":""S1B"",""magnitude"":0.2674381081536714,""start_week"":41,""duration_weeks"":3,""recovery_weeks"":4}]"
A,42,311,Supplier-cluster shock,False,,False,Non-failure,Unclassified,Unclassified,1,1.0,0.0,True,False,False,False,False,"[{""target"":""T2P"",""magnitude"":0.20920280386268636,""start_week"":16,""duration_weeks"":1,""recovery_weeks"":2}]"
A,42,312,Supplier-cluster shock,False,,False,Non-failure,Unclassified,Unclassified,4,0.8493334868419123,159.65443956116883,False,True,False,True,False,"[{""target"":""demand"",""magnitude"":0.17739382173463197,""start_week"":28,""duration_weeks"":4,""recovery_weeks"":4},{""target"":""demand"",""magnitude"":0.11977269171251029,""start_week"":37,""duration_weeks"":4,""recovery_weeks"":1},{""target"":""S1B"",""magnitude"":0.24631953980195936,""start_week"":43,""duration_weeks"":1,""recovery_weeks"":2},{""target"":""corridor"",""magnitude"":0.26231710899173183,""start_week"":44,""duration_weeks"":4,""recovery_weeks"":3}]"
A,42,313,Supplier-cluster shock,False,,False,Non-failure,Unclassified,Unclassified,3,0.9069321968166317,335.04409146012586,False,True,False,True,False,"[{""target"":""corridor"",""magnitude"":0.3198008523875262,""start_week"":6,""duration_weeks"":3,""recovery_weeks"":3},{""target"":""corridor"",""magnitude"":0.2742795333505454,""start_week"":13,""duration_weeks"":7,""recovery_weeks"":2},{""target"":""S1B"",""magnitude"":0.362061290051361,""start_week"":36,""duration_weeks"":1,""recovery_weeks"":4}]"
A,42,314,Supplier-cluster shock,True,True,True,Structural,Concentrated dependency; Hidden convergent dependency; Propagation-amplified cascade,Hidden convergent dependency,1,0.7251907879004718,783.9697453374524,True,False,False,False,False,"[{""target"":""T2P"",""magnitude"":0.34732829088957534,""start_week"":23,""duration_weeks"":4,""recovery_weeks"":3}]"
A,42,315,Supplier-cluster shock,True,False,False,Adaptation-limited,Compounding moderate disturbance,Compounding moderate disturbance,3,0.7855351299837432,577.452033092205,False,True,False,True,False,"[{""target"":""corridor"",""magnitude"":0.25832509434698486,""start_week"":9,""duration_weeks"":11,""recovery_weeks"":3},{""target"":""corridor"",""magnitude"":0.20564745686105806,""start_week"":16,""duration_weeks"":1,""recovery_weeks"":2},{""target"":""S1B"",""magnitude"":0.2998890394429713,""start_week"":39,""duration_weeks"":2,""recovery_weeks"":2}]"
A,42,316,Supplier-cluster shock,True,True,False,Structural,Concentrated dependency,Concentrated dependency,3,0.6561574773822263,1010.6360312400211,False,True,False,False,True,"[{""target"":""corridor"",""magnitude"":0.5078818919633302,""start_week"":3,""duration_weeks"":1,""recovery_weeks"":1},{""target"":""corridor"",""magnitude"":0.3251302644339416,""start_week"":8,""duration_weeks"":10,""recovery_weeks"":2},{""target"":""S1C"",""magnitude"":0.25918496350208575,""start_week"":35,""duration_weeks"":4,""recovery_weeks"":1}]"
A,42,317,Supplier-cluster shock,True,True,False,Structural,Concentrated dependency; Hidden convergent dependency; Propagation-amplified cascade,Hidden convergent dependency,4,0.7708649075559746,377.9971243983018,True,False,False,True,True,"[{""target"":""T2P"",""magnitude"":0.4593323747994339,""start_week"":13,""duration_weeks"":1,""recovery_weeks"":3},{""target"":""S1C"",""magnitude"":0.24144770926706333,""start_week"":14,""duration_weeks"":5,""recovery_weeks"":2},{""target"":""demand"",""magnitude"":0.0994714990881734,""start_week"":26,""duration_weeks"":5,""recovery_weeks"":3},{""target"":""S1B"",""magnitude"":0.2891360533230473,""start_week"":44,""duration_weeks"":3,""recovery_weeks"":3}]"
A,42,318,Supplier-cluster shock,False,,False,Non-failure,Unclassified,Unclassified,5,0.9108568763714598,303.25098847903746,False,True,True,True,False,"[{""target"":""S1A"",""magnitude"":0.3104580519312806,""start_week"":4,""duration_weeks"":8,""recovery_weeks"":4},{""target"":""S1B"",""magnitude"":0.4304193441871217,""start_week"":7,""duration_weeks"":4,""recovery_weeks"":2},{""target"":""corridor"",""magnitude"":0.17682868670327861,""start_week"":24,""duration_weeks"":2,""recovery_weeks"":4},{""target"":""S1A"",""magnitude"":0.2105370686726097,""start_week"":33,""duration_weeks"":2,""recovery_weeks"":2},{""target"":""S1B"",""magnitude"":0.3304441503952857,""start_week"":44,""duration_weeks"":1,""recovery_weeks"":1}]"
A,42,319,Supplier-cluster shock,False,,False,Non-failure,Unclassified,Unclassified,2,1.0,0.0,True,True,False,False,False,"[{""target"":""corridor"",""magnitude"":0.20660130739351884,""start_week"":15,""duration_weeks"":4,""recovery_weeks"":4},{""target"":""T2P"",""magnitude"":0.2054475797718037,""start_week"":41,""duration_weeks"":2,""recovery_weeks"":3}]"
A,42,320,Supplier-cluster shock,True,True,True,Structural,Concentrated dependency; Hidden convergent dependency,Hidden convergent dependency,4,0.705749201692279,1053.5456979190706,True,True,False,False,False,"[{""target"":""demand"",""magnitude"":0.18480303185828695,""start_week"":9,""duration_weeks"":5,""recovery_weeks"":4},{""target"":""corridor"",""magnitude"":0.3178452888835167,""start_week"":23,""duration_weeks"":1,""recovery_weeks"":4},{""target"":""demand"",""magnitude"":0.09059056930000697,""start_week"":28,""duration_weeks"":3,""recovery_weeks"":3},{""target"":""T2P"",""magnitude"":0.364825718476949,""start_week"":35,""duration_weeks"":5,""recovery_weeks"":3}]"
A,42,321,Supplier-cluster shock,False,,False,Non-failure,Unclassified,Unclassified,2,0.9117967222270771,185.22688332313817,False,False,True,False,True,"[{""target"":""S1A"",""magnitude"":0.44845737498907645,""start_week"":11,""duration_weeks"":2,""recovery_weeks"":3},{""target"":""S1C"",""magnitude"":0.32809826968169176,""start_week"":28,""duration_weeks"":1,""recovery_weeks"":4}]"
A,42,322,Supplier-cluster shock,False,,False,Non-failure,Unclassified,Unclassified,3,0.9329498804751349,140.80525100221666,False,True,False,True,True,"[{""target"":""S1B"",""magnitude"":0.4008627689309463,""start_week"":16,""duration_weeks"":2,""recovery_weeks"":3},{""target"":""S1C"",""magnitude"":0.36023060831237264,""start_week"":28,""duration_weeks"":7,""recovery_weeks"":2},{""target"":""corridor"",""magnitude"":0.2425765213692278,""start_week"":34,""duration_weeks"":1,""recovery_weeks"":1}]"
A,42,323,Supplier-cluster shock,False,,False,Non-failure,Unclassified,Unclassified,2,0.8654521647397999,159.26944319941936,False,False,False,False,True,"[{""target"":""demand"",""magnitude"":0.15546536335795297,""start_week"":5,""duration_weeks"":8,""recovery_weeks"":1},{""target"":""S1C"",""magnitude"":0.35434156996130495,""start_week"":38,""duration_weeks"":4,""recovery_weeks"":4}]"
A,42,324,Supplier-cluster shock,True,True,True,Structural,Concentrated dependency; Hidden convergent dependency; Propagation-amplified cascade,Hidden convergent dependency,3,0.6021193688960541,1598.684978283568,True,False,False,False,False,"[{""target"":""T2P"",""magnitude"":0.2705999873837173,""start_week"":27,""duration_weeks"":10,""recovery_weeks"":4},{""target"":""T2P"",""magnitude"":0.45809256799355125,""start_week"":46,""duration_weeks"":11,""recovery_weeks"":3},{""target"":""T2P"",""magnitude"":0.36624850175022816,""start_week"":51,""duration_weeks"":1,""recovery_weeks"":1}]"
A,42,325,Supplier-cluster shock,False,,False,Non-failure,Unclassified,Unclassified,1,0.9975034549436533,5.242744618328061,False,False,True,False,False,"[{""target"":""S1A"",""magnitude"":0.2556172263767801,""start_week"":9,""duration_weeks"":5,""recovery_weeks"":2}]"
A,42,326,Supplier-cluster shock,False,,False,Non-failure,Unclassified,Unclassified,1,1.0,0.0,True,False,False,False,False,"[{""target"":""T2P"",""magnitude"":0.19121496205136462,""start_week"":5,""duration_weeks"":2,""recovery_weeks"":3}]"
A,42,327,Supplier-cluster shock,False,,False,Non-failure,Unclassified,Unclassified,3,0.804258601261302,219.04305230749014,False,True,False,False,False,"[{""target"":""demand"",""magnitude"":0.24338116923054454,""start_week"":7,""duration_weeks"":1,""recovery_weeks"":4},{""target"":""demand"",""magnitude"":0.10443627758171764,""start_week"":12,""duration_weeks"":2,""recovery_weeks"":2},{""target"":""corridor"",""magnitude"":0.2068511789078618,""start_week"":44,""duration_weeks"":2,""recovery_weeks"":2}]"
A,42,328,Supplier-cluster shock,True,True,True,Structural,Concentrated dependency,Concentrated dependency,3,0.6913266520076844,2863.264140726228,False,True,False,False,True,"[{""target"":""corridor"",""magnitude"":0.4815050109942366,""start_week"":2,""duration_weeks"":9,""recovery_weeks"":3},{""target"":""corridor"",""magnitude"":0.3915294321727489,""start_week"":19,""duration_weeks"":1,""recovery_weeks"":1},{""target"":""S1C"",""magnitude"":0.23059784248732396,""start_week"":22,""duration_weeks"":2,""recovery_weeks"":2}]"
A,42,329,Supplier-cluster shock,False,,False,Non-failure,Unclassified,Unclassified,1,1.0,0.0,True,False,False,False,False,"[{""target"":""T2P"",""magnitude"":0.2636742171367071,""start_week"":34,""duration_weeks"":1,""recovery_weeks"":1}]"
A,42,330,Supplier-cluster shock,True,True,False,Structural,Concentrated dependency,Concentrated dependency,3,0.899053778182691,635.9611974490456,False,True,True,False,False,"[{""target"":""corridor"",""magnitude"":0.32570966636298165,""start_week"":6,""duration_weeks"":6,""recovery_weeks"":3},{""target"":""S1A"",""magnitude"":0.2810491142414798,""start_week"":7,""duration_weeks"":1,""recovery_weeks"":1},{""target"":""corridor"",""magnitude"":0.23267436491228577,""start_week"":44,""duration_weeks"":3,""recovery_weeks"":1}]"
A,42,331,Supplier-cluster shock,False,,False,Non-failure,Unclassified,Unclassified,3,0.8295707912954948,184.8983708726289,False,True,False,False,False,"[{""target"":""corridor"",""magnitude"":0.18493053222052205,""start_week"":27,""duration_weeks"":2,""recovery_weeks"":1},{""target"":""demand"",""magnitude"":0.20544263430292087,""start_week"":34,""duration_weeks"":1,""recovery_weeks"":1},{""target"":""demand"",""magnitude"":0.11897793821981023,""start_week"":37,""duration_weeks"":1,""recovery_weeks"":1}]"
A,42,332,Supplier-cluster shock,True,False,True,Adaptation-limited,Concentrated dependency,Concentrated dependency,2,0.7382436306735655,2355.807323937911,False,True,False,False,False,"[{""target"":""corridor"",""magnitude"":0.44631727699482593,""start_week"":23,""duration_weeks"":9,""recovery_weeks"":2},{""target"":""demand"",""magnitude"":0.17891492675875914,""start_week"":51,""duration_weeks"":3,""recovery_weeks"":4}]"
A,42,333,Supplier-cluster shock,False,,False,Non-failure,Unclassified,Unclassified,1,0.9239247208362323,95.0403831080414,True,False,False,False,False,"[{""target"":""T2P"",""magnitude"":0.336935502494782,""start_week"":12,""duration_weeks"":1,""recovery_weeks"":4}]"
A,42,334,Supplier-cluster shock,True,True,False,Structural,Compounding moderate disturbance,Compounding moderate disturbance,6,0.8931993121544837,289.3865021733494,False,False,True,True,True,"[{""target"":""S1C"",""magnitude"":0.1881088914677921,""start_week"":2,""duration_weeks"":5,""recovery_weeks"":1},{""target"":""S1A"",""magnitude"":0.4414825071792715,""start_week"":6,""duration_weeks"":2,""recovery_weeks"":1},{""target"":""S1C"",""magnitude"":0.4236602098655531,""start_week"":9,""duration_weeks"":3,""recovery_weeks"":4},{""target"":""S1B"",""magnitude"":0.4340282016146051,""start_week"":23,""duration_weeks"":4,""recovery_weeks"":4},{""target"":""S1C"",""magnitude"":0.30627334603780665,""start_week"":24,""duration_weeks"":3,""recovery_weeks"":1},{""target"":""S1A"",""magnitude"":0.24709978297710344,""start_week"":40,""duration_weeks"":5,""recovery_weeks"":1}]"
A,42,335,Supplier-cluster shock,False,,False,Non-failure,Unclassified,Unclassified,1,0.9914233170024374,15.43802939561283,False,True,False,False,False,"[{""target"":""corridor"",""magnitude"":0.25643251224817215,""start_week"":38,""duration_weeks"":1,""recovery_weeks"":3}]"
A,42,336,Supplier-cluster shock,False,,False,Non-failure,Unclassified,Unclassified,1,1.0,0.0,False,False,False,False,True,"[{""target"":""S1C"",""magnitude"":0.22664746210088202,""start_week"":1,""duration_weeks"":2,""recovery_weeks"":4}]"
A,42,337,Supplier-cluster shock,True,False,False,Adaptation-limited,Concentrated dependency; Hidden convergent dependency; Propagation-amplified cascade,Hidden convergent dependency,1,0.5002061129949108,874.7217474568706,True,False,False,False,False,"[{""target"":""T2P"",""magnitude"":0.6249072491522901,""start_week"":18,""duration_weeks"":1,""recovery_weeks"":3}]"
A,42,338,Supplier-cluster shock,False,,False,Non-failure,Unclassified,Unclassified,3,0.9265891276404882,154.16283195497488,False,False,True,False,False,"[{""target"":""S1A"",""magnitude"":0.4151744628089016,""start_week"":11,""duration_weeks"":10,""recovery_weeks"":2},{""target"":""demand"",""magnitude"":0.07736072484019407,""start_week"":26,""duration_weeks"":8,""recovery_weeks"":2},{""target"":""demand"",""magnitude"":0.09138077425833376,""start_week"":35,""duration_weeks"":6,""recovery_weeks"":2}]"
A,42,339,Supplier-cluster shock,False,,False,Non-failure,Unclassified,Unclassified,3,0.9518247745072287,101.1679735348198,False,False,True,False,True,"[{""target"":""S1A"",""magnitude"":0.3583942573587354,""start_week"":6,""duration_weeks"":4,""recovery_weeks"":3},{""target"":""S1C"",""magnitude"":0.31766030344709406,""start_week"":33,""duration_weeks"":6,""recovery_weeks"":3},{""target"":""S1A"",""magnitude"":0.2564187584352605,""start_week"":40,""duration_weeks"":8,""recovery_weeks"":3}]"
A,42,340,Supplier-cluster shock,True,False,True,Adaptation-limited,Concentrated dependency; Hidden convergent dependency; Propagation-amplified cascade,Hidden convergent dependency,2,0.8088164829453417,640.4887401189437,True,False,False,False,False,"[{""target"":""T2P"",""magnitude"":0.2720651653491926,""start_week"":5,""duration_weeks"":6,""recovery_weeks"":2},{""target"":""demand"",""magnitude"":0.0699085687601464,""start_week"":34,""duration_weeks"":1,""recovery_weeks"":2}]"
A,42,341,Supplier-cluster shock,False,,False,Non-failure,Unclassified,Unclassified,3,0.8133390479923164,339.44393964478604,True,True,False,False,False,"[{""target"":""T2P"",""magnitude"":0.23422718088008154,""start_week"":10,""duration_weeks"":1,""recovery_weeks"":4},{""target"":""demand"",""magnitude"":0.2294995579868519,""start_week"":15,""duration_weeks"":1,""recovery_weeks"":3},{""target"":""corridor"",""magnitude"":0.22295867288678345,""start_week"":21,""duration_weeks"":2,""recovery_weeks"":4}]"
A,42,342,Supplier-cluster shock,True,True,True,Structural,Concentrated dependency; Hidden convergent dependency; Propagation-amplified cascade,Hidden convergent dependency,2,0.8001447136177424,699.0231830802388,True,False,False,False,False,"[{""target"":""T2P"",""magnitude"":0.2798697577440319,""start_week"":5,""duration_weeks"":6,""recovery_weeks"":2},{""target"":""T2P"",""magnitude"":0.22674552177344962,""start_week"":24,""duration_weeks"":1,""recovery_weeks"":4}]"
A,42,343,Supplier-cluster shock,False,,False,Non-failure,Unclassified,Unclassified,2,0.8526450818930162,179.4068446295695,True,False,False,False,False,"[{""target"":""T2P"",""magnitude"":0.3469482285674663,""start_week"":6,""duration_weeks"":1,""recovery_weeks"":4},{""target"":""T2P"",""magnitude"":0.348929139444428,""start_week"":44,""duration_weeks"":2,""recovery_weeks"":3}]"
A,42,344,Supplier-cluster shock,False,,False,Non-failure,Unclassified,Unclassified,3,0.9664101628372547,90.69256033941224,True,True,False,False,True,"[{""target"":""T2P"",""magnitude"":0.21556957830532086,""start_week"":19,""duration_weeks"":3,""recovery_weeks"":2},{""target"":""corridor"",""magnitude"":0.27519237787205897,""start_week"":32,""duration_weeks"":2,""recovery_weeks"":4},{""target"":""S1C"",""magnitude"":0.17362099166623868,""start_week"":44,""duration_weeks"":3,""recovery_weeks"":3}]"
A,42,345,Supplier-cluster shock,False,,False,Non-failure,Unclassified,Unclassified,3,0.8739409098164532,129.81790861469108,True,True,False,False,False,"[{""target"":""corridor"",""magnitude"":0.18847656207120625,""start_week"":8,""duration_weeks"":12,""recovery_weeks"":3},{""target"":""T2P"",""magnitude"":0.24198463777452273,""start_week"":28,""duration_weeks"":1,""recovery_weeks"":1},{""target"":""demand"",""magnitude"":0.1442421206829898,""start_week"":46,""duration_weeks"":8,""recovery_weeks"":3}]"
A,42,346,Supplier-cluster shock,False,,False,Non-failure,Unclassified,Unclassified,4,0.7857662367997674,192.8103868802093,True,False,True,True,False,"[{""target"":""T2P"",""magnitude"":0.3642701289600697,""start_week"":9,""duration_weeks"":2,""recovery_weeks"":1},{""target"":""S1A"",""magnitude"":0.29720785441516867,""start_week"":35,""duration_weeks"":3,""recovery_weeks"":2},{""target"":""S1B"",""magnitude"":0.3024407576984637,""start_week"":39,""duration_weeks"":5,""recovery_weeks"":2},{""target"":""S1A"",""magnitude"":0.2690819499404975,""start_week"":40,""duration_weeks"":2,""recovery_weeks"":1}]"
A,42,347,Supplier-cluster shock,True,False,True,Adaptation-limited,Hidden convergent dependency; Compounding moderate disturbance; Propagation-amplified cascade,Hidden convergent dependency,4,0.6549034283398854,770.2124155954405,True,True,False,False,False,"[{""target"":""T2P"",""magnitude"":0.2776011118931081,""start_week"":7,""duration_weeks"":3,""recovery_weeks"":3},{""target"":""T2P"",""magnitude"":0.2614785162562979,""start_week"":8,""duration_weeks"":1,""recovery_weeks"":3},{""target"":""demand"",""magnitude"":0.0975770564947955,""start_week"":28,""duration_weeks"":2,""recovery_weeks"":3},{""target"":""corridor"",""magnitude"":0.24572528553690026,""start_week"":41,""duration_weeks"":1,""recovery_weeks"":3}]"
A,42,348,Supplier-cluster shock,True,True,True,Structural,Concentrated dependency; Propagation-amplified cascade,Propagation-amplified cascade,7,0.7341677452316228,1061.4328891348127,True,True,True,True,True,"[{""target"":""T2P"",""magnitude"":0.2549737599746226,""start_week"":14,""duration_weeks"":1,""recovery_weeks"":1},{""target"":""T2P"",""magnitude"":0.43173165679893655,""start_week"":21,""duration_weeks"":2,""recovery_weeks"":4},{""target"":""corridor"",""magnitude"":0.44937419107628296,""start_week"":23,""duration_weeks"":3,""recovery_weeks"":4},{""target"":""S1A"",""magnitude"":0.41040217456306294,""start_week"":24,""duration_weeks"":3,""recovery_weeks"":4},{""target"":""S1B"",""magnitude"":0.23871634077987297,""start_week"":28,""duration_weeks"":1,""recovery_weeks"":3},{""target"":""corridor"",""magnitude"":0.37345437649298097,""start_week"":42,""duration_weeks"":1,""recovery_weeks"":2},{""target"":""S1C"",""magnitude"":0.5231980493122036,""start_week"":48,""duration_weeks"":3,""recovery_weeks"":4}]"
A,42,349,Supplier-cluster shock,True,True,True,Structural,Concentrated dependency; Hidden convergent dependency; Propagation-amplified cascade,Hidden convergent dependency,1,0.5172301355829686,1472.4643898766412,True,False,False,False,False,"[{""target"":""T2P"",""magnitude"":0.5344928779753283,""start_week"":37,""duration_weeks"":3,""recovery_weeks"":3}]"
A,42,350,Supplier-cluster shock,False,,False,Non-failure,Unclassified,Unclassified,2,0.9153486489694144,83.23190951699621,False,False,False,False,False,"[{""target"":""demand"",""magnitude"":0.09247989946332921,""start_week"":28,""duration_weeks"":1,""recovery_weeks"":4},{""target"":""demand"",""magnitude"":0.15103001968050045,""start_week"":50,""duration_weeks"":1,""recovery_weeks"":2}]"
A,42,351,Supplier-cluster shock,False,,False,Non-failure,Unclassified,Unclassified,2,0.9379207955616463,94.44975598472297,True,False,True,False,False,"[{""target"":""T2P"",""magnitude"":0.35397395057420156,""start_week"":42,""duration_weeks"":1,""recovery_weeks"":3},{""target"":""S1A"",""magnitude"":0.3164606518787332,""start_week"":47,""duration_weeks"":1,""recovery_weeks"":4}]"
A,42,352,Supplier-cluster shock,False,,False,Non-failure,Unclassified,Unclassified,2,0.9432671569484006,102.11911749287901,True,False,False,False,True,"[{""target"":""T2P"",""magnitude"":0.18680873944974838,""start_week"":1,""duration_weeks"":4,""recovery_weeks"":2},{""target"":""S1C"",""magnitude"":0.37764889686609887,""start_week"":3,""duration_weeks"":1,""recovery_weeks"":2}]"
A,42,353,Supplier-cluster shock,True,True,True,Structural,Concentrated dependency; Hidden convergent dependency; Propagation-amplified cascade,Hidden convergent dependency,3,0.5654207374311258,718.924677091954,True,True,False,False,False,"[{""target"":""T2P"",""magnitude"":0.49112133631198684,""start_week"":26,""duration_weeks"":2,""recovery_weeks"":2},{""target"":""T2P"",""magnitude"":0.2688907678218901,""start_week"":40,""duration_weeks"":1,""recovery_weeks"":4},{""target"":""corridor"",""magnitude"":0.22094682911705776,""start_week"":50,""duration_weeks"":1,""recovery_weeks"":3}]"
A,42,354,Supplier-cluster shock,True,True,True,Structural,Concentrated dependency,Concentrated dependency,6,0.5844582128156119,792.6037514250936,True,True,True,False,True,"[{""target"":""demand"",""magnitude"":0.09615208498042555,""start_week"":4,""duration_weeks"":1,""recovery_weeks"":1},{""target"":""corridor"",""magnitude"":0.2784905063113866,""start_week"":13,""duration_weeks"":1,""recovery_weeks"":1},{""target"":""corridor"",""magnitude"":0.5616563403882912,""start_week"":17,""duration_weeks"":1,""recovery_weeks"":3},{""target"":""S1C"",""magnitude"":0.5570353146775004,""start_week"":26,""duration_weeks"":2,""recovery_weeks"":3},{""target"":""S1A"",""magnitude"":0.6051534325809912,""start_week"":45,""duration_weeks"":6,""recovery_weeks"":3},{""target"":""T2P"",""magnitude"":0.27867485631204114,""start_week"":51,""duration_weeks"":1,""recovery_weeks"":4}]"
A,42,355,Supplier-cluster shock,False,,False,Non-failure,Unclassified,Unclassified,1,0.8938011328679704,211.3160786647329,True,False,False,False,False,"[{""target"":""T2P"",""magnitude"":0.19557898041882654,""start_week"":30,""duration_weeks"":7,""recovery_weeks"":4}]"
A,42,356,Supplier-cluster shock,True,True,False,Structural,Concentrated dependency; Propagation-amplified cascade; Recovery lag and temporal overlap,Propagation-amplified cascade,3,0.8695038332764977,308.0699029510911,True,False,True,False,True,"[{""target"":""T2P"",""magnitude"":0.2969719582986686,""start_week"":22,""duration_weeks"":1,""recovery_weeks"":2},{""target"":""S1C"",""magnitude"":0.5436163751278801,""start_week"":24,""duration_weeks"":7,""recovery_weeks"":4},{""target"":""S1A"",""magnitude"":0.2736044902547303,""start_week"":39,""duration_weeks"":5,""recovery_weeks"":3}]"
A,42,357,Supplier-cluster shock,False,,False,Non-failure,Unclassified,Unclassified,1,0.8911586344349023,109.92120282906103,False,False,False,False,False,"[{""target"":""demand"",""magnitude"":0.12213466981006775,""start_week"":7,""duration_weeks"":6,""recovery_weeks"":4}]"
A,42,358,Supplier-cluster shock,False,,False,Non-failure,Unclassified,Unclassified,1,1.0,0.0,False,True,False,False,False,"[{""target"":""corridor"",""magnitude"":0.17414505629513533,""start_week"":34,""duration_weeks"":2,""recovery_weeks"":2}]"
A,42,359,Supplier-cluster shock,False,,False,Non-failure,Unclassified,Unclassified,2,0.8625245736372036,143.44853179633515,False,False,False,False,False,"[{""target"":""demand"",""magnitude"":0.15938725755148342,""start_week"":4,""duration_weeks"":2,""recovery_weeks"":3},{""target"":""demand"",""magnitude"":0.12669462614618626,""start_week"":48,""duration_weeks"":4,""recovery_weeks"":2}]"
A,42,360,Supplier-cluster shock,True,True,True,Structural,Concentrated dependency,Concentrated dependency,2,0.8499301240190049,540.2515535315822,False,True,False,False,False,"[{""target"":""corridor"",""magnitude"":0.23554510817257474,""start_week"":11,""duration_weeks"":4,""recovery_weeks"":4},{""target"":""corridor"",""magnitude"":0.3625524069857463,""start_week"":41,""duration_weeks"":3,""recovery_weeks"":1}]"
A,42,361,Supplier-cluster shock,False,,False,Non-failure,Unclassified,Unclassified,3,0.9669117864233473,51.5969678878472,False,False,True,True,False,"[{""target"":""S1B"",""magnitude"":0.2057315207838189,""start_week"":24,""duration_weeks"":4,""recovery_weeks"":4},{""target"":""S1A"",""magnitude"":0.25995227068766,""start_week"":37,""duration_weeks"":1,""recovery_weeks"":1},{""target"":""S1B"",""magnitude"":0.3244484805474688,""start_week"":49,""duration_weeks"":2,""recovery_weeks"":3}]"
A,42,362,Supplier-cluster shock,True,True,True,Structural,Concentrated dependency; Hidden convergent dependency; Propagation-amplified cascade,Hidden convergent dependency,4,0.6143657761787377,3416.757980902654,True,True,False,False,False,"[{""target"":""T2P"",""magnitude"":0.447070801439136,""start_week"":24,""duration_weeks"":2,""recovery_weeks"":2},{""target"":""T2P"",""magnitude"":0.26702947262600474,""start_week"":31,""duration_weeks"":4,""recovery_weeks"":4},{""target"":""corridor"",""magnitude"":0.47514358399040557,""start_week"":33,""duration_weeks"":10,""recovery_weeks"":3},{""target"":""demand"",""magnitude"":0.2152950720579832,""start_week"":48,""duration_weeks"":5,""recovery_weeks"":1}]"
A,42,363,Supplier-cluster shock,True,True,True,Structural,Concentrated dependency; Hidden convergent dependency; Propagation-amplified cascade,Hidden convergent dependency,1,0.6075760163165154,2352.0434751786565,True,False,False,False,False,"[{""target"":""T2P"",""magnitude"":0.4531815853151362,""start_week"":23,""duration_weeks"":7,""recovery_weeks"":2}]"
A,42,364,Supplier-cluster shock,False,,False,Non-failure,Unclassified,Unclassified,0,1.0,0.0,False,False,False,False,False,[]
A,42,365,Supplier-cluster shock,False,,False,Non-failure,Unclassified,Unclassified,3,0.8814023546951762,223.3699355557378,False,False,True,False,True,"[{""target"":""demand"",""magnitude"":0.09075315605993693,""start_week"":23,""duration_weeks"":5,""recovery_weeks"":1},{""target"":""S1C"",""magnitude"":0.2972636993915031,""start_week"":24,""duration_weeks"":4,""recovery_weeks"":1},{""target"":""S1A"",""magnitude"":0.5168447019358534,""start_week"":40,""duration_weeks"":2,""recovery_weeks"":4}]"
A,42,366,Supplier-cluster shock,True,False,False,Adaptation-limited,Concentrated dependency; Propagation-amplified cascade,Propagation-amplified cascade,6,0.6676448414754912,459.5993025691321,True,True,False,True,True,"[{""target"":""T2P"",""magnitude"":0.39970654755735274,""start_week"":2,""duration_weeks"":2,""recovery_weeks"":1},{""target"":""corridor"",""magnitude"":0.3595400586805079,""start_week"":29,""duration_weeks"":2,""recovery_weeks"":4},{""target"":""demand"",""magnitude"":0.12552500183252308,""start_week"":33,""duration_weeks"":2,""recovery_weeks"":1},{""target"":""demand"",""magnitude"":0.2550828751862836,""start_week"":37,""duration_weeks"":1,""recovery_weeks"":3},{""target"":""S1B"",""magnitude"":0.33420103202805834,""start_week"":42,""duration_weeks"":1,""recovery_weeks"":4},{""target"":""S1C"",""magnitude"":0.30583753075799436,""start_week"":51,""duration_weeks"":1,""recovery_weeks"":1}]"
A,42,367,Supplier-cluster shock,True,True,False,Structural,Concentrated dependency; Hidden convergent dependency; Propagation-amplified cascade,Hidden convergent dependency,5,0.7069682464896186,785.9121105123402,True,False,False,True,True,"[{""target"":""S1C"",""magnitude"":0.2017736403381774,""start_week"":10,""duration_weeks"":3,""recovery_weeks"":3},{""target"":""S1B"",""magnitude"":0.40189830361761747,""start_week"":12,""duration_weeks"":5,""recovery_weeks"":2},{""target"":""T2P"",""magnitude"":0.36372857815934323,""start_week"":36,""duration_weeks"":3,""recovery_weeks"":2},{""target"":""S1C"",""magnitude"":0.44034329608862466,""start_week"":43,""duration_weeks"":1,""recovery_weeks"":4},{""target"":""demand"",""magnitude"":0.22674088407056314,""start_week"":46,""duration_weeks"":1,""recovery_weeks"":3}]"
A,42,368,Supplier-cluster shock,False,,False,Non-failure,Unclassified,Unclassified,4,0.9283199856174001,128.54024259292885,False,False,True,True,True,"[{""target"":""S1C"",""magnitude"":0.38772168849242383,""start_week"":12,""duration_weeks"":2,""recovery_weeks"":3},{""target"":""S1B"",""magnitude"":0.4913153194215858,""start_week"":25,""duration_weeks"":1,""recovery_weeks"":2},{""target"":""S1C"",""magnitude"":0.3939040238820475,""start_week"":39,""duration_weeks"":2,""recovery_weeks"":1},{""target"":""S1A"",""magnitude"":0.17622792014125055,""start_week"":45,""duration_weeks"":1,""recovery_weeks"":3}]"
A,42,369,Supplier-cluster shock,False,,False,Non-failure,Unclassified,Unclassified,2,0.8553886668481322,152.1532899380677,True,False,False,False,False,"[{""target"":""demand"",""magnitude"":0.1690592110422975,""start_week"":24,""duration_weeks"":1,""recovery_weeks"":1},{""target"":""T2P"",""magnitude"":0.1764432850399559,""start_week"":51,""duration_weeks"":8,""recovery_weeks"":1}]"
A,42,370,Supplier-cluster shock,False,,False,Non-failure,Unclassified,Unclassified,1,0.9189395839162581,79.3897398177769,False,False,False,False,False,"[{""target"":""demand"",""magnitude"":0.088210822019752,""start_week"":17,""duration_weeks"":1,""recovery_weeks"":4}]"
A,42,371,Supplier-cluster shock,True,False,False,Adaptation-limited,Concentrated dependency; Propagation-amplified cascade,Propagation-amplified cascade,4,0.8352841863636442,377.8326658846429,True,True,False,False,False,"[{""target"":""T2P"",""magnitude"":0.4406721006696013,""start_week"":17,""duration_weeks"":1,""recovery_weeks"":1},{""target"":""corridor"",""magnitude"":0.37353686022726684,""start_week"":22,""duration_weeks"":1,""recovery_weeks"":2},{""target"":""corridor"",""magnitude"":0.20945964009422838,""start_week"":26,""duration_weeks"":1,""recovery_weeks"":4},{""target"":""demand"",""magnitude"":0.17172300604563845,""start_week"":27,""duration_weeks"":6,""recovery_weeks"":1}]"
A,42,372,Supplier-cluster shock,False,,False,Non-failure,Unclassified,Unclassified,1,1.0,0.0,True,False,False,False,False,"[{""target"":""T2P"",""magnitude"":0.17459980073383363,""start_week"":5,""duration_weeks"":4,""recovery_weeks"":1}]"
A,42,373,Supplier-cluster shock,False,,False,Non-failure,Unclassified,Unclassified,3,0.9071354429798197,124.17856225689161,False,False,True,False,True,"[{""target"":""demand"",""magnitude"":0.09099105646444641,""start_week"":7,""duration_weeks"":1,""recovery_weeks"":2},{""target"":""S1C"",""magnitude"":0.281950775172472,""start_week"":31,""duration_weeks"":1,""recovery_weeks"":1},{""target"":""S1A"",""magnitude"":0.5272517285202349,""start_week"":48,""duration_weeks"":1,""recovery_weeks"":3}]"
A,42,374,Supplier-cluster shock,True,True,True,Structural,Concentrated dependency; Hidden convergent dependency; Propagation-amplified cascade,Hidden convergent dependency,3,0.762156977925672,1326.5284788020554,True,False,True,True,False,"[{""target"":""T2P"",""magnitude"":0.3140587198668951,""start_week"":10,""duration_weeks"":8,""recovery_weeks"":1},{""target"":""S1A"",""magnitude"":0.21489872366492657,""start_week"":20,""duration_weeks"":1,""recovery_weeks"":3},{""target"":""S1B"",""magnitude"":0.2995124413509518,""start_week"":31,""duration_weeks"":2,""recovery_weeks"":4}]"
A,42,375,Supplier-cluster shock,True,False,True,Adaptation-limited,Concentrated dependency; Hidden convergent dependency; Propagation-amplified cascade,Hidden convergent dependency,4,0.753632550711426,730.3842261582997,True,False,False,False,True,"[{""target"":""T2P"",""magnitude"":0.32173070435971657,""start_week"":2,""duration_weeks"":5,""recovery_weeks"":1},{""target"":""demand"",""magnitude"":0.06666947548366936,""start_week"":25,""duration_weeks"":3,""recovery_weeks"":1},{""target"":""demand"",""magnitude"":0.18413222627373682,""start_week"":34,""duration_weeks"":1,""recovery_weeks"":4},{""target"":""S1C"",""magnitude"":0.2634478948139036,""start_week"":43,""duration_weeks"":1,""recovery_weeks"":3}]"
A,42,376,Supplier-cluster shock,True,False,False,Adaptation-limited,Compounding moderate disturbance,Compounding moderate disturbance,6,0.8577202649950135,602.9674136768406,False,True,False,True,True,"[{""target"":""corridor"",""magnitude"":0.24560467662562324,""start_week"":22,""duration_weeks"":6,""recovery_weeks"":1},{""target"":""demand"",""magnitude"":0.05085857174655964,""start_week"":32,""duration_weeks"":1,""recovery_weeks"":1},{""target"":""S1B"",""magnitude"":0.4517945856916281,""start_week"":37,""duration_weeks"":8,""recovery_weeks"":4},{""target"":""S1C"",""magnitude"":0.42657668424417083,""start_week"":40,""duration_weeks"":2,""recovery_weeks"":3},{""target"":""demand"",""magnitude"":0.12228329686481952,""start_week"":45,""duration_weeks"":2,""recovery_weeks"":2},{""target"":""demand"",""magnitude"":0.21080306774403346,""start_week"":49,""duration_weeks"":3,""recovery_weeks"":2}]"
A,42,377,Supplier-cluster shock,True,True,False,Structural,Concentrated dependency; Propagation-amplified cascade,Propagation-amplified cascade,4,0.8699440623836989,488.4242559566138,True,True,False,False,False,"[{""target"":""T2P"",""magnitude"":0.3656091544389135,""start_week"":5,""duration_weeks"":1,""recovery_weeks"":3},{""target"":""T2P"",""magnitude"":0.3763366525722488,""start_week"":20,""duration_weeks"":1,""recovery_weeks"":1},{""target"":""corridor"",""magnitude"":0.3475419532122258,""start_week"":28,""duration_weeks"":4,""recovery_weeks"":2},{""target"":""T2P"",""magnitude"":0.21869304623314056,""start_week"":30,""duration_weeks"":1,""recovery_weeks"":1}]"
A,42,378,Supplier-cluster shock,False,,False,Non-failure,Unclassified,Unclassified,3,0.8852441857551193,233.60555948721105,False,False,True,True,False,"[{""target"":""S1B"",""magnitude"":0.16728107374593576,""start_week"":1,""duration_weeks"":1,""recovery_weeks"":1},{""target"":""S1A"",""magnitude"":0.393006818767246,""start_week"":5,""duration_weeks"":13,""recovery_weeks"":3},{""target"":""S1B"",""magnitude"":0.5082005820509815,""start_week"":25,""duration_weeks"":6,""recovery_weeks"":4}]"
A,42,379,Supplier-cluster shock,True,True,True,Structural,Concentrated dependency,Concentrated dependency,3,0.7419816594995889,1283.4625278945487,False,True,False,False,False,"[{""target"":""corridor"",""magnitude"":0.32978051127368296,""start_week"":15,""duration_weeks"":1,""recovery_weeks"":1},{""target"":""corridor"",""magnitude"":0.4036391411407696,""start_week"":20,""duration_weeks"":7,""recovery_weeks"":2},{""target"":""corridor"",""magnitude"":0.44351375537530824,""start_week"":39,""duration_weeks"":2,""recovery_weeks"":3}]"
A,42,380,Supplier-cluster shock,False,,False,Non-failure,Unclassified,Unclassified,3,0.868669448836701,136.06728797157075,False,True,False,False,False,"[{""target"":""demand"",""magnitude"":0.15118587552396734,""start_week"":6,""duration_weeks"":2,""recovery_weeks"":2},{""target"":""corridor"",""magnitude"":0.2697984564291841,""start_week"":32,""duration_weeks"":1,""recovery_weeks"":4},{""target"":""corridor"",""magnitude"":0.37829300929268805,""start_week"":50,""duration_weeks"":15,""recovery_weeks"":2}]"
A,42,381,Supplier-cluster shock,True,True,False,Structural,Concentrated dependency,Concentrated dependency,3,0.8889268999663894,199.93158006049907,False,False,True,False,True,"[{""target"":""S1C"",""magnitude"":0.4999144750756239,""start_week"":4,""duration_weeks"":1,""recovery_weeks"":2},{""target"":""S1A"",""magnitude"":0.4406499778450551,""start_week"":7,""duration_weeks"":1,""recovery_weeks"":4},{""target"":""S1C"",""magnitude"":0.49341670646216207,""start_week"":49,""duration_weeks"":2,""recovery_weeks"":3}]"
A,42,382,Supplier-cluster shock,False,,False,Non-failure,Unclassified,Unclassified,3,0.865954590545047,139.31546737748022,False,False,True,False,True,"[{""target"":""demand"",""magnitude"":0.15479496375275575,""start_week"":7,""duration_weeks"":2,""recovery_weeks"":4},{""target"":""S1C"",""magnitude"":0.27956330433944576,""start_week"":25,""duration_weeks"":3,""recovery_weeks"":4},{""target"":""S1A"",""magnitude"":0.24290225862032083,""start_week"":40,""duration_weeks"":1,""recovery_weeks"":3}]"
A,42,383,Supplier-cluster shock,True,True,False,Structural,Concentrated dependency,Concentrated dependency,6,0.8356681104392458,255.91213199434662,False,False,True,True,True,"[{""target"":""S1A"",""magnitude"":0.2321640919795953,""start_week"":18,""duration_weeks"":1,""recovery_weeks"":4},{""target"":""S1B"",""magnitude"":0.2503272414417621,""start_week"":23,""duration_weeks"":3,""recovery_weeks"":2},{""target"":""S1C"",""magnitude"":0.523428525318844,""start_week"":28,""duration_weeks"":2,""recovery_weeks"":1},{""target"":""S1B"",""magnitude"":0.17194678985492814,""start_week"":42,""duration_weeks"":3,""recovery_weeks"":4},{""target"":""S1A"",""magnitude"":0.388493487823376,""start_week"":43,""duration_weeks"":3,""recovery_weeks"":4},{""target"":""S1B"",""magnitude"":0.40445124066042737,""start_week"":45,""duration_weeks"":2,""recovery_weeks"":4}]"
A,42,384,Supplier-cluster shock,True,True,False,Structural,Concentrated dependency; Propagation-amplified cascade,Propagation-amplified cascade,5,0.6487855134306104,767.5689011563024,True,True,False,True,False,"[{""target"":""corridor"",""magnitude"":0.24740562114277703,""start_week"":10,""duration_weeks"":16,""recovery_weeks"":2},{""target"":""T2P"",""magnitude"":0.41470505723051365,""start_week"":28,""duration_weeks"":1,""recovery_weeks"":2},{""target"":""corridor"",""magnitude"":0.3145945525621247,""start_week"":34,""duration_weeks"":3,""recovery_weeks"":2},{""target"":""corridor"",""magnitude"":0.5134108649270422,""start_week"":42,""duration_weeks"":2,""recovery_weeks"":2},{""target"":""S1B"",""magnitude"":0.379715677343468,""start_week"":51,""duration_weeks"":2,""recovery_weeks"":4}]"
A,42,385,Supplier-cluster shock,True,False,False,Adaptation-limited,Compounding moderate disturbance,Compounding moderate disturbance,2,0.8864230170627551,536.8292948345037,False,False,False,False,False,"[{""target"":""demand"",""magnitude"":0.11598696474159541,""start_week"":12,""duration_weeks"":16,""recovery_weeks"":1},{""target"":""demand"",""magnitude"":0.12320064498645168,""start_week"":24,""duration_weeks"":8,""recovery_weeks"":3}]"
A,42,386,Supplier-cluster shock,False,,False,Non-failure,Unclassified,Unclassified,3,0.8612930873820138,159.52372714974035,True,True,False,False,False,"[{""target"":""demand"",""magnitude"":0.1610449621041306,""start_week"":20,""duration_weeks"":7,""recovery_weeks"":3},{""target"":""corridor"",""magnitude"":0.26382237804687403,""start_week"":40,""duration_weeks"":1,""recovery_weeks"":1},{""target"":""T2P"",""magnitude"":0.2134768861849289,""start_week"":45,""duration_weeks"":9,""recovery_weeks"":4}]"
A,42,387,Supplier-cluster shock,False,,False,Non-failure,Unclassified,Unclassified,5,0.8621652400780989,143.88342067522217,True,True,False,False,False,"[{""target"":""demand"",""magnitude"":0.15987046741691358,""start_week"":2,""duration_weeks"":1,""recovery_weeks"":1},{""target"":""demand"",""magnitude"":0.11730370475849089,""start_week"":10,""duration_weeks"":2,""recovery_weeks"":3},{""target"":""demand"",""magnitude"":0.18008914313324526,""start_week"":18,""duration_weeks"":6,""recovery_weeks"":4},{""target"":""corridor"",""magnitude"":0.21277814481456325,""start_week"":28,""duration_weeks"":2,""recovery_weeks"":3},{""target"":""T2P"",""magnitude"":0.2717944696563067,""start_week"":48,""duration_weeks"":1,""recovery_weeks"":2}]"
A,42,388,Supplier-cluster shock,False,,False,Non-failure,Unclassified,Unclassified,1,0.9006235262088587,178.8776528240544,False,False,False,False,True,"[{""target"":""S1C"",""magnitude"":0.473597066030068,""start_week"":38,""duration_weeks"":1,""recovery_weeks"":2}]"
A,42,389,Supplier-cluster shock,False,,False,Non-failure,Unclassified,Unclassified,3,0.9931347910551368,6.178688050376877,True,False,False,False,False,"[{""target"":""T2P"",""magnitude"":0.3624714752201508,""start_week"":14,""duration_weeks"":1,""recovery_weeks"":2},{""target"":""T2P"",""magnitude"":0.2953102732719487,""start_week"":29,""duration_weeks"":1,""recovery_weeks"":2},{""target"":""T2P"",""magnitude"":0.22181826703736598,""start_week"":46,""duration_weeks"":1,""recovery_weeks"":3}]"
A,42,390,Supplier-cluster shock,False,,False,Non-failure,Unclassified,Unclassified,3,0.8905031447520786,110.6645948460581,False,True,False,False,False,"[{""target"":""demand"",""magnitude"":0.12296066094006436,""start_week"":19,""duration_weeks"":3,""recovery_weeks"":1},{""target"":""corridor"",""magnitude"":0.3129982242503596,""start_week"":29,""duration_weeks"":1,""recovery_weeks"":3},{""target"":""corridor"",""magnitude"":0.20874795014286537,""start_week"":41,""duration_weeks"":8,""recovery_weeks"":2}]"
A,42,391,Supplier-cluster shock,False,,False,Non-failure,Unclassified,Unclassified,2,0.9535154062223374,125.50840319968893,False,True,True,False,False,"[{""target"":""corridor"",""magnitude"":0.2848634453332469,""start_week"":6,""duration_weeks"":2,""recovery_weeks"":1},{""target"":""S1A"",""magnitude"":0.2929787294385804,""start_week"":27,""duration_weeks"":1,""recovery_weeks"":1}]"
A,42,392,Supplier-cluster shock,False,,False,Non-failure,Unclassified,Unclassified,1,0.9826300427441603,62.531846121022,False,True,False,False,False,"[{""target"":""corridor"",""magnitude"":0.26302746794187964,""start_week"":11,""duration_weeks"":3,""recovery_weeks"":4}]"
A,42,393,Supplier-cluster shock,False,,False,Non-failure,Unclassified,Unclassified,2,1.0,0.0,False,False,True,True,False,"[{""target"":""S1B"",""magnitude"":0.2383393377115796,""start_week"":14,""duration_weeks"":2,""recovery_weeks"":3},{""target"":""S1A"",""magnitude"":0.2370898112348701,""start_week"":29,""duration_weeks"":1,""recovery_weeks"":1}]"
A,42,394,Supplier-cluster shock,True,True,False,Structural,Concentrated dependency,Concentrated dependency,2,0.8725362999848628,240.47265753746456,True,True,False,False,False,"[{""target"":""corridor"",""magnitude"":0.3455977750113528,""start_week"":22,""duration_weeks"":1,""recovery_weeks"":4},{""target"":""T2P"",""magnitude"":0.2729550959511513,""start_week"":36,""duration_weeks"":1,""recovery_weeks"":3}]"
A,42,395,Supplier-cluster shock,False,,False,Non-failure,Unclassified,Unclassified,1,1.0,0.0,True,False,False,False,False,"[{""target"":""T2P"",""magnitude"":0.17876839637666644,""start_week"":17,""duration_weeks"":2,""recovery_weeks"":4}]"
A,42,396,Supplier-cluster shock,False,,False,Non-failure,Unclassified,Unclassified,2,0.8007105571342704,252.00707942406882,False,False,False,False,True,"[{""target"":""demand"",""magnitude"":0.24889073971871079,""start_week"":22,""duration_weeks"":2,""recovery_weeks"":4},{""target"":""S1C"",""magnitude"":0.4071706221152681,""start_week"":31,""duration_weeks"":2,""recovery_weeks"":1}]"
A,42,397,Supplier-cluster shock,True,True,True,Structural,Concentrated dependency,Concentrated dependency,1,0.6275661569451052,2469.793517078775,False,True,False,False,False,"[{""target"":""corridor"",""magnitude"":0.5293253822911711,""start_week"":23,""duration_weeks"":6,""recovery_weeks"":3}]"
A,42,398,Supplier-cluster shock,True,False,False,Adaptation-limited,Concentrated dependency; Hidden convergent dependency; Propagation-amplified cascade,Hidden convergent dependency,3,0.6713738109464964,583.0542805926128,True,False,False,False,False,"[{""target"":""T2P"",""magnitude"":0.3957635701481532,""start_week"":23,""duration_weeks"":3,""recovery_weeks"":1},{""target"":""T2P"",""magnitude"":0.3184990488916668,""start_week"":37,""duration_weeks"":1,""recovery_weeks"":1},{""target"":""demand"",""magnitude"":0.07703884108985677,""start_week"":45,""duration_weeks"":1,""recovery_weeks"":3}]"
A,42,399,Supplier-cluster shock,True,True,True,Structural,Concentrated dependency; Hidden convergent dependency; Propagation-amplified cascade,Hidden convergent dependency,1,0.7062069190792131,1779.7239554583743,True,False,False,False,False,"[{""target"":""T2P"",""magnitude"":0.36441377282870824,""start_week"":28,""duration_weeks"":8,""recovery_weeks"":1}]"
A,42,400,Supplier-cluster shock,False,,False,Non-failure,Unclassified,Unclassified,4,0.8540831537382637,352.7883497136535,False,False,False,True,True,"[{""target"":""demand"",""magnitude"":0.1708461823922745,""start_week"":9,""duration_weeks"":3,""recovery_weeks"":2},{""target"":""demand"",""magnitude"":0.16123073764235318,""start_week"":14,""duration_weeks"":7,""recovery_weeks"":2},{""target"":""S1B"",""magnitude"":0.43710768226952545,""start_week"":24,""duration_weeks"":10,""recovery_weeks"":1},{""target"":""S1C"",""magnitude"":0.370386074960778,""start_week"":50,""duration_weeks"":2,""recovery_weeks"":1}]"
A,42,401,Supplier-cluster shock,True,True,True,Structural,Concentrated dependency; Hidden convergent dependency; Propagation-amplified cascade; Recovery lag and temporal overlap,Hidden convergent dependency,4,0.5960864536322736,1348.2536158081139,True,True,False,False,False,"[{""target"":""T2P"",""magnitude"":0.1842269265321206,""start_week"":8,""duration_weeks"":6,""recovery_weeks"":4},{""target"":""corridor"",""magnitude"":0.18403523962739948,""start_week"":28,""duration_weeks"":2,""recovery_weeks"":2},{""target"":""T2P"",""magnitude"":0.4635221917309539,""start_week"":31,""duration_weeks"":2,""recovery_weeks"":3},{""target"":""corridor"",""magnitude"":0.40735500517688306,""start_week"":41,""duration_weeks"":3,""recovery_weeks"":4}]"
A,42,402,Supplier-cluster shock,False,,False,Non-failure,Unclassified,Unclassified,3,0.8920272824255931,179.16221518193697,False,True,True,False,True,"[{""target"":""S1A"",""magnitude"":0.3726153407390816,""start_week"":18,""duration_weeks"":1,""recovery_weeks"":1},{""target"":""corridor"",""magnitude"":0.3190863301160579,""start_week"":46,""duration_weeks"":2,""recovery_weeks"":3},{""target"":""S1C"",""magnitude"":0.4929386145424154,""start_week"":47,""duration_weeks"":1,""recovery_weeks"":4}]"
A,42,403,Supplier-cluster shock,True,False,False,Adaptation-limited,Concentrated dependency; Recovery lag and temporal overlap,Recovery lag and temporal overlap,4,0.8245615082753386,264.962790263324,False,True,True,True,False,"[{""target"":""S1B"",""magnitude"":0.25580459480025075,""start_week"":5,""duration_weeks"":1,""recovery_weeks"":3},{""target"":""demand"",""magnitude"":0.21902323809032426,""start_week"":23,""duration_weeks"":1,""recovery_weeks"":4},{""target"":""corridor"",""magnitude"":0.2882605627702866,""start_week"":45,""duration_weeks"":1,""recovery_weeks"":4},{""target"":""S1A"",""magnitude"":0.5914217995182958,""start_week"":49,""duration_weeks"":7,""recovery_weeks"":1}]"
A,42,404,Supplier-cluster shock,False,,False,Non-failure,Unclassified,Unclassified,0,1.0,0.0,False,False,False,False,False,[]
A,42,405,Supplier-cluster shock,False,,False,Non-failure,Unclassified,Unclassified,2,0.9459731269765319,113.45643334928309,False,False,True,False,True,"[{""target"":""S1A"",""magnitude"":0.3715604643028033,""start_week"":37,""duration_weeks"":7,""recovery_weeks"":3},{""target"":""S1C"",""magnitude"":0.23695445909055823,""start_week"":51,""duration_weeks"":6,""recovery_weeks"":2}]"
A,42,406,Supplier-cluster shock,False,,False,Non-failure,Unclassified,Unclassified,1,0.9256465055601489,66.91814499586599,True,False,False,False,False,"[{""target"":""T2P"",""magnitude"":0.32230604833195525,""start_week"":45,""duration_weeks"":2,""recovery_weeks"":1}]"
A,42,407,Supplier-cluster shock,False,,False,Non-failure,Unclassified,Unclassified,2,0.9605324627383809,82.8818282494002,False,True,False,False,True,"[{""target"":""corridor"",""magnitude"":0.23067932078569678,""start_week"":18,""duration_weeks"":1,""recovery_weeks"":1},{""target"":""S1C"",""magnitude"":0.3388019588386431,""start_week"":41,""duration_weeks"":2,""recovery_weeks"":3}]"
A,42,408,Supplier-cluster shock,True,True,False,Structural,Concentrated dependency; Hidden convergent dependency; Propagation-amplified cascade,Hidden convergent dependency,2,0.8337946739056226,314.31382974799226,True,False,False,False,False,"[{""target"":""T2P"",""magnitude"":0.33277972464658645,""start_week"":2,""duration_weeks"":2,""recovery_weeks"":4},{""target"":""demand"",""magnitude"":0.12500916612205487,""start_week"":43,""duration_weeks"":5,""recovery_weeks"":4}]"
A,42,409,Supplier-cluster shock,True,False,False,Adaptation-limited,Concentrated dependency,Concentrated dependency,3,0.6414373872088482,857.4058121993897,False,True,False,False,False,"[{""target"":""corridor"",""magnitude"":0.3087751289287204,""start_week"":4,""duration_weeks"":2,""recovery_weeks"":2},{""target"":""corridor"",""magnitude"":0.5189219595933638,""start_week"":8,""duration_weeks"":1,""recovery_weeks"":3},{""target"":""corridor"",""magnitude"":0.2256281555619483,""start_week"":46,""duration_weeks"":12,""recovery_weeks"":4}]"
A,42,410,Supplier-cluster shock,True,True,False,Structural,Concentrated dependency,Concentrated dependency,5,0.8903153940894759,296.1484359584151,False,True,True,True,True,"[{""target"":""corridor"",""magnitude"":0.33226345443289296,""start_week"":2,""duration_weeks"":2,""recovery_weeks"":4},{""target"":""S1B"",""magnitude"":0.3482785002718195,""start_week"":10,""duration_weeks"":1,""recovery_weeks"":4},{""target"":""S1A"",""magnitude"":0.37242023987381645,""start_week"":14,""duration_weeks"":2,""recovery_weeks"":3},{""target"":""S1B"",""magnitude"":0.2889472024772055,""start_week"":35,""duration_weeks"":1,""recovery_weeks"":1},{""target"":""S1C"",""magnitude"":0.20286393322731874,""start_week"":51,""duration_weeks"":1,""recovery_weeks"":2}]"
A,42,411,Supplier-cluster shock,True,True,True,Structural,Concentrated dependency,Concentrated dependency,2,0.6739769530076628,3158.0261629348583,False,True,False,False,False,"[{""target"":""corridor"",""magnitude"":0.4080049113262255,""start_week"":18,""duration_weeks"":12,""recovery_weeks"":2},{""target"":""demand"",""magnitude"":0.17114803611005894,""start_week"":21,""duration_weeks"":3,""recovery_weeks"":2}]"
A,42,412,Supplier-cluster shock,True,False,True,Adaptation-limited,Concentrated dependency; Hidden convergent dependency; Propagation-amplified cascade,Hidden convergent dependency,2,0.6955687649675502,856.9346134106269,True,True,False,False,False,"[{""target"":""corridor"",""magnitude"":0.21523213847277245,""start_week"":4,""duration_weeks"":1,""recovery_weeks"":3},{""target"":""T2P"",""magnitude"":0.37398811152920486,""start_week"":39,""duration_weeks"":4,""recovery_weeks"":2}]"
A,42,413,Supplier-cluster shock,True,False,True,Adaptation-limited,Concentrated dependency,Concentrated dependency,4,0.5850985072639013,820.2670562184451,False,True,True,True,False,"[{""target"":""demand"",""magnitude"":0.09351100557480208,""start_week"":7,""duration_weeks"":5,""recovery_weeks"":4},{""target"":""corridor"",""magnitude"":0.561176119552074,""start_week"":18,""duration_weeks"":1,""recovery_weeks"":4},{""target"":""S1A"",""magnitude"":0.2759233827933929,""start_week"":39,""duration_weeks"":6,""recovery_weeks"":3},{""target"":""S1B"",""magnitude"":0.19928021261792542,""start_week"":49,""duration_weeks"":3,""recovery_weeks"":3}]"
A,42,414,Supplier-cluster shock,True,True,True,Structural,Concentrated dependency; Hidden convergent dependency; Recovery lag and temporal overlap,Hidden convergent dependency,3,0.6464081795766137,954.4368569715432,True,False,False,False,False,"[{""target"":""demand"",""magnitude"":0.21924527702789726,""start_week"":8,""duration_weeks"":1,""recovery_weeks"":4},{""target"":""T2P"",""magnitude"":0.41823263838104763,""start_week"":9,""duration_weeks"":1,""recovery_weeks"":4},{""target"":""demand"",""magnitude"":0.16052011020346113,""start_week"":21,""duration_weeks"":5,""recovery_weeks"":4}]"
A,42,415,Supplier-cluster shock,False,,False,Non-failure,Unclassified,Unclassified,3,0.9016828063785629,206.4661066050179,False,False,True,True,True,"[{""target"":""S1C"",""magnitude"":0.4712136856482334,""start_week"":5,""duration_weeks"":6,""recovery_weeks"":1},{""target"":""S1A"",""magnitude"":0.3862817285736445,""start_week"":18,""duration_weeks"":2,""recovery_weeks"":1},{""target"":""S1B"",""magnitude"":0.38880774473502266,""start_week"":39,""duration_weeks"":2,""recovery_weeks"":1}]"
A,42,416,Supplier-cluster shock,False,,False,Non-failure,Unclassified,Unclassified,0,1.0,0.0,False,False,False,False,False,[]
A,42,417,Supplier-cluster shock,True,True,True,Structural,Concentrated dependency; Hidden convergent dependency; Propagation-amplified cascade; Recovery lag and temporal overlap,Hidden convergent dependency,3,0.4784416613672314,2014.121614984046,True,False,False,False,False,"[{""target"":""demand"",""magnitude"":0.10720174194485357,""start_week"":4,""duration_weeks"":4,""recovery_weeks"":3},{""target"":""T2P"",""magnitude"":0.5694025047694917,""start_week"":9,""duration_weeks"":4,""recovery_weeks"":2},{""target"":""demand"",""magnitude"":0.13207641297497416,""start_week"":23,""duration_weeks"":6,""recovery_weeks"":2}]"
A,42,418,Supplier-cluster shock,True,True,False,Structural,Concentrated dependency,Concentrated dependency,3,0.8664611560331262,189.42557754753784,False,False,True,True,False,"[{""target"":""S1B"",""magnitude"":0.47576115169955246,""start_week"":8,""duration_weeks"":1,""recovery_weeks"":3},{""target"":""S1A"",""magnitude"":0.550462398925466,""start_week"":12,""duration_weeks"":1,""recovery_weeks"":4},{""target"":""S1B"",""magnitude"":0.3642349290556567,""start_week"":44,""duration_weeks"":1,""recovery_weeks"":2}]"
A,42,419,Supplier-cluster shock,False,,False,Non-failure,Unclassified,Unclassified,1,0.9794228531219329,37.03886438052086,False,True,False,False,False,"[{""target"":""corridor"",""magnitude"":0.2654328601585503,""start_week"":30,""duration_weeks"":1,""recovery_weeks"":1}]"
A,42,420,Supplier-cluster shock,False,,False,Non-failure,Unclassified,Unclassified,1,0.9966139544463873,6.094881996502863,False,False,True,False,False,"[{""target"":""S1A"",""magnitude"":0.25761860249562857,""start_week"":13,""duration_weeks"":1,""recovery_weeks"":4}]"
A,42,421,Supplier-cluster shock,True,False,True,Adaptation-limited,Concentrated dependency; Hidden convergent dependency; Propagation-amplified cascade,Hidden convergent dependency,4,0.6933861600699298,773.750393669581,True,True,False,False,False,"[{""target"":""T2P"",""magnitude"":0.37595245593706306,""start_week"":1,""duration_weeks"":3,""recovery_weeks"":4},{""target"":""corridor"",""magnitude"":0.2702888282472547,""start_week"":26,""duration_weeks"":1,""recovery_weeks"":2},{""target"":""corridor"",""magnitude"":0.1832718026717054,""start_week"":31,""duration_weeks"":4,""recovery_weeks"":3},{""target"":""demand"",""magnitude"":0.09334134119623906,""start_week"":42,""duration_weeks"":10,""recovery_weeks"":4}]"
A,42,422,Supplier-cluster shock,False,,False,Non-failure,Unclassified,Unclassified,3,0.889569529042583,111.7253015271815,True,False,False,False,False,"[{""target"":""demand"",""magnitude"":0.12413922391909041,""start_week"":3,""duration_weeks"":1,""recovery_weeks"":4},{""target"":""T2P"",""magnitude"":0.37144136490068524,""start_week"":24,""duration_weeks"":1,""recovery_weeks"":3},{""target"":""demand"",""magnitude"":0.14641071781084206,""start_week"":45,""duration_weeks"":1,""recovery_weeks"":2}]"
A,42,423,Supplier-cluster shock,False,,False,Non-failure,Unclassified,Unclassified,2,0.8793831079260908,123.44472151907894,False,False,False,True,False,"[{""target"":""S1B"",""magnitude"":0.22931164365015966,""start_week"":12,""duration_weeks"":8,""recovery_weeks"":3},{""target"":""demand"",""magnitude"":0.13716080168786543,""start_week"":28,""duration_weeks"":4,""recovery_weeks"":4}]"
A,42,424,Supplier-cluster shock,False,,False,Non-failure,Unclassified,Unclassified,1,1.0,0.0,True,False,False,False,False,"[{""target"":""T2P"",""magnitude"":0.31820106120662217,""start_week"":50,""duration_weeks"":1,""recovery_weeks"":2}]"
A,42,425,Supplier-cluster shock,True,False,True,Adaptation-limited,Concentrated dependency,Concentrated dependency,2,0.7739023837007398,1256.5856977955614,True,True,False,False,False,"[{""target"":""corridor"",""magnitude"":0.4195732122244452,""start_week"":35,""duration_weeks"":5,""recovery_weeks"":3},{""target"":""T2P"",""magnitude"":0.25664954679196905,""start_week"":43,""duration_weeks"":1,""recovery_weeks"":4}]"
A,42,426,Supplier-cluster shock,False,,False,Non-failure,Unclassified,Unclassified,0,1.0,0.0,False,False,False,False,False,[]
A,42,427,Supplier-cluster shock,True,True,True,Structural,Concentrated dependency; Hidden convergent dependency; Recovery lag and temporal overlap,Hidden convergent dependency,3,0.6730683031411198,1505.1087748231662,True,False,False,True,False,"[{""target"":""demand"",""magnitude"":0.20051191358930792,""start_week"":32,""duration_weeks"":6,""recovery_weeks"":4},{""target"":""T2P"",""magnitude"":0.39423852717299235,""start_week"":41,""duration_weeks"":4,""recovery_weeks"":1},{""target"":""S1B"",""magnitude"":0.2829862756665329,""start_week"":44,""duration_weeks"":2,""recovery_weeks"":3}]"
A,42,428,Supplier-cluster shock,False,,False,Non-failure,Unclassified,Unclassified,5,0.855733684363218,193.11921423954914,False,False,True,True,True,"[{""target"":""demand"",""magnitude"":0.15856347687599098,""start_week"":5,""duration_weeks"":2,""recovery_weeks"":1},{""target"":""S1A"",""magnitude"":0.22996383310690072,""start_week"":29,""duration_weeks"":1,""recovery_weeks"":4},{""target"":""S1B"",""magnitude"":0.2820420177872909,""start_week"":31,""duration_weeks"":3,""recovery_weeks"":4},{""target"":""S1C"",""magnitude"":0.2761636528189783,""start_week"":33,""duration_weeks"":1,""recovery_weeks"":4},{""target"":""S1A"",""magnitude"":0.5745992101827596,""start_week"":37,""duration_weeks"":1,""recovery_weeks"":3}]"
A,42,429,Supplier-cluster shock,False,,False,Non-failure,Unclassified,Unclassified,3,0.8560481473882999,151.34273433777275,False,True,False,False,True,"[{""target"":""demand"",""magnitude"":0.16815859370863656,""start_week"":2,""duration_weeks"":2,""recovery_weeks"":4},{""target"":""corridor"",""magnitude"":0.3213410967902005,""start_week"":19,""duration_weeks"":1,""recovery_weeks"":4},{""target"":""S1C"",""magnitude"":0.37417302986130063,""start_week"":49,""duration_weeks"":1,""recovery_weeks"":3}]"
A,42,430,Supplier-cluster shock,False,,False,Non-failure,Unclassified,Unclassified,2,0.8290929803074281,185.52360395848427,False,True,False,False,False,"[{""target"":""demand"",""magnitude"":0.20613733773164916,""start_week"":6,""duration_weeks"":1,""recovery_weeks"":4},{""target"":""corridor"",""magnitude"":0.296842705963134,""start_week"":39,""duration_weeks"":1,""recovery_weeks"":1}]"
A,42,431,Supplier-cluster shock,False,,False,Non-failure,Unclassified,Unclassified,1,1.0,0.0,False,False,False,True,False,"[{""target"":""S1B"",""magnitude"":0.19341969557226224,""start_week"":51,""duration_weeks"":5,""recovery_weeks"":3}]"
A,42,432,Supplier-cluster shock,False,,False,Non-failure,Unclassified,Unclassified,1,0.9218869824043647,76.2584971671024,False,False,False,False,False,"[{""target"":""demand"",""magnitude"":0.08473166351900249,""start_week"":30,""duration_weeks"":7,""recovery_weeks"":2}]"
A,42,433,Supplier-cluster shock,False,,False,Non-failure,Unclassified,Unclassified,0,1.0,0.0,False,False,False,False,False,[]
A,42,434,Supplier-cluster shock,False,,False,Non-failure,Unclassified,Unclassified,2,0.8551140137063084,152.4912299111354,True,False,False,False,False,"[{""target"":""T2P"",""magnitude"":0.26353207435532383,""start_week"":11,""duration_weeks"":1,""recovery_weeks"":3},{""target"":""demand"",""magnitude"":0.16943469990126142,""start_week"":35,""duration_weeks"":2,""recovery_weeks"":2}]"
A,42,435,Supplier-cluster shock,False,,False,Non-failure,Unclassified,Unclassified,2,0.810825429049842,209.9799879915663,False,True,False,False,False,"[{""target"":""corridor"",""magnitude"":0.21245175759389018,""start_week"":6,""duration_weeks"":1,""recovery_weeks"":2},{""target"":""demand"",""magnitude"":0.23331109776840675,""start_week"":36,""duration_weeks"":1,""recovery_weeks"":4}]"
A,42,436,Supplier-cluster shock,True,True,False,Structural,Concentrated dependency; Hidden convergent dependency,Hidden convergent dependency,6,0.6515083982457368,735.1980671252172,True,True,False,False,False,"[{""target"":""demand"",""magnitude"":0.1332418675324364,""start_week"":3,""duration_weeks"":1,""recovery_weeks"":1},{""target"":""demand"",""magnitude"":0.17121893786383013,""start_week"":15,""duration_weeks"":2,""recovery_weeks"":2},{""target"":""corridor"",""magnitude"":0.21090701009258933,""start_week"":30,""duration_weeks"":2,""recovery_weeks"":3},{""target"":""demand"",""magnitude"":0.0683388511785169,""start_week"":34,""duration_weeks"":1,""recovery_weeks"":3},{""target"":""T2P"",""magnitude"":0.4136424415788368,""start_week"":38,""duration_weeks"":3,""recovery_weeks"":4},{""target"":""corridor"",""magnitude"":0.3058668634244417,""start_week"":44,""duration_weeks"":2,""recovery_weeks"":1}]"
A,42,437,Supplier-cluster shock,False,,False,Non-failure,Unclassified,Unclassified,1,1.0,0.0,True,False,False,False,False,"[{""target"":""T2P"",""magnitude"":0.30809100296388253,""start_week"":51,""duration_weeks"":1,""recovery_weeks"":1}]"
A,42,438,Supplier-cluster shock,False,,False,Non-failure,Unclassified,Unclassified,2,0.8994748443112989,104.61486003011737,False,False,True,False,True,"[{""target"":""S1C"",""magnitude"":0.34541302526193085,""start_week"":9,""duration_weeks"":1,""recovery_weeks"":1},{""target"":""S1A"",""magnitude"":0.47618160029957746,""start_week"":42,""duration_weeks"":1,""recovery_weeks"":1}]"
A,42,439,Supplier-cluster shock,False,,False,Non-failure,Unclassified,Unclassified,2,0.8165164438906114,202.2435699048492,True,False,False,False,False,"[{""target"":""T2P"",""magnitude"":0.20305873780897304,""start_week"":16,""duration_weeks"":1,""recovery_weeks"":1},{""target"":""demand"",""magnitude"":0.2247150776720545,""start_week"":46,""duration_weeks"":1,""recovery_weeks"":3}]"
A,42,440,Supplier-cluster shock,True,True,True,Structural,Concentrated dependency,Concentrated dependency,3,0.5015413375603985,2039.460619252828,False,True,False,False,False,"[{""target"":""corridor"",""magnitude"":0.48285833055653515,""start_week"":8,""duration_weeks"":3,""recovery_weeks"":2},{""target"":""corridor"",""magnitude"":0.2726248426758791,""start_week"":11,""duration_weeks"":7,""recovery_weeks"":2},{""target"":""demand"",""magnitude"":0.09771601724555067,""start_week"":16,""duration_weeks"":5,""recovery_weeks"":1}]"
A,42,441,Supplier-cluster shock,False,,False,Non-failure,Unclassified,Unclassified,1,1.0,0.0,False,False,True,False,False,"[{""target"":""S1A"",""magnitude"":0.18746144214250302,""start_week"":7,""duration_weeks"":1,""recovery_weeks"":1}]"
A,42,442,Supplier-cluster shock,True,False,False,Adaptation-limited,Concentrated dependency,Concentrated dependency,3,0.750943208169576,448.30222529476305,False,True,False,False,False,"[{""target"":""corridor"",""magnitude"":0.4367925938728179,""start_week"":14,""duration_weeks"":1,""recovery_weeks"":2},{""target"":""demand"",""magnitude"":0.22822005488561437,""start_week"":21,""duration_weeks"":4,""recovery_weeks"":2},{""target"":""demand"",""magnitude"":0.1692893040360775,""start_week"":44,""duration_weeks"":6,""recovery_weeks"":4}]"
A,42,443,Supplier-cluster shock,True,False,False,Adaptation-limited,Concentrated dependency; Hidden convergent dependency; Propagation-amplified cascade,Hidden convergent dependency,3,0.7456184907581008,444.71679158854613,True,True,True,False,False,"[{""target"":""S1A"",""magnitude"":0.2293001723491298,""start_week"":8,""duration_weeks"":1,""recovery_weeks"":3},{""target"":""T2P"",""magnitude"":0.32894335831770927,""start_week"":28,""duration_weeks"":3,""recovery_weeks"":3},{""target"":""corridor"",""magnitude"":0.3878709139166939,""start_week"":49,""duration_weeks"":2,""recovery_weeks"":1}]"
A,42,444,Supplier-cluster shock,False,,False,Non-failure,Unclassified,Unclassified,3,0.9252584091144096,134.5348635940627,True,False,True,False,True,"[{""target"":""T2P"",""magnitude"":0.2357891352490048,""start_week"":19,""duration_weeks"":1,""recovery_weeks"":4},{""target"":""S1C"",""magnitude"":0.41816857949257835,""start_week"":22,""duration_weeks"":1,""recovery_weeks"":4},{""target"":""S1A"",""magnitude"":0.29523647415735077,""start_week"":45,""duration_weeks"":5,""recovery_weeks"":2}]"
A,42,445,Supplier-cluster shock,False,,False,Non-failure,Unclassified,Unclassified,4,0.8196939922596075,408.1809115187991,False,False,True,True,True,"[{""target"":""S1A"",""magnitude"":0.2509731168074579,""start_week"":8,""duration_weeks"":3,""recovery_weeks"":3},{""target"":""S1B"",""magnitude"":0.47100938738697484,""start_week"":43,""duration_weeks"":2,""recovery_weeks"":3},{""target"":""S1C"",""magnitude"":0.5075920571965438,""start_week"":45,""duration_weeks"":1,""recovery_weeks"":4},{""target"":""demand"",""magnitude"":0.13276412044376087,""start_week"":51,""duration_weeks"":4,""recovery_weeks"":2}]"
A,42,446,Supplier-cluster shock,False,,False,Non-failure,Unclassified,Unclassified,5,0.75606326007072,284.9476739361472,False,True,True,True,False,"[{""target"":""S1B"",""magnitude"":0.31133766755852604,""start_week"":11,""duration_weeks"":1,""recovery_weeks"":2},{""target"":""S1A"",""magnitude"":0.41107116889696416,""start_week"":17,""duration_weeks"":1,""recovery_weeks"":1},{""target"":""demand"",""magnitude"":0.22795652540599642,""start_week"":19,""duration_weeks"":2,""recovery_weeks"":4},{""target"":""demand"",""magnitude"":0.17750242670709032,""start_week"":42,""duration_weeks"":1,""recovery_weeks"":4},{""target"":""corridor"",""magnitude"":0.18379903154021382,""start_week"":51,""duration_weeks"":1,""recovery_weeks"":2}]"
A,42,447,Supplier-cluster shock,False,,False,Non-failure,Unclassified,Unclassified,2,0.9991357178710447,1.8149924708061462,False,False,True,True,False,"[{""target"":""S1B"",""magnitude"":0.21176519190502396,""start_week"":1,""duration_weeks"":9,""recovery_weeks"":1},{""target"":""S1A"",""magnitude"":0.25194463479014934,""start_week"":6,""duration_weeks"":3,""recovery_weeks"":2}]"
A,42,448,Supplier-cluster shock,True,False,False,Adaptation-limited,Concentrated dependency; Hidden convergent dependency,Hidden convergent dependency,2,0.7581909885438264,444.7612626384175,True,False,False,False,False,"[{""target"":""demand"",""magnitude"":0.13356357044586598,""start_week"":16,""duration_weeks"":1,""recovery_weeks"":1},{""target"":""T2P"",""magnitude"":0.3176281103105563,""start_week"":34,""duration_weeks"":4,""recovery_weeks"":4}]"
A,42,449,Supplier-cluster shock,False,,False,Non-failure,Unclassified,Unclassified,2,0.9088195757133364,109.08485912530602,True,False,False,False,False,"[{""target"":""demand"",""magnitude"":0.0977455636685084,""start_week"":5,""duration_weeks"":2,""recovery_weeks"":2},{""target"":""T2P"",""magnitude"":0.2540449545346177,""start_week"":6,""duration_weeks"":2,""recovery_weeks"":2}]"
A,42,450,Supplier-cluster shock,True,True,False,Structural,Compounding moderate disturbance; Recovery lag and temporal overlap,Compounding moderate disturbance,5,0.8683080435659642,426.98012181922377,False,True,True,False,True,"[{""target"":""demand"",""magnitude"":0.15166501958591055,""start_week"":26,""duration_weeks"":6,""recovery_weeks"":4},{""target"":""corridor"",""magnitude"":0.29557920665575055,""start_week"":35,""duration_weeks"":5,""recovery_weeks"":1},{""target"":""demand"",""magnitude"":0.07698468559200192,""start_week"":37,""duration_weeks"":1,""recovery_weeks"":1},{""target"":""S1C"",""magnitude"":0.303692438927168,""start_week"":44,""duration_weeks"":3,""recovery_weeks"":1},{""target"":""S1A"",""magnitude"":0.4185030983931556,""start_week"":51,""duration_weeks"":2,""recovery_weeks"":3}]"
A,42,451,Supplier-cluster shock,True,True,False,Structural,Concentrated dependency; Propagation-amplified cascade,Propagation-amplified cascade,3,0.7767184730045713,399.75879015938654,True,True,False,False,False,"[{""target"":""T2P"",""magnitude"":0.24964177642484342,""start_week"":26,""duration_weeks"":1,""recovery_weeks"":1},{""target"":""corridor"",""magnitude"":0.2662214560738124,""start_week"":33,""duration_weeks"":3,""recovery_weeks"":1},{""target"":""corridor"",""magnitude"":0.41746114524657163,""start_week"":40,""duration_weeks"":1,""recovery_weeks"":4}]"
A,42,452,Supplier-cluster shock,True,True,True,Structural,Concentrated dependency; Hidden convergent dependency; Propagation-amplified cascade,Hidden convergent dependency,6,0.639024334629324,3456.325069547789,True,False,False,True,True,"[{""target"":""demand"",""magnitude"":0.09086993856580863,""start_week"":4,""duration_weeks"":3,""recovery_weeks"":1},{""target"":""T2P"",""magnitude"":0.4248780988336084,""start_week"":6,""duration_weeks"":10,""recovery_weeks"":4},{""target"":""S1C"",""magnitude"":0.33336107258645586,""start_week"":18,""duration_weeks"":3,""recovery_weeks"":3},{""target"":""S1B"",""magnitude"":0.20728241253211024,""start_week"":28,""duration_weeks"":1,""recovery_weeks"":3},{""target"":""S1C"",""magnitude"":0.23375474978579103,""start_week"":37,""duration_weeks"":2,""recovery_weeks"":4},{""target"":""demand"",""magnitude"":0.17261445705639916,""start_week"":44,""duration_weeks"":1,""recovery_weeks"":1}]"
A,42,453,Supplier-cluster shock,False,,False,Non-failure,Unclassified,Unclassified,1,1.0,0.0,False,False,False,False,True,"[{""target"":""S1C"",""magnitude"":0.22981179821046838,""start_week"":37,""duration_weeks"":3,""recovery_weeks"":1}]"
A,42,454,Supplier-cluster shock,False,,False,Non-failure,Unclassified,Unclassified,3,0.8318801202534714,242.95973625138743,True,True,False,False,False,"[{""target"":""corridor"",""magnitude"":0.27148202947887806,""start_week"":2,""duration_weeks"":2,""recovery_weeks"":1},{""target"":""T2P"",""magnitude"":0.45382015412229637,""start_week"":12,""duration_weeks"":1,""recovery_weeks"":1},{""target"":""demand"",""magnitude"":0.24257353843667206,""start_week"":29,""duration_weeks"":3,""recovery_weeks"":1}]"
A,42,455,Supplier-cluster shock,False,,False,Non-failure,Unclassified,Unclassified,3,0.951665394541485,101.50267146288138,False,False,True,True,True,"[{""target"":""S1A"",""magnitude"":0.24264480737264316,""start_week"":4,""duration_weeks"":1,""recovery_weeks"":3},{""target"":""S1B"",""magnitude"":0.22627602100543498,""start_week"":35,""duration_weeks"":2,""recovery_weeks"":2},{""target"":""S1C"",""magnitude"":0.3587528622816585,""start_week"":40,""duration_weeks"":2,""recovery_weeks"":4}]"
A,42,456,Supplier-cluster shock,False,,False,Non-failure,Unclassified,Unclassified,0,1.0,0.0,False,False,False,False,False,[]
A,42,457,Supplier-cluster shock,True,False,True,Adaptation-limited,Concentrated dependency,Concentrated dependency,2,0.7234077341517731,746.7991177902127,False,True,False,False,False,"[{""target"":""corridor"",""magnitude"":0.4574441993861701,""start_week"":6,""duration_weeks"":2,""recovery_weeks"":1},{""target"":""demand"",""magnitude"":0.11472064783211351,""start_week"":51,""duration_weeks"":5,""recovery_weeks"":4}]"
A,42,458,Supplier-cluster shock,False,,False,Non-failure,Unclassified,Unclassified,4,0.8545266527935215,160.40792990738782,False,True,True,False,True,"[{""target"":""corridor"",""magnitude"":0.31683663746141155,""start_week"":33,""duration_weeks"":1,""recovery_weeks"":4},{""target"":""S1C"",""magnitude"":0.3352424140656052,""start_week"":40,""duration_weeks"":3,""recovery_weeks"":4},{""target"":""S1A"",""magnitude"":0.24173249221711857,""start_week"":45,""duration_weeks"":1,""recovery_weeks"":2},{""target"":""demand"",""magnitude"":0.1814212047852789,""start_week"":49,""duration_weeks"":1,""recovery_weeks"":3}]"
A,42,459,Supplier-cluster shock,True,True,True,Structural,Concentrated dependency,Concentrated dependency,4,0.8428848480459714,424.2109102758766,True,True,False,False,True,"[{""target"":""corridor"",""magnitude"":0.36783636396552133,""start_week"":2,""duration_weeks"":2,""recovery_weeks"":1},{""target"":""S1C"",""magnitude"":0.2539726032186655,""start_week"":7,""duration_weeks"":1,""recovery_weeks"":3},{""target"":""T2P"",""magnitude"":0.425349773628772,""start_week"":35,""duration_weeks"":1,""recovery_weeks"":4},{""target"":""demand"",""magnitude"":0.11711420946054393,""start_week"":43,""duration_weeks"":3,""recovery_weeks"":1}]"
A,42,460,Supplier-cluster shock,False,,False,Non-failure,Unclassified,Unclassified,3,0.8678228828264875,207.4051582501362,True,False,True,False,False,"[{""target"":""demand"",""magnitude"":0.1467143544769881,""start_week"":9,""duration_weeks"":1,""recovery_weeks"":1},{""target"":""T2P"",""magnitude"":0.3318509758609831,""start_week"":26,""duration_weeks"":2,""recovery_weeks"":4},{""target"":""S1A"",""magnitude"":0.5473985136404033,""start_week"":38,""duration_weeks"":1,""recovery_weeks"":4}]"
A,42,461,Supplier-cluster shock,False,,False,Non-failure,Unclassified,Unclassified,2,0.9157297906775256,87.99464204361516,False,True,False,False,False,"[{""target"":""corridor"",""magnitude"":0.2734173637556031,""start_week"":3,""duration_weeks"":1,""recovery_weeks"":1},{""target"":""demand"",""magnitude"":0.16021812784118072,""start_week"":24,""duration_weeks"":4,""recovery_weeks"":4}]"
A,42,462,Supplier-cluster shock,True,False,True,Adaptation-limited,Concentrated dependency,Concentrated dependency,2,0.7613968936580576,644.228387123244,False,True,False,True,False,"[{""target"":""corridor"",""magnitude"":0.4289523297564567,""start_week"":27,""duration_weeks"":2,""recovery_weeks"":1},{""target"":""S1B"",""magnitude"":0.40282332527952003,""start_week"":30,""duration_weeks"":1,""recovery_weeks"":4}]"
A,42,463,Supplier-cluster shock,True,True,False,Structural,Concentrated dependency; Hidden convergent dependency; Propagation-amplified cascade,Hidden convergent dependency,2,0.8593069728224838,749.5169001723519,True,False,False,False,False,"[{""target"":""T2P"",""magnitude"":0.222369816714226,""start_week"":11,""duration_weeks"":1,""recovery_weeks"":1},{""target"":""T2P"",""magnitude"":0.2266237244597647,""start_week"":27,""duration_weeks"":9,""recovery_weeks"":4}]"
A,42,464,Supplier-cluster shock,False,,False,Non-failure,Unclassified,Unclassified,4,0.9223082294125113,177.44585177846773,False,False,True,True,True,"[{""target"":""S1A"",""magnitude"":0.40350693024006234,""start_week"":8,""duration_weeks"":5,""recovery_weeks"":1},{""target"":""S1B"",""magnitude"":0.4248064838218495,""start_week"":23,""duration_weeks"":5,""recovery_weeks"":4},{""target"":""S1A"",""magnitude"":0.42432303804174876,""start_week"":29,""duration_weeks"":7,""recovery_weeks"":4},{""target"":""S1C"",""magnitude"":0.21212700410555693,""start_week"":38,""duration_weeks"":5,""recovery_weeks"":2}]"
A,42,465,Supplier-cluster shock,True,True,True,Structural,Concentrated dependency,Concentrated dependency,6,0.5449326926515757,1592.4014268341482,True,True,True,True,True,"[{""target"":""S1C"",""magnitude"":0.5839103054472011,""start_week"":11,""duration_weeks"":3,""recovery_weeks"":2},{""target"":""T2P"",""magnitude"":0.5095605766135819,""start_week"":21,""duration_weeks"":3,""recovery_weeks"":4},{""target"":""corridor"",""magnitude"":0.2964730173612344,""start_week"":28,""duration_weeks"":2,""recovery_weeks"":2},{""target"":""S1B"",""magnitude"":0.7039253658516587,""start_week"":32,""duration_weeks"":1,""recovery_weeks"":3},{""target"":""S1A"",""magnitude"":0.4540739977264423,""start_week"":34,""duration_weeks"":6,""recovery_weeks"":3},{""target"":""S1C"",""magnitude"":0.22733421396212278,""start_week"":40,""duration_weeks"":2,""recovery_weeks"":3}]"
A,42,466,Supplier-cluster shock,True,True,True,Structural,Concentrated dependency; Hidden convergent dependency,Hidden convergent dependency,5,0.6331838977486282,900.5548735678408,True,False,False,False,True,"[{""target"":""demand"",""magnitude"":0.18309467993200323,""start_week"":2,""duration_weeks"":5,""recovery_weeks"":2},{""target"":""S1C"",""magnitude"":0.33802852297198316,""start_week"":12,""duration_weeks"":4,""recovery_weeks"":2},{""target"":""demand"",""magnitude"":0.09669360755414906,""start_week"":24,""duration_weeks"":6,""recovery_weeks"":3},{""target"":""demand"",""magnitude"":0.21857188187480575,""start_week"":28,""duration_weeks"":1,""recovery_weeks"":4},{""target"":""T2P"",""magnitude"":0.43013449202623466,""start_week"":33,""duration_weeks"":1,""recovery_weeks"":4}]"
A,42,467,Supplier-cluster shock,True,True,True,Structural,Concentrated dependency; Hidden convergent dependency,Hidden convergent dependency,3,0.5947452234935104,1213.8207373546525,True,False,False,False,False,"[{""target"":""demand"",""magnitude"":0.15904407906246687,""start_week"":14,""duration_weeks"":3,""recovery_weeks"":4},{""target"":""T2P"",""magnitude"":0.4647292988558406,""start_week"":16,""duration_weeks"":2,""recovery_weeks"":2},{""target"":""T2P"",""magnitude"":0.20907894780290814,""start_week"":39,""duration_weeks"":2,""recovery_weeks"":1}]"
A,42,468,Supplier-cluster shock,True,True,False,Structural,Concentrated dependency; Propagation-amplified cascade; Recovery lag and temporal overlap,Propagation-amplified cascade,3,0.8618187460561461,248.72625709893703,True,False,True,True,False,"[{""target"":""T2P"",""magnitude"":0.29856522396827423,""start_week"":17,""duration_weeks"":1,""recovery_weeks"":2},{""target"":""S1B"",""magnitude"":0.5609078213736713,""start_week"":18,""duration_weeks"":1,""recovery_weeks"":2},{""target"":""S1A"",""magnitude"":0.24257429847622686,""start_week"":32,""duration_weeks"":3,""recovery_weeks"":1}]"
A,42,469,Supplier-cluster shock,False,,False,Non-failure,Unclassified,Unclassified,4,0.8430658564489328,167.53226111051254,False,False,True,False,True,"[{""target"":""demand"",""magnitude"":0.18614695678945825,""start_week"":9,""duration_weeks"":1,""recovery_weeks"":4},{""target"":""S1A"",""magnitude"":0.5078738687718808,""start_week"":28,""duration_weeks"":1,""recovery_weeks"":4},{""target"":""S1C"",""magnitude"":0.4739013762917237,""start_week"":37,""duration_weeks"":2,""recovery_weeks"":3},{""target"":""S1A"",""magnitude"":0.3067218692077105,""start_week"":47,""duration_weeks"":5,""recovery_weeks"":4}]"
A,42,470,Supplier-cluster shock,True,True,False,Structural,Concentrated dependency,Concentrated dependency,2,0.775048964203789,893.822940694024,True,False,False,False,False,"[{""target"":""demand"",""magnitude"":0.29024106370789643,""start_week"":7,""duration_weeks"":5,""recovery_weeks"":4},{""target"":""T2P"",""magnitude"":0.24862062645846655,""start_week"":49,""duration_weeks"":1,""recovery_weeks"":1}]"
A,42,471,Supplier-cluster shock,True,True,True,Structural,Concentrated dependency,Concentrated dependency,4,0.5476313359122152,3168.166418799524,True,True,False,True,False,"[{""target"":""S1B"",""magnitude"":0.5113631257361476,""start_week"":3,""duration_weeks"":1,""recovery_weeks"":1},{""target"":""demand"",""magnitude"":0.24684379365620224,""start_week"":17,""duration_weeks"":5,""recovery_weeks"":1},{""target"":""T2P"",""magnitude"":0.5071317976790063,""start_week"":21,""duration_weeks"":4,""recovery_weeks"":2},{""target"":""corridor"",""magnitude"":0.4425125910684029,""start_week"":33,""duration_weeks"":4,""recovery_weeks"":2}]"
A,42,472,Supplier-cluster shock,False,,False,Non-failure,Unclassified,Unclassified,3,0.8453152554383849,317.53230960683686,False,False,False,True,True,"[{""target"":""demand"",""magnitude"":0.18299059855650507,""start_week"":7,""duration_weeks"":7,""recovery_weeks"":2},{""target"":""S1B"",""magnitude"":0.2558878771936244,""start_week"":37,""duration_weeks"":6,""recovery_weeks"":4},{""target"":""S1C"",""magnitude"":0.3695176360663951,""start_week"":47,""duration_weeks"":1,""recovery_weeks"":3}]"
A,42,473,Supplier-cluster shock,False,,False,Non-failure,Unclassified,Unclassified,1,0.9149496424193069,83.66069374072094,False,False,False,False,False,"[{""target"":""demand"",""magnitude"":0.09295632637857895,""start_week"":8,""duration_weeks"":4,""recovery_weeks"":3}]"
A,42,474,Supplier-cluster shock,False,,False,Non-failure,Unclassified,Unclassified,1,1.0,0.0,False,False,False,True,False,"[{""target"":""S1B"",""magnitude"":0.1793994534993524,""start_week"":7,""duration_weeks"":1,""recovery_weeks"":4}]"
A,42,475,Supplier-cluster shock,True,False,False,Adaptation-limited,Concentrated dependency,Concentrated dependency,1,0.6348303753083736,657.3053244449275,False,True,False,False,False,"[{""target"":""corridor"",""magnitude"":0.5238772185187197,""start_week"":44,""duration_weeks"":1,""recovery_weeks"":1}]"
A,42,476,Supplier-cluster shock,True,False,False,Adaptation-limited,Hidden convergent dependency; Compounding moderate disturbance; Propagation-amplified cascade; Recovery lag and temporal overlap,Hidden convergent dependency,4,0.589102425608585,721.9708883501442,True,False,False,False,False,"[{""target"":""T2P"",""magnitude"":0.3227014918677391,""start_week"":11,""duration_weeks"":1,""recovery_weeks"":3},{""target"":""T2P"",""magnitude"":0.32448035134837294,""start_week"":12,""duration_weeks"":1,""recovery_weeks"":4},{""target"":""demand"",""magnitude"":0.18165550296662436,""start_week"":38,""duration_weeks"":6,""recovery_weeks"":3},{""target"":""T2P"",""magnitude"":0.21482934702353013,""start_week"":48,""duration_weeks"":4,""recovery_weeks"":3}]"
A,42,477,Supplier-cluster shock,True,False,False,Adaptation-limited,Concentrated dependency,Concentrated dependency,4,0.8088489585463607,417.3725326217657,False,True,False,True,True,"[{""target"":""S1B"",""magnitude"":0.2580453028536655,""start_week"":1,""duration_weeks"":1,""recovery_weeks"":2},{""target"":""S1C"",""magnitude"":0.37341909912882565,""start_week"":3,""duration_weeks"":1,""recovery_weeks"":1},{""target"":""corridor"",""magnitude"":0.39336328109022944,""start_week"":10,""duration_weeks"":2,""recovery_weeks"":2},{""target"":""corridor"",""magnitude"":0.3155496476619354,""start_week"":35,""duration_weeks"":1,""recovery_weeks"":4}]"
A,42,478,Supplier-cluster shock,False,,False,Non-failure,Unclassified,Unclassified,3,0.9817773768801006,16.461566483023034,False,True,False,True,True,"[{""target"":""corridor"",""magnitude"":0.25680798130533156,""start_week"":24,""duration_weeks"":1,""recovery_weeks"":2},{""target"":""S1B"",""magnitude"":0.22755209915839553,""start_week"":41,""duration_weeks"":8,""recovery_weeks"":4},{""target"":""S1C"",""magnitude"":0.2910009020197736,""start_week"":43,""duration_weeks"":1,""recovery_weeks"":4}]"
A,42,479,Supplier-cluster shock,True,True,True,Structural,Concentrated dependency; Hidden convergent dependency; Propagation-amplified cascade,Hidden convergent dependency,3,0.7540265053686499,1228.4129796696234,True,True,False,False,False,"[{""target"":""corridor"",""magnitude"":0.3101318179734853,""start_week"":5,""duration_weeks"":1,""recovery_weeks"":1},{""target"":""T2P"",""magnitude"":0.321376145168215,""start_week"":26,""duration_weeks"":7,""recovery_weeks"":4},{""target"":""corridor"",""magnitude"":0.2755857606481866,""start_week"":50,""duration_weeks"":6,""recovery_weeks"":2}]"
A,42,480,Supplier-cluster shock,False,,False,Non-failure,Unclassified,Unclassified,2,0.9174135686455362,81.01884554504079,True,False,False,False,False,"[{""target"":""demand"",""magnitude"":0.09002093949448975,""start_week"":13,""duration_weeks"":1,""recovery_weeks"":4},{""target"":""T2P"",""magnitude"":0.159982944611813,""start_week"":44,""duration_weeks"":1,""recovery_weeks"":3}]"
A,42,481,Supplier-cluster shock,False,,False,Non-failure,Unclassified,Unclassified,3,0.9071284121236844,116.69018692647842,False,False,False,True,True,"[{""target"":""S1B"",""magnitude"":0.3958627336580981,""start_week"":14,""duration_weeks"":1,""recovery_weeks"":3},{""target"":""S1C"",""magnitude"":0.45206246130429417,""start_week"":17,""duration_weeks"":1,""recovery_weeks"":1},{""target"":""S1B"",""magnitude"":0.4940331975568941,""start_week"":38,""duration_weeks"":1,""recovery_weeks"":1}]"
A,42,482,Supplier-cluster shock,True,False,False,Adaptation-limited,Concentrated dependency,Concentrated dependency,1,0.7285283807039613,596.8922577576955,False,True,False,False,False,"[{""target"":""corridor"",""magnitude"":0.45360371447202896,""start_week"":35,""duration_weeks"":1,""recovery_weeks"":4}]"
A,42,483,Supplier-cluster shock,True,True,True,Structural,Concentrated dependency,Concentrated dependency,4,0.6193012617282051,2055.7731866676922,True,True,True,False,False,"[{""target"":""corridor"",""magnitude"":0.5355240537038461,""start_week"":15,""duration_weeks"":5,""recovery_weeks"":1},{""target"":""T2P"",""magnitude"":0.3002940375286954,""start_week"":29,""duration_weeks"":2,""recovery_weeks"":2},{""target"":""S1A"",""magnitude"":0.25884609292013294,""start_week"":31,""duration_weeks"":1,""recovery_weeks"":4},{""target"":""T2P"",""magnitude"":0.277905493082774,""start_week"":46,""duration_weeks"":1,""recovery_weeks"":4}]"
A,42,484,Supplier-cluster shock,False,,False,Non-failure,Unclassified,Unclassified,8,0.8748963150280541,128.69332575842554,True,True,True,False,False,"[{""target"":""corridor"",""magnitude"":0.2145145366622858,""start_week"":7,""duration_weeks"":6,""recovery_weeks"":2},{""target"":""T2P"",""magnitude"":0.20948883165167864,""start_week"":8,""duration_weeks"":2,""recovery_weeks"":1},{""target"":""demand"",""magnitude"":0.1429925841760283,""start_week"":15,""duration_weeks"":2,""recovery_weeks"":1},{""target"":""S1A"",""magnitude"":0.28923432503851126,""start_week"":18,""duration_weeks"":1,""recovery_weeks"":2},{""target"":""corridor"",""magnitude"":0.2774596351082372,""start_week"":25,""duration_weeks"":1,""recovery_weeks"":3},{""target"":""demand"",""magnitude"":0.11548697280519234,""start_week"":36,""duration_weeks"":7,""recovery_weeks"":2},{""target"":""demand"",""magnitude"":0.10965788382119607,""start_week"":44,""duration_weeks"":1,""recovery_weeks"":1},{""target"":""demand"",""magnitude"":0.09853752823081421,""start_week"":49,""duration_weeks"":2,""recovery_weeks"":2}]"
A,42,485,Supplier-cluster shock,True,True,False,Structural,Concentrated dependency; Propagation-amplified cascade,Propagation-amplified cascade,2,0.8149184751039358,388.67120228173485,True,False,False,False,True,"[{""target"":""T2P"",""magnitude"":0.29985036125544184,""start_week"":28,""duration_weeks"":1,""recovery_weeks"":1},{""target"":""S1C"",""magnitude"":0.6664334310161445,""start_week"":32,""duration_weeks"":2,""recovery_weeks"":2}]"
A,42,486,Supplier-cluster shock,True,True,False,Structural,Compounding moderate disturbance,Compounding moderate disturbance,2,0.8694762515589928,279.92366292508405,False,False,False,True,True,"[{""target"":""S1B"",""magnitude"":0.34973413655480345,""start_week"":19,""duration_weeks"":2,""recovery_weeks"":3},{""target"":""S1C"",""magnitude"":0.443944297437463,""start_week"":20,""duration_weeks"":2,""recovery_weeks"":4}]"
A,42,487,Supplier-cluster shock,True,True,False,Structural,Concentrated dependency,Concentrated dependency,3,0.8831814546187221,210.27338168630013,False,False,True,False,True,"[{""target"":""S1C"",""magnitude"":0.512841727107875,""start_week"":37,""duration_weeks"":1,""recovery_weeks"":2},{""target"":""S1A"",""magnitude"":0.27353480322042123,""start_week"":46,""duration_weeks"":2,""recovery_weeks"":1},{""target"":""S1C"",""magnitude"":0.37696271374242263,""start_week"":48,""duration_weeks"":2,""recovery_weeks"":3}]"
A,42,488,Supplier-cluster shock,True,True,True,Structural,Concentrated dependency; Hidden convergent dependency; Propagation-amplified cascade,Hidden convergent dependency,4,0.6461207861386001,1529.439047326819,True,True,False,False,False,"[{""target"":""T2P"",""magnitude"":0.41849129247525996,""start_week"":8,""duration_weeks"":5,""recovery_weeks"":3},{""target"":""corridor"",""magnitude"":0.23939007609852248,""start_week"":29,""duration_weeks"":2,""recovery_weeks"":3},{""target"":""demand"",""magnitude"":0.16151560759570222,""start_week"":32,""duration_weeks"":2,""recovery_weeks"":4},{""target"":""demand"",""magnitude"":0.15497043053238374,""start_week"":49,""duration_weeks"":1,""recovery_weeks"":2}]"
A,42,489,Supplier-cluster shock,True,True,False,Structural,Concentrated dependency,Concentrated dependency,1,0.8924325415617793,225.89166272026364,False,False,False,False,True,"[{""target"":""S1C"",""magnitude"":0.49202678148599677,""start_week"":3,""duration_weeks"":2,""recovery_weeks"":3}]"
A,42,490,Supplier-cluster shock,False,,False,Non-failure,Unclassified,Unclassified,6,0.8123966357097427,270.1025195353517,True,False,True,True,True,"[{""target"":""S1C"",""magnitude"":0.3495986943444304,""start_week"":5,""duration_weeks"":6,""recovery_weeks"":3},{""target"":""S1B"",""magnitude"":0.4026781484194635,""start_week"":18,""duration_weeks"":5,""recovery_weeks"":3},{""target"":""S1A"",""magnitude"":0.3734803948049532,""start_week"":22,""duration_weeks"":1,""recovery_weeks"":3},{""target"":""S1B"",""magnitude"":0.38417891895718725,""start_week"":28,""duration_weeks"":3,""recovery_weeks"":2},{""target"":""S1C"",""magnitude"":0.2735670142344353,""start_week"":34,""duration_weeks"":1,""recovery_weeks"":3},{""target"":""T2P"",""magnitude"":0.2688430278612317,""start_week"":43,""duration_weeks"":6,""recovery_weeks"":2}]"
A,42,491,Supplier-cluster shock,True,False,False,Adaptation-limited,Concentrated dependency; Hidden convergent dependency,Hidden convergent dependency,4,0.8024551912453695,371.9356762869204,True,False,True,False,True,"[{""target"":""demand"",""magnitude"":0.2405835699715092,""start_week"":7,""duration_weeks"":1,""recovery_weeks"":2},{""target"":""T2P"",""magnitude"":0.31531627872620227,""start_week"":33,""duration_weeks"":3,""recovery_weeks"":4},{""target"":""S1C"",""magnitude"":0.15579282461565028,""start_week"":39,""duration_weeks"":2,""recovery_weeks"":4},{""target"":""S1A"",""magnitude"":0.2045848229002975,""start_week"":48,""duration_weeks"":4,""recovery_weeks"":2}]"
A,42,492,Supplier-cluster shock,False,,False,Non-failure,Unclassified,Unclassified,3,0.8679260611075754,136.9546904162487,False,False,True,True,False,"[{""target"":""demand"",""magnitude"":0.15217187824027634,""start_week"":6,""duration_weeks"":1,""recovery_weeks"":3},{""target"":""S1A"",""magnitude"":0.23964665678319058,""start_week"":9,""duration_weeks"":5,""recovery_weeks"":4},{""target"":""S1B"",""magnitude"":0.47647734855776314,""start_week"":28,""duration_weeks"":1,""recovery_weeks"":1}]"
A,42,493,Supplier-cluster shock,True,True,False,Structural,Concentrated dependency,Concentrated dependency,2,0.7617683319679521,486.1495378984821,False,True,False,False,False,"[{""target"":""demand"",""magnitude"":0.09851433250272171,""start_week"":35,""duration_weeks"":6,""recovery_weeks"":4},{""target"":""corridor"",""magnitude"":0.38646088297967274,""start_week"":40,""duration_weeks"":1,""recovery_weeks"":4}]"
A,42,494,Supplier-cluster shock,False,,False,Non-failure,Unclassified,Unclassified,2,0.807003571686904,215.23669978151747,True,False,False,False,False,"[{""target"":""T2P"",""magnitude"":0.1547114349872201,""start_week"":31,""duration_weeks"":1,""recovery_weeks"":4},{""target"":""demand"",""magnitude"":0.23915188864613063,""start_week"":42,""duration_weeks"":1,""recovery_weeks"":3}]"
A,42,495,Supplier-cluster shock,False,,False,Non-failure,Unclassified,Unclassified,3,0.9068486051662368,130.28509325294294,False,True,False,True,True,"[{""target"":""corridor"",""magnitude"":0.2571702207874982,""start_week"":10,""duration_weeks"":2,""recovery_weeks"":2},{""target"":""S1B"",""magnitude"":0.4451223601099199,""start_week"":41,""duration_weeks"":1,""recovery_weeks"":1},{""target"":""S1C"",""magnitude"":0.45959063837596703,""start_week"":47,""duration_weeks"":2,""recovery_weeks"":1}]"
A,42,496,Supplier-cluster shock,False,,False,Non-failure,Unclassified,Unclassified,1,1.0,0.0,True,False,False,False,False,"[{""target"":""T2P"",""magnitude"":0.4910905161835868,""start_week"":48,""duration_weeks"":4,""recovery_weeks"":2}]"
A,42,497,Supplier-cluster shock,False,,False,Non-failure,Unclassified,Unclassified,1,0.9964352260873613,6.416593042749582,False,False,True,False,False,"[{""target"":""S1A"",""magnitude"":0.25802074130343705,""start_week"":12,""duration_weeks"":1,""recovery_weeks"":1}]"
A,42,498,Supplier-cluster shock,True,True,True,Structural,Concentrated dependency,Concentrated dependency,3,0.7524437775688632,599.6415184750863,False,True,False,True,True,"[{""target"":""S1B"",""magnitude"":0.33595035261122885,""start_week"":2,""duration_weeks"":3,""recovery_weeks"":4},{""target"":""S1C"",""magnitude"":0.22519104463401873,""start_week"":8,""duration_weeks"":3,""recovery_weeks"":2},{""target"":""corridor"",""magnitude"":0.4356671668233526,""start_week"":28,""duration_weeks"":2,""recovery_weeks"":1}]"
A,42,499,Supplier-cluster shock,True,True,False,Structural,Concentrated dependency; Propagation-amplified cascade,Propagation-amplified cascade,3,0.8249216228079932,287.8526973640305,True,True,False,False,False,"[{""target"":""corridor"",""magnitude"":0.3273072925200618,""start_week"":23,""duration_weeks"":2,""recovery_weeks"":3},{""target"":""T2P"",""magnitude"":0.29997100669557075,""start_week"":24,""duration_weeks"":2,""recovery_weeks"":3},{""target"":""T2P"",""magnitude"":0.5151410789456121,""start_week"":43,""duration_weeks"":1,""recovery_weeks"":2}]"
A,42,500,Supplier-cluster shock,False,,False,Non-failure,Unclassified,Unclassified,3,0.9181754454683867,80.20482299097557,True,False,False,False,True,"[{""target"":""demand"",""magnitude"":0.08911646998997277,""start_week"":19,""duration_weeks"":9,""recovery_weeks"":3},{""target"":""T2P"",""magnitude"":0.17789365698747858,""start_week"":30,""duration_weeks"":2,""recovery_weeks"":3},{""target"":""S1C"",""magnitude"":0.3538842377553476,""start_week"":38,""duration_weeks"":2,""recovery_weeks"":4}]"
A,42,501,Supplier-cluster shock,True,False,False,Adaptation-limited,Concentrated dependency,Concentrated dependency,1,0.7638843407297755,425.008186686404,False,True,False,False,False,"[{""target"":""corridor"",""magnitude"":0.42708674445266837,""start_week"":36,""duration_weeks"":1,""recovery_weeks"":1}]"
A,42,502,Supplier-cluster shock,False,,False,Non-failure,Unclassified,Unclassified,0,1.0,0.0,False,False,False,False,False,[]
A,42,503,Supplier-cluster shock,True,True,False,Structural,Concentrated dependency; Hidden convergent dependency; Propagation-amplified cascade,Hidden convergent dependency,4,0.7936530267298418,512.8714671363227,True,False,False,True,True,"[{""target"":""S1C"",""magnitude"":0.397474753262101,""start_week"":11,""duration_weeks"":2,""recovery_weeks"":2},{""target"":""S1B"",""magnitude"":0.30836548534407815,""start_week"":23,""duration_weeks"":3,""recovery_weeks"":2},{""target"":""T2P"",""magnitude"":0.2857122759431423,""start_week"":31,""duration_weeks"":5,""recovery_weeks"":2},{""target"":""T2P"",""magnitude"":0.27949378952441895,""start_week"":50,""duration_weeks"":7,""recovery_weeks"":4}]"
A,42,504,Supplier-cluster shock,False,,False,Non-failure,Unclassified,Unclassified,3,0.8895276446243362,239.18159121441226,False,False,False,True,True,"[{""target"":""S1B"",""magnitude"":0.28857599653249344,""start_week"":4,""duration_weeks"":1,""recovery_weeks"":2},{""target"":""S1C"",""magnitude"":0.3627728915477003,""start_week"":9,""duration_weeks"":5,""recovery_weeks"":1},{""target"":""demand"",""magnitude"":0.22699647760759817,""start_week"":30,""duration_weeks"":4,""recovery_weeks"":1}]"
A,42,505,Supplier-cluster shock,True,False,False,Adaptation-limited,Concentrated dependency,Concentrated dependency,1,0.7062545735135071,604.989023567583,False,True,False,False,False,"[{""target"":""corridor"",""magnitude"":0.47030906986486964,""start_week"":20,""duration_weeks"":1,""recovery_weeks"":3}]"
A,42,506,Supplier-cluster shock,True,False,True,Adaptation-limited,Concentrated dependency; Hidden convergent dependency; Propagation-amplified cascade,Hidden convergent dependency,4,0.6315143316438762,1058.1855076025568,True,True,False,False,False,"[{""target"":""T2P"",""magnitude"":0.1864320127783316,""start_week"":17,""duration_weeks"":1,""recovery_weeks"":1},{""target"":""T2P"",""magnitude"":0.4316371015205115,""start_week"":25,""duration_weeks"":4,""recovery_weeks"":1},{""target"":""corridor"",""magnitude"":0.2762545192368683,""start_week"":38,""duration_weeks"":1,""recovery_weeks"":4},{""target"":""demand"",""magnitude"":0.1018150789859866,""start_week"":50,""duration_weeks"":2,""recovery_weeks"":2}]"
A,42,507,Supplier-cluster shock,False,,False,Non-failure,Unclassified,Unclassified,2,1.0,0.0,False,True,False,True,False,"[{""target"":""S1B"",""magnitude"":0.24299913838107426,""start_week"":5,""duration_weeks"":1,""recovery_weeks"":3},{""target"":""corridor"",""magnitude"":0.2166905834630198,""start_week"":50,""duration_weeks"":9,""recovery_weeks"":3}]"
A,42,508,Supplier-cluster shock,False,,False,Non-failure,Unclassified,Unclassified,1,0.9767212884394493,48.88529427715662,False,False,False,True,False,"[{""target"":""S1B"",""magnitude"":0.30237710101123905,""start_week"":6,""duration_weeks"":5,""recovery_weeks"":1}]"
A,42,509,Supplier-cluster shock,False,,False,Non-failure,Unclassified,Unclassified,2,0.9614615891713356,69.36913949159589,False,True,True,False,False,"[{""target"":""corridor"",""magnitude"":0.24459883941136634,""start_week"":3,""duration_weeks"":2,""recovery_weeks"":4},{""target"":""S1A"",""magnitude"":0.33671142436449486,""start_week"":48,""duration_weeks"":1,""recovery_weeks"":3}]"
A,42,510,Supplier-cluster shock,False,,False,Non-failure,Unclassified,Unclassified,0,1.0,0.0,False,False,False,False,False,[]
A,42,511,Supplier-cluster shock,True,True,False,Structural,Concentrated dependency,Concentrated dependency,3,0.8513801455281866,1362.8970920147929,True,True,False,False,False,"[{""target"":""corridor"",""magnitude"":0.3614648908538601,""start_week"":15,""duration_weeks"":9,""recovery_weeks"":4},{""target"":""corridor"",""magnitude"":0.35024454549131595,""start_week"":33,""duration_weeks"":1,""recovery_weeks"":1},{""target"":""T2P"",""magnitude"":0.23298882451716427,""start_week"":47,""duration_weeks"":8,""recovery_weeks"":4}]"
A,42,512,Supplier-cluster shock,False,,False,Non-failure,Unclassified,Unclassified,0,1.0,0.0,False,False,False,False,False,[]
A,42,513,Supplier-cluster shock,False,,False,Non-failure,Unclassified,Unclassified,0,1.0,0.0,False,False,False,False,False,[]
A,42,514,Supplier-cluster shock,False,,False,Non-failure,Unclassified,Unclassified,0,1.0,0.0,False,False,False,False,False,[]
A,42,515,Supplier-cluster shock,False,,False,Non-failure,Unclassified,Unclassified,1,0.8161457663246873,202.7441875400882,False,False,False,False,False,"[{""target"":""demand"",""magnitude"":0.22527131948898682,""start_week"":46,""duration_weeks"":1,""recovery_weeks"":3}]"
A,42,516,Supplier-cluster shock,False,,False,Non-failure,Unclassified,Unclassified,3,0.9602831053566657,56.770661431482154,False,True,True,True,False,"[{""target"":""corridor"",""magnitude"":0.2503406483832162,""start_week"":3,""duration_weeks"":5,""recovery_weeks"":2},{""target"":""S1A"",""magnitude"":0.30071789208284216,""start_week"":9,""duration_weeks"":2,""recovery_weeks"":4},{""target"":""S1B"",""magnitude"":0.35535322756319065,""start_week"":13,""duration_weeks"":1,""recovery_weeks"":2}]"
A,42,517,Supplier-cluster shock,False,,False,Non-failure,Unclassified,Unclassified,1,0.9985735144486171,2.9956196579041716,False,False,False,True,False,"[{""target"":""S1B"",""magnitude"":0.25320959249061176,""start_week"":14,""duration_weeks"":2,""recovery_weeks"":4}]"
A,42,518,Supplier-cluster shock,False,,False,Non-failure,Unclassified,Unclassified,2,0.8105525613915329,210.35365609715245,True,False,False,False,False,"[{""target"":""demand"",""magnitude"":0.2337262845523912,""start_week"":9,""duration_weeks"":2,""recovery_weeks"":1},{""target"":""T2P"",""magnitude"":0.3479246884554058,""start_week"":48,""duration_weeks"":5,""recovery_weeks"":2}]"
A,42,519,Supplier-cluster shock,False,,False,Non-failure,Unclassified,Unclassified,1,0.883865446331837,118.25453606668725,False,False,False,False,False,"[{""target"":""demand"",""magnitude"":0.13139392896298566,""start_week"":42,""duration_weeks"":3,""recovery_weeks"":2}]"
A,42,520,Supplier-cluster shock,False,,False,Non-failure,Unclassified,Unclassified,3,0.8445618413604413,259.48927772038826,False,True,False,False,False,"[{""target"":""corridor"",""magnitude"":0.22648897055544193,""start_week"":3,""duration_weeks"":1,""recovery_weeks"":4},{""target"":""demand"",""magnitude"":0.18404591709847418,""start_week"":31,""duration_weeks"":6,""recovery_weeks"":1},{""target"":""demand"",""magnitude"":0.13035874510715978,""start_week"":42,""duration_weeks"":1,""recovery_weeks"":4}]"
A,42,521,Supplier-cluster shock,True,True,True,Structural,Concentrated dependency,Concentrated dependency,2,0.6616810405752891,2395.2245161970836,False,True,False,False,True,"[{""target"":""S1C"",""magnitude"":0.30083998957604224,""start_week"":31,""duration_weeks"":1,""recovery_weeks"":1},{""target"":""corridor"",""magnitude"":0.5037392195685331,""start_week"":43,""duration_weeks"":16,""recovery_weeks"":3}]"
A,42,522,Supplier-cluster shock,False,,False,Non-failure,Unclassified,Unclassified,3,0.8976348724302498,102.63484367908632,False,False,False,False,False,"[{""target"":""demand"",""magnitude"":0.11403871519898479,""start_week"":2,""duration_weeks"":4,""recovery_weeks"":4},{""target"":""demand"",""magnitude"":0.07751531164003138,""start_week"":14,""duration_weeks"":3,""recovery_weeks"":4},{""target"":""demand"",""magnitude"":0.1829023714786034,""start_week"":37,""duration_weeks"":1,""recovery_weeks"":1}]"
A,42,523,Supplier-cluster shock,False,,False,Non-failure,Unclassified,Unclassified,1,0.9236400884496835,74.40551926523347,False,False,False,False,False,"[{""target"":""demand"",""magnitude"":0.08267279918359272,""start_week"":39,""duration_weeks"":6,""recovery_weeks"":1}]"
A,42,524,Supplier-cluster shock,False,,False,Non-failure,Unclassified,Unclassified,3,0.8949636605704063,94.53270548663431,True,True,False,False,False,"[{""target"":""corridor"",""magnitude"":0.2217783492980399,""start_week"":3,""duration_weeks"":1,""recovery_weeks"":3},{""target"":""T2P"",""magnitude"":0.27363317637165857,""start_week"":17,""duration_weeks"":3,""recovery_weeks"":1},{""target"":""corridor"",""magnitude"":0.26398662460085837,""start_week"":51,""duration_weeks"":4,""recovery_weeks"":1}]"
A,42,525,Supplier-cluster shock,False,,False,Non-failure,Unclassified,Unclassified,2,0.8537409156722001,287.72936792827,False,True,False,False,True,"[{""target"":""corridor"",""magnitude"":0.28838801498193467,""start_week"":24,""duration_weeks"":4,""recovery_weeks"":4},{""target"":""S1C"",""magnitude"":0.5790829397375499,""start_week"":33,""duration_weeks"":6,""recovery_weeks"":4}]"
A,42,526,Supplier-cluster shock,True,True,True,Structural,Concentrated dependency; Hidden convergent dependency,Hidden convergent dependency,3,0.7092228795690803,865.7950545590264,True,False,True,False,False,"[{""target"":""S1A"",""magnitude"":0.447749468617214,""start_week"":12,""duration_weeks"":5,""recovery_weeks"":3},{""target"":""T2P"",""magnitude"":0.3109334158644539,""start_week"":39,""duration_weeks"":3,""recovery_weeks"":4},{""target"":""demand"",""magnitude"":0.20131478519381146,""start_week"":47,""duration_weeks"":2,""recovery_weeks"":2}]"
A,42,527,Supplier-cluster shock,False,,False,Non-failure,Unclassified,Unclassified,4,0.8753429995697452,142.79843328873073,False,False,True,True,False,"[{""target"":""demand"",""magnitude"":0.14240931896585354,""start_week"":2,""duration_weeks"":4,""recovery_weeks"":2},{""target"":""S1A"",""magnitude"":0.30921897857850494,""start_week"":15,""duration_weeks"":1,""recovery_weeks"":1},{""target"":""S1B"",""magnitude"":0.408306209037668,""start_week"":33,""duration_weeks"":5,""recovery_weeks"":4},{""target"":""S1A"",""magnitude"":0.21393149588134647,""start_week"":43,""duration_weeks"":1,""recovery_weeks"":3}]"
A,42,528,Supplier-cluster shock,False,,False,Non-failure,Unclassified,Unclassified,2,0.9597294136306113,105.16070589817207,False,False,False,True,True,"[{""target"":""S1B"",""magnitude"":0.32673650433272294,""start_week"":2,""duration_weeks"":1,""recovery_weeks"":4},{""target"":""S1C"",""magnitude"":0.37113527585915673,""start_week"":4,""duration_weeks"":1,""recovery_weeks"":1}]"
A,42,529,Supplier-cluster shock,True,True,False,Structural,Concentrated dependency,Concentrated dependency,4,0.841189858986541,362.288676864604,False,False,True,True,False,"[{""target"":""S1B"",""magnitude"":0.6073228172802829,""start_week"":5,""duration_weeks"":7,""recovery_weeks"":2},{""target"":""S1A"",""magnitude"":0.22075766346137066,""start_week"":28,""duration_weeks"":5,""recovery_weeks"":1},{""target"":""S1B"",""magnitude"":0.5268363047852214,""start_week"":35,""duration_weeks"":2,""recovery_weeks"":2},{""target"":""S1A"",""magnitude"":0.26445913607799876,""start_week"":40,""duration_weeks"":6,""recovery_weeks"":1}]"
A,42,530,Supplier-cluster shock,True,False,False,Adaptation-limited,Concentrated dependency; Hidden convergent dependency; Propagation-amplified cascade,Hidden convergent dependency,3,0.7797399536330957,563.9627608138369,True,False,True,False,True,"[{""target"":""T2P"",""magnitude"":0.29823404173021395,""start_week"":2,""duration_weeks"":4,""recovery_weeks"":4},{""target"":""S1C"",""magnitude"":0.21819427307770972,""start_week"":14,""duration_weeks"":5,""recovery_weeks"":3},{""target"":""S1A"",""magnitude"":0.17515697485682175,""start_week"":20,""duration_weeks"":2,""recovery_weeks"":3}]"
A,42,531,Supplier-cluster shock,True,False,True,Adaptation-limited,Concentrated dependency,Concentrated dependency,4,0.7004182682772165,792.6061072098096,False,True,False,True,False,"[{""target"":""S1B"",""magnitude"":0.38141540260096196,""start_week"":3,""duration_weeks"":1,""recovery_weeks"":3},{""target"":""corridor"",""magnitude"":0.2746854871219622,""start_week"":8,""duration_weeks"":2,""recovery_weeks"":4},{""target"":""corridor"",""magnitude"":0.20172756205140815,""start_week"":17,""duration_weeks"":1,""recovery_weeks"":2},{""target"":""corridor"",""magnitude"":0.47468629879208757,""start_week"":43,""duration_weeks"":2,""recovery_weeks"":1}]"
A,42,532,Supplier-cluster shock,False,,False,Non-failure,Unclassified,Unclassified,3,0.8485636943841934,517.140704932347,True,False,False,False,False,"[{""target"":""T2P"",""magnitude"":0.3563963943258136,""start_week"":4,""duration_weeks"":1,""recovery_weeks"":2},{""target"":""T2P"",""magnitude"":0.28439337220570404,""start_week"":15,""duration_weeks"":1,""recovery_weeks"":2},{""target"":""demand"",""magnitude"":0.17846191937978767,""start_week"":21,""duration_weeks"":9,""recovery_weeks"":1}]"
A,42,533,Supplier-cluster shock,False,,False,Non-failure,Unclassified,Unclassified,0,1.0,0.0,False,False,False,False,False,[]
A,42,534,Supplier-cluster shock,True,False,False,Adaptation-limited,Concentrated dependency; Hidden convergent dependency; Propagation-amplified cascade,Hidden convergent dependency,5,0.7728881670150145,526.4038981189219,True,True,False,False,False,"[{""target"":""T2P"",""magnitude"":0.30440064968648695,""start_week"":1,""duration_weeks"":4,""recovery_weeks"":3},{""target"":""demand"",""magnitude"":0.08261099381031345,""start_week"":19,""duration_weeks"":1,""recovery_weeks"":1},{""target"":""demand"",""magnitude"":0.13276580102186267,""start_week"":37,""duration_weeks"":1,""recovery_weeks"":2},{""target"":""corridor"",""magnitude"":0.27263867031728695,""start_week"":48,""duration_weeks"":7,""recovery_weeks"":1},{""target"":""demand"",""magnitude"":0.1602030031557503,""start_week"":50,""duration_weeks"":2,""recovery_weeks"":1}]"
A,42,535,Supplier-cluster shock,True,True,True,Structural,Compounding moderate disturbance; Recovery lag and temporal overlap,Compounding moderate disturbance,6,0.7468731297512594,1350.3276490147982,True,True,True,False,True,"[{""target"":""demand"",""magnitude"":0.11159047443669459,""start_week"":5,""duration_weeks"":7,""recovery_weeks"":4},{""target"":""demand"",""magnitude"":0.21083027813171074,""start_week"":12,""duration_weeks"":4,""recovery_weeks"":3},{""target"":""corridor"",""magnitude"":0.23189931659429824,""start_week"":34,""duration_weeks"":1,""recovery_weeks"":1},{""target"":""T2P"",""magnitude"":0.32781418322386646,""start_week"":37,""duration_weeks"":8,""recovery_weeks"":1},{""target"":""S1C"",""magnitude"":0.2598260683174851,""start_week"":48,""duration_weeks"":2,""recovery_weeks"":4},{""target"":""S1A"",""magnitude"":0.24579323607717973,""start_week"":50,""duration_weeks"":1,""recovery_weeks"":1}]"
A,42,536,Supplier-cluster shock,False,,False,Non-failure,Unclassified,Unclassified,0,1.0,0.0,False,False,False,False,False,[]
A,42,537,Supplier-cluster shock,True,True,True,Structural,Concentrated dependency,Concentrated dependency,3,0.601753194494654,4524.093155651252,True,True,False,False,True,"[{""target"":""corridor"",""magnitude"":0.5486851041290095,""start_week"":24,""duration_weeks"":11,""recovery_weeks"":4},{""target"":""T2P"",""magnitude"":0.4444270313202243,""start_week"":35,""duration_weeks"":2,""recovery_weeks"":2},{""target"":""S1C"",""magnitude"":0.1635071004583755,""start_week"":40,""duration_weeks"":4,""recovery_weeks"":3}]"
A,42,538,Supplier-cluster shock,False,,False,Non-failure,Unclassified,Unclassified,2,0.9123283714709065,320.68795824756535,True,True,False,False,False,"[{""target"":""T2P"",""magnitude"":0.26835669851427624,""start_week"":11,""duration_weeks"":4,""recovery_weeks"":3},{""target"":""corridor"",""magnitude"":0.2988989478081692,""start_week"":14,""duration_weeks"":3,""recovery_weeks"":2}]"
A,42,539,Supplier-cluster shock,False,,False,Non-failure,Unclassified,Unclassified,5,0.8916163725748277,109.40272933858535,True,False,False,False,False,"[{""target"":""demand"",""magnitude"":0.12155858815398367,""start_week"":8,""duration_weeks"":1,""recovery_weeks"":2},{""target"":""demand"",""magnitude"":0.16651310794535937,""start_week"":16,""duration_weeks"":1,""recovery_weeks"":1},{""target"":""demand"",""magnitude"":0.1150323528228266,""start_week"":38,""duration_weeks"":4,""recovery_weeks"":3},{""target"":""T2P"",""magnitude"":0.27181068334354497,""start_week"":46,""duration_weeks"":1,""recovery_weeks"":1},{""target"":""T2P"",""magnitude"":0.4572456805080546,""start_week"":49,""duration_weeks"":1,""recovery_weeks"":2}]"
A,42,540,Supplier-cluster shock,True,False,False,Adaptation-limited,Concentrated dependency,Concentrated dependency,3,0.5191115378392412,876.3181805231283,True,True,False,False,False,"[{""target"":""corridor"",""magnitude"":0.2544662285974011,""start_week"":26,""duration_weeks"":3,""recovery_weeks"":2},{""target"":""corridor"",""magnitude"":0.4777786489175885,""start_week"":28,""duration_weeks"":1,""recovery_weeks"":1},{""target"":""T2P"",""magnitude"":0.29169524133502295,""start_week"":39,""duration_weeks"":1,""recovery_weeks"":1}]"
A,42,541,Supplier-cluster shock,True,True,False,Structural,Concentrated dependency,Concentrated dependency,3,0.8888983493086862,294.2921503365777,False,True,False,False,False,"[{""target"":""corridor"",""magnitude"":0.3333262380184853,""start_week"":40,""duration_weeks"":1,""recovery_weeks"":3},{""target"":""demand"",""magnitude"":0.15231084638968645,""start_week"":44,""duration_weeks"":5,""recovery_weeks"":4},{""target"":""demand"",""magnitude"":0.11860905029947603,""start_week"":50,""duration_weeks"":2,""recovery_weeks"":1}]"
A,42,542,Supplier-cluster shock,True,False,False,Adaptation-limited,Concentrated dependency,Concentrated dependency,2,0.8655304035542734,433.009586103366,False,True,True,False,False,"[{""target"":""S1A"",""magnitude"":0.3138512013765627,""start_week"":18,""duration_weeks"":1,""recovery_weeks"":1},{""target"":""corridor"",""magnitude"":0.35085219733429496,""start_week"":26,""duration_weeks"":3,""recovery_weeks"":1}]"
A,42,543,Supplier-cluster shock,True,False,True,Adaptation-limited,Hidden convergent dependency; Compounding moderate disturbance,Hidden convergent dependency,3,0.7748484015882978,661.8000479902723,True,False,False,False,True,"[{""target"":""demand"",""magnitude"":0.16305824483396184,""start_week"":10,""duration_weeks"":5,""recovery_weeks"":2},{""target"":""T2P"",""magnitude"":0.302636438570532,""start_week"":13,""duration_weeks"":2,""recovery_weeks"":1},{""target"":""S1C"",""magnitude"":0.18606462617891847,""start_week"":37,""duration_weeks"":1,""recovery_weeks"":2}]"
A,42,544,Supplier-cluster shock,True,True,False,Structural,Concentrated dependency; Hidden convergent dependency; Propagation-amplified cascade,Hidden convergent dependency,3,0.8161671855352978,737.3210237162691,True,True,True,False,False,"[{""target"":""T2P"",""magnitude"":0.3539327106909761,""start_week"":2,""duration_weeks"":2,""recovery_weeks"":4},{""target"":""corridor"",""magnitude"":0.3480990348082009,""start_week"":32,""duration_weeks"":6,""recovery_weeks"":4},{""target"":""S1A"",""magnitude"":0.33229250851659675,""start_week"":45,""duration_weeks"":8,""recovery_weeks"":4}]"
A,42,545,Supplier-cluster shock,True,True,False,Structural,Compounding moderate disturbance,Compounding moderate disturbance,3,0.8162599397963828,1009.7853872599128,True,True,False,False,False,"[{""target"":""T2P"",""magnitude"":0.30993484484426104,""start_week"":22,""duration_weeks"":1,""recovery_weeks"":2},{""target"":""demand"",""magnitude"":0.1489132487106121,""start_week"":34,""duration_weeks"":6,""recovery_weeks"":1},{""target"":""corridor"",""magnitude"":0.2966411055821567,""start_week"":37,""duration_weeks"":11,""recovery_weeks"":4}]"
A,42,546,Supplier-cluster shock,True,False,True,Adaptation-limited,Concentrated dependency,Concentrated dependency,2,0.753940786422553,876.9031380435856,False,True,False,False,False,"[{""target"":""demand"",""magnitude"":0.2652879933759877,""start_week"":16,""duration_weeks"":1,""recovery_weeks"":3},{""target"":""corridor"",""magnitude"":0.4345444101830852,""start_week"":23,""duration_weeks"":3,""recovery_weeks"":4}]"
A,42,547,Supplier-cluster shock,False,,False,Non-failure,Unclassified,Unclassified,3,0.9632035446337541,198.70085897772753,True,True,False,False,False,"[{""target"":""corridor"",""magnitude"":0.2775973415246844,""start_week"":31,""duration_weeks"":5,""recovery_weeks"":2},{""target"":""demand"",""magnitude"":0.124386072042693,""start_week"":39,""duration_weeks"":4,""recovery_weeks"":4},{""target"":""T2P"",""magnitude"":0.3588097767188451,""start_week"":46,""duration_weeks"":2,""recovery_weeks"":1}]"
A,42,548,Supplier-cluster shock,True,True,False,Structural,Concentrated dependency; Hidden convergent dependency; Propagation-amplified cascade,Hidden convergent dependency,6,0.7806543214032783,624.7225072458139,True,False,True,True,False,"[{""target"":""T2P"",""magnitude"":0.2974111107370495,""start_week"":1,""duration_weeks"":3,""recovery_weeks"":3},{""target"":""demand"",""magnitude"":0.10692190173743371,""start_week"":2,""duration_weeks"":2,""recovery_weeks"":2},{""target"":""demand"",""magnitude"":0.2030798253114094,""start_week"":20,""duration_weeks"":1,""recovery_weeks"":1},{""target"":""S1A"",""magnitude"":0.2980406634979687,""start_week"":35,""duration_weeks"":5,""recovery_weeks"":1},{""target"":""S1B"",""magnitude"":0.4806238253622944,""start_week"":36,""duration_weeks"":1,""recovery_weeks"":1},{""target"":""demand"",""magnitude"":0.13240603142830876,""start_week"":48,""duration_weeks"":3,""recovery_weeks"":2}]"
A,42,549,Supplier-cluster shock,False,,False,Non-failure,Unclassified,Unclassified,1,0.8722374333780035,131.82913913070388,False,False,False,False,False,"[{""target"":""demand"",""magnitude"":0.1464768212563376,""start_week"":47,""duration_weeks"":3,""recovery_weeks"":4}]"
A,42,550,Supplier-cluster shock,False,,False,Non-failure,Unclassified,Unclassified,4,0.9199951990007733,267.5384827868344,True,True,False,True,False,"[{""target"":""S1B"",""magnitude"":0.42474034447828,""start_week"":12,""duration_weeks"":10,""recovery_weeks"":1},{""target"":""T2P"",""magnitude"":0.36531918819047116,""start_week"":19,""duration_weeks"":1,""recovery_weeks"":4},{""target"":""demand"",""magnitude"":0.20773577114088515,""start_week"":33,""duration_weeks"":2,""recovery_weeks"":4},{""target"":""corridor"",""magnitude"":0.22389601015311583,""start_week"":44,""duration_weeks"":1,""recovery_weeks"":1}]"
A,42,551,Supplier-cluster shock,False,,False,Non-failure,Unclassified,Unclassified,1,1.0,0.0,False,True,False,False,False,"[{""target"":""corridor"",""magnitude"":0.248033430554437,""start_week"":1,""duration_weeks"":1,""recovery_weeks"":4}]"
A,42,552,Supplier-cluster shock,True,True,True,Structural,Concentrated dependency,Concentrated dependency,4,0.6930871555511684,618.0301858906256,True,True,False,True,False,"[{""target"":""corridor"",""magnitude"":0.48018463333662365,""start_week"":29,""duration_weeks"":1,""recovery_weeks"":1},{""target"":""S1B"",""magnitude"":0.35890984776014717,""start_week"":34,""duration_weeks"":2,""recovery_weeks"":2},{""target"":""T2P"",""magnitude"":0.33045623782296235,""start_week"":37,""duration_weeks"":3,""recovery_weeks"":4},{""target"":""demand"",""magnitude"":0.0875914652245302,""start_week"":51,""duration_weeks"":1,""recovery_weeks"":2}]"
A,42,553,Supplier-cluster shock,False,,False,Non-failure,Unclassified,Unclassified,0,1.0,0.0,False,False,False,False,False,[]
A,42,554,Supplier-cluster shock,True,True,True,Structural,Concentrated dependency; Hidden convergent dependency; Propagation-amplified cascade,Hidden convergent dependency,1,0.7853247975733355,725.7556958339858,True,False,False,False,False,"[{""target"":""T2P"",""magnitude"":0.29320768218399806,""start_week"":2,""duration_weeks"":5,""recovery_weeks"":4}]"
A,42,555,Supplier-cluster shock,True,False,True,Adaptation-limited,Concentrated dependency; Propagation-amplified cascade,Propagation-amplified cascade,3,0.7270479940471227,4039.751489739622,True,True,False,False,False,"[{""target"":""T2P"",""magnitude"":0.443018020964835,""start_week"":6,""duration_weeks"":3,""recovery_weeks"":2},{""target"":""corridor"",""magnitude"":0.45471400446465793,""start_week"":7,""duration_weeks"":15,""recovery_weeks"":4},{""target"":""corridor"",""magnitude"":0.2759674059514098,""start_week"":27,""duration_weeks"":1,""recovery_weeks"":4}]"
A,42,556,Supplier-cluster shock,False,,False,Non-failure,Unclassified,Unclassified,4,0.9467412310540014,52.76265710830512,True,True,True,False,False,"[{""target"":""T2P"",""magnitude"":0.3126407408768444,""start_week"":6,""duration_weeks"":2,""recovery_weeks"":1},{""target"":""corridor"",""magnitude"":0.167682647632153,""start_week"":20,""duration_weeks"":7,""recovery_weeks"":4},{""target"":""demand"",""magnitude"":0.10076097748759744,""start_week"":23,""duration_weeks"":1,""recovery_weeks"":2},{""target"":""S1A"",""magnitude"":0.4159546572161996,""start_week"":49,""duration_weeks"":5,""recovery_weeks"":1}]"
A,42,557,Supplier-cluster shock,True,True,False,Structural,Concentrated dependency,Concentrated dependency,3,0.8220813780060201,365.3485894351003,False,True,False,False,True,"[{""target"":""corridor"",""magnitude"":0.383438966495485,""start_week"":29,""duration_weeks"":1,""recovery_weeks"":4},{""target"":""demand"",""magnitude"":0.08735008016236326,""start_week"":40,""duration_weeks"":2,""recovery_weeks"":1},{""target"":""S1C"",""magnitude"":0.35303909406376255,""start_week"":51,""duration_weeks"":1,""recovery_weeks"":4}]"
A,42,558,Supplier-cluster shock,True,True,True,Structural,Hidden convergent dependency; Compounding moderate disturbance; Propagation-amplified cascade; Recovery lag and temporal overlap,Hidden convergent dependency,4,0.6879491883134548,876.5185143657746,True,False,True,False,True,"[{""target"":""T2P"",""magnitude"":0.24926930446106588,""start_week"":11,""duration_weeks"":3,""recovery_weeks"":3},{""target"":""T2P"",""magnitude"":0.25744893961926973,""start_week"":14,""duration_weeks"":3,""recovery_weeks"":2},{""target"":""S1C"",""magnitude"":0.4844986866004931,""start_week"":26,""duration_weeks"":4,""recovery_weeks"":3},{""target"":""S1A"",""magnitude"":0.4271097423366539,""start_week"":51,""duration_weeks"":1,""recovery_weeks"":3}]"
A,42,559,Supplier-cluster shock,True,True,False,Structural,Concentrated dependency,Concentrated dependency,3,0.8544657977927694,261.961563973015,False,False,True,False,True,"[{""target"":""S1C"",""magnitude"":0.5774519549662687,""start_week"":29,""duration_weeks"":1,""recovery_weeks"":1},{""target"":""S1A"",""magnitude"":0.32476594932503655,""start_week"":45,""duration_weeks"":2,""recovery_weeks"":4},{""target"":""S1C"",""magnitude"":0.23189134611660267,""start_week"":47,""duration_weeks"":1,""recovery_weeks"":3}]"
A,42,560,Supplier-cluster shock,True,True,True,Structural,Concentrated dependency,Concentrated dependency,2,0.7443012119113638,767.7795775391253,False,True,False,False,False,"[{""target"":""corridor"",""magnitude"":0.38184014894991325,""start_week"":5,""duration_weeks"":2,""recovery_weeks"":3},{""target"":""corridor"",""magnitude"":0.44177409106647725,""start_week"":20,""duration_weeks"":3,""recovery_weeks"":1}]"
A,42,561,Supplier-cluster shock,False,,False,Non-failure,Unclassified,Unclassified,1,0.5963781193211426,363.2596926109718,True,False,False,False,False,"[{""target"":""T2P"",""magnitude"":0.5816298463054859,""start_week"":34,""duration_weeks"":1,""recovery_weeks"":1}]"
A,42,562,Supplier-cluster shock,True,True,False,Structural,Concentrated dependency,Concentrated dependency,3,0.882106614483004,247.5761095856917,False,False,True,True,True,"[{""target"":""S1A"",""magnitude"":0.5152601174132413,""start_week"":8,""duration_weeks"":2,""recovery_weeks"":3},{""target"":""S1B"",""magnitude"":0.3533748860086018,""start_week"":29,""duration_weeks"":1,""recovery_weeks"":1},{""target"":""S1C"",""magnitude"":0.33614529332032306,""start_week"":42,""duration_weeks"":1,""recovery_weeks"":1}]"
A,42,563,Supplier-cluster shock,True,True,True,Structural,Concentrated dependency; Propagation-amplified cascade,Propagation-amplified cascade,2,0.8162400560636481,1376.380214746798,True,True,False,False,False,"[{""target"":""T2P"",""magnitude"":0.21867922185627542,""start_week"":13,""duration_weeks"":5,""recovery_weeks"":1},{""target"":""corridor"",""magnitude"":0.3878199579522639,""start_week"":30,""duration_weeks"":8,""recovery_weeks"":2}]"
A,42,564,Supplier-cluster shock,False,,False,Non-failure,Unclassified,Unclassified,5,0.901542732684965,117.62516960538471,False,True,False,True,True,"[{""target"":""demand"",""magnitude"":0.10920976205066915,""start_week"":4,""duration_weeks"":5,""recovery_weeks"":2},{""target"":""corridor"",""magnitude"":0.233854689935266,""start_week"":14,""duration_weeks"":1,""recovery_weeks"":4},{""target"":""S1B"",""magnitude"":0.1974646012921036,""start_week"":16,""duration_weeks"":1,""recovery_weeks"":1},{""target"":""S1C"",""magnitude"":0.5404937173251008,""start_week"":20,""duration_weeks"":1,""recovery_weeks"":2},{""target"":""corridor"",""magnitude"":0.266827220337425,""start_week"":38,""duration_weeks"":7,""recovery_weeks"":1}]"
A,42,565,Supplier-cluster shock,False,,False,Non-failure,Unclassified,Unclassified,2,0.9335869405638986,139.46742481581293,False,False,True,False,True,"[{""target"":""S1C"",""magnitude"":0.19590843319632342,""start_week"":21,""duration_weeks"":2,""recovery_weeks"":2},{""target"":""S1A"",""magnitude"":0.3994293837312281,""start_week"":35,""duration_weeks"":7,""recovery_weeks"":4}]"
A,42,566,Supplier-cluster shock,True,True,True,Structural,Concentrated dependency; Hidden convergent dependency,Hidden convergent dependency,3,0.6149214955884906,2792.374221862252,True,False,False,False,False,"[{""target"":""T2P"",""magnitude"":0.328424270883925,""start_week"":5,""duration_weeks"":6,""recovery_weeks"":2},{""target"":""demand"",""magnitude"":0.21348051731269296,""start_week"":6,""duration_weeks"":8,""recovery_weeks"":1},{""target"":""T2P"",""magnitude"":0.3616059642259233,""start_week"":41,""duration_weeks"":5,""recovery_weeks"":2}]"
A,42,567,Supplier-cluster shock,False,,False,Non-failure,Unclassified,Unclassified,1,1.0,0.0,True,False,False,False,False,"[{""target"":""T2P"",""magnitude"":0.44064314660905946,""start_week"":51,""duration_weeks"":1,""recovery_weeks"":3}]"
A,42,568,Supplier-cluster shock,True,True,False,Structural,Concentrated dependency,Concentrated dependency,4,0.8645143954587015,447.8024084726421,False,False,True,True,True,"[{""target"":""S1A"",""magnitude"":0.4563311870675577,""start_week"":5,""duration_weeks"":1,""recovery_weeks"":1},{""target"":""S1C"",""magnitude"":0.5548426102179218,""start_week"":20,""duration_weeks"":8,""recovery_weeks"":2},{""target"":""S1B"",""magnitude"":0.2409861014728777,""start_week"":23,""duration_weeks"":3,""recovery_weeks"":1},{""target"":""demand"",""magnitude"":0.14953828438879951,""start_week"":38,""duration_weeks"":2,""recovery_weeks"":1}]"
A,42,569,Supplier-cluster shock,False,,False,Non-failure,Unclassified,Unclassified,3,0.9257328587636093,72.2027164532351,True,False,False,False,False,"[{""target"":""T2P"",""magnitude"":0.18226776158707758,""start_week"":10,""duration_weeks"":1,""recovery_weeks"":1},{""target"":""demand"",""magnitude"":0.0802252405035946,""start_week"":46,""duration_weeks"":5,""recovery_weeks"":1},{""target"":""T2P"",""magnitude"":0.25719266952559217,""start_week"":51,""duration_weeks"":1,""recovery_weeks"":3}]"
A,42,570,Supplier-cluster shock,False,,False,Non-failure,Unclassified,Unclassified,3,0.8820668696339639,137.4437711057003,True,False,False,False,True,"[{""target"":""T2P"",""magnitude"":0.4122796346588651,""start_week"":2,""duration_weeks"":1,""recovery_weeks"":2},{""target"":""S1C"",""magnitude"":0.30779382667589406,""start_week"":7,""duration_weeks"":2,""recovery_weeks"":4},{""target"":""T2P"",""magnitude"":0.49989768048741656,""start_week"":49,""duration_weeks"":2,""recovery_weeks"":4}]"
A,42,571,Supplier-cluster shock,True,True,False,Structural,Concentrated dependency; Hidden convergent dependency; Propagation-amplified cascade,Hidden convergent dependency,2,0.4107469901965792,990.9831264692365,True,False,False,False,False,"[{""target"":""T2P"",""magnitude"":0.6303277088230788,""start_week"":15,""duration_weeks"":2,""recovery_weeks"":1},{""target"":""demand"",""magnitude"":0.06291922904185178,""start_week"":33,""duration_weeks"":7,""recovery_weeks"":2}]"
A,42,572,Supplier-cluster shock,False,,False,Non-failure,Unclassified,Unclassified,0,1.0,0.0,False,False,False,False,False,[]
A,42,573,Supplier-cluster shock,True,True,True,Structural,Concentrated dependency; Hidden convergent dependency; Propagation-amplified cascade,Hidden convergent dependency,1,0.6363884148385129,1477.1277731946998,True,False,False,False,False,"[{""target"":""T2P"",""magnitude"":0.4272504266453384,""start_week"":19,""duration_weeks"":5,""recovery_weeks"":2}]"
A,42,574,Supplier-cluster shock,False,,False,Non-failure,Unclassified,Unclassified,2,0.9741491700819921,54.286742827816624,False,False,True,True,False,"[{""target"":""S1B"",""magnitude"":0.3081643673155178,""start_week"":1,""duration_weeks"":2,""recovery_weeks"":2},{""target"":""S1A"",""magnitude"":0.23330719889821802,""start_week"":40,""duration_weeks"":3,""recovery_weeks"":4}]"
A,42,575,Supplier-cluster shock,False,,False,Non-failure,Unclassified,Unclassified,2,0.967126420185185,59.17244366666705,False,False,False,True,True,"[{""target"":""S1B"",""magnitude"":0.3239655545833337,""start_week"":1,""duration_weeks"":1,""recovery_weeks"":3},{""target"":""S1C"",""magnitude"":0.2971651127869436,""start_week"":13,""duration_weeks"":8,""recovery_weeks"":3}]"
A,42,576,Supplier-cluster shock,True,False,False,Adaptation-limited,Concentrated dependency,Concentrated dependency,6,0.8247991637561709,478.47290085268276,False,True,True,False,True,"[{""target"":""demand"",""magnitude"":0.21241636017907323,""start_week"":2,""duration_weeks"":1,""recovery_weeks"":2},{""target"":""S1C"",""magnitude"":0.17017684553963766,""start_week"":15,""duration_weeks"":4,""recovery_weeks"":3},{""target"":""S1A"",""magnitude"":0.3903147092457355,""start_week"":26,""duration_weeks"":2,""recovery_weeks"":2},{""target"":""S1C"",""magnitude"":0.29777341109417305,""start_week"":37,""duration_weeks"":13,""recovery_weeks"":4},{""target"":""corridor"",""magnitude"":0.3686002913087078,""start_week"":38,""duration_weeks"":1,""recovery_weeks"":1},{""target"":""corridor"",""magnitude"":0.28683954979531856,""start_week"":40,""duration_weeks"":4,""recovery_weeks"":3}]"
A,42,577,Supplier-cluster shock,False,,False,Non-failure,Unclassified,Unclassified,3,0.9220802846756141,163.63140218121043,False,False,True,True,True,"[{""target"":""S1C"",""magnitude"":0.4253193594798683,""start_week"":5,""duration_weeks"":2,""recovery_weeks"":2},{""target"":""S1A"",""magnitude"":0.2268274726329023,""start_week"":23,""duration_weeks"":1,""recovery_weeks"":2},{""target"":""S1B"",""magnitude"":0.2961978263519369,""start_week"":32,""duration_weeks"":1,""recovery_weeks"":2}]"
A,42,578,Supplier-cluster shock,True,False,False,Adaptation-limited,Compounding moderate disturbance; Recovery lag and temporal overlap,Compounding moderate disturbance,2,0.7808883055097438,391.6579321808613,False,False,False,False,False,"[{""target"":""demand"",""magnitude"":0.28059287473542793,""start_week"":17,""duration_weeks"":1,""recovery_weeks"":1},{""target"":""demand"",""magnitude"":0.12071174884325839,""start_week"":18,""duration_weeks"":2,""recovery_weeks"":4}]"
A,42,579,Supplier-cluster shock,True,True,False,Structural,Concentrated dependency,Concentrated dependency,1,0.8551703287742746,260.6934082063058,False,True,False,False,False,"[{""target"":""corridor"",""magnitude"":0.3586222534192941,""start_week"":38,""duration_weeks"":1,""recovery_weeks"":3}]"
A,42,580,Supplier-cluster shock,False,,False,Non-failure,Unclassified,Unclassified,0,1.0,0.0,False,False,False,False,False,[]
A,42,581,Supplier-cluster shock,True,True,False,Structural,Concentrated dependency,Concentrated dependency,1,0.8675653996778808,252.77563579724506,False,True,False,False,False,"[{""target"":""corridor"",""magnitude"":0.3493259502415894,""start_week"":17,""duration_weeks"":1,""recovery_weeks"":4}]"
A,42,582,Supplier-cluster shock,False,,False,Non-failure,Unclassified,Unclassified,2,0.9185541838432147,166.8567275953401,False,False,True,False,True,"[{""target"":""S1A"",""magnitude"":0.2634340632161359,""start_week"":15,""duration_weeks"":2,""recovery_weeks"":4},{""target"":""S1C"",""magnitude"":0.4332530863527668,""start_week"":38,""duration_weeks"":8,""recovery_weeks"":3}]"
A,42,583,Supplier-cluster shock,False,,False,Non-failure,Unclassified,Unclassified,2,0.9907545612953738,19.415421279715133,False,False,False,True,True,"[{""target"":""S1B"",""magnitude"":0.27080223708540896,""start_week"":23,""duration_weeks"":2,""recovery_weeks"":1},{""target"":""S1C"",""magnitude"":0.21884173229142112,""start_week"":39,""duration_weeks"":6,""recovery_weeks"":3}]"
A,42,584,Supplier-cluster shock,True,True,False,Structural,Concentrated dependency; Hidden convergent dependency,Hidden convergent dependency,4,0.4499097871196608,762.6704987093115,True,False,False,True,False,"[{""target"":""T2P"",""magnitude"":0.33545551148861497,""start_week"":1,""duration_weeks"":1,""recovery_weeks"":1},{""target"":""demand"",""magnitude"":0.15412606885133118,""start_week"":24,""duration_weeks"":1,""recovery_weeks"":1},{""target"":""T2P"",""magnitude"":0.5950811915923053,""start_week"":28,""duration_weeks"":2,""recovery_weeks"":1},{""target"":""S1B"",""magnitude"":0.34089173413015594,""start_week"":33,""duration_weeks"":2,""recovery_weeks"":4}]"
A,42,585,Supplier-cluster shock,True,True,True,Structural,Concentrated dependency; Hidden convergent dependency; Propagation-amplified cascade,Hidden convergent dependency,2,0.4440229238376179,1292.9725358532673,True,False,False,False,False,"[{""target"":""T2P"",""magnitude"":0.5581214993732351,""start_week"":8,""duration_weeks"":1,""recovery_weeks"":3},{""target"":""demand"",""magnitude"":0.10574496371513878,""start_week"":9,""duration_weeks"":5,""recovery_weeks"":2}]"
A,42,586,Supplier-cluster shock,False,,False,Non-failure,Unclassified,Unclassified,3,0.7927237593499681,190.65850525928545,True,False,True,True,False,"[{""target"":""T2P"",""magnitude"":0.4932743082925144,""start_week"":33,""duration_weeks"":1,""recovery_weeks"":1},{""target"":""S1A"",""magnitude"":0.2602747216856413,""start_week"":38,""duration_weeks"":1,""recovery_weeks"":1},{""target"":""S1B"",""magnitude"":0.39974645469877546,""start_week"":51,""duration_weeks"":2,""recovery_weeks"":2}]"
A,42,587,Supplier-cluster shock,False,,False,Non-failure,Unclassified,Unclassified,5,0.9458255295394566,107.53850575429499,False,False,True,True,True,"[{""target"":""S1C"",""magnitude"":0.3115550102037707,""start_week"":4,""duration_weeks"":1,""recovery_weeks"":1},{""target"":""S1B"",""magnitude"":0.3641063762703237,""start_week"":8,""duration_weeks"":1,""recovery_weeks"":4},{""target"":""S1A"",""magnitude"":0.21055417501820256,""start_week"":23,""duration_weeks"":1,""recovery_weeks"":3},{""target"":""S1C"",""magnitude"":0.35320868815714196,""start_week"":25,""duration_weeks"":2,""recovery_weeks"":3},{""target"":""S1A"",""magnitude"":0.3718925585362225,""start_week"":43,""duration_weeks"":3,""recovery_weeks"":4}]"
A,42,588,Supplier-cluster shock,True,True,False,Structural,Concentrated dependency; Propagation-amplified cascade,Propagation-amplified cascade,3,0.8840174696167672,236.4380034719561,True,True,True,False,False,"[{""target"":""T2P"",""magnitude"":0.22148595337615756,""start_week"":5,""duration_weeks"":2,""recovery_weeks"":1},{""target"":""S1A"",""magnitude"":0.5109606933622737,""start_week"":12,""duration_weeks"":1,""recovery_weeks"":4},{""target"":""corridor"",""magnitude"":0.3189422384080172,""start_week"":37,""duration_weeks"":4,""recovery_weeks"":3}]"
A,42,589,Supplier-cluster shock,True,True,True,Structural,Concentrated dependency,Concentrated dependency,5,0.5459367421320648,2399.2159555982,False,True,False,False,False,"[{""target"":""corridor"",""magnitude"":0.33449741487688145,""start_week"":3,""duration_weeks"":2,""recovery_weeks"":1},{""target"":""demand"",""magnitude"":0.13912921786857727,""start_week"":4,""duration_weeks"":1,""recovery_weeks"":2},{""target"":""corridor"",""magnitude"":0.5905474434009514,""start_week"":13,""duration_weeks"":4,""recovery_weeks"":2},{""target"":""demand"",""magnitude"":0.12822364041693204,""start_week"":24,""duration_weeks"":1,""recovery_weeks"":3},{""target"":""corridor"",""magnitude"":0.44543840563121284,""start_week"":28,""duration_weeks"":4,""recovery_weeks"":1}]"
A,42,590,Supplier-cluster shock,False,,False,Non-failure,Unclassified,Unclassified,2,0.9778325877453984,39.90134205828281,False,False,True,False,True,"[{""target"":""S1C"",""magnitude"":0.23098534383244043,""start_week"":1,""duration_weeks"":9,""recovery_weeks"":3},{""target"":""S1A"",""magnitude"":0.2998766775728534,""start_week"":9,""duration_weeks"":1,""recovery_weeks"":1}]"
A,42,591,Supplier-cluster shock,False,,False,Non-failure,Unclassified,Unclassified,2,0.8700824828901053,464.73905230182027,False,True,False,False,False,"[{""target"":""corridor"",""magnitude"":0.28748508182312876,""start_week"":12,""duration_weeks"":5,""recovery_weeks"":4},{""target"":""demand"",""magnitude"":0.20201046691144453,""start_week"":19,""duration_weeks"":1,""recovery_weeks"":4}]"
A,42,592,Supplier-cluster shock,False,,False,Non-failure,Unclassified,Unclassified,1,0.9614741612730132,69.34650970857615,False,False,True,False,False,"[{""target"":""S1A"",""magnitude"":0.3366831371357201,""start_week"":39,""duration_weeks"":1,""recovery_weeks"":2}]"
A,42,593,Supplier-cluster shock,False,,False,Non-failure,Unclassified,Unclassified,1,1.0,0.0,False,False,False,False,True,"[{""target"":""S1C"",""magnitude"":0.24135649743797236,""start_week"":22,""duration_weeks"":2,""recovery_weeks"":3}]"
A,42,594,Supplier-cluster shock,True,True,True,Structural,Concentrated dependency,Concentrated dependency,4,0.7241526542337825,1637.8382783271695,False,True,True,False,True,"[{""target"":""demand"",""magnitude"":0.17030954412557908,""start_week"":5,""duration_weeks"":4,""recovery_weeks"":4},{""target"":""corridor"",""magnitude"":0.4568855093246631,""start_week"":28,""duration_weeks"":6,""recovery_weeks"":1},{""target"":""S1C"",""magnitude"":0.30304613655337065,""start_week"":37,""duration_weeks"":2,""recovery_weeks"":1},{""target"":""S1A"",""magnitude"":0.438875077022025,""start_week"":43,""duration_weeks"":1,""recovery_weeks"":1}]"
A,42,595,Supplier-cluster shock,False,,False,Non-failure,Unclassified,Unclassified,4,0.8290383470120712,185.59513952965017,False,True,False,False,False,"[{""target"":""demand"",""magnitude"":0.2062168216996113,""start_week"":12,""duration_weeks"":2,""recovery_weeks"":2},{""target"":""corridor"",""magnitude"":0.17834973219830277,""start_week"":16,""duration_weeks"":1,""recovery_weeks"":2},{""target"":""demand"",""magnitude"":0.09800234902749232,""start_week"":27,""duration_weeks"":1,""recovery_weeks"":1},{""target"":""demand"",""magnitude"":0.24234252680388513,""start_week"":35,""duration_weeks"":1,""recovery_weeks"":3}]"
A,42,596,Supplier-cluster shock,False,,False,Non-failure,Unclassified,Unclassified,0,1.0,0.0,False,False,False,False,False,[]
A,42,597,Supplier-cluster shock,True,True,True,Structural,Concentrated dependency,Concentrated dependency,1,0.8105041899754741,525.3361730809349,False,True,False,False,False,"[{""target"":""corridor"",""magnitude"":0.39212185751839435,""start_week"":26,""duration_weeks"":2,""recovery_weeks"":3}]"
A,42,598,Supplier-cluster shock,True,True,True,Structural,Concentrated dependency; Hidden convergent dependency; Propagation-amplified cascade,Hidden convergent dependency,2,0.5048186750227411,6635.8565360739285,True,False,False,False,False,"[{""target"":""T2P"",""magnitude"":0.4967906991395844,""start_week"":20,""duration_weeks"":16,""recovery_weeks"":3},{""target"":""demand"",""magnitude"":0.10756886197855983,""start_week"":34,""duration_weeks"":1,""recovery_weeks"":1}]"
A,42,599,Supplier-cluster shock,False,,False,Non-failure,Unclassified,Unclassified,2,0.8355287484445096,366.8309259056314,True,False,False,False,False,"[{""target"":""T2P"",""magnitude"":0.23131456336401957,""start_week"":5,""duration_weeks"":4,""recovery_weeks"":2},{""target"":""demand"",""magnitude"":0.2712050058113665,""start_week"":20,""duration_weeks"":3,""recovery_weeks"":3}]"
A,42,600,Supplier-cluster shock,False,,False,Non-failure,Unclassified,Unclassified,1,0.9773625475838581,47.53865007389811,False,False,False,True,False,"[{""target"":""S1B"",""magnitude"":0.3009342679363194,""start_week"":35,""duration_weeks"":7,""recovery_weeks"":2}]"
A,42,601,Supplier-cluster shock,False,,False,Non-failure,Unclassified,Unclassified,2,0.9218136205664951,164.1913968103604,False,False,False,True,True,"[{""target"":""S1C"",""magnitude"":0.42591935372538614,""start_week"":8,""duration_weeks"":6,""recovery_weeks"":1},{""target"":""S1B"",""magnitude"":0.2382041890361205,""start_week"":39,""duration_weeks"":1,""recovery_weeks"":2}]"
A,42,602,Supplier-cluster shock,True,False,True,Adaptation-limited,Concentrated dependency,Concentrated dependency,1,0.6403531984012932,1086.8344452757322,False,True,False,False,False,"[{""target"":""corridor"",""magnitude"":0.5197351011990301,""start_week"":22,""duration_weeks"":2,""recovery_weeks"":3}]"
A,42,603,Supplier-cluster shock,True,False,False,Adaptation-limited,Hidden convergent dependency; Compounding moderate disturbance; Recovery lag and temporal overlap,Hidden convergent dependency,2,0.7267371646462615,518.1111039089037,True,False,False,False,False,"[{""target"":""demand"",""magnitude"":0.15221491768777834,""start_week"":13,""duration_weeks"":4,""recovery_weeks"":4},{""target"":""T2P"",""magnitude"":0.3777396416724311,""start_week"":19,""duration_weeks"":1,""recovery_weeks"":4}]"
A,42,604,Supplier-cluster shock,True,False,False,Adaptation-limited,Concentrated dependency; Hidden convergent dependency; Propagation-amplified cascade,Hidden convergent dependency,3,0.7460411387953282,478.5333878789206,True,True,False,True,False,"[{""target"":""corridor"",""magnitude"":0.2150044479225201,""start_week"":14,""duration_weeks"":3,""recovery_weeks"":2},{""target"":""T2P"",""magnitude"":0.4928444626263069,""start_week"":33,""duration_weeks"":1,""recovery_weeks"":3},{""target"":""S1B"",""magnitude"":0.3100998974481509,""start_week"":40,""duration_weeks"":1,""recovery_weeks"":4}]"
A,42,605,Supplier-cluster shock,False,,False,Non-failure,Unclassified,Unclassified,2,0.9332943268698661,140.0819135732811,False,False,False,True,True,"[{""target"":""S1C"",""magnitude"":0.19815632907249986,""start_week"":25,""duration_weeks"":4,""recovery_weeks"":2},{""target"":""S1B"",""magnitude"":0.40008776454280104,""start_week"":27,""duration_weeks"":2,""recovery_weeks"":3}]"
A,42,606,Supplier-cluster shock,True,True,True,Structural,Concentrated dependency; Hidden convergent dependency; Propagation-amplified cascade,Hidden convergent dependency,3,0.688992108866961,2473.9548977220193,True,False,True,False,True,"[{""target"":""T2P"",""magnitude"":0.3799071020197349,""start_week"":4,""duration_weeks"":9,""recovery_weeks"":4},{""target"":""S1C"",""magnitude"":0.3729999444658164,""start_week"":42,""duration_weeks"":10,""recovery_weeks"":1},{""target"":""S1A"",""magnitude"":0.4609743955299056,""start_week"":45,""duration_weeks"":8,""recovery_weeks"":1}]"
A,42,607,Supplier-cluster shock,False,,False,Non-failure,Unclassified,Unclassified,4,0.8652438244044851,289.39285418292343,False,False,False,True,True,"[{""target"":""S1C"",""magnitude"":0.3066317321352817,""start_week"":14,""duration_weeks"":1,""recovery_weeks"":3},{""target"":""S1B"",""magnitude"":0.5249905368315816,""start_week"":17,""duration_weeks"":5,""recovery_weeks"":1},{""target"":""S1C"",""magnitude"":0.4145618500262094,""start_week"":22,""duration_weeks"":1,""recovery_weeks"":2},{""target"":""S1B"",""magnitude"":0.340661017363612,""start_week"":25,""duration_weeks"":6,""recovery_weeks"":1}]"
A,42,608,Supplier-cluster shock,True,True,True,Structural,Concentrated dependency,Concentrated dependency,3,0.5195496109097809,2445.4807019084997,True,True,False,False,False,"[{""target"":""corridor"",""magnitude"":0.3584033853472515,""start_week"":17,""duration_weeks"":2,""recovery_weeks"":2},{""target"":""T2P"",""magnitude"":0.39578855131632273,""start_week"":29,""duration_weeks"":8,""recovery_weeks"":2},{""target"":""T2P"",""magnitude"":0.2261075972037686,""start_week"":35,""duration_weeks"":2,""recovery_weeks"":2}]"
A,42,609,Supplier-cluster shock,False,,False,Non-failure,Unclassified,Unclassified,2,0.8252533568944609,186.35989397492654,True,False,False,False,True,"[{""target"":""S1C"",""magnitude"":0.24434386479332487,""start_week"":4,""duration_weeks"":1,""recovery_weeks"":4},{""target"":""T2P"",""magnitude"":0.2572719787949853,""start_week"":43,""duration_weeks"":10,""recovery_weeks"":2}]"
A,42,610,Supplier-cluster shock,True,True,True,Structural,Concentrated dependency,Concentrated dependency,3,0.4093165481351543,2983.3527397056896,False,True,False,False,False,"[{""target"":""corridor"",""magnitude"":0.3093420501611446,""start_week"":5,""duration_weeks"":20,""recovery_weeks"":4},{""target"":""corridor"",""magnitude"":0.2772286173897374,""start_week"":15,""duration_weeks"":1,""recovery_weeks"":1},{""target"":""corridor"",""magnitude"":0.3850262160009042,""start_week"":16,""duration_weeks"":1,""recovery_weeks"":4}]"
A,42,611,Supplier-cluster shock,False,,False,Non-failure,Unclassified,Unclassified,5,0.9020234359285638,381.95367738860284,False,False,False,False,False,"[{""target"":""demand"",""magnitude"":0.10848369951631726,""start_week"":17,""duration_weeks"":1,""recovery_weeks"":4},{""target"":""demand"",""magnitude"":0.09629234911486229,""start_week"":23,""duration_weeks"":1,""recovery_weeks"":3},{""target"":""demand"",""magnitude"":0.08492351253961775,""start_week"":34,""duration_weeks"":1,""recovery_weeks"":4},{""target"":""demand"",""magnitude"":0.19857538471246772,""start_week"":41,""duration_weeks"":1,""recovery_weeks"":4},{""target"":""demand"",""magnitude"":0.23179849530994467,""start_week"":46,""duration_weeks"":6,""recovery_weeks"":2}]"
A,42,612,Supplier-cluster shock,True,True,True,Structural,Concentrated dependency,Concentrated dependency,2,0.7484764128312412,884.598599163181,True,False,False,False,False,"[{""target"":""demand"",""magnitude"":0.24017168221428997,""start_week"":1,""duration_weeks"":7,""recovery_weeks"":4},{""target"":""T2P"",""magnitude"":0.32637122845188293,""start_week"":41,""duration_weeks"":6,""recovery_weeks"":2}]"
A,42,613,Supplier-cluster shock,True,True,True,Structural,Concentrated dependency; Hidden convergent dependency; Propagation-amplified cascade,Hidden convergent dependency,4,0.5707348042390441,1663.1078793546656,True,True,False,False,False,"[{""target"":""T2P"",""magnitude"":0.4863386761848604,""start_week"":2,""duration_weeks"":4,""recovery_weeks"":2},{""target"":""T2P"",""magnitude"":0.41604457460689703,""start_week"":23,""duration_weeks"":4,""recovery_weeks"":2},{""target"":""corridor"",""magnitude"":0.21474580565817475,""start_week"":30,""duration_weeks"":1,""recovery_weeks"":1},{""target"":""T2P"",""magnitude"":0.1696938889477808,""start_week"":39,""duration_weeks"":1,""recovery_weeks"":1}]"
A,42,614,Supplier-cluster shock,True,True,True,Structural,Concentrated dependency,Concentrated dependency,4,0.5872509771621662,1893.1076630472771,True,True,False,False,True,"[{""target"":""corridor"",""magnitude"":0.5595617671283754,""start_week"":11,""duration_weeks"":4,""recovery_weeks"":2},{""target"":""T2P"",""magnitude"":0.20260241808425625,""start_week"":14,""duration_weeks"":5,""recovery_weeks"":2},{""target"":""S1C"",""magnitude"":0.43706651440083977,""start_week"":23,""duration_weeks"":1,""recovery_weeks"":2},{""target"":""demand"",""magnitude"":0.14556715923483315,""start_week"":45,""duration_weeks"":1,""recovery_weeks"":3}]"
A,42,615,Supplier-cluster shock,True,False,False,Adaptation-limited,Concentrated dependency,Concentrated dependency,2,0.7921482357619204,374.1331756285434,False,True,False,False,True,"[{""target"":""corridor"",""magnitude"":0.4058888231785597,""start_week"":26,""duration_weeks"":1,""recovery_weeks"":2},{""target"":""S1C"",""magnitude"":0.2860863519257857,""start_week"":32,""duration_weeks"":5,""recovery_weeks"":2}]"
A,42,616,Supplier-cluster shock,True,True,True,Structural,Concentrated dependency,Concentrated dependency,3,0.7517831580979887,847.459849396542,False,True,False,False,False,"[{""target"":""corridor"",""magnitude"":0.26921699227112433,""start_week"":3,""duration_weeks"":1,""recovery_weeks"":3},{""target"":""corridor"",""magnitude"":0.17486648388345388,""start_week"":22,""duration_weeks"":4,""recovery_weeks"":3},{""target"":""corridor"",""magnitude"":0.43616263142650835,""start_week"":39,""duration_weeks"":3,""recovery_weeks"":1}]"
A,42,617,Supplier-cluster shock,True,False,False,Adaptation-limited,Compounding moderate disturbance; Recovery lag and temporal overlap,Compounding moderate disturbance,4,0.7353473164569502,460.435824737655,False,True,True,False,False,"[{""target"":""corridor"",""magnitude"":0.26519193831716525,""start_week"":29,""duration_weeks"":1,""recovery_weeks"":2},{""target"":""corridor"",""magnitude"":0.2974717231190373,""start_week"":35,""duration_weeks"":2,""recovery_weeks"":3},{""target"":""corridor"",""magnitude"":0.21496328974646878,""start_week"":37,""duration_weeks"":1,""recovery_weeks"":2},{""target"":""S1A"",""magnitude"":0.3986337744199581,""start_week"":48,""duration_weeks"":10,""recovery_weeks"":2}]"
A,42,618,Supplier-cluster shock,False,,False,Non-failure,Unclassified,Unclassified,3,0.9510928181826199,102.70508181649814,False,False,False,True,True,"[{""target"":""S1C"",""magnitude"":0.235740947866881,""start_week"":5,""duration_weeks"":1,""recovery_weeks"":1},{""target"":""S1B"",""magnitude"":0.2298553104186289,""start_week"":20,""duration_weeks"":2,""recovery_weeks"":4},{""target"":""S1C"",""magnitude"":0.360041159089105,""start_week"":43,""duration_weeks"":3,""recovery_weeks"":1}]"
A,42,619,Supplier-cluster shock,False,,False,Non-failure,Unclassified,Unclassified,0,1.0,0.0,False,False,False,False,False,[]
A,42,620,Supplier-cluster shock,False,,False,Non-failure,Unclassified,Unclassified,1,0.9010121210635371,178.17818208563313,False,False,True,False,False,"[{""target"":""S1A"",""magnitude"":0.4727227276070415,""start_week"":42,""duration_weeks"":1,""recovery_weeks"":3}]"
A,42,621,Supplier-cluster shock,True,True,True,Structural,Concentrated dependency,Concentrated dependency,3,0.7661116407446528,741.99809331925,True,True,False,False,False,"[{""target"":""demand"",""magnitude"":0.16433339741038977,""start_week"":19,""duration_weeks"":5,""recovery_weeks"":1},{""target"":""T2P"",""magnitude"":0.24211610410070142,""start_week"":37,""duration_weeks"":2,""recovery_weeks"":1},{""target"":""corridor"",""magnitude"":0.42541626944151034,""start_week"":41,""duration_weeks"":3,""recovery_weeks"":2}]"
A,42,622,Supplier-cluster shock,True,True,True,Structural,Concentrated dependency; Hidden convergent dependency,Hidden convergent dependency,4,0.49635060717223367,2291.6971565672634,True,False,False,False,False,"[{""target"":""T2P"",""magnitude"":0.4111486719269073,""start_week"":3,""duration_weeks"":2,""recovery_weeks"":1},{""target"":""T2P"",""magnitude"":0.24819202425407344,""start_week"":30,""duration_weeks"":2,""recovery_weeks"":3},{""target"":""T2P"",""magnitude"":0.4770934183447222,""start_week"":42,""duration_weeks"":9,""recovery_weeks"":1},{""target"":""demand"",""magnitude"":0.1705582798827908,""start_week"":47,""duration_weeks"":3,""recovery_weeks"":4}]"
A,42,623,Supplier-cluster shock,False,,False,Non-failure,Unclassified,Unclassified,3,0.9070908281523843,167.2365093257083,True,True,False,True,False,"[{""target"":""T2P"",""magnitude"":0.23186282438955197,""start_week"":15,""duration_weeks"":3,""recovery_weeks"":1},{""target"":""corridor"",""magnitude"":0.31968187888571176,""start_week"":22,""duration_weeks"":1,""recovery_weeks"":3},{""target"":""S1B"",""magnitude"":0.1726310841826818,""start_week"":38,""duration_weeks"":1,""recovery_weeks"":3}]"
A,42,624,Supplier-cluster shock,False,,False,Non-failure,Unclassified,Unclassified,4,0.9158177081106009,303.05625080183654,True,True,False,True,False,"[{""target"":""corridor"",""magnitude"":0.31313671891704925,""start_week"":10,""duration_weeks"":3,""recovery_weeks"":1},{""target"":""S1B"",""magnitude"":0.23399699120703887,""start_week"":16,""duration_weeks"":8,""recovery_weeks"":3},{""target"":""demand"",""magnitude"":0.2511559604122539,""start_week"":32,""duration_weeks"":1,""recovery_weeks"":2},{""target"":""T2P"",""magnitude"":0.45356801868402563,""start_week"":39,""duration_weeks"":1,""recovery_weeks"":1}]"
A,42,625,Supplier-cluster shock,True,False,True,Adaptation-limited,Concentrated dependency; Propagation-amplified cascade,Propagation-amplified cascade,3,0.7259611476206942,739.9049014241252,True,True,False,False,False,"[{""target"":""corridor"",""magnitude"":0.45552913928447925,""start_week"":4,""duration_weeks"":2,""recovery_weeks"":1},{""target"":""T2P"",""magnitude"":0.17385496677971743,""start_week"":6,""duration_weeks"":1,""recovery_weeks"":2},{""target"":""demand"",""magnitude"":0.10645720524962457,""start_week"":20,""duration_weeks"":1,""recovery_weeks"":4}]"
A,42,626,Supplier-cluster shock,False,,False,Non-failure,Unclassified,Unclassified,1,0.9689071212055012,139.91795457524438,False,True,False,False,False,"[{""target"":""corridor"",""magnitude"":0.27331965909587397,""start_week"":31,""duration_weeks"":4,""recovery_weeks"":2}]"
A,42,627,Supplier-cluster shock,False,,False,Non-failure,Unclassified,Unclassified,3,0.8980902444913413,102.12646281414675,False,True,True,False,False,"[{""target"":""demand"",""magnitude"":0.11347384757127402,""start_week"":6,""duration_weeks"":1,""recovery_weeks"":1},{""target"":""S1A"",""magnitude"":0.3633176536713344,""start_week"":30,""duration_weeks"":1,""recovery_weeks"":2},{""target"":""corridor"",""magnitude"":0.1719064937703128,""start_week"":48,""duration_weeks"":2,""recovery_weeks"":2}]"
A,42,628,Supplier-cluster shock,True,True,True,Structural,Concentrated dependency; Hidden convergent dependency; Recovery lag and temporal overlap,Hidden convergent dependency,2,0.6975863734677619,2060.653020877789,True,False,False,False,False,"[{""target"":""demand"",""magnitude"":0.19864139592841917,""start_week"":35,""duration_weeks"":3,""recovery_weeks"":4},{""target"":""T2P"",""magnitude"":0.37217226387901425,""start_week"":40,""duration_weeks"":7,""recovery_weeks"":3}]"
A,42,629,Supplier-cluster shock,True,True,True,Structural,Concentrated dependency; Hidden convergent dependency; Propagation-amplified cascade,Hidden convergent dependency,1,0.74315103668501,786.9844019009461,True,False,False,False,False,"[{""target"":""T2P"",""magnitude"":0.33116406698349105,""start_week"":6,""duration_weeks"":5,""recovery_weeks"":1}]"
A,42,630,Supplier-cluster shock,True,True,True,Structural,Concentrated dependency; Hidden convergent dependency; Propagation-amplified cascade,Hidden convergent dependency,2,0.5100462210269786,4101.584384849989,True,False,False,False,False,"[{""target"":""demand"",""magnitude"":0.08275445943495652,""start_week"":4,""duration_weeks"":3,""recovery_weeks"":1},{""target"":""T2P"",""magnitude"":0.5409584010757192,""start_week"":31,""duration_weeks"":10,""recovery_weeks"":1}]"
A,42,631,Supplier-cluster shock,True,True,False,Structural,Concentrated dependency,Concentrated dependency,4,0.6613338917221022,579.9885508477084,True,True,False,True,False,"[{""target"":""demand"",""magnitude"":0.10311656436952346,""start_week"":6,""duration_weeks"":2,""recovery_weeks"":2},{""target"":""corridor"",""magnitude"":0.5039995812084234,""start_week"":13,""duration_weeks"":1,""recovery_weeks"":4},{""target"":""S1B"",""magnitude"":0.3524368978984328,""start_week"":15,""duration_weeks"":1,""recovery_weeks"":1},{""target"":""T2P"",""magnitude"":0.3346831384826727,""start_week"":46,""duration_weeks"":4,""recovery_weeks"":2}]"
A,42,632,Supplier-cluster shock,True,False,False,Adaptation-limited,Concentrated dependency; Recovery lag and temporal overlap,Recovery lag and temporal overlap,4,0.6242564166194032,786.9351041257156,False,True,True,True,False,"[{""target"":""S1A"",""magnitude"":0.2528661804724301,""start_week"":12,""duration_weeks"":8,""recovery_weeks"":2},{""target"":""S1B"",""magnitude"":0.2740270788606521,""start_week"":33,""duration_weeks"":1,""recovery_weeks"":2},{""target"":""demand"",""magnitude"":0.1537193070789367,""start_week"":41,""duration_weeks"":8,""recovery_weeks"":2},{""target"":""corridor"",""magnitude"":0.4958225886095796,""start_week"":49,""duration_weeks"":3,""recovery_weeks"":4}]"
A,42,633,Supplier-cluster shock,False,,False,Non-failure,Unclassified,Unclassified,0,1.0,0.0,False,False,False,False,False,[]
A,42,634,Supplier-cluster shock,False,,False,Non-failure,Unclassified,Unclassified,3,0.9691574948731434,55.516509228341874,True,False,True,True,False,"[{""target"":""S1A"",""magnitude"":0.31939563653542724,""start_week"":2,""duration_weeks"":1,""recovery_weeks"":1},{""target"":""T2P"",""magnitude"":0.34353940013046147,""start_week"":10,""duration_weeks"":1,""recovery_weeks"":3},{""target"":""S1B"",""magnitude"":0.243050033256568,""start_week"":36,""duration_weeks"":2,""recovery_weeks"":2}]"
A,42,635,Supplier-cluster shock,True,True,True,Structural,Concentrated dependency,Concentrated dependency,4,0.8361099490722437,929.2984886532163,False,True,True,False,False,"[{""target"":""demand"",""magnitude"":0.13935646092658277,""start_week"":8,""duration_weeks"":6,""recovery_weeks"":1},{""target"":""S1A"",""magnitude"":0.25611456559499274,""start_week"":28,""duration_weeks"":6,""recovery_weeks"":4},{""target"":""demand"",""magnitude"":0.18292427977144415,""start_week"":32,""duration_weeks"":1,""recovery_weeks"":1},{""target"":""corridor"",""magnitude"":0.3729175381958172,""start_week"":44,""duration_weeks"":7,""recovery_weeks"":1}]"
A,42,636,Supplier-cluster shock,False,,False,Non-failure,Unclassified,Unclassified,1,1.0,0.0,False,False,True,False,False,"[{""target"":""S1A"",""magnitude"":0.22380304126449513,""start_week"":1,""duration_weeks"":1,""recovery_weeks"":4}]"
A,42,637,Supplier-cluster shock,False,,False,Non-failure,Unclassified,Unclassified,2,0.9781189322106391,196.92961010424824,False,True,False,False,False,"[{""target"":""corridor"",""magnitude"":0.19032602047302502,""start_week"":11,""duration_weeks"":5,""recovery_weeks"":3},{""target"":""corridor"",""magnitude"":0.2664108008420208,""start_week"":22,""duration_weeks"":9,""recovery_weeks"":2}]"
A,42,638,Supplier-cluster shock,False,,False,Non-failure,Unclassified,Unclassified,4,0.8876181464171302,113.94952731965782,False,False,True,True,True,"[{""target"":""demand"",""magnitude"":0.12661058591073088,""start_week"":11,""duration_weeks"":5,""recovery_weeks"":1},{""target"":""S1A"",""magnitude"":0.2646333015013601,""start_week"":34,""duration_weeks"":1,""recovery_weeks"":1},{""target"":""S1C"",""magnitude"":0.24238228533058725,""start_week"":42,""duration_weeks"":1,""recovery_weeks"":1},{""target"":""S1B"",""magnitude"":0.21905629770422663,""start_week"":43,""duration_weeks"":2,""recovery_weeks"":1}]"
A,42,639,Supplier-cluster shock,False,,False,Non-failure,Unclassified,Unclassified,2,0.9310331029733515,144.83048375596172,False,False,True,False,True,"[{""target"":""S1C"",""magnitude"":0.23519719220571647,""start_week"":38,""duration_weeks"":1,""recovery_weeks"":3},{""target"":""S1A"",""magnitude"":0.4051755183099589,""start_week"":45,""duration_weeks"":7,""recovery_weeks"":1}]"
A,42,640,Supplier-cluster shock,True,False,False,Adaptation-limited,Concentrated dependency,Concentrated dependency,5,0.6777804378794164,579.9952118170504,False,True,False,False,False,"[{""target"":""corridor"",""magnitude"":0.4916646715904376,""start_week"":2,""duration_weeks"":1,""recovery_weeks"":1},{""target"":""demand"",""magnitude"":0.19479450313704172,""start_week"":7,""duration_weeks"":2,""recovery_weeks"":3},{""target"":""demand"",""magnitude"":0.07925915563213452,""start_week"":22,""duration_weeks"":1,""recovery_weeks"":2},{""target"":""corridor"",""magnitude"":0.2791308591705065,""start_week"":23,""duration_weeks"":3,""recovery_weeks"":4},{""target"":""demand"",""magnitude"":0.15971646956881838,""start_week"":44,""duration_weeks"":5,""recovery_weeks"":2}]"
A,42,641,Supplier-cluster shock,True,True,True,Structural,Concentrated dependency; Hidden convergent dependency; Propagation-amplified cascade,Hidden convergent dependency,3,0.6746781735557669,1672.2289192417888,True,False,False,False,False,"[{""target"":""T2P"",""magnitude"":0.30529326312934113,""start_week"":17,""duration_weeks"":5,""recovery_weeks"":1},{""target"":""demand"",""magnitude"":0.15642680092607048,""start_week"":32,""duration_weeks"":1,""recovery_weeks"":4},{""target"":""T2P"",""magnitude"":0.39278964379980974,""start_week"":38,""duration_weeks"":5,""recovery_weeks"":4}]"
A,42,642,Supplier-cluster shock,False,,False,Non-failure,Unclassified,Unclassified,3,0.9018626702667951,192.54878898607035,False,False,True,True,True,"[{""target"":""S1C"",""magnitude"":0.29257555526860735,""start_week"":18,""duration_weeks"":1,""recovery_weeks"":4},{""target"":""S1A"",""magnitude"":0.4555305819322457,""start_week"":22,""duration_weeks"":4,""recovery_weeks"":3},{""target"":""S1B"",""magnitude"":0.4708089918997108,""start_week"":47,""duration_weeks"":3,""recovery_weeks"":4}]"
A,42,643,Supplier-cluster shock,True,True,True,Structural,Concentrated dependency; Hidden convergent dependency,Hidden convergent dependency,4,0.4424902379865868,3168.1517314882335,True,False,False,True,False,"[{""target"":""T2P"",""magnitude"":0.22644354471495723,""start_week"":2,""duration_weeks"":8,""recovery_weeks"":3},{""target"":""T2P"",""magnitude"":0.44209208873280115,""start_week"":4,""duration_weeks"":4,""recovery_weeks"":3},{""target"":""demand"",""magnitude"":0.1673962957117702,""start_week"":6,""duration_weeks"":2,""recovery_weeks"":2},{""target"":""S1B"",""magnitude"":0.43402676274723584,""start_week"":29,""duration_weeks"":1,""recovery_weeks"":4}]"
A,42,644,Supplier-cluster shock,True,True,False,Structural,Concentrated dependency,Concentrated dependency,3,0.8210661514140409,583.500098276543,False,True,False,False,False,"[{""target"":""demand"",""magnitude"":0.20177782336403555,""start_week"":2,""duration_weeks"":2,""recovery_weeks"":3},{""target"":""corridor"",""magnitude"":0.35951665569433583,""start_week"":7,""duration_weeks"":4,""recovery_weeks"":1},{""target"":""demand"",""magnitude"":0.2402572221293005,""start_week"":17,""duration_weeks"":3,""recovery_weeks"":1}]"
A,42,645,Supplier-cluster shock,False,,False,Non-failure,Unclassified,Unclassified,3,0.8731379156224137,172.74630338048541,True,False,False,False,False,"[{""target"":""T2P"",""magnitude"":0.20716501546771,""start_week"":2,""duration_weeks"":2,""recovery_weeks"":4},{""target"":""demand"",""magnitude"":0.14529443986767324,""start_week"":5,""duration_weeks"":1,""recovery_weeks"":3},{""target"":""T2P"",""magnitude"":0.5058789077290967,""start_week"":34,""duration_weeks"":1,""recovery_weeks"":1}]"
A,42,646,Supplier-cluster shock,False,,False,Non-failure,Unclassified,Unclassified,3,0.7915381033389106,294.2706814774119,True,False,True,False,False,"[{""target"":""T2P"",""magnitude"":0.43142356049247066,""start_week"":1,""duration_weeks"":1,""recovery_weeks"":3},{""target"":""demand"",""magnitude"":0.14691114618098794,""start_week"":16,""duration_weeks"":1,""recovery_weeks"":1},{""target"":""S1A"",""magnitude"":0.24516299531928162,""start_week"":32,""duration_weeks"":3,""recovery_weeks"":4}]"
A,42,647,Supplier-cluster shock,False,,False,Non-failure,Unclassified,Unclassified,3,0.9471855238280561,50.18344068714714,False,True,False,False,False,"[{""target"":""demand"",""magnitude"":0.05575937854127447,""start_week"":10,""duration_weeks"":3,""recovery_weeks"":2},{""target"":""demand"",""magnitude"":0.08280423586027377,""start_week"":19,""duration_weeks"":5,""recovery_weeks"":3},{""target"":""corridor"",""magnitude"":0.18478289440892037,""start_week"":22,""duration_weeks"":1,""recovery_weeks"":4}]"
A,42,648,Supplier-cluster shock,True,False,False,Adaptation-limited,Concentrated dependency; Recovery lag and temporal overlap,Recovery lag and temporal overlap,5,0.6024809333598218,708.0690323440507,True,True,False,False,False,"[{""target"":""T2P"",""magnitude"":0.2572157906778671,""start_week"":1,""duration_weeks"":1,""recovery_weeks"":2},{""target"":""demand"",""magnitude"":0.18989104056549322,""start_week"":10,""duration_weeks"":1,""recovery_weeks"":2},{""target"":""corridor"",""magnitude"":0.42878472299378667,""start_week"":32,""duration_weeks"":1,""recovery_weeks"":3},{""target"":""corridor"",""magnitude"":0.20894850293902195,""start_week"":33,""duration_weeks"":2,""recovery_weeks"":4},{""target"":""corridor"",""magnitude"":0.32249543765431044,""start_week"":44,""duration_weeks"":4,""recovery_weeks"":1}]"
A,42,649,Supplier-cluster shock,False,,False,Non-failure,Unclassified,Unclassified,3,0.7915108290060013,294.3811425256944,True,False,False,False,True,"[{""target"":""T2P"",""magnitude"":0.31497805432620635,""start_week"":13,""duration_weeks"":1,""recovery_weeks"":2},{""target"":""S1C"",""magnitude"":0.19778236839054805,""start_week"":37,""duration_weeks"":3,""recovery_weeks"":3},{""target"":""T2P"",""magnitude"":0.4314603808418982,""start_week"":40,""duration_weeks"":1,""recovery_weeks"":3}]"
A,42,650,Supplier-cluster shock,True,True,True,Structural,Concentrated dependency; Hidden convergent dependency; Propagation-amplified cascade,Hidden convergent dependency,3,0.7250953550641371,1493.2380821935594,True,True,False,False,False,"[{""target"":""T2P"",""magnitude"":0.34741418044227645,""start_week"":28,""duration_weeks"":4,""recovery_weeks"":1},{""target"":""corridor"",""magnitude"":0.3755710351835348,""start_week"":41,""duration_weeks"":8,""recovery_weeks"":1},{""target"":""T2P"",""magnitude"":0.45425320621764387,""start_week"":48,""duration_weeks"":1,""recovery_weeks"":1}]"
A,42,651,Supplier-cluster shock,True,True,True,Structural,Concentrated dependency,Concentrated dependency,2,0.8096737696914,685.1744291109597,False,True,False,False,False,"[{""target"":""corridor"",""magnitude"":0.3927446727314499,""start_week"":2,""duration_weeks"":3,""recovery_weeks"":2},{""target"":""corridor"",""magnitude"":0.1930878578306262,""start_week"":46,""duration_weeks"":4,""recovery_weeks"":2}]"
A,42,652,Supplier-cluster shock,False,,False,Non-failure,Unclassified,Unclassified,2,0.8871905913182828,114.43817011481565,False,False,False,False,False,"[{""target"":""demand"",""magnitude"":0.12715352234979507,""start_week"":19,""duration_weeks"":4,""recovery_weeks"":4},{""target"":""demand"",""magnitude"":0.07782715454014201,""start_week"":30,""duration_weeks"":2,""recovery_weeks"":1}]"
A,42,653,Supplier-cluster shock,False,,False,Non-failure,Unclassified,Unclassified,1,1.0,0.0,False,False,True,False,False,"[{""target"":""S1A"",""magnitude"":0.22921272324461478,""start_week"":12,""duration_weeks"":10,""recovery_weeks"":3}]"
A,42,654,Supplier-cluster shock,True,True,False,Structural,Concentrated dependency,Concentrated dependency,4,0.8533599103856992,297.28549463907484,False,False,True,False,True,"[{""target"":""demand"",""magnitude"":0.09411718590298031,""start_week"":12,""duration_weeks"":1,""recovery_weeks"":1},{""target"":""demand"",""magnitude"":0.3030041103811991,""start_week"":17,""duration_weeks"":2,""recovery_weeks"":2},{""target"":""S1C"",""magnitude"":0.5799402016321766,""start_week"":28,""duration_weeks"":4,""recovery_weeks"":2},{""target"":""S1A"",""magnitude"":0.472385893048922,""start_week"":46,""duration_weeks"":1,""recovery_weeks"":4}]"
A,42,655,Supplier-cluster shock,True,True,False,Structural,Concentrated dependency; Propagation-amplified cascade,Propagation-amplified cascade,5,0.6867459088510908,727.5158098883717,True,True,False,True,True,"[{""target"":""S1C"",""magnitude"":0.22689765740250953,""start_week"":3,""duration_weeks"":1,""recovery_weeks"":4},{""target"":""S1B"",""magnitude"":0.355890888064589,""start_week"":15,""duration_weeks"":5,""recovery_weeks"":2},{""target"":""corridor"",""magnitude"":0.3587427015604885,""start_week"":30,""duration_weeks"":4,""recovery_weeks"":1},{""target"":""T2P"",""magnitude"":0.3819286820340183,""start_week"":32,""duration_weeks"":3,""recovery_weeks"":1},{""target"":""S1C"",""magnitude"":0.309376819691528,""start_week"":48,""duration_weeks"":1,""recovery_weeks"":3}]"
A,42,656,Supplier-cluster shock,True,True,True,Structural,Concentrated dependency; Hidden convergent dependency,Hidden convergent dependency,5,0.5188325152801588,2525.8539511427825,True,False,False,False,False,"[{""target"":""demand"",""magnitude"":0.14903760389499066,""start_week"":7,""duration_weeks"":1,""recovery_weeks"":2},{""target"":""T2P"",""magnitude"":0.40006440433757307,""start_week"":11,""duration_weeks"":5,""recovery_weeks"":4},{""target"":""demand"",""magnitude"":0.08320894780802568,""start_week"":12,""duration_weeks"":3,""recovery_weeks"":3},{""target"":""demand"",""magnitude"":0.21727291503026108,""start_week"":15,""duration_weeks"":1,""recovery_weeks"":4},{""target"":""demand"",""magnitude"":0.26292308037826206,""start_week"":34,""duration_weeks"":1,""recovery_weeks"":1}]"
A,42,657,Supplier-cluster shock,True,False,False,Adaptation-limited,Concentrated dependency,Concentrated dependency,4,0.6530983036630106,751.6229518693326,False,True,True,False,True,"[{""target"":""corridor"",""magnitude"":0.470034680633183,""start_week"":18,""duration_weeks"":1,""recovery_weeks"":3},{""target"":""demand"",""magnitude"":0.08195109657952612,""start_week"":19,""duration_weeks"":1,""recovery_weeks"":1},{""target"":""S1A"",""magnitude"":0.461440968550477,""start_week"":38,""duration_weeks"":1,""recovery_weeks"":4},{""target"":""S1C"",""magnitude"":0.3603325451924494,""start_week"":51,""duration_weeks"":7,""recovery_weeks"":2}]"
A,42,658,Supplier-cluster shock,False,,False,Non-failure,Unclassified,Unclassified,5,0.9013794550816809,98.46961779092715,False,True,False,False,False,"[{""target"":""demand"",""magnitude"":0.10941068643436341,""start_week"":1,""duration_weeks"":1,""recovery_weeks"":4},{""target"":""corridor"",""magnitude"":0.23628641472632358,""start_week"":11,""duration_weeks"":1,""recovery_weeks"":3},{""target"":""demand"",""magnitude"":0.22952226399247633,""start_week"":14,""duration_weeks"":2,""recovery_weeks"":1},{""target"":""demand"",""magnitude"":0.1357702136425572,""start_week"":18,""duration_weeks"":2,""recovery_weeks"":4},{""target"":""corridor"",""magnitude"":0.2023550742336442,""start_week"":37,""duration_weeks"":2,""recovery_weeks"":3}]"
A,42,659,Supplier-cluster shock,False,,False,Non-failure,Unclassified,Unclassified,1,0.9588427874898313,86.43014627135426,False,False,True,False,False,"[{""target"":""S1A"",""magnitude"":0.34260372814787965,""start_week"":30,""duration_weeks"":5,""recovery_weeks"":1}]"
A,42,660,Supplier-cluster shock,False,,False,Non-failure,Unclassified,Unclassified,1,0.980654454672274,52.23297238486043,False,True,False,False,False,"[{""target"":""corridor"",""magnitude"":0.2645091589957945,""start_week"":31,""duration_weeks"":2,""recovery_weeks"":1}]"
A,42,661,Supplier-cluster shock,True,True,True,Structural,Concentrated dependency,Concentrated dependency,1,0.6085890174135802,1543.9261268629634,False,True,False,False,False,"[{""target"":""corridor"",""magnitude"":0.5435582369398149,""start_week"":22,""duration_weeks"":3,""recovery_weeks"":3}]"
A,42,662,Supplier-cluster shock,False,,False,Non-failure,Unclassified,Unclassified,0,1.0,0.0,False,False,False,False,False,[]
A,42,663,Supplier-cluster shock,True,True,True,Structural,Concentrated dependency; Hidden convergent dependency; Propagation-amplified cascade,Hidden convergent dependency,2,0.5742249259651779,1057.2211321293576,True,False,False,False,False,"[{""target"":""T2P"",""magnitude"":0.37620352202155966,""start_week"":7,""duration_weeks"":5,""recovery_weeks"":1},{""target"":""T2P"",""magnitude"":0.48319756663133995,""start_week"":44,""duration_weeks"":6,""recovery_weeks"":3}]"
A,42,664,Supplier-cluster shock,False,,False,Non-failure,Unclassified,Unclassified,2,0.9020123969253425,176.37768553438355,True,False,False,False,True,"[{""target"":""T2P"",""magnitude"":0.22934148072980018,""start_week"":43,""duration_weeks"":2,""recovery_weeks"":3},{""target"":""S1C"",""magnitude"":0.4704721069179796,""start_week"":44,""duration_weeks"":1,""recovery_weeks"":4}]"
A,42,665,Supplier-cluster shock,True,True,True,Structural,Concentrated dependency; Hidden convergent dependency; Propagation-amplified cascade,Hidden convergent dependency,7,0.4179611051069996,2190.766112086534,True,False,False,False,False,"[{""target"":""T2P"",""magnitude"":0.5989527335908257,""start_week"":5,""duration_weeks"":1,""recovery_weeks"":3},{""target"":""demand"",""magnitude"":0.09009702191317989,""start_week"":6,""duration_weeks"":1,""recovery_weeks"":2},{""target"":""demand"",""magnitude"":0.06614722839794945,""start_week"":9,""duration_weeks"":6,""recovery_weeks"":3},{""target"":""T2P"",""magnitude"":0.32873239188604186,""start_week"":11,""duration_weeks"":3,""recovery_weeks"":1},{""target"":""demand"",""magnitude"":0.1522326496220347,""start_week"":24,""duration_weeks"":1,""recovery_weeks"":2},{""target"":""T2P"",""magnitude"":0.3460991334336371,""start_week"":41,""duration_weeks"":3,""recovery_weeks"":3},{""target"":""demand"",""magnitude"":0.07247416667731792,""start_week"":50,""duration_weeks"":1,""recovery_weeks"":4}]"
A,42,666,Supplier-cluster shock,False,,False,Non-failure,Unclassified,Unclassified,1,1.0,0.0,True,False,False,False,False,"[{""target"":""T2P"",""magnitude"":0.18467435266723423,""start_week"":49,""duration_weeks"":1,""recovery_weeks"":3}]"
A,42,667,Supplier-cluster shock,False,,False,Non-failure,Unclassified,Unclassified,3,0.9053056937968549,109.60824603754259,False,True,False,True,False,"[{""target"":""S1B"",""magnitude"":0.38701030754692833,""start_week"":29,""duration_weeks"":1,""recovery_weeks"":4},{""target"":""corridor"",""magnitude"":0.32537290754103043,""start_week"":36,""duration_weeks"":1,""recovery_weeks"":1},{""target"":""demand"",""magnitude"":0.0834194961454316,""start_week"":51,""duration_weeks"":2,""recovery_weeks"":2}]"
A,42,668,Supplier-cluster shock,False,,False,Non-failure,Unclassified,Unclassified,1,1.0,0.0,True,False,False,False,False,"[{""target"":""T2P"",""magnitude"":0.34694679204154477,""start_week"":49,""duration_weeks"":1,""recovery_weeks"":1}]"
A,42,669,Supplier-cluster shock,True,True,False,Structural,Concentrated dependency,Concentrated dependency,3,0.8872085960507593,233.1511023916612,False,False,False,True,True,"[{""target"":""demand"",""magnitude"":0.06259661895418228,""start_week"":6,""duration_weeks"":1,""recovery_weeks"":2},{""target"":""S1C"",""magnitude"":0.2685784902237038,""start_week"":10,""duration_weeks"":2,""recovery_weeks"":1},{""target"":""S1B"",""magnitude"":0.5037806588857915,""start_week"":47,""duration_weeks"":4,""recovery_weeks"":3}]"
A,42,670,Supplier-cluster shock,False,,False,Non-failure,Unclassified,Unclassified,4,0.8873797346887334,253.56240435360223,False,True,True,False,True,"[{""target"":""demand"",""magnitude"":0.1228637931850629,""start_week"":9,""duration_weeks"":1,""recovery_weeks"":2},{""target"":""corridor"",""magnitude"":0.2091753699623033,""start_week"":14,""duration_weeks"":1,""recovery_weeks"":4},{""target"":""S1C"",""magnitude"":0.4106865464140673,""start_week"":22,""duration_weeks"":5,""recovery_weeks"":4},{""target"":""S1A"",""magnitude"":0.3427090505362824,""start_week"":25,""duration_weeks"":5,""recovery_weeks"":4}]"
A,42,671,Supplier-cluster shock,True,True,True,Structural,Concentrated dependency; Hidden convergent dependency; Propagation-amplified cascade,Hidden convergent dependency,5,0.6180048848752796,1415.2360867906566,True,False,True,False,True,"[{""target"":""T2P"",""magnitude"":0.38963377027517565,""start_week"":5,""duration_weeks"":3,""recovery_weeks"":4},{""target"":""demand"",""magnitude"":0.09737757142666406,""start_week"":7,""duration_weeks"":4,""recovery_weeks"":4},{""target"":""S1C"",""magnitude"":0.16337816401693409,""start_week"":12,""duration_weeks"":6,""recovery_weeks"":2},{""target"":""S1A"",""magnitude"":0.26863012932216934,""start_week"":21,""duration_weeks"":9,""recovery_weeks"":3},{""target"":""demand"",""magnitude"":0.14720580607488923,""start_week"":45,""duration_weeks"":1,""recovery_weeks"":1}]"
A,42,672,Supplier-cluster shock,False,,False,Non-failure,Unclassified,Unclassified,4,0.8704862764858643,163.97893045412968,False,True,False,True,True,"[{""target"":""corridor"",""magnitude"":0.17334679965582436,""start_week"":3,""duration_weeks"":6,""recovery_weeks"":2},{""target"":""S1C"",""magnitude"":0.2574713694873109,""start_week"":4,""duration_weeks"":1,""recovery_weeks"":2},{""target"":""S1B"",""magnitude"":0.4183272164486006,""start_week"":20,""duration_weeks"":4,""recovery_weeks"":2},{""target"":""S1C"",""magnitude"":0.5414058779068055,""start_week"":31,""duration_weeks"":1,""recovery_weeks"":3}]"
A,42,673,Supplier-cluster shock,False,,False,Non-failure,Unclassified,Unclassified,1,0.8685826116281368,136.17086958829645,False,False,False,False,False,"[{""target"":""demand"",""magnitude"":0.15130096620921812,""start_week"":36,""duration_weeks"":1,""recovery_weeks"":1}]"
A,42,674,Supplier-cluster shock,True,True,False,Structural,Concentrated dependency,Concentrated dependency,6,0.8237686381621878,432.8236656319207,False,True,True,True,True,"[{""target"":""demand"",""magnitude"":0.11519336338160581,""start_week"":13,""duration_weeks"":1,""recovery_weeks"":3},{""target"":""corridor"",""magnitude"":0.38217352137835914,""start_week"":31,""duration_weeks"":3,""recovery_weeks"":3},{""target"":""S1B"",""magnitude"":0.2182625666534685,""start_week"":32,""duration_weeks"":1,""recovery_weeks"":4},{""target"":""S1C"",""magnitude"":0.44960887934469207,""start_week"":33,""duration_weeks"":2,""recovery_weeks"":1},{""target"":""S1B"",""magnitude"":0.23867562940732936,""start_week"":37,""duration_weeks"":2,""recovery_weeks"":4},{""target"":""S1A"",""magnitude"":0.3261511534255046,""start_week"":40,""duration_weeks"":5,""recovery_weeks"":1}]"
A,42,675,Supplier-cluster shock,True,False,True,Adaptation-limited,Concentrated dependency,Concentrated dependency,2,0.7560857301204034,704.9170906026693,False,True,False,False,False,"[{""target"":""corridor"",""magnitude"":0.4329357024096975,""start_week"":27,""duration_weeks"":2,""recovery_weeks"":3},{""target"":""corridor"",""magnitude"":0.24987656594776797,""start_week"":33,""duration_weeks"":1,""recovery_weeks"":2}]"
A,42,676,Supplier-cluster shock,False,,False,Non-failure,Unclassified,Unclassified,2,0.9961805602775515,8.020823417141855,False,True,False,True,False,"[{""target"":""S1B"",""magnitude"":0.2585937393755091,""start_week"":21,""duration_weeks"":4,""recovery_weeks"":1},{""target"":""corridor"",""magnitude"":0.2043120855041363,""start_week"":39,""duration_weeks"":3,""recovery_weeks"":3}]"
A,42,677,Supplier-cluster shock,False,,False,Non-failure,Unclassified,Unclassified,4,0.9421786865419848,94.26905514241332,False,False,True,True,False,"[{""target"":""demand"",""magnitude"":0.061369795649095865,""start_week"":3,""duration_weeks"":7,""recovery_weeks"":4},{""target"":""demand"",""magnitude"":0.0783960583312445,""start_week"":19,""duration_weeks"":1,""recovery_weeks"":1},{""target"":""S1B"",""magnitude"":0.3577134582867917,""start_week"":30,""duration_weeks"":5,""recovery_weeks"":3},{""target"":""S1A"",""magnitude"":0.4489037514562534,""start_week"":50,""duration_weeks"":3,""recovery_weeks"":2}]"
A,42,678,Supplier-cluster shock,True,False,False,Adaptation-limited,Concentrated dependency; Hidden convergent dependency; Propagation-amplified cascade; Recovery lag and temporal overlap,Hidden convergent dependency,2,0.6535550992506262,527.5799763433208,True,False,False,False,False,"[{""target"":""demand"",""magnitude"":0.07309409496345944,""start_week"":5,""duration_weeks"":1,""recovery_weeks"":4},{""target"":""T2P"",""magnitude"":0.4157795656688842,""start_week"":8,""duration_weeks"":2,""recovery_weeks"":3}]"
A,42,679,Supplier-cluster shock,False,,False,Non-failure,Unclassified,Unclassified,4,0.9281526090216233,141.62172683245115,False,False,False,True,True,"[{""target"":""S1C"",""magnitude"":0.3405895806301847,""start_week"":12,""duration_weeks"":1,""recovery_weeks"":1},{""target"":""S1B"",""magnitude"":0.39673937137559123,""start_week"":23,""duration_weeks"":5,""recovery_weeks"":3},{""target"":""S1C"",""magnitude"":0.2372818358690424,""start_week"":43,""duration_weeks"":4,""recovery_weeks"":4},{""target"":""S1B"",""magnitude"":0.41165662970134764,""start_week"":46,""duration_weeks"":6,""recovery_weeks"":3}]"
A,42,680,Supplier-cluster shock,False,,False,Non-failure,Unclassified,Unclassified,3,0.8210287607453496,196.18571605574266,True,False,False,False,True,"[{""target"":""demand"",""magnitude"":0.2179841289508252,""start_week"":26,""duration_weeks"":1,""recovery_weeks"":2},{""target"":""T2P"",""magnitude"":0.32907325077257277,""start_week"":32,""duration_weeks"":2,""recovery_weeks"":3},{""target"":""S1C"",""magnitude"":0.4163480080838309,""start_week"":44,""duration_weeks"":1,""recovery_weeks"":1}]"
A,42,681,Supplier-cluster shock,False,,False,Non-failure,Unclassified,Unclassified,0,1.0,0.0,False,False,False,False,False,[]
A,42,682,Supplier-cluster shock,True,False,True,Adaptation-limited,Concentrated dependency,Concentrated dependency,1,0.5909284001032454,971.5344296980074,False,True,False,False,False,"[{""target"":""corridor"",""magnitude"":0.556803699922566,""start_week"":34,""duration_weeks"":1,""recovery_weeks"":4}]"
A,42,683,Supplier-cluster shock,True,True,False,Structural,Concentrated dependency,Concentrated dependency,4,0.768767137869895,516.2700761029605,True,False,True,True,True,"[{""target"":""S1B"",""magnitude"":0.20569024053034077,""start_week"":1,""duration_weeks"":4,""recovery_weeks"":1},{""target"":""S1C"",""magnitude"":0.4861348056983087,""start_week"":30,""duration_weeks"":1,""recovery_weeks"":2},{""target"":""S1A"",""magnitude"":0.22083995482275856,""start_week"":33,""duration_weeks"":1,""recovery_weeks"":3},{""target"":""T2P"",""magnitude"":0.4054403334572442,""start_week"":41,""duration_weeks"":2,""recovery_weeks"":4}]"
A,42,684,Supplier-cluster shock,False,,False,Non-failure,Unclassified,Unclassified,5,0.9242821222136767,174.77518559516056,True,False,True,False,True,"[{""target"":""S1A"",""magnitude"":0.3846639294737496,""start_week"":15,""duration_weeks"":2,""recovery_weeks"":1},{""target"":""S1C"",""magnitude"":0.3278341520579021,""start_week"":17,""duration_weeks"":1,""recovery_weeks"":2},{""target"":""demand"",""magnitude"":0.16065539199971224,""start_week"":26,""duration_weeks"":2,""recovery_weeks"":2},{""target"":""T2P"",""magnitude"":0.5095480249964421,""start_week"":32,""duration_weeks"":1,""recovery_weeks"":1},{""target"":""demand"",""magnitude"":0.09038621620437307,""start_week"":49,""duration_weeks"":6,""recovery_weeks"":2}]"
A,42,685,Supplier-cluster shock,False,,False,Non-failure,Unclassified,Unclassified,5,0.8742657627782462,129.43525678047308,False,False,True,True,False,"[{""target"":""demand"",""magnitude"":0.14381695197830352,""start_week"":23,""duration_weeks"":2,""recovery_weeks"":3},{""target"":""S1A"",""magnitude"":0.226224639327069,""start_week"":34,""duration_weeks"":1,""recovery_weeks"":3},{""target"":""S1B"",""magnitude"":0.3031218164164684,""start_week"":35,""duration_weeks"":3,""recovery_weeks"":3},{""target"":""S1A"",""magnitude"":0.37326724175252884,""start_week"":38,""duration_weeks"":5,""recovery_weeks"":1},{""target"":""S1B"",""magnitude"":0.23796742512807528,""start_week"":51,""duration_weeks"":2,""recovery_weeks"":4}]"
A,42,686,Supplier-cluster shock,False,,False,Non-failure,Unclassified,Unclassified,2,0.9353130406266557,291.0913171800496,False,True,False,False,False,"[{""target"":""corridor"",""magnitude"":0.29851521953000826,""start_week"":5,""duration_weeks"":4,""recovery_weeks"":2},{""target"":""demand"",""magnitude"":0.22247596859515056,""start_week"":40,""duration_weeks"":1,""recovery_weeks"":3}]"
A,42,687,Supplier-cluster shock,True,True,True,Structural,Concentrated dependency; Hidden convergent dependency; Propagation-amplified cascade,Hidden convergent dependency,4,0.675415463263602,1528.2174852182306,True,False,False,True,True,"[{""target"":""demand"",""magnitude"":0.0760402211352913,""start_week"":9,""duration_weeks"":11,""recovery_weeks"":3},{""target"":""T2P"",""magnitude"":0.34590321599647467,""start_week"":11,""duration_weeks"":5,""recovery_weeks"":1},{""target"":""S1B"",""magnitude"":0.6960691178164606,""start_week"":24,""duration_weeks"":1,""recovery_weeks"":2},{""target"":""S1C"",""magnitude"":0.20142970352970382,""start_week"":33,""duration_weeks"":3,""recovery_weeks"":3}]"
A,42,688,Supplier-cluster shock,False,,False,Non-failure,Unclassified,Unclassified,1,1.0,0.0,True,False,False,False,False,"[{""target"":""T2P"",""magnitude"":0.23564697697052955,""start_week"":17,""duration_weeks"":3,""recovery_weeks"":3}]"
A,42,689,Supplier-cluster shock,True,False,False,Adaptation-limited,Concentrated dependency,Concentrated dependency,5,0.7945329681853242,369.8406572664163,False,True,False,True,False,"[{""target"":""corridor"",""magnitude"":0.4041002738610069,""start_week"":18,""duration_weeks"":1,""recovery_weeks"":1},{""target"":""corridor"",""magnitude"":0.2116794462462951,""start_week"":27,""duration_weeks"":1,""recovery_weeks"":3},{""target"":""demand"",""magnitude"":0.139712532953022,""start_week"":31,""duration_weeks"":1,""recovery_weeks"":4},{""target"":""demand"",""magnitude"":0.19253080292829355,""start_week"":36,""duration_weeks"":1,""recovery_weeks"":3},{""target"":""S1B"",""magnitude"":0.5615767206790128,""start_week"":42,""duration_weeks"":1,""recovery_weeks"":2}]"
A,42,690,Supplier-cluster shock,True,True,True,Structural,Concentrated dependency,Concentrated dependency,2,0.7280357171181734,648.5392974323067,True,True,False,False,False,"[{""target"":""corridor"",""magnitude"":0.3605794343020431,""start_week"":13,""duration_weeks"":1,""recovery_weeks"":4},{""target"":""T2P"",""magnitude"":0.3447678545936441,""start_week"":38,""duration_weeks"":4,""recovery_weeks"":4}]"
A,42,691,Supplier-cluster shock,True,True,True,Structural,Hidden convergent dependency; Compounding moderate disturbance; Recovery lag and temporal overlap,Hidden convergent dependency,4,0.8446683710816256,686.1568470343256,True,False,True,False,True,"[{""target"":""S1A"",""magnitude"":0.20501651138343555,""start_week"":5,""duration_weeks"":14,""recovery_weeks"":1},{""target"":""S1C"",""magnitude"":0.2833385436150392,""start_week"":22,""duration_weeks"":1,""recovery_weeks"":3},{""target"":""demand"",""magnitude"":0.166354634828895,""start_week"":24,""duration_weeks"":12,""recovery_weeks"":1},{""target"":""T2P"",""magnitude"":0.23852931099519092,""start_week"":37,""duration_weeks"":3,""recovery_weeks"":3}]"
A,42,692,Supplier-cluster shock,False,,False,Non-failure,Unclassified,Unclassified,3,0.9040577670259379,172.69601935331184,False,False,True,False,True,"[{""target"":""S1C"",""magnitude"":0.4658700241916398,""start_week"":6,""duration_weeks"":1,""recovery_weeks"":1},{""target"":""S1A"",""magnitude"":0.3905084723334119,""start_week"":24,""duration_weeks"":1,""recovery_weeks"":3},{""target"":""S1C"",""magnitude"":0.3214226052297733,""start_week"":45,""duration_weeks"":1,""recovery_weeks"":1}]"
A,42,693,Supplier-cluster shock,False,,False,Non-failure,Unclassified,Unclassified,0,1.0,0.0,False,False,False,False,False,[]
A,42,694,Supplier-cluster shock,False,,False,Non-failure,Unclassified,Unclassified,3,0.8381091515075618,425.7730664728035,False,True,True,False,False,"[{""target"":""corridor"",""magnitude"":0.2952395443797789,""start_week"":6,""duration_weeks"":4,""recovery_weeks"":3},{""target"":""demand"",""magnitude"":0.12119120260572634,""start_week"":11,""duration_weeks"":4,""recovery_weeks"":4},{""target"":""S1A"",""magnitude"":0.3156970299920452,""start_week"":31,""duration_weeks"":2,""recovery_weeks"":3}]"
A,42,695,Supplier-cluster shock,False,,False,Non-failure,Unclassified,Unclassified,1,0.9351459301603371,408.5806399898761,False,True,False,False,False,"[{""target"":""corridor"",""magnitude"":0.29864055237974707,""start_week"":44,""duration_weeks"":10,""recovery_weeks"":1}]"
A,42,696,Supplier-cluster shock,False,,False,Non-failure,Unclassified,Unclassified,0,1.0,0.0,False,False,False,False,False,[]
A,42,697,Supplier-cluster shock,True,True,False,Structural,Concentrated dependency; Propagation-amplified cascade,Propagation-amplified cascade,2,0.838214027990268,291.21474961751755,True,True,False,False,False,"[{""target"":""T2P"",""magnitude"":0.3646357699969821,""start_week"":9,""duration_weeks"":1,""recovery_weeks"":1},{""target"":""corridor"",""magnitude"":0.3713394790072991,""start_week"":23,""duration_weeks"":1,""recovery_weeks"":1}]"
A,42,698,Supplier-cluster shock,True,True,False,Structural,Concentrated dependency,Concentrated dependency,3,0.8956024018201004,187.91567672381916,False,False,True,False,True,"[{""target"":""S1A"",""magnitude"":0.4848945959047739,""start_week"":10,""duration_weeks"":1,""recovery_weeks"":1},{""target"":""S1C"",""magnitude"":0.26197998896339736,""start_week"":30,""duration_weeks"":3,""recovery_weeks"":3},{""target"":""S1A"",""magnitude"":0.24468710069385308,""start_week"":41,""duration_weeks"":2,""recovery_weeks"":2}]"
A,42,699,Supplier-cluster shock,True,False,False,Adaptation-limited,Concentrated dependency,Concentrated dependency,2,0.6430647964171096,756.644488598937,False,True,False,False,False,"[{""target"":""corridor"",""magnitude"":0.5177014026871678,""start_week"":30,""duration_weeks"":1,""recovery_weeks"":3},{""target"":""corridor"",""magnitude"":0.22301130406565045,""start_week"":36,""duration_weeks"":8,""recovery_weeks"":4}]"
A,42,700,Supplier-cluster shock,True,True,False,Structural,Concentrated dependency,Concentrated dependency,3,0.8838398541085143,243.93630637212016,False,False,True,True,True,"[{""target"":""S1C"",""magnitude"":0.511360328255843,""start_week"":12,""duration_weeks"":6,""recovery_weeks"":4},{""target"":""S1A"",""magnitude"":0.2722969097124883,""start_week"":18,""duration_weeks"":1,""recovery_weeks"":4},{""target"":""S1B"",""magnitude"":0.27630734702377346,""start_week"":46,""duration_weeks"":3,""recovery_weeks"":4}]"
A,42,701,Supplier-cluster shock,True,True,False,Structural,Concentrated dependency,Concentrated dependency,4,0.716812677751447,1810.9214319455605,True,True,False,False,False,"[{""target"":""demand"",""magnitude"":0.30580204113767245,""start_week"":29,""duration_weeks"":10,""recovery_weeks"":3},{""target"":""corridor"",""magnitude"":0.15284885626604933,""start_week"":32,""duration_weeks"":9,""recovery_weeks"":2},{""target"":""T2P"",""magnitude"":0.2855467198678978,""start_week"":47,""duration_weeks"":2,""recovery_weeks"":3},{""target"":""demand"",""magnitude"":0.10745387541794989,""start_week"":49,""duration_weeks"":3,""recovery_weeks"":3}]"
A,42,702,Supplier-cluster shock,True,False,True,Adaptation-limited,Concentrated dependency,Concentrated dependency,3,0.7708170660947872,825.0585620587661,False,True,False,False,False,"[{""target"":""corridor"",""magnitude"":0.4218872004289096,""start_week"":14,""duration_weeks"":3,""recovery_weeks"":2},{""target"":""demand"",""magnitude"":0.2522824739843259,""start_week"":29,""duration_weeks"":1,""recovery_weeks"":4},{""target"":""demand"",""magnitude"":0.09766915708863358,""start_week"":47,""duration_weeks"":1,""recovery_weeks"":1}]"
A,42,703,Supplier-cluster shock,False,,False,Non-failure,Unclassified,Unclassified,1,1.0,0.0,False,False,False,False,True,"[{""target"":""S1C"",""magnitude"":0.21841891541360456,""start_week"":15,""duration_weeks"":7,""recovery_weeks"":2}]"
A,42,704,Supplier-cluster shock,False,,False,Non-failure,Unclassified,Unclassified,4,0.9063531659008186,187.0439923791638,True,True,False,True,True,"[{""target"":""S1B"",""magnitude"":0.45040427754910395,""start_week"":16,""duration_weeks"":2,""recovery_weeks"":2},{""target"":""S1C"",""magnitude"":0.17750812483966794,""start_week"":27,""duration_weeks"":1,""recovery_weeks"":1},{""target"":""T2P"",""magnitude"":0.46853045722737074,""start_week"":28,""duration_weeks"":1,""recovery_weeks"":2},{""target"":""corridor"",""magnitude"":0.22308346979815738,""start_week"":46,""duration_weeks"":2,""recovery_weeks"":2}]"
A,42,705,Supplier-cluster shock,False,,False,Non-failure,Unclassified,Unclassified,3,0.9313385494373156,144.1890461816373,True,True,False,False,True,"[{""target"":""T2P"",""magnitude"":0.24035499554572012,""start_week"":25,""duration_weeks"":1,""recovery_weeks"":3},{""target"":""corridor"",""magnitude"":0.1873393450355488,""start_week"":33,""duration_weeks"":5,""recovery_weeks"":1},{""target"":""S1C"",""magnitude"":0.40448826376603997,""start_week"":46,""duration_weeks"":5,""recovery_weeks"":2}]"
A,42,706,Supplier-cluster shock,True,True,True,Structural,Concentrated dependency,Concentrated dependency,4,0.7747935652444857,2540.994100059549,True,True,True,False,False,"[{""target"":""corridor"",""magnitude"":0.18956148738259881,""start_week"":1,""duration_weeks"":1,""recovery_weeks"":3},{""target"":""T2P"",""magnitude"":0.1710417242903995,""start_week"":16,""duration_weeks"":1,""recovery_weeks"":3},{""target"":""demand"",""magnitude"":0.25833840051872076,""start_week"":24,""duration_weeks"":15,""recovery_weeks"":3},{""target"":""S1A"",""magnitude"":0.47302355151729425,""start_week"":34,""duration_weeks"":7,""recovery_weeks"":1}]"
A,42,707,Supplier-cluster shock,False,,False,Non-failure,Unclassified,Unclassified,2,0.9387623578448034,58.70908380498611,True,False,False,False,False,"[{""target"":""demand"",""magnitude"":0.06523231533887341,""start_week"":18,""duration_weeks"":2,""recovery_weeks"":1},{""target"":""T2P"",""magnitude"":0.17437201199241803,""start_week"":23,""duration_weeks"":6,""recovery_weeks"":2}]"
A,42,708,Supplier-cluster shock,False,,False,Non-failure,Unclassified,Unclassified,1,0.6271718779566091,406.63592951715543,True,False,False,False,False,"[{""target"":""T2P"",""magnitude"":0.4355453098390518,""start_week"":45,""duration_weeks"":14,""recovery_weeks"":4}]"
A,42,709,Supplier-cluster shock,True,True,False,Structural,Concentrated dependency,Concentrated dependency,2,0.8398187761662732,288.32620290070827,False,True,False,False,False,"[{""target"":""corridor"",""magnitude"":0.3701359178752951,""start_week"":31,""duration_weeks"":1,""recovery_weeks"":2},{""target"":""demand"",""magnitude"":0.07193263008508916,""start_week"":37,""duration_weeks"":1,""recovery_weeks"":3}]"
A,42,710,Supplier-cluster shock,False,,False,Non-failure,Unclassified,Unclassified,3,0.8630776238529037,209.27198190191177,True,False,True,True,False,"[{""target"":""T2P"",""magnitude"":0.37208368673904973,""start_week"":14,""duration_weeks"":1,""recovery_weeks"":4},{""target"":""S1B"",""magnitude"":0.23105810075448613,""start_week"":22,""duration_weeks"":1,""recovery_weeks"":4},{""target"":""S1A"",""magnitude"":0.4660830660128511,""start_week"":24,""duration_weeks"":4,""recovery_weeks"":2}]"
A,42,711,Supplier-cluster shock,True,True,False,Structural,Concentrated dependency,Concentrated dependency,2,0.8622989723263332,247.8618498126002,False,False,True,True,False,"[{""target"":""S1A"",""magnitude"":0.5598273122657503,""start_week"":28,""duration_weeks"":1,""recovery_weeks"":1},{""target"":""S1B"",""magnitude"":0.4415079273769831,""start_week"":35,""duration_weeks"":2,""recovery_weeks"":4}]"
A,42,712,Supplier-cluster shock,True,True,False,Structural,Hidden convergent dependency; Compounding moderate disturbance; Propagation-amplified cascade; Recovery lag and temporal overlap,Hidden convergent dependency,6,0.5435955602603044,568.1016326046788,True,True,True,True,True,"[{""target"":""S1A"",""magnitude"":0.4256847412267818,""start_week"":12,""duration_weeks"":1,""recovery_weeks"":4},{""target"":""S1C"",""magnitude"":0.17774524059065044,""start_week"":40,""duration_weeks"":1,""recovery_weeks"":1},{""target"":""S1B"",""magnitude"":0.27383250644306856,""start_week"":43,""duration_weeks"":6,""recovery_weeks"":2},{""target"":""T2P"",""magnitude"":0.30503447455333066,""start_week"":44,""duration_weeks"":2,""recovery_weeks"":4},{""target"":""corridor"",""magnitude"":0.2735772847702767,""start_week"":45,""duration_weeks"":1,""recovery_weeks"":3},{""target"":""T2P"",""magnitude"":0.3656370745307582,""start_week"":46,""duration_weeks"":1,""recovery_weeks"":4}]"
A,42,713,Supplier-cluster shock,True,True,True,Structural,Concentrated dependency; Propagation-amplified cascade,Propagation-amplified cascade,4,0.8230925302936128,1114.5170591502392,True,True,False,False,False,"[{""target"":""T2P"",""magnitude"":0.3175980787050806,""start_week"":1,""duration_weeks"":3,""recovery_weeks"":4},{""target"":""corridor"",""magnitude"":0.3826806022797904,""start_week"":2,""duration_weeks"":6,""recovery_weeks"":1},{""target"":""demand"",""magnitude"":0.2723132641462894,""start_week"":22,""duration_weeks"":1,""recovery_weeks"":1},{""target"":""corridor"",""magnitude"":0.20184701547324257,""start_week"":48,""duration_weeks"":1,""recovery_weeks"":4}]"
A,42,714,Supplier-cluster shock,True,True,True,Structural,Concentrated dependency; Hidden convergent dependency; Propagation-amplified cascade,Hidden convergent dependency,6,0.7966921873345469,837.2654720314567,True,False,True,False,True,"[{""target"":""T2P"",""magnitude"":0.28297703139890784,""start_week"":2,""duration_weeks"":6,""recovery_weeks"":4},{""target"":""S1A"",""magnitude"":0.2783099333318425,""start_week"":9,""duration_weeks"":3,""recovery_weeks"":1},{""target"":""S1C"",""magnitude"":0.3055219777266226,""start_week"":14,""duration_weeks"":2,""recovery_weeks"":3},{""target"":""S1A"",""magnitude"":0.2830494501722097,""start_week"":29,""duration_weeks"":14,""recovery_weeks"":2},{""target"":""demand"",""magnitude"":0.1131597595432556,""start_week"":34,""duration_weeks"":2,""recovery_weeks"":2},{""target"":""demand"",""magnitude"":0.10998841488669958,""start_week"":48,""duration_weeks"":1,""recovery_weeks"":3}]"
A,42,715,Supplier-cluster shock,True,False,True,Adaptation-limited,Concentrated dependency,Concentrated dependency,3,0.8336472868929349,626.4683096577368,True,True,False,False,True,"[{""target"":""S1C"",""magnitude"":0.40002989598720584,""start_week"":6,""duration_weeks"":5,""recovery_weeks"":2},{""target"":""corridor"",""magnitude"":0.3747645348302988,""start_week"":9,""duration_weeks"":2,""recovery_weeks"":4},{""target"":""T2P"",""magnitude"":0.26068791247505047,""start_week"":45,""duration_weeks"":11,""recovery_weeks"":2}]"
A,42,716,Supplier-cluster shock,False,,False,Non-failure,Unclassified,Unclassified,3,0.9299180451628078,126.1475187069459,False,False,True,True,True,"[{""target"":""S1C"",""magnitude"":0.40768439838368253,""start_week"":1,""duration_weeks"":1,""recovery_weeks"":3},{""target"":""S1B"",""magnitude"":0.35666039484895407,""start_week"":41,""duration_weeks"":11,""recovery_weeks"":2},{""target"":""S1A"",""magnitude"":0.21854895069009733,""start_week"":46,""duration_weeks"":3,""recovery_weeks"":1}]"
A,42,717,Supplier-cluster shock,False,,False,Non-failure,Unclassified,Unclassified,0,1.0,0.0,False,False,False,False,False,[]
A,42,718,Supplier-cluster shock,False,,False,Non-failure,Unclassified,Unclassified,1,0.9096655368574661,89.37462565542864,False,False,False,False,False,"[{""target"":""demand"",""magnitude"":0.09930513961714299,""start_week"":8,""duration_weeks"":1,""recovery_weeks"":2}]"
A,42,719,Supplier-cluster shock,False,,False,Non-failure,Unclassified,Unclassified,1,0.9351010299693765,136.28783706430931,False,False,False,True,False,"[{""target"":""S1B"",""magnitude"":0.39602268256890283,""start_week"":28,""duration_weeks"":2,""recovery_weeks"":1}]"
A,42,720,Supplier-cluster shock,True,False,True,Adaptation-limited,Concentrated dependency,Concentrated dependency,5,0.7616479114605679,1973.6631702930592,False,True,True,True,True,"[{""target"":""corridor"",""magnitude"":0.4287640664045741,""start_week"":18,""duration_weeks"":8,""recovery_weeks"":3},{""target"":""S1A"",""magnitude"":0.17645981127902943,""start_week"":28,""duration_weeks"":8,""recovery_weeks"":3},{""target"":""S1B"",""magnitude"":0.3856909810701005,""start_week"":30,""duration_weeks"":2,""recovery_weeks"":3},{""target"":""S1A"",""magnitude"":0.2524775434463027,""start_week"":34,""duration_weeks"":2,""recovery_weeks"":3},{""target"":""S1C"",""magnitude"":0.4545400874201653,""start_week"":43,""duration_weeks"":1,""recovery_weeks"":1}]"
A,42,721,Supplier-cluster shock,False,,False,Non-failure,Unclassified,Unclassified,1,1.0,0.0,True,False,False,False,False,"[{""target"":""T2P"",""magnitude"":0.28274783105151846,""start_week"":27,""duration_weeks"":2,""recovery_weeks"":2}]"
A,42,722,Supplier-cluster shock,True,True,False,Structural,Concentrated dependency,Concentrated dependency,2,0.8698222235151692,234.3199976726953,False,False,False,True,True,"[{""target"":""S1B"",""magnitude"":0.5428999970908692,""start_week"":41,""duration_weeks"":1,""recovery_weeks"":3},{""target"":""S1C"",""magnitude"":0.3474783147777838,""start_week"":51,""duration_weeks"":2,""recovery_weeks"":4}]"
A,42,723,Supplier-cluster shock,True,True,True,Structural,Concentrated dependency,Concentrated dependency,4,0.434969217030192,3119.7048032338544,False,True,False,False,False,"[{""target"":""corridor"",""magnitude"":0.4385291836571672,""start_week"":2,""duration_weeks"":6,""recovery_weeks"":2},{""target"":""corridor"",""magnitude"":0.4189779712905851,""start_week"":3,""duration_weeks"":3,""recovery_weeks"":3},{""target"":""corridor"",""magnitude"":0.4422828037075902,""start_week"":11,""duration_weeks"":1,""recovery_weeks"":1},{""target"":""corridor"",""magnitude"":0.35632264064443087,""start_week"":28,""duration_weeks"":3,""recovery_weeks"":4}]"
A,42,724,Supplier-cluster shock,False,,False,Non-failure,Unclassified,Unclassified,0,1.0,0.0,False,False,False,False,False,[]
A,42,725,Supplier-cluster shock,True,True,True,Structural,Concentrated dependency; Hidden convergent dependency; Propagation-amplified cascade,Hidden convergent dependency,5,0.62392690898591,1559.6953747427478,True,True,False,False,True,"[{""target"":""S1C"",""magnitude"":0.47444922708952997,""start_week"":4,""duration_weeks"":1,""recovery_weeks"":2},{""target"":""corridor"",""magnitude"":0.2642653917688562,""start_week"":13,""duration_weeks"":9,""recovery_weeks"":3},{""target"":""T2P"",""magnitude"":0.3834497918806349,""start_week"":27,""duration_weeks"":3,""recovery_weeks"":3},{""target"":""corridor"",""magnitude"":0.494596421674,""start_week"":46,""duration_weeks"":4,""recovery_weeks"":2},{""target"":""demand"",""magnitude"":0.08004868529114502,""start_week"":49,""duration_weeks"":1,""recovery_weeks"":3}]"
A,42,726,Supplier-cluster shock,False,,False,Non-failure,Unclassified,Unclassified,4,0.8441370886978155,180.96593214764198,True,True,True,False,False,"[{""target"":""demand"",""magnitude"":0.18464170498967436,""start_week"":3,""duration_weeks"":2,""recovery_weeks"":4},{""target"":""corridor"",""magnitude"":0.328046092263234,""start_week"":27,""duration_weeks"":2,""recovery_weeks"":4},{""target"":""S1A"",""magnitude"":0.44995965978484265,""start_week"":34,""duration_weeks"":2,""recovery_weeks"":3},{""target"":""T2P"",""magnitude"":0.5002258957427651,""start_week"":49,""duration_weeks"":8,""recovery_weeks"":3}]"
A,42,727,Supplier-cluster shock,False,,False,Non-failure,Unclassified,Unclassified,2,0.8464805105773703,163.22589682085527,False,True,False,False,False,"[{""target"":""demand"",""magnitude"":0.18136210757872828,""start_week"":26,""duration_weeks"":2,""recovery_weeks"":3},{""target"":""corridor"",""magnitude"":0.25272860013262444,""start_week"":33,""duration_weeks"":1,""recovery_weeks"":2}]"
A,42,728,Supplier-cluster shock,True,True,False,Structural,Concentrated dependency,Concentrated dependency,3,0.8703823547346486,233.31176147763244,True,True,False,False,False,"[{""target"":""corridor"",""magnitude"":0.3472132339490134,""start_week"":9,""duration_weeks"":1,""recovery_weeks"":2},{""target"":""demand"",""magnitude"":0.0760920087988608,""start_week"":24,""duration_weeks"":1,""recovery_weeks"":4},{""target"":""T2P"",""magnitude"":0.2391462764643027,""start_week"":30,""duration_weeks"":1,""recovery_weeks"":1}]"
A,42,729,Supplier-cluster shock,True,True,True,Structural,Concentrated dependency; Hidden convergent dependency; Propagation-amplified cascade,Hidden convergent dependency,5,0.5933873339029244,1628.684096667892,True,True,False,False,False,"[{""target"":""T2P"",""magnitude"":0.17532276845682693,""start_week"":15,""duration_weeks"":3,""recovery_weeks"":3},{""target"":""T2P"",""magnitude"":0.46595139948736797,""start_week"":34,""duration_weeks"":4,""recovery_weeks"":4},{""target"":""T2P"",""magnitude"":0.3444407712547878,""start_week"":47,""duration_weeks"":2,""recovery_weeks"":2},{""target"":""corridor"",""magnitude"":0.4465746984727592,""start_week"":50,""duration_weeks"":2,""recovery_weeks"":2},{""target"":""corridor"",""magnitude"":0.37711847479362853,""start_week"":51,""duration_weeks"":19,""recovery_weeks"":3}]"
A,42,730,Supplier-cluster shock,False,,False,Non-failure,Unclassified,Unclassified,2,0.9285496807660565,178.69811813790614,False,False,True,True,False,"[{""target"":""S1A"",""magnitude"":0.41076321827637274,""start_week"":43,""duration_weeks"":2,""recovery_weeks"":2},{""target"":""S1B"",""magnitude"":0.2680433799411045,""start_week"":45,""duration_weeks"":5,""recovery_weeks"":4}]"
A,42,731,Supplier-cluster shock,True,True,True,Structural,Concentrated dependency,Concentrated dependency,2,0.6061006790786397,1636.1742913534272,False,True,False,True,False,"[{""target"":""corridor"",""magnitude"":0.5454244906910202,""start_week"":27,""duration_weeks"":3,""recovery_weeks"":4},{""target"":""S1B"",""magnitude"":0.20528490647111614,""start_week"":45,""duration_weeks"":1,""recovery_weeks"":2}]"
A,42,732,Supplier-cluster shock,False,,False,Non-failure,Unclassified,Unclassified,5,0.9032379704271006,257.67462334808624,True,True,True,False,True,"[{""target"":""corridor"",""magnitude"":0.22670263378980343,""start_week"":12,""duration_weeks"":3,""recovery_weeks"":2},{""target"":""T2P"",""magnitude"":0.19574087696701425,""start_week"":20,""duration_weeks"":5,""recovery_weeks"":1},{""target"":""T2P"",""magnitude"":0.2087886255611099,""start_week"":26,""duration_weeks"":1,""recovery_weeks"":4},{""target"":""S1A"",""magnitude"":0.30497313828297473,""start_week"":27,""duration_weeks"":4,""recovery_weeks"":2},{""target"":""S1C"",""magnitude"":0.2594003473035878,""start_week"":28,""duration_weeks"":3,""recovery_weeks"":4}]"
A,42,733,Supplier-cluster shock,True,True,False,Structural,Concentrated dependency,Concentrated dependency,2,0.8856637255067543,240.10617643581588,False,False,True,True,False,"[{""target"":""S1A"",""magnitude"":0.5072566176098028,""start_week"":4,""duration_weeks"":3,""recovery_weeks"":2},{""target"":""S1B"",""magnitude"":0.31516255480430355,""start_week"":45,""duration_weeks"":1,""recovery_weeks"":3}]"
A,42,734,Supplier-cluster shock,False,,False,Non-failure,Unclassified,Unclassified,3,0.8760438136884968,127.3458769266781,False,False,False,False,False,"[{""target"":""demand"",""magnitude"":0.14149541880741975,""start_week"":1,""duration_weeks"":1,""recovery_weeks"":2},{""target"":""demand"",""magnitude"":0.10956035717811474,""start_week"":6,""duration_weeks"":4,""recovery_weeks"":1},{""target"":""demand"",""magnitude"":0.21957783664363756,""start_week"":43,""duration_weeks"":2,""recovery_weeks"":2}]"
A,42,735,Supplier-cluster shock,False,,False,Non-failure,Unclassified,Unclassified,1,0.8367443227556128,175.5973784633161,False,False,False,False,False,"[{""target"":""demand"",""magnitude"":0.1951081982925732,""start_week"":44,""duration_weeks"":2,""recovery_weeks"":1}]"
A,42,736,Supplier-cluster shock,False,,False,Non-failure,Unclassified,Unclassified,1,1.0,0.0,False,True,False,False,False,"[{""target"":""corridor"",""magnitude"":0.24020790728444436,""start_week"":25,""duration_weeks"":1,""recovery_weeks"":4}]"
A,42,737,Supplier-cluster shock,True,True,True,Structural,Concentrated dependency; Hidden convergent dependency,Hidden convergent dependency,5,0.6047536750553616,1882.0844458692468,True,False,True,False,False,"[{""target"":""T2P"",""magnitude"":0.2739457267298548,""start_week"":12,""duration_weeks"":1,""recovery_weeks"":2},{""target"":""T2P"",""magnitude"":0.34536865822419766,""start_week"":15,""duration_weeks"":4,""recovery_weeks"":4},{""target"":""demand"",""magnitude"":0.20275111591853157,""start_week"":18,""duration_weeks"":2,""recovery_weeks"":2},{""target"":""S1A"",""magnitude"":0.3827214507612079,""start_week"":29,""duration_weeks"":2,""recovery_weeks"":2},{""target"":""T2P"",""magnitude"":0.2384280641404074,""start_week"":37,""duration_weeks"":2,""recovery_weeks"":3}]"
A,42,738,Supplier-cluster shock,True,False,False,Adaptation-limited,Concentrated dependency; Hidden convergent dependency; Propagation-amplified cascade,Hidden convergent dependency,1,0.6922988657073068,373.08619100732767,True,False,False,False,False,"[{""target"":""T2P"",""magnitude"":0.3923103402878078,""start_week"":41,""duration_weeks"":2,""recovery_weeks"":2}]"
A,42,739,Supplier-cluster shock,False,,False,Non-failure,Unclassified,Unclassified,1,1.0,0.0,True,False,False,False,False,"[{""target"":""T2P"",""magnitude"":0.27886853278470436,""start_week"":6,""duration_weeks"":2,""recovery_weeks"":1}]"
A,42,740,Supplier-cluster shock,False,,False,Non-failure,Unclassified,Unclassified,1,0.9553072632024012,93.85474727495773,False,False,False,True,False,"[{""target"":""S1B"",""magnitude"":0.3505586577945975,""start_week"":40,""duration_weeks"":2,""recovery_weeks"":3}]"
A,42,741,Supplier-cluster shock,False,,False,Non-failure,Unclassified,Unclassified,1,0.8821184623014283,106.0933839287145,False,True,False,False,False,"[{""target"":""corridor"",""magnitude"":0.3384111532739286,""start_week"":50,""duration_weeks"":1,""recovery_weeks"":1}]"
A,42,742,Supplier-cluster shock,True,False,False,Adaptation-limited,Concentrated dependency; Recovery lag and temporal overlap,Recovery lag and temporal overlap,3,0.7816252435189072,355.58241912600465,False,True,False,False,False,"[{""target"":""corridor"",""magnitude"":0.20239906357366902,""start_week"":2,""duration_weeks"":2,""recovery_weeks"":4},{""target"":""corridor"",""magnitude"":0.3825376152441843,""start_week"":7,""duration_weeks"":1,""recovery_weeks"":1},{""target"":""demand"",""magnitude"":0.13399030674522117,""start_week"":31,""duration_weeks"":9,""recovery_weeks"":4}]"
A,42,743,Supplier-cluster shock,True,True,True,Structural,Concentrated dependency,Concentrated dependency,4,0.6339259418996557,3495.3528448065713,False,True,False,False,False,"[{""target"":""demand"",""magnitude"":0.13801375847057962,""start_week"":12,""duration_weeks"":1,""recovery_weeks"":3},{""target"":""corridor"",""magnitude"":0.5245555435752582,""start_week"":20,""duration_weeks"":10,""recovery_weeks"":3},{""target"":""demand"",""magnitude"":0.16734656180390417,""start_week"":43,""duration_weeks"":1,""recovery_weeks"":1},{""target"":""corridor"",""magnitude"":0.28305208532052845,""start_week"":46,""duration_weeks"":1,""recovery_weeks"":4}]"
A,42,744,Supplier-cluster shock,True,True,True,Structural,Concentrated dependency; Hidden convergent dependency; Propagation-amplified cascade,Hidden convergent dependency,3,0.5740810752012143,1431.3395884653455,True,True,False,False,False,"[{""target"":""T2P"",""magnitude"":0.4269748140307874,""start_week"":33,""duration_weeks"":2,""recovery_weeks"":4},{""target"":""demand"",""magnitude"":0.10906747945617756,""start_week"":37,""duration_weeks"":6,""recovery_weeks"":3},{""target"":""corridor"",""magnitude"":0.3384723069254843,""start_week"":47,""duration_weeks"":4,""recovery_weeks"":2}]"
A,42,745,Supplier-cluster shock,True,True,True,Structural,Concentrated dependency,Concentrated dependency,5,0.5420014867327025,1836.0148008889012,True,True,True,False,True,"[{""target"":""corridor"",""magnitude"":0.44109100221576447,""start_week"":16,""duration_weeks"":4,""recovery_weeks"":3},{""target"":""T2P"",""magnitude"":0.5121986619405677,""start_week"":22,""duration_weeks"":2,""recovery_weeks"":1},{""target"":""S1A"",""magnitude"":0.24856331664125506,""start_week"":26,""duration_weeks"":1,""recovery_weeks"":2},{""target"":""S1C"",""magnitude"":0.20245242318113849,""start_week"":34,""duration_weeks"":1,""recovery_weeks"":1},{""target"":""S1A"",""magnitude"":0.24493438850989377,""start_week"":47,""duration_weeks"":2,""recovery_weeks"":2}]"
A,42,746,Supplier-cluster shock,True,True,False,Structural,Concentrated dependency,Concentrated dependency,4,0.8395132366171987,337.0222031038828,False,True,False,True,True,"[{""target"":""S1C"",""magnitude"":0.611095217611303,""start_week"":3,""duration_weeks"":2,""recovery_weeks"":1},{""target"":""S1B"",""magnitude"":0.29879952364446294,""start_week"":26,""duration_weeks"":2,""recovery_weeks"":1},{""target"":""S1C"",""magnitude"":0.3507275247483801,""start_week"":29,""duration_weeks"":1,""recovery_weeks"":1},{""target"":""corridor"",""magnitude"":0.25875574136702106,""start_week"":43,""duration_weeks"":3,""recovery_weeks"":1}]"
A,42,747,Supplier-cluster shock,False,,False,Non-failure,Unclassified,Unclassified,2,0.8967862531740981,103.58362632625904,False,False,False,True,False,"[{""target"":""demand"",""magnitude"":0.11509291814028776,""start_week"":9,""duration_weeks"":1,""recovery_weeks"":3},{""target"":""S1B"",""magnitude"":0.23793965828457345,""start_week"":29,""duration_weeks"":2,""recovery_weeks"":4}]"
A,42,748,Supplier-cluster shock,False,,False,Non-failure,Unclassified,Unclassified,3,0.8839509000415722,349.1925992132493,True,False,True,False,True,"[{""target"":""S1A"",""magnitude"":0.4604563289321193,""start_week"":41,""duration_weeks"":3,""recovery_weeks"":1},{""target"":""S1C"",""magnitude"":0.3708062556183826,""start_week"":43,""duration_weeks"":8,""recovery_weeks"":2},{""target"":""T2P"",""magnitude"":0.2658789697319632,""start_week"":49,""duration_weeks"":2,""recovery_weeks"":1}]"
A,42,749,Supplier-cluster shock,False,,False,Non-failure,Unclassified,Unclassified,3,0.8196690206964021,349.9039479860364,False,True,False,False,False,"[{""target"":""demand"",""magnitude"":0.09364679209891147,""start_week"":20,""duration_weeks"":8,""recovery_weeks"":4},{""target"":""corridor"",""magnitude"":0.32767870369939256,""start_week"":23,""duration_weeks"":1,""recovery_weeks"":4},{""target"":""corridor"",""magnitude"":0.25923409116679114,""start_week"":30,""duration_weeks"":4,""recovery_weeks"":2}]"
A,42,750,Supplier-cluster shock,True,True,True,Structural,Concentrated dependency; Recovery lag and temporal overlap,Recovery lag and temporal overlap,5,0.7311040785467026,1683.7808059300173,False,True,False,True,True,"[{""target"":""demand"",""magnitude"":0.18105766301935627,""start_week"":15,""duration_weeks"":1,""recovery_weeks"":3},{""target"":""S1C"",""magnitude"":0.24833843011036252,""start_week"":19,""duration_weeks"":2,""recovery_weeks"":1},{""target"":""S1B"",""magnitude"":0.3108667031835171,""start_week"":23,""duration_weeks"":1,""recovery_weeks"":3},{""target"":""corridor"",""magnitude"":0.451671941089973,""start_week"":25,""duration_weeks"":6,""recovery_weeks"":4},{""target"":""corridor"",""magnitude"":0.3366171460081282,""start_week"":39,""duration_weeks"":4,""recovery_weeks"":1}]"
A,42,751,Supplier-cluster shock,True,True,False,Structural,Concentrated dependency,Concentrated dependency,2,0.871518058668959,346.9012415938105,False,True,False,False,False,"[{""target"":""corridor"",""magnitude"":0.3463614559982807,""start_week"":23,""duration_weeks"":2,""recovery_weeks"":3},{""target"":""demand"",""magnitude"":0.09247440202624115,""start_week"":44,""duration_weeks"":1,""recovery_weeks"":1}]"
A,42,752,Supplier-cluster shock,False,,False,Non-failure,Unclassified,Unclassified,2,0.9453637270854915,280.153358715153,False,True,False,False,False,"[{""target"":""demand"",""magnitude"":0.05779391714440894,""start_week"":17,""duration_weeks"":2,""recovery_weeks"":2},{""target"":""corridor"",""magnitude"":0.2900190009974051,""start_week"":43,""duration_weeks"":10,""recovery_weeks"":4}]"
A,42,753,Supplier-cluster shock,False,,False,Non-failure,Unclassified,Unclassified,0,1.0,0.0,False,False,False,False,False,[]
A,42,754,Supplier-cluster shock,True,True,False,Structural,Concentrated dependency; Hidden convergent dependency; Propagation-amplified cascade,Hidden convergent dependency,2,0.8071525701451936,478.15746465061716,True,False,False,False,False,"[{""target"":""T2P"",""magnitude"":0.2735626868693258,""start_week"":5,""duration_weeks"":5,""recovery_weeks"":2},{""target"":""demand"",""magnitude"":0.14557237155134578,""start_week"":46,""duration_weeks"":2,""recovery_weeks"":4}]"
A,42,755,Supplier-cluster shock,True,False,False,Adaptation-limited,Concentrated dependency; Propagation-amplified cascade,Propagation-amplified cascade,3,0.7575218053703258,416.52057131266133,True,False,False,True,True,"[{""target"":""T2P"",""magnitude"":0.37274345838890227,""start_week"":17,""duration_weeks"":2,""recovery_weeks"":1},{""target"":""S1B"",""magnitude"":0.6645294118491099,""start_week"":23,""duration_weeks"":1,""recovery_weeks"":1},{""target"":""S1C"",""magnitude"":0.2877712168341182,""start_week"":25,""duration_weeks"":2,""recovery_weeks"":2}]"
A,42,756,Supplier-cluster shock,False,,False,Non-failure,Unclassified,Unclassified,3,0.9229967824926439,80.23191111124743,False,True,False,False,False,"[{""target"":""corridor"",""magnitude"":0.2602829037670687,""start_week"":8,""duration_weeks"":4,""recovery_weeks"":1},{""target"":""demand"",""magnitude"":0.15769925968184315,""start_week"":18,""duration_weeks"":1,""recovery_weeks"":1},{""target"":""corridor"",""magnitude"":0.24363498932961852,""start_week"":40,""duration_weeks"":6,""recovery_weeks"":4}]"
A,42,757,Supplier-cluster shock,False,,False,Non-failure,Unclassified,Unclassified,1,1.0,0.0,True,False,False,False,False,"[{""target"":""T2P"",""magnitude"":0.2721802884689533,""start_week"":41,""duration_weeks"":1,""recovery_weeks"":4}]"
A,42,758,Supplier-cluster shock,True,True,False,Structural,Concentrated dependency,Concentrated dependency,1,0.872280197222568,268.21158583260717,False,False,True,False,False,"[{""target"":""S1A"",""magnitude"":0.5373695562492219,""start_week"":1,""duration_weeks"":2,""recovery_weeks"":1}]"
A,42,759,Supplier-cluster shock,False,,False,Non-failure,Unclassified,Unclassified,3,0.85810418546401,184.41988780002066,False,False,True,True,False,"[{""target"":""demand"",""magnitude"":0.16306174025158768,""start_week"":20,""duration_weeks"":3,""recovery_weeks"":1},{""target"":""S1A"",""magnitude"":0.5692655827059774,""start_week"":37,""duration_weeks"":1,""recovery_weeks"":3},{""target"":""S1B"",""magnitude"":0.3123892446046087,""start_week"":46,""duration_weeks"":2,""recovery_weeks"":3}]"
A,42,760,Supplier-cluster shock,False,,False,Non-failure,Unclassified,Unclassified,3,1.0,0.0,False,False,True,True,False,"[{""target"":""S1B"",""magnitude"":0.1636551951276746,""start_week"":16,""duration_weeks"":6,""recovery_weeks"":1},{""target"":""S1A"",""magnitude"":0.21632410623757636,""start_week"":41,""duration_weeks"":1,""recovery_weeks"":2},{""target"":""S1B"",""magnitude"":0.2368292317064648,""start_week"":51,""duration_weeks"":5,""recovery_weeks"":3}]"
A,42,761,Supplier-cluster shock,True,True,False,Structural,Concentrated dependency,Concentrated dependency,1,0.8518341009217248,400.047927511343,False,True,False,False,False,"[{""target"":""corridor"",""magnitude"":0.3611244243087063,""start_week"":7,""duration_weeks"":2,""recovery_weeks"":3}]"
A,42,762,Supplier-cluster shock,True,True,False,Structural,Concentrated dependency,Concentrated dependency,5,0.7106690492691894,520.795711315459,False,True,True,True,True,"[{""target"":""corridor"",""magnitude"":0.46699821304810796,""start_week"":6,""duration_weeks"":1,""recovery_weeks"":2},{""target"":""S1A"",""magnitude"":0.45334576479495936,""start_week"":16,""duration_weeks"":3,""recovery_weeks"":4},{""target"":""S1B"",""magnitude"":0.41799767702370705,""start_week"":19,""duration_weeks"":1,""recovery_weeks"":4},{""target"":""S1C"",""magnitude"":0.5075878769155105,""start_week"":47,""duration_weeks"":2,""recovery_weeks"":1},{""target"":""corridor"",""magnitude"":0.411222860791125,""start_week"":50,""duration_weeks"":10,""recovery_weeks"":4}]"
A,42,763,Supplier-cluster shock,False,,False,Non-failure,Unclassified,Unclassified,1,0.9178544701181659,73.93097689365072,False,False,False,True,False,"[{""target"":""S1B"",""magnitude"":0.4348274422341267,""start_week"":50,""duration_weeks"":1,""recovery_weeks"":1}]"
A,42,764,Supplier-cluster shock,False,,False,Non-failure,Unclassified,Unclassified,0,1.0,0.0,False,False,False,False,False,[]
A,42,765,Supplier-cluster shock,True,True,False,Structural,Concentrated dependency,Concentrated dependency,2,0.8950290861533464,220.4389190779725,False,False,True,False,True,"[{""target"":""S1A"",""magnitude"":0.4861845561549707,""start_week"":27,""duration_weeks"":3,""recovery_weeks"":3},{""target"":""S1C"",""magnitude"":0.21105014123297888,""start_week"":31,""duration_weeks"":5,""recovery_weeks"":3}]"
A,42,766,Supplier-cluster shock,False,,False,Non-failure,Unclassified,Unclassified,3,0.9116746160664604,158.98569108037123,False,False,True,True,True,"[{""target"":""S1C"",""magnitude"":0.20581589890651175,""start_week"":12,""duration_weeks"":4,""recovery_weeks"":1},{""target"":""S1B"",""magnitude"":0.24961511937582434,""start_week"":36,""duration_weeks"":3,""recovery_weeks"":4},{""target"":""S1A"",""magnitude"":0.4487321138504641,""start_week"":46,""duration_weeks"":1,""recovery_weeks"":3}]"
A,42,767,Supplier-cluster shock,False,,False,Non-failure,Unclassified,Unclassified,2,0.9257586172470827,151.15807010365154,False,False,True,False,False,"[{""target"":""demand"",""magnitude"":0.06921042778134842,""start_week"":4,""duration_weeks"":1,""recovery_weeks"":4},{""target"":""S1A"",""magnitude"":0.417043111194064,""start_week"":8,""duration_weeks"":6,""recovery_weeks"":4}]"
A,42,768,Supplier-cluster shock,False,,False,Non-failure,Unclassified,Unclassified,2,0.9029653359734856,203.77279445568035,False,False,False,True,True,"[{""target"":""S1C"",""magnitude"":0.4683279940596575,""start_week"":13,""duration_weeks"":7,""recovery_weeks"":3},{""target"":""S1B"",""magnitude"":0.2576719453395492,""start_week"":40,""duration_weeks"":9,""recovery_weeks"":2}]"
A,42,769,Supplier-cluster shock,False,,False,Non-failure,Unclassified,Unclassified,0,1.0,0.0,False,False,False,False,False,[]
A,42,770,Supplier-cluster shock,False,,False,Non-failure,Unclassified,Unclassified,1,0.8447057777715502,923.1221076128802,False,False,False,False,False,"[{""target"":""demand"",""magnitude"":0.18384415771150198,""start_week"":13,""duration_weeks"":16,""recovery_weeks"":3}]"
A,42,771,Supplier-cluster shock,False,,False,Non-failure,Unclassified,Unclassified,1,0.8880436622106901,113.46368235943032,False,False,False,False,False,"[{""target"":""demand"",""magnitude"":0.12607075817714475,""start_week"":13,""duration_weeks"":1,""recovery_weeks"":1}]"
A,42,772,Supplier-cluster shock,False,,False,Non-failure,Unclassified,Unclassified,0,1.0,0.0,False,False,False,False,False,[]
A,42,773,Supplier-cluster shock,True,True,False,Structural,Compounding moderate disturbance,Compounding moderate disturbance,3,0.8488755888708905,658.1745093273596,False,True,False,False,False,"[{""target"":""demand"",""magnitude"":0.13239363388016961,""start_week"":26,""duration_weeks"":5,""recovery_weeks"":1},{""target"":""corridor"",""magnitude"":0.2208942582785876,""start_week"":27,""duration_weeks"":4,""recovery_weeks"":4},{""target"":""demand"",""magnitude"":0.0806714488586909,""start_week"":30,""duration_weeks"":4,""recovery_weeks"":4}]"
A,42,774,Supplier-cluster shock,True,True,False,Structural,Concentrated dependency,Concentrated dependency,2,0.895373419960983,572.3685383190322,False,True,False,True,False,"[{""target"":""S1B"",""magnitude"":0.40019427756557213,""start_week"":10,""duration_weeks"":5,""recovery_weeks"":1},{""target"":""corridor"",""magnitude"":0.3284699350292627,""start_week"":25,""duration_weeks"":6,""recovery_weeks"":1}]"
A,42,775,Supplier-cluster shock,False,,False,Non-failure,Unclassified,Unclassified,3,0.48133007221956947,640.3781343497807,True,False,False,False,False,"[{""target"":""demand"",""magnitude"":0.13813819087243479,""start_week"":44,""duration_weeks"":2,""recovery_weeks"":3},{""target"":""T2P"",""magnitude"":0.4446681509363897,""start_week"":46,""duration_weeks"":9,""recovery_weeks"":3},{""target"":""demand"",""magnitude"":0.28193816148470646,""start_week"":51,""duration_weeks"":2,""recovery_weeks"":4}]"
A,42,776,Supplier-cluster shock,True,True,False,Structural,Concentrated dependency,Concentrated dependency,1,0.8337398672101073,299.26823902180695,False,False,True,False,False,"[{""target"":""S1A"",""magnitude"":0.6240852987772586,""start_week"":11,""duration_weeks"":1,""recovery_weeks"":3}]"
A,42,777,Supplier-cluster shock,True,True,True,Structural,Concentrated dependency; Hidden convergent dependency; Propagation-amplified cascade,Hidden convergent dependency,5,0.5718416436343616,1754.7263847389847,True,True,False,True,True,"[{""target"":""T2P"",""magnitude"":0.48534252072907447,""start_week"":7,""duration_weeks"":4,""recovery_weeks"":4},{""target"":""corridor"",""magnitude"":0.24718335506280842,""start_week"":27,""duration_weeks"":1,""recovery_weeks"":4},{""target"":""T2P"",""magnitude"":0.2027135288158473,""start_week"":40,""duration_weeks"":1,""recovery_weeks"":1},{""target"":""S1B"",""magnitude"":0.2896754842434484,""start_week"":45,""duration_weeks"":2,""recovery_weeks"":1},{""target"":""S1C"",""magnitude"":0.5498585478019096,""start_week"":47,""duration_weeks"":4,""recovery_weeks"":4}]"
A,42,778,Supplier-cluster shock,False,,False,Non-failure,Unclassified,Unclassified,2,0.908032993913021,91.15341186182673,True,False,False,False,False,"[{""target"":""demand"",""magnitude"":0.10128156873536287,""start_week"":42,""duration_weeks"":1,""recovery_weeks"":2},{""target"":""T2P"",""magnitude"":0.3761839995102795,""start_week"":51,""duration_weeks"":4,""recovery_weeks"":3}]"
A,42,779,Supplier-cluster shock,False,,False,Non-failure,Unclassified,Unclassified,0,1.0,0.0,False,False,False,False,False,[]
A,42,780,Supplier-cluster shock,False,,False,Non-failure,Unclassified,Unclassified,2,0.8573781861081095,149.71180114269464,True,False,False,False,False,"[{""target"":""demand"",""magnitude"":0.16634644571410512,""start_week"":17,""duration_weeks"":2,""recovery_weeks"":1},{""target"":""T2P"",""magnitude"":0.20223708237204507,""start_week"":39,""duration_weeks"":1,""recovery_weeks"":4}]"
A,42,781,Supplier-cluster shock,False,,False,Non-failure,Unclassified,Unclassified,1,0.9911626693917535,18.558394277317575,False,False,False,False,True,"[{""target"":""S1C"",""magnitude"":0.26988399386855455,""start_week"":40,""duration_weeks"":3,""recovery_weeks"":4}]"
A,42,782,Supplier-cluster shock,True,True,True,Structural,Concentrated dependency; Hidden convergent dependency; Propagation-amplified cascade,Hidden convergent dependency,2,0.5879691751488255,1289.5525830133133,True,False,False,False,False,"[{""target"":""T2P"",""magnitude"":0.47082774236605696,""start_week"":32,""duration_weeks"":3,""recovery_weeks"":4},{""target"":""demand"",""magnitude"":0.11224970440672732,""start_week"":46,""duration_weeks"":14,""recovery_weeks"":2}]"
A,42,783,Supplier-cluster shock,False,,False,Non-failure,Unclassified,Unclassified,4,0.8576431270485206,176.41246152104577,False,False,True,True,False,"[{""target"":""demand"",""magnitude"":0.16598614092715228,""start_week"":13,""duration_weeks"":6,""recovery_weeks"":2},{""target"":""demand"",""magnitude"":0.09748645618099641,""start_week"":21,""duration_weeks"":3,""recovery_weeks"":1},{""target"":""S1B"",""magnitude"":0.531694953825255,""start_week"":35,""duration_weeks"":1,""recovery_weeks"":4},{""target"":""S1A"",""magnitude"":0.4662435127998378,""start_week"":45,""duration_weeks"":1,""recovery_weeks"":3}]"
A,42,784,Supplier-cluster shock,True,False,True,Adaptation-limited,Concentrated dependency,Concentrated dependency,1,0.7489110295361563,677.9402202523781,False,True,False,False,False,"[{""target"":""corridor"",""magnitude"":0.4383167278478828,""start_week"":44,""duration_weeks"":2,""recovery_weeks"":1}]"
A,42,785,Supplier-cluster shock,False,,False,Non-failure,Unclassified,Unclassified,2,0.9423061049225138,103.84901113947512,True,True,False,False,False,"[{""target"":""T2P"",""magnitude"":0.24656649677875903,""start_week"":19,""duration_weeks"":1,""recovery_weeks"":4},{""target"":""corridor"",""magnitude"":0.29327042130811465,""start_week"":23,""duration_weeks"":1,""recovery_weeks"":1}]"
A,42,786,Supplier-cluster shock,False,,False,Non-failure,Unclassified,Unclassified,4,0.8518649242078646,162.48676423953725,True,False,False,False,False,"[{""target"":""T2P"",""magnitude"":0.38749558807984563,""start_week"":15,""duration_weeks"":1,""recovery_weeks"":3},{""target"":""demand"",""magnitude"":0.1198916708185138,""start_week"":35,""duration_weeks"":4,""recovery_weeks"":2},{""target"":""T2P"",""magnitude"":0.37123394087284556,""start_week"":45,""duration_weeks"":1,""recovery_weeks"":4},{""target"":""T2P"",""magnitude"":0.3611389061482113,""start_week"":51,""duration_weeks"":2,""recovery_weeks"":4}]"
A,42,787,Supplier-cluster shock,True,True,False,Structural,Concentrated dependency; Hidden convergent dependency; Propagation-amplified cascade,Hidden convergent dependency,4,0.8815659055178093,206.67900813616689,True,True,False,False,False,"[{""target"":""demand"",""magnitude"":0.10774402976622235,""start_week"":14,""duration_weeks"":1,""recovery_weeks"":1},{""target"":""T2P"",""magnitude"":0.40017664620439075,""start_week"":27,""duration_weeks"":2,""recovery_weeks"":2},{""target"":""T2P"",""magnitude"":0.18800439493928617,""start_week"":42,""duration_weeks"":7,""recovery_weeks"":3},{""target"":""corridor"",""magnitude"":0.21085063609591995,""start_week"":44,""duration_weeks"":1,""recovery_weeks"":4}]"
A,42,788,Supplier-cluster shock,True,True,True,Structural,Concentrated dependency; Hidden convergent dependency; Propagation-amplified cascade,Hidden convergent dependency,4,0.4579607486295231,2657.2169300659593,True,False,False,False,False,"[{""target"":""T2P"",""magnitude"":0.3426106906032069,""start_week"":15,""duration_weeks"":7,""recovery_weeks"":1},{""target"":""T2P"",""magnitude"":0.2591969637916006,""start_week"":36,""duration_weeks"":3,""recovery_weeks"":1},{""target"":""T2P"",""magnitude"":0.34675734388090296,""start_week"":41,""duration_weeks"":3,""recovery_weeks"":4},{""target"":""T2P"",""magnitude"":0.5013863545789383,""start_week"":46,""duration_weeks"":2,""recovery_weeks"":1}]"
A,42,789,Supplier-cluster shock,False,,False,Non-failure,Unclassified,Unclassified,2,0.8960440483639674,104.41490755198424,True,False,False,False,False,"[{""target"":""demand"",""magnitude"":0.11601656394664908,""start_week"":4,""duration_weeks"":1,""recovery_weeks"":4},{""target"":""T2P"",""magnitude"":0.17089446259613558,""start_week"":30,""duration_weeks"":1,""recovery_weeks"":2}]"
A,42,790,Supplier-cluster shock,True,True,True,Structural,Concentrated dependency; Hidden convergent dependency; Propagation-amplified cascade,Hidden convergent dependency,5,0.431701992264301,4280.750962393534,True,True,False,False,False,"[{""target"":""T2P"",""magnitude"":0.33234099275828904,""start_week"":10,""duration_weeks"":10,""recovery_weeks"":2},{""target"":""corridor"",""magnitude"":0.6762235058017743,""start_week"":23,""duration_weeks"":4,""recovery_weeks"":1},{""target"":""demand"",""magnitude"":0.19289368148587566,""start_week"":39,""duration_weeks"":1,""recovery_weeks"":1},{""target"":""demand"",""magnitude"":0.05346679248290955,""start_week"":47,""duration_weeks"":2,""recovery_weeks"":4},{""target"":""T2P"",""magnitude"":0.28736376565439953,""start_week"":50,""duration_weeks"":20,""recovery_weeks"":2}]"
A,42,791,Supplier-cluster shock,True,True,False,Structural,Concentrated dependency,Concentrated dependency,4,0.8605801328469169,281.76310936050027,False,False,True,True,True,"[{""target"":""S1C"",""magnitude"":0.2854169660531312,""start_week"":10,""duration_weeks"":3,""recovery_weeks"":2},{""target"":""S1A"",""magnitude"":0.2097414007762823,""start_week"":12,""duration_weeks"":2,""recovery_weeks"":1},{""target"":""S1B"",""magnitude"":0.5636947010944369,""start_week"":19,""duration_weeks"":4,""recovery_weeks"":2},{""target"":""S1C"",""magnitude"":0.37947799544726224,""start_week"":45,""duration_weeks"":1,""recovery_weeks"":2}]"
A,42,792,Supplier-cluster shock,False,,False,Non-failure,Unclassified,Unclassified,4,0.9307658803453163,70.2345388480104,False,False,True,True,True,"[{""target"":""S1A"",""magnitude"":0.2745550058260098,""start_week"":4,""duration_weeks"":5,""recovery_weeks"":2},{""target"":""S1C"",""magnitude"":0.27976731510043207,""start_week"":21,""duration_weeks"":2,""recovery_weeks"":4},{""target"":""S1B"",""magnitude"":0.28916322133966477,""start_week"":23,""duration_weeks"":2,""recovery_weeks"":4},{""target"":""demand"",""magnitude"":0.1271664446232313,""start_week"":40,""duration_weeks"":5,""recovery_weeks"":2}]"
A,42,793,Supplier-cluster shock,False,,False,Non-failure,Unclassified,Unclassified,3,0.8669326065744851,138.14298040556378,True,False,True,False,False,"[{""target"":""T2P"",""magnitude"":0.2341024451381591,""start_week"":14,""duration_weeks"":1,""recovery_weeks"":4},{""target"":""demand"",""magnitude"":0.15349220045062645,""start_week"":40,""duration_weeks"":1,""recovery_weeks"":1},{""target"":""S1A"",""magnitude"":0.2661060758722642,""start_week"":45,""duration_weeks"":5,""recovery_weeks"":2}]"
A,42,794,Supplier-cluster shock,False,,False,Non-failure,Unclassified,Unclassified,2,0.9827577232646197,36.208781144298655,False,False,False,True,True,"[{""target"":""S1B"",""magnitude"":0.2440082520729251,""start_week"":15,""duration_weeks"":1,""recovery_weeks"":1},{""target"":""S1C"",""magnitude"":0.2887951226546056,""start_week"":29,""duration_weeks"":2,""recovery_weeks"":4}]"
A,42,795,Supplier-cluster shock,False,,False,Non-failure,Unclassified,Unclassified,1,0.8955062357499584,105.018127256566,False,False,False,False,False,"[{""target"":""demand"",""magnitude"":0.11668680806285124,""start_week"":8,""duration_weeks"":5,""recovery_weeks"":3}]"
A,42,796,Supplier-cluster shock,False,,False,Non-failure,Unclassified,Unclassified,2,0.9519065643176751,86.56818422818492,False,False,False,True,True,"[{""target"":""S1C"",""magnitude"":0.35821023028523113,""start_week"":21,""duration_weeks"":1,""recovery_weeks"":2},{""target"":""S1B"",""magnitude"":0.23977736042228223,""start_week"":51,""duration_weeks"":6,""recovery_weeks"":3}]"
A,42,797,Supplier-cluster shock,True,False,False,Adaptation-limited,Hidden convergent dependency; Compounding moderate disturbance,Hidden convergent dependency,3,0.8072425560600541,412.33938481402106,True,False,False,False,True,"[{""target"":""T2P"",""magnitude"":0.29169101688775223,""start_week"":4,""duration_weeks"":2,""recovery_weeks"":1},{""target"":""demand"",""magnitude"":0.23878503740033963,""start_week"":9,""duration_weeks"":1,""recovery_weeks"":2},{""target"":""S1C"",""magnitude"":0.4835280322049723,""start_week"":19,""duration_weeks"":3,""recovery_weeks"":1}]"
A,42,798,Supplier-cluster shock,False,,False,Non-failure,Unclassified,Unclassified,0,1.0,0.0,False,False,False,False,False,[]
A,42,799,Supplier-cluster shock,False,,False,Non-failure,Unclassified,Unclassified,3,0.9211750096310468,141.8849826641158,True,True,False,False,False,"[{""target"":""T2P"",""magnitude"":0.16335215117178417,""start_week"":18,""duration_weeks"":1,""recovery_weeks"":4},{""target"":""corridor"",""magnitude"":0.3091187427767149,""start_week"":29,""duration_weeks"":1,""recovery_weeks"":1},{""target"":""demand"",""magnitude"":0.08444831583642824,""start_week"":40,""duration_weeks"":6,""recovery_weeks"":2}]"
A,42,800,Supplier-cluster shock,True,True,False,Structural,Compounding moderate disturbance; Recovery lag and temporal overlap,Compounding moderate disturbance,2,0.8077344057880622,269.08162031892766,False,True,False,False,False,"[{""target"":""corridor"",""magnitude"":0.25492849002865614,""start_week"":10,""duration_weeks"":1,""recovery_weeks"":3},{""target"":""corridor"",""magnitude"":0.1869226024165838,""start_week"":11,""duration_weeks"":1,""recovery_weeks"":1}]"
A,42,801,Supplier-cluster shock,False,,False,Non-failure,Unclassified,Unclassified,1,0.9969939643748944,21.643456500760294,False,True,False,False,False,"[{""target"":""corridor"",""magnitude"":0.2522545267188292,""start_week"":43,""duration_weeks"":8,""recovery_weeks"":2}]"
A,42,802,Supplier-cluster shock,True,True,True,Structural,Concentrated dependency; Hidden convergent dependency; Propagation-amplified cascade,Hidden convergent dependency,3,0.846222577883561,2134.004952607319,True,True,False,False,False,"[{""target"":""T2P"",""magnitude"":0.23839967990479508,""start_week"":27,""duration_weeks"":14,""recovery_weeks"":4},{""target"":""corridor"",""magnitude"":0.21516550343982127,""start_week"":34,""duration_weeks"":1,""recovery_weeks"":1},{""target"":""corridor"",""magnitude"":0.3413902436160268,""start_week"":40,""duration_weeks"":12,""recovery_weeks"":1}]"
A,42,803,Supplier-cluster shock,False,,False,Non-failure,Unclassified,Unclassified,1,0.959872876546357,84.26695925265028,False,False,False,False,True,"[{""target"":""S1C"",""magnitude"":0.3402860277706968,""start_week"":44,""duration_weeks"":3,""recovery_weeks"":4}]"
A,42,804,Supplier-cluster shock,False,,False,Non-failure,Unclassified,Unclassified,5,0.9691368796574632,35.032533764915456,False,False,True,True,True,"[{""target"":""S1C"",""magnitude"":0.25103300241294146,""start_week"":20,""duration_weeks"":4,""recovery_weeks"":2},{""target"":""S1B"",""magnitude"":0.2033080222669472,""start_week"":24,""duration_weeks"":5,""recovery_weeks"":3},{""target"":""S1C"",""magnitude"":0.27668435597750474,""start_week"":28,""duration_weeks"":1,""recovery_weeks"":1},{""target"":""S1A"",""magnitude"":0.3194420207707076,""start_week"":34,""duration_weeks"":1,""recovery_weeks"":4},{""target"":""S1C"",""magnitude"":0.4117576699932255,""start_week"":51,""duration_weeks"":3,""recovery_weeks"":3}]"
A,42,805,Supplier-cluster shock,False,,False,Non-failure,Unclassified,Unclassified,3,0.9183285072252863,147.00868699448483,False,False,True,False,True,"[{""target"":""S1A"",""magnitude"":0.4337608587431059,""start_week"":7,""duration_weeks"":1,""recovery_weeks"":1},{""target"":""S1C"",""magnitude"":0.2860104717905242,""start_week"":17,""duration_weeks"":4,""recovery_weeks"":3},{""target"":""S1A"",""magnitude"":0.39081936504937675,""start_week"":27,""duration_weeks"":4,""recovery_weeks"":2}]"
A,42,806,Supplier-cluster shock,True,False,True,Adaptation-limited,Concentrated dependency,Concentrated dependency,2,0.6657069769752626,752.807092347357,True,True,False,False,False,"[{""target"":""corridor"",""magnitude"":0.500719767268553,""start_week"":6,""duration_weeks"":1,""recovery_weeks"":4},{""target"":""T2P"",""magnitude"":0.3098633650463953,""start_week"":41,""duration_weeks"":1,""recovery_weeks"":3}]"
A,42,807,Supplier-cluster shock,True,True,True,Structural,Concentrated dependency; Hidden convergent dependency; Propagation-amplified cascade,Hidden convergent dependency,4,0.7249360720651219,1221.3648532131397,True,False,False,True,True,"[{""target"":""T2P"",""magnitude"":0.2497100861931501,""start_week"":29,""duration_weeks"":1,""recovery_weeks"":3},{""target"":""T2P"",""magnitude"":0.3475575351413903,""start_week"":33,""duration_weeks"":4,""recovery_weeks"":4},{""target"":""S1B"",""magnitude"":0.35754080278435696,""start_week"":45,""duration_weeks"":2,""recovery_weeks"":1},{""target"":""S1C"",""magnitude"":0.38039025403332755,""start_week"":48,""duration_weeks"":2,""recovery_weeks"":1}]"
A,42,808,Supplier-cluster shock,True,True,True,Structural,Concentrated dependency; Hidden convergent dependency; Propagation-amplified cascade,Hidden convergent dependency,4,0.6747122255595226,2940.7074052935773,True,True,True,False,False,"[{""target"":""corridor"",""magnitude"":0.28953600323000206,""start_week"":2,""duration_weeks"":1,""recovery_weeks"":3},{""target"":""T2P"",""magnitude"":0.3927589969964297,""start_week"":21,""duration_weeks"":10,""recovery_weeks"":2},{""target"":""corridor"",""magnitude"":0.28603231580462785,""start_week"":38,""duration_weeks"":11,""recovery_weeks"":3},{""target"":""S1A"",""magnitude"":0.39681378025585246,""start_week"":39,""duration_weeks"":3,""recovery_weeks"":3}]"
A,42,809,Supplier-cluster shock,True,True,True,Structural,Concentrated dependency; Propagation-amplified cascade,Propagation-amplified cascade,5,0.75164013788833,718.0710100090984,True,True,False,False,False,"[{""target"":""T2P"",""magnitude"":0.22389764712595456,""start_week"":4,""duration_weeks"":2,""recovery_weeks"":4},{""target"":""corridor"",""magnitude"":0.39959812708522896,""start_week"":27,""duration_weeks"":3,""recovery_weeks"":1},{""target"":""T2P"",""magnitude"":0.355133046997495,""start_week"":32,""duration_weeks"":1,""recovery_weeks"":3},{""target"":""corridor"",""magnitude"":0.4362698965837526,""start_week"":33,""duration_weeks"":1,""recovery_weeks"":4},{""target"":""corridor"",""magnitude"":0.4601341628453608,""start_week"":50,""duration_weeks"":6,""recovery_weeks"":2}]"
A,42,810,Supplier-cluster shock,False,,False,Non-failure,Unclassified,Unclassified,4,0.9018842512285412,97.910761579466,False,False,False,True,True,"[{""target"":""demand"",""magnitude"":0.10878973508829555,""start_week"":28,""duration_weeks"":1,""recovery_weeks"":3},{""target"":""demand"",""magnitude"":0.18095126382554533,""start_week"":33,""duration_weeks"":1,""recovery_weeks"":3},{""target"":""S1C"",""magnitude"":0.2522009843468147,""start_week"":47,""duration_weeks"":1,""recovery_weeks"":4},{""target"":""S1B"",""magnitude"":0.16738106676454526,""start_week"":49,""duration_weeks"":2,""recovery_weeks"":2}]"
A,42,811,Supplier-cluster shock,False,,False,Non-failure,Unclassified,Unclassified,1,0.9679663068516061,67.27075561162724,False,False,False,True,False,"[{""target"":""S1B"",""magnitude"":0.32207580958388626,""start_week"":18,""duration_weeks"":5,""recovery_weeks"":1}]"
A,42,812,Supplier-cluster shock,True,False,False,Adaptation-limited,Concentrated dependency,Concentrated dependency,2,0.7847034954370055,418.92723980231267,False,True,False,False,False,"[{""target"":""demand"",""magnitude"":0.13295661547336943,""start_week"":36,""duration_weeks"":6,""recovery_weeks"":2},{""target"":""corridor"",""magnitude"":0.41147237842224593,""start_week"":48,""duration_weeks"":3,""recovery_weeks"":3}]"
A,42,813,Supplier-cluster shock,False,,False,Non-failure,Unclassified,Unclassified,1,0.8775451110717265,125.58830155278292,False,False,False,False,False,"[{""target"":""demand"",""magnitude"":0.13954255728086978,""start_week"":16,""duration_weeks"":5,""recovery_weeks"":2}]"
A,42,814,Supplier-cluster shock,True,True,False,Structural,Concentrated dependency; Hidden convergent dependency; Propagation-amplified cascade,Hidden convergent dependency,1,0.600990176503005,477.3265234418865,True,False,False,False,False,"[{""target"":""T2P"",""magnitude"":0.45910884114729544,""start_week"":40,""duration_weeks"":2,""recovery_weeks"":1}]"
A,42,815,Supplier-cluster shock,False,,False,Non-failure,Unclassified,Unclassified,3,0.8630002984584454,123.2997313873991,True,True,False,False,False,"[{""target"":""T2P"",""magnitude"":0.4616498656936996,""start_week"":22,""duration_weeks"":1,""recovery_weeks"":1},{""target"":""T2P"",""magnitude"":0.23882018854630382,""start_week"":33,""duration_weeks"":3,""recovery_weeks"":1},{""target"":""corridor"",""magnitude"":0.3664491279607169,""start_week"":51,""duration_weeks"":8,""recovery_weeks"":3}]"
A,42,816,Supplier-cluster shock,True,True,False,Structural,Concentrated dependency,Concentrated dependency,2,0.8779170367952044,256.37422273007087,False,False,False,False,True,"[{""target"":""S1C"",""magnitude"":0.5246866672107902,""start_week"":31,""duration_weeks"":3,""recovery_weeks"":2},{""target"":""demand"",""magnitude"":0.26872075202201906,""start_week"":49,""duration_weeks"":6,""recovery_weeks"":2}]"
A,42,817,Supplier-cluster shock,False,,False,Non-failure,Unclassified,Unclassified,1,0.9147992227986765,153.36139896238228,False,False,False,True,False,"[{""target"":""S1B"",""magnitude"":0.44170174870297785,""start_week"":36,""duration_weeks"":1,""recovery_weeks"":1}]"
A,42,818,Supplier-cluster shock,True,True,True,Structural,Concentrated dependency,Concentrated dependency,3,0.5903319719653987,745.769761524389,False,True,False,False,True,"[{""target"":""S1C"",""magnitude"":0.6034039748855942,""start_week"":6,""duration_weeks"":1,""recovery_weeks"":2},{""target"":""corridor"",""magnitude"":0.4918248862921246,""start_week"":39,""duration_weeks"":1,""recovery_weeks"":3},{""target"":""demand"",""magnitude"":0.147772525383195,""start_week"":40,""duration_weeks"":1,""recovery_weeks"":2}]"
A,42,819,Supplier-cluster shock,True,True,False,Structural,Concentrated dependency; Hidden convergent dependency; Propagation-amplified cascade,Hidden convergent dependency,6,0.73116123943455,874.1884095590948,True,False,False,False,False,"[{""target"":""T2P"",""magnitude"":0.3419548845089049,""start_week"":4,""duration_weeks"":3,""recovery_weeks"":4},{""target"":""demand"",""magnitude"":0.20899100462224973,""start_week"":16,""duration_weeks"":3,""recovery_weeks"":4},{""target"":""demand"",""magnitude"":0.15218256891892099,""start_week"":38,""duration_weeks"":2,""recovery_weeks"":2},{""target"":""demand"",""magnitude"":0.2763409976081631,""start_week"":43,""duration_weeks"":3,""recovery_weeks"":1},{""target"":""demand"",""magnitude"":0.07192757064455417,""start_week"":46,""duration_weeks"":10,""recovery_weeks"":2},{""target"":""T2P"",""magnitude"":0.5452303235097369,""start_week"":48,""duration_weeks"":3,""recovery_weeks"":1}]"
A,42,820,Supplier-cluster shock,True,True,True,Structural,Concentrated dependency; Hidden convergent dependency; Propagation-amplified cascade,Hidden convergent dependency,5,0.6027602005673575,1573.8528266809583,True,False,True,True,False,"[{""target"":""T2P"",""magnitude"":0.45751581948937825,""start_week"":1,""duration_weeks"":4,""recovery_weeks"":4},{""target"":""S1B"",""magnitude"":0.17605639015942223,""start_week"":3,""duration_weeks"":1,""recovery_weeks"":4},{""target"":""S1A"",""magnitude"":0.18805318599513227,""start_week"":25,""duration_weeks"":1,""recovery_weeks"":3},{""target"":""S1B"",""magnitude"":0.2639757336337729,""start_week"":28,""duration_weeks"":2,""recovery_weeks"":4},{""target"":""demand"",""magnitude"":0.17854621022175415,""start_week"":37,""duration_weeks"":1,""recovery_weeks"":4}]"
A,42,821,Supplier-cluster shock,True,False,True,Adaptation-limited,Concentrated dependency; Propagation-amplified cascade,Propagation-amplified cascade,5,0.7506147331990789,1491.4384553654454,True,True,False,False,False,"[{""target"":""demand"",""magnitude"":0.0961243225394325,""start_week"":6,""duration_weeks"":2,""recovery_weeks"":4},{""target"":""T2P"",""magnitude"":0.22639302424888486,""start_week"":22,""duration_weeks"":1,""recovery_weeks"":3},{""target"":""T2P"",""magnitude"":0.18733099881987117,""start_week"":26,""duration_weeks"":2,""recovery_weeks"":3},{""target"":""corridor"",""magnitude"":0.4370389501006907,""start_week"":35,""duration_weeks"":6,""recovery_weeks"":4},{""target"":""demand"",""magnitude"":0.0950987670201828,""start_week"":45,""duration_weeks"":6,""recovery_weeks"":4}]"
A,42,822,Supplier-cluster shock,False,,False,Non-failure,Unclassified,Unclassified,4,0.9309751468135227,66.72827742014147,False,False,True,True,True,"[{""target"":""demand"",""magnitude"":0.07414253046682376,""start_week"":2,""duration_weeks"":4,""recovery_weeks"":3},{""target"":""S1B"",""magnitude"":0.3007744297011946,""start_week"":5,""duration_weeks"":1,""recovery_weeks"":1},{""target"":""S1A"",""magnitude"":0.3582383606954757,""start_week"":38,""duration_weeks"":1,""recovery_weeks"":1},{""target"":""S1C"",""magnitude"":0.28955765433320513,""start_week"":44,""duration_weeks"":7,""recovery_weeks"":4}]"
A,42,823,Supplier-cluster shock,True,True,True,Structural,Concentrated dependency; Hidden convergent dependency; Propagation-amplified cascade,Hidden convergent dependency,5,0.5107164345119847,1794.2935845851455,True,True,False,False,False,"[{""target"":""T2P"",""magnitude"":0.44330698944187596,""start_week"":6,""duration_weeks"":3,""recovery_weeks"":1},{""target"":""corridor"",""magnitude"":0.20429769177732954,""start_week"":8,""duration_weeks"":1,""recovery_weeks"":4},{""target"":""T2P"",""magnitude"":0.5403552089392137,""start_week"":12,""duration_weeks"":1,""recovery_weeks"":3},{""target"":""T2P"",""magnitude"":0.37847690445029736,""start_week"":36,""duration_weeks"":3,""recovery_weeks"":3},{""target"":""demand"",""magnitude"":0.13521043914708758,""start_week"":41,""duration_weeks"":3,""recovery_weeks"":3}]"
A,42,824,Supplier-cluster shock,False,,False,Non-failure,Unclassified,Unclassified,2,0.8161288758826533,260.16206438086556,True,False,False,False,True,"[{""target"":""T2P"",""magnitude"":0.2654840117056118,""start_week"":1,""duration_weeks"":4,""recovery_weeks"":2},{""target"":""S1C"",""magnitude"":0.2477762226350097,""start_week"":48,""duration_weeks"":1,""recovery_weeks"":4}]"
A,42,825,Supplier-cluster shock,False,,False,Non-failure,Unclassified,Unclassified,2,0.9011201707041475,98.75691307267914,False,False,False,False,False,"[{""target"":""demand"",""magnitude"":0.10972990341408789,""start_week"":13,""duration_weeks"":1,""recovery_weeks"":1},{""target"":""demand"",""magnitude"":0.2516240171280543,""start_week"":23,""duration_weeks"":2,""recovery_weeks"":2}]"
A,42,826,Supplier-cluster shock,True,True,False,Structural,Concentrated dependency; Recovery lag and temporal overlap,Recovery lag and temporal overlap,4,0.8175415588041619,256.3206686699209,False,True,False,False,False,"[{""target"":""demand"",""magnitude"":0.1602322788501946,""start_week"":9,""duration_weeks"":1,""recovery_weeks"":2},{""target"":""corridor"",""magnitude"":0.38684383089687857,""start_week"":11,""duration_weeks"":1,""recovery_weeks"":1},{""target"":""demand"",""magnitude"":0.1260001651062222,""start_week"":26,""duration_weeks"":5,""recovery_weeks"":2},{""target"":""demand"",""magnitude"":0.1042797874946382,""start_week"":47,""duration_weeks"":8,""recovery_weeks"":3}]"
A,42,827,Supplier-cluster shock,True,True,True,Structural,Concentrated dependency; Hidden convergent dependency; Propagation-amplified cascade,Hidden convergent dependency,2,0.555460900428803,6738.713866609329,True,True,False,False,False,"[{""target"":""T2P"",""magnitude"":0.5000851896140773,""start_week"":14,""duration_weeks"":4,""recovery_weeks"":1},{""target"":""corridor"",""magnitude"":0.5187578704608187,""start_week"":21,""duration_weeks"":16,""recovery_weeks"":4}]"
A,42,828,Supplier-cluster shock,False,,False,Non-failure,Unclassified,Unclassified,2,0.9566787321134916,90.97466256166763,False,False,False,True,True,"[{""target"":""S1B"",""magnitude"":0.34747285274464396,""start_week"":6,""duration_weeks"":2,""recovery_weeks"":1},{""target"":""S1C"",""magnitude"":0.22804435100075027,""start_week"":28,""duration_weeks"":2,""recovery_weeks"":2}]"
A,42,829,Supplier-cluster shock,True,False,True,Adaptation-limited,Concentrated dependency; Recovery lag and temporal overlap,Recovery lag and temporal overlap,4,0.6657437039710503,1157.3079336927713,False,True,True,True,False,"[{""target"":""demand"",""magnitude"":0.18446573625523827,""start_week"":32,""duration_weeks"":1,""recovery_weeks"":4},{""target"":""corridor"",""magnitude"":0.4316133393596634,""start_week"":33,""duration_weeks"":2,""recovery_weeks"":4},{""target"":""S1B"",""magnitude"":0.25780883936263377,""start_week"":38,""duration_weeks"":1,""recovery_weeks"":4},{""target"":""S1A"",""magnitude"":0.33200581858414774,""start_week"":47,""duration_weeks"":2,""recovery_weeks"":4}]"
A,42,830,Supplier-cluster shock,True,True,True,Structural,Concentrated dependency; Hidden convergent dependency; Recovery lag and temporal overlap,Hidden convergent dependency,5,0.589721665197227,3894.1542615279855,True,True,False,False,False,"[{""target"":""corridor"",""magnitude"":0.27487698003022093,""start_week"":7,""duration_weeks"":1,""recovery_weeks"":4},{""target"":""demand"",""magnitude"":0.16637274150711712,""start_week"":10,""duration_weeks"":4,""recovery_weeks"":4},{""target"":""T2P"",""magnitude"":0.40302381446111735,""start_week"":11,""duration_weeks"":6,""recovery_weeks"":4},{""target"":""T2P"",""magnitude"":0.3081648655944486,""start_week"":26,""duration_weeks"":7,""recovery_weeks"":1},{""target"":""T2P"",""magnitude"":0.4062396991928061,""start_week"":50,""duration_weeks"":2,""recovery_weeks"":3}]"
A,42,831,Supplier-cluster shock,False,,False,Non-failure,Unclassified,Unclassified,3,0.9798689139361181,36.23595491498736,False,False,True,True,True,"[{""target"":""S1C"",""magnitude"":0.19769148196260133,""start_week"":5,""duration_weeks"":2,""recovery_weeks"":2},{""target"":""S1B"",""magnitude"":0.24796076988745186,""start_week"":27,""duration_weeks"":6,""recovery_weeks"":3},{""target"":""S1A"",""magnitude"":0.29529494364373426,""start_week"":37,""duration_weeks"":1,""recovery_weeks"":3}]"
A,42,832,Supplier-cluster shock,False,,False,Non-failure,Unclassified,Unclassified,2,1.0,0.0,True,False,False,True,False,"[{""target"":""S1B"",""magnitude"":0.1966010398596977,""start_week"":6,""duration_weeks"":2,""recovery_weeks"":3},{""target"":""T2P"",""magnitude"":0.44677503346529235,""start_week"":51,""duration_weeks"":3,""recovery_weeks"":2}]"
A,42,833,Supplier-cluster shock,False,,False,Non-failure,Unclassified,Unclassified,2,0.9707804875113719,61.36097622611908,False,False,True,False,True,"[{""target"":""S1C"",""magnitude"":0.2120510655380814,""start_week"":9,""duration_weeks"":1,""recovery_weeks"":1},{""target"":""S1A"",""magnitude"":0.31574390309941325,""start_week"":44,""duration_weeks"":5,""recovery_weeks"":4}]"
A,42,834,Supplier-cluster shock,False,,False,Non-failure,Unclassified,Unclassified,2,0.8954043615252284,105.13247273772868,False,False,False,False,True,"[{""target"":""demand"",""magnitude"":0.1168138585974764,""start_week"":26,""duration_weeks"":3,""recovery_weeks"":4},{""target"":""S1C"",""magnitude"":0.21800488107840968,""start_week"":34,""duration_weeks"":3,""recovery_weeks"":2}]"
A,42,835,Supplier-cluster shock,True,True,False,Structural,Concentrated dependency,Concentrated dependency,3,0.8924319824854015,193.6224315262773,False,False,True,True,True,"[{""target"":""S1B"",""magnitude"":0.49202803940784656,""start_week"":2,""duration_weeks"":1,""recovery_weeks"":1},{""target"":""S1C"",""magnitude"":0.2267680740115917,""start_week"":24,""duration_weeks"":3,""recovery_weeks"":2},{""target"":""S1A"",""magnitude"":0.29940047957872806,""start_week"":37,""duration_weeks"":2,""recovery_weeks"":1}]"
A,42,836,Supplier-cluster shock,False,,False,Non-failure,Unclassified,Unclassified,0,1.0,0.0,False,False,False,False,False,[]
A,42,837,Supplier-cluster shock,True,True,False,Structural,Concentrated dependency; Recovery lag and temporal overlap,Recovery lag and temporal overlap,5,0.8362921062453222,293.72316012113595,True,False,True,False,True,"[{""target"":""demand"",""magnitude"":0.08655928101765788,""start_week"":19,""duration_weeks"":4,""recovery_weeks"":3},{""target"":""S1A"",""magnitude"":0.36343703133245087,""start_week"":25,""duration_weeks"":1,""recovery_weeks"":4},{""target"":""S1C"",""magnitude"":0.308023743283798,""start_week"":30,""duration_weeks"":1,""recovery_weeks"":1},{""target"":""S1A"",""magnitude"":0.618342760948025,""start_week"":35,""duration_weeks"":1,""recovery_weeks"":1},{""target"":""T2P"",""magnitude"":0.36109080514094305,""start_week"":47,""duration_weeks"":6,""recovery_weeks"":2}]"
A,42,838,Supplier-cluster shock,True,True,True,Structural,Concentrated dependency; Hidden convergent dependency; Propagation-amplified cascade,Hidden convergent dependency,2,0.7414720258357406,1942.5957384131257,True,False,False,True,False,"[{""target"":""T2P"",""magnitude"":0.3326751767478334,""start_week"":3,""duration_weeks"":9,""recovery_weeks"":4},{""target"":""S1B"",""magnitude"":0.6155792881453002,""start_week"":33,""duration_weeks"":1,""recovery_weeks"":3}]"
A,42,839,Supplier-cluster shock,True,True,True,Structural,Concentrated dependency,Concentrated dependency,3,0.832388439277356,664.0810798098876,False,True,True,True,False,"[{""target"":""S1A"",""magnitude"":0.435468084833727,""start_week"":15,""duration_weeks"":2,""recovery_weeks"":4},{""target"":""corridor"",""magnitude"":0.3757086705419831,""start_week"":23,""duration_weeks"":4,""recovery_weeks"":4},{""target"":""S1B"",""magnitude"":0.5124005514559534,""start_week"":33,""duration_weeks"":1,""recovery_weeks"":3}]"
A,42,840,Supplier-cluster shock,True,True,False,Structural,Compounding moderate disturbance; Recovery lag and temporal overlap,Compounding moderate disturbance,7,0.8624685839284859,227.61170840582076,True,False,True,True,True,"[{""target"":""T2P"",""magnitude"":0.3412594248214542,""start_week"":3,""duration_weeks"":2,""recovery_weeks"":1},{""target"":""S1B"",""magnitude"":0.19366232140580453,""start_week"":17,""duration_weeks"":7,""recovery_weeks"":4},{""target"":""T2P"",""magnitude"":0.35219324789962925,""start_week"":22,""duration_weeks"":1,""recovery_weeks"":3},{""target"":""S1A"",""magnitude"":0.2849885480343384,""start_week"":23,""duration_weeks"":1,""recovery_weeks"":2},{""target"":""S1C"",""magnitude"":0.4340402504916743,""start_week"":44,""duration_weeks"":1,""recovery_weeks"":3},{""target"":""demand"",""magnitude"":0.12298169898162997,""start_week"":45,""duration_weeks"":1,""recovery_weeks"":3},{""target"":""demand"",""magnitude"":0.12476962730813179,""start_week"":49,""duration_weeks"":1,""recovery_weeks"":4}]"
A,42,841,Supplier-cluster shock,False,,False,Non-failure,Unclassified,Unclassified,2,0.9421619041189728,260.2714314646221,False,True,False,True,False,"[{""target"":""corridor"",""magnitude"":0.2933785719107703,""start_week"":14,""duration_weeks"":4,""recovery_weeks"":3},{""target"":""S1B"",""magnitude"":0.1967209025157074,""start_week"":26,""duration_weeks"":3,""recovery_weeks"":2}]"
A,42,842,Supplier-cluster shock,True,True,True,Structural,Concentrated dependency,Concentrated dependency,1,0.6747901354729865,1463.44439037156,False,True,False,False,False,"[{""target"":""corridor"",""magnitude"":0.4939073983952601,""start_week"":30,""duration_weeks"":4,""recovery_weeks"":1}]"
A,42,843,Supplier-cluster shock,True,True,False,Structural,Concentrated dependency,Concentrated dependency,5,0.6644783498661859,408.7834898768574,True,True,False,False,False,"[{""target"":""demand"",""magnitude"":0.10841971131333751,""start_week"":3,""duration_weeks"":2,""recovery_weeks"":2},{""target"":""demand"",""magnitude"":0.1968071107926329,""start_week"":9,""duration_weeks"":1,""recovery_weeks"":2},{""target"":""corridor"",""magnitude"":0.5016412376003605,""start_week"":30,""duration_weeks"":1,""recovery_weeks"":1},{""target"":""demand"",""magnitude"":0.0823343712599244,""start_week"":39,""duration_weeks"":1,""recovery_weeks"":1},{""target"":""T2P"",""magnitude"":0.1784272900026997,""start_week"":49,""duration_weeks"":13,""recovery_weeks"":1}]"
A,42,844,Supplier-cluster shock,True,True,False,Structural,Concentrated dependency,Concentrated dependency,3,0.8732895874714831,228.07874255133038,True,False,False,False,True,"[{""target"":""S1C"",""magnitude"":0.5350984281891631,""start_week"":8,""duration_weeks"":1,""recovery_weeks"":3},{""target"":""T2P"",""magnitude"":0.22792833335330487,""start_week"":17,""duration_weeks"":3,""recovery_weeks"":1},{""target"":""demand"",""magnitude"":0.23746696045345678,""start_week"":46,""duration_weeks"":1,""recovery_weeks"":1}]"
A,42,845,Supplier-cluster shock,False,,False,Non-failure,Unclassified,Unclassified,5,0.9523910966929601,112.24987409926712,False,True,False,True,True,"[{""target"":""S1B"",""magnitude"":0.35712003244083956,""start_week"":4,""duration_weeks"":5,""recovery_weeks"":4},{""target"":""S1C"",""magnitude"":0.24497126540592834,""start_week"":5,""duration_weeks"":1,""recovery_weeks"":3},{""target"":""corridor"",""magnitude"":0.20760806393054626,""start_week"":14,""duration_weeks"":4,""recovery_weeks"":1},{""target"":""demand"",""magnitude"":0.07900507178904266,""start_week"":19,""duration_weeks"":2,""recovery_weeks"":4},{""target"":""demand"",""magnitude"":0.12408766977116979,""start_week"":51,""duration_weeks"":2,""recovery_weeks"":2}]"
A,42,846,Supplier-cluster shock,False,,False,Non-failure,Unclassified,Unclassified,1,1.0,0.0,True,False,False,False,False,"[{""target"":""T2P"",""magnitude"":0.31882224139310755,""start_week"":39,""duration_weeks"":1,""recovery_weeks"":1}]"
A,42,847,Supplier-cluster shock,False,,False,Non-failure,Unclassified,Unclassified,2,0.8554316309105257,152.10044552834165,False,False,True,False,False,"[{""target"":""demand"",""magnitude"":0.16900049503149073,""start_week"":34,""duration_weeks"":1,""recovery_weeks"":4},{""target"":""S1A"",""magnitude"":0.24727072472751416,""start_week"":40,""duration_weeks"":5,""recovery_weeks"":4}]"
A,42,848,Supplier-cluster shock,True,False,False,Adaptation-limited,Concentrated dependency; Recovery lag and temporal overlap,Recovery lag and temporal overlap,3,0.7390370431869496,489.94871023652354,False,True,False,False,False,"[{""target"":""demand"",""magnitude"":0.1588011727530299,""start_week"":13,""duration_weeks"":2,""recovery_weeks"":4},{""target"":""corridor"",""magnitude"":0.37970724620390206,""start_week"":15,""duration_weeks"":1,""recovery_weeks"":1},{""target"":""corridor"",""magnitude"":0.23561372612395506,""start_week"":31,""duration_weeks"":5,""recovery_weeks"":2}]"
A,42,849,Supplier-cluster shock,False,,False,Non-failure,Unclassified,Unclassified,3,1.0,0.0,True,True,False,False,False,"[{""target"":""corridor"",""magnitude"":0.20974305729570544,""start_week"":25,""duration_weeks"":1,""recovery_weeks"":4},{""target"":""T2P"",""magnitude"":0.2291525943707966,""start_week"":45,""duration_weeks"":13,""recovery_weeks"":2},{""target"":""corridor"",""magnitude"":0.5531731535884754,""start_week"":51,""duration_weeks"":2,""recovery_weeks"":2}]"
A,42,850,Supplier-cluster shock,True,True,False,Structural,Concentrated dependency; Hidden convergent dependency; Propagation-amplified cascade,Hidden convergent dependency,2,0.7267402113254285,456.7021441320146,True,False,False,False,False,"[{""target"":""T2P"",""magnitude"":0.3459338098071144,""start_week"":25,""duration_weeks"":3,""recovery_weeks"":2},{""target"":""demand"",""magnitude"":0.07647638155722812,""start_week"":48,""duration_weeks"":2,""recovery_weeks"":1}]"
A,42,851,Supplier-cluster shock,True,True,True,Structural,Concentrated dependency,Concentrated dependency,3,0.5992592767899085,1619.378666421142,False,True,False,False,True,"[{""target"":""corridor"",""magnitude"":0.36901512943645115,""start_week"":17,""duration_weeks"":5,""recovery_weeks"":1},{""target"":""corridor"",""magnitude"":0.2877096130830824,""start_week"":19,""duration_weeks"":2,""recovery_weeks"":2},{""target"":""S1C"",""magnitude"":0.23453450575445622,""start_week"":46,""duration_weeks"":2,""recovery_weeks"":4}]"
A,42,852,Supplier-cluster shock,True,True,False,Structural,Concentrated dependency,Concentrated dependency,2,0.8275328888476337,362.1809334199695,False,False,False,True,True,"[{""target"":""S1B"",""magnitude"":0.6380510000928243,""start_week"":33,""duration_weeks"":3,""recovery_weeks"":2},{""target"":""S1C"",""magnitude"":0.20165786492403798,""start_week"":41,""duration_weeks"":2,""recovery_weeks"":2}]"
A,42,853,Supplier-cluster shock,True,True,False,Structural,Concentrated dependency,Concentrated dependency,4,0.8664313288260493,240.4236081131112,False,True,True,False,True,"[{""target"":""corridor"",""magnitude"":0.24923269402361797,""start_week"":4,""duration_weeks"":4,""recovery_weeks"":3},{""target"":""corridor"",""magnitude"":0.350176503380463,""start_week"":27,""duration_weeks"":1,""recovery_weeks"":3},{""target"":""S1C"",""magnitude"":0.30358976432054763,""start_week"":32,""duration_weeks"":1,""recovery_weeks"":4},{""target"":""S1A"",""magnitude"":0.3639917678579443,""start_week"":47,""duration_weeks"":2,""recovery_weeks"":2}]"
A,42,854,Supplier-cluster shock,False,,False,Non-failure,Unclassified,Unclassified,0,1.0,0.0,False,False,False,False,False,[]
A,42,855,Supplier-cluster shock,True,True,True,Structural,Concentrated dependency; Hidden convergent dependency; Propagation-amplified cascade,Hidden convergent dependency,2,0.8137801598776243,1277.3753452665887,True,True,False,False,False,"[{""target"":""T2P"",""magnitude"":0.26759785611013825,""start_week"":21,""duration_weeks"":10,""recovery_weeks"":2},{""target"":""corridor"",""magnitude"":0.410723472001695,""start_week"":51,""duration_weeks"":3,""recovery_weeks"":1}]"
A,42,856,Supplier-cluster shock,False,,False,Non-failure,Unclassified,Unclassified,1,0.9098367030426948,103.79033816927154,True,False,False,False,False,"[{""target"":""T2P"",""magnitude"":0.3679301127230905,""start_week"":1,""duration_weeks"":1,""recovery_weeks"":3}]"
A,42,857,Supplier-cluster shock,False,,False,Non-failure,Unclassified,Unclassified,2,0.9462066265029527,96.82807229468517,False,False,True,False,True,"[{""target"":""S1A"",""magnitude"":0.3710350903683566,""start_week"":1,""duration_weeks"":1,""recovery_weeks"":3},{""target"":""S1C"",""magnitude"":0.2792103684038947,""start_week"":42,""duration_weeks"":11,""recovery_weeks"":4}]"
A,42,858,Supplier-cluster shock,False,,False,Non-failure,Unclassified,Unclassified,2,0.9875647963321085,39.18638865963476,False,False,False,True,True,"[{""target"":""S1C"",""magnitude"":0.2779792082527557,""start_week"":33,""duration_weeks"":2,""recovery_weeks"":3},{""target"":""S1B"",""magnitude"":0.3067549881169753,""start_week"":36,""duration_weeks"":1,""recovery_weeks"":4}]"
A,42,859,Supplier-cluster shock,False,,False,Non-failure,Unclassified,Unclassified,3,0.8965877760258175,154.4513590756677,False,False,True,True,True,"[{""target"":""S1B"",""magnitude"":0.32086650163423447,""start_week"":10,""duration_weeks"":11,""recovery_weeks"":2},{""target"":""S1A"",""magnitude"":0.48267750394191067,""start_week"":23,""duration_weeks"":1,""recovery_weeks"":1},{""target"":""S1C"",""magnitude"":0.20398551279653082,""start_week"":26,""duration_weeks"":2,""recovery_weeks"":3}]"
A,42,860,Supplier-cluster shock,False,,False,Non-failure,Unclassified,Unclassified,0,1.0,0.0,False,False,False,False,False,[]
A,42,861,Supplier-cluster shock,False,,False,Non-failure,Unclassified,Unclassified,2,0.9790367093959934,44.022910268413966,False,True,False,True,False,"[{""target"":""corridor"",""magnitude"":0.1956252379594215,""start_week"":31,""duration_weeks"":1,""recovery_weeks"":1},{""target"":""S1B"",""magnitude"":0.29716740385901486,""start_week"":40,""duration_weeks"":5,""recovery_weeks"":3}]"
A,42,862,Supplier-cluster shock,True,True,True,Structural,Concentrated dependency; Hidden convergent dependency,Hidden convergent dependency,3,0.5959697457944787,2031.6414213187309,True,False,False,True,False,"[{""target"":""T2P"",""magnitude"":0.4029122421554806,""start_week"":10,""duration_weeks"":5,""recovery_weeks"":3},{""target"":""demand"",""magnitude"":0.11319550485747537,""start_week"":15,""duration_weeks"":4,""recovery_weeks"":3},{""target"":""S1B"",""magnitude"":0.22831263639673188,""start_week"":46,""duration_weeks"":4,""recovery_weeks"":3}]"
A,42,863,Supplier-cluster shock,True,True,False,Structural,Concentrated dependency,Concentrated dependency,4,0.803619284060063,518.0192244907926,False,True,False,False,False,"[{""target"":""corridor"",""magnitude"":0.3972855369549527,""start_week"":10,""duration_weeks"":1,""recovery_weeks"":4},{""target"":""corridor"",""magnitude"":0.1710794212695428,""start_week"":13,""duration_weeks"":2,""recovery_weeks"":2},{""target"":""demand"",""magnitude"":0.1816045909064249,""start_week"":26,""duration_weeks"":3,""recovery_weeks"":4},{""target"":""demand"",""magnitude"":0.16825235803176858,""start_week"":43,""duration_weeks"":1,""recovery_weeks"":1}]"
A,42,864,Supplier-cluster shock,True,False,False,Adaptation-limited,Concentrated dependency,Concentrated dependency,2,0.7948135313283515,477.8758537580402,True,False,False,False,False,"[{""target"":""demand"",""magnitude"":0.2581567381329376,""start_week"":3,""duration_weeks"":4,""recovery_weeks"":2},{""target"":""T2P"",""magnitude"":0.1874172954261959,""start_week"":12,""duration_weeks"":2,""recovery_weeks"":2}]"
A,42,865,Supplier-cluster shock,True,False,True,Adaptation-limited,Concentrated dependency; Propagation-amplified cascade,Propagation-amplified cascade,3,0.7244382165123144,992.0224205556678,True,True,False,False,False,"[{""target"":""T2P"",""magnitude"":0.36416971182090196,""start_week"":6,""duration_weeks"":4,""recovery_weeks"":2},{""target"":""corridor"",""magnitude"":0.45667133761576406,""start_week"":11,""duration_weeks"":3,""recovery_weeks"":2},{""target"":""demand"",""magnitude"":0.11250627031273344,""start_week"":17,""duration_weeks"":1,""recovery_weeks"":1}]"
A,42,866,Supplier-cluster shock,True,False,False,Adaptation-limited,Concentrated dependency,Concentrated dependency,2,0.7908612479209165,376.44975374235037,True,True,False,False,False,"[{""target"":""corridor"",""magnitude"":0.4068540640593128,""start_week"":13,""duration_weeks"":1,""recovery_weeks"":1},{""target"":""T2P"",""magnitude"":0.20309846443873208,""start_week"":39,""duration_weeks"":2,""recovery_weeks"":3}]"
A,42,867,Supplier-cluster shock,True,True,True,Structural,Concentrated dependency; Recovery lag and temporal overlap,Recovery lag and temporal overlap,5,0.6720529730733209,3633.3692998517236,False,True,False,False,False,"[{""target"":""demand"",""magnitude"":0.20730556723768778,""start_week"":15,""duration_weeks"":16,""recovery_weeks"":4},{""target"":""corridor"",""magnitude"":0.34670272451603895,""start_week"":32,""duration_weeks"":9,""recovery_weeks"":4},{""target"":""corridor"",""magnitude"":0.22846803634440496,""start_week"":34,""duration_weeks"":2,""recovery_weeks"":1},{""target"":""corridor"",""magnitude"":0.24818936200499386,""start_week"":43,""duration_weeks"":1,""recovery_weeks"":2},{""target"":""demand"",""magnitude"":0.13427528276073863,""start_week"":44,""duration_weeks"":4,""recovery_weeks"":1}]"
A,42,868,Supplier-cluster shock,True,True,False,Structural,Concentrated dependency,Concentrated dependency,5,0.8479688344260201,525.1506753653675,False,True,False,True,False,"[{""target"":""demand"",""magnitude"":0.1792886240646897,""start_week"":1,""duration_weeks"":1,""recovery_weeks"":3},{""target"":""S1B"",""magnitude"":0.5087024505486338,""start_week"":21,""duration_weeks"":1,""recovery_weeks"":3},{""target"":""demand"",""magnitude"":0.21356878178660205,""start_week"":27,""duration_weeks"":3,""recovery_weeks"":2},{""target"":""corridor"",""magnitude"":0.3610636987784918,""start_week"":32,""duration_weeks"":3,""recovery_weeks"":1},{""target"":""demand"",""magnitude"":0.12966796610200398,""start_week"":50,""duration_weeks"":2,""recovery_weeks"":3}]"
A,42,869,Supplier-cluster shock,False,,False,Non-failure,Unclassified,Unclassified,1,1.0,0.0,False,False,False,False,True,"[{""target"":""S1C"",""magnitude"":0.19457808828149456,""start_week"":43,""duration_weeks"":7,""recovery_weeks"":1}]"
A,42,870,Supplier-cluster shock,False,,False,Non-failure,Unclassified,Unclassified,3,0.8870639778220235,118.54098768131462,False,True,False,True,False,"[{""target"":""S1B"",""magnitude"":0.2833091885594926,""start_week"":8,""duration_weeks"":2,""recovery_weeks"":1},{""target"":""corridor"",""magnitude"":0.23334753626716964,""start_week"":19,""duration_weeks"":3,""recovery_weeks"":4},{""target"":""demand"",""magnitude"":0.1662550707446381,""start_week"":40,""duration_weeks"":5,""recovery_weeks"":1}]"
A,42,871,Supplier-cluster shock,True,False,True,Adaptation-limited,Concentrated dependency,Concentrated dependency,1,0.688770828597293,1400.5312713121816,False,True,False,False,False,"[{""target"":""corridor"",""magnitude"":0.4834218785520302,""start_week"":36,""duration_weeks"":4,""recovery_weeks"":2}]"
A,42,872,Supplier-cluster shock,False,,False,Non-failure,Unclassified,Unclassified,2,0.858109716300294,148.8169320355844,False,True,False,False,False,"[{""target"":""demand"",""magnitude"":0.16535214670620485,""start_week"":11,""duration_weeks"":4,""recovery_weeks"":4},{""target"":""corridor"",""magnitude"":0.3263445365979475,""start_week"":42,""duration_weeks"":1,""recovery_weeks"":3}]"
A,42,873,Supplier-cluster shock,False,,False,Non-failure,Unclassified,Unclassified,2,0.952391955437426,128.54172031894973,False,True,False,False,False,"[{""target"":""corridor"",""magnitude"":0.2857060334219306,""start_week"":30,""duration_weeks"":2,""recovery_weeks"":2},{""target"":""corridor"",""magnitude"":0.21023292224988938,""start_week"":51,""duration_weeks"":2,""recovery_weeks"":2}]"
A,42,874,Supplier-cluster shock,False,,False,Non-failure,Unclassified,Unclassified,1,0.9033194813726338,96.32524102370758,False,False,False,False,False,"[{""target"":""demand"",""magnitude"":0.10702804558189721,""start_week"":23,""duration_weeks"":5,""recovery_weeks"":2}]"
A,42,875,Supplier-cluster shock,True,True,True,Structural,Concentrated dependency,Concentrated dependency,2,0.5572855299873081,2426.36834651397,False,True,False,False,False,"[{""target"":""corridor"",""magnitude"":0.32831057331704866,""start_week"":43,""duration_weeks"":7,""recovery_weeks"":1},{""target"":""corridor"",""magnitude"":0.3777419579841516,""start_week"":44,""duration_weeks"":4,""recovery_weeks"":2}]"
A,42,876,Supplier-cluster shock,False,,False,Non-failure,Unclassified,Unclassified,1,1.0,0.0,False,False,False,False,True,"[{""target"":""S1C"",""magnitude"":0.19954279538649528,""start_week"":44,""duration_weeks"":1,""recovery_weeks"":2}]"
A,42,877,Supplier-cluster shock,True,True,False,Structural,Concentrated dependency; Hidden convergent dependency; Propagation-amplified cascade,Hidden convergent dependency,3,0.8526675099823615,1036.0012436154545,True,True,True,False,False,"[{""target"":""T2P"",""magnitude"":0.21982899992183322,""start_week"":6,""duration_weeks"":12,""recovery_weeks"":3},{""target"":""S1A"",""magnitude"":0.3817831026699644,""start_week"":14,""duration_weeks"":1,""recovery_weeks"":4},{""target"":""corridor"",""magnitude"":0.2631964908404448,""start_week"":19,""duration_weeks"":5,""recovery_weeks"":3}]"
A,42,878,Supplier-cluster shock,True,True,True,Structural,Hidden convergent dependency; Compounding moderate disturbance; Propagation-amplified cascade,Hidden convergent dependency,5,0.4749790646737824,3540.1092231915136,True,False,False,False,True,"[{""target"":""S1C"",""magnitude"":0.36921114145897355,""start_week"":11,""duration_weeks"":1,""recovery_weeks"":2},{""target"":""T2P"",""magnitude"":0.17278041820162862,""start_week"":16,""duration_weeks"":9,""recovery_weeks"":2},{""target"":""T2P"",""magnitude"":0.23614387096664424,""start_week"":20,""duration_weeks"":5,""recovery_weeks"":4},{""target"":""T2P"",""magnitude"":0.32347382646820344,""start_week"":22,""duration_weeks"":2,""recovery_weeks"":4},{""target"":""T2P"",""magnitude"":0.37018270424299726,""start_week"":29,""duration_weeks"":3,""recovery_weeks"":3}]"
A,42,879,Supplier-cluster shock,True,True,True,Structural,Concentrated dependency; Hidden convergent dependency,Hidden convergent dependency,3,0.7489482407993197,944.5993746045914,True,False,False,False,False,"[{""target"":""demand"",""magnitude"":0.14389958168239542,""start_week"":15,""duration_weeks"":4,""recovery_weeks"":4},{""target"":""T2P"",""magnitude"":0.28643506770507643,""start_week"":19,""duration_weeks"":1,""recovery_weeks"":1},{""target"":""T2P"",""magnitude"":0.3259465832806122,""start_week"":33,""duration_weeks"":6,""recovery_weeks"":2}]"
A,42,880,Supplier-cluster shock,False,,False,Non-failure,Unclassified,Unclassified,3,0.9671647667027261,59.103419935092916,False,False,True,False,True,"[{""target"":""S1C"",""magnitude"":0.23016772353449885,""start_week"":7,""duration_weeks"":2,""recovery_weeks"":4},{""target"":""S1A"",""magnitude"":0.32387927491886614,""start_week"":37,""duration_weeks"":1,""recovery_weeks"":4},{""target"":""S1C"",""magnitude"":0.1535315929550638,""start_week"":38,""duration_weeks"":11,""recovery_weeks"":2}]"
A,42,881,Supplier-cluster shock,True,True,True,Structural,Concentrated dependency,Concentrated dependency,3,0.8212775653106963,1286.8015297629863,False,True,False,True,False,"[{""target"":""corridor"",""magnitude"":0.3840418260169778,""start_week"":7,""duration_weeks"":7,""recovery_weeks"":1},{""target"":""S1B"",""magnitude"":0.5101998161755946,""start_week"":11,""duration_weeks"":5,""recovery_weeks"":1},{""target"":""demand"",""magnitude"":0.056939791716475,""start_week"":25,""duration_weeks"":1,""recovery_weeks"":4}]"
A,42,882,Supplier-cluster shock,False,,False,Non-failure,Unclassified,Unclassified,2,0.9057170561790582,169.70929887769535,True,False,True,False,False,"[{""target"":""T2P"",""magnitude"":0.310557222668298,""start_week"":6,""duration_weeks"":1,""recovery_weeks"":2},{""target"":""S1A"",""magnitude"":0.46213662359711916,""start_week"":15,""duration_weeks"":1,""recovery_weeks"":3}]"
A,42,883,Supplier-cluster shock,False,,False,Non-failure,Unclassified,Unclassified,2,0.6600234634857264,317.936648588539,True,False,False,True,False,"[{""target"":""T2P"",""magnitude"":0.4059788828628462,""start_week"":8,""duration_weeks"":2,""recovery_weeks"":1},{""target"":""S1B"",""magnitude"":0.31625677913105293,""start_week"":37,""duration_weeks"":5,""recovery_weeks"":4}]"
A,42,884,Supplier-cluster shock,True,True,True,Structural,Concentrated dependency; Propagation-amplified cascade,Propagation-amplified cascade,3,0.6977969425913575,745.8268550067115,True,False,False,True,False,"[{""target"":""T2P"",""magnitude"":0.30035806662207976,""start_week"":21,""duration_weeks"":1,""recovery_weeks"":3},{""target"":""T2P"",""magnitude"":0.45160719299998664,""start_week"":40,""duration_weeks"":1,""recovery_weeks"":4},{""target"":""S1B"",""magnitude"":0.5321145545861293,""start_week"":44,""duration_weeks"":3,""recovery_weeks"":4}]"
A,42,885,Supplier-cluster shock,False,,False,Non-failure,Unclassified,Unclassified,1,1.0,0.0,False,True,False,False,False,"[{""target"":""corridor"",""magnitude"":0.21186274756254053,""start_week"":3,""duration_weeks"":4,""recovery_weeks"":4}]"
A,42,886,Supplier-cluster shock,True,True,True,Structural,Concentrated dependency,Concentrated dependency,4,0.6128766151655785,2171.363920282376,True,True,False,False,False,"[{""target"":""corridor"",""magnitude"":0.5261671408294619,""start_week"":19,""duration_weeks"":1,""recovery_weeks"":2},{""target"":""corridor"",""magnitude"":0.5403425386258162,""start_week"":31,""duration_weeks"":1,""recovery_weeks"":3},{""target"":""T2P"",""magnitude"":0.42923317195968924,""start_week"":36,""duration_weeks"":5,""recovery_weeks"":3},{""target"":""T2P"",""magnitude"":0.3327717873195089,""start_week"":48,""duration_weeks"":5,""recovery_weeks"":2}]"
A,42,887,Supplier-cluster shock,True,True,True,Structural,Concentrated dependency; Hidden convergent dependency; Propagation-amplified cascade,Hidden convergent dependency,2,0.7867038721932603,964.6117838602148,True,False,False,False,False,"[{""target"":""T2P"",""magnitude"":0.36398883834202206,""start_week"":35,""duration_weeks"":2,""recovery_weeks"":2},{""target"":""T2P"",""magnitude"":0.2651084749438564,""start_week"":42,""duration_weeks"":11,""recovery_weeks"":4}]"
A,42,888,Supplier-cluster shock,True,True,False,Structural,Hidden convergent dependency; Compounding moderate disturbance; Propagation-amplified cascade; Recovery lag and temporal overlap,Hidden convergent dependency,4,0.6890994350253896,743.0311401546212,True,True,False,False,False,"[{""target"":""T2P"",""magnitude"":0.28446401990607917,""start_week"":16,""duration_weeks"":2,""recovery_weeks"":3},{""target"":""T2P"",""magnitude"":0.2346715749110151,""start_week"":18,""duration_weeks"":3,""recovery_weeks"":1},{""target"":""corridor"",""magnitude"":0.27641891500249977,""start_week"":33,""duration_weeks"":1,""recovery_weeks"":3},{""target"":""corridor"",""magnitude"":0.29738373247861005,""start_week"":36,""duration_weeks"":1,""recovery_weeks"":1}]"
A,42,889,Supplier-cluster shock,False,,False,Non-failure,Unclassified,Unclassified,0,1.0,0.0,False,False,False,False,False,[]
A,42,890,Supplier-cluster shock,False,,False,Non-failure,Unclassified,Unclassified,2,0.8765377759504417,126.76692858344632,False,True,False,False,False,"[{""target"":""demand"",""magnitude"":0.1408521428704958,""start_week"":44,""duration_weeks"":12,""recovery_weeks"":4},{""target"":""corridor"",""magnitude"":0.48611629176008675,""start_week"":51,""duration_weeks"":4,""recovery_weeks"":1}]"
A,42,891,Supplier-cluster shock,True,False,True,Adaptation-limited,Compounding moderate disturbance,Compounding moderate disturbance,5,0.7541220139373892,2045.2450991729806,True,True,False,False,False,"[{""target"":""corridor"",""magnitude"":0.27886412090078855,""start_week"":4,""duration_weeks"":3,""recovery_weeks"":3},{""target"":""corridor"",""magnitude"":0.30672559897079726,""start_week"":25,""duration_weeks"":9,""recovery_weeks"":1},{""target"":""demand"",""magnitude"":0.14096183157981046,""start_week"":26,""duration_weeks"":6,""recovery_weeks"":3},{""target"":""demand"",""magnitude"":0.07431382842761561,""start_week"":28,""duration_weeks"":4,""recovery_weeks"":4},{""target"":""T2P"",""magnitude"":0.20264815643287887,""start_week"":49,""duration_weeks"":2,""recovery_weeks"":1}]"
A,42,892,Supplier-cluster shock,False,,False,Non-failure,Unclassified,Unclassified,5,0.9398808650024536,101.70171285645938,True,True,True,True,False,"[{""target"":""S1B"",""magnitude"":0.358966120917635,""start_week"":2,""duration_weeks"":3,""recovery_weeks"":3},{""target"":""S1A"",""magnitude"":0.3852680537444795,""start_week"":14,""duration_weeks"":2,""recovery_weeks"":4},{""target"":""T2P"",""magnitude"":0.4569989093381007,""start_week"":47,""duration_weeks"":1,""recovery_weeks"":1},{""target"":""corridor"",""magnitude"":0.2066777254359743,""start_week"":48,""duration_weeks"":1,""recovery_weeks"":2},{""target"":""demand"",""magnitude"":0.1167169883464204,""start_week"":49,""duration_weeks"":1,""recovery_weeks"":2}]"
A,42,893,Supplier-cluster shock,False,,False,Non-failure,Unclassified,Unclassified,0,1.0,0.0,False,False,False,False,False,[]
A,42,894,Supplier-cluster shock,True,True,False,Structural,Concentrated dependency; Propagation-amplified cascade,Propagation-amplified cascade,5,0.8440589016493381,310.95421841788834,True,True,True,True,False,"[{""target"":""T2P"",""magnitude"":0.1913429635503036,""start_week"":6,""duration_weeks"":3,""recovery_weeks"":3},{""target"":""corridor"",""magnitude"":0.36695582376299635,""start_week"":7,""duration_weeks"":1,""recovery_weeks"":4},{""target"":""corridor"",""magnitude"":0.3500306164463261,""start_week"":19,""duration_weeks"":1,""recovery_weeks"":3},{""target"":""S1A"",""magnitude"":0.25288510440393736,""start_week"":30,""duration_weeks"":3,""recovery_weeks"":1},{""target"":""S1B"",""magnitude"":0.37323028478157017,""start_week"":32,""duration_weeks"":1,""recovery_weeks"":3}]"
A,42,895,Supplier-cluster shock,False,,False,Non-failure,Unclassified,Unclassified,2,0.8861521252508342,119.19524050463997,False,False,False,False,True,"[{""target"":""S1C"",""magnitude"":0.3104759807299382,""start_week"":5,""duration_weeks"":6,""recovery_weeks"":2},{""target"":""demand"",""magnitude"":0.16329932735294297,""start_week"":19,""duration_weeks"":1,""recovery_weeks"":4}]"
A,42,896,Supplier-cluster shock,False,,False,Non-failure,Unclassified,Unclassified,3,1.0,0.0,False,True,True,False,True,"[{""target"":""corridor"",""magnitude"":0.18266870093294216,""start_week"":28,""duration_weeks"":1,""recovery_weeks"":4},{""target"":""S1C"",""magnitude"":0.1809400545445251,""start_week"":42,""duration_weeks"":5,""recovery_weeks"":1},{""target"":""S1A"",""magnitude"":0.2402773470004178,""start_week"":45,""duration_weeks"":2,""recovery_weeks"":2}]"
A,42,897,Supplier-cluster shock,True,True,True,Structural,Concentrated dependency; Hidden convergent dependency,Hidden convergent dependency,4,0.3682534462288009,3317.0466811598953,True,False,False,True,False,"[{""target"":""T2P"",""magnitude"":0.4454790100238918,""start_week"":12,""duration_weeks"":6,""recovery_weeks"":4},{""target"":""demand"",""magnitude"":0.11906598623498107,""start_week"":13,""duration_weeks"":1,""recovery_weeks"":3},{""target"":""T2P"",""magnitude"":0.6685718983940792,""start_week"":38,""duration_weeks"":2,""recovery_weeks"":4},{""target"":""S1B"",""magnitude"":0.417019491957509,""start_week"":47,""duration_weeks"":3,""recovery_weeks"":2}]"
A,42,898,Supplier-cluster shock,True,True,True,Structural,Concentrated dependency,Concentrated dependency,4,0.44510518233649377,5101.64157820689,True,True,False,False,False,"[{""target"":""corridor"",""magnitude"":0.40919918106461195,""start_week"":13,""duration_weeks"":1,""recovery_weeks"":4},{""target"":""T2P"",""magnitude"":0.5994053358971556,""start_week"":27,""duration_weeks"":7,""recovery_weeks"":3},{""target"":""T2P"",""magnitude"":0.31743277941376213,""start_week"":35,""duration_weeks"":5,""recovery_weeks"":4},{""target"":""T2P"",""magnitude"":0.3306183260319796,""start_week"":50,""duration_weeks"":3,""recovery_weeks"":3}]"
A,42,899,Supplier-cluster shock,True,True,True,Structural,Concentrated dependency; Hidden convergent dependency; Propagation-amplified cascade,Hidden convergent dependency,4,0.5649037863938896,1849.747220287574,True,True,False,False,False,"[{""target"":""T2P"",""magnitude"":0.3710558233018534,""start_week"":9,""duration_weeks"":1,""recovery_weeks"":1},{""target"":""corridor"",""magnitude"":0.28938505859459795,""start_week"":16,""duration_weeks"":1,""recovery_weeks"":3},{""target"":""corridor"",""magnitude"":0.3083707374730028,""start_week"":24,""duration_weeks"":1,""recovery_weeks"":1},{""target"":""T2P"",""magnitude"":0.4915865922454993,""start_week"":32,""duration_weeks"":5,""recovery_weeks"":2}]"
A,42,900,Supplier-cluster shock,False,,False,Non-failure,Unclassified,Unclassified,3,0.8749575024445629,158.0541301371718,False,False,True,True,True,"[{""target"":""S1B"",""magnitude"":0.3218096772813731,""start_week"":8,""duration_weeks"":2,""recovery_weeks"":4},{""target"":""S1C"",""magnitude"":0.5313456194997334,""start_week"":33,""duration_weeks"":1,""recovery_weeks"":1},{""target"":""S1A"",""magnitude"":0.333477928632049,""start_week"":50,""duration_weeks"":3,""recovery_weeks"":4}]"
A,42,901,Supplier-cluster shock,False,,False,Non-failure,Unclassified,Unclassified,4,0.9062901515706223,93.05945059678584,True,True,False,False,False,"[{""target"":""demand"",""magnitude"":0.10339938955198427,""start_week"":27,""duration_weeks"":3,""recovery_weeks"":2},{""target"":""corridor"",""magnitude"":0.18802416082066614,""start_week"":35,""duration_weeks"":1,""recovery_weeks"":4},{""target"":""T2P"",""magnitude"":0.442456495294836,""start_week"":48,""duration_weeks"":9,""recovery_weeks"":1},{""target"":""T2P"",""magnitude"":0.4591394303747929,""start_week"":49,""duration_weeks"":3,""recovery_weeks"":2}]"
A,42,902,Supplier-cluster shock,False,,False,Non-failure,Unclassified,Unclassified,4,0.8027103641546584,255.8861476196612,False,True,False,False,True,"[{""target"":""corridor"",""magnitude"":0.24154380822575283,""start_week"":14,""duration_weeks"":3,""recovery_weeks"":2},{""target"":""corridor"",""magnitude"":0.31527122946571146,""start_week"":18,""duration_weeks"":1,""recovery_weeks"":2},{""target"":""corridor"",""magnitude"":0.26947887569822526,""start_week"":26,""duration_weeks"":1,""recovery_weeks"":2},{""target"":""S1C"",""magnitude"":0.3747225470690102,""start_week"":50,""duration_weeks"":8,""recovery_weeks"":4}]"
A,42,903,Supplier-cluster shock,False,,False,Non-failure,Unclassified,Unclassified,1,1.0,0.0,True,False,False,False,False,"[{""target"":""T2P"",""magnitude"":0.21147450159910722,""start_week"":43,""duration_weeks"":3,""recovery_weeks"":3}]"
A,42,904,Supplier-cluster shock,False,,False,Non-failure,Unclassified,Unclassified,1,0.889297215713002,112.03510378520298,False,False,False,False,False,"[{""target"":""demand"",""magnitude"":0.12448344865022562,""start_week"":2,""duration_weeks"":1,""recovery_weeks"":3}]"
A,42,905,Supplier-cluster shock,False,,False,Non-failure,Unclassified,Unclassified,3,0.7720868675048312,205.12181924565186,True,False,False,False,False,"[{""target"":""demand"",""magnitude"":0.09331640639685466,""start_week"":18,""duration_weeks"":1,""recovery_weeks"":4},{""target"":""demand"",""magnitude"":0.13432241014854587,""start_week"":20,""duration_weeks"":1,""recovery_weeks"":4},{""target"":""T2P"",""magnitude"":0.3366238625665495,""start_week"":39,""duration_weeks"":3,""recovery_weeks"":1}]"
A,42,906,Supplier-cluster shock,True,False,False,Adaptation-limited,Concentrated dependency,Concentrated dependency,3,0.6444935927968242,436.9879812455465,False,True,False,False,False,"[{""target"":""demand"",""magnitude"":0.22059802682212765,""start_week"":21,""duration_weeks"":1,""recovery_weeks"":1},{""target"":""corridor"",""magnitude"":0.516629805402382,""start_week"":30,""duration_weeks"":1,""recovery_weeks"":1},{""target"":""corridor"",""magnitude"":0.3524601301157117,""start_week"":43,""duration_weeks"":2,""recovery_weeks"":2}]"
A,42,907,Supplier-cluster shock,False,,False,Non-failure,Unclassified,Unclassified,0,1.0,0.0,False,False,False,False,False,[]
A,42,908,Supplier-cluster shock,False,,False,Non-failure,Unclassified,Unclassified,6,0.8905032621887469,157.0388111772627,True,False,True,True,True,"[{""target"":""S1B"",""magnitude"":0.3156358356147575,""start_week"":2,""duration_weeks"":2,""recovery_weeks"":3},{""target"":""demand"",""magnitude"":0.12138629934143476,""start_week"":9,""duration_weeks"":1,""recovery_weeks"":3},{""target"":""T2P"",""magnitude"":0.39709412806025535,""start_week"":13,""duration_weeks"":1,""recovery_weeks"":4},{""target"":""S1C"",""magnitude"":0.28731331621953377,""start_week"":15,""duration_weeks"":4,""recovery_weeks"":2},{""target"":""S1B"",""magnitude"":0.33157009263882053,""start_week"":26,""duration_weeks"":5,""recovery_weeks"":4},{""target"":""S1A"",""magnitude"":0.6535892267857207,""start_week"":51,""duration_weeks"":3,""recovery_weeks"":4}]"
A,42,909,Supplier-cluster shock,False,,False,Non-failure,Unclassified,Unclassified,1,1.0,0.0,False,True,False,False,False,"[{""target"":""corridor"",""magnitude"":0.22554324201221276,""start_week"":42,""duration_weeks"":2,""recovery_weeks"":2}]"
A,42,910,Supplier-cluster shock,False,,False,Non-failure,Unclassified,Unclassified,1,0.8284582761950617,186.35525271533857,False,False,False,False,False,"[{""target"":""demand"",""magnitude"":0.2070613919059317,""start_week"":45,""duration_weeks"":1,""recovery_weeks"":4}]"
A,42,911,Supplier-cluster shock,True,True,True,Structural,Concentrated dependency; Hidden convergent dependency,Hidden convergent dependency,5,0.5772230440979528,2844.622096834977,True,False,True,True,False,"[{""target"":""demand"",""magnitude"":0.18868305206475183,""start_week"":6,""duration_weeks"":1,""recovery_weeks"":1},{""target"":""T2P"",""magnitude"":0.4804992603118423,""start_week"":13,""duration_weeks"":8,""recovery_weeks"":3},{""target"":""S1B"",""magnitude"":0.26357016927938137,""start_week"":22,""duration_weeks"":3,""recovery_weeks"":1},{""target"":""S1A"",""magnitude"":0.26368130016580016,""start_week"":35,""duration_weeks"":3,""recovery_weeks"":1},{""target"":""S1B"",""magnitude"":0.406914677397787,""start_week"":46,""duration_weeks"":4,""recovery_weeks"":4}]"
A,42,912,Supplier-cluster shock,True,True,False,Structural,Concentrated dependency,Concentrated dependency,6,0.8619634569707513,372.6986661789715,False,True,True,True,True,"[{""target"":""corridor"",""magnitude"":0.35352740727193643,""start_week"":1,""duration_weeks"":2,""recovery_weeks"":1},{""target"":""S1B"",""magnitude"":0.6524059441259145,""start_week"":3,""duration_weeks"":1,""recovery_weeks"":4},{""target"":""S1C"",""magnitude"":0.3527546124229717,""start_week"":10,""duration_weeks"":2,""recovery_weeks"":3},{""target"":""S1B"",""magnitude"":0.33126242136076567,""start_week"":20,""duration_weeks"":6,""recovery_weeks"":1},{""target"":""S1A"",""magnitude"":0.23321001644713651,""start_week"":28,""duration_weeks"":1,""recovery_weeks"":3},{""target"":""S1C"",""magnitude"":0.4632031429291943,""start_week"":29,""duration_weeks"":4,""recovery_weeks"":2}]"
A,42,913,Supplier-cluster shock,False,,False,Non-failure,Unclassified,Unclassified,2,0.9631765448318599,66.28221930265227,True,False,False,True,False,"[{""target"":""T2P"",""magnitude"":0.22868506842253677,""start_week"":16,""duration_weeks"":3,""recovery_weeks"":3},{""target"":""S1B"",""magnitude"":0.3328527741283151,""start_week"":47,""duration_weeks"":1,""recovery_weeks"":4}]"
A,42,914,Supplier-cluster shock,False,,False,Non-failure,Unclassified,Unclassified,1,0.8017256741382192,222.5784941556435,False,False,False,False,False,"[{""target"":""demand"",""magnitude"":0.2473094379507148,""start_week"":29,""duration_weeks"":1,""recovery_weeks"":3}]"
A,42,915,Supplier-cluster shock,False,,False,Non-failure,Unclassified,Unclassified,1,0.9167188552661251,174.8904039411375,False,False,False,False,True,"[{""target"":""S1C"",""magnitude"":0.43738257565121874,""start_week"":27,""duration_weeks"":2,""recovery_weeks"":2}]"
A,42,916,Supplier-cluster shock,False,,False,Non-failure,Unclassified,Unclassified,0,1.0,0.0,False,False,False,False,False,[]
A,42,917,Supplier-cluster shock,False,,False,Non-failure,Unclassified,Unclassified,2,0.8104500699207383,537.0147215207727,True,True,False,False,False,"[{""target"":""T2P"",""magnitude"":0.4058924056070031,""start_week"":23,""duration_weeks"":1,""recovery_weeks"":3},{""target"":""corridor"",""magnitude"":0.32213020898607825,""start_week"":32,""duration_weeks"":5,""recovery_weeks"":2}]"
A,42,918,Supplier-cluster shock,False,,False,Non-failure,Unclassified,Unclassified,2,0.9075479116147753,193.11442233252217,False,False,False,True,True,"[{""target"":""S1B"",""magnitude"":0.4033169587600909,""start_week"":2,""duration_weeks"":7,""recovery_weeks"":2},{""target"":""S1C"",""magnitude"":0.4580171988667555,""start_week"":13,""duration_weeks"":11,""recovery_weeks"":2}]"
A,42,919,Supplier-cluster shock,False,,False,Non-failure,Unclassified,Unclassified,1,1.0,0.0,True,False,False,False,False,"[{""target"":""T2P"",""magnitude"":0.41953676865787537,""start_week"":49,""duration_weeks"":3,""recovery_weeks"":2}]"
A,42,920,Supplier-cluster shock,False,,False,Non-failure,Unclassified,Unclassified,2,0.9201380371645023,100.54559168729588,False,False,False,False,False,"[{""target"":""demand"",""magnitude"":0.08679345881798395,""start_week"":26,""duration_weeks"":2,""recovery_weeks"":1},{""target"":""demand"",""magnitude"":0.10279535931187962,""start_week"":28,""duration_weeks"":1,""recovery_weeks"":2}]"
A,42,921,Supplier-cluster shock,False,,False,Non-failure,Unclassified,Unclassified,2,0.8698234129474525,216.3132875482238,False,False,False,False,False,"[{""target"":""demand"",""magnitude"":0.1496586377359469,""start_week"":7,""duration_weeks"":11,""recovery_weeks"":1},{""target"":""demand"",""magnitude"":0.1552777642348238,""start_week"":35,""duration_weeks"":2,""recovery_weeks"":4}]"
A,42,922,Supplier-cluster shock,False,,False,Non-failure,Unclassified,Unclassified,1,1.0,0.0,False,False,False,False,True,"[{""target"":""S1C"",""magnitude"":0.18128558954850646,""start_week"":15,""duration_weeks"":4,""recovery_weeks"":1}]"
A,42,923,Supplier-cluster shock,True,True,True,Structural,Concentrated dependency,Concentrated dependency,3,0.7350032970620599,824.5546842974913,False,True,False,True,False,"[{""target"":""corridor"",""magnitude"":0.36441004932320226,""start_week"":1,""duration_weeks"":3,""recovery_weeks"":1},{""target"":""demand"",""magnitude"":0.15299247085895573,""start_week"":4,""duration_weeks"":6,""recovery_weeks"":2},{""target"":""S1B"",""magnitude"":0.20473455210788735,""start_week"":16,""duration_weeks"":2,""recovery_weeks"":3}]"
A,42,924,Supplier-cluster shock,True,True,False,Structural,Concentrated dependency,Concentrated dependency,3,0.8754649676462501,368.6063979560813,False,True,False,True,False,"[{""target"":""demand"",""magnitude"":0.14225016072153177,""start_week"":6,""duration_weeks"":19,""recovery_weeks"":2},{""target"":""S1B"",""magnitude"":0.24764418212556086,""start_week"":20,""duration_weeks"":1,""recovery_weeks"":3},{""target"":""corridor"",""magnitude"":0.34197785509210304,""start_week"":32,""duration_weeks"":3,""recovery_weeks"":4}]"
A,42,925,Supplier-cluster shock,True,True,True,Structural,Concentrated dependency; Hidden convergent dependency; Propagation-amplified cascade,Hidden convergent dependency,3,0.5295870670998657,2848.658936686027,True,False,False,True,True,"[{""target"":""T2P"",""magnitude"":0.5233716396101208,""start_week"":7,""duration_weeks"":6,""recovery_weeks"":4},{""target"":""S1C"",""magnitude"":0.27744024242625714,""start_week"":9,""duration_weeks"":4,""recovery_weeks"":4},{""target"":""S1B"",""magnitude"":0.3113662375780827,""start_week"":11,""duration_weeks"":2,""recovery_weeks"":4}]"
A,42,926,Supplier-cluster shock,True,True,True,Structural,Concentrated dependency; Recovery lag and temporal overlap,Recovery lag and temporal overlap,6,0.6467447521145325,2425.8784246180658,False,True,True,True,False,"[{""target"":""corridor"",""magnitude"":0.2684405221776699,""start_week"":13,""duration_weeks"":1,""recovery_weeks"":3},{""target"":""corridor"",""magnitude"":0.46727292446957736,""start_week"":16,""duration_weeks"":8,""recovery_weeks"":1},{""target"":""demand"",""magnitude"":0.10339156295503893,""start_week"":28,""duration_weeks"":1,""recovery_weeks"":1},{""target"":""S1A"",""magnitude"":0.5103070486967471,""start_week"":35,""duration_weeks"":4,""recovery_weeks"":4},{""target"":""S1B"",""magnitude"":0.2848104037486269,""start_week"":44,""duration_weeks"":1,""recovery_weeks"":4},{""target"":""demand"",""magnitude"":0.08438610590960935,""start_week"":47,""duration_weeks"":1,""recovery_weeks"":2}]"
A,42,927,Supplier-cluster shock,True,True,True,Structural,Concentrated dependency; Hidden convergent dependency; Propagation-amplified cascade,Hidden convergent dependency,3,0.7191241642514529,1675.0942695632311,True,False,False,True,True,"[{""target"":""T2P"",""magnitude"":0.3527882521736923,""start_week"":30,""duration_weeks"":8,""recovery_weeks"":1},{""target"":""S1C"",""magnitude"":0.4380025734759877,""start_week"":38,""duration_weeks"":1,""recovery_weeks"":1},{""target"":""S1B"",""magnitude"":0.24363837602829086,""start_week"":51,""duration_weeks"":2,""recovery_weeks"":3}]"
A,42,928,Supplier-cluster shock,False,,False,Non-failure,Unclassified,Unclassified,4,0.8630184387526948,231.43783927045558,False,True,True,True,False,"[{""target"":""S1B"",""magnitude"":0.3045144728422847,""start_week"":7,""duration_weeks"":1,""recovery_weeks"":3},{""target"":""S1A"",""magnitude"":0.3701185915017381,""start_week"":23,""duration_weeks"":4,""recovery_weeks"":3},{""target"":""demand"",""magnitude"":0.1006714777592686,""start_week"":26,""duration_weeks"":1,""recovery_weeks"":1},{""target"":""corridor"",""magnitude"":0.16169339534183547,""start_week"":45,""duration_weeks"":1,""recovery_weeks"":4}]"
A,42,929,Supplier-cluster shock,False,,False,Non-failure,Unclassified,Unclassified,1,0.9673320534349676,68.60268778656791,False,False,True,False,False,"[{""target"":""S1A"",""magnitude"":0.32350287977132264,""start_week"":19,""duration_weeks"":3,""recovery_weeks"":2}]"
A,42,930,Supplier-cluster shock,True,True,True,Structural,Concentrated dependency; Hidden convergent dependency,Hidden convergent dependency,5,0.8134123988885407,875.4425792756573,True,False,True,True,False,"[{""target"":""S1A"",""magnitude"":0.2495327774170652,""start_week"":12,""duration_weeks"":2,""recovery_weeks"":3},{""target"":""S1B"",""magnitude"":0.3067844613892861,""start_week"":13,""duration_weeks"":3,""recovery_weeks"":4},{""target"":""T2P"",""magnitude"":0.2679288410003132,""start_week"":30,""duration_weeks"":5,""recovery_weeks"":3},{""target"":""demand"",""magnitude"":0.16099180557469056,""start_week"":34,""duration_weeks"":2,""recovery_weeks"":1},{""target"":""S1A"",""magnitude"":0.2885230072193993,""start_week"":44,""duration_weeks"":8,""recovery_weeks"":2}]"
A,42,931,Supplier-cluster shock,False,,False,Non-failure,Unclassified,Unclassified,4,0.9030360892016038,96.63790933949485,True,True,False,False,False,"[{""target"":""demand"",""magnitude"":0.10737545482166101,""start_week"":8,""duration_weeks"":5,""recovery_weeks"":2},{""target"":""corridor"",""magnitude"":0.17702416743211735,""start_week"":16,""duration_weeks"":1,""recovery_weeks"":3},{""target"":""corridor"",""magnitude"":0.3305911029441444,""start_week"":25,""duration_weeks"":1,""recovery_weeks"":2},{""target"":""T2P"",""magnitude"":0.20174023796924256,""start_week"":51,""duration_weeks"":8,""recovery_weeks"":2}]"
A,42,932,Supplier-cluster shock,False,,False,Non-failure,Unclassified,Unclassified,1,1.0,0.0,True,False,False,False,False,"[{""target"":""T2P"",""magnitude"":0.20533813085899702,""start_week"":10,""duration_weeks"":3,""recovery_weeks"":3}]"
A,42,933,Supplier-cluster shock,True,True,False,Structural,Compounding moderate disturbance,Compounding moderate disturbance,3,0.894417734897541,649.2093211880958,False,True,False,False,True,"[{""target"":""S1C"",""magnitude"":0.3506480891268761,""start_week"":9,""duration_weeks"":1,""recovery_weeks"":2},{""target"":""corridor"",""magnitude"":0.19455606066508546,""start_week"":40,""duration_weeks"":12,""recovery_weeks"":1},{""target"":""demand"",""magnitude"":0.2006976276801744,""start_week"":42,""duration_weeks"":4,""recovery_weeks"":4}]"
A,42,934,Supplier-cluster shock,True,True,False,Structural,Concentrated dependency; Hidden convergent dependency; Propagation-amplified cascade,Hidden convergent dependency,1,0.7169842669140669,418.85663910935887,True,False,False,False,False,"[{""target"":""T2P"",""magnitude"":0.35471415977733983,""start_week"":44,""duration_weeks"":3,""recovery_weeks"":4}]"
A,42,935,Supplier-cluster shock,False,,False,Non-failure,Unclassified,Unclassified,1,0.903558671428978,96.06149380056308,False,False,False,False,False,"[{""target"":""demand"",""magnitude"":0.10673499311173669,""start_week"":36,""duration_weeks"":2,""recovery_weeks"":4}]"
A,42,936,Supplier-cluster shock,True,True,True,Structural,Concentrated dependency,Concentrated dependency,4,0.5522950727209044,2293.3402159449133,True,True,True,False,True,"[{""target"":""S1C"",""magnitude"":0.19565665842657587,""start_week"":4,""duration_weeks"":1,""recovery_weeks"":2},{""target"":""corridor"",""magnitude"":0.5857786954593217,""start_week"":23,""duration_weeks"":4,""recovery_weeks"":4},{""target"":""S1A"",""magnitude"":0.32813363868169887,""start_week"":41,""duration_weeks"":2,""recovery_weeks"":4},{""target"":""T2P"",""magnitude"":0.2765982730982311,""start_week"":47,""duration_weeks"":2,""recovery_weeks"":1}]"
A,42,937,Supplier-cluster shock,True,True,False,Structural,Concentrated dependency,Concentrated dependency,3,0.5957554446046615,461.1353203194998,True,False,False,False,True,"[{""target"":""S1C"",""magnitude"":0.4830511543542507,""start_week"":17,""duration_weeks"":1,""recovery_weeks"":1},{""target"":""T2P"",""magnitude"":0.3946304409273905,""start_week"":25,""duration_weeks"":1,""recovery_weeks"":4},{""target"":""T2P"",""magnitude"":0.27877518163751225,""start_week"":26,""duration_weeks"":1,""recovery_weeks"":1}]"
A,42,938,Supplier-cluster shock,False,,False,Non-failure,Unclassified,Unclassified,3,0.8576152288307363,149.42166340382119,True,False,False,False,False,"[{""target"":""demand"",""magnitude"":0.16602407044869016,""start_week"":1,""duration_weeks"":2,""recovery_weeks"":3},{""target"":""T2P"",""magnitude"":0.44051815442972464,""start_week"":35,""duration_weeks"":1,""recovery_weeks"":2},{""target"":""T2P"",""magnitude"":0.31938411627220953,""start_week"":46,""duration_weeks"":2,""recovery_weeks"":1}]"
A,42,939,Supplier-cluster shock,False,,False,Non-failure,Unclassified,Unclassified,3,0.8441151945661614,166.20518833636334,True,False,True,False,False,"[{""target"":""T2P"",""magnitude"":0.21306866380899855,""start_week"":25,""duration_weeks"":2,""recovery_weeks"":1},{""target"":""demand"",""magnitude"":0.18467243148484813,""start_week"":49,""duration_weeks"":3,""recovery_weeks"":3},{""target"":""S1A"",""magnitude"":0.24651137291602637,""start_week"":51,""duration_weeks"":4,""recovery_weeks"":1}]"
A,42,940,Supplier-cluster shock,True,True,True,Structural,Concentrated dependency; Recovery lag and temporal overlap,Recovery lag and temporal overlap,5,0.6473444069479656,2944.9122220855284,True,True,False,False,False,"[{""target"":""demand"",""magnitude"":0.21317474118367608,""start_week"":12,""duration_weeks"":2,""recovery_weeks"":2},{""target"":""corridor"",""magnitude"":0.43534288578295055,""start_week"":15,""duration_weeks"":2,""recovery_weeks"":2},{""target"":""T2P"",""magnitude"":0.3841010682769292,""start_week"":27,""duration_weeks"":8,""recovery_weeks"":3},{""target"":""demand"",""magnitude"":0.2285506077692897,""start_week"":28,""duration_weeks"":1,""recovery_weeks"":4},{""target"":""corridor"",""magnitude"":0.39627131034996954,""start_week"":38,""duration_weeks"":2,""recovery_weeks"":3}]"
A,42,941,Supplier-cluster shock,False,,False,Non-failure,Unclassified,Unclassified,1,0.9279759487396535,151.25050764672778,False,False,False,False,True,"[{""target"":""S1C"",""magnitude"":0.4120541153357796,""start_week"":29,""duration_weeks"":2,""recovery_weeks"":1}]"
A,42,942,Supplier-cluster shock,True,True,True,Structural,Concentrated dependency; Hidden convergent dependency; Propagation-amplified cascade,Hidden convergent dependency,2,0.5888038516324892,780.3061341230389,True,True,False,False,False,"[{""target"":""T2P"",""magnitude"":0.4700765335307596,""start_week"":14,""duration_weeks"":2,""recovery_weeks"":3},{""target"":""corridor"",""magnitude"":0.2510249539731163,""start_week"":31,""duration_weeks"":2,""recovery_weeks"":1}]"
A,42,943,Supplier-cluster shock,False,,False,Non-failure,Unclassified,Unclassified,5,0.9622073148360175,68.02683329516844,True,True,True,False,True,"[{""target"":""corridor"",""magnitude"":0.2783445138729867,""start_week"":13,""duration_weeks"":1,""recovery_weeks"":3},{""target"":""T2P"",""magnitude"":0.29080469084934746,""start_week"":25,""duration_weeks"":1,""recovery_weeks"":2},{""target"":""T2P"",""magnitude"":0.21222962233094908,""start_week"":32,""duration_weeks"":3,""recovery_weeks"":2},{""target"":""S1C"",""magnitude"":0.2037290519102323,""start_week"":35,""duration_weeks"":2,""recovery_weeks"":1},{""target"":""S1A"",""magnitude"":0.1790606986829069,""start_week"":47,""duration_weeks"":1,""recovery_weeks"":3}]"
A,42,944,Supplier-cluster shock,True,False,False,Adaptation-limited,Concentrated dependency; Hidden convergent dependency,Hidden convergent dependency,4,0.7012117413840784,584.2989724181384,True,False,True,False,True,"[{""target"":""demand"",""magnitude"":0.19678456001424643,""start_week"":23,""duration_weeks"":2,""recovery_weeks"":2},{""target"":""T2P"",""magnitude"":0.5533641491314945,""start_week"":44,""duration_weeks"":1,""recovery_weeks"":3},{""target"":""S1A"",""magnitude"":0.3440606714440875,""start_week"":46,""duration_weeks"":1,""recovery_weeks"":2},{""target"":""S1C"",""magnitude"":0.35988990782993957,""start_week"":50,""duration_weeks"":6,""recovery_weeks"":3}]"
A,42,945,Supplier-cluster shock,True,True,False,Structural,Compounding moderate disturbance; Recovery lag and temporal overlap,Compounding moderate disturbance,5,0.8321139175629377,772.8936684506966,False,False,False,True,True,"[{""target"":""demand"",""magnitude"":0.11450999180159646,""start_week"":6,""duration_weeks"":2,""recovery_weeks"":4},{""target"":""demand"",""magnitude"":0.0638967540997025,""start_week"":13,""duration_weeks"":1,""recovery_weeks"":1},{""target"":""demand"",""magnitude"":0.18483033626983697,""start_week"":14,""duration_weeks"":13,""recovery_weeks"":2},{""target"":""S1B"",""magnitude"":0.4483605879546262,""start_week"":23,""duration_weeks"":1,""recovery_weeks"":2},{""target"":""S1C"",""magnitude"":0.3092170271254493,""start_week"":38,""duration_weeks"":5,""recovery_weeks"":2}]"
A,42,946,Supplier-cluster shock,False,,False,Non-failure,Unclassified,Unclassified,5,0.9378441601323942,130.5272637219722,False,False,True,True,True,"[{""target"":""S1B"",""magnitude"":0.389850639702113,""start_week"":7,""duration_weeks"":6,""recovery_weeks"":4},{""target"":""S1C"",""magnitude"":0.28489045309811223,""start_week"":16,""duration_weeks"":9,""recovery_weeks"":3},{""target"":""S1A"",""magnitude"":0.3263831683745994,""start_week"":23,""duration_weeks"":18,""recovery_weeks"":3},{""target"":""S1B"",""magnitude"":0.2455666211647506,""start_week"":32,""duration_weeks"":1,""recovery_weeks"":2},{""target"":""S1A"",""magnitude"":0.3444807813373536,""start_week"":47,""duration_weeks"":3,""recovery_weeks"":4}]"
A,42,947,Supplier-cluster shock,False,,False,Non-failure,Unclassified,Unclassified,2,0.9162279032778232,132.86417743367576,False,False,False,True,True,"[{""target"":""S1C"",""magnitude"":0.2795116530480821,""start_week"":10,""duration_weeks"":4,""recovery_weeks"":4},{""target"":""S1B"",""magnitude"":0.43848721762489784,""start_week"":16,""duration_weeks"":1,""recovery_weeks"":2}]"
A,42,948,Supplier-cluster shock,True,True,False,Structural,Compounding moderate disturbance; Recovery lag and temporal overlap,Compounding moderate disturbance,3,0.8671581139758471,271.8965760915539,False,True,False,False,False,"[{""target"":""demand"",""magnitude"":0.1531922309013336,""start_week"":3,""duration_weeks"":1,""recovery_weeks"":3},{""target"":""demand"",""magnitude"":0.1291329163314496,""start_week"":4,""duration_weeks"":2,""recovery_weeks"":1},{""target"":""corridor"",""magnitude"":0.2855396497481865,""start_week"":48,""duration_weeks"":8,""recovery_weeks"":1}]"
A,42,949,Supplier-cluster shock,False,,False,Non-failure,Unclassified,Unclassified,2,0.9737549358755996,55.11463466124087,False,False,True,False,True,"[{""target"":""S1A"",""magnitude"":0.3090513942799009,""start_week"":27,""duration_weeks"":6,""recovery_weeks"":3},{""target"":""S1C"",""magnitude"":0.20907382200240698,""start_week"":46,""duration_weeks"":4,""recovery_weeks"":4}]"
A,42,950,Supplier-cluster shock,False,,False,Non-failure,Unclassified,Unclassified,1,0.9667860166095583,149.46292525698732,False,True,False,False,False,"[{""target"":""corridor"",""magnitude"":0.2749104875428312,""start_week"":20,""duration_weeks"":4,""recovery_weeks"":2}]"
A,42,951,Supplier-cluster shock,False,,False,Non-failure,Unclassified,Unclassified,0,1.0,0.0,False,False,False,False,False,[]
A,42,952,Supplier-cluster shock,True,True,False,Structural,Concentrated dependency,Concentrated dependency,4,0.8641233089113829,244.57804395951075,False,True,False,False,True,"[{""target"":""corridor"",""magnitude"":0.3519075183164627,""start_week"":3,""duration_weeks"":1,""recovery_weeks"":3},{""target"":""corridor"",""magnitude"":0.2557858686333963,""start_week"":9,""duration_weeks"":4,""recovery_weeks"":3},{""target"":""S1C"",""magnitude"":0.28000572225036524,""start_week"":26,""duration_weeks"":1,""recovery_weeks"":3},{""target"":""corridor"",""magnitude"":0.21723446678249017,""start_week"":35,""duration_weeks"":1,""recovery_weeks"":4}]"
A,42,953,Supplier-cluster shock,True,True,True,Structural,Concentrated dependency,Concentrated dependency,2,0.831405783435042,1707.883840174431,False,True,False,False,False,"[{""target"":""corridor"",""magnitude"":0.37644566242371846,""start_week"":19,""duration_weeks"":10,""recovery_weeks"":4},{""target"":""corridor"",""magnitude"":0.22425257388152725,""start_week"":40,""duration_weeks"":3,""recovery_weeks"":1}]"
A,42,954,Supplier-cluster shock,True,True,False,Structural,Concentrated dependency,Concentrated dependency,2,0.8852847578543174,240.9020085059335,False,False,True,True,False,"[{""target"":""S1A"",""magnitude"":0.5081092948277858,""start_week"":15,""duration_weeks"":3,""recovery_weeks"":2},{""target"":""S1B"",""magnitude"":0.2510798891502528,""start_week"":39,""duration_weeks"":2,""recovery_weeks"":1}]"
A,42,955,Supplier-cluster shock,False,,False,Non-failure,Unclassified,Unclassified,4,0.8656217995578679,139.71503543428707,True,True,False,False,True,"[{""target"":""demand"",""magnitude"":0.15523892826031904,""start_week"":2,""duration_weeks"":6,""recovery_weeks"":2},{""target"":""corridor"",""magnitude"":0.26228136797329105,""start_week"":35,""duration_weeks"":2,""recovery_weeks"":3},{""target"":""T2P"",""magnitude"":0.2398894147698088,""start_week"":41,""duration_weeks"":1,""recovery_weeks"":3},{""target"":""S1C"",""magnitude"":0.26078301569121165,""start_week"":49,""duration_weeks"":3,""recovery_weeks"":1}]"
A,42,956,Supplier-cluster shock,True,True,False,Structural,Concentrated dependency,Concentrated dependency,2,0.8107307103834642,2129.9482320929933,False,True,False,False,False,"[{""target"":""corridor"",""magnitude"":0.272413336295803,""start_week"":3,""duration_weeks"":9,""recovery_weeks"":3},{""target"":""demand"",""magnitude"":0.28861421521878106,""start_week"":29,""duration_weeks"":14,""recovery_weeks"":4}]"
A,42,957,Supplier-cluster shock,False,,False,Non-failure,Unclassified,Unclassified,4,0.8757211706701172,127.72438322040807,False,False,True,True,False,"[{""target"":""demand"",""magnitude"":0.14191598135600886,""start_week"":23,""duration_weeks"":1,""recovery_weeks"":1},{""target"":""S1B"",""magnitude"":0.3966922524684441,""start_week"":41,""duration_weeks"":1,""recovery_weeks"":4},{""target"":""S1A"",""magnitude"":0.35150439325624805,""start_week"":43,""duration_weeks"":12,""recovery_weeks"":1},{""target"":""S1B"",""magnitude"":0.23596387198915436,""start_week"":47,""duration_weeks"":3,""recovery_weeks"":2}]"
A,42,958,Supplier-cluster shock,True,True,False,Structural,Concentrated dependency,Concentrated dependency,4,0.8737741731357592,328.9661828930539,False,True,True,False,True,"[{""target"":""corridor"",""magnitude"":0.2305461261778381,""start_week"":4,""duration_weeks"":3,""recovery_weeks"":3},{""target"":""S1A"",""magnitude"":0.5340081104445418,""start_week"":14,""duration_weeks"":2,""recovery_weeks"":4},{""target"":""S1C"",""magnitude"":0.3019465767550725,""start_week"":16,""duration_weeks"":3,""recovery_weeks"":3},{""target"":""S1A"",""magnitude"":0.2783292269789853,""start_week"":19,""duration_weeks"":6,""recovery_weeks"":4}]"
A,42,959,Supplier-cluster shock,True,False,False,Adaptation-limited,Concentrated dependency,Concentrated dependency,2,0.7838924312960843,388.99362366704827,True,True,False,False,False,"[{""target"":""corridor"",""magnitude"":0.4120806765279368,""start_week"":24,""duration_weeks"":1,""recovery_weeks"":2},{""target"":""T2P"",""magnitude"":0.3720445581527938,""start_week"":42,""duration_weeks"":1,""recovery_weeks"":3}]"
A,42,960,Supplier-cluster shock,False,,False,Non-failure,Unclassified,Unclassified,2,0.9851225636663382,31.24261630068986,False,False,True,False,True,"[{""target"":""S1C"",""magnitude"":0.20691108316637882,""start_week"":35,""duration_weeks"":5,""recovery_weeks"":3},{""target"":""S1A"",""magnitude"":0.28347423175073894,""start_week"":38,""duration_weeks"":2,""recovery_weeks"":4}]"
A,42,961,Supplier-cluster shock,False,,False,Non-failure,Unclassified,Unclassified,1,0.9306166162254514,374.6702723825624,False,True,False,False,False,"[{""target"":""corridor"",""magnitude"":0.3020375378309114,""start_week"":37,""duration_weeks"":5,""recovery_weeks"":2}]"
A,42,962,Supplier-cluster shock,False,,False,Non-failure,Unclassified,Unclassified,1,0.9396038065465683,126.83200625220672,False,False,False,False,True,"[{""target"":""S1C"",""magnitude"":0.3858914352702215,""start_week"":5,""duration_weeks"":2,""recovery_weeks"":4}]"
A,42,963,Supplier-cluster shock,True,False,False,Adaptation-limited,Concentrated dependency; Hidden convergent dependency; Propagation-amplified cascade,Hidden convergent dependency,3,0.6427292693633871,796.9464590782825,True,False,False,False,True,"[{""target"":""T2P"",""magnitude"":0.42154365757295176,""start_week"":3,""duration_weeks"":3,""recovery_weeks"":2},{""target"":""S1C"",""magnitude"":0.31159111181766,""start_week"":14,""duration_weeks"":4,""recovery_weeks"":1},{""target"":""demand"",""magnitude"":0.1272256217190372,""start_week"":49,""duration_weeks"":2,""recovery_weeks"":1}]"
A,42,964,Supplier-cluster shock,True,True,False,Structural,Compounding moderate disturbance,Compounding moderate disturbance,4,0.8722057950561893,259.9552085122722,True,True,False,False,False,"[{""target"":""corridor"",""magnitude"":0.3053487668653232,""start_week"":2,""duration_weeks"":1,""recovery_weeks"":2},{""target"":""demand"",""magnitude"":0.17984238933565505,""start_week"":30,""duration_weeks"":4,""recovery_weeks"":4},{""target"":""corridor"",""magnitude"":0.2523852313474706,""start_week"":33,""duration_weeks"":1,""recovery_weeks"":2},{""target"":""T2P"",""magnitude"":0.5490989695793236,""start_week"":51,""duration_weeks"":4,""recovery_weeks"":3}]"
A,42,965,Supplier-cluster shock,True,True,False,Structural,Concentrated dependency,Concentrated dependency,3,0.8698646584787624,281.56239016825293,False,False,False,True,True,"[{""target"":""S1C"",""magnitude"":0.5428045184227848,""start_week"":7,""duration_weeks"":1,""recovery_weeks"":2},{""target"":""S1B"",""magnitude"":0.444496185504599,""start_week"":9,""duration_weeks"":2,""recovery_weeks"":1},{""target"":""S1C"",""magnitude"":0.3064174641776294,""start_week"":26,""duration_weeks"":4,""recovery_weeks"":2}]"
A,42,966,Supplier-cluster shock,True,False,True,Adaptation-limited,Concentrated dependency,Concentrated dependency,2,0.6979465608889447,815.5442855998488,False,True,False,False,False,"[{""target"":""corridor"",""magnitude"":0.47654007933329134,""start_week"":17,""duration_weeks"":2,""recovery_weeks"":2},{""target"":""demand"",""magnitude"":0.10667748583907749,""start_week"":34,""duration_weeks"":7,""recovery_weeks"":1}]"
A,42,967,Supplier-cluster shock,True,True,True,Structural,Concentrated dependency,Concentrated dependency,3,0.8348951315558939,779.4176941982489,False,True,False,True,False,"[{""target"":""corridor"",""magnitude"":0.3738286513330796,""start_week"":1,""duration_weeks"":4,""recovery_weeks"":4},{""target"":""S1B"",""magnitude"":0.26841275380320817,""start_week"":9,""duration_weeks"":3,""recovery_weeks"":1},{""target"":""demand"",""magnitude"":0.11543223403382256,""start_week"":21,""duration_weeks"":3,""recovery_weeks"":4}]"
A,42,968,Supplier-cluster shock,False,,False,Non-failure,Unclassified,Unclassified,2,0.8168252415270265,201.82687096872905,False,True,False,False,False,"[{""target"":""demand"",""magnitude"":0.22425207885414328,""start_week"":13,""duration_weeks"":1,""recovery_weeks"":4},{""target"":""corridor"",""magnitude"":0.19266387828497744,""start_week"":19,""duration_weeks"":1,""recovery_weeks"":3}]"
A,42,969,Supplier-cluster shock,True,True,True,Structural,Concentrated dependency; Hidden convergent dependency; Propagation-amplified cascade; Recovery lag and temporal overlap,Hidden convergent dependency,2,0.7386349393855502,1259.87897996756,True,False,False,False,True,"[{""target"":""S1C"",""magnitude"":0.38864241287335977,""start_week"":11,""duration_weeks"":7,""recovery_weeks"":4},{""target"":""T2P"",""magnitude"":0.3352285545530047,""start_week"":19,""duration_weeks"":6,""recovery_weeks"":3}]"
A,42,970,Supplier-cluster shock,True,True,True,Structural,Concentrated dependency; Hidden convergent dependency; Propagation-amplified cascade,Hidden convergent dependency,1,0.4472153239332325,1170.6358648051591,True,False,False,False,False,"[{""target"":""T2P"",""magnitude"":0.6487531042300454,""start_week"":27,""duration_weeks"":1,""recovery_weeks"":4}]"
A,42,971,Supplier-cluster shock,True,True,True,Structural,Hidden convergent dependency; Compounding moderate disturbance; Propagation-amplified cascade; Recovery lag and temporal overlap,Hidden convergent dependency,6,0.7104963357676923,980.5108280487918,True,True,True,True,False,"[{""target"":""S1A"",""magnitude"":0.2097191019989862,""start_week"":21,""duration_weeks"":5,""recovery_weeks"":3},{""target"":""S1B"",""magnitude"":0.2238935185755164,""start_week"":23,""duration_weeks"":6,""recovery_weeks"":2},{""target"":""S1A"",""magnitude"":0.1538425070798502,""start_week"":31,""duration_weeks"":7,""recovery_weeks"":1},{""target"":""T2P"",""magnitude"":0.2650516159994255,""start_week"":34,""duration_weeks"":3,""recovery_weeks"":1},{""target"":""T2P"",""magnitude"":0.3605532978090768,""start_week"":38,""duration_weeks"":1,""recovery_weeks"":2},{""target"":""corridor"",""magnitude"":0.3906638908019085,""start_week"":46,""duration_weeks"":2,""recovery_weeks"":3}]"
A,42,972,Supplier-cluster shock,True,True,True,Structural,Concentrated dependency,Concentrated dependency,3,0.6882869041725886,1122.1671449786809,True,True,False,False,False,"[{""target"":""corridor"",""magnitude"":0.4837848218705585,""start_week"":11,""duration_weeks"":3,""recovery_weeks"":1},{""target"":""corridor"",""magnitude"":0.3988627433936775,""start_week"":31,""duration_weeks"":1,""recovery_weeks"":4},{""target"":""T2P"",""magnitude"":0.37122460200004304,""start_week"":45,""duration_weeks"":2,""recovery_weeks"":1}]"
A,42,973,Supplier-cluster shock,True,True,True,Structural,Concentrated dependency; Hidden convergent dependency; Propagation-amplified cascade,Hidden convergent dependency,3,0.756023906807091,1233.574617697317,True,True,False,False,False,"[{""target"":""corridor"",""magnitude"":0.2148498983958633,""start_week"":14,""duration_weeks"":6,""recovery_weeks"":1},{""target"":""T2P"",""magnitude"":0.31877149083959977,""start_week"":28,""duration_weeks"":2,""recovery_weeks"":1},{""target"":""T2P"",""magnitude"":0.3195784838736179,""start_week"":33,""duration_weeks"":5,""recovery_weeks"":2}]"
A,42,974,Supplier-cluster shock,True,True,True,Structural,Concentrated dependency,Concentrated dependency,4,0.7437057458061173,1566.4374968922716,True,False,True,False,True,"[{""target"":""T2P"",""magnitude"":0.2336646593204105,""start_week"":20,""duration_weeks"":4,""recovery_weeks"":3},{""target"":""demand"",""magnitude"":0.2425414637560529,""start_week"":27,""duration_weeks"":7,""recovery_weeks"":1},{""target"":""S1A"",""magnitude"":0.265125834938524,""start_week"":31,""duration_weeks"":5,""recovery_weeks"":2},{""target"":""S1C"",""magnitude"":0.2005608215388647,""start_week"":50,""duration_weeks"":1,""recovery_weeks"":3}]"
A,42,975,Supplier-cluster shock,True,False,True,Adaptation-limited,Concentrated dependency; Recovery lag and temporal overlap,Recovery lag and temporal overlap,4,0.6854529104083701,3668.1754533405137,False,True,False,False,True,"[{""target"":""demand"",""magnitude"":0.11310766310216963,""start_week"":16,""duration_weeks"":3,""recovery_weeks"":4},{""target"":""corridor"",""magnitude"":0.4713734465319339,""start_week"":20,""duration_weeks"":13,""recovery_weeks"":2},{""target"":""demand"",""magnitude"":0.15229198588348317,""start_week"":45,""duration_weeks"":4,""recovery_weeks"":1},{""target"":""S1C"",""magnitude"":0.2863942282949812,""start_week"":51,""duration_weeks"":1,""recovery_weeks"":1}]"
A,42,976,Supplier-cluster shock,True,False,True,Adaptation-limited,Concentrated dependency,Concentrated dependency,1,0.7983026682835459,544.5827956344264,False,True,False,False,False,"[{""target"":""corridor"",""magnitude"":0.4012729987873406,""start_week"":48,""duration_weeks"":2,""recovery_weeks"":1}]"
A,42,977,Supplier-cluster shock,False,,False,Non-failure,Unclassified,Unclassified,4,0.834907538888859,482.19207866624174,False,False,True,False,True,"[{""target"":""S1A"",""magnitude"":0.3463475842758196,""start_week"":12,""duration_weeks"":3,""recovery_weeks"":4},{""target"":""demand"",""magnitude"":0.21483358209803893,""start_week"":16,""duration_weeks"":5,""recovery_weeks"":4},{""target"":""S1C"",""magnitude"":0.3646115367984778,""start_week"":28,""duration_weeks"":1,""recovery_weeks"":1},{""target"":""S1A"",""magnitude"":0.3418061372995629,""start_week"":42,""duration_weeks"":6,""recovery_weeks"":1}]"
A,42,978,Supplier-cluster shock,True,False,True,Adaptation-limited,Concentrated dependency,Concentrated dependency,1,0.7352598071085052,714.7985208070355,False,True,False,False,False,"[{""target"":""corridor"",""magnitude"":0.4485551446686209,""start_week"":48,""duration_weeks"":3,""recovery_weeks"":4}]"
A,42,979,Supplier-cluster shock,False,,False,Non-failure,Unclassified,Unclassified,2,0.8351327968271548,177.67292030595536,False,False,False,False,False,"[{""target"":""demand"",""magnitude"":0.19741435589550593,""start_week"":1,""duration_weeks"":2,""recovery_weeks"":1},{""target"":""demand"",""magnitude"":0.09831022798976959,""start_week"":33,""duration_weeks"":1,""recovery_weeks"":3}]"
A,42,980,Supplier-cluster shock,False,,False,Non-failure,Unclassified,Unclassified,4,0.45878459373973707,487.09386563423664,True,True,False,False,True,"[{""target"":""demand"",""magnitude"":0.08615981180582563,""start_week"":3,""duration_weeks"":1,""recovery_weeks"":3},{""target"":""S1C"",""magnitude"":0.22623378493032814,""start_week"":12,""duration_weeks"":2,""recovery_weeks"":2},{""target"":""corridor"",""magnitude"":0.3123702424913831,""start_week"":32,""duration_weeks"":2,""recovery_weeks"":4},{""target"":""T2P"",""magnitude"":0.6836686179475314,""start_week"":33,""duration_weeks"":1,""recovery_weeks"":1}]"
A,42,981,Supplier-cluster shock,False,,False,Non-failure,Unclassified,Unclassified,3,0.8734331543114331,182.49103044201718,True,False,True,False,False,"[{""target"":""demand"",""magnitude"":0.1449073063734859,""start_week"":2,""duration_weeks"":11,""recovery_weeks"":3},{""target"":""T2P"",""magnitude"":0.25437333125833594,""start_week"":18,""duration_weeks"":3,""recovery_weeks"":3},{""target"":""S1A"",""magnitude"":0.5151718511933971,""start_week"":48,""duration_weeks"":1,""recovery_weeks"":1}]"
A,42,982,Supplier-cluster shock,False,,False,Non-failure,Unclassified,Unclassified,1,0.8529817997662686,155.12216116054924,False,False,False,False,False,"[{""target"":""demand"",""magnitude"":0.17235795684505434,""start_week"":7,""duration_weeks"":4,""recovery_weeks"":3}]"
A,42,983,Supplier-cluster shock,False,,False,Non-failure,Unclassified,Unclassified,2,1.0,0.0,True,True,False,False,False,"[{""target"":""corridor"",""magnitude"":0.19419967487908318,""start_week"":11,""duration_weeks"":9,""recovery_weeks"":2},{""target"":""T2P"",""magnitude"":0.2834917375912033,""start_week"":16,""duration_weeks"":2,""recovery_weeks"":1}]"
A,42,984,Supplier-cluster shock,False,,False,Non-failure,Unclassified,Unclassified,2,1.0,0.0,True,False,True,False,False,"[{""target"":""T2P"",""magnitude"":0.2179733460690949,""start_week"":29,""duration_weeks"":1,""recovery_weeks"":1},{""target"":""S1A"",""magnitude"":0.20306859763422858,""start_week"":31,""duration_weeks"":3,""recovery_weeks"":1}]"
A,42,985,Supplier-cluster shock,False,,False,Non-failure,Unclassified,Unclassified,2,0.8865881272650982,208.40621142190753,False,False,False,False,True,"[{""target"":""S1C"",""magnitude"":0.34158399205092305,""start_week"":7,""duration_weeks"":3,""recovery_weeks"":1},{""target"":""demand"",""magnitude"":0.11261584815097399,""start_week"":10,""duration_weeks"":3,""recovery_weeks"":2}]"
A,42,986,Supplier-cluster shock,False,,False,Non-failure,Unclassified,Unclassified,3,0.8568495057538458,150.35947848063574,True,False,False,False,False,"[{""target"":""demand"",""magnitude"":0.16706608720070643,""start_week"":38,""duration_weeks"":3,""recovery_weeks"":4},{""target"":""T2P"",""magnitude"":0.22735226286818266,""start_week"":49,""duration_weeks"":7,""recovery_weeks"":3},{""target"":""T2P"",""magnitude"":0.2731333126093413,""start_week"":50,""duration_weeks"":1,""recovery_weeks"":1}]"
A,42,987,Supplier-cluster shock,True,True,True,Structural,Concentrated dependency; Hidden convergent dependency; Propagation-amplified cascade,Hidden convergent dependency,2,0.773770299183388,1102.8237730418975,True,True,False,False,False,"[{""target"":""T2P"",""magnitude"":0.2130854047123806,""start_week"":20,""duration_weeks"":14,""recovery_weeks"":2},{""target"":""corridor"",""magnitude"":0.419672275612459,""start_week"":48,""duration_weeks"":11,""recovery_weeks"":1}]"
A,42,988,Supplier-cluster shock,False,,False,Non-failure,Unclassified,Unclassified,2,0.8898726153804879,195.4152101736222,True,True,False,False,False,"[{""target"":""T2P"",""magnitude"":0.2654861948767476,""start_week"":12,""duration_weeks"":3,""recovery_weeks"":4},{""target"":""corridor"",""magnitude"":0.2851684774016217,""start_week"":43,""duration_weeks"":6,""recovery_weeks"":4}]"
A,42,989,Supplier-cluster shock,False,,False,Non-failure,Unclassified,Unclassified,4,0.7937840890377312,233.80957420175764,False,False,True,True,True,"[{""target"":""demand"",""magnitude"":0.2597884157797305,""start_week"":1,""duration_weeks"":1,""recovery_weeks"":1},{""target"":""S1B"",""magnitude"":0.23915267274653035,""start_week"":8,""duration_weeks"":5,""recovery_weeks"":2},{""target"":""S1C"",""magnitude"":0.3341268965087164,""start_week"":30,""duration_weeks"":2,""recovery_weeks"":3},{""target"":""S1A"",""magnitude"":0.23461497275552484,""start_week"":32,""duration_weeks"":1,""recovery_weeks"":3}]"
A,42,990,Supplier-cluster shock,False,,False,Non-failure,Unclassified,Unclassified,3,0.8330314034297365,180.39144298107158,False,False,False,True,True,"[{""target"":""demand"",""magnitude"":0.2004349366456349,""start_week"":25,""duration_weeks"":2,""recovery_weeks"":3},{""target"":""S1C"",""magnitude"":0.21766991246369705,""start_week"":26,""duration_weeks"":9,""recovery_weeks"":1},{""target"":""S1B"",""magnitude"":0.4765911032689514,""start_week"":46,""duration_weeks"":2,""recovery_weeks"":4}]"
A,42,991,Supplier-cluster shock,True,True,True,Structural,Concentrated dependency; Hidden convergent dependency; Propagation-amplified cascade,Hidden convergent dependency,3,0.7899659302461984,1280.3741089801279,True,True,False,False,False,"[{""target"":""corridor"",""magnitude"":0.17168038530723967,""start_week"":17,""duration_weeks"":1,""recovery_weeks"":3},{""target"":""T2P"",""magnitude"":0.3460354376735953,""start_week"":31,""duration_weeks"":2,""recovery_weeks"":4},{""target"":""corridor"",""magnitude"":0.40752555231535115,""start_week"":44,""duration_weeks"":11,""recovery_weeks"":1}]"
A,42,992,Supplier-cluster shock,False,,False,Non-failure,Unclassified,Unclassified,5,0.8801395728751712,232.10051938630647,False,False,True,True,True,"[{""target"":""S1B"",""magnitude"":0.27127829343464305,""start_week"":1,""duration_weeks"":3,""recovery_weeks"":3},{""target"":""S1A"",""magnitude"":0.3483485915831278,""start_week"":8,""duration_weeks"":1,""recovery_weeks"":3},{""target"":""S1C"",""magnitude"":0.5196859610308647,""start_week"":42,""duration_weeks"":2,""recovery_weeks"":2},{""target"":""S1A"",""magnitude"":0.19579639563963389,""start_week"":44,""duration_weeks"":4,""recovery_weeks"":4},{""target"":""S1B"",""magnitude"":0.3614036975333713,""start_week"":48,""duration_weeks"":1,""recovery_weeks"":1}]"
A,42,993,Supplier-cluster shock,True,True,True,Structural,Concentrated dependency,Concentrated dependency,5,0.3819555790588227,2978.444256665587,False,True,True,False,False,"[{""target"":""corridor"",""magnitude"":0.19116827831706432,""start_week"":12,""duration_weeks"":1,""recovery_weeks"":3},{""target"":""corridor"",""magnitude"":0.44984561976451287,""start_week"":16,""duration_weeks"":1,""recovery_weeks"":1},{""target"":""S1A"",""magnitude"":0.3756741092802372,""start_week"":31,""duration_weeks"":1,""recovery_weeks"":2},{""target"":""corridor"",""magnitude"":0.4761143984221765,""start_week"":41,""duration_weeks"":9,""recovery_weeks"":1},{""target"":""corridor"",""magnitude"":0.4531884758211623,""start_week"":50,""duration_weeks"":1,""recovery_weeks"":4}]"
A,42,994,Supplier-cluster shock,True,True,False,Structural,Concentrated dependency; Hidden convergent dependency; Propagation-amplified cascade,Hidden convergent dependency,3,0.8533737689244643,640.3955948806642,True,True,False,False,False,"[{""target"":""T2P"",""magnitude"":0.30832516955239453,""start_week"":33,""duration_weeks"":1,""recovery_weeks"":1},{""target"":""T2P"",""magnitude"":0.23196360796798238,""start_week"":36,""duration_weeks"":6,""recovery_weeks"":1},{""target"":""corridor"",""magnitude"":0.25414228542599676,""start_week"":37,""duration_weeks"":4,""recovery_weeks"":4}]"
A,42,995,Supplier-cluster shock,True,True,True,Structural,Concentrated dependency,Concentrated dependency,1,0.8009508038616235,716.5771060981549,False,True,False,False,False,"[{""target"":""corridor"",""magnitude"":0.3992868971037822,""start_week"":18,""duration_weeks"":3,""recovery_weeks"":1}]"
A,42,996,Supplier-cluster shock,False,,False,Non-failure,Unclassified,Unclassified,1,0.9708286583138102,52.50841503514175,False,False,False,True,False,"[{""target"":""S1B"",""magnitude"":0.3156355187939273,""start_week"":28,""duration_weeks"":1,""recovery_weeks"":3}]"
A,42,997,Supplier-cluster shock,True,True,True,Structural,Compounding moderate disturbance,Compounding moderate disturbance,6,0.6771887633003734,1165.5392006261318,False,True,True,True,False,"[{""target"":""corridor"",""magnitude"":0.3205083863881777,""start_week"":11,""duration_weeks"":3,""recovery_weeks"":2},{""target"":""corridor"",""magnitude"":0.2525418087567058,""start_week"":13,""duration_weeks"":2,""recovery_weeks"":4},{""target"":""corridor"",""magnitude"":0.37780255775002847,""start_week"":21,""duration_weeks"":4,""recovery_weeks"":3},{""target"":""S1B"",""magnitude"":0.344542475679579,""start_week"":22,""duration_weeks"":1,""recovery_weeks"":3},{""target"":""demand"",""magnitude"":0.1099489635899366,""start_week"":25,""duration_weeks"":1,""recovery_weeks"":4},{""target"":""S1A"",""magnitude"":0.4549394057502255,""start_week"":28,""duration_weeks"":1,""recovery_weeks"":4}]"
A,42,998,Supplier-cluster shock,True,False,True,Adaptation-limited,Concentrated dependency; Hidden convergent dependency; Propagation-amplified cascade,Hidden convergent dependency,2,0.6967241335656496,664.7413989545772,True,False,False,False,False,"[{""target"":""T2P"",""magnitude"":0.3729482797909154,""start_week"":2,""duration_weeks"":3,""recovery_weeks"":3},{""target"":""demand"",""magnitude"":0.10997438332284923,""start_week"":23,""duration_weeks"":6,""recovery_weeks"":3}]"
A,42,999,Supplier-cluster shock,False,,False,Non-failure,Unclassified,Unclassified,3,0.8497828523937548,328.21007327626376,True,True,False,False,False,"[{""target"":""T2P"",""magnitude"":0.3450651442818736,""start_week"":24,""duration_weeks"":2,""recovery_weeks"":1},{""target"":""T2P"",""magnitude"":0.21323527397865943,""start_week"":28,""duration_weeks"":1,""recovery_weeks"":4},{""target"":""corridor"",""magnitude"":0.2542946194069018,""start_week"":47,""duration_weeks"":3,""recovery_weeks"":1}]"
A,42,1000,Supplier-cluster shock,True,True,True,Structural,Concentrated dependency; Hidden convergent dependency; Propagation-amplified cascade,Hidden convergent dependency,3,0.5072552290318668,1183.227541210144,True,True,False,False,False,"[{""target"":""corridor"",""magnitude"":0.225908311366753,""start_week"":9,""duration_weeks"":5,""recovery_weeks"":1},{""target"":""demand"",""magnitude"":0.09021598956155308,""start_week"":24,""duration_weeks"":5,""recovery_weeks"":4},{""target"":""T2P"",""magnitude"":0.5434702938713198,""start_week"":40,""duration_weeks"":3,""recovery_weeks"":2}]"
