topology,seed,replication,dependence_model,moderate_passive_failure,moderate_active_failure,severe_passive_failure,passive_active_classification,mechanism_labels,primary_mechanism,event_count,worst_service_level,max_backlog_passive,has_T2P,has_corridor,has_S1A,has_S1B,has_S1C,event_specification
A,2718,1,Independent baseline,False,,False,Non-failure,Unclassified,Unclassified,2,0.8471998643505712,162.32311626950423,False,False,False,True,False,"[{""target"":""S1B"",""magnitude"":0.16669244988961496,""start_week"":39,""duration_weeks"":1,""recovery_weeks"":4},{""target"":""demand"",""magnitude"":0.18035901807722698,""start_week"":46,""duration_weeks"":1,""recovery_weeks"":1}]"
A,2718,2,Independent baseline,False,,False,Non-failure,Unclassified,Unclassified,1,1.0,0.0,True,False,False,False,False,"[{""target"":""T2P"",""magnitude"":0.26077843625985164,""start_week"":31,""duration_weeks"":1,""recovery_weeks"":2}]"
A,2718,3,Independent baseline,False,,False,Non-failure,Unclassified,Unclassified,5,0.9369946978300391,226.8190878118594,True,True,False,False,False,"[{""target"":""corridor"",""magnitude"":0.29725397662747066,""start_week"":27,""duration_weeks"":3,""recovery_weeks"":2},{""target"":""T2P"",""magnitude"":0.2530104202267012,""start_week"":30,""duration_weeks"":1,""recovery_weeks"":2},{""target"":""demand"",""magnitude"":0.11885433208432267,""start_week"":36,""duration_weeks"":3,""recovery_weeks"":2},{""target"":""corridor"",""magnitude"":0.19670287908116657,""start_week"":46,""duration_weeks"":3,""recovery_weeks"":4},{""target"":""T2P"",""magnitude"":0.43997933512603427,""start_week"":47,""duration_weeks"":6,""recovery_weeks"":1}]"
A,2718,4,Independent baseline,True,False,False,Adaptation-limited,Concentrated dependency; Hidden convergent dependency; Propagation-amplified cascade,Hidden convergent dependency,4,0.7334781540893301,399.8370766495036,True,False,True,True,True,"[{""target"":""T2P"",""magnitude"":0.5199348306598014,""start_week"":1,""duration_weeks"":1,""recovery_weeks"":2},{""target"":""S1B"",""magnitude"":0.3278710961724328,""start_week"":10,""duration_weeks"":9,""recovery_weeks"":3},{""target"":""S1C"",""magnitude"":0.15943632216809672,""start_week"":41,""duration_weeks"":8,""recovery_weeks"":4},{""target"":""S1A"",""magnitude"":0.4544920929617672,""start_week"":44,""duration_weeks"":1,""recovery_weeks"":4}]"
A,2718,5,Independent baseline,True,True,True,Structural,Hidden convergent dependency; Compounding moderate disturbance,Hidden convergent dependency,2,0.6738337139320449,1860.484340691978,True,False,False,False,False,"[{""target"":""T2P"",""magnitude"":0.2741814679244742,""start_week"":29,""duration_weeks"":3,""recovery_weeks"":3},{""target"":""demand"",""magnitude"":0.1968309376114175,""start_week"":30,""duration_weeks"":9,""recovery_weeks"":3}]"
A,2718,6,Independent baseline,True,False,False,Adaptation-limited,Concentrated dependency; Recovery lag and temporal overlap,Recovery lag and temporal overlap,4,0.7748959146462701,418.2528189627154,False,True,True,False,True,"[{""target"":""S1A"",""magnitude"":0.2840457098416486,""start_week"":3,""duration_weeks"":3,""recovery_weeks"":2},{""target"":""demand"",""magnitude"":0.2221732866678549,""start_week"":35,""duration_weeks"":1,""recovery_weeks"":3},{""target"":""S1C"",""magnitude"":0.343679141920631,""start_week"":43,""duration_weeks"":1,""recovery_weeks"":4},{""target"":""corridor"",""magnitude"":0.4188280640152975,""start_week"":46,""duration_weeks"":1,""recovery_weeks"":3}]"
A,2718,7,Independent baseline,False,,False,Non-failure,Unclassified,Unclassified,3,0.8378662483152285,174.1571244929719,True,False,False,False,False,"[{""target"":""T2P"",""magnitude"":0.18753319875431118,""start_week"":2,""duration_weeks"":1,""recovery_weeks"":3},{""target"":""demand"",""magnitude"":0.19350791610330176,""start_week"":10,""duration_weeks"":1,""recovery_weeks"":4},{""target"":""T2P"",""magnitude"":0.3799863021531162,""start_week"":49,""duration_weeks"":1,""recovery_weeks"":3}]"
A,2718,8,Independent baseline,False,,False,Non-failure,Unclassified,Unclassified,2,1.0,0.0,False,False,True,False,True,"[{""target"":""S1A"",""magnitude"":0.2338930569273506,""start_week"":30,""duration_weeks"":3,""recovery_weeks"":4},{""target"":""S1C"",""magnitude"":0.2070610855438214,""start_week"":45,""duration_weeks"":3,""recovery_weeks"":2}]"
A,2718,9,Independent baseline,True,True,True,Structural,Concentrated dependency; Hidden convergent dependency; Propagation-amplified cascade,Hidden convergent dependency,4,0.5927962336877287,1506.2849517433579,True,True,False,False,True,"[{""target"":""corridor"",""magnitude"":0.18783581583431203,""start_week"":8,""duration_weeks"":8,""recovery_weeks"":3},{""target"":""S1C"",""magnitude"":0.31487873720785875,""start_week"":18,""duration_weeks"":1,""recovery_weeks"":4},{""target"":""T2P"",""magnitude"":0.4664833896810441,""start_week"":41,""duration_weeks"":4,""recovery_weeks"":2},{""target"":""demand"",""magnitude"":0.06112041214727067,""start_week"":42,""duration_weeks"":1,""recovery_weeks"":4}]"
A,2718,10,Independent baseline,True,True,False,Structural,Concentrated dependency,Concentrated dependency,4,0.877066588640437,258.1601638550824,False,True,True,True,True,"[{""target"":""S1C"",""magnitude"":0.5266001755590167,""start_week"":3,""duration_weeks"":4,""recovery_weeks"":3},{""target"":""S1B"",""magnitude"":0.3184803744593989,""start_week"":18,""duration_weeks"":1,""recovery_weeks"":1},{""target"":""corridor"",""magnitude"":0.2785147264396298,""start_week"":33,""duration_weeks"":2,""recovery_weeks"":4},{""target"":""S1A"",""magnitude"":0.4416009159774772,""start_week"":46,""duration_weeks"":1,""recovery_weeks"":2}]"
A,2718,11,Independent baseline,False,,False,Non-failure,Unclassified,Unclassified,1,0.8659050048981891,139.37498329371556,False,False,False,False,False,"[{""target"":""demand"",""magnitude"":0.15486109254857283,""start_week"":20,""duration_weeks"":2,""recovery_weeks"":1}]"
A,2718,12,Independent baseline,False,,False,Non-failure,Unclassified,Unclassified,1,0.9804291180490425,35.227587511723414,False,False,False,True,False,"[{""target"":""S1B"",""magnitude"":0.2940344843896543,""start_week"":17,""duration_weeks"":1,""recovery_weeks"":3}]"
A,2718,13,Independent baseline,True,False,True,Adaptation-limited,Concentrated dependency; Hidden convergent dependency; Propagation-amplified cascade,Hidden convergent dependency,4,0.8423272466343172,606.1118440374321,True,True,False,False,False,"[{""target"":""T2P"",""magnitude"":0.2419054780291145,""start_week"":9,""duration_weeks"":6,""recovery_weeks"":3},{""target"":""demand"",""magnitude"":0.08416843285975259,""start_week"":14,""duration_weeks"":1,""recovery_weeks"":1},{""target"":""corridor"",""magnitude"":0.25194595580395984,""start_week"":30,""duration_weeks"":1,""recovery_weeks"":4},{""target"":""demand"",""magnitude"":0.2298503324691908,""start_week"":36,""duration_weeks"":1,""recovery_weeks"":4}]"
A,2718,14,Independent baseline,False,,False,Non-failure,Unclassified,Unclassified,1,1.0,0.0,False,True,False,False,False,"[{""target"":""corridor"",""magnitude"":0.22243557879654963,""start_week"":21,""duration_weeks"":2,""recovery_weeks"":1}]"
A,2718,15,Independent baseline,True,True,True,Structural,Concentrated dependency,Concentrated dependency,3,0.5963967555122625,2542.7004402727466,False,True,False,False,False,"[{""target"":""corridor"",""magnitude"":0.5527024333658032,""start_week"":25,""duration_weeks"":6,""recovery_weeks"":1},{""target"":""corridor"",""magnitude"":0.4435794686457063,""start_week"":44,""duration_weeks"":2,""recovery_weeks"":1},{""target"":""demand"",""magnitude"":0.12467642040838722,""start_week"":46,""duration_weeks"":6,""recovery_weeks"":3}]"
A,2718,16,Independent baseline,False,,False,Non-failure,Unclassified,Unclassified,3,0.9050993899673854,170.8210980587064,True,False,True,False,False,"[{""target"":""S1A"",""magnitude"":0.46352637257338314,""start_week"":15,""duration_weeks"":1,""recovery_weeks"":1},{""target"":""T2P"",""magnitude"":0.24981328128570496,""start_week"":33,""duration_weeks"":1,""recovery_weeks"":1},{""target"":""demand"",""magnitude"":0.10567326488203778,""start_week"":50,""duration_weeks"":2,""recovery_weeks"":1}]"
A,2718,17,Independent baseline,False,,False,Non-failure,Unclassified,Unclassified,4,0.9486691165562916,184.79118039735022,False,True,False,True,False,"[{""target"":""corridor"",""magnitude"":0.28849816258278116,""start_week"":15,""duration_weeks"":3,""recovery_weeks"":3},{""target"":""demand"",""magnitude"":0.0807919040686103,""start_week"":22,""duration_weeks"":2,""recovery_weeks"":4},{""target"":""corridor"",""magnitude"":0.32653748618931955,""start_week"":31,""duration_weeks"":1,""recovery_weeks"":1},{""target"":""S1B"",""magnitude"":0.2937727021755907,""start_week"":34,""duration_weeks"":1,""recovery_weeks"":3}]"
A,2718,18,Independent baseline,False,,False,Non-failure,Unclassified,Unclassified,2,0.9715211984438429,59.80548326792996,False,False,True,True,False,"[{""target"":""S1B"",""magnitude"":0.1981317021656773,""start_week"":2,""duration_weeks"":4,""recovery_weeks"":2},{""target"":""S1A"",""magnitude"":0.31407730350135327,""start_week"":26,""duration_weeks"":12,""recovery_weeks"":2}]"
A,2718,19,Independent baseline,False,,False,Non-failure,Unclassified,Unclassified,0,1.0,0.0,False,False,False,False,False,[]
A,2718,20,Independent baseline,False,,False,Non-failure,Unclassified,Unclassified,2,0.7610539222965184,215.0514699331335,True,False,False,False,False,"[{""target"":""T2P"",""magnitude"":0.5075257349665667,""start_week"":5,""duration_weeks"":1,""recovery_weeks"":1},{""target"":""demand"",""magnitude"":0.19668029456487218,""start_week"":49,""duration_weeks"":4,""recovery_weeks"":4}]"
A,2718,21,Independent baseline,False,,False,Non-failure,Unclassified,Unclassified,0,1.0,0.0,False,False,False,False,False,[]
A,2718,22,Independent baseline,True,True,False,Structural,Concentrated dependency; Hidden convergent dependency; Propagation-amplified cascade,Hidden convergent dependency,4,0.5438213479717515,686.9627538889824,True,False,True,False,False,"[{""target"":""T2P"",""magnitude"":0.31632414520634816,""start_week"":10,""duration_weeks"":2,""recovery_weeks"":4},{""target"":""T2P"",""magnitude"":0.5105607868254236,""start_week"":27,""duration_weeks"":2,""recovery_weeks"":2},{""target"":""S1A"",""magnitude"":0.3311821654313948,""start_week"":45,""duration_weeks"":2,""recovery_weeks"":4},{""target"":""demand"",""magnitude"":0.09358057967199215,""start_week"":46,""duration_weeks"":12,""recovery_weeks"":2}]"
A,2718,23,Independent baseline,False,,False,Non-failure,Unclassified,Unclassified,3,0.8357276384657932,206.44366597503677,True,False,False,False,False,"[{""target"":""demand"",""magnitude"":0.12274622187400996,""start_week"":5,""duration_weeks"":1,""recovery_weeks"":3},{""target"":""T2P"",""magnitude"":0.4757956217827516,""start_week"":21,""duration_weeks"":1,""recovery_weeks"":3},{""target"":""demand"",""magnitude"":0.2049294958772203,""start_week"":39,""duration_weeks"":1,""recovery_weeks"":4}]"
A,2718,24,Independent baseline,True,True,True,Structural,Concentrated dependency; Propagation-amplified cascade,Propagation-amplified cascade,4,0.7530675535988,1029.4385348011183,True,True,False,False,False,"[{""target"":""corridor"",""magnitude"":0.23403445903615971,""start_week"":22,""duration_weeks"":1,""recovery_weeks"":4},{""target"":""corridor"",""magnitude"":0.4351993348009,""start_week"":29,""duration_weeks"":1,""recovery_weeks"":1},{""target"":""T2P"",""magnitude"":0.2974933552131596,""start_week"":30,""duration_weeks"":6,""recovery_weeks"":1},{""target"":""demand"",""magnitude"":0.08973697027570558,""start_week"":43,""duration_weeks"":3,""recovery_weeks"":3}]"
A,2718,25,Independent baseline,False,,False,Non-failure,Unclassified,Unclassified,2,0.9469130046611525,111.4826902115799,False,False,False,True,True,"[{""target"":""S1C"",""magnitude"":0.3694457395124069,""start_week"":25,""duration_weeks"":2,""recovery_weeks"":1},{""target"":""S1B"",""magnitude"":0.3106810768850743,""start_week"":51,""duration_weeks"":1,""recovery_weeks"":4}]"
A,2718,26,Independent baseline,True,True,True,Structural,Concentrated dependency,Concentrated dependency,2,0.8399114422318124,864.4782119482132,False,True,False,False,False,"[{""target"":""corridor"",""magnitude"":0.3700664183261407,""start_week"":2,""duration_weeks"":5,""recovery_weeks"":3},{""target"":""demand"",""magnitude"":0.10036006140594358,""start_week"":11,""duration_weeks"":2,""recovery_weeks"":3}]"
A,2718,27,Independent baseline,True,True,False,Structural,Concentrated dependency; Hidden convergent dependency; Propagation-amplified cascade,Hidden convergent dependency,4,0.834529309116168,553.6198798124537,True,False,False,True,True,"[{""target"":""S1B"",""magnitude"":0.22557578146195095,""start_week"":8,""duration_weeks"":1,""recovery_weeks"":4},{""target"":""T2P"",""magnitude"":0.24892362179544889,""start_week"":27,""duration_weeks"":6,""recovery_weeks"":4},{""target"":""S1C"",""magnitude"":0.3310602433256775,""start_week"":29,""duration_weeks"":2,""recovery_weeks"":3},{""target"":""S1B"",""magnitude"":0.3271902847917467,""start_week"":41,""duration_weeks"":5,""recovery_weeks"":2}]"
A,2718,28,Independent baseline,True,True,True,Structural,Concentrated dependency,Concentrated dependency,4,0.6521776566752084,1731.5006812019533,False,True,True,True,False,"[{""target"":""corridor"",""magnitude"":0.5108667574935937,""start_week"":14,""duration_weeks"":4,""recovery_weeks"":4},{""target"":""S1A"",""magnitude"":0.26539966342067683,""start_week"":33,""duration_weeks"":4,""recovery_weeks"":3},{""target"":""S1A"",""magnitude"":0.4533066743786005,""start_week"":49,""duration_weeks"":4,""recovery_weeks"":4},{""target"":""S1B"",""magnitude"":0.2780034685075532,""start_week"":50,""duration_weeks"":1,""recovery_weeks"":1}]"
A,2718,29,Independent baseline,True,True,False,Structural,Concentrated dependency,Concentrated dependency,2,0.8840212173669368,243.55544352943275,False,False,True,False,True,"[{""target"":""S1A"",""magnitude"":0.5109522609243923,""start_week"":8,""duration_weeks"":7,""recovery_weeks"":2},{""target"":""S1C"",""magnitude"":0.2425517147556499,""start_week"":15,""duration_weeks"":1,""recovery_weeks"":4}]"
A,2718,30,Independent baseline,False,,False,Non-failure,Unclassified,Unclassified,3,0.9181183540423895,147.38696272369884,True,True,False,False,False,"[{""target"":""T2P"",""magnitude"":0.3469806843594818,""start_week"":11,""duration_weeks"":1,""recovery_weeks"":4},{""target"":""corridor"",""magnitude"":0.31141123446820784,""start_week"":16,""duration_weeks"":1,""recovery_weeks"":1},{""target"":""corridor"",""magnitude"":0.26838809742663045,""start_week"":32,""duration_weeks"":3,""recovery_weeks"":1}]"
A,2718,31,Independent baseline,True,True,False,Structural,Concentrated dependency; Hidden convergent dependency; Propagation-amplified cascade; Recovery lag and temporal overlap,Hidden convergent dependency,6,0.7029382384119837,558.9279533945471,True,False,True,True,False,"[{""target"":""S1B"",""magnitude"":0.28104524421895893,""start_week"":1,""duration_weeks"":1,""recovery_weeks"":4},{""target"":""T2P"",""magnitude"":0.393257894372266,""start_week"":5,""duration_weeks"":2,""recovery_weeks"":4},{""target"":""S1A"",""magnitude"":0.3225130401045302,""start_week"":22,""duration_weeks"":1,""recovery_weeks"":3},{""target"":""T2P"",""magnitude"":0.2643917904851812,""start_week"":26,""duration_weeks"":4,""recovery_weeks"":2},{""target"":""demand"",""magnitude"":0.14712528178388232,""start_week"":35,""duration_weeks"":1,""recovery_weeks"":1},{""target"":""T2P"",""magnitude"":0.2969243867386594,""start_week"":50,""duration_weeks"":6,""recovery_weeks"":1}]"
A,2718,32,Independent baseline,False,,False,Non-failure,Unclassified,Unclassified,1,0.8944137862136483,106.24567048546953,False,False,False,False,False,"[{""target"":""demand"",""magnitude"":0.11805074498385511,""start_week"":24,""duration_weeks"":2,""recovery_weeks"":2}]"
A,2718,33,Independent baseline,False,,False,Non-failure,Unclassified,Unclassified,2,1.0,0.0,True,False,False,False,False,"[{""target"":""T2P"",""magnitude"":0.16589876628962827,""start_week"":7,""duration_weeks"":3,""recovery_weeks"":4},{""target"":""T2P"",""magnitude"":0.2929306132192601,""start_week"":26,""duration_weeks"":2,""recovery_weeks"":1}]"
A,2718,34,Independent baseline,True,True,True,Structural,Concentrated dependency; Hidden convergent dependency; Propagation-amplified cascade,Hidden convergent dependency,3,0.6984132042104501,1465.9186410618638,True,False,False,False,False,"[{""target"":""T2P"",""magnitude"":0.29595553458144297,""start_week"":2,""duration_weeks"":2,""recovery_weeks"":1},{""target"":""T2P"",""magnitude"":0.3714281162105949,""start_week"":18,""duration_weeks"":4,""recovery_weeks"":1},{""target"":""T2P"",""magnitude"":0.25614146545616173,""start_week"":24,""duration_weeks"":4,""recovery_weeks"":2}]"
A,2718,35,Independent baseline,False,,False,Non-failure,Unclassified,Unclassified,0,1.0,0.0,False,False,False,False,False,[]
A,2718,36,Independent baseline,False,,False,Non-failure,Unclassified,Unclassified,1,0.885333717007949,116.56582451374015,False,False,False,False,False,"[{""target"":""demand"",""magnitude"":0.12951758279304457,""start_week"":39,""duration_weeks"":20,""recovery_weeks"":3}]"
A,2718,37,Independent baseline,True,True,False,Structural,Concentrated dependency,Concentrated dependency,3,0.8275476562266777,310.41421879198015,False,True,False,False,True,"[{""target"":""S1C"",""magnitude"":0.638017773489975,""start_week"":4,""duration_weeks"":1,""recovery_weeks"":4},{""target"":""corridor"",""magnitude"":0.2624911255363744,""start_week"":12,""duration_weeks"":5,""recovery_weeks"":4},{""target"":""S1C"",""magnitude"":0.3948170279868807,""start_week"":29,""duration_weeks"":1,""recovery_weeks"":3}]"
A,2718,38,Independent baseline,True,False,False,Adaptation-limited,Concentrated dependency,Concentrated dependency,5,0.6265418267965582,993.3236678929309,False,True,True,False,False,"[{""target"":""demand"",""magnitude"":0.13835795199109038,""start_week"":10,""duration_weeks"":4,""recovery_weeks"":2},{""target"":""corridor"",""magnitude"":0.46507834690833516,""start_week"":11,""duration_weeks"":1,""recovery_weeks"":2},{""target"":""S1A"",""magnitude"":0.30319790576682915,""start_week"":17,""duration_weeks"":2,""recovery_weeks"":4},{""target"":""demand"",""magnitude"":0.08749036829883963,""start_week"":25,""duration_weeks"":1,""recovery_weeks"":2},{""target"":""corridor"",""magnitude"":0.20071340504029683,""start_week"":32,""duration_weeks"":2,""recovery_weeks"":3}]"
A,2718,39,Independent baseline,False,,False,Non-failure,Unclassified,Unclassified,4,0.8552845607907935,479.65766759803853,False,True,False,False,False,"[{""target"":""demand"",""magnitude"":0.16920151005111445,""start_week"":19,""duration_weeks"":12,""recovery_weeks"":1},{""target"":""demand"",""magnitude"":0.05380629311735649,""start_week"":42,""duration_weeks"":2,""recovery_weeks"":3},{""target"":""corridor"",""magnitude"":0.2582576426742603,""start_week"":45,""duration_weeks"":4,""recovery_weeks"":4},{""target"":""demand"",""magnitude"":0.1646127149568646,""start_week"":51,""duration_weeks"":2,""recovery_weeks"":2}]"
A,2718,40,Independent baseline,False,,False,Non-failure,Unclassified,Unclassified,3,0.8881370932796567,114.04844852828637,False,True,False,False,False,"[{""target"":""corridor"",""magnitude"":0.25228718027368174,""start_week"":2,""duration_weeks"":1,""recovery_weeks"":3},{""target"":""corridor"",""magnitude"":0.1733759694266553,""start_week"":16,""duration_weeks"":3,""recovery_weeks"":3},{""target"":""demand"",""magnitude"":0.13281964576124694,""start_week"":26,""duration_weeks"":1,""recovery_weeks"":1}]"
A,2718,41,Independent baseline,False,,False,Non-failure,Unclassified,Unclassified,5,0.8256720889380393,254.35030435299961,False,True,True,True,True,"[{""target"":""S1C"",""magnitude"":0.30018798878213016,""start_week"":17,""duration_weeks"":1,""recovery_weeks"":2},{""target"":""S1B"",""magnitude"":0.4429875585029275,""start_week"":21,""duration_weeks"":1,""recovery_weeks"":2},{""target"":""S1A"",""magnitude"":0.44925024138648395,""start_week"":22,""duration_weeks"":4,""recovery_weeks"":3},{""target"":""corridor"",""magnitude"":0.21546596123016565,""start_week"":39,""duration_weeks"":2,""recovery_weeks"":2},{""target"":""S1A"",""magnitude"":0.2064584947682786,""start_week"":48,""duration_weeks"":3,""recovery_weeks"":2}]"
A,2718,42,Independent baseline,True,True,True,Structural,Concentrated dependency; Hidden convergent dependency; Propagation-amplified cascade,Hidden convergent dependency,4,0.745637585237151,888.6937081603133,True,True,True,False,False,"[{""target"":""demand"",""magnitude"":0.09133517574195049,""start_week"":24,""duration_weeks"":1,""recovery_weeks"":1},{""target"":""T2P"",""magnitude"":0.32892617328656404,""start_week"":30,""duration_weeks"":5,""recovery_weeks"":3},{""target"":""corridor"",""magnitude"":0.2945155192366846,""start_week"":39,""duration_weeks"":3,""recovery_weeks"":4},{""target"":""S1A"",""magnitude"":0.39168903747420014,""start_week"":46,""duration_weeks"":1,""recovery_weeks"":3}]"
A,2718,43,Independent baseline,False,,False,Non-failure,Unclassified,Unclassified,3,0.8631668576350425,193.67479948320545,True,True,False,False,False,"[{""target"":""T2P"",""magnitude"":0.3410499427094873,""start_week"":10,""duration_weeks"":2,""recovery_weeks"":2},{""target"":""T2P"",""magnitude"":0.3553752161613064,""start_week"":45,""duration_weeks"":2,""recovery_weeks"":4},{""target"":""corridor"",""magnitude"":0.2534179405902891,""start_week"":50,""duration_weeks"":2,""recovery_weeks"":2}]"
A,2718,44,Independent baseline,False,,False,Non-failure,Unclassified,Unclassified,0,1.0,0.0,False,False,False,False,False,[]
A,2718,45,Independent baseline,False,,False,Non-failure,Unclassified,Unclassified,4,0.876421029406279,159.05655737904794,True,True,False,False,False,"[{""target"":""T2P"",""magnitude"":0.23756711137101996,""start_week"":2,""duration_weeks"":2,""recovery_weeks"":4},{""target"":""demand"",""magnitude"":0.07199217901351218,""start_week"":4,""duration_weeks"":1,""recovery_weeks"":2},{""target"":""T2P"",""magnitude"":0.3737877246907392,""start_week"":33,""duration_weeks"":1,""recovery_weeks"":4},{""target"":""corridor"",""magnitude"":0.34268422794529074,""start_week"":43,""duration_weeks"":1,""recovery_weeks"":2}]"
A,2718,46,Independent baseline,True,True,True,Structural,Concentrated dependency,Concentrated dependency,3,0.2492232129159658,3506.2032292992467,False,True,False,False,False,"[{""target"":""demand"",""magnitude"":0.1480933704022933,""start_week"":5,""duration_weeks"":2,""recovery_weeks"":1},{""target"":""corridor"",""magnitude"":0.5512853320282746,""start_week"":25,""duration_weeks"":6,""recovery_weeks"":3},{""target"":""corridor"",""magnitude"":0.5834381556282167,""start_week"":30,""duration_weeks"":1,""recovery_weeks"":3}]"
A,2718,47,Independent baseline,True,True,False,Structural,Concentrated dependency,Concentrated dependency,3,0.8854525643739842,309.2780761902425,False,True,False,False,False,"[{""target"":""corridor"",""magnitude"":0.19668263940887842,""start_week"":17,""duration_weeks"":1,""recovery_weeks"":1},{""target"":""corridor"",""magnitude"":0.3359105767195118,""start_week"":25,""duration_weeks"":2,""recovery_weeks"":1},{""target"":""corridor"",""magnitude"":0.21455549157331516,""start_week"":44,""duration_weeks"":1,""recovery_weeks"":4}]"
A,2718,48,Independent baseline,True,True,True,Structural,Concentrated dependency; Hidden convergent dependency,Hidden convergent dependency,4,0.4209150553563241,1477.2115038817005,True,True,True,False,False,"[{""target"":""demand"",""magnitude"":0.12086048881480678,""start_week"":18,""duration_weeks"":1,""recovery_weeks"":2},{""target"":""corridor"",""magnitude"":0.21767353504050613,""start_week"":24,""duration_weeks"":3,""recovery_weeks"":1},{""target"":""S1A"",""magnitude"":0.35502729151555984,""start_week"":33,""duration_weeks"":4,""recovery_weeks"":3},{""target"":""T2P"",""magnitude"":0.6211764501793082,""start_week"":44,""duration_weeks"":3,""recovery_weeks"":2}]"
A,2718,49,Independent baseline,True,True,True,Structural,Concentrated dependency; Hidden convergent dependency,Hidden convergent dependency,4,0.5799444854909037,1591.2698816300303,True,True,False,True,False,"[{""target"":""demand"",""magnitude"":0.11674309573961829,""start_week"":6,""duration_weeks"":1,""recovery_weeks"":3},{""target"":""T2P"",""magnitude"":0.4780499630581867,""start_week"":24,""duration_weeks"":3,""recovery_weeks"":3},{""target"":""S1B"",""magnitude"":0.3050707666196424,""start_week"":39,""duration_weeks"":1,""recovery_weeks"":3},{""target"":""corridor"",""magnitude"":0.45370924269885826,""start_week"":44,""duration_weeks"":20,""recovery_weeks"":3}]"
A,2718,50,Independent baseline,True,True,False,Structural,Concentrated dependency; Hidden convergent dependency; Propagation-amplified cascade,Hidden convergent dependency,3,0.8022338397773647,506.93203730241623,True,False,False,False,False,"[{""target"":""T2P"",""magnitude"":0.34405197347527827,""start_week"":11,""duration_weeks"":1,""recovery_weeks"":1},{""target"":""T2P"",""magnitude"":0.2779895442003718,""start_week"":20,""duration_weeks"":5,""recovery_weeks"":2},{""target"":""demand"",""magnitude"":0.07738787852753999,""start_week"":41,""duration_weeks"":1,""recovery_weeks"":2}]"
A,2718,51,Independent baseline,False,,False,Non-failure,Unclassified,Unclassified,0,1.0,0.0,False,False,False,False,False,[]
A,2718,52,Independent baseline,False,,False,Non-failure,Unclassified,Unclassified,3,0.8632881758733696,198.04686468967338,True,True,False,False,False,"[{""target"":""demand"",""magnitude"":0.1583617474991153,""start_week"":26,""duration_weeks"":3,""recovery_weeks"":2},{""target"":""corridor"",""magnitude"":0.32130049647729336,""start_week"":30,""duration_weeks"":2,""recovery_weeks"":2},{""target"":""T2P"",""magnitude"":0.25498013444307266,""start_week"":45,""duration_weeks"":8,""recovery_weeks"":4}]"
A,2718,53,Independent baseline,True,True,True,Structural,Concentrated dependency; Hidden convergent dependency; Propagation-amplified cascade; Recovery lag and temporal overlap,Hidden convergent dependency,4,0.6724526853981241,1582.280289984691,True,False,False,True,False,"[{""target"":""demand"",""magnitude"":0.07810279219535626,""start_week"":18,""duration_weeks"":3,""recovery_weeks"":4},{""target"":""T2P"",""magnitude"":0.2701103052248098,""start_week"":22,""duration_weeks"":10,""recovery_weeks"":4},{""target"":""S1B"",""magnitude"":0.3081737142366408,""start_week"":27,""duration_weeks"":1,""recovery_weeks"":4},{""target"":""T2P"",""magnitude"":0.3947925831416883,""start_week"":40,""duration_weeks"":1,""recovery_weeks"":1}]"
A,2718,54,Independent baseline,False,,False,Non-failure,Unclassified,Unclassified,2,0.8986902831479968,101.45736175917637,False,False,True,False,False,"[{""target"":""demand"",""magnitude"":0.11273040195464029,""start_week"":9,""duration_weeks"":7,""recovery_weeks"":1},{""target"":""S1A"",""magnitude"":0.19283758663066003,""start_week"":38,""duration_weeks"":4,""recovery_weeks"":3}]"
A,2718,55,Independent baseline,True,True,True,Structural,Hidden convergent dependency; Compounding moderate disturbance; Recovery lag and temporal overlap,Hidden convergent dependency,4,0.6223573328296755,1532.3191885439321,True,False,True,False,False,"[{""target"":""demand"",""magnitude"":0.217692521736553,""start_week"":16,""duration_weeks"":4,""recovery_weeks"":4},{""target"":""T2P"",""magnitude"":0.24789734677839828,""start_week"":22,""duration_weeks"":4,""recovery_weeks"":1},{""target"":""S1A"",""magnitude"":0.1911354171462532,""start_week"":26,""duration_weeks"":1,""recovery_weeks"":3},{""target"":""T2P"",""magnitude"":0.43987840045329185,""start_week"":37,""duration_weeks"":3,""recovery_weeks"":4}]"
A,2718,56,Independent baseline,True,True,False,Structural,Concentrated dependency; Hidden convergent dependency; Propagation-amplified cascade,Hidden convergent dependency,5,0.6583623451059224,988.8492522768352,True,True,False,True,False,"[{""target"":""T2P"",""magnitude"":0.4680658115060643,""start_week"":22,""duration_weeks"":1,""recovery_weeks"":2},{""target"":""T2P"",""magnitude"":0.4074738894046698,""start_week"":25,""duration_weeks"":1,""recovery_weeks"":2},{""target"":""demand"",""magnitude"":0.09996943650621602,""start_week"":33,""duration_weeks"":5,""recovery_weeks"":4},{""target"":""S1B"",""magnitude"":0.24873103368653238,""start_week"":35,""duration_weeks"":4,""recovery_weeks"":1},{""target"":""corridor"",""magnitude"":0.36611445417186267,""start_week"":41,""duration_weeks"":1,""recovery_weeks"":1}]"
A,2718,57,Independent baseline,False,,False,Non-failure,Unclassified,Unclassified,3,0.9031987476555716,348.48450843994215,True,True,True,False,False,"[{""target"":""T2P"",""magnitude"":0.18593919192695918,""start_week"":12,""duration_weeks"":1,""recovery_weeks"":4},{""target"":""corridor"",""magnitude"":0.32260093925832123,""start_week"":26,""duration_weeks"":3,""recovery_weeks"":1},{""target"":""S1A"",""magnitude"":0.23198872572016477,""start_week"":31,""duration_weeks"":3,""recovery_weeks"":2}]"
A,2718,58,Independent baseline,False,,False,Non-failure,Unclassified,Unclassified,3,0.8467509845492374,222.07124433166962,False,True,False,True,False,"[{""target"":""S1B"",""magnitude"":0.31722122934962904,""start_week"":5,""duration_weeks"":1,""recovery_weeks"":2},{""target"":""corridor"",""magnitude"":0.364936761588072,""start_week"":14,""duration_weeks"":1,""recovery_weeks"":1},{""target"":""demand"",""magnitude"":0.22860327415419002,""start_week"":42,""duration_weeks"":2,""recovery_weeks"":1}]"
A,2718,59,Independent baseline,False,,False,Non-failure,Unclassified,Unclassified,0,1.0,0.0,False,False,False,False,False,[]
A,2718,60,Independent baseline,True,True,False,Structural,Concentrated dependency; Hidden convergent dependency; Propagation-amplified cascade,Hidden convergent dependency,1,0.8431923768214239,348.1697412402099,True,False,False,False,False,"[{""target"":""T2P"",""magnitude"":0.24112686086071847,""start_week"":16,""duration_weeks"":5,""recovery_weeks"":4}]"
A,2718,61,Independent baseline,False,,False,Non-failure,Unclassified,Unclassified,4,0.8831325445666038,119.09957405280988,False,True,False,False,True,"[{""target"":""demand"",""magnitude"":0.13233286005867761,""start_week"":3,""duration_weeks"":6,""recovery_weeks"":3},{""target"":""demand"",""magnitude"":0.07669817054308184,""start_week"":13,""duration_weeks"":13,""recovery_weeks"":3},{""target"":""corridor"",""magnitude"":0.20427370752293816,""start_week"":36,""duration_weeks"":6,""recovery_weeks"":4},{""target"":""S1C"",""magnitude"":0.26574254544593173,""start_week"":37,""duration_weeks"":1,""recovery_weeks"":3}]"
A,2718,62,Independent baseline,False,,False,Non-failure,Unclassified,Unclassified,4,0.8786452680775011,124.3041562941819,True,False,False,False,True,"[{""target"":""demand"",""magnitude"":0.13811572921575754,""start_week"":2,""duration_weeks"":4,""recovery_weeks"":2},{""target"":""T2P"",""magnitude"":0.3705715576542394,""start_week"":16,""duration_weeks"":1,""recovery_weeks"":1},{""target"":""demand"",""magnitude"":0.17930510284469714,""start_week"":29,""duration_weeks"":6,""recovery_weeks"":1},{""target"":""S1C"",""magnitude"":0.40564703171081984,""start_week"":51,""duration_weeks"":1,""recovery_weeks"":2}]"
A,2718,63,Independent baseline,False,,False,Non-failure,Unclassified,Unclassified,2,0.9117028029308576,87.16379625768798,False,False,True,False,False,"[{""target"":""demand"",""magnitude"":0.09684866250854214,""start_week"":8,""duration_weeks"":3,""recovery_weeks"":4},{""target"":""S1A"",""magnitude"":0.2799686070073806,""start_week"":44,""duration_weeks"":1,""recovery_weeks"":1}]"
A,2718,64,Independent baseline,True,True,True,Structural,Compounding moderate disturbance; Recovery lag and temporal overlap,Compounding moderate disturbance,6,0.6934794498127214,2296.985620332707,True,True,False,False,False,"[{""target"":""demand"",""magnitude"":0.16317257319045098,""start_week"":15,""duration_weeks"":1,""recovery_weeks"":3},{""target"":""corridor"",""magnitude"":0.2927823993998009,""start_week"":16,""duration_weeks"":2,""recovery_weeks"":4},{""target"":""corridor"",""magnitude"":0.3850619568164897,""start_week"":22,""duration_weeks"":1,""recovery_weeks"":4},{""target"":""T2P"",""magnitude"":0.3758684951685508,""start_week"":29,""duration_weeks"":6,""recovery_weeks"":1},{""target"":""T2P"",""magnitude"":0.34823815567780114,""start_week"":42,""duration_weeks"":5,""recovery_weeks"":4},{""target"":""corridor"",""magnitude"":0.29072287176198314,""start_week"":50,""duration_weeks"":2,""recovery_weeks"":4}]"
A,2718,65,Independent baseline,False,,False,Non-failure,Unclassified,Unclassified,2,0.9432375032191084,54.16053425404925,False,False,False,True,False,"[{""target"":""S1B"",""magnitude"":0.18382936124767466,""start_week"":17,""duration_weeks"":8,""recovery_weeks"":2},{""target"":""demand"",""magnitude"":0.06017837139338812,""start_week"":49,""duration_weeks"":3,""recovery_weeks"":3}]"
A,2718,66,Independent baseline,True,True,False,Structural,Concentrated dependency,Concentrated dependency,1,0.8620944142599486,248.23005433209255,False,False,True,False,False,"[{""target"":""S1A"",""magnitude"":0.5602875679151158,""start_week"":39,""duration_weeks"":1,""recovery_weeks"":2}]"
A,2718,67,Independent baseline,False,,False,Non-failure,Unclassified,Unclassified,2,0.6530261695337476,336.82934225888164,True,False,False,False,False,"[{""target"":""T2P"",""magnitude"":0.4122764474196272,""start_week"":20,""duration_weeks"":2,""recovery_weeks"":1},{""target"":""T2P"",""magnitude"":0.15966620408527502,""start_week"":39,""duration_weeks"":5,""recovery_weeks"":1}]"
A,2718,68,Independent baseline,True,True,True,Structural,Concentrated dependency; Propagation-amplified cascade,Propagation-amplified cascade,4,0.756030444678508,996.794498420071,True,False,True,False,False,"[{""target"":""T2P"",""magnitude"":0.3195725997893428,""start_week"":3,""duration_weeks"":6,""recovery_weeks"":2},{""target"":""S1A"",""magnitude"":0.49199689439878047,""start_week"":5,""duration_weeks"":1,""recovery_weeks"":1},{""target"":""demand"",""magnitude"":0.1982596771945031,""start_week"":19,""duration_weeks"":2,""recovery_weeks"":2},{""target"":""demand"",""magnitude"":0.053115855351595534,""start_week"":41,""duration_weeks"":5,""recovery_weeks"":1}]"
A,2718,69,Independent baseline,True,True,False,Structural,Concentrated dependency,Concentrated dependency,2,0.8606909289256994,752.2689838012229,False,True,False,True,False,"[{""target"":""corridor"",""magnitude"":0.35448180330572543,""start_week"":10,""duration_weeks"":5,""recovery_weeks"":2},{""target"":""S1B"",""magnitude"":0.22027840352239897,""start_week"":46,""duration_weeks"":2,""recovery_weeks"":2}]"
A,2718,70,Independent baseline,False,,False,Non-failure,Unclassified,Unclassified,2,0.9531911266651214,109.97178002885937,False,True,False,False,False,"[{""target"":""corridor"",""magnitude"":0.277963374993915,""start_week"":11,""duration_weeks"":2,""recovery_weeks"":4},{""target"":""corridor"",""magnitude"":0.2851066550011589,""start_week"":42,""duration_weeks"":4,""recovery_weeks"":4}]"
A,2718,71,Independent baseline,True,True,False,Structural,Concentrated dependency; Propagation-amplified cascade; Recovery lag and temporal overlap,Propagation-amplified cascade,5,0.8364251730674706,272.44227366833866,True,True,False,True,False,"[{""target"":""T2P"",""magnitude"":0.2799904575697275,""start_week"":11,""duration_weeks"":1,""recovery_weeks"":1},{""target"":""corridor"",""magnitude"":0.35528553747525404,""start_week"":12,""duration_weeks"":1,""recovery_weeks"":4},{""target"":""S1B"",""magnitude"":0.42722195633240023,""start_week"":21,""duration_weeks"":1,""recovery_weeks"":2},{""target"":""demand"",""magnitude"":0.2641587401211157,""start_week"":36,""duration_weeks"":1,""recovery_weeks"":2},{""target"":""corridor"",""magnitude"":0.4166241612076451,""start_week"":50,""duration_weeks"":2,""recovery_weeks"":2}]"
A,2718,72,Independent baseline,True,False,False,Adaptation-limited,Concentrated dependency,Concentrated dependency,1,0.7184233673671464,506.83793873913646,False,True,False,False,False,"[{""target"":""corridor"",""magnitude"":0.4611824744746402,""start_week"":43,""duration_weeks"":1,""recovery_weeks"":2}]"
A,2718,73,Independent baseline,True,True,False,Structural,Concentrated dependency,Concentrated dependency,5,0.8230050912373367,348.8483285633258,True,True,True,True,False,"[{""target"":""demand"",""magnitude"":0.13784505281437096,""start_week"":9,""duration_weeks"":2,""recovery_weeks"":4},{""target"":""T2P"",""magnitude"":0.19037255041766513,""start_week"":21,""duration_weeks"":5,""recovery_weeks"":3},{""target"":""S1A"",""magnitude"":0.6482385447159925,""start_week"":23,""duration_weeks"":4,""recovery_weeks"":1},{""target"":""corridor"",""magnitude"":0.29089838079750163,""start_week"":32,""duration_weeks"":3,""recovery_weeks"":1},{""target"":""S1B"",""magnitude"":0.3543874437541118,""start_week"":35,""duration_weeks"":6,""recovery_weeks"":2}]"
A,2718,74,Independent baseline,False,,False,Non-failure,Unclassified,Unclassified,2,0.859861610397899,205.473498380514,False,False,False,True,False,"[{""target"":""S1B"",""magnitude"":0.30507847102924335,""start_week"":18,""duration_weeks"":1,""recovery_weeks"":4},{""target"":""demand"",""magnitude"":0.13450893463093272,""start_week"":19,""duration_weeks"":7,""recovery_weeks"":1}]"
A,2718,75,Independent baseline,False,,False,Non-failure,Unclassified,Unclassified,2,0.9215837695078654,78.93207114221707,False,False,False,False,True,"[{""target"":""S1C"",""magnitude"":0.28455770893634774,""start_week"":5,""duration_weeks"":4,""recovery_weeks"":4},{""target"":""demand"",""magnitude"":0.11842026476810591,""start_week"":41,""duration_weeks"":3,""recovery_weeks"":1}]"
A,2718,76,Independent baseline,True,True,True,Structural,Concentrated dependency,Concentrated dependency,4,0.3490729150095102,3153.497876557489,True,True,True,False,False,"[{""target"":""corridor"",""magnitude"":0.545141824398864,""start_week"":9,""duration_weeks"":4,""recovery_weeks"":4},{""target"":""T2P"",""magnitude"":0.4911617815553365,""start_week"":14,""duration_weeks"":2,""recovery_weeks"":3},{""target"":""T2P"",""magnitude"":0.38258249455229343,""start_week"":15,""duration_weeks"":1,""recovery_weeks"":2},{""target"":""S1A"",""magnitude"":0.24956778404463165,""start_week"":20,""duration_weeks"":1,""recovery_weeks"":3}]"
A,2718,77,Independent baseline,True,True,False,Structural,Concentrated dependency; Hidden convergent dependency; Propagation-amplified cascade,Hidden convergent dependency,6,0.7304364696505846,525.3404077536406,True,False,False,True,True,"[{""target"":""S1C"",""magnitude"":0.16153156245356867,""start_week"":4,""duration_weeks"":7,""recovery_weeks"":4},{""target"":""demand"",""magnitude"":0.061605678854503854,""start_week"":6,""duration_weeks"":2,""recovery_weeks"":1},{""target"":""T2P"",""magnitude"":0.3567339405947801,""start_week"":9,""duration_weeks"":1,""recovery_weeks"":1},{""target"":""T2P"",""magnitude"":0.34260717731447377,""start_week"":27,""duration_weeks"":3,""recovery_weeks"":3},{""target"":""T2P"",""magnitude"":0.2898321353952855,""start_week"":41,""duration_weeks"":3,""recovery_weeks"":4},{""target"":""S1B"",""magnitude"":0.3167963882763068,""start_week"":51,""duration_weeks"":1,""recovery_weeks"":2}]"
A,2718,78,Independent baseline,True,True,False,Structural,Concentrated dependency,Concentrated dependency,2,0.818283301211682,327.09005781897224,False,True,False,False,False,"[{""target"":""corridor"",""magnitude"":0.3862875240912384,""start_week"":19,""duration_weeks"":1,""recovery_weeks"":2},{""target"":""demand"",""magnitude"":0.27748028824396576,""start_week"":25,""duration_weeks"":1,""recovery_weeks"":1}]"
A,2718,79,Independent baseline,True,False,False,Adaptation-limited,Concentrated dependency; Hidden convergent dependency; Propagation-amplified cascade; Recovery lag and temporal overlap,Hidden convergent dependency,6,0.8281193987214883,435.2895671573863,True,False,True,True,False,"[{""target"":""S1B"",""magnitude"":0.2990269764790426,""start_week"":2,""duration_weeks"":1,""recovery_weeks"":3},{""target"":""T2P"",""magnitude"":0.2591563084624912,""start_week"":5,""duration_weeks"":3,""recovery_weeks"":3},{""target"":""S1A"",""magnitude"":0.5154465656961057,""start_week"":12,""duration_weeks"":1,""recovery_weeks"":4},{""target"":""T2P"",""magnitude"":0.18072551618567592,""start_week"":13,""duration_weeks"":5,""recovery_weeks"":4},{""target"":""T2P"",""magnitude"":0.33460434777213727,""start_week"":32,""duration_weeks"":2,""recovery_weeks"":3},{""target"":""S1B"",""magnitude"":0.47927628690899515,""start_week"":51,""duration_weeks"":1,""recovery_weeks"":2}]"
A,2718,80,Independent baseline,False,,False,Non-failure,Unclassified,Unclassified,1,0.9800915292868358,41.80778849764488,False,False,True,False,False,"[{""target"":""S1A"",""magnitude"":0.2947940591046193,""start_week"":30,""duration_weeks"":5,""recovery_weeks"":4}]"
A,2718,81,Independent baseline,False,,False,Non-failure,Unclassified,Unclassified,2,0.8126740664224464,207.45505139837883,False,False,False,False,False,"[{""target"":""demand"",""magnitude"":0.23050561266486552,""start_week"":20,""duration_weeks"":1,""recovery_weeks"":4},{""target"":""demand"",""magnitude"":0.12942603954464274,""start_week"":34,""duration_weeks"":1,""recovery_weeks"":1}]"
A,2718,82,Independent baseline,True,True,False,Structural,Concentrated dependency; Hidden convergent dependency; Propagation-amplified cascade,Hidden convergent dependency,3,0.7657762456599583,398.6062050771684,True,False,False,True,False,"[{""target"":""T2P"",""magnitude"":0.4662020683590561,""start_week"":1,""duration_weeks"":1,""recovery_weeks"":3},{""target"":""S1B"",""magnitude"":0.5405466696326676,""start_week"":41,""duration_weeks"":1,""recovery_weeks"":3},{""target"":""T2P"",""magnitude"":0.3378073011912205,""start_week"":48,""duration_weeks"":2,""recovery_weeks"":3}]"
A,2718,83,Independent baseline,True,True,True,Structural,Concentrated dependency; Hidden convergent dependency; Propagation-amplified cascade,Hidden convergent dependency,2,0.5071808358269713,2132.992110412218,True,False,False,False,False,"[{""target"":""T2P"",""magnitude"":0.5435372477557259,""start_week"":12,""duration_weeks"":4,""recovery_weeks"":4},{""target"":""T2P"",""magnitude"":0.24588739867131387,""start_week"":44,""duration_weeks"":1,""recovery_weeks"":2}]"
A,2718,84,Independent baseline,False,,False,Non-failure,Unclassified,Unclassified,5,0.8609198677603784,300.32925866381845,False,False,True,True,False,"[{""target"":""demand"",""magnitude"":0.08540486701495525,""start_week"":2,""duration_weeks"":1,""recovery_weeks"":1},{""target"":""S1A"",""magnitude"":0.3944727454833973,""start_week"":19,""duration_weeks"":1,""recovery_weeks"":2},{""target"":""S1B"",""magnitude"":0.3013829228730074,""start_week"":36,""duration_weeks"":6,""recovery_weeks"":4},{""target"":""demand"",""magnitude"":0.15773354051507754,""start_week"":38,""duration_weeks"":4,""recovery_weeks"":2},{""target"":""demand"",""magnitude"":0.1251304041253785,""start_week"":45,""duration_weeks"":4,""recovery_weeks"":3}]"
A,2718,85,Independent baseline,False,,False,Non-failure,Unclassified,Unclassified,4,0.743990818187857,230.4082636309288,True,True,False,False,False,"[{""target"":""demand"",""magnitude"":0.1415216369720858,""start_week"":11,""duration_weeks"":1,""recovery_weeks"":2},{""target"":""corridor"",""magnitude"":0.452144670908618,""start_week"":27,""duration_weeks"":1,""recovery_weeks"":2},{""target"":""T2P"",""magnitude"":0.36459948663848796,""start_week"":41,""duration_weeks"":1,""recovery_weeks"":2},{""target"":""T2P"",""magnitude"":0.30372062603501754,""start_week"":48,""duration_weeks"":3,""recovery_weeks"":3}]"
A,2718,86,Independent baseline,False,,False,Non-failure,Unclassified,Unclassified,2,0.9023047566673282,205.1600109986107,False,False,True,False,False,"[{""target"":""S1A"",""magnitude"":0.46981429749851156,""start_week"":7,""duration_weeks"":2,""recovery_weeks"":4},{""target"":""S1A"",""magnitude"":0.4245632749251925,""start_week"":48,""duration_weeks"":7,""recovery_weeks"":4}]"
A,2718,87,Independent baseline,True,True,True,Structural,Concentrated dependency,Concentrated dependency,6,0.5464888272234548,4220.147973708394,True,True,True,False,False,"[{""target"":""corridor"",""magnitude"":0.24637990564536444,""start_week"":1,""duration_weeks"":1,""recovery_weeks"":2},{""target"":""corridor"",""magnitude"":0.32254311202341857,""start_week"":9,""duration_weeks"":3,""recovery_weeks"":1},{""target"":""corridor"",""magnitude"":0.527797479109863,""start_week"":29,""duration_weeks"":6,""recovery_weeks"":2},{""target"":""S1A"",""magnitude"":0.3430735192672253,""start_week"":30,""duration_weeks"":1,""recovery_weeks"":4},{""target"":""T2P"",""magnitude"":0.5081600554988907,""start_week"":31,""duration_weeks"":8,""recovery_weeks"":2},{""target"":""demand"",""magnitude"":0.11670839573592971,""start_week"":32,""duration_weeks"":4,""recovery_weeks"":2}]"
A,2718,88,Independent baseline,False,,False,Non-failure,Unclassified,Unclassified,2,0.9365878612185652,133.16549144101327,False,False,True,False,False,"[{""target"":""S1A"",""magnitude"":0.39267731225822844,""start_week"":14,""duration_weeks"":2,""recovery_weeks"":1},{""target"":""demand"",""magnitude"":0.0963200467462054,""start_week"":18,""duration_weeks"":4,""recovery_weeks"":1}]"
A,2718,89,Independent baseline,False,,False,Non-failure,Unclassified,Unclassified,0,1.0,0.0,False,False,False,False,False,[]
A,2718,90,Independent baseline,False,,False,Non-failure,Unclassified,Unclassified,1,1.0,0.0,True,False,False,False,False,"[{""target"":""T2P"",""magnitude"":0.2508675268002985,""start_week"":38,""duration_weeks"":1,""recovery_weeks"":4}]"
A,2718,91,Independent baseline,True,True,True,Structural,Concentrated dependency,Concentrated dependency,3,0.7387503698188853,1545.3195312098683,True,True,False,False,False,"[{""target"":""demand"",""magnitude"":0.11216479961300387,""start_week"":20,""duration_weeks"":1,""recovery_weeks"":4},{""target"":""T2P"",""magnitude"":0.23291120914855878,""start_week"":29,""duration_weeks"":13,""recovery_weeks"":3},{""target"":""corridor"",""magnitude"":0.445937222635836,""start_week"":35,""duration_weeks"":6,""recovery_weeks"":4}]"
A,2718,92,Independent baseline,True,True,False,Structural,Concentrated dependency,Concentrated dependency,3,0.8706551799228005,551.261867797469,True,True,False,False,False,"[{""target"":""T2P"",""magnitude"":0.2572541433167233,""start_week"":3,""duration_weeks"":2,""recovery_weeks"":1},{""target"":""demand"",""magnitude"":0.14645027704938196,""start_week"":16,""duration_weeks"":1,""recovery_weeks"":2},{""target"":""corridor"",""magnitude"":0.3470086150578995,""start_week"":32,""duration_weeks"":6,""recovery_weeks"":1}]"
A,2718,93,Independent baseline,True,False,False,Adaptation-limited,Concentrated dependency; Hidden convergent dependency; Propagation-amplified cascade,Hidden convergent dependency,1,0.713362650544116,350.9692169286784,True,False,False,False,False,"[{""target"":""T2P"",""magnitude"":0.3859912048367653,""start_week"":1,""duration_weeks"":2,""recovery_weeks"":2}]"
A,2718,94,Independent baseline,True,True,False,Structural,Hidden convergent dependency; Compounding moderate disturbance,Hidden convergent dependency,6,0.7865120863314794,505.9816806647008,True,True,False,False,True,"[{""target"":""corridor"",""magnitude"":0.19040910751294193,""start_week"":2,""duration_weeks"":4,""recovery_weeks"":2},{""target"":""demand"",""magnitude"":0.1415439550346625,""start_week"":8,""duration_weeks"":1,""recovery_weeks"":2},{""target"":""T2P"",""magnitude"":0.3222663632786338,""start_week"":32,""duration_weeks"":2,""recovery_weeks"":2},{""target"":""demand"",""magnitude"":0.18507300627819462,""start_week"":37,""duration_weeks"":4,""recovery_weeks"":1},{""target"":""S1C"",""magnitude"":0.36777184868846874,""start_week"":43,""duration_weeks"":2,""recovery_weeks"":3},{""target"":""S1C"",""magnitude"":0.23662639698902044,""start_week"":46,""duration_weeks"":1,""recovery_weeks"":1}]"
A,2718,95,Independent baseline,False,,False,Non-failure,Unclassified,Unclassified,2,0.816846000567304,201.79886952368634,False,False,False,False,False,"[{""target"":""demand"",""magnitude"":0.22422096613742926,""start_week"":41,""duration_weeks"":1,""recovery_weeks"":3},{""target"":""demand"",""magnitude"":0.09369968710641621,""start_week"":49,""duration_weeks"":4,""recovery_weeks"":2}]"
A,2718,96,Independent baseline,True,True,True,Structural,Concentrated dependency,Concentrated dependency,4,0.6429594945380136,3490.4925224211433,True,True,False,True,False,"[{""target"":""demand"",""magnitude"":0.12271058349847543,""start_week"":1,""duration_weeks"":1,""recovery_weeks"":2},{""target"":""corridor"",""magnitude"":0.5177803790964898,""start_week"":18,""duration_weeks"":10,""recovery_weeks"":4},{""target"":""S1B"",""magnitude"":0.27944886686213843,""start_week"":47,""duration_weeks"":2,""recovery_weeks"":4},{""target"":""T2P"",""magnitude"":0.37380346959858335,""start_week"":48,""duration_weeks"":3,""recovery_weeks"":4}]"
A,2718,97,Independent baseline,False,,False,Non-failure,Unclassified,Unclassified,2,0.9925962016623884,15.547976508984561,False,True,True,False,False,"[{""target"":""corridor"",""magnitude"":0.23724188268273141,""start_week"":13,""duration_weeks"":9,""recovery_weeks"":4},{""target"":""S1A"",""magnitude"":0.26665854625962626,""start_week"":36,""duration_weeks"":6,""recovery_weeks"":4}]"
A,2718,98,Independent baseline,False,,False,Non-failure,Unclassified,Unclassified,2,0.9697972531547244,48.1186199152429,False,True,True,False,False,"[{""target"":""S1A"",""magnitude"":0.2578079055078164,""start_week"":10,""duration_weeks"":1,""recovery_weeks"":4},{""target"":""corridor"",""magnitude"":0.2726520601339567,""start_week"":37,""duration_weeks"":1,""recovery_weeks"":2}]"
A,2718,99,Independent baseline,False,,False,Non-failure,Unclassified,Unclassified,1,0.8005585769130765,224.21504928517015,False,False,False,False,False,"[{""target"":""demand"",""magnitude"":0.24912783253907805,""start_week"":5,""duration_weeks"":1,""recovery_weeks"":1}]"
A,2718,100,Independent baseline,False,,False,Non-failure,Unclassified,Unclassified,2,0.9126729656119129,157.1886618985568,True,True,False,False,False,"[{""target"":""corridor"",""magnitude"":0.3154952757910654,""start_week"":13,""duration_weeks"":1,""recovery_weeks"":1},{""target"":""T2P"",""magnitude"":0.1701245797245623,""start_week"":46,""duration_weeks"":5,""recovery_weeks"":4}]"
A,2718,101,Independent baseline,False,,False,Non-failure,Unclassified,Unclassified,0,1.0,0.0,False,False,False,False,False,[]
A,2718,102,Independent baseline,True,True,False,Structural,Concentrated dependency; Hidden convergent dependency; Propagation-amplified cascade,Hidden convergent dependency,2,0.8091424959605368,363.5981446895171,True,False,False,False,True,"[{""target"":""S1C"",""magnitude"":0.4329498955436587,""start_week"":2,""duration_weeks"":7,""recovery_weeks"":4},{""target"":""T2P"",""magnitude"":0.3134611128432001,""start_week"":26,""duration_weeks"":3,""recovery_weeks"":4}]"
A,2718,103,Independent baseline,False,,False,Non-failure,Unclassified,Unclassified,1,0.8661414744510597,139.09121840678426,False,False,False,False,False,"[{""target"":""demand"",""magnitude"":0.15454579822976,""start_week"":9,""duration_weeks"":2,""recovery_weeks"":2}]"
A,2718,104,Independent baseline,False,,False,Non-failure,Unclassified,Unclassified,3,0.9149303266719209,244.26662250514642,True,False,False,False,True,"[{""target"":""S1C"",""magnitude"":0.18467429950080183,""start_week"":8,""duration_weeks"":2,""recovery_weeks"":2},{""target"":""T2P"",""magnitude"":0.3422187114747652,""start_week"":13,""duration_weeks"":1,""recovery_weeks"":2},{""target"":""S1C"",""magnitude"":0.441406764988178,""start_week"":15,""duration_weeks"":7,""recovery_weeks"":1}]"
A,2718,105,Independent baseline,True,False,True,Adaptation-limited,Concentrated dependency,Concentrated dependency,1,0.7553390913326558,1411.3150201541164,False,True,False,False,False,"[{""target"":""corridor"",""magnitude"":0.4334956815005082,""start_week"":28,""duration_weeks"":5,""recovery_weeks"":4}]"
A,2718,106,Independent baseline,False,,False,Non-failure,Unclassified,Unclassified,1,0.9110142261720742,80.08719644513326,False,True,False,False,False,"[{""target"":""corridor"",""magnitude"":0.3167393303709445,""start_week"":50,""duration_weeks"":1,""recovery_weeks"":3}]"
A,2718,107,Independent baseline,False,,False,Non-failure,Unclassified,Unclassified,2,0.9684733345999987,66.2059973400028,False,False,True,False,True,"[{""target"":""S1A"",""magnitude"":0.17248980042288226,""start_week"":20,""duration_weeks"":2,""recovery_weeks"":4},{""target"":""S1C"",""magnitude"":0.32093499715000273,""start_week"":26,""duration_weeks"":2,""recovery_weeks"":3}]"
A,2718,108,Independent baseline,False,,False,Non-failure,Unclassified,Unclassified,4,0.8582568013284773,318.4673194896161,False,True,False,False,True,"[{""target"":""demand"",""magnitude"":0.06638088698962467,""start_week"":3,""duration_weeks"":3,""recovery_weeks"":2},{""target"":""S1C"",""magnitude"":0.24943522513816196,""start_week"":8,""duration_weeks"":7,""recovery_weeks"":4},{""target"":""demand"",""magnitude"":0.1866613009767455,""start_week"":11,""duration_weeks"":8,""recovery_weeks"":4},{""target"":""corridor"",""magnitude"":0.35630739900364206,""start_week"":42,""duration_weeks"":1,""recovery_weeks"":2}]"
A,2718,109,Independent baseline,False,,False,Non-failure,Unclassified,Unclassified,1,0.8158402927181335,214.2068872409119,False,False,False,False,False,"[{""target"":""demand"",""magnitude"":0.22573009561503993,""start_week"":10,""duration_weeks"":3,""recovery_weeks"":2}]"
A,2718,110,Independent baseline,True,True,False,Structural,Concentrated dependency,Concentrated dependency,2,0.8953725448844752,188.32941920794474,True,False,False,True,False,"[{""target"":""S1B"",""magnitude"":0.4854117740099311,""start_week"":7,""duration_weeks"":1,""recovery_weeks"":3},{""target"":""T2P"",""magnitude"":0.44858671702418995,""start_week"":47,""duration_weeks"":7,""recovery_weeks"":4}]"
A,2718,111,Independent baseline,False,,False,Non-failure,Unclassified,Unclassified,3,0.8424369758121755,168.32917576098725,False,True,False,False,False,"[{""target"":""corridor"",""magnitude"":0.24566992788937508,""start_week"":9,""duration_weeks"":1,""recovery_weeks"":2},{""target"":""demand"",""magnitude"":0.18703241751220784,""start_week"":22,""duration_weeks"":2,""recovery_weeks"":3},{""target"":""corridor"",""magnitude"":0.20764654882177075,""start_week"":36,""duration_weeks"":3,""recovery_weeks"":2}]"
A,2718,112,Independent baseline,True,False,True,Adaptation-limited,Concentrated dependency,Concentrated dependency,3,0.5935536834342386,1425.3478642035452,False,True,True,False,False,"[{""target"":""corridor"",""magnitude"":0.5548347374243211,""start_week"":2,""duration_weeks"":2,""recovery_weeks"":3},{""target"":""demand"",""magnitude"":0.14563395809266869,""start_week"":6,""duration_weeks"":2,""recovery_weeks"":4},{""target"":""S1A"",""magnitude"":0.27678756648964953,""start_week"":20,""duration_weeks"":6,""recovery_weeks"":2}]"
A,2718,113,Independent baseline,False,,False,Non-failure,Unclassified,Unclassified,0,1.0,0.0,False,False,False,False,False,[]
A,2718,114,Independent baseline,False,,False,Non-failure,Unclassified,Unclassified,2,0.9792209227672912,37.402339018875864,True,True,False,False,False,"[{""target"":""corridor"",""magnitude"":0.26558430792453175,""start_week"":10,""duration_weeks"":1,""recovery_weeks"":1},{""target"":""T2P"",""magnitude"":0.3008744008747588,""start_week"":32,""duration_weeks"":1,""recovery_weeks"":1}]"
A,2718,115,Independent baseline,True,True,False,Structural,Compounding moderate disturbance,Compounding moderate disturbance,2,0.8745354716314776,296.33554805575227,False,False,True,True,False,"[{""target"":""S1B"",""magnitude"":0.35140739295068424,""start_week"":20,""duration_weeks"":13,""recovery_weeks"":2},{""target"":""S1A"",""magnitude"":0.46844608956392975,""start_week"":26,""duration_weeks"":1,""recovery_weeks"":4}]"
A,2718,116,Independent baseline,False,,False,Non-failure,Unclassified,Unclassified,3,0.750890411449779,413.85019782908375,False,False,True,True,False,"[{""target"":""S1B"",""magnitude"":0.32059582215833116,""start_week"":46,""duration_weeks"":3,""recovery_weeks"":4},{""target"":""demand"",""magnitude"":0.2899673031788677,""start_week"":48,""duration_weeks"":1,""recovery_weeks"":2},{""target"":""S1A"",""magnitude"":0.29418523169440264,""start_week"":50,""duration_weeks"":7,""recovery_weeks"":1}]"
A,2718,117,Independent baseline,True,True,True,Structural,Concentrated dependency,Concentrated dependency,8,0.771264722296255,730.2214132917563,False,True,True,True,False,"[{""target"":""S1B"",""magnitude"":0.4419048749258079,""start_week"":12,""duration_weeks"":1,""recovery_weeks"":1},{""target"":""S1B"",""magnitude"":0.3071007463087368,""start_week"":18,""duration_weeks"":1,""recovery_weeks"":2},{""target"":""S1B"",""magnitude"":0.530637024860699,""start_week"":20,""duration_weeks"":17,""recovery_weeks"":4},{""target"":""corridor"",""magnitude"":0.4215514582778088,""start_week"":21,""duration_weeks"":2,""recovery_weeks"":4},{""target"":""demand"",""magnitude"":0.1338934882485306,""start_week"":39,""duration_weeks"":1,""recovery_weeks"":3},{""target"":""corridor"",""magnitude"":0.34812897775618656,""start_week"":41,""duration_weeks"":1,""recovery_weeks"":1},{""target"":""S1A"",""magnitude"":0.31889293079919534,""start_week"":49,""duration_weeks"":6,""recovery_weeks"":3},{""target"":""S1A"",""magnitude"":0.2666313867828694,""start_week"":50,""duration_weeks"":5,""recovery_weeks"":4}]"
A,2718,118,Independent baseline,False,,False,Non-failure,Unclassified,Unclassified,3,0.7174963181847249,254.25331363374755,True,True,True,False,False,"[{""target"":""T2P"",""magnitude"":0.3847511045445825,""start_week"":1,""duration_weeks"":2,""recovery_weeks"":1},{""target"":""corridor"",""magnitude"":0.24203834127415497,""start_week"":10,""duration_weeks"":1,""recovery_weeks"":4},{""target"":""S1A"",""magnitude"":0.21764429351154513,""start_week"":31,""duration_weeks"":2,""recovery_weeks"":1}]"
A,2718,119,Independent baseline,False,,False,Non-failure,Unclassified,Unclassified,2,0.9365652729574574,133.21292678933946,False,False,False,False,True,"[{""target"":""S1C"",""magnitude"":0.39272813584572086,""start_week"":5,""duration_weeks"":2,""recovery_weeks"":1},{""target"":""S1C"",""magnitude"":0.36445309005834237,""start_week"":9,""duration_weeks"":10,""recovery_weeks"":3}]"
A,2718,120,Independent baseline,False,,False,Non-failure,Unclassified,Unclassified,1,0.918717573754368,79.6264115446512,False,False,False,False,False,"[{""target"":""demand"",""magnitude"":0.08847379060516793,""start_week"":51,""duration_weeks"":4,""recovery_weeks"":1}]"
A,2718,121,Independent baseline,False,,False,Non-failure,Unclassified,Unclassified,1,1.0,0.0,True,False,False,False,False,"[{""target"":""T2P"",""magnitude"":0.23659757495656142,""start_week"":27,""duration_weeks"":3,""recovery_weeks"":2}]"
A,2718,122,Independent baseline,True,True,False,Structural,Concentrated dependency,Concentrated dependency,1,0.8806538302183032,250.62695654156335,False,False,False,True,False,"[{""target"":""S1B"",""magnitude"":0.5185288820088179,""start_week"":24,""duration_weeks"":3,""recovery_weeks"":2}]"
A,2718,123,Independent baseline,False,,False,Non-failure,Unclassified,Unclassified,1,0.8493075601755294,159.68678745070156,False,False,False,False,False,"[{""target"":""demand"",""magnitude"":0.17742976383411269,""start_week"":5,""duration_weeks"":3,""recovery_weeks"":4}]"
A,2718,124,Independent baseline,False,,False,Non-failure,Unclassified,Unclassified,3,0.928415449412,122.38887796373479,True,False,False,False,False,"[{""target"":""demand"",""magnitude"":0.06683042929433933,""start_week"":4,""duration_weeks"":8,""recovery_weeks"":4},{""target"":""T2P"",""magnitude"":0.297197338258665,""start_week"":29,""duration_weeks"":1,""recovery_weeks"":3},{""target"":""T2P"",""magnitude"":0.3159255648690694,""start_week"":40,""duration_weeks"":2,""recovery_weeks"":4}]"
A,2718,125,Independent baseline,True,False,True,Adaptation-limited,Hidden convergent dependency; Compounding moderate disturbance,Hidden convergent dependency,3,0.6717075237190803,918.2630049969874,True,False,False,False,False,"[{""target"":""demand"",""magnitude"":0.11937920334127923,""start_week"":4,""duration_weeks"":13,""recovery_weeks"":3},{""target"":""T2P"",""magnitude"":0.3258170664444927,""start_week"":29,""duration_weeks"":3,""recovery_weeks"":2},{""target"":""demand"",""magnitude"":0.11520583281167962,""start_week"":31,""duration_weeks"":12,""recovery_weeks"":1}]"
A,2718,126,Independent baseline,False,,False,Non-failure,Unclassified,Unclassified,2,1.0,0.0,True,False,False,False,True,"[{""target"":""S1C"",""magnitude"":0.19928923064306983,""start_week"":10,""duration_weeks"":1,""recovery_weeks"":1},{""target"":""T2P"",""magnitude"":0.41469396077918796,""start_week"":49,""duration_weeks"":1,""recovery_weeks"":3}]"
A,2718,127,Independent baseline,True,True,True,Structural,Concentrated dependency; Hidden convergent dependency; Propagation-amplified cascade,Hidden convergent dependency,1,0.5943023310062402,1125.6395104719195,True,False,False,False,False,"[{""target"":""T2P"",""magnitude"":0.4651279020943838,""start_week"":29,""duration_weeks"":3,""recovery_weeks"":3}]"
A,2718,128,Independent baseline,True,True,False,Structural,Concentrated dependency; Hidden convergent dependency; Propagation-amplified cascade,Hidden convergent dependency,3,0.8276996007911526,268.969558044225,True,False,False,False,False,"[{""target"":""demand"",""magnitude"":0.055848019853936864,""start_week"":4,""duration_weeks"":1,""recovery_weeks"":2},{""target"":""T2P"",""magnitude"":0.31389919875626215,""start_week"":13,""duration_weeks"":3,""recovery_weeks"":3},{""target"":""demand"",""magnitude"":0.10110593401022026,""start_week"":50,""duration_weeks"":4,""recovery_weeks"":1}]"
A,2718,129,Independent baseline,True,True,False,Structural,Concentrated dependency; Propagation-amplified cascade,Propagation-amplified cascade,5,0.8558717987209716,620.582017794213,True,False,False,True,False,"[{""target"":""T2P"",""magnitude"":0.2297153811511254,""start_week"":4,""duration_weeks"":8,""recovery_weeks"":3},{""target"":""S1B"",""magnitude"":0.5047610883320166,""start_week"":7,""duration_weeks"":3,""recovery_weeks"":4},{""target"":""S1B"",""magnitude"":0.20896556538062339,""start_week"":16,""duration_weeks"":2,""recovery_weeks"":1},{""target"":""demand"",""magnitude"":0.20327170160447056,""start_week"":42,""duration_weeks"":2,""recovery_weeks"":2},{""target"":""demand"",""magnitude"":0.20382029395996532,""start_week"":48,""duration_weeks"":1,""recovery_weeks"":3}]"
A,2718,130,Independent baseline,False,,False,Non-failure,Unclassified,Unclassified,4,0.9075950441124908,166.32892059751657,False,True,False,False,True,"[{""target"":""corridor"",""magnitude"":0.20035911882632554,""start_week"":6,""duration_weeks"":6,""recovery_weeks"":1},{""target"":""S1C"",""magnitude"":0.4579111507468958,""start_week"":8,""duration_weeks"":1,""recovery_weeks"":4},{""target"":""demand"",""magnitude"":0.11523740195052884,""start_week"":20,""duration_weeks"":1,""recovery_weeks"":1},{""target"":""demand"",""magnitude"":0.09425394634297492,""start_week"":39,""duration_weeks"":6,""recovery_weeks"":2}]"
A,2718,131,Independent baseline,True,True,False,Structural,Concentrated dependency,Concentrated dependency,2,0.7858643396889412,511.81659539517295,False,True,False,True,False,"[{""target"":""S1B"",""magnitude"":0.32108895083359174,""start_week"":23,""duration_weeks"":2,""recovery_weeks"":3},{""target"":""corridor"",""magnitude"":0.41060174523329407,""start_week"":48,""duration_weeks"":2,""recovery_weeks"":1}]"
A,2718,132,Independent baseline,False,,False,Non-failure,Unclassified,Unclassified,4,1.0,0.0,True,True,True,False,False,"[{""target"":""corridor"",""magnitude"":0.238138674633742,""start_week"":25,""duration_weeks"":3,""recovery_weeks"":4},{""target"":""corridor"",""magnitude"":0.22077863423027666,""start_week"":41,""duration_weeks"":1,""recovery_weeks"":1},{""target"":""T2P"",""magnitude"":0.2996978365313533,""start_week"":45,""duration_weeks"":1,""recovery_weeks"":4},{""target"":""S1A"",""magnitude"":0.3591210402870687,""start_week"":51,""duration_weeks"":5,""recovery_weeks"":1}]"
A,2718,133,Independent baseline,False,,False,Non-failure,Unclassified,Unclassified,0,1.0,0.0,False,False,False,False,False,[]
A,2718,134,Independent baseline,True,False,False,Adaptation-limited,Concentrated dependency; Hidden convergent dependency; Propagation-amplified cascade,Hidden convergent dependency,4,0.7382049752970135,635.494505759055,True,True,False,False,True,"[{""target"":""S1C"",""magnitude"":0.36398096140496666,""start_week"":1,""duration_weeks"":1,""recovery_weeks"":3},{""target"":""T2P"",""magnitude"":0.42815094997400627,""start_week"":18,""duration_weeks"":2,""recovery_weeks"":4},{""target"":""corridor"",""magnitude"":0.3120155532038878,""start_week"":21,""duration_weeks"":2,""recovery_weeks"":1},{""target"":""demand"",""magnitude"":0.08161099211855838,""start_week"":32,""duration_weeks"":1,""recovery_weeks"":3}]"
A,2718,135,Independent baseline,False,,False,Non-failure,Unclassified,Unclassified,4,0.9355294433501171,62.022100316921524,False,True,False,True,False,"[{""target"":""demand"",""magnitude"":0.06891344479657932,""start_week"":12,""duration_weeks"":3,""recovery_weeks"":1},{""target"":""demand"",""magnitude"":0.09293784978739522,""start_week"":36,""duration_weeks"":8,""recovery_weeks"":2},{""target"":""corridor"",""magnitude"":0.26069135703794616,""start_week"":48,""duration_weeks"":1,""recovery_weeks"":4},{""target"":""S1B"",""magnitude"":0.24140699984877628,""start_week"":51,""duration_weeks"":1,""recovery_weeks"":1}]"
A,2718,136,Independent baseline,False,,False,Non-failure,Unclassified,Unclassified,2,0.9212115336180678,822.4764292740016,False,True,False,False,False,"[{""target"":""corridor"",""magnitude"":0.26184958652119383,""start_week"":8,""duration_weeks"":1,""recovery_weeks"":4},{""target"":""corridor"",""magnitude"":0.30909134978644914,""start_week"":25,""duration_weeks"":11,""recovery_weeks"":1}]"
A,2718,137,Independent baseline,False,,False,Non-failure,Unclassified,Unclassified,6,0.5989419970393087,504.71649072615674,True,True,False,False,True,"[{""target"":""demand"",""magnitude"":0.17244378517658837,""start_week"":14,""duration_weeks"":3,""recovery_weeks"":3},{""target"":""corridor"",""magnitude"":0.2532493217055053,""start_week"":19,""duration_weeks"":15,""recovery_weeks"":2},{""target"":""corridor"",""magnitude"":0.2232339476788166,""start_week"":37,""duration_weeks"":2,""recovery_weeks"":4},{""target"":""T2P"",""magnitude"":0.4609522026646222,""start_week"":39,""duration_weeks"":2,""recovery_weeks"":1},{""target"":""corridor"",""magnitude"":0.26255081099429955,""start_week"":42,""duration_weeks"":6,""recovery_weeks"":2},{""target"":""S1C"",""magnitude"":0.2882652268014665,""start_week"":50,""duration_weeks"":6,""recovery_weeks"":4}]"
A,2718,138,Independent baseline,True,True,False,Structural,Concentrated dependency,Concentrated dependency,3,0.6378487598698405,325.9361161171437,True,True,True,False,False,"[{""target"":""corridor"",""magnitude"":0.3260161462367914,""start_week"":4,""duration_weeks"":1,""recovery_weeks"":2},{""target"":""S1A"",""magnitude"":0.38434175999589426,""start_week"":6,""duration_weeks"":1,""recovery_weeks"":2},{""target"":""T2P"",""magnitude"":0.45532537425648245,""start_week"":37,""duration_weeks"":2,""recovery_weeks"":1}]"
A,2718,139,Independent baseline,False,,False,Non-failure,Unclassified,Unclassified,1,0.8113416319363442,209.27378131954606,False,False,False,False,False,"[{""target"":""demand"",""magnitude"":0.23252642368838428,""start_week"":47,""duration_weeks"":1,""recovery_weeks"":1}]"
A,2718,140,Independent baseline,True,True,True,Structural,Concentrated dependency,Concentrated dependency,2,0.5896805118513687,3565.983365378185,False,True,False,False,False,"[{""target"":""corridor"",""magnitude"":0.3524088728698197,""start_week"":1,""duration_weeks"":21,""recovery_weeks"":2},{""target"":""corridor"",""magnitude"":0.3170684937447847,""start_week"":12,""duration_weeks"":2,""recovery_weeks"":2}]"
A,2718,141,Independent baseline,False,,False,Non-failure,Unclassified,Unclassified,4,0.9133559363942191,94.2961740495457,True,True,False,False,False,"[{""target"":""corridor"",""magnitude"":0.24467388982098084,""start_week"":12,""duration_weeks"":1,""recovery_weeks"":4},{""target"":""corridor"",""magnitude"":0.28917518390371616,""start_week"":17,""duration_weeks"":1,""recovery_weeks"":3},{""target"":""demand"",""magnitude"":0.20924068379829364,""start_week"":27,""duration_weeks"":3,""recovery_weeks"":2},{""target"":""T2P"",""magnitude"":0.34052747023296825,""start_week"":45,""duration_weeks"":4,""recovery_weeks"":2}]"
A,2718,142,Independent baseline,True,True,False,Structural,Concentrated dependency; Hidden convergent dependency; Propagation-amplified cascade,Hidden convergent dependency,1,0.7710517023475395,377.2406054924643,True,False,False,False,False,"[{""target"":""T2P"",""magnitude"":0.45908020183082143,""start_week"":14,""duration_weeks"":1,""recovery_weeks"":3}]"
A,2718,143,Independent baseline,True,False,True,Adaptation-limited,Concentrated dependency; Recovery lag and temporal overlap,Recovery lag and temporal overlap,3,0.7718722496282122,1262.1481474256448,False,True,False,False,False,"[{""target"":""demand"",""magnitude"":0.1834768307877726,""start_week"":3,""duration_weeks"":2,""recovery_weeks"":1},{""target"":""corridor"",""magnitude"":0.4210958127788409,""start_week"":5,""duration_weeks"":5,""recovery_weeks"":2},{""target"":""demand"",""magnitude"":0.12826235820768267,""start_week"":17,""duration_weeks"":2,""recovery_weeks"":1}]"
A,2718,144,Independent baseline,False,,False,Non-failure,Unclassified,Unclassified,1,0.9292709984821319,68.50111697239765,False,False,False,False,False,"[{""target"":""demand"",""magnitude"":0.07611235219155309,""start_week"":7,""duration_weeks"":6,""recovery_weeks"":3}]"
A,2718,145,Independent baseline,False,,False,Non-failure,Unclassified,Unclassified,0,1.0,0.0,False,False,False,False,False,[]
A,2718,146,Independent baseline,False,,False,Non-failure,Unclassified,Unclassified,1,1.0,0.0,False,True,False,False,False,"[{""target"":""corridor"",""magnitude"":0.21231882817828338,""start_week"":2,""duration_weeks"":1,""recovery_weeks"":2}]"
A,2718,147,Independent baseline,False,,False,Non-failure,Unclassified,Unclassified,3,0.9023762594832727,351.4454658602176,False,True,True,False,False,"[{""target"":""S1A"",""magnitude"":0.2105477320124317,""start_week"":17,""duration_weeks"":2,""recovery_weeks"":4},{""target"":""corridor"",""magnitude"":0.3232178053875453,""start_week"":25,""duration_weeks"":3,""recovery_weeks"":2},{""target"":""demand"",""magnitude"":0.11537224677950074,""start_week"":50,""duration_weeks"":6,""recovery_weeks"":1}]"
A,2718,148,Independent baseline,True,True,True,Structural,Concentrated dependency; Hidden convergent dependency,Hidden convergent dependency,4,0.5911611139842996,3074.784252914217,True,False,False,True,False,"[{""target"":""demand"",""magnitude"":0.1663646514080927,""start_week"":9,""duration_weeks"":16,""recovery_weeks"":4},{""target"":""T2P"",""magnitude"":0.3322819562676403,""start_week"":11,""duration_weeks"":2,""recovery_weeks"":3},{""target"":""S1B"",""magnitude"":0.26985475552685745,""start_week"":17,""duration_weeks"":1,""recovery_weeks"":3},{""target"":""T2P"",""magnitude"":0.46795499741413027,""start_week"":38,""duration_weeks"":5,""recovery_weeks"":3}]"
A,2718,149,Independent baseline,False,,False,Non-failure,Unclassified,Unclassified,1,0.9233919487853346,160.87690755079734,False,False,False,False,True,"[{""target"":""S1C"",""magnitude"":0.4223681152329971,""start_week"":35,""duration_weeks"":2,""recovery_weeks"":1}]"
A,2718,150,Independent baseline,False,,False,Non-failure,Unclassified,Unclassified,4,0.8543425880346258,153.44157321058628,False,True,False,True,True,"[{""target"":""demand"",""magnitude"":0.1704906369006514,""start_week"":8,""duration_weeks"":5,""recovery_weeks"":2},{""target"":""S1C"",""magnitude"":0.18918361219800028,""start_week"":17,""duration_weeks"":10,""recovery_weeks"":4},{""target"":""corridor"",""magnitude"":0.26738635821887546,""start_week"":22,""duration_weeks"":1,""recovery_weeks"":4},{""target"":""S1B"",""magnitude"":0.3026577621136922,""start_week"":36,""duration_weeks"":1,""recovery_weeks"":3}]"
A,2718,151,Independent baseline,True,False,False,Adaptation-limited,Concentrated dependency,Concentrated dependency,2,0.7545232192256359,407.50156369081765,True,False,False,False,False,"[{""target"":""T2P"",""magnitude"":0.3209291026969276,""start_week"":1,""duration_weeks"":3,""recovery_weeks"":1},{""target"":""demand"",""magnitude"":0.2563728556256506,""start_week"":23,""duration_weeks"":4,""recovery_weeks"":3}]"
A,2718,152,Independent baseline,False,,False,Non-failure,Unclassified,Unclassified,4,0.9195550025892932,82.97807666058645,True,False,False,False,True,"[{""target"":""T2P"",""magnitude"":0.22962044990968508,""start_week"":6,""duration_weeks"":1,""recovery_weeks"":4},{""target"":""S1C"",""magnitude"":0.3106378263790696,""start_week"":21,""duration_weeks"":1,""recovery_weeks"":3},{""target"":""demand"",""magnitude"":0.14609815307093577,""start_week"":44,""duration_weeks"":1,""recovery_weeks"":2},{""target"":""T2P"",""magnitude"":0.4004455721711577,""start_week"":48,""duration_weeks"":1,""recovery_weeks"":3}]"
A,2718,153,Independent baseline,False,,False,Non-failure,Unclassified,Unclassified,4,0.9399508803120222,103.27425199887921,False,False,True,True,False,"[{""target"":""S1B"",""magnitude"":0.36065098428451337,""start_week"":3,""duration_weeks"":3,""recovery_weeks"":1},{""target"":""S1A"",""magnitude"":0.22647630209145733,""start_week"":8,""duration_weeks"":1,""recovery_weeks"":3},{""target"":""S1B"",""magnitude"":0.28711390335202525,""start_week"":34,""duration_weeks"":1,""recovery_weeks"":4},{""target"":""demand"",""magnitude"":0.12711052756953525,""start_week"":44,""duration_weeks"":5,""recovery_weeks"":2}]"
A,2718,154,Independent baseline,True,True,False,Structural,Concentrated dependency,Concentrated dependency,5,0.7597352532767359,612.2046896307781,False,False,True,False,True,"[{""target"":""S1A"",""magnitude"":0.4999484355570458,""start_week"":15,""duration_weeks"":4,""recovery_weeks"":4},{""target"":""S1C"",""magnitude"":0.3504036229325536,""start_week"":25,""duration_weeks"":1,""recovery_weeks"":2},{""target"":""S1A"",""magnitude"":0.35585279129316194,""start_week"":38,""duration_weeks"":4,""recovery_weeks"":1},{""target"":""demand"",""magnitude"":0.2776712950613596,""start_week"":39,""duration_weeks"":1,""recovery_weeks"":3},{""target"":""demand"",""magnitude"":0.23910526161175444,""start_week"":43,""duration_weeks"":2,""recovery_weeks"":3}]"
A,2718,155,Independent baseline,False,,False,Non-failure,Unclassified,Unclassified,1,0.8963192153490571,104.10655555287804,False,False,False,False,False,"[{""target"":""demand"",""magnitude"":0.11567395061430866,""start_week"":3,""duration_weeks"":1,""recovery_weeks"":2}]"
A,2718,156,Independent baseline,True,True,True,Structural,Concentrated dependency,Concentrated dependency,3,0.8301103572176844,1171.2381118258957,False,True,False,False,True,"[{""target"":""S1C"",""magnitude"":0.31495914525847024,""start_week"":1,""duration_weeks"":1,""recovery_weeks"":1},{""target"":""corridor"",""magnitude"":0.3774172320867366,""start_week"":10,""duration_weeks"":7,""recovery_weeks"":2},{""target"":""corridor"",""magnitude"":0.23897142775094007,""start_week"":43,""duration_weeks"":1,""recovery_weeks"":2}]"
A,2718,157,Independent baseline,True,True,True,Structural,Concentrated dependency,Concentrated dependency,3,0.5266885932659098,4849.966804879354,True,True,False,False,False,"[{""target"":""demand"",""magnitude"":0.13654444850866518,""start_week"":7,""duration_weeks"":3,""recovery_weeks"":2},{""target"":""corridor"",""magnitude"":0.6049835550505677,""start_week"":31,""duration_weeks"":9,""recovery_weeks"":3},{""target"":""T2P"",""magnitude"":0.3731839712801405,""start_week"":43,""duration_weeks"":3,""recovery_weeks"":4}]"
A,2718,158,Independent baseline,False,,False,Non-failure,Unclassified,Unclassified,1,0.9317048405238018,65.97115401270503,False,False,False,False,False,"[{""target"":""demand"",""magnitude"":0.07330128223633872,""start_week"":13,""duration_weeks"":4,""recovery_weeks"":4}]"
A,2718,159,Independent baseline,True,False,True,Adaptation-limited,Concentrated dependency; Propagation-amplified cascade; Recovery lag and temporal overlap,Propagation-amplified cascade,3,0.6610335850197503,1070.313312235181,True,True,False,False,False,"[{""target"":""corridor"",""magnitude"":0.29020336680047476,""start_week"":30,""duration_weeks"":5,""recovery_weeks"":3},{""target"":""T2P"",""magnitude"":0.2665491243876488,""start_week"":32,""duration_weeks"":1,""recovery_weeks"":3},{""target"":""corridor"",""magnitude"":0.4511301888591118,""start_week"":37,""duration_weeks"":2,""recovery_weeks"":3}]"
A,2718,160,Independent baseline,False,,False,Non-failure,Unclassified,Unclassified,5,0.8542323899136343,409.5309512962201,False,True,True,True,False,"[{""target"":""S1A"",""magnitude"":0.3412098982569508,""start_week"":29,""duration_weeks"":4,""recovery_weeks"":4},{""target"":""demand"",""magnitude"":0.0818374338922135,""start_week"":32,""duration_weeks"":3,""recovery_weeks"":2},{""target"":""S1B"",""magnitude"":0.16004337397924878,""start_week"":41,""duration_weeks"":6,""recovery_weeks"":1},{""target"":""demand"",""magnitude"":0.29752969577946636,""start_week"":45,""duration_weeks"":1,""recovery_weeks"":2},{""target"":""corridor"",""magnitude"":0.26401589390378544,""start_week"":46,""duration_weeks"":5,""recovery_weeks"":2}]"
A,2718,161,Independent baseline,False,,False,Non-failure,Unclassified,Unclassified,3,0.8635632179769099,450.24651780794136,True,False,False,False,False,"[{""target"":""T2P"",""magnitude"":0.36577715322404913,""start_week"":9,""duration_weeks"":1,""recovery_weeks"":3},{""target"":""T2P"",""magnitude"":0.27901610959081535,""start_week"":30,""duration_weeks"":1,""recovery_weeks"":1},{""target"":""demand"",""magnitude"":0.2832251805472521,""start_week"":35,""duration_weeks"":3,""recovery_weeks"":3}]"
A,2718,162,Independent baseline,False,,False,Non-failure,Unclassified,Unclassified,2,0.8961720952412912,93.44511428283795,True,False,False,False,False,"[{""target"":""T2P"",""magnitude"":0.2982123038953194,""start_week"":6,""duration_weeks"":2,""recovery_weeks"":3},{""target"":""T2P"",""magnitude"":0.26719062516876585,""start_week"":25,""duration_weeks"":3,""recovery_weeks"":2}]"
A,2718,163,Independent baseline,False,,False,Non-failure,Unclassified,Unclassified,1,1.0,0.0,False,True,False,False,False,"[{""target"":""corridor"",""magnitude"":0.22158112583047046,""start_week"":34,""duration_weeks"":3,""recovery_weeks"":1}]"
A,2718,164,Independent baseline,False,,False,Non-failure,Unclassified,Unclassified,2,0.8344478376084633,178.55753162403767,False,False,False,False,False,"[{""target"":""demand"",""magnitude"":0.19839725736004193,""start_week"":40,""duration_weeks"":1,""recovery_weeks"":4},{""target"":""demand"",""magnitude"":0.13365230277003132,""start_week"":44,""duration_weeks"":2,""recovery_weeks"":2}]"
A,2718,165,Independent baseline,True,False,True,Adaptation-limited,Concentrated dependency,Concentrated dependency,4,0.7523418438891922,775.2064719612883,False,True,True,False,False,"[{""target"":""demand"",""magnitude"":0.10577623483108603,""start_week"":10,""duration_weeks"":1,""recovery_weeks"":1},{""target"":""S1A"",""magnitude"":0.2817992987398127,""start_week"":16,""duration_weeks"":1,""recovery_weeks"":2},{""target"":""demand"",""magnitude"":0.11808770103446761,""start_week"":20,""duration_weeks"":2,""recovery_weeks"":3},{""target"":""corridor"",""magnitude"":0.4357436170831057,""start_week"":41,""duration_weeks"":3,""recovery_weeks"":3}]"
A,2718,166,Independent baseline,False,,False,Non-failure,Unclassified,Unclassified,1,1.0,0.0,True,False,False,False,False,"[{""target"":""T2P"",""magnitude"":0.3679792024804475,""start_week"":11,""duration_weeks"":1,""recovery_weeks"":1}]"
A,2718,167,Independent baseline,False,,False,Non-failure,Unclassified,Unclassified,1,1.0,0.0,True,False,False,False,False,"[{""target"":""T2P"",""magnitude"":0.3894061909626719,""start_week"":49,""duration_weeks"":3,""recovery_weeks"":3}]"
A,2718,168,Independent baseline,False,,False,Non-failure,Unclassified,Unclassified,4,0.9351296526953156,116.76662514843201,True,True,False,True,True,"[{""target"":""T2P"",""magnitude"":0.36359962357906583,""start_week"":23,""duration_weeks"":1,""recovery_weeks"":1},{""target"":""S1B"",""magnitude"":0.3959582814355399,""start_week"":31,""duration_weeks"":1,""recovery_weeks"":4},{""target"":""S1C"",""magnitude"":0.4058127661333294,""start_week"":49,""duration_weeks"":1,""recovery_weeks"":1},{""target"":""corridor"",""magnitude"":0.32956026903631674,""start_week"":51,""duration_weeks"":1,""recovery_weeks"":3}]"
A,2718,169,Independent baseline,True,True,True,Structural,Concentrated dependency,Concentrated dependency,3,0.7093551122661682,1046.321595841794,False,True,False,False,False,"[{""target"":""corridor"",""magnitude"":0.46798366580037387,""start_week"":5,""duration_weeks"":3,""recovery_weeks"":1},{""target"":""demand"",""magnitude"":0.08376424815421898,""start_week"":22,""duration_weeks"":6,""recovery_weeks"":3},{""target"":""demand"",""magnitude"":0.17257713140567438,""start_week"":24,""duration_weeks"":2,""recovery_weeks"":4}]"
A,2718,170,Independent baseline,False,,False,Non-failure,Unclassified,Unclassified,4,0.8799618341237357,152.33515003553066,False,False,False,True,False,"[{""target"":""S1B"",""magnitude"":0.2845948096737132,""start_week"":11,""duration_weeks"":1,""recovery_weeks"":1},{""target"":""demand"",""magnitude"":0.15388580685116143,""start_week"":14,""duration_weeks"":5,""recovery_weeks"":2},{""target"":""S1B"",""magnitude"":0.2800350487903817,""start_week"":31,""duration_weeks"":3,""recovery_weeks"":2},{""target"":""S1B"",""magnitude"":0.4079832649500592,""start_week"":49,""duration_weeks"":2,""recovery_weeks"":1}]"
A,2718,171,Independent baseline,True,True,False,Structural,Concentrated dependency; Hidden convergent dependency; Propagation-amplified cascade,Hidden convergent dependency,2,0.8517730852220211,789.6450485352639,True,False,False,True,False,"[{""target"":""T2P"",""magnitude"":0.233404223300181,""start_week"":17,""duration_weeks"":9,""recovery_weeks"":3},{""target"":""S1B"",""magnitude"":0.20723849183743687,""start_week"":49,""duration_weeks"":1,""recovery_weeks"":1}]"
A,2718,172,Independent baseline,True,True,True,Structural,Concentrated dependency; Hidden convergent dependency; Propagation-amplified cascade,Hidden convergent dependency,3,0.4943094640347213,3508.4497788442877,True,False,False,False,False,"[{""target"":""T2P"",""magnitude"":0.40564985056575786,""start_week"":8,""duration_weeks"":3,""recovery_weeks"":1},{""target"":""T2P"",""magnitude"":0.5551214823687508,""start_week"":14,""duration_weeks"":5,""recovery_weeks"":3},{""target"":""T2P"",""magnitude"":0.5085793203486072,""start_week"":43,""duration_weeks"":1,""recovery_weeks"":4}]"
A,2718,173,Independent baseline,True,True,False,Structural,Concentrated dependency,Concentrated dependency,4,0.670980138736974,503.58026094326715,True,False,True,False,True,"[{""target"":""S1A"",""magnitude"":0.48059996664260407,""start_week"":2,""duration_weeks"":2,""recovery_weeks"":2},{""target"":""T2P"",""magnitude"":0.39611787513672336,""start_week"":5,""duration_weeks"":2,""recovery_weeks"":1},{""target"":""S1C"",""magnitude"":0.2550105644568745,""start_week"":45,""duration_weeks"":2,""recovery_weeks"":4},{""target"":""S1A"",""magnitude"":0.3860773479570129,""start_week"":51,""duration_weeks"":15,""recovery_weeks"":1}]"
A,2718,174,Independent baseline,False,,False,Non-failure,Unclassified,Unclassified,0,1.0,0.0,False,False,False,False,False,[]
A,2718,175,Independent baseline,True,True,True,Structural,Concentrated dependency; Propagation-amplified cascade,Propagation-amplified cascade,2,0.6396197042242804,3892.1071943777715,True,True,False,False,False,"[{""target"":""corridor"",""magnitude"":0.5202852218317897,""start_week"":16,""duration_weeks"":11,""recovery_weeks"":1},{""target"":""T2P"",""magnitude"":0.4842912878382024,""start_week"":18,""duration_weeks"":2,""recovery_weeks"":3}]"
A,2718,176,Independent baseline,True,True,False,Structural,Concentrated dependency,Concentrated dependency,1,0.8889081996761223,199.96524058297973,False,False,True,False,False,"[{""target"":""S1A"",""magnitude"":0.4999565507287246,""start_week"":46,""duration_weeks"":1,""recovery_weeks"":4}]"
A,2718,177,Independent baseline,False,,False,Non-failure,Unclassified,Unclassified,0,1.0,0.0,False,False,False,False,False,[]
A,2718,178,Independent baseline,False,,False,Non-failure,Unclassified,Unclassified,1,0.8262861140702887,189.21109126062447,False,False,False,False,False,"[{""target"":""demand"",""magnitude"":0.21023454584513812,""start_week"":2,""duration_weeks"":1,""recovery_weeks"":4}]"
A,2718,179,Independent baseline,True,True,True,Structural,Concentrated dependency; Propagation-amplified cascade,Propagation-amplified cascade,4,0.6431223027344377,1687.6264432416876,True,True,False,False,False,"[{""target"":""T2P"",""magnitude"":0.38561624925002347,""start_week"":2,""duration_weeks"":1,""recovery_weeks"":2},{""target"":""T2P"",""magnitude"":0.22492473240478936,""start_week"":11,""duration_weeks"":1,""recovery_weeks"":1},{""target"":""corridor"",""magnitude"":0.4738925193058634,""start_week"":33,""duration_weeks"":4,""recovery_weeks"":1},{""target"":""demand"",""magnitude"":0.09073598900701452,""start_week"":34,""duration_weeks"":4,""recovery_weeks"":1}]"
A,2718,180,Independent baseline,True,True,False,Structural,Concentrated dependency; Hidden convergent dependency; Propagation-amplified cascade,Hidden convergent dependency,5,0.3918951790871043,1135.9167519164857,True,True,False,True,True,"[{""target"":""T2P"",""magnitude"":0.4576546725363554,""start_week"":1,""duration_weeks"":2,""recovery_weeks"":2},{""target"":""T2P"",""magnitude"":0.34966589861136577,""start_week"":3,""duration_weeks"":1,""recovery_weeks"":2},{""target"":""corridor"",""magnitude"":0.3167796878195996,""start_week"":15,""duration_weeks"":2,""recovery_weeks"":1},{""target"":""S1C"",""magnitude"":0.3705193092143162,""start_week"":25,""duration_weeks"":5,""recovery_weeks"":1},{""target"":""S1B"",""magnitude"":0.23933102167560777,""start_week"":31,""duration_weeks"":5,""recovery_weeks"":2}]"
A,2718,181,Independent baseline,True,True,True,Structural,Concentrated dependency; Hidden convergent dependency; Propagation-amplified cascade,Hidden convergent dependency,3,0.6372443320723858,2309.3816762542697,True,False,False,False,True,"[{""target"":""S1C"",""magnitude"":0.4234592703599699,""start_week"":14,""duration_weeks"":3,""recovery_weeks"":2},{""target"":""T2P"",""magnitude"":0.4264801011348527,""start_week"":21,""duration_weeks"":3,""recovery_weeks"":3},{""target"":""T2P"",""magnitude"":0.3545197738988771,""start_week"":27,""duration_weeks"":4,""recovery_weeks"":4}]"
A,2718,182,Independent baseline,True,True,False,Structural,Concentrated dependency; Hidden convergent dependency; Propagation-amplified cascade,Hidden convergent dependency,3,0.5766470681971337,924.0705544903185,True,True,False,True,False,"[{""target"":""T2P"",""magnitude"":0.4810176386225796,""start_week"":17,""duration_weeks"":3,""recovery_weeks"":1},{""target"":""S1B"",""magnitude"":0.31177420256976984,""start_week"":19,""duration_weeks"":2,""recovery_weeks"":2},{""target"":""corridor"",""magnitude"":0.3469028930809359,""start_week"":31,""duration_weeks"":3,""recovery_weeks"":3}]"
A,2718,183,Independent baseline,True,True,True,Structural,Concentrated dependency; Hidden convergent dependency; Propagation-amplified cascade,Hidden convergent dependency,2,0.5729969003282314,2198.8679972193354,True,False,False,False,False,"[{""target"":""T2P"",""magnitude"":0.3771871173217982,""start_week"":18,""duration_weeks"":2,""recovery_weeks"":3},{""target"":""T2P"",""magnitude"":0.48430278970459173,""start_week"":32,""duration_weeks"":6,""recovery_weeks"":1}]"
A,2718,184,Independent baseline,False,,False,Non-failure,Unclassified,Unclassified,4,0.9037885077368767,252.81837663220756,False,True,False,False,True,"[{""target"":""corridor"",""magnitude"":0.2463735915980752,""start_week"":6,""duration_weeks"":5,""recovery_weeks"":4},{""target"":""S1C"",""magnitude"":0.25440970765619597,""start_week"":13,""duration_weeks"":6,""recovery_weeks"":2},{""target"":""corridor"",""magnitude"":0.21184657005860835,""start_week"":33,""duration_weeks"":6,""recovery_weeks"":2},{""target"":""demand"",""magnitude"":0.10894331208137556,""start_week"":37,""duration_weeks"":6,""recovery_weeks"":3}]"
A,2718,185,Independent baseline,False,,False,Non-failure,Unclassified,Unclassified,3,0.8718800217630601,132.25211902444744,False,False,False,False,False,"[{""target"":""demand"",""magnitude"":0.14694679891605245,""start_week"":9,""duration_weeks"":2,""recovery_weeks"":3},{""target"":""demand"",""magnitude"":0.08453020380025264,""start_week"":27,""duration_weeks"":3,""recovery_weeks"":1},{""target"":""demand"",""magnitude"":0.1318465764193273,""start_week"":34,""duration_weeks"":7,""recovery_weeks"":3}]"
A,2718,186,Independent baseline,False,,False,Non-failure,Unclassified,Unclassified,1,0.8477908362094297,246.23530926439162,True,False,False,False,False,"[{""target"":""T2P"",""magnitude"":0.24739764948230264,""start_week"":18,""duration_weeks"":4,""recovery_weeks"":4}]"
A,2718,187,Independent baseline,False,,False,Non-failure,Unclassified,Unclassified,2,0.87635983567911,179.501116942949,False,False,True,False,False,"[{""target"":""S1A"",""magnitude"":0.3060560433685293,""start_week"":40,""duration_weeks"":1,""recovery_weeks"":1},{""target"":""demand"",""magnitude"":0.19794124669328939,""start_week"":46,""duration_weeks"":4,""recovery_weeks"":4}]"
A,2718,188,Independent baseline,True,False,True,Adaptation-limited,Concentrated dependency,Concentrated dependency,2,0.6919066487065634,3183.087189928092,False,True,False,True,False,"[{""target"":""S1B"",""magnitude"":0.23860921437489557,""start_week"":12,""duration_weeks"":7,""recovery_weeks"":3},{""target"":""corridor"",""magnitude"":0.4810700134700774,""start_week"":38,""duration_weeks"":10,""recovery_weeks"":4}]"
A,2718,189,Independent baseline,True,True,True,Structural,Concentrated dependency; Propagation-amplified cascade,Propagation-amplified cascade,4,0.6850042361620944,974.6693409006563,True,True,False,True,True,"[{""target"":""S1C"",""magnitude"":0.4716679707907888,""start_week"":5,""duration_weeks"":1,""recovery_weeks"":4},{""target"":""T2P"",""magnitude"":0.23059906408218822,""start_week"":16,""duration_weeks"":2,""recovery_weeks"":3},{""target"":""corridor"",""magnitude"":0.48624682287842924,""start_week"":36,""duration_weeks"":3,""recovery_weeks"":2},{""target"":""S1B"",""magnitude"":0.482984375920798,""start_week"":45,""duration_weeks"":2,""recovery_weeks"":2}]"
A,2718,190,Independent baseline,False,,False,Non-failure,Unclassified,Unclassified,1,0.9980749960151767,4.0425083681288925,False,False,True,False,False,"[{""target"":""S1A"",""magnitude"":0.2543312589658523,""start_week"":12,""duration_weeks"":2,""recovery_weeks"":4}]"
A,2718,191,Independent baseline,True,False,True,Adaptation-limited,Concentrated dependency,Concentrated dependency,2,0.7323550700736182,2710.271764227008,False,True,False,False,False,"[{""target"":""corridor"",""magnitude"":0.4507336974447862,""start_week"":20,""duration_weeks"":10,""recovery_weeks"":3},{""target"":""corridor"",""magnitude"":0.28265923125996817,""start_week"":44,""duration_weeks"":1,""recovery_weeks"":4}]"
A,2718,192,Independent baseline,False,,False,Non-failure,Unclassified,Unclassified,2,0.9237576641915526,74.28149707169723,False,False,False,False,False,"[{""target"":""demand"",""magnitude"":0.08253499674633025,""start_week"":35,""duration_weeks"":5,""recovery_weeks"":2},{""target"":""demand"",""magnitude"":0.07749744466536077,""start_week"":40,""duration_weeks"":1,""recovery_weeks"":2}]"
A,2718,193,Independent baseline,False,,False,Non-failure,Unclassified,Unclassified,2,0.9798608343254217,42.29224791661454,True,False,False,True,False,"[{""target"":""S1B"",""magnitude"":0.29531312276780114,""start_week"":31,""duration_weeks"":10,""recovery_weeks"":4},{""target"":""T2P"",""magnitude"":0.3556818470567271,""start_week"":47,""duration_weeks"":2,""recovery_weeks"":4}]"
A,2718,194,Independent baseline,True,True,False,Structural,Concentrated dependency; Hidden convergent dependency; Propagation-amplified cascade,Hidden convergent dependency,4,0.8652379380909937,306.77970974352684,True,True,False,False,False,"[{""target"":""T2P"",""magnitude"":0.17851413917491465,""start_week"":11,""duration_weeks"":2,""recovery_weeks"":4},{""target"":""T2P"",""magnitude"":0.3319287835771586,""start_week"":25,""duration_weeks"":2,""recovery_weeks"":3},{""target"":""corridor"",""magnitude"":0.3247562527449547,""start_week"":30,""duration_weeks"":2,""recovery_weeks"":2},{""target"":""demand"",""magnitude"":0.10039181246351761,""start_week"":40,""duration_weeks"":4,""recovery_weeks"":1}]"
A,2718,195,Independent baseline,False,,False,Non-failure,Unclassified,Unclassified,2,0.8946015158337661,707.973495377439,False,False,False,False,True,"[{""target"":""S1C"",""magnitude"":0.3266284327722826,""start_week"":2,""duration_weeks"":1,""recovery_weeks"":4},{""target"":""demand"",""magnitude"":0.1939552343243815,""start_week"":11,""duration_weeks"":12,""recovery_weeks"":1}]"
A,2718,196,Independent baseline,True,True,False,Structural,Concentrated dependency,Concentrated dependency,1,0.879776635761046,541.0051390752926,False,True,False,False,False,"[{""target"":""corridor"",""magnitude"":0.34016752317921534,""start_week"":7,""duration_weeks"":4,""recovery_weeks"":1}]"
A,2718,197,Independent baseline,True,True,True,Structural,Concentrated dependency; Hidden convergent dependency; Propagation-amplified cascade,Hidden convergent dependency,3,0.7359869529253352,2251.3409084063805,True,True,False,False,False,"[{""target"":""T2P"",""magnitude"":0.33761174236719826,""start_week"":10,""duration_weeks"":11,""recovery_weeks"":1},{""target"":""corridor"",""magnitude"":0.3035979813392454,""start_week"":37,""duration_weeks"":1,""recovery_weeks"":2},{""target"":""T2P"",""magnitude"":0.23634951010549549,""start_week"":46,""duration_weeks"":1,""recovery_weeks"":1}]"
A,2718,198,Independent baseline,False,,False,Non-failure,Unclassified,Unclassified,0,1.0,0.0,False,False,False,False,False,[]
A,2718,199,Independent baseline,True,True,True,Structural,Concentrated dependency; Hidden convergent dependency; Propagation-amplified cascade,Hidden convergent dependency,4,0.6554705562146369,1544.9802017218217,True,False,False,False,False,"[{""target"":""T2P"",""magnitude"":0.4100764994068268,""start_week"":31,""duration_weeks"":3,""recovery_weeks"":4},{""target"":""demand"",""magnitude"":0.15064408958037598,""start_week"":45,""duration_weeks"":1,""recovery_weeks"":2},{""target"":""demand"",""magnitude"":0.17168840702540022,""start_week"":46,""duration_weeks"":7,""recovery_weeks"":1},{""target"":""T2P"",""magnitude"":0.2885766664046755,""start_week"":47,""duration_weeks"":3,""recovery_weeks"":4}]"
A,2718,200,Independent baseline,True,True,True,Structural,Hidden convergent dependency; Compounding moderate disturbance; Propagation-amplified cascade,Hidden convergent dependency,3,0.7692733710882482,1074.0000945253341,True,False,False,False,False,"[{""target"":""T2P"",""magnitude"":0.37902843828457145,""start_week"":21,""duration_weeks"":1,""recovery_weeks"":1},{""target"":""T2P"",""magnitude"":0.30765396602057665,""start_week"":25,""duration_weeks"":2,""recovery_weeks"":2},{""target"":""T2P"",""magnitude"":0.2655330721894658,""start_week"":30,""duration_weeks"":3,""recovery_weeks"":3}]"
A,2718,201,Independent baseline,False,,False,Non-failure,Unclassified,Unclassified,4,0.7908764594366418,272.5859464203304,True,False,False,True,False,"[{""target"":""T2P"",""magnitude"":0.18623202937499914,""start_week"":6,""duration_weeks"":5,""recovery_weeks"":3},{""target"":""demand"",""magnitude"":0.2644199837637363,""start_week"":22,""duration_weeks"":2,""recovery_weeks"":3},{""target"":""S1B"",""magnitude"":0.19606013057409533,""start_week"":28,""duration_weeks"":2,""recovery_weeks"":4},{""target"":""T2P"",""magnitude"":0.2981068033151573,""start_week"":39,""duration_weeks"":1,""recovery_weeks"":4}]"
A,2718,202,Independent baseline,False,,False,Non-failure,Unclassified,Unclassified,2,0.9504672124674309,104.01885381839497,False,False,True,False,False,"[{""target"":""S1A"",""magnitude"":0.3614487719482803,""start_week"":1,""duration_weeks"":4,""recovery_weeks"":2},{""target"":""demand"",""magnitude"":0.14174940920202989,""start_week"":47,""duration_weeks"":1,""recovery_weeks"":2}]"
A,2718,203,Independent baseline,True,True,True,Structural,Concentrated dependency; Hidden convergent dependency; Propagation-amplified cascade,Hidden convergent dependency,2,0.8133905388238749,1061.4334020097492,True,False,False,True,False,"[{""target"":""S1B"",""magnitude"":0.42081155173201845,""start_week"":30,""duration_weeks"":1,""recovery_weeks"":3},{""target"":""T2P"",""magnitude"":0.2679485150585125,""start_week"":35,""duration_weeks"":9,""recovery_weeks"":3}]"
A,2718,204,Independent baseline,True,True,False,Structural,Concentrated dependency,Concentrated dependency,5,0.8545138595139721,546.953250577769,True,True,False,False,False,"[{""target"":""corridor"",""magnitude"":0.3591146053645209,""start_week"":1,""duration_weeks"":3,""recovery_weeks"":4},{""target"":""corridor"",""magnitude"":0.32504624430562706,""start_week"":11,""duration_weeks"":2,""recovery_weeks"":1},{""target"":""corridor"",""magnitude"":0.27426790433667353,""start_week"":31,""duration_weeks"":1,""recovery_weeks"":1},{""target"":""demand"",""magnitude"":0.10620776018996575,""start_week"":35,""duration_weeks"":3,""recovery_weeks"":3},{""target"":""T2P"",""magnitude"":0.2587633949480484,""start_week"":48,""duration_weeks"":2,""recovery_weeks"":4}]"
A,2718,205,Independent baseline,True,True,True,Structural,Concentrated dependency; Hidden convergent dependency; Propagation-amplified cascade,Hidden convergent dependency,3,0.6844847244245159,1019.1678642050057,True,True,False,False,False,"[{""target"":""corridor"",""magnitude"":0.28525609329275337,""start_week"":10,""duration_weeks"":1,""recovery_weeks"":2},{""target"":""T2P"",""magnitude"":0.38396374801793554,""start_week"":26,""duration_weeks"":5,""recovery_weeks"":1},{""target"":""T2P"",""magnitude"":0.2099740601791803,""start_week"":51,""duration_weeks"":1,""recovery_weeks"":1}]"
A,2718,206,Independent baseline,True,False,False,Adaptation-limited,Concentrated dependency; Hidden convergent dependency,Hidden convergent dependency,4,0.741384077880291,501.5267315073231,True,False,True,False,False,"[{""target"":""demand"",""magnitude"":0.20846596651823318,""start_week"":2,""duration_weeks"":2,""recovery_weeks"":3},{""target"":""T2P"",""magnitude"":0.24890064139764506,""start_week"":9,""duration_weeks"":2,""recovery_weeks"":4},{""target"":""S1A"",""magnitude"":0.3102523778877242,""start_week"":18,""duration_weeks"":1,""recovery_weeks"":2},{""target"":""T2P"",""magnitude"":0.33275432990773823,""start_week"":36,""duration_weeks"":3,""recovery_weeks"":4}]"
A,2718,207,Independent baseline,False,,False,Non-failure,Unclassified,Unclassified,3,0.9053485036507479,112.46793456230535,False,False,True,False,False,"[{""target"":""demand"",""magnitude"":0.10454702909164508,""start_week"":19,""duration_weeks"":2,""recovery_weeks"":2},{""target"":""S1A"",""magnitude"":0.21427910973482375,""start_week"":20,""duration_weeks"":1,""recovery_weeks"":1},{""target"":""S1A"",""magnitude"":0.5020115687075908,""start_week"":25,""duration_weeks"":1,""recovery_weeks"":4}]"
A,2718,208,Independent baseline,True,False,False,Adaptation-limited,Concentrated dependency,Concentrated dependency,1,0.7949280213293739,741.334836469648,False,False,False,False,False,"[{""target"":""demand"",""magnitude"":0.25797553132883677,""start_week"":39,""duration_weeks"":6,""recovery_weeks"":2}]"
A,2718,209,Independent baseline,False,,False,Non-failure,Unclassified,Unclassified,1,0.9406237171621075,106.87730910820665,False,True,False,False,False,"[{""target"":""corridor"",""magnitude"":0.2945322121284194,""start_week"":36,""duration_weeks"":1,""recovery_weeks"":2}]"
A,2718,210,Independent baseline,False,,False,Non-failure,Unclassified,Unclassified,2,0.9342053403782222,118.43038731920001,False,False,True,False,True,"[{""target"":""S1A"",""magnitude"":0.39803798414900005,""start_week"":5,""duration_weeks"":1,""recovery_weeks"":4},{""target"":""S1C"",""magnitude"":0.22254348217384057,""start_week"":38,""duration_weeks"":1,""recovery_weeks"":2}]"
A,2718,211,Independent baseline,False,,False,Non-failure,Unclassified,Unclassified,1,0.8396762170089425,171.84171918783204,False,False,False,False,False,"[{""target"":""demand"",""magnitude"":0.1909352435420354,""start_week"":42,""duration_weeks"":2,""recovery_weeks"":4}]"
A,2718,212,Independent baseline,True,True,False,Structural,Concentrated dependency,Concentrated dependency,5,0.896586786511654,186.14378427902284,True,True,False,True,True,"[{""target"":""S1B"",""magnitude"":0.48267973034877865,""start_week"":4,""duration_weeks"":1,""recovery_weeks"":3},{""target"":""T2P"",""magnitude"":0.1632181466517545,""start_week"":23,""duration_weeks"":8,""recovery_weeks"":2},{""target"":""S1C"",""magnitude"":0.34310458168233804,""start_week"":27,""duration_weeks"":1,""recovery_weeks"":3},{""target"":""corridor"",""magnitude"":0.2675682839902037,""start_week"":30,""duration_weeks"":3,""recovery_weeks"":2},{""target"":""T2P"",""magnitude"":0.33741493417585255,""start_week"":50,""duration_weeks"":5,""recovery_weeks"":4}]"
A,2718,213,Independent baseline,True,True,True,Structural,Concentrated dependency,Concentrated dependency,2,0.8290364563821689,771.9140724509379,True,True,False,False,False,"[{""target"":""corridor"",""magnitude"":0.37822265771337327,""start_week"":12,""duration_weeks"":4,""recovery_weeks"":3},{""target"":""T2P"",""magnitude"":0.1802431495477521,""start_week"":40,""duration_weeks"":2,""recovery_weeks"":3}]"
A,2718,214,Independent baseline,True,True,True,Structural,Hidden convergent dependency; Compounding moderate disturbance,Hidden convergent dependency,5,0.5596649350948943,1039.6587296364241,True,False,False,False,False,"[{""target"":""demand"",""magnitude"":0.15066653623818343,""start_week"":14,""duration_weeks"":1,""recovery_weeks"":4},{""target"":""demand"",""magnitude"":0.11907394351775957,""start_week"":18,""duration_weeks"":9,""recovery_weeks"":3},{""target"":""demand"",""magnitude"":0.19475716877632804,""start_week"":37,""duration_weeks"":8,""recovery_weeks"":2},{""target"":""T2P"",""magnitude"":0.24262723139441694,""start_week"":44,""duration_weeks"":4,""recovery_weeks"":1},{""target"":""T2P"",""magnitude"":0.33493985727427733,""start_week"":47,""duration_weeks"":8,""recovery_weeks"":1}]"
A,2718,215,Independent baseline,True,False,False,Adaptation-limited,Hidden convergent dependency; Compounding moderate disturbance; Recovery lag and temporal overlap,Hidden convergent dependency,4,0.7944067504574588,547.9132399826719,True,False,False,False,True,"[{""target"":""demand"",""magnitude"":0.1454731137263795,""start_week"":5,""duration_weeks"":2,""recovery_weeks"":1},{""target"":""T2P"",""magnitude"":0.38600975201499554,""start_week"":34,""duration_weeks"":1,""recovery_weeks"":2},{""target"":""T2P"",""magnitude"":0.2850339245882869,""start_week"":36,""duration_weeks"":2,""recovery_weeks"":3},{""target"":""S1C"",""magnitude"":0.25850991319199934,""start_week"":48,""duration_weeks"":1,""recovery_weeks"":3}]"
A,2718,216,Independent baseline,True,False,False,Adaptation-limited,Hidden convergent dependency; Compounding moderate disturbance,Hidden convergent dependency,5,0.8017448607460425,357.54998254826864,True,False,False,False,True,"[{""target"":""demand"",""magnitude"":0.13449273739600281,""start_week"":10,""duration_weeks"":6,""recovery_weeks"":1},{""target"":""T2P"",""magnitude"":0.2551228684767256,""start_week"":12,""duration_weeks"":1,""recovery_weeks"":1},{""target"":""S1C"",""magnitude"":0.35292782972638637,""start_week"":25,""duration_weeks"":1,""recovery_weeks"":3},{""target"":""demand"",""magnitude"":0.08100480095648437,""start_week"":44,""duration_weeks"":6,""recovery_weeks"":4},{""target"":""S1C"",""magnitude"":0.3774502046964305,""start_week"":45,""duration_weeks"":2,""recovery_weeks"":1}]"
A,2718,217,Independent baseline,True,True,False,Structural,Compounding moderate disturbance,Compounding moderate disturbance,4,0.8442861950439919,811.6686575687668,False,False,False,True,True,"[{""target"":""S1B"",""magnitude"":0.43052608586267105,""start_week"":9,""duration_weeks"":8,""recovery_weeks"":4},{""target"":""demand"",""magnitude"":0.17236790424050263,""start_week"":26,""duration_weeks"":12,""recovery_weeks"":1},{""target"":""demand"",""magnitude"":0.12254531609606616,""start_week"":31,""duration_weeks"":1,""recovery_weeks"":3},{""target"":""S1C"",""magnitude"":0.45573870592058696,""start_week"":48,""duration_weeks"":3,""recovery_weeks"":1}]"
A,2718,218,Independent baseline,False,,False,Non-failure,Unclassified,Unclassified,4,0.7736152248014347,260.1911385131732,False,True,False,True,True,"[{""target"":""S1B"",""magnitude"":0.3927255199294848,""start_week"":12,""duration_weeks"":2,""recovery_weeks"":1},{""target"":""S1C"",""magnitude"":0.38960855364077496,""start_week"":14,""duration_weeks"":2,""recovery_weeks"":4},{""target"":""demand"",""magnitude"":0.15705982397880552,""start_week"":39,""duration_weeks"":5,""recovery_weeks"":1},{""target"":""corridor"",""magnitude"":0.41978858139892394,""start_week"":46,""duration_weeks"":1,""recovery_weeks"":2}]"
A,2718,219,Independent baseline,False,,False,Non-failure,Unclassified,Unclassified,3,0.7795742499046142,330.4096401109766,False,True,False,False,False,"[{""target"":""demand"",""magnitude"":0.07785782854172422,""start_week"":5,""duration_weeks"":4,""recovery_weeks"":1},{""target"":""corridor"",""magnitude"":0.4153193125715394,""start_week"":10,""duration_weeks"":1,""recovery_weeks"":4},{""target"":""corridor"",""magnitude"":0.3097700625496065,""start_week"":20,""duration_weeks"":2,""recovery_weeks"":2}]"
A,2718,220,Independent baseline,False,,False,Non-failure,Unclassified,Unclassified,1,0.9296310941165911,253.32806118027202,False,True,False,False,False,"[{""target"":""corridor"",""magnitude"":0.3027766794125567,""start_week"":28,""duration_weeks"":3,""recovery_weeks"":4}]"
A,2718,221,Independent baseline,True,True,False,Structural,Concentrated dependency; Hidden convergent dependency; Propagation-amplified cascade,Hidden convergent dependency,2,0.7414522331766881,546.6381982401492,True,False,True,False,False,"[{""target"":""T2P"",""magnitude"":0.33269299014098075,""start_week"":2,""duration_weeks"":3,""recovery_weeks"":4},{""target"":""S1A"",""magnitude"":0.18024473870484575,""start_week"":35,""duration_weeks"":1,""recovery_weeks"":1}]"
A,2718,222,Independent baseline,True,True,False,Structural,Concentrated dependency,Concentrated dependency,2,0.892124309995083,194.17624200885075,False,False,False,True,False,"[{""target"":""S1B"",""magnitude"":0.49272030251106347,""start_week"":6,""duration_weeks"":1,""recovery_weeks"":4},{""target"":""demand"",""magnitude"":0.090456419903448,""start_week"":47,""duration_weeks"":3,""recovery_weeks"":4}]"
A,2718,223,Independent baseline,False,,False,Non-failure,Unclassified,Unclassified,4,0.9140566089945916,145.44248343232755,True,True,False,False,True,"[{""target"":""T2P"",""magnitude"":0.26933726297621696,""start_week"":2,""duration_weeks"":3,""recovery_weeks"":1},{""target"":""S1C"",""magnitude"":0.17958204214530793,""start_week"":12,""duration_weeks"":3,""recovery_weeks"":3},{""target"":""corridor"",""magnitude"":0.31150275343673195,""start_week"":23,""duration_weeks"":1,""recovery_weeks"":2},{""target"":""demand"",""magnitude"":0.16160275936925267,""start_week"":27,""duration_weeks"":2,""recovery_weeks"":1}]"
A,2718,224,Independent baseline,False,,False,Non-failure,Unclassified,Unclassified,2,0.9987250055156244,2.2949900718761,True,False,False,True,False,"[{""target"":""T2P"",""magnitude"":0.18637631639589394,""start_week"":23,""duration_weeks"":5,""recovery_weeks"":2},{""target"":""S1B"",""magnitude"":0.252868737589845,""start_week"":30,""duration_weeks"":1,""recovery_weeks"":4}]"
A,2718,225,Independent baseline,False,,False,Non-failure,Unclassified,Unclassified,2,0.9765540600273342,49.236473942598195,False,False,False,False,True,"[{""target"":""S1C"",""magnitude"":0.3027533649384979,""start_week"":29,""duration_weeks"":4,""recovery_weeks"":1},{""target"":""S1C"",""magnitude"":0.22017593584523626,""start_week"":37,""duration_weeks"":1,""recovery_weeks"":1}]"
A,2718,226,Independent baseline,False,,False,Non-failure,Unclassified,Unclassified,4,0.8825425687337698,121.57839500720752,True,False,False,True,False,"[{""target"":""S1B"",""magnitude"":0.2644710866932849,""start_week"":9,""duration_weeks"":3,""recovery_weeks"":2},{""target"":""T2P"",""magnitude"":0.16909656820246668,""start_week"":25,""duration_weeks"":1,""recovery_weeks"":4},{""target"":""demand"",""magnitude"":0.15009415843067386,""start_week"":33,""duration_weeks"":3,""recovery_weeks"":2},{""target"":""T2P"",""magnitude"":0.25282453648246817,""start_week"":43,""duration_weeks"":2,""recovery_weeks"":4}]"
A,2718,227,Independent baseline,False,,False,Non-failure,Unclassified,Unclassified,1,1.0,0.0,False,False,False,False,True,"[{""target"":""S1C"",""magnitude"":0.2032476896548277,""start_week"":50,""duration_weeks"":5,""recovery_weeks"":1}]"
A,2718,228,Independent baseline,True,False,True,Adaptation-limited,Concentrated dependency,Concentrated dependency,4,0.636742324223275,744.3251443933802,False,True,True,False,False,"[{""target"":""corridor"",""magnitude"":0.2233631491724256,""start_week"":7,""duration_weeks"":1,""recovery_weeks"":3},{""target"":""demand"",""magnitude"":0.1480259967117617,""start_week"":14,""duration_weeks"":4,""recovery_weeks"":2},{""target"":""S1A"",""magnitude"":0.43339060234203386,""start_week"":22,""duration_weeks"":2,""recovery_weeks"":3},{""target"":""corridor"",""magnitude"":0.5224432568325438,""start_week"":47,""duration_weeks"":1,""recovery_weeks"":4}]"
A,2718,229,Independent baseline,True,True,True,Structural,Concentrated dependency,Concentrated dependency,3,0.627500131814904,2364.374110249397,True,True,False,False,False,"[{""target"":""corridor"",""magnitude"":0.5293749011388219,""start_week"":8,""duration_weeks"":6,""recovery_weeks"":2},{""target"":""demand"",""magnitude"":0.08779950913251855,""start_week"":21,""duration_weeks"":8,""recovery_weeks"":3},{""target"":""T2P"",""magnitude"":0.32122333607623577,""start_week"":47,""duration_weeks"":7,""recovery_weeks"":3}]"
A,2718,230,Independent baseline,True,True,True,Structural,Concentrated dependency,Concentrated dependency,3,0.6354670190372599,2966.756987231428,False,True,False,True,False,"[{""target"":""corridor"",""magnitude"":0.5233997357220551,""start_week"":5,""duration_weeks"":8,""recovery_weeks"":2},{""target"":""S1B"",""magnitude"":0.366394899813264,""start_week"":28,""duration_weeks"":4,""recovery_weeks"":4},{""target"":""S1B"",""magnitude"":0.3143521680469953,""start_week"":38,""duration_weeks"":10,""recovery_weeks"":1}]"
A,2718,231,Independent baseline,False,,False,Non-failure,Unclassified,Unclassified,1,0.9154557815334211,152.179593239842,False,True,False,False,False,"[{""target"":""corridor"",""magnitude"":0.31340816384993425,""start_week"":3,""duration_weeks"":1,""recovery_weeks"":3}]"
A,2718,232,Independent baseline,True,True,False,Structural,Concentrated dependency,Concentrated dependency,2,0.8656572654794403,604.5423053425185,False,True,False,True,False,"[{""target"":""corridor"",""magnitude"":0.35075705089041975,""start_week"":31,""duration_weeks"":4,""recovery_weeks"":1},{""target"":""S1B"",""magnitude"":0.24566183752937812,""start_week"":48,""duration_weeks"":3,""recovery_weeks"":1}]"
A,2718,233,Independent baseline,False,,False,Non-failure,Unclassified,Unclassified,0,1.0,0.0,False,False,False,False,False,[]
A,2718,234,Independent baseline,False,,False,Non-failure,Unclassified,Unclassified,4,0.8399200535207219,212.42132513176216,False,True,False,False,False,"[{""target"":""demand"",""magnitude"":0.13232946868689727,""start_week"":3,""duration_weeks"":1,""recovery_weeks"":4},{""target"":""corridor"",""magnitude"":0.40927708144490216,""start_week"":9,""duration_weeks"":1,""recovery_weeks"":4},{""target"":""demand"",""magnitude"":0.11731726695757216,""start_week"":21,""duration_weeks"":2,""recovery_weeks"":3},{""target"":""demand"",""magnitude"":0.17450302622790748,""start_week"":44,""duration_weeks"":3,""recovery_weeks"":1}]"
A,2718,235,Independent baseline,False,,False,Non-failure,Unclassified,Unclassified,0,1.0,0.0,False,False,False,False,False,[]
A,2718,236,Independent baseline,False,,False,Non-failure,Unclassified,Unclassified,3,0.9030541341956794,261.7538376716657,True,True,False,False,False,"[{""target"":""corridor"",""magnitude"":0.3227093993532405,""start_week"":22,""duration_weeks"":2,""recovery_weeks"":1},{""target"":""T2P"",""magnitude"":0.4194862193191603,""start_week"":39,""duration_weeks"":1,""recovery_weeks"":2},{""target"":""T2P"",""magnitude"":0.18907848023722998,""start_week"":44,""duration_weeks"":4,""recovery_weeks"":2}]"
A,2718,237,Independent baseline,True,True,True,Structural,Concentrated dependency,Concentrated dependency,4,0.6630947026836225,975.8495724855392,False,True,True,False,False,"[{""target"":""S1A"",""magnitude"":0.1788525897910642,""start_week"":3,""duration_weeks"":1,""recovery_weeks"":2},{""target"":""demand"",""magnitude"":0.2718083061054134,""start_week"":4,""duration_weeks"":2,""recovery_weeks"":3},{""target"":""corridor"",""magnitude"":0.5026789729872831,""start_week"":25,""duration_weeks"":2,""recovery_weeks"":4},{""target"":""demand"",""magnitude"":0.07505606650806693,""start_week"":33,""duration_weeks"":1,""recovery_weeks"":2}]"
A,2718,238,Independent baseline,False,,False,Non-failure,Unclassified,Unclassified,4,0.8396336999991898,284.53479667079887,True,True,False,True,True,"[{""target"":""T2P"",""magnitude"":0.3257728933343056,""start_week"":24,""duration_weeks"":2,""recovery_weeks"":4},{""target"":""corridor"",""magnitude"":0.2988286298019089,""start_week"":40,""duration_weeks"":3,""recovery_weeks"":2},{""target"":""S1C"",""magnitude"":0.37354899675904707,""start_week"":43,""duration_weeks"":4,""recovery_weeks"":2},{""target"":""S1B"",""magnitude"":0.3049446035618269,""start_week"":51,""duration_weeks"":12,""recovery_weeks"":1}]"
A,2718,239,Independent baseline,False,,False,Non-failure,Unclassified,Unclassified,5,0.9266749051327625,427.9750885999831,False,True,True,True,False,"[{""target"":""corridor"",""magnitude"":0.2970505031291483,""start_week"":1,""duration_weeks"":3,""recovery_weeks"":2},{""target"":""S1B"",""magnitude"":0.36373149144515227,""start_week"":13,""duration_weeks"":1,""recovery_weeks"":1},{""target"":""demand"",""magnitude"":0.15220589954597968,""start_week"":14,""duration_weeks"":7,""recovery_weeks"":4},{""target"":""corridor"",""magnitude"":0.1992097805086151,""start_week"":16,""duration_weeks"":4,""recovery_weeks"":4},{""target"":""S1A"",""magnitude"":0.40745722108858473,""start_week"":35,""duration_weeks"":1,""recovery_weeks"":1}]"
A,2718,240,Independent baseline,True,True,True,Structural,Concentrated dependency; Recovery lag and temporal overlap,Recovery lag and temporal overlap,2,0.6564349336920557,1824.4290331995885,False,True,False,False,False,"[{""target"":""demand"",""magnitude"":0.06849405525180124,""start_week"":36,""duration_weeks"":1,""recovery_weeks"":2},{""target"":""corridor"",""magnitude"":0.5076737997309582,""start_week"":38,""duration_weeks"":5,""recovery_weeks"":1}]"
A,2718,241,Independent baseline,True,True,True,Structural,Concentrated dependency; Hidden convergent dependency; Propagation-amplified cascade; Recovery lag and temporal overlap,Hidden convergent dependency,5,0.46400502978148933,2281.326590386759,True,True,False,False,False,"[{""target"":""T2P"",""magnitude"":0.16599183763382952,""start_week"":5,""duration_weeks"":1,""recovery_weeks"":2},{""target"":""T2P"",""magnitude"":0.4107491898433048,""start_week"":12,""duration_weeks"":1,""recovery_weeks"":2},{""target"":""T2P"",""magnitude"":0.47446366031782516,""start_week"":13,""duration_weeks"":5,""recovery_weeks"":1},{""target"":""demand"",""magnitude"":0.19342162935238622,""start_week"":38,""duration_weeks"":5,""recovery_weeks"":3},{""target"":""corridor"",""magnitude"":0.26151550386688227,""start_week"":51,""duration_weeks"":6,""recovery_weeks"":2}]"
A,2718,242,Independent baseline,True,True,False,Structural,Concentrated dependency,Concentrated dependency,1,0.7572922631239719,742.2236554176061,False,False,False,False,False,"[{""target"":""demand"",""magnitude"":0.32049414564835693,""start_week"":7,""duration_weeks"":4,""recovery_weeks"":1}]"
A,2718,243,Independent baseline,True,True,False,Structural,Concentrated dependency,Concentrated dependency,3,0.7233626763312974,531.5967076345094,True,True,False,False,True,"[{""target"":""S1C"",""magnitude"":0.48737254723917445,""start_week"":17,""duration_weeks"":3,""recovery_weeks"":1},{""target"":""corridor"",""magnitude"":0.32227395927112323,""start_week"":29,""duration_weeks"":3,""recovery_weeks"":1},{""target"":""T2P"",""magnitude"":0.34897359130183236,""start_week"":36,""duration_weeks"":4,""recovery_weeks"":1}]"
A,2718,244,Independent baseline,False,,False,Non-failure,Unclassified,Unclassified,0,1.0,0.0,False,False,False,False,False,[]
A,2718,245,Independent baseline,False,,False,Non-failure,Unclassified,Unclassified,1,0.826963856759773,188.31842243553274,False,False,False,False,False,"[{""target"":""demand"",""magnitude"":0.2092426915950365,""start_week"":42,""duration_weeks"":1,""recovery_weeks"":4}]"
A,2718,246,Independent baseline,False,,False,Non-failure,Unclassified,Unclassified,3,0.910569579059392,187.8038839752769,False,False,True,True,False,"[{""target"":""S1B"",""magnitude"":0.45121844711636827,""start_week"":2,""duration_weeks"":10,""recovery_weeks"":3},{""target"":""S1A"",""magnitude"":0.29914387638547735,""start_week"":27,""duration_weeks"":1,""recovery_weeks"":1},{""target"":""demand"",""magnitude"":0.17081770807532948,""start_week"":29,""duration_weeks"":3,""recovery_weeks"":4}]"
A,2718,247,Independent baseline,False,,False,Non-failure,Unclassified,Unclassified,1,0.8773126283504148,125.86007646127655,False,False,False,False,False,"[{""target"":""demand"",""magnitude"":0.13984452940141828,""start_week"":50,""duration_weeks"":4,""recovery_weeks"":3}]"
A,2718,248,Independent baseline,False,,False,Non-failure,Unclassified,Unclassified,1,0.8896075470043259,111.68206478313937,False,False,False,False,False,"[{""target"":""demand"",""magnitude"":0.124091183092377,""start_week"":16,""duration_weeks"":4,""recovery_weeks"":3}]"
A,2718,249,Independent baseline,False,,False,Non-failure,Unclassified,Unclassified,1,0.642902402561227,321.38783769489567,True,False,False,False,False,"[{""target"":""T2P"",""magnitude"":0.5606939188474478,""start_week"":14,""duration_weeks"":1,""recovery_weeks"":1}]"
A,2718,250,Independent baseline,True,True,True,Structural,Hidden convergent dependency; Compounding moderate disturbance; Propagation-amplified cascade; Recovery lag and temporal overlap,Hidden convergent dependency,3,0.7129184105230996,696.0938557415616,True,True,False,False,False,"[{""target"":""T2P"",""magnitude"":0.3218926500289996,""start_week"":20,""duration_weeks"":1,""recovery_weeks"":3},{""target"":""T2P"",""magnitude"":0.3278757445388226,""start_week"":23,""duration_weeks"":1,""recovery_weeks"":4},{""target"":""corridor"",""magnitude"":0.3533274736858165,""start_week"":43,""duration_weeks"":4,""recovery_weeks"":1}]"
A,2718,251,Independent baseline,False,,False,Non-failure,Unclassified,Unclassified,2,0.8939644482936441,120.3699859140172,False,False,False,True,False,"[{""target"":""demand"",""magnitude"":0.1186127165445465,""start_week"":1,""duration_weeks"":1,""recovery_weeks"":2},{""target"":""S1B"",""magnitude"":0.41693643784710055,""start_week"":24,""duration_weeks"":4,""recovery_weeks"":1}]"
A,2718,252,Independent baseline,True,True,True,Structural,Concentrated dependency; Hidden convergent dependency; Propagation-amplified cascade,Hidden convergent dependency,4,0.7258959021699423,1113.529238341126,True,True,False,True,False,"[{""target"":""T2P"",""magnitude"":0.3466936880470519,""start_week"":8,""duration_weeks"":5,""recovery_weeks"":4},{""target"":""S1B"",""magnitude"":0.22772777048427756,""start_week"":29,""duration_weeks"":6,""recovery_weeks"":2},{""target"":""T2P"",""magnitude"":0.4157698770296594,""start_week"":40,""duration_weeks"":1,""recovery_weeks"":4},{""target"":""corridor"",""magnitude"":0.20382225023109926,""start_week"":42,""duration_weeks"":3,""recovery_weeks"":3}]"
A,2718,253,Independent baseline,True,True,True,Structural,Concentrated dependency,Concentrated dependency,2,0.797783005772433,567.2450245498383,False,True,True,False,False,"[{""target"":""S1A"",""magnitude"":0.29311142603735724,""start_week"":16,""duration_weeks"":2,""recovery_weeks"":2},{""target"":""corridor"",""magnitude"":0.40166274567067517,""start_week"":34,""duration_weeks"":2,""recovery_weeks"":4}]"
A,2718,254,Independent baseline,False,,False,Non-failure,Unclassified,Unclassified,2,0.900579013151002,99.3570656849131,False,False,False,True,False,"[{""target"":""demand"",""magnitude"":0.11039673964990318,""start_week"":5,""duration_weeks"":2,""recovery_weeks"":2},{""target"":""S1B"",""magnitude"":0.2323031468304828,""start_week"":12,""duration_weeks"":2,""recovery_weeks"":3}]"
A,2718,255,Independent baseline,False,,False,Non-failure,Unclassified,Unclassified,1,0.7564107015935523,289.8298082033266,False,False,False,False,False,"[{""target"":""demand"",""magnitude"":0.3220331202259183,""start_week"":16,""duration_weeks"":1,""recovery_weeks"":2}]"
A,2718,256,Independent baseline,False,,False,Non-failure,Unclassified,Unclassified,4,0.9258551896261208,193.67952650898644,True,True,True,False,False,"[{""target"":""corridor"",""magnitude"":0.21997277207532084,""start_week"":14,""duration_weeks"":2,""recovery_weeks"":2},{""target"":""corridor"",""magnitude"":0.1650609680983362,""start_week"":21,""duration_weeks"":8,""recovery_weeks"":1},{""target"":""S1A"",""magnitude"":0.3683675866760007,""start_week"":35,""duration_weeks"":4,""recovery_weeks"":4},{""target"":""T2P"",""magnitude"":0.33814937143636475,""start_week"":37,""duration_weeks"":1,""recovery_weeks"":4}]"
A,2718,257,Independent baseline,True,True,True,Structural,Concentrated dependency; Hidden convergent dependency; Propagation-amplified cascade,Hidden convergent dependency,4,0.4796618112773015,1591.2411713586741,True,False,False,True,True,"[{""target"":""S1C"",""magnitude"":0.3042904131912304,""start_week"":18,""duration_weeks"":1,""recovery_weeks"":2},{""target"":""T2P"",""magnitude"":0.47986209128861745,""start_week"":42,""duration_weeks"":3,""recovery_weeks"":3},{""target"":""T2P"",""magnitude"":0.17003620978313755,""start_week"":44,""duration_weeks"":4,""recovery_weeks"":2},{""target"":""S1B"",""magnitude"":0.30561808620303277,""start_week"":46,""duration_weeks"":3,""recovery_weeks"":1}]"
A,2718,258,Independent baseline,False,,False,Non-failure,Unclassified,Unclassified,2,0.8739985306901161,129.7500148991703,False,False,True,False,False,"[{""target"":""S1A"",""magnitude"":0.2280786051738399,""start_week"":22,""duration_weeks"":1,""recovery_weeks"":4},{""target"":""demand"",""magnitude"":0.1441666832213003,""start_week"":33,""duration_weeks"":10,""recovery_weeks"":1}]"
A,2718,259,Independent baseline,False,,False,Non-failure,Unclassified,Unclassified,1,1.0,0.0,False,True,False,False,False,"[{""target"":""corridor"",""magnitude"":0.23495717925581203,""start_week"":51,""duration_weeks"":4,""recovery_weeks"":1}]"
A,2718,260,Independent baseline,False,,False,Non-failure,Unclassified,Unclassified,2,0.8732053612454944,229.86813980368788,True,False,False,False,False,"[{""target"":""T2P"",""magnitude"":0.3067327561223582,""start_week"":42,""duration_weeks"":1,""recovery_weeks"":2},{""target"":""T2P"",""magnitude"":0.21411517487905518,""start_week"":44,""duration_weeks"":1,""recovery_weeks"":4}]"
A,2718,261,Independent baseline,True,True,False,Structural,Concentrated dependency,Concentrated dependency,3,0.8362070316291859,463.52333006248114,False,True,False,False,True,"[{""target"":""S1C"",""magnitude"":0.29090085766657636,""start_week"":2,""duration_weeks"":2,""recovery_weeks"":3},{""target"":""corridor"",""magnitude"":0.3614435798075726,""start_week"":45,""duration_weeks"":1,""recovery_weeks"":4},{""target"":""demand"",""magnitude"":0.16225972368615893,""start_week"":48,""duration_weeks"":1,""recovery_weeks"":1}]"
A,2718,262,Independent baseline,True,True,True,Structural,Concentrated dependency,Concentrated dependency,4,0.5239173139550886,3899.4065004986987,True,True,False,False,False,"[{""target"":""corridor"",""magnitude"":0.34825232520319493,""start_week"":4,""duration_weeks"":11,""recovery_weeks"":3},{""target"":""corridor"",""magnitude"":0.39710105511489163,""start_week"":8,""duration_weeks"":7,""recovery_weeks"":1},{""target"":""T2P"",""magnitude"":0.24071543221860814,""start_week"":21,""duration_weeks"":3,""recovery_weeks"":2},{""target"":""T2P"",""magnitude"":0.15288378077852535,""start_week"":39,""duration_weeks"":1,""recovery_weeks"":1}]"
A,2718,263,Independent baseline,False,,False,Non-failure,Unclassified,Unclassified,5,0.8678807700906596,137.00880468406422,True,False,False,True,True,"[{""target"":""T2P"",""magnitude"":0.24399053147469713,""start_week"":3,""duration_weeks"":1,""recovery_weeks"":1},{""target"":""demand"",""magnitude"":0.1522320052045159,""start_week"":6,""duration_weeks"":2,""recovery_weeks"":2},{""target"":""S1B"",""magnitude"":0.1549782997469659,""start_week"":9,""duration_weeks"":1,""recovery_weeks"":4},{""target"":""S1C"",""magnitude"":0.1622269429090855,""start_week"":32,""duration_weeks"":4,""recovery_weeks"":4},{""target"":""demand"",""magnitude"":0.13537471536505932,""start_week"":39,""duration_weeks"":2,""recovery_weeks"":4}]"
A,2718,264,Independent baseline,True,True,True,Structural,Concentrated dependency; Propagation-amplified cascade,Propagation-amplified cascade,2,0.47693929078276975,1397.6412340342745,True,True,False,False,False,"[{""target"":""T2P"",""magnitude"":0.3583481314527451,""start_week"":6,""duration_weeks"":2,""recovery_weeks"":2},{""target"":""corridor"",""magnitude"":0.6422955319129227,""start_week"":29,""duration_weeks"":2,""recovery_weeks"":2}]"
A,2718,265,Independent baseline,False,,False,Non-failure,Unclassified,Unclassified,2,0.9780341394169361,46.128307224434366,False,False,True,False,True,"[{""target"":""S1C"",""magnitude"":0.2994231863118939,""start_week"":7,""duration_weeks"":10,""recovery_weeks"":2},{""target"":""S1A"",""magnitude"":0.2689976078247627,""start_week"":36,""duration_weeks"":3,""recovery_weeks"":1}]"
A,2718,266,Independent baseline,True,True,True,Structural,Concentrated dependency; Propagation-amplified cascade,Propagation-amplified cascade,4,0.47126410468044033,2308.616886445963,True,True,True,False,False,"[{""target"":""T2P"",""magnitude"":0.27377062774990973,""start_week"":9,""duration_weeks"":1,""recovery_weeks"":3},{""target"":""corridor"",""magnitude"":0.34678105868730547,""start_week"":26,""duration_weeks"":11,""recovery_weeks"":4},{""target"":""corridor"",""magnitude"":0.4589133043202196,""start_week"":37,""duration_weeks"":1,""recovery_weeks"":2},{""target"":""S1A"",""magnitude"":0.22047507369627634,""start_week"":41,""duration_weeks"":2,""recovery_weeks"":1}]"
A,2718,267,Independent baseline,False,,False,Non-failure,Unclassified,Unclassified,3,0.8525182788224095,155.6958394407418,True,False,False,True,False,"[{""target"":""S1B"",""magnitude"":0.1951367829128675,""start_week"":24,""duration_weeks"":1,""recovery_weeks"":4},{""target"":""demand"",""magnitude"":0.17299537715637958,""start_week"":32,""duration_weeks"":3,""recovery_weeks"":2},{""target"":""T2P"",""magnitude"":0.38680916175042623,""start_week"":47,""duration_weeks"":7,""recovery_weeks"":1}]"
A,2718,268,Independent baseline,True,True,False,Structural,Concentrated dependency,Concentrated dependency,1,0.8873603820679767,506.87828069410443,False,True,False,False,False,"[{""target"":""corridor"",""magnitude"":0.33447971344901734,""start_week"":12,""duration_weeks"":4,""recovery_weeks"":2}]"
A,2718,269,Independent baseline,True,True,False,Structural,Concentrated dependency,Concentrated dependency,4,0.8077990421766877,908.6354009229369,True,True,False,False,False,"[{""target"":""T2P"",""magnitude"":0.3222055467574247,""start_week"":24,""duration_weeks"":2,""recovery_weeks"":2},{""target"":""demand"",""magnitude"":0.29070393273572787,""start_week"":39,""duration_weeks"":3,""recovery_weeks"":4},{""target"":""corridor"",""magnitude"":0.3260439432797512,""start_week"":46,""duration_weeks"":11,""recovery_weeks"":1},{""target"":""demand"",""magnitude"":0.07839260436309027,""start_week"":50,""duration_weeks"":2,""recovery_weeks"":3}]"
A,2718,270,Independent baseline,False,,False,Non-failure,Unclassified,Unclassified,0,1.0,0.0,False,False,False,False,False,[]
A,2718,271,Independent baseline,True,True,True,Structural,Concentrated dependency; Hidden convergent dependency; Propagation-amplified cascade,Hidden convergent dependency,7,0.6461645020184378,2180.989972773807,True,True,True,False,False,"[{""target"":""T2P"",""magnitude"":0.41845194818340603,""start_week"":14,""duration_weeks"":5,""recovery_weeks"":2},{""target"":""T2P"",""magnitude"":0.26702510576686966,""start_week"":21,""duration_weeks"":1,""recovery_weeks"":3},{""target"":""S1A"",""magnitude"":0.2464720290402196,""start_week"":22,""duration_weeks"":6,""recovery_weeks"":3},{""target"":""S1A"",""magnitude"":0.37721599473187023,""start_week"":23,""duration_weeks"":4,""recovery_weeks"":4},{""target"":""corridor"",""magnitude"":0.2740292565857372,""start_week"":27,""duration_weeks"":1,""recovery_weeks"":1},{""target"":""demand"",""magnitude"":0.09800731947644223,""start_week"":33,""duration_weeks"":3,""recovery_weeks"":3},{""target"":""corridor"",""magnitude"":0.2990055758507747,""start_week"":38,""duration_weeks"":1,""recovery_weeks"":1}]"
A,2718,272,Independent baseline,False,,False,Non-failure,Unclassified,Unclassified,1,0.864863734209116,121.62263921179556,True,False,False,False,False,"[{""target"":""T2P"",""magnitude"":0.46081131960589783,""start_week"":29,""duration_weeks"":1,""recovery_weeks"":1}]"
A,2718,273,Independent baseline,True,False,True,Adaptation-limited,Concentrated dependency; Hidden convergent dependency; Propagation-amplified cascade,Hidden convergent dependency,2,0.8198979699681912,565.6887027147088,True,False,False,False,True,"[{""target"":""T2P"",""magnitude"":0.26209182702862777,""start_week"":17,""duration_weeks"":6,""recovery_weeks"":2},{""target"":""S1C"",""magnitude"":0.23271821653576721,""start_week"":18,""duration_weeks"":1,""recovery_weeks"":2}]"
A,2718,274,Independent baseline,False,,False,Non-failure,Unclassified,Unclassified,2,0.8033353332583197,220.32916111085206,False,False,True,False,False,"[{""target"":""S1A"",""magnitude"":0.24048252702496348,""start_week"":21,""duration_weeks"":1,""recovery_weeks"":1},{""target"":""demand"",""magnitude"":0.2448101790120576,""start_week"":39,""duration_weeks"":2,""recovery_weeks"":3}]"
A,2718,275,Independent baseline,False,,False,Non-failure,Unclassified,Unclassified,2,0.8383166753466549,173.57998053401275,False,False,True,False,False,"[{""target"":""demand"",""magnitude"":0.19286664503779216,""start_week"":26,""duration_weeks"":4,""recovery_weeks"":2},{""target"":""S1A"",""magnitude"":0.3496269118643319,""start_week"":32,""duration_weeks"":1,""recovery_weeks"":1}]"
A,2718,276,Independent baseline,False,,False,Non-failure,Unclassified,Unclassified,1,0.7847020210311133,242.98920370599785,True,False,False,False,False,"[{""target"":""T2P"",""magnitude"":0.29844204526799956,""start_week"":2,""duration_weeks"":3,""recovery_weeks"":2}]"
A,2718,277,Independent baseline,True,True,False,Structural,Concentrated dependency,Concentrated dependency,2,0.8458121221652137,306.6149976410959,False,True,False,False,False,"[{""target"":""corridor"",""magnitude"":0.36564090837608976,""start_week"":11,""duration_weeks"":1,""recovery_weeks"":4},{""target"":""demand"",""magnitude"":0.1129152610911343,""start_week"":16,""duration_weeks"":1,""recovery_weeks"":2}]"
A,2718,278,Independent baseline,False,,False,Non-failure,Unclassified,Unclassified,2,0.892280104550519,108.65187446196614,False,False,False,True,False,"[{""target"":""demand"",""magnitude"":0.12072430495774009,""start_week"":22,""duration_weeks"":3,""recovery_weeks"":3},{""target"":""S1B"",""magnitude"":0.23697923592797143,""start_week"":51,""duration_weeks"":2,""recovery_weeks"":3}]"
A,2718,279,Independent baseline,True,True,True,Structural,Concentrated dependency,Concentrated dependency,3,0.6794419119675285,3073.5250715214675,False,True,False,False,False,"[{""target"":""demand"",""magnitude"":0.22493973052809835,""start_week"":10,""duration_weeks"":1,""recovery_weeks"":3},{""target"":""corridor"",""magnitude"":0.49041856602435363,""start_week"":18,""duration_weeks"":10,""recovery_weeks"":2},{""target"":""corridor"",""magnitude"":0.422233978468496,""start_week"":42,""duration_weeks"":3,""recovery_weeks"":4}]"
A,2718,280,Independent baseline,True,True,False,Structural,Compounding moderate disturbance; Recovery lag and temporal overlap,Compounding moderate disturbance,2,0.8434456225111006,343.4016140185854,False,False,False,False,False,"[{""target"":""demand"",""magnitude"":0.18561288755380184,""start_week"":49,""duration_weeks"":1,""recovery_weeks"":2},{""target"":""demand"",""magnitude"":0.16526849818579234,""start_week"":50,""duration_weeks"":1,""recovery_weeks"":3}]"
A,2718,281,Independent baseline,False,,False,Non-failure,Unclassified,Unclassified,3,0.91724882644828,443.39990847570607,False,True,True,True,False,"[{""target"":""S1B"",""magnitude"":0.3069151612012486,""start_week"":11,""duration_weeks"":9,""recovery_weeks"":4},{""target"":""S1A"",""magnitude"":0.43619014049137006,""start_week"":35,""duration_weeks"":5,""recovery_weeks"":4},{""target"":""corridor"",""magnitude"":0.2836370619216455,""start_week"":37,""duration_weeks"":7,""recovery_weeks"":1}]"
A,2718,282,Independent baseline,True,True,True,Structural,Concentrated dependency,Concentrated dependency,3,0.8367619551125287,1363.4395186400736,False,True,False,False,True,"[{""target"":""corridor"",""magnitude"":0.36361995988667273,""start_week"":4,""duration_weeks"":9,""recovery_weeks"":2},{""target"":""S1C"",""magnitude"":0.31776056068751213,""start_week"":30,""duration_weeks"":2,""recovery_weeks"":3},{""target"":""corridor"",""magnitude"":0.37242853366560347,""start_week"":35,""duration_weeks"":6,""recovery_weeks"":2}]"
A,2718,283,Independent baseline,True,True,True,Structural,Concentrated dependency,Concentrated dependency,6,0.6269576485269714,1871.7353874929222,False,True,True,False,False,"[{""target"":""S1A"",""magnitude"":0.19098369109907354,""start_week"":3,""duration_weeks"":2,""recovery_weeks"":2},{""target"":""demand"",""magnitude"":0.10647047291096212,""start_week"":8,""duration_weeks"":11,""recovery_weeks"":4},{""target"":""corridor"",""magnitude"":0.4797174056044128,""start_week"":12,""duration_weeks"":1,""recovery_weeks"":3},{""target"":""corridor"",""magnitude"":0.26292951512070917,""start_week"":15,""duration_weeks"":4,""recovery_weeks"":2},{""target"":""demand"",""magnitude"":0.07483515455231611,""start_week"":16,""duration_weeks"":9,""recovery_weeks"":1},{""target"":""demand"",""magnitude"":0.09491953137924682,""start_week"":50,""duration_weeks"":5,""recovery_weeks"":2}]"
A,2718,284,Independent baseline,True,False,False,Adaptation-limited,Concentrated dependency; Hidden convergent dependency; Propagation-amplified cascade,Hidden convergent dependency,1,0.8478321561906844,416.6247889509441,True,False,False,False,False,"[{""target"":""T2P"",""magnitude"":0.23695105942838401,""start_week"":3,""duration_weeks"":6,""recovery_weeks"":3}]"
A,2718,285,Independent baseline,True,True,False,Structural,Concentrated dependency; Hidden convergent dependency; Propagation-amplified cascade,Hidden convergent dependency,2,0.8104189476293016,265.72677165590017,True,True,False,False,False,"[{""target"":""T2P"",""magnitude"":0.29265573678340717,""start_week"":15,""duration_weeks"":3,""recovery_weeks"":3},{""target"":""corridor"",""magnitude"":0.38165707754512956,""start_week"":51,""duration_weeks"":1,""recovery_weeks"":4}]"
A,2718,286,Independent baseline,False,,False,Non-failure,Unclassified,Unclassified,0,1.0,0.0,False,False,False,False,False,[]
A,2718,287,Independent baseline,True,False,False,Adaptation-limited,Concentrated dependency; Hidden convergent dependency; Propagation-amplified cascade,Hidden convergent dependency,1,0.7775637897316814,366.9234523219824,True,False,False,False,False,"[{""target"":""T2P"",""magnitude"":0.36673086308049563,""start_week"":28,""duration_weeks"":2,""recovery_weeks"":3}]"
A,2718,288,Independent baseline,False,,False,Non-failure,Unclassified,Unclassified,3,0.9135742136357161,85.1416410039692,False,True,False,False,False,"[{""target"":""corridor"",""magnitude"":0.20196875823494714,""start_week"":12,""duration_weeks"":1,""recovery_weeks"":4},{""target"":""demand"",""magnitude"":0.09460182333774352,""start_week"":25,""duration_weeks"":1,""recovery_weeks"":3},{""target"":""demand"",""magnitude"":0.2277044718123875,""start_week"":50,""duration_weeks"":4,""recovery_weeks"":2}]"
A,2718,289,Independent baseline,True,True,True,Structural,Concentrated dependency; Hidden convergent dependency; Propagation-amplified cascade,Hidden convergent dependency,5,0.7825605572300348,1947.5133913608618,True,True,True,True,False,"[{""target"":""T2P"",""magnitude"":0.23774465629927877,""start_week"":3,""duration_weeks"":14,""recovery_weeks"":1},{""target"":""S1A"",""magnitude"":0.40224310275001995,""start_week"":5,""duration_weeks"":2,""recovery_weeks"":3},{""target"":""demand"",""magnitude"":0.0822809481831934,""start_week"":10,""duration_weeks"":4,""recovery_weeks"":4},{""target"":""corridor"",""magnitude"":0.21093962485408516,""start_week"":28,""duration_weeks"":7,""recovery_weeks"":2},{""target"":""S1B"",""magnitude"":0.38248852110011994,""start_week"":44,""duration_weeks"":2,""recovery_weeks"":2}]"
A,2718,290,Independent baseline,True,False,True,Adaptation-limited,Concentrated dependency; Hidden convergent dependency,Hidden convergent dependency,4,0.6854992573271903,838.6368624073033,True,False,False,False,False,"[{""target"":""demand"",""magnitude"":0.19818085594488383,""start_week"":7,""duration_weeks"":1,""recovery_weeks"":3},{""target"":""T2P"",""magnitude"":0.213642704603411,""start_week"":16,""duration_weeks"":1,""recovery_weeks"":4},{""target"":""T2P"",""magnitude"":0.3830506684055287,""start_week"":21,""duration_weeks"":3,""recovery_weeks"":3},{""target"":""T2P"",""magnitude"":0.2237100472947561,""start_week"":49,""duration_weeks"":1,""recovery_weeks"":2}]"
A,2718,291,Independent baseline,False,,False,Non-failure,Unclassified,Unclassified,2,0.9146006260353416,179.33868532578265,True,False,False,True,False,"[{""target"":""S1B"",""magnitude"":0.44214859142048146,""start_week"":20,""duration_weeks"":3,""recovery_weeks"":2},{""target"":""T2P"",""magnitude"":0.30772209810604884,""start_week"":25,""duration_weeks"":1,""recovery_weeks"":4}]"
A,2718,292,Independent baseline,False,,False,Non-failure,Unclassified,Unclassified,2,1.0,0.0,True,False,False,False,True,"[{""target"":""S1C"",""magnitude"":0.21222110109608724,""start_week"":5,""duration_weeks"":2,""recovery_weeks"":1},{""target"":""T2P"",""magnitude"":0.2389493714684988,""start_week"":9,""duration_weeks"":2,""recovery_weeks"":4}]"
A,2718,293,Independent baseline,True,True,True,Structural,Concentrated dependency,Concentrated dependency,2,0.7720891108944675,1076.6345597344375,False,True,False,False,False,"[{""target"":""demand"",""magnitude"":0.20393106023240437,""start_week"":15,""duration_weeks"":1,""recovery_weeks"":1},{""target"":""corridor"",""magnitude"":0.4209331668291494,""start_week"":35,""duration_weeks"":5,""recovery_weeks"":4}]"
A,2718,294,Independent baseline,True,True,False,Structural,Concentrated dependency; Hidden convergent dependency; Propagation-amplified cascade,Hidden convergent dependency,1,0.8691694903715423,224.2322106592835,True,False,False,False,False,"[{""target"":""T2P"",""magnitude"":0.21774745866561196,""start_week"":41,""duration_weeks"":6,""recovery_weeks"":1}]"
A,2718,295,Independent baseline,True,True,True,Structural,Concentrated dependency; Hidden convergent dependency; Propagation-amplified cascade,Hidden convergent dependency,4,0.6047678310415326,1949.2729582137388,True,True,False,False,False,"[{""target"":""T2P"",""magnitude"":0.45570895206262063,""start_week"":6,""duration_weeks"":4,""recovery_weeks"":4},{""target"":""T2P"",""magnitude"":0.2290549232689016,""start_week"":14,""duration_weeks"":2,""recovery_weeks"":1},{""target"":""corridor"",""magnitude"":0.2607854595195708,""start_week"":28,""duration_weeks"":10,""recovery_weeks"":4},{""target"":""corridor"",""magnitude"":0.28187986085504063,""start_week"":35,""duration_weeks"":1,""recovery_weeks"":1}]"
A,2718,296,Independent baseline,True,True,False,Structural,Concentrated dependency; Propagation-amplified cascade,Propagation-amplified cascade,4,0.6736128375690998,433.1039159189635,True,True,False,False,False,"[{""target"":""corridor"",""magnitude"":0.23269600875334406,""start_week"":10,""duration_weeks"":5,""recovery_weeks"":3},{""target"":""T2P"",""magnitude"":0.22925070450074644,""start_week"":23,""duration_weeks"":3,""recovery_weeks"":4},{""target"":""corridor"",""magnitude"":0.3158163229523233,""start_week"":39,""duration_weeks"":1,""recovery_weeks"":3},{""target"":""corridor"",""magnitude"":0.4947903718231751,""start_week"":49,""duration_weeks"":4,""recovery_weeks"":1}]"
A,2718,297,Independent baseline,True,True,True,Structural,Concentrated dependency,Concentrated dependency,4,0.785983787303569,770.4583657071514,False,True,False,False,False,"[{""target"":""corridor"",""magnitude"":0.41051215952232323,""start_week"":3,""duration_weeks"":3,""recovery_weeks"":1},{""target"":""demand"",""magnitude"":0.09889842845824348,""start_week"":8,""duration_weeks"":2,""recovery_weeks"":4},{""target"":""demand"",""magnitude"":0.13066635818022776,""start_week"":33,""duration_weeks"":2,""recovery_weeks"":3},{""target"":""corridor"",""magnitude"":0.33025805698135746,""start_week"":42,""duration_weeks"":14,""recovery_weeks"":2}]"
A,2718,298,Independent baseline,True,True,False,Structural,Concentrated dependency; Hidden convergent dependency; Propagation-amplified cascade,Hidden convergent dependency,3,0.7394040063140395,405.41377442813973,True,True,False,False,False,"[{""target"":""corridor"",""magnitude"":0.27494244166854637,""start_week"":1,""duration_weeks"":1,""recovery_weeks"":2},{""target"":""T2P"",""magnitude"":0.34639654369675865,""start_week"":17,""duration_weeks"":2,""recovery_weeks"":4},{""target"":""T2P"",""magnitude"":0.5018045914760466,""start_week"":42,""duration_weeks"":1,""recovery_weeks"":3}]"
A,2718,299,Independent baseline,True,True,False,Structural,Concentrated dependency,Concentrated dependency,2,0.8775657991465765,1101.9078076808114,False,True,False,False,True,"[{""target"":""S1C"",""magnitude"":0.19295071910080946,""start_week"":5,""duration_weeks"":1,""recovery_weeks"":2},{""target"":""corridor"",""magnitude"":0.3418256506400677,""start_week"":23,""duration_weeks"":9,""recovery_weeks"":3}]"
A,2718,300,Independent baseline,False,,False,Non-failure,Unclassified,Unclassified,1,0.9075028032930637,166.49495407248537,False,False,False,False,True,"[{""target"":""S1C"",""magnitude"":0.4581186925906068,""start_week"":23,""duration_weeks"":1,""recovery_weeks"":1}]"
A,2718,301,Independent baseline,False,,False,Non-failure,Unclassified,Unclassified,3,0.8997641169913608,122.33845252002334,False,False,False,True,False,"[{""target"":""demand"",""magnitude"":0.11140240104685306,""start_week"":20,""duration_weeks"":1,""recovery_weeks"":2},{""target"":""demand"",""magnitude"":0.11389667688670607,""start_week"":38,""duration_weeks"":12,""recovery_weeks"":1},{""target"":""S1B"",""magnitude"":0.2990765147718557,""start_week"":45,""duration_weeks"":7,""recovery_weeks"":2}]"
A,2718,302,Independent baseline,False,,False,Non-failure,Unclassified,Unclassified,3,0.8720734129122779,132.02320661796307,True,False,False,False,False,"[{""target"":""demand"",""magnitude"":0.14669245179773685,""start_week"":1,""duration_weeks"":4,""recovery_weeks"":3},{""target"":""demand"",""magnitude"":0.16432514585537092,""start_week"":31,""duration_weeks"":3,""recovery_weeks"":3},{""target"":""T2P"",""magnitude"":0.289101333712182,""start_week"":47,""duration_weeks"":11,""recovery_weeks"":4}]"
A,2718,303,Independent baseline,True,True,True,Structural,Concentrated dependency; Hidden convergent dependency; Propagation-amplified cascade,Hidden convergent dependency,4,0.6092644804716915,2254.8154921841015,True,True,False,False,False,"[{""target"":""T2P"",""magnitude"":0.24569711406010972,""start_week"":12,""duration_weeks"":9,""recovery_weeks"":4},{""target"":""T2P"",""magnitude"":0.27305324870755043,""start_week"":13,""duration_weeks"":2,""recovery_weeks"":2},{""target"":""corridor"",""magnitude"":0.4173158255452103,""start_week"":20,""duration_weeks"":6,""recovery_weeks"":1},{""target"":""corridor"",""magnitude"":0.43562600821038644,""start_week"":39,""duration_weeks"":2,""recovery_weeks"":3}]"
A,2718,304,Independent baseline,True,False,False,Adaptation-limited,Concentrated dependency,Concentrated dependency,3,0.7295947910819581,486.72937605247535,False,True,False,False,True,"[{""target"":""corridor"",""magnitude"":0.45280390668853143,""start_week"":4,""duration_weeks"":1,""recovery_weeks"":1},{""target"":""S1C"",""magnitude"":0.45571756594216295,""start_week"":22,""duration_weeks"":4,""recovery_weeks"":1},{""target"":""S1C"",""magnitude"":0.29558665163169706,""start_week"":40,""duration_weeks"":1,""recovery_weeks"":3}]"
A,2718,305,Independent baseline,False,,False,Non-failure,Unclassified,Unclassified,3,0.9125020777261567,183.74563677507103,True,False,False,True,False,"[{""target"":""T2P"",""magnitude"":0.21190663428924925,""start_week"":3,""duration_weeks"":1,""recovery_weeks"":2},{""target"":""S1B"",""magnitude"":0.44687032511614744,""start_week"":5,""duration_weeks"":2,""recovery_weeks"":2},{""target"":""S1B"",""magnitude"":0.26209203909966844,""start_week"":41,""duration_weeks"":8,""recovery_weeks"":1}]"
A,2718,306,Independent baseline,True,False,True,Adaptation-limited,Concentrated dependency; Hidden convergent dependency; Propagation-amplified cascade,Hidden convergent dependency,3,0.6330317090617538,1063.08372302013,True,True,False,False,False,"[{""target"":""T2P"",""magnitude"":0.5651357309222108,""start_week"":26,""duration_weeks"":1,""recovery_weeks"":4},{""target"":""demand"",""magnitude"":0.2314009581156583,""start_week"":37,""duration_weeks"":2,""recovery_weeks"":4},{""target"":""corridor"",""magnitude"":0.2534117221532101,""start_week"":44,""duration_weeks"":1,""recovery_weeks"":2}]"
A,2718,307,Independent baseline,False,,False,Non-failure,Unclassified,Unclassified,1,1.0,0.0,False,True,False,False,False,"[{""target"":""corridor"",""magnitude"":0.23478946855927274,""start_week"":41,""duration_weeks"":1,""recovery_weeks"":3}]"
A,2718,308,Independent baseline,False,,False,Non-failure,Unclassified,Unclassified,2,0.8201598381968478,270.54607498937605,True,False,False,False,False,"[{""target"":""demand"",""magnitude"":0.09731197916455778,""start_week"":2,""duration_weeks"":1,""recovery_weeks"":2},{""target"":""T2P"",""magnitude"":0.26185614562283704,""start_week"":27,""duration_weeks"":5,""recovery_weeks"":3}]"
A,2718,309,Independent baseline,False,,False,Non-failure,Unclassified,Unclassified,1,0.8134657283872679,206.377280065984,False,False,False,False,False,"[{""target"":""demand"",""magnitude"":0.22930808896220423,""start_week"":25,""duration_weeks"":1,""recovery_weeks"":1}]"
A,2718,310,Independent baseline,False,,False,Non-failure,Unclassified,Unclassified,2,1.0,0.0,True,False,False,False,False,"[{""target"":""T2P"",""magnitude"":0.19700451087064408,""start_week"":42,""duration_weeks"":1,""recovery_weeks"":2},{""target"":""T2P"",""magnitude"":0.3439746737706144,""start_week"":46,""duration_weeks"":2,""recovery_weeks"":3}]"
A,2718,311,Independent baseline,False,,False,Non-failure,Unclassified,Unclassified,2,0.9253901282954574,216.52443895435522,False,True,False,False,False,"[{""target"":""corridor"",""magnitude"":0.21352462191009453,""start_week"":43,""duration_weeks"":7,""recovery_weeks"":2},{""target"":""demand"",""magnitude"":0.08062531620255325,""start_week"":46,""duration_weeks"":10,""recovery_weeks"":2}]"
A,2718,312,Independent baseline,True,True,False,Structural,Compounding moderate disturbance,Compounding moderate disturbance,4,0.879528654209191,332.240369827191,False,True,False,True,False,"[{""target"":""S1B"",""magnitude"":0.38006519727089005,""start_week"":3,""duration_weeks"":1,""recovery_weeks"":4},{""target"":""demand"",""magnitude"":0.07410749287578997,""start_week"":13,""duration_weeks"":6,""recovery_weeks"":1},{""target"":""demand"",""magnitude"":0.08187794225953446,""start_week"":23,""duration_weeks"":8,""recovery_weeks"":4},{""target"":""corridor"",""magnitude"":0.2863430120693971,""start_week"":28,""duration_weeks"":2,""recovery_weeks"":1}]"
A,2718,313,Independent baseline,True,True,True,Structural,Concentrated dependency; Hidden convergent dependency,Hidden convergent dependency,2,0.4682495611148276,4549.816356171545,True,False,False,False,False,"[{""target"":""demand"",""magnitude"":0.2014047621424882,""start_week"":2,""duration_weeks"":14,""recovery_weeks"":3},{""target"":""T2P"",""magnitude"":0.49369847266496447,""start_week"":10,""duration_weeks"":6,""recovery_weeks"":3}]"
A,2718,314,Independent baseline,True,True,True,Structural,Concentrated dependency; Hidden convergent dependency; Propagation-amplified cascade,Hidden convergent dependency,5,0.48415541811015567,2475.0396685155706,True,True,False,False,False,"[{""target"":""T2P"",""magnitude"":0.46909735184139,""start_week"":3,""duration_weeks"":3,""recovery_weeks"":4},{""target"":""demand"",""magnitude"":0.2183935348486205,""start_week"":10,""duration_weeks"":3,""recovery_weeks"":4},{""target"":""T2P"",""magnitude"":0.23857793785582437,""start_week"":14,""duration_weeks"":2,""recovery_weeks"":4},{""target"":""corridor"",""magnitude"":0.18129401597934233,""start_week"":37,""duration_weeks"":1,""recovery_weeks"":2},{""target"":""demand"",""magnitude"":0.1177043081467987,""start_week"":50,""duration_weeks"":4,""recovery_weeks"":1}]"
A,2718,315,Independent baseline,True,True,True,Structural,Concentrated dependency,Concentrated dependency,3,0.8088595230506551,1579.169553836998,True,False,True,False,False,"[{""target"":""demand"",""magnitude"":0.23630861911404444,""start_week"":12,""duration_weeks"":9,""recovery_weeks"":1},{""target"":""T2P"",""magnitude"":0.24588945123829062,""start_week"":19,""duration_weeks"":4,""recovery_weeks"":2},{""target"":""S1A"",""magnitude"":0.35234615692963317,""start_week"":20,""duration_weeks"":1,""recovery_weeks"":4}]"
A,2718,316,Independent baseline,True,True,True,Structural,Compounding moderate disturbance,Compounding moderate disturbance,2,0.8120925801734422,769.6370937725941,False,True,False,False,False,"[{""target"":""corridor"",""magnitude"":0.2992274641403404,""start_week"":20,""duration_weeks"":4,""recovery_weeks"":2},{""target"":""demand"",""magnitude"":0.15056263775573075,""start_week"":21,""duration_weeks"":1,""recovery_weeks"":4}]"
A,2718,317,Independent baseline,False,,False,Non-failure,Unclassified,Unclassified,1,1.0,0.0,False,False,False,True,False,"[{""target"":""S1B"",""magnitude"":0.21933133547440634,""start_week"":7,""duration_weeks"":3,""recovery_weeks"":4}]"
A,2718,318,Independent baseline,True,False,True,Adaptation-limited,Concentrated dependency; Recovery lag and temporal overlap,Recovery lag and temporal overlap,3,0.6002171460697312,1859.8355362387097,False,True,True,False,False,"[{""target"":""corridor"",""magnitude"":0.21220991327343086,""start_week"":12,""duration_weeks"":3,""recovery_weeks"":1},{""target"":""corridor"",""magnitude"":0.42857511520255565,""start_week"":15,""duration_weeks"":7,""recovery_weeks"":1},{""target"":""S1A"",""magnitude"":0.3201763201114087,""start_week"":39,""duration_weeks"":2,""recovery_weeks"":3}]"
A,2718,319,Independent baseline,False,,False,Non-failure,Unclassified,Unclassified,1,1.0,0.0,False,False,True,False,False,"[{""target"":""S1A"",""magnitude"":0.2385660473948115,""start_week"":13,""duration_weeks"":3,""recovery_weeks"":3}]"
A,2718,320,Independent baseline,False,,False,Non-failure,Unclassified,Unclassified,2,0.8264492448037266,188.99609462858302,True,False,False,False,False,"[{""target"":""T2P"",""magnitude"":0.28744338400367064,""start_week"":22,""duration_weeks"":1,""recovery_weeks"":1},{""target"":""demand"",""magnitude"":0.2099956606984254,""start_week"":48,""duration_weeks"":5,""recovery_weeks"":4}]"
A,2718,321,Independent baseline,False,,False,Non-failure,Unclassified,Unclassified,1,0.9447384002088042,99.47087962415253,False,True,False,False,False,"[{""target"":""corridor"",""magnitude"":0.2914461998433969,""start_week"":32,""duration_weeks"":1,""recovery_weeks"":3}]"
A,2718,322,Independent baseline,False,,False,Non-failure,Unclassified,Unclassified,1,0.9413656183533623,263.8547174098693,False,True,False,False,False,"[{""target"":""corridor"",""magnitude"":0.2939757862349784,""start_week"":30,""duration_weeks"":4,""recovery_weeks"":1}]"
A,2718,323,Independent baseline,False,,False,Non-failure,Unclassified,Unclassified,0,1.0,0.0,False,False,False,False,False,[]
A,2718,324,Independent baseline,False,,False,Non-failure,Unclassified,Unclassified,2,1.0,0.0,True,False,False,True,False,"[{""target"":""T2P"",""magnitude"":0.31523385861748476,""start_week"":5,""duration_weeks"":1,""recovery_weeks"":3},{""target"":""S1B"",""magnitude"":0.18616709286322924,""start_week"":36,""duration_weeks"":2,""recovery_weeks"":4}]"
A,2718,325,Independent baseline,False,,False,Non-failure,Unclassified,Unclassified,5,0.9352036602864915,874.7505861323613,False,True,True,True,False,"[{""target"":""corridor"",""magnitude"":0.29859725478513116,""start_week"":6,""duration_weeks"":14,""recovery_weeks"":2},{""target"":""S1B"",""magnitude"":0.3975575087565742,""start_week"":10,""duration_weeks"":4,""recovery_weeks"":2},{""target"":""demand"",""magnitude"":0.09678630793630291,""start_week"":28,""duration_weeks"":1,""recovery_weeks"":2},{""target"":""S1B"",""magnitude"":0.28227430016338456,""start_week"":34,""duration_weeks"":1,""recovery_weeks"":4},{""target"":""S1A"",""magnitude"":0.32654976096474186,""start_week"":46,""duration_weeks"":6,""recovery_weeks"":3}]"
A,2718,326,Independent baseline,True,False,False,Adaptation-limited,Concentrated dependency; Hidden convergent dependency; Propagation-amplified cascade,Hidden convergent dependency,2,0.6137526168020484,728.5855843846223,True,False,False,False,True,"[{""target"":""S1C"",""magnitude"":0.2678790426684689,""start_week"":36,""duration_weeks"":1,""recovery_weeks"":2},{""target"":""T2P"",""magnitude"":0.5809629395064658,""start_week"":41,""duration_weeks"":1,""recovery_weeks"":3}]"
A,2718,327,Independent baseline,True,False,False,Adaptation-limited,Concentrated dependency,Concentrated dependency,3,0.7552088232086188,474.53215230146816,True,True,False,False,False,"[{""target"":""corridor"",""magnitude"":0.3900058119407154,""start_week"":6,""duration_weeks"":1,""recovery_weeks"":2},{""target"":""demand"",""magnitude"":0.07695455757986182,""start_week"":7,""duration_weeks"":1,""recovery_weeks"":2},{""target"":""T2P"",""magnitude"":0.32711535344302184,""start_week"":46,""duration_weeks"":6,""recovery_weeks"":2}]"
A,2718,328,Independent baseline,True,False,False,Adaptation-limited,Concentrated dependency,Concentrated dependency,2,0.7585954104711393,466.30677625549947,False,True,False,False,False,"[{""target"":""demand"",""magnitude"":0.15402984617094123,""start_week"":19,""duration_weeks"":1,""recovery_weeks"":3},{""target"":""corridor"",""magnitude"":0.43105344214664554,""start_week"":28,""duration_weeks"":2,""recovery_weeks"":3}]"
A,2718,329,Independent baseline,True,True,True,Structural,Concentrated dependency,Concentrated dependency,3,0.42043078611777257,4414.476522799124,False,True,False,True,False,"[{""target"":""corridor"",""magnitude"":0.6070628460033979,""start_week"":14,""duration_weeks"":8,""recovery_weeks"":3},{""target"":""corridor"",""magnitude"":0.19752284460467157,""start_week"":15,""duration_weeks"":3,""recovery_weeks"":1},{""target"":""S1B"",""magnitude"":0.23752696734390044,""start_week"":22,""duration_weeks"":1,""recovery_weeks"":2}]"
A,2718,330,Independent baseline,False,,False,Non-failure,Unclassified,Unclassified,2,0.9417877604286142,215.31916149881954,False,True,False,True,False,"[{""target"":""S1B"",""magnitude"":0.3809775390356181,""start_week"":37,""duration_weeks"":1,""recovery_weeks"":2},{""target"":""corridor"",""magnitude"":0.2796389993266031,""start_week"":42,""duration_weeks"":12,""recovery_weeks"":2}]"
A,2718,331,Independent baseline,False,,False,Non-failure,Unclassified,Unclassified,2,0.8668766154904868,138.21003348991235,False,False,True,False,False,"[{""target"":""demand"",""magnitude"":0.1535667038776803,""start_week"":34,""duration_weeks"":1,""recovery_weeks"":3},{""target"":""S1A"",""magnitude"":0.5516148965125297,""start_week"":49,""duration_weeks"":5,""recovery_weeks"":2}]"
A,2718,332,Independent baseline,False,,False,Non-failure,Unclassified,Unclassified,3,0.9043097682606084,246.96598742090555,True,False,False,False,True,"[{""target"":""T2P"",""magnitude"":0.19715059043113703,""start_week"":18,""duration_weeks"":5,""recovery_weeks"":1},{""target"":""S1C"",""magnitude"":0.4653030214136312,""start_week"":24,""duration_weeks"":2,""recovery_weeks"":1},{""target"":""demand"",""magnitude"":0.07166433141401456,""start_week"":36,""duration_weeks"":4,""recovery_weeks"":2}]"
A,2718,333,Independent baseline,False,,False,Non-failure,Unclassified,Unclassified,2,0.8869393386593581,114.72554071215689,False,False,True,False,False,"[{""target"":""demand"",""magnitude"":0.1274728230135077,""start_week"":11,""duration_weeks"":1,""recovery_weeks"":3},{""target"":""S1A"",""magnitude"":0.35218583055866837,""start_week"":49,""duration_weeks"":1,""recovery_weeks"":3}]"
A,2718,334,Independent baseline,False,,False,Non-failure,Unclassified,Unclassified,1,1.0,0.0,False,False,False,False,True,"[{""target"":""S1C"",""magnitude"":0.24014222589026263,""start_week"":32,""duration_weeks"":5,""recovery_weeks"":2}]"
A,2718,335,Independent baseline,True,True,False,Structural,Concentrated dependency,Concentrated dependency,2,0.8820587354042575,212.29427627233645,False,False,False,False,True,"[{""target"":""S1C"",""magnitude"":0.5153678453404207,""start_week"":21,""duration_weeks"":1,""recovery_weeks"":3},{""target"":""demand"",""magnitude"":0.11536316655302974,""start_week"":28,""duration_weeks"":1,""recovery_weeks"":4}]"
A,2718,336,Independent baseline,False,,False,Non-failure,Unclassified,Unclassified,1,0.9409766365710451,71.84718960241537,True,False,False,False,False,"[{""target"":""T2P"",""magnitude"":0.3062420541721186,""start_week"":30,""duration_weeks"":2,""recovery_weeks"":2}]"
A,2718,337,Independent baseline,False,,False,Non-failure,Unclassified,Unclassified,3,0.9081490285527687,132.91127285380253,False,False,False,True,False,"[{""target"":""demand"",""magnitude"":0.1011408574577296,""start_week"":27,""duration_weeks"":8,""recovery_weeks"":1},{""target"":""S1B"",""magnitude"":0.2793826389802492,""start_week"":40,""duration_weeks"":3,""recovery_weeks"":3},{""target"":""S1B"",""magnitude"":0.4528947977900545,""start_week"":45,""duration_weeks"":2,""recovery_weeks"":4}]"
A,2718,338,Independent baseline,True,True,True,Structural,Concentrated dependency; Hidden convergent dependency; Propagation-amplified cascade,Hidden convergent dependency,3,0.5948174989276365,2458.3380312909326,True,False,False,False,False,"[{""target"":""T2P"",""magnitude"":0.2654685723330199,""start_week"":36,""duration_weeks"":9,""recovery_weeks"":3},{""target"":""T2P"",""magnitude"":0.27118741435583354,""start_week"":43,""duration_weeks"":4,""recovery_weeks"":1},{""target"":""demand"",""magnitude"":0.1000791136086859,""start_week"":44,""duration_weeks"":2,""recovery_weeks"":1}]"
A,2718,339,Independent baseline,True,True,False,Structural,Concentrated dependency,Concentrated dependency,2,0.8192840216289641,333.7183480904862,False,True,True,False,False,"[{""target"":""corridor"",""magnitude"":0.3855369837782769,""start_week"":39,""duration_weeks"":1,""recovery_weeks"":3},{""target"":""S1A"",""magnitude"":0.3110533944503828,""start_week"":40,""duration_weeks"":5,""recovery_weeks"":4}]"
A,2718,340,Independent baseline,True,False,False,Adaptation-limited,Concentrated dependency,Concentrated dependency,1,0.6823386437224125,571.7904412996576,False,True,False,False,False,"[{""target"":""corridor"",""magnitude"":0.4882460172081906,""start_week"":31,""duration_weeks"":1,""recovery_weeks"":2}]"
A,2718,341,Independent baseline,True,True,False,Structural,Concentrated dependency,Concentrated dependency,1,0.8295753042929119,418.03853939402313,False,False,True,False,False,"[{""target"":""S1A"",""magnitude"":0.633455565340948,""start_week"":44,""duration_weeks"":9,""recovery_weeks"":1}]"
A,2718,342,Independent baseline,False,,False,Non-failure,Unclassified,Unclassified,2,0.9874259468383056,25.237595158822387,False,False,False,True,True,"[{""target"":""S1B"",""magnitude"":0.27049594240947417,""start_week"":36,""duration_weeks"":3,""recovery_weeks"":4},{""target"":""S1C"",""magnitude"":0.2782916196138123,""start_week"":43,""duration_weeks"":5,""recovery_weeks"":2}]"
A,2718,343,Independent baseline,False,,False,Non-failure,Unclassified,Unclassified,3,0.8457472474836498,306.3380989278893,False,True,True,False,False,"[{""target"":""corridor"",""magnitude"":0.26134192314559956,""start_week"":20,""duration_weeks"":1,""recovery_weeks"":2},{""target"":""corridor"",""magnitude"":0.261064725307343,""start_week"":24,""duration_weeks"":4,""recovery_weeks"":4},{""target"":""S1A"",""magnitude"":0.5970686931617879,""start_week"":42,""duration_weeks"":4,""recovery_weeks"":2}]"
A,2718,344,Independent baseline,False,,False,Non-failure,Unclassified,Unclassified,1,0.8937948653336938,106.94245951389485,False,False,False,False,False,"[{""target"":""demand"",""magnitude"":0.11882495501543852,""start_week"":16,""duration_weeks"":1,""recovery_weeks"":1}]"
A,2718,345,Independent baseline,True,True,True,Structural,Concentrated dependency; Propagation-amplified cascade; Recovery lag and temporal overlap,Propagation-amplified cascade,8,0.7332177576522847,946.7489980056888,True,True,False,False,True,"[{""target"":""T2P"",""magnitude"":0.28089431241912366,""start_week"":1,""duration_weeks"":1,""recovery_weeks"":3},{""target"":""S1C"",""magnitude"":0.5295613933751675,""start_week"":4,""duration_weeks"":1,""recovery_weeks"":4},{""target"":""T2P"",""magnitude"":0.334474778066144,""start_week"":5,""duration_weeks"":1,""recovery_weeks"":2},{""target"":""demand"",""magnitude"":0.08332428464489296,""start_week"":9,""duration_weeks"":2,""recovery_weeks"":1},{""target"":""S1C"",""magnitude"":0.4853069145772342,""start_week"":11,""duration_weeks"":2,""recovery_weeks"":4},{""target"":""T2P"",""magnitude"":0.30568539227807057,""start_week"":20,""duration_weeks"":1,""recovery_weeks"":3},{""target"":""corridor"",""magnitude"":0.45008668176078637,""start_week"":38,""duration_weeks"":3,""recovery_weeks"":2},{""target"":""corridor"",""magnitude"":0.24215483930539805,""start_week"":50,""duration_weeks"":1,""recovery_weeks"":3}]"
A,2718,346,Independent baseline,False,,False,Non-failure,Unclassified,Unclassified,5,0.8330236466084537,510.73508820710845,False,True,True,True,False,"[{""target"":""corridor"",""magnitude"":0.29469804750290507,""start_week"":12,""duration_weeks"":1,""recovery_weeks"":4},{""target"":""S1B"",""magnitude"":0.4789796662151501,""start_week"":15,""duration_weeks"":1,""recovery_weeks"":4},{""target"":""demand"",""magnitude"":0.1736695098647051,""start_week"":16,""duration_weeks"":4,""recovery_weeks"":1},{""target"":""demand"",""magnitude"":0.2334398678561026,""start_week"":39,""duration_weeks"":6,""recovery_weeks"":3},{""target"":""S1A"",""magnitude"":0.3330935487971172,""start_week"":51,""duration_weeks"":2,""recovery_weeks"":1}]"
A,2718,347,Independent baseline,False,,False,Non-failure,Unclassified,Unclassified,2,0.9305584425585953,145.82727062694994,True,False,True,False,False,"[{""target"":""S1A"",""magnitude"":0.40624350424316047,""start_week"":32,""duration_weeks"":2,""recovery_weeks"":4},{""target"":""T2P"",""magnitude"":0.5086041515920802,""start_week"":51,""duration_weeks"":1,""recovery_weeks"":1}]"
A,2718,348,Independent baseline,False,,False,Non-failure,Unclassified,Unclassified,3,0.8772392751334757,243.1972140116494,False,True,False,True,False,"[{""target"":""corridor"",""magnitude"":0.2718367216194312,""start_week"":7,""duration_weeks"":7,""recovery_weeks"":4},{""target"":""S1B"",""magnitude"":0.5262116309496798,""start_week"":19,""duration_weeks"":7,""recovery_weeks"":4},{""target"":""demand"",""magnitude"":0.09726383790023048,""start_week"":43,""duration_weeks"":4,""recovery_weeks"":3}]"
A,2718,349,Independent baseline,True,False,False,Adaptation-limited,Compounding moderate disturbance; Recovery lag and temporal overlap,Compounding moderate disturbance,5,0.8649102100299905,532.7914167198876,False,False,False,True,False,"[{""target"":""demand"",""magnitude"":0.12388573563135453,""start_week"":3,""duration_weeks"":1,""recovery_weeks"":2},{""target"":""demand"",""magnitude"":0.15227476893813108,""start_week"":19,""duration_weeks"":4,""recovery_weeks"":3},{""target"":""demand"",""magnitude"":0.1487653993461533,""start_week"":24,""duration_weeks"":11,""recovery_weeks"":2},{""target"":""S1B"",""magnitude"":0.4311140903134155,""start_week"":30,""duration_weeks"":1,""recovery_weeks"":4},{""target"":""S1B"",""magnitude"":0.3821326010937752,""start_week"":42,""duration_weeks"":2,""recovery_weeks"":3}]"
A,2718,350,Independent baseline,True,True,True,Structural,Concentrated dependency; Hidden convergent dependency,Hidden convergent dependency,2,0.6781244631225992,1157.6066138518186,True,False,False,False,False,"[{""target"":""demand"",""magnitude"":0.19101810289964166,""start_week"":20,""duration_weeks"":1,""recovery_weeks"":2},{""target"":""T2P"",""magnitude"":0.38968798318966075,""start_week"":38,""duration_weeks"":5,""recovery_weeks"":3}]"
A,2718,351,Independent baseline,True,True,True,Structural,Concentrated dependency; Hidden convergent dependency; Propagation-amplified cascade,Hidden convergent dependency,3,0.6742247278884976,1082.32833153722,True,True,False,False,False,"[{""target"":""T2P"",""magnitude"":0.3231488736107099,""start_week"":10,""duration_weeks"":4,""recovery_weeks"":4},{""target"":""corridor"",""magnitude"":0.4943314540836268,""start_week"":24,""duration_weeks"":1,""recovery_weeks"":3},{""target"":""demand"",""magnitude"":0.1692155353737853,""start_week"":33,""duration_weeks"":5,""recovery_weeks"":1}]"
A,2718,352,Independent baseline,True,True,True,Structural,Concentrated dependency; Hidden convergent dependency; Propagation-amplified cascade,Hidden convergent dependency,2,0.4606654863251046,2945.6652148897347,True,False,False,False,False,"[{""target"":""T2P"",""magnitude"":0.5854010623074057,""start_week"":9,""duration_weeks"":6,""recovery_weeks"":1},{""target"":""demand"",""magnitude"":0.08214321040994121,""start_week"":11,""duration_weeks"":1,""recovery_weeks"":1}]"
A,2718,353,Independent baseline,True,True,True,Structural,Concentrated dependency,Concentrated dependency,2,0.45522528589536915,1256.4895371838202,True,True,False,False,False,"[{""target"":""corridor"",""magnitude"":0.6585810355784731,""start_week"":40,""duration_weeks"":1,""recovery_weeks"":3},{""target"":""T2P"",""magnitude"":0.3618659363671054,""start_week"":45,""duration_weeks"":4,""recovery_weeks"":3}]"
A,2718,354,Independent baseline,True,True,True,Structural,Concentrated dependency,Concentrated dependency,5,0.6403629740269545,2653.0288884424226,True,True,False,False,False,"[{""target"":""corridor"",""magnitude"":0.4325862248373602,""start_week"":13,""duration_weeks"":4,""recovery_weeks"":4},{""target"":""T2P"",""magnitude"":0.42367332337574093,""start_week"":32,""duration_weeks"":5,""recovery_weeks"":4},{""target"":""corridor"",""magnitude"":0.18641845354531822,""start_week"":33,""duration_weeks"":7,""recovery_weeks"":1},{""target"":""T2P"",""magnitude"":0.46663193629057764,""start_week"":42,""duration_weeks"":1,""recovery_weeks"":2},{""target"":""corridor"",""magnitude"":0.3932783043221235,""start_week"":44,""duration_weeks"":4,""recovery_weeks"":4}]"
A,2718,355,Independent baseline,True,True,True,Structural,Concentrated dependency; Propagation-amplified cascade,Propagation-amplified cascade,6,0.532250530499353,1968.5490596525021,True,True,False,True,False,"[{""target"":""T2P"",""magnitude"":0.425511309359181,""start_week"":18,""duration_weeks"":2,""recovery_weeks"":4},{""target"":""corridor"",""magnitude"":0.5616115743150514,""start_week"":22,""duration_weeks"":2,""recovery_weeks"":3},{""target"":""demand"",""magnitude"":0.09820069200283343,""start_week"":24,""duration_weeks"":4,""recovery_weeks"":4},{""target"":""T2P"",""magnitude"":0.43170964772784437,""start_week"":25,""duration_weeks"":1,""recovery_weeks"":2},{""target"":""demand"",""magnitude"":0.20176118481632155,""start_week"":38,""duration_weeks"":1,""recovery_weeks"":2},{""target"":""S1B"",""magnitude"":0.265514060731566,""start_week"":44,""duration_weeks"":1,""recovery_weeks"":4}]"
A,2718,356,Independent baseline,False,,False,Non-failure,Unclassified,Unclassified,1,0.9647665885431338,63.42014062235921,False,False,True,False,False,"[{""target"":""S1A"",""magnitude"":0.3292751757779492,""start_week"":34,""duration_weeks"":1,""recovery_weeks"":1}]"
A,2718,357,Independent baseline,True,True,True,Structural,Hidden convergent dependency; Compounding moderate disturbance,Hidden convergent dependency,6,0.5861737714111915,3040.2032149284196,True,True,False,False,True,"[{""target"":""S1C"",""magnitude"":0.45029146163936884,""start_week"":13,""duration_weeks"":1,""recovery_weeks"":1},{""target"":""demand"",""magnitude"":0.23113257989875635,""start_week"":17,""duration_weeks"":5,""recovery_weeks"":2},{""target"":""T2P"",""magnitude"":0.21828543753148322,""start_week"":20,""duration_weeks"":1,""recovery_weeks"":4},{""target"":""corridor"",""magnitude"":0.5603696714416063,""start_week"":28,""duration_weeks"":3,""recovery_weeks"":4},{""target"":""corridor"",""magnitude"":0.288303226243219,""start_week"":33,""duration_weeks"":3,""recovery_weeks"":4},{""target"":""demand"",""magnitude"":0.059481908206458045,""start_week"":36,""duration_weeks"":1,""recovery_weeks"":2}]"
A,2718,358,Independent baseline,False,,False,Non-failure,Unclassified,Unclassified,1,0.9043616352505955,172.149056548928,False,False,False,True,False,"[{""target"":""S1B"",""magnitude"":0.46518632068616017,""start_week"":30,""duration_weeks"":1,""recovery_weeks"":1}]"
A,2718,359,Independent baseline,False,,False,Non-failure,Unclassified,Unclassified,2,0.9216554289083655,164.52359929243232,False,False,True,False,True,"[{""target"":""S1A"",""magnitude"":0.4262752849561774,""start_week"":21,""duration_weeks"":3,""recovery_weeks"":3},{""target"":""S1C"",""magnitude"":0.2589030897113304,""start_week"":40,""duration_weeks"":3,""recovery_weeks"":2}]"
A,2718,360,Independent baseline,True,False,False,Adaptation-limited,Hidden convergent dependency; Compounding moderate disturbance,Hidden convergent dependency,3,0.7917767834735308,305.9069927760397,True,False,False,False,False,"[{""target"":""demand"",""magnitude"":0.26298222033360513,""start_week"":17,""duration_weeks"":2,""recovery_weeks"":4},{""target"":""T2P"",""magnitude"":0.28881156640017114,""start_week"":24,""duration_weeks"":1,""recovery_weeks"":3},{""target"":""T2P"",""magnitude"":0.2675172609818103,""start_week"":44,""duration_weeks"":9,""recovery_weeks"":4}]"
A,2718,361,Independent baseline,True,True,True,Structural,Hidden convergent dependency; Compounding moderate disturbance,Hidden convergent dependency,5,0.7702985459080633,1094.998162525892,True,False,False,False,True,"[{""target"":""T2P"",""magnitude"":0.19227074603572514,""start_week"":11,""duration_weeks"":3,""recovery_weeks"":3},{""target"":""demand"",""magnitude"":0.15420820916758898,""start_week"":12,""duration_weeks"":4,""recovery_weeks"":4},{""target"":""T2P"",""magnitude"":0.25925689914180233,""start_week"":16,""duration_weeks"":1,""recovery_weeks"":2},{""target"":""T2P"",""magnitude"":0.18067364444434633,""start_week"":37,""duration_weeks"":3,""recovery_weeks"":4},{""target"":""S1C"",""magnitude"":0.4439181209683388,""start_week"":40,""duration_weeks"":2,""recovery_weeks"":3}]"
A,2718,362,Independent baseline,True,True,True,Structural,Concentrated dependency; Hidden convergent dependency; Propagation-amplified cascade,Hidden convergent dependency,2,0.7498604472556788,1632.5373740663622,True,False,False,True,False,"[{""target"":""T2P"",""magnitude"":0.325125597469889,""start_week"":22,""duration_weeks"":8,""recovery_weeks"":4},{""target"":""S1B"",""magnitude"":0.27377134646158796,""start_week"":48,""duration_weeks"":3,""recovery_weeks"":3}]"
A,2718,363,Independent baseline,False,,False,Non-failure,Unclassified,Unclassified,6,0.6399994322075396,374.951105246599,True,True,False,False,True,"[{""target"":""corridor"",""magnitude"":0.27887965151383814,""start_week"":3,""duration_weeks"":2,""recovery_weeks"":2},{""target"":""demand"",""magnitude"":0.07170928527473681,""start_week"":25,""duration_weeks"":2,""recovery_weeks"":1},{""target"":""demand"",""magnitude"":0.09885573816765836,""start_week"":41,""duration_weeks"":1,""recovery_weeks"":4},{""target"":""T2P"",""magnitude"":0.26428346383635226,""start_week"":43,""duration_weeks"":1,""recovery_weeks"":2},{""target"":""S1C"",""magnitude"":0.3086439967655619,""start_week"":44,""duration_weeks"":5,""recovery_weeks"":1},{""target"":""corridor"",""magnitude"":0.5200004258443452,""start_week"":50,""duration_weeks"":1,""recovery_weeks"":3}]"
A,2718,364,Independent baseline,False,,False,Non-failure,Unclassified,Unclassified,2,0.9631048945845493,35.543035616559905,False,False,True,False,False,"[{""target"":""S1A"",""magnitude"":0.27979712016120245,""start_week"":12,""duration_weeks"":2,""recovery_weeks"":4},{""target"":""demand"",""magnitude"":0.07039297900038734,""start_week"":40,""duration_weeks"":6,""recovery_weeks"":3}]"
A,2718,365,Independent baseline,True,True,True,Structural,Concentrated dependency,Concentrated dependency,3,0.4458491672376128,5518.6206299130135,False,True,False,False,False,"[{""target"":""corridor"",""magnitude"":0.6169745985025645,""start_week"":22,""duration_weeks"":10,""recovery_weeks"":4},{""target"":""demand"",""magnitude"":0.14545584663554834,""start_week"":33,""duration_weeks"":1,""recovery_weeks"":3},{""target"":""demand"",""magnitude"":0.1433545615244728,""start_week"":49,""duration_weeks"":1,""recovery_weeks"":2}]"
A,2718,366,Independent baseline,True,True,True,Structural,Concentrated dependency; Hidden convergent dependency; Propagation-amplified cascade,Hidden convergent dependency,3,0.8454983924238837,849.8820993973827,True,False,False,False,True,"[{""target"":""S1C"",""magnitude"":0.1831841873678611,""start_week"":2,""duration_weeks"":2,""recovery_weeks"":3},{""target"":""T2P"",""magnitude"":0.2016996673660664,""start_week"":3,""duration_weeks"":1,""recovery_weeks"":1},{""target"":""T2P"",""magnitude"":0.2390514468185045,""start_week"":31,""duration_weeks"":9,""recovery_weeks"":3}]"
A,2718,367,Independent baseline,True,True,False,Structural,Concentrated dependency,Concentrated dependency,2,0.8888053017630771,233.50886629753802,False,True,False,False,True,"[{""target"":""S1C"",""magnitude"":0.5001880710330763,""start_week"":19,""duration_weeks"":2,""recovery_weeks"":2},{""target"":""corridor"",""magnitude"":0.2089395776055844,""start_week"":41,""duration_weeks"":11,""recovery_weeks"":2}]"
A,2718,368,Independent baseline,True,True,False,Structural,Concentrated dependency,Concentrated dependency,2,0.858858900798124,381.0809678450653,False,True,False,False,False,"[{""target"":""corridor"",""magnitude"":0.35585582440140706,""start_week"":5,""duration_weeks"":2,""recovery_weeks"":2},{""target"":""corridor"",""magnitude"":0.34943624293532183,""start_week"":33,""duration_weeks"":3,""recovery_weeks"":4}]"
A,2718,369,Independent baseline,True,True,False,Structural,Concentrated dependency,Concentrated dependency,2,0.8969108500539114,185.56046990295954,False,False,False,False,True,"[{""target"":""S1C"",""magnitude"":0.48195058737869934,""start_week"":22,""duration_weeks"":1,""recovery_weeks"":4},{""target"":""demand"",""magnitude"":0.1259450008145669,""start_week"":26,""duration_weeks"":1,""recovery_weeks"":4}]"
A,2718,370,Independent baseline,True,True,True,Structural,Concentrated dependency,Concentrated dependency,4,0.808407249575081,2084.0675576675785,True,True,False,True,False,"[{""target"":""S1B"",""magnitude"":0.43593377289448854,""start_week"":4,""duration_weeks"":2,""recovery_weeks"":3},{""target"":""demand"",""magnitude"":0.07838893294511459,""start_week"":21,""duration_weeks"":6,""recovery_weeks"":4},{""target"":""corridor"",""magnitude"":0.3936945628186892,""start_week"":35,""duration_weeks"":12,""recovery_weeks"":2},{""target"":""T2P"",""magnitude"":0.35784698872338644,""start_week"":47,""duration_weeks"":1,""recovery_weeks"":1}]"
A,2718,371,Independent baseline,False,,False,Non-failure,Unclassified,Unclassified,3,0.904325009576744,95.21741682366155,True,False,False,False,False,"[{""target"":""demand"",""magnitude"":0.10579712980406829,""start_week"":16,""duration_weeks"":4,""recovery_weeks"":2},{""target"":""T2P"",""magnitude"":0.28992755525006264,""start_week"":34,""duration_weeks"":1,""recovery_weeks"":3},{""target"":""demand"",""magnitude"":0.2088214074293671,""start_week"":46,""duration_weeks"":2,""recovery_weeks"":4}]"
A,2718,372,Independent baseline,True,True,False,Structural,Concentrated dependency,Concentrated dependency,5,0.8200025582780802,541.8925603018087,True,True,True,False,False,"[{""target"":""S1A"",""magnitude"":0.6317950354291362,""start_week"":28,""duration_weeks"":4,""recovery_weeks"":3},{""target"":""corridor"",""magnitude"":0.30154181312072625,""start_week"":31,""duration_weeks"":2,""recovery_weeks"":2},{""target"":""T2P"",""magnitude"":0.34130168715327547,""start_week"":41,""duration_weeks"":1,""recovery_weeks"":2},{""target"":""corridor"",""magnitude"":0.24100170275430868,""start_week"":42,""duration_weeks"":1,""recovery_weeks"":4},{""target"":""corridor"",""magnitude"":0.38499808129143986,""start_week"":47,""duration_weeks"":1,""recovery_weeks"":1}]"
A,2718,373,Independent baseline,True,True,False,Structural,Concentrated dependency; Propagation-amplified cascade,Propagation-amplified cascade,2,0.7681004323643473,658.1191707707003,True,False,False,False,True,"[{""target"":""S1C"",""magnitude"":0.6069536425303619,""start_week"":13,""duration_weeks"":6,""recovery_weeks"":3},{""target"":""T2P"",""magnitude"":0.343178821822449,""start_week"":14,""duration_weeks"":1,""recovery_weeks"":2}]"
A,2718,374,Independent baseline,True,True,True,Structural,Hidden convergent dependency; Compounding moderate disturbance; Recovery lag and temporal overlap,Hidden convergent dependency,5,0.5430188745347487,1192.510390475852,True,False,True,False,False,"[{""target"":""T2P"",""magnitude"":0.4294550149076235,""start_week"":2,""duration_weeks"":1,""recovery_weeks"":3},{""target"":""demand"",""magnitude"":0.2511514849313838,""start_week"":4,""duration_weeks"":2,""recovery_weeks"":3},{""target"":""S1A"",""magnitude"":0.2900371941573453,""start_week"":29,""duration_weeks"":1,""recovery_weeks"":1},{""target"":""demand"",""magnitude"":0.1255567421505402,""start_week"":38,""duration_weeks"":2,""recovery_weeks"":3},{""target"":""demand"",""magnitude"":0.157451990271612,""start_week"":49,""duration_weeks"":3,""recovery_weeks"":4}]"
A,2718,375,Independent baseline,True,False,False,Adaptation-limited,Concentrated dependency; Hidden convergent dependency,Hidden convergent dependency,4,0.4782676181977475,893.0472333829389,True,False,True,False,False,"[{""target"":""S1A"",""magnitude"":0.19046699491173041,""start_week"":11,""duration_weeks"":1,""recovery_weeks"":1},{""target"":""demand"",""magnitude"":0.193671556177002,""start_week"":17,""duration_weeks"":2,""recovery_weeks"":4},{""target"":""T2P"",""magnitude"":0.5695591436220272,""start_week"":23,""duration_weeks"":1,""recovery_weeks"":3},{""target"":""S1A"",""magnitude"":0.27785493482667994,""start_week"":32,""duration_weeks"":6,""recovery_weeks"":3}]"
A,2718,376,Independent baseline,False,,False,Non-failure,Unclassified,Unclassified,0,1.0,0.0,False,False,False,False,False,[]
A,2718,377,Independent baseline,True,True,True,Structural,Concentrated dependency; Hidden convergent dependency; Propagation-amplified cascade,Hidden convergent dependency,2,0.5522325431264953,2193.844491104334,True,False,False,False,False,"[{""target"":""T2P"",""magnitude"":0.3595286142639411,""start_week"":4,""duration_weeks"":1,""recovery_weeks"":3},{""target"":""T2P"",""magnitude"":0.5029907111861542,""start_week"":33,""duration_weeks"":5,""recovery_weeks"":4}]"
A,2718,378,Independent baseline,True,False,False,Adaptation-limited,Concentrated dependency; Propagation-amplified cascade,Propagation-amplified cascade,6,0.6453667892041935,638.3397794324518,True,True,False,False,False,"[{""target"":""T2P"",""magnitude"":0.2167841033670549,""start_week"":2,""duration_weeks"":1,""recovery_weeks"":2},{""target"":""T2P"",""magnitude"":0.3294301571935253,""start_week"":18,""duration_weeks"":1,""recovery_weeks"":1},{""target"":""corridor"",""magnitude"":0.515974908096855,""start_week"":35,""duration_weeks"":1,""recovery_weeks"":1},{""target"":""T2P"",""magnitude"":0.2033226231873341,""start_week"":48,""duration_weeks"":2,""recovery_weeks"":1},{""target"":""corridor"",""magnitude"":0.48995010377826764,""start_week"":49,""duration_weeks"":1,""recovery_weeks"":1},{""target"":""T2P"",""magnitude"":0.5399142220993971,""start_week"":50,""duration_weeks"":1,""recovery_weeks"":2}]"
A,2718,379,Independent baseline,False,,False,Non-failure,Unclassified,Unclassified,1,0.9918922566693914,21.890906992643295,False,True,False,False,False,"[{""target"":""corridor"",""magnitude"":0.2560808074979565,""start_week"":10,""duration_weeks"":2,""recovery_weeks"":1}]"
A,2718,380,Independent baseline,True,False,False,Adaptation-limited,Concentrated dependency,Concentrated dependency,3,0.7279331949941827,489.720249010471,False,True,False,False,True,"[{""target"":""corridor"",""magnitude"":0.45405010375436294,""start_week"":8,""duration_weeks"":1,""recovery_weeks"":2},{""target"":""demand"",""magnitude"":0.17748158703390676,""start_week"":21,""duration_weeks"":6,""recovery_weeks"":3},{""target"":""S1C"",""magnitude"":0.452841445759941,""start_week"":31,""duration_weeks"":6,""recovery_weeks"":2}]"
A,2718,381,Independent baseline,False,,False,Non-failure,Unclassified,Unclassified,0,1.0,0.0,False,False,False,False,False,[]
A,2718,382,Independent baseline,False,,False,Non-failure,Unclassified,Unclassified,2,0.8093963166661017,307.05544341320433,False,True,False,False,False,"[{""target"":""corridor"",""magnitude"":0.2729748270100235,""start_week"":29,""duration_weeks"":2,""recovery_weeks"":3},{""target"":""corridor"",""magnitude"":0.1650258339707509,""start_week"":31,""duration_weeks"":1,""recovery_weeks"":3}]"
A,2718,383,Independent baseline,True,True,False,Structural,Concentrated dependency; Hidden convergent dependency; Propagation-amplified cascade,Hidden convergent dependency,4,0.6959797623498356,468.077759868715,True,False,False,False,True,"[{""target"":""T2P"",""magnitude"":0.3444018134168231,""start_week"":11,""duration_weeks"":3,""recovery_weeks"":1},{""target"":""S1C"",""magnitude"":0.3216800521068177,""start_week"":20,""duration_weeks"":1,""recovery_weeks"":1},{""target"":""T2P"",""magnitude"":0.37361821388514793,""start_week"":41,""duration_weeks"":3,""recovery_weeks"":2},{""target"":""S1C"",""magnitude"":0.2999361041917006,""start_week"":45,""duration_weeks"":2,""recovery_weeks"":4}]"
A,2718,384,Independent baseline,False,,False,Non-failure,Unclassified,Unclassified,1,0.9399724844347013,126.05778268712743,False,False,True,False,False,"[{""target"":""S1A"",""magnitude"":0.38506191002192225,""start_week"":21,""duration_weeks"":2,""recovery_weeks"":3}]"
A,2718,385,Independent baseline,True,True,True,Structural,Concentrated dependency,Concentrated dependency,2,0.5700478668330595,2538.0814920639723,False,True,False,False,False,"[{""target"":""corridor"",""magnitude"":0.37999153928244733,""start_week"":16,""duration_weeks"":5,""recovery_weeks"":2},{""target"":""corridor"",""magnitude"":0.3104353775592097,""start_week"":17,""duration_weeks"":8,""recovery_weeks"":1}]"
A,2718,386,Independent baseline,False,,False,Non-failure,Unclassified,Unclassified,1,0.8094471551730911,211.86998959499124,False,False,False,False,False,"[{""target"":""demand"",""magnitude"":0.23541109954999034,""start_week"":38,""duration_weeks"":2,""recovery_weeks"":1}]"
A,2718,387,Independent baseline,False,,False,Non-failure,Unclassified,Unclassified,6,0.7837445201138767,248.33338786117633,True,True,True,False,False,"[{""target"":""demand"",""magnitude"":0.2759259865124181,""start_week"":5,""duration_weeks"":1,""recovery_weeks"":1},{""target"":""demand"",""magnitude"":0.1490896114981418,""start_week"":10,""duration_weeks"":1,""recovery_weeks"":3},{""target"":""corridor"",""magnitude"":0.260720524054864,""start_week"":15,""duration_weeks"":3,""recovery_weeks"":4},{""target"":""S1A"",""magnitude"":0.1918177268224487,""start_week"":43,""duration_weeks"":2,""recovery_weeks"":3},{""target"":""T2P"",""magnitude"":0.4163634142469278,""start_week"":47,""duration_weeks"":9,""recovery_weeks"":1},{""target"":""demand"",""magnitude"":0.1281772523168801,""start_week"":49,""duration_weeks"":2,""recovery_weeks"":2}]"
A,2718,388,Independent baseline,True,True,False,Structural,Concentrated dependency; Propagation-amplified cascade,Propagation-amplified cascade,4,0.8398521639083297,288.26610496500643,True,False,False,True,True,"[{""target"":""T2P"",""magnitude"":0.25436462538635685,""start_week"":1,""duration_weeks"":2,""recovery_weeks"":1},{""target"":""S1C"",""magnitude"":0.610332631206258,""start_week"":6,""duration_weeks"":1,""recovery_weeks"":1},{""target"":""demand"",""magnitude"":0.1437948201376062,""start_week"":32,""duration_weeks"":14,""recovery_weeks"":2},{""target"":""S1B"",""magnitude"":0.2920857723013342,""start_week"":42,""duration_weeks"":1,""recovery_weeks"":1}]"
A,2718,389,Independent baseline,False,,False,Non-failure,Unclassified,Unclassified,2,0.9215999847468619,76.56251616280701,False,False,False,True,False,"[{""target"":""demand"",""magnitude"":0.08506946240311893,""start_week"":21,""duration_weeks"":8,""recovery_weeks"":2},{""target"":""S1B"",""magnitude"":0.22843140026453818,""start_week"":32,""duration_weeks"":8,""recovery_weeks"":4}]"
A,2718,390,Independent baseline,False,,False,Non-failure,Unclassified,Unclassified,4,0.9363333960102869,143.74319230395452,False,False,True,False,True,"[{""target"":""demand"",""magnitude"":0.0679956565268271,""start_week"":8,""duration_weeks"":7,""recovery_weeks"":4},{""target"":""S1A"",""magnitude"":0.3500611399718572,""start_week"":23,""duration_weeks"":1,""recovery_weeks"":1},{""target"":""demand"",""magnitude"":0.11558874736522007,""start_week"":35,""duration_weeks"":6,""recovery_weeks"":4},{""target"":""S1C"",""magnitude"":0.4261023309745926,""start_week"":42,""duration_weeks"":6,""recovery_weeks"":3}]"
A,2718,391,Independent baseline,False,,False,Non-failure,Unclassified,Unclassified,0,1.0,0.0,False,False,False,False,False,[]
A,2718,392,Independent baseline,False,,False,Non-failure,Unclassified,Unclassified,1,0.9868926533942353,23.59322389037652,False,False,True,False,False,"[{""target"":""S1A"",""magnitude"":0.2794915298629705,""start_week"":49,""duration_weeks"":1,""recovery_weeks"":3}]"
A,2718,393,Independent baseline,False,,False,Non-failure,Unclassified,Unclassified,2,0.8648934086333755,366.0744001866897,False,False,False,False,False,"[{""target"":""demand"",""magnitude"":0.1562118406938809,""start_week"":17,""duration_weeks"":3,""recovery_weeks"":2},{""target"":""demand"",""magnitude"":0.21761192237825266,""start_week"":21,""duration_weeks"":2,""recovery_weeks"":3}]"
A,2718,394,Independent baseline,False,,False,Non-failure,Unclassified,Unclassified,3,0.9256844814215126,126.83343037803309,True,False,True,False,True,"[{""target"":""T2P"",""magnitude"":0.25973216360342216,""start_week"":1,""duration_weeks"":3,""recovery_weeks"":2},{""target"":""S1A"",""magnitude"":0.3674331137987447,""start_week"":8,""duration_weeks"":2,""recovery_weeks"":4},{""target"":""S1C"",""magnitude"":0.24313760511941887,""start_week"":15,""duration_weeks"":3,""recovery_weeks"":3}]"
A,2718,395,Independent baseline,False,,False,Non-failure,Unclassified,Unclassified,0,1.0,0.0,False,False,False,False,False,[]
A,2718,396,Independent baseline,True,True,False,Structural,Concentrated dependency,Concentrated dependency,6,0.6535441522381595,640.2776354101463,True,True,True,False,False,"[{""target"":""corridor"",""magnitude"":0.3301146003156029,""start_week"":14,""duration_weeks"":5,""recovery_weeks"":3},{""target"":""corridor"",""magnitude"":0.28917968519871307,""start_week"":26,""duration_weeks"":1,""recovery_weeks"":1},{""target"":""demand"",""magnitude"":0.09294934815603259,""start_week"":38,""duration_weeks"":3,""recovery_weeks"":4},{""target"":""T2P"",""magnitude"":0.48668999930152734,""start_week"":41,""duration_weeks"":1,""recovery_weeks"":1},{""target"":""T2P"",""magnitude"":0.21475011841316113,""start_week"":44,""duration_weeks"":2,""recovery_weeks"":3},{""target"":""S1A"",""magnitude"":0.38859796694789217,""start_week"":50,""duration_weeks"":14,""recovery_weeks"":3}]"
A,2718,397,Independent baseline,True,True,True,Structural,Concentrated dependency; Hidden convergent dependency; Propagation-amplified cascade,Hidden convergent dependency,1,0.5875044107288795,920.6071365480382,True,False,False,False,False,"[{""target"":""T2P"",""magnitude"":0.47124603034400847,""start_week"":32,""duration_weeks"":2,""recovery_weeks"":4}]"
A,2718,398,Independent baseline,False,,False,Non-failure,Unclassified,Unclassified,3,0.9767470355358245,48.83122537476868,True,False,True,False,False,"[{""target"":""S1A"",""magnitude"":0.3023191700443949,""start_week"":3,""duration_weeks"":2,""recovery_weeks"":4},{""target"":""S1A"",""magnitude"":0.24721158965204973,""start_week"":13,""duration_weeks"":9,""recovery_weeks"":3},{""target"":""T2P"",""magnitude"":0.2395853890800903,""start_week"":38,""duration_weeks"":1,""recovery_weeks"":2}]"
A,2718,399,Independent baseline,False,,False,Non-failure,Unclassified,Unclassified,3,0.8209084696572813,309.4467047913115,True,False,False,False,False,"[{""target"":""demand"",""magnitude"":0.0774963030550583,""start_week"":9,""duration_weeks"":3,""recovery_weeks"":2},{""target"":""demand"",""magnitude"":0.24762873806642122,""start_week"":11,""duration_weeks"":1,""recovery_weeks"":4},{""target"":""T2P"",""magnitude"":0.2980096032260954,""start_week"":17,""duration_weeks"":1,""recovery_weeks"":2}]"
A,2718,400,Independent baseline,True,True,False,Structural,Concentrated dependency,Concentrated dependency,4,0.8455855241002428,277.946056619563,False,True,False,False,False,"[{""target"":""corridor"",""magnitude"":0.36581085692481796,""start_week"":17,""duration_weeks"":1,""recovery_weeks"":1},{""target"":""corridor"",""magnitude"":0.29539712392952266,""start_week"":35,""duration_weeks"":4,""recovery_weeks"":3},{""target"":""corridor"",""magnitude"":0.18194791770166072,""start_week"":43,""duration_weeks"":1,""recovery_weeks"":2},{""target"":""demand"",""magnitude"":0.15953975888485344,""start_week"":49,""duration_weeks"":1,""recovery_weeks"":4}]"
A,2718,401,Independent baseline,True,True,True,Structural,Concentrated dependency; Hidden convergent dependency; Propagation-amplified cascade,Hidden convergent dependency,2,0.5955866830597872,2639.961395337507,True,True,False,False,False,"[{""target"":""corridor"",""magnitude"":0.2641192634377731,""start_week"":5,""duration_weeks"":3,""recovery_weeks"":3},{""target"":""T2P"",""magnitude"":0.4639719852461913,""start_week"":24,""duration_weeks"":7,""recovery_weeks"":4}]"
A,2718,402,Independent baseline,False,,False,Non-failure,Unclassified,Unclassified,2,1.0,0.0,False,False,True,False,True,"[{""target"":""S1C"",""magnitude"":0.24276097893071696,""start_week"":28,""duration_weeks"":2,""recovery_weeks"":2},{""target"":""S1A"",""magnitude"":0.2045495595957088,""start_week"":42,""duration_weeks"":1,""recovery_weeks"":4}]"
A,2718,403,Independent baseline,True,True,True,Structural,Concentrated dependency; Hidden convergent dependency; Propagation-amplified cascade,Hidden convergent dependency,4,0.680972937362098,1816.5712607155228,True,True,True,True,False,"[{""target"":""T2P"",""magnitude"":0.38712435637411186,""start_week"":7,""duration_weeks"":3,""recovery_weeks"":1},{""target"":""corridor"",""magnitude"":0.48167692155820485,""start_week"":18,""duration_weeks"":5,""recovery_weeks"":1},{""target"":""S1B"",""magnitude"":0.24362198126890772,""start_week"":24,""duration_weeks"":4,""recovery_weeks"":1},{""target"":""S1A"",""magnitude"":0.3336253747043817,""start_week"":43,""duration_weeks"":2,""recovery_weeks"":2}]"
A,2718,404,Independent baseline,True,False,False,Adaptation-limited,Compounding moderate disturbance,Compounding moderate disturbance,4,0.8655315985635065,533.4932421505059,False,True,False,False,True,"[{""target"":""demand"",""magnitude"":0.11934531030616262,""start_week"":16,""duration_weeks"":5,""recovery_weeks"":4},{""target"":""demand"",""magnitude"":0.17826709023224963,""start_week"":20,""duration_weeks"":3,""recovery_weeks"":4},{""target"":""corridor"",""magnitude"":0.30499934972847703,""start_week"":41,""duration_weeks"":2,""recovery_weeks"":1},{""target"":""S1C"",""magnitude"":0.3272610083499661,""start_week"":51,""duration_weeks"":1,""recovery_weeks"":3}]"
A,2718,405,Independent baseline,True,True,True,Structural,Concentrated dependency; Hidden convergent dependency,Hidden convergent dependency,6,0.6403201657031721,1725.8689099482035,True,False,False,True,False,"[{""target"":""demand"",""magnitude"":0.0610904682078491,""start_week"":10,""duration_weeks"":2,""recovery_weeks"":1},{""target"":""demand"",""magnitude"":0.22729660237867977,""start_week"":14,""duration_weeks"":5,""recovery_weeks"":3},{""target"":""T2P"",""magnitude"":0.42371185086714513,""start_week"":26,""duration_weeks"":2,""recovery_weeks"":4},{""target"":""demand"",""magnitude"":0.19349478363147649,""start_week"":36,""duration_weeks"":1,""recovery_weeks"":4},{""target"":""demand"",""magnitude"":0.19518720100961645,""start_week"":37,""duration_weeks"":3,""recovery_weeks"":2},{""target"":""S1B"",""magnitude"":0.36848816625896347,""start_week"":49,""duration_weeks"":1,""recovery_weeks"":2}]"
A,2718,406,Independent baseline,True,False,False,Adaptation-limited,Hidden convergent dependency; Compounding moderate disturbance; Propagation-amplified cascade,Hidden convergent dependency,4,0.7714016538429234,393.6260759668123,True,False,False,False,False,"[{""target"":""T2P"",""magnitude"":0.305738511541369,""start_week"":13,""duration_weeks"":3,""recovery_weeks"":1},{""target"":""demand"",""magnitude"":0.09481779433407572,""start_week"":17,""duration_weeks"":1,""recovery_weeks"":1},{""target"":""demand"",""magnitude"":0.21948535841563277,""start_week"":28,""duration_weeks"":1,""recovery_weeks"":4},{""target"":""demand"",""magnitude"":0.06811033855337212,""start_week"":40,""duration_weeks"":1,""recovery_weeks"":3}]"
A,2718,407,Independent baseline,False,,False,Non-failure,Unclassified,Unclassified,1,1.0,0.0,False,False,False,False,True,"[{""target"":""S1C"",""magnitude"":0.2438669889628165,""start_week"":9,""duration_weeks"":1,""recovery_weeks"":4}]"
A,2718,408,Independent baseline,True,True,False,Structural,Concentrated dependency,Concentrated dependency,3,0.895885414573372,218.64062939591884,False,False,True,True,False,"[{""target"":""S1B"",""magnitude"":0.215171540689451,""start_week"":16,""duration_weeks"":4,""recovery_weeks"":3},{""target"":""S1A"",""magnitude"":0.23357958995757117,""start_week"":23,""duration_weeks"":7,""recovery_weeks"":1},{""target"":""S1B"",""magnitude"":0.4842578172099129,""start_week"":37,""duration_weeks"":4,""recovery_weeks"":1}]"
A,2718,409,Independent baseline,False,,False,Non-failure,Unclassified,Unclassified,2,0.9127735861990756,86.0057451352568,False,False,False,False,False,"[{""target"":""demand"",""magnitude"":0.0955619390391742,""start_week"":34,""duration_weeks"":3,""recovery_weeks"":4},{""target"":""demand"",""magnitude"":0.16400925384964746,""start_week"":42,""duration_weeks"":3,""recovery_weeks"":4}]"
A,2718,410,Independent baseline,True,True,True,Structural,Hidden convergent dependency; Compounding moderate disturbance,Hidden convergent dependency,3,0.8309629166908049,1093.1714966637696,True,False,False,False,False,"[{""target"":""demand"",""magnitude"":0.1673466372771117,""start_week"":24,""duration_weeks"":3,""recovery_weeks"":1},{""target"":""T2P"",""magnitude"":0.26139714538627024,""start_week"":26,""duration_weeks"":1,""recovery_weeks"":4},{""target"":""T2P"",""magnitude"":0.25213337497827554,""start_week"":31,""duration_weeks"":4,""recovery_weeks"":4}]"
A,2718,411,Independent baseline,False,,False,Non-failure,Unclassified,Unclassified,3,0.9092307920789948,163.3845742578094,False,False,False,True,True,"[{""target"":""S1B"",""magnitude"":0.45423071782226176,""start_week"":31,""duration_weeks"":1,""recovery_weeks"":1},{""target"":""demand"",""magnitude"":0.09805498605430132,""start_week"":38,""duration_weeks"":2,""recovery_weeks"":2},{""target"":""S1C"",""magnitude"":0.387368812998065,""start_week"":42,""duration_weeks"":2,""recovery_weeks"":1}]"
A,2718,412,Independent baseline,False,,False,Non-failure,Unclassified,Unclassified,2,0.8819194645504056,120.5013452773851,False,False,False,False,False,"[{""target"":""demand"",""magnitude"":0.13389038364153893,""start_week"":13,""duration_weeks"":1,""recovery_weeks"":1},{""target"":""demand"",""magnitude"":0.24392489238048803,""start_week"":33,""duration_weeks"":1,""recovery_weeks"":2}]"
A,2718,413,Independent baseline,True,True,False,Structural,Concentrated dependency; Hidden convergent dependency; Propagation-amplified cascade,Hidden convergent dependency,3,0.7783309194083938,347.26194892845115,True,False,False,True,False,"[{""target"":""T2P"",""magnitude"":0.2700235696037917,""start_week"":5,""duration_weeks"":3,""recovery_weeks"":4},{""target"":""S1B"",""magnitude"":0.2997327484243162,""start_week"":6,""duration_weeks"":3,""recovery_weeks"":1},{""target"":""T2P"",""magnitude"":0.2995021725324456,""start_week"":30,""duration_weeks"":4,""recovery_weeks"":2}]"
A,2718,414,Independent baseline,True,True,False,Structural,Concentrated dependency,Concentrated dependency,4,0.8679649252682702,275.7173483795566,False,True,False,True,False,"[{""target"":""demand"",""magnitude"":0.12297645811494091,""start_week"":10,""duration_weeks"":6,""recovery_weeks"":2},{""target"":""demand"",""magnitude"":0.06348483866308212,""start_week"":11,""duration_weeks"":6,""recovery_weeks"":1},{""target"":""corridor"",""magnitude"":0.34902630604879736,""start_week"":34,""duration_weeks"":2,""recovery_weeks"":3},{""target"":""S1B"",""magnitude"":0.23449536740900878,""start_week"":46,""duration_weeks"":6,""recovery_weeks"":2}]"
A,2718,415,Independent baseline,True,True,True,Structural,Concentrated dependency; Hidden convergent dependency; Propagation-amplified cascade,Hidden convergent dependency,1,0.7839450829073269,1123.6571847965026,True,False,False,False,False,"[{""target"":""T2P"",""magnitude"":0.2944494253834057,""start_week"":25,""duration_weeks"":7,""recovery_weeks"":4}]"
A,2718,416,Independent baseline,False,,False,Non-failure,Unclassified,Unclassified,4,0.7762777273584274,473.46449522877026,False,False,True,True,False,"[{""target"":""S1A"",""magnitude"":0.4656382101206469,""start_week"":16,""duration_weeks"":1,""recovery_weeks"":2},{""target"":""S1A"",""magnitude"":0.5533399278723222,""start_week"":27,""duration_weeks"":1,""recovery_weeks"":2},{""target"":""S1B"",""magnitude"":0.41997864588177014,""start_week"":43,""duration_weeks"":1,""recovery_weeks"":3},{""target"":""demand"",""magnitude"":0.20925570449193004,""start_week"":45,""duration_weeks"":6,""recovery_weeks"":4}]"
A,2718,417,Independent baseline,True,True,True,Structural,Concentrated dependency; Hidden convergent dependency; Propagation-amplified cascade,Hidden convergent dependency,1,0.7882684771933708,1780.4060266622387,True,False,False,False,False,"[{""target"":""T2P"",""magnitude"":0.2905583705259662,""start_week"":16,""duration_weeks"":11,""recovery_weeks"":3}]"
A,2718,418,Independent baseline,False,,False,Non-failure,Unclassified,Unclassified,4,0.8904227968851197,166.4243612310819,True,False,True,False,False,"[{""target"":""S1A"",""magnitude"":0.2812320171749436,""start_week"":22,""duration_weeks"":7,""recovery_weeks"":1},{""target"":""demand"",""magnitude"":0.1178656229092724,""start_week"":25,""duration_weeks"":6,""recovery_weeks"":1},{""target"":""S1A"",""magnitude"":0.26513790287369265,""start_week"":35,""duration_weeks"":1,""recovery_weeks"":2},{""target"":""T2P"",""magnitude"":0.21107403876994754,""start_week"":38,""duration_weeks"":3,""recovery_weeks"":1}]"
A,2718,419,Independent baseline,False,,False,Non-failure,Unclassified,Unclassified,2,0.8820684353635119,120.32899480083813,True,False,False,False,False,"[{""target"":""T2P"",""magnitude"":0.36733815951789217,""start_week"":5,""duration_weeks"":1,""recovery_weeks"":1},{""target"":""demand"",""magnitude"":0.13369888311204234,""start_week"":26,""duration_weeks"":2,""recovery_weeks"":1}]"
A,2718,420,Independent baseline,True,True,False,Structural,Concentrated dependency; Hidden convergent dependency; Propagation-amplified cascade,Hidden convergent dependency,4,0.7469042977711768,795.8203944305671,True,True,False,False,True,"[{""target"":""T2P"",""magnitude"":0.5138930660029705,""start_week"":6,""duration_weeks"":1,""recovery_weeks"":1},{""target"":""S1C"",""magnitude"":0.3544735043085627,""start_week"":11,""duration_weeks"":2,""recovery_weeks"":1},{""target"":""T2P"",""magnitude"":0.2290812276338986,""start_week"":27,""duration_weeks"":11,""recovery_weeks"":1},{""target"":""corridor"",""magnitude"":0.20110304756439057,""start_week"":48,""duration_weeks"":1,""recovery_weeks"":2}]"
A,2718,421,Independent baseline,True,True,True,Structural,Concentrated dependency; Propagation-amplified cascade,Propagation-amplified cascade,4,0.5100739427250977,2835.4091501333533,True,True,False,True,False,"[{""target"":""T2P"",""magnitude"":0.1806329428680535,""start_week"":9,""duration_weeks"":1,""recovery_weeks"":2},{""target"":""S1B"",""magnitude"":0.2855777276667986,""start_week"":29,""duration_weeks"":2,""recovery_weeks"":4},{""target"":""corridor"",""magnitude"":0.3606992463674954,""start_week"":37,""duration_weeks"":4,""recovery_weeks"":3},{""target"":""corridor"",""magnitude"":0.4016033066281488,""start_week"":41,""duration_weeks"":14,""recovery_weeks"":1}]"
A,2718,422,Independent baseline,True,False,False,Adaptation-limited,Hidden convergent dependency; Compounding moderate disturbance; Recovery lag and temporal overlap,Hidden convergent dependency,5,0.8434216155815126,462.0484395289668,True,True,False,False,False,"[{""target"":""demand"",""magnitude"":0.12929716417362752,""start_week"":2,""duration_weeks"":4,""recovery_weeks"":3},{""target"":""demand"",""magnitude"":0.20580656981904738,""start_week"":8,""duration_weeks"":1,""recovery_weeks"":4},{""target"":""T2P"",""magnitude"":0.23805204284855613,""start_week"":9,""duration_weeks"":1,""recovery_weeks"":4},{""target"":""corridor"",""magnitude"":0.2686972437246423,""start_week"":25,""duration_weeks"":1,""recovery_weeks"":2},{""target"":""demand"",""magnitude"":0.2582696185470246,""start_week"":27,""duration_weeks"":4,""recovery_weeks"":3}]"
A,2718,423,Independent baseline,True,True,True,Structural,Concentrated dependency,Concentrated dependency,2,0.8340395807736488,933.2095468000836,True,True,False,False,False,"[{""target"":""corridor"",""magnitude"":0.3744703144197633,""start_week"":10,""duration_weeks"":5,""recovery_weeks"":4},{""target"":""T2P"",""magnitude"":0.2987109585255342,""start_week"":39,""duration_weeks"":3,""recovery_weeks"":3}]"
A,2718,424,Independent baseline,False,,False,Non-failure,Unclassified,Unclassified,3,1.0,0.0,True,True,False,False,False,"[{""target"":""T2P"",""magnitude"":0.34337138622576036,""start_week"":4,""duration_weeks"":1,""recovery_weeks"":2},{""target"":""corridor"",""magnitude"":0.1603503366219168,""start_week"":33,""duration_weeks"":1,""recovery_weeks"":1},{""target"":""T2P"",""magnitude"":0.21976304033448546,""start_week"":34,""duration_weeks"":1,""recovery_weeks"":2}]"
A,2718,425,Independent baseline,True,True,True,Structural,Compounding moderate disturbance,Compounding moderate disturbance,5,0.8341246826640605,632.0432190015122,False,True,False,True,True,"[{""target"":""demand"",""magnitude"":0.12415308145056893,""start_week"":1,""duration_weeks"":1,""recovery_weeks"":4},{""target"":""S1C"",""magnitude"":0.19985982467156393,""start_week"":18,""duration_weeks"":1,""recovery_weeks"":1},{""target"":""S1B"",""magnitude"":0.3967014602909108,""start_week"":23,""duration_weeks"":8,""recovery_weeks"":3},{""target"":""demand"",""magnitude"":0.11027338420207047,""start_week"":34,""duration_weeks"":8,""recovery_weeks"":1},{""target"":""corridor"",""magnitude"":0.30542017429907153,""start_week"":38,""duration_weeks"":3,""recovery_weeks"":4}]"
A,2718,426,Independent baseline,True,True,True,Structural,Concentrated dependency; Hidden convergent dependency; Propagation-amplified cascade,Hidden convergent dependency,7,0.42825198970309264,1553.049782541788,True,True,True,False,True,"[{""target"":""T2P"",""magnitude"":0.33469570007102006,""start_week"":7,""duration_weeks"":4,""recovery_weeks"":1},{""target"":""T2P"",""magnitude"":0.4206759361484256,""start_week"":8,""duration_weeks"":2,""recovery_weeks"":2},{""target"":""S1A"",""magnitude"":0.22620388354119314,""start_week"":21,""duration_weeks"":10,""recovery_weeks"":3},{""target"":""demand"",""magnitude"":0.09278247465425718,""start_week"":25,""duration_weeks"":7,""recovery_weeks"":4},{""target"":""corridor"",""magnitude"":0.2731270061619285,""start_week"":27,""duration_weeks"":1,""recovery_weeks"":4},{""target"":""T2P"",""magnitude"":0.3960293616801568,""start_week"":43,""duration_weeks"":2,""recovery_weeks"":3},{""target"":""S1C"",""magnitude"":0.47047353934490854,""start_week"":47,""duration_weeks"":2,""recovery_weeks"":1}]"
A,2718,427,Independent baseline,False,,False,Non-failure,Unclassified,Unclassified,2,0.9863386761454129,98.36153175302582,False,True,False,True,False,"[{""target"":""S1B"",""magnitude"":0.19047415394110237,""start_week"":9,""duration_weeks"":6,""recovery_weeks"":1},{""target"":""corridor"",""magnitude"":0.2602459928909402,""start_week"":27,""duration_weeks"":7,""recovery_weeks"":3}]"
A,2718,428,Independent baseline,False,,False,Non-failure,Unclassified,Unclassified,2,0.9390838689856382,58.38085364211929,False,False,False,True,False,"[{""target"":""demand"",""magnitude"":0.06486761515791013,""start_week"":15,""duration_weeks"":1,""recovery_weeks"":3},{""target"":""S1B"",""magnitude"":0.22701090259892198,""start_week"":25,""duration_weeks"":14,""recovery_weeks"":4}]"
A,2718,429,Independent baseline,False,,False,Non-failure,Unclassified,Unclassified,1,0.9370868604585116,113.24365117467914,False,False,False,True,False,"[{""target"":""S1B"",""magnitude"":0.391554563968349,""start_week"":36,""duration_weeks"":1,""recovery_weeks"":3}]"
A,2718,430,Independent baseline,False,,False,Non-failure,Unclassified,Unclassified,4,0.9000589907091546,100.17379053347179,False,True,False,False,False,"[{""target"":""corridor"",""magnitude"":0.1832088924356116,""start_week"":12,""duration_weeks"":1,""recovery_weeks"":3},{""target"":""corridor"",""magnitude"":0.25089808162349375,""start_week"":19,""duration_weeks"":1,""recovery_weeks"":1},{""target"":""corridor"",""magnitude"":0.18726863121357168,""start_week"":37,""duration_weeks"":3,""recovery_weeks"":2},{""target"":""demand"",""magnitude"":0.11369909603317448,""start_week"":46,""duration_weeks"":2,""recovery_weeks"":4}]"
A,2718,431,Independent baseline,True,True,True,Structural,Hidden convergent dependency; Compounding moderate disturbance; Propagation-amplified cascade; Recovery lag and temporal overlap,Hidden convergent dependency,3,0.7567438655167278,1103.1865622362461,True,False,False,False,False,"[{""target"":""T2P"",""magnitude"":0.21164711679140752,""start_week"":32,""duration_weeks"":3,""recovery_weeks"":4},{""target"":""T2P"",""magnitude"":0.2808806360317576,""start_week"":37,""duration_weeks"":1,""recovery_weeks"":3},{""target"":""T2P"",""magnitude"":0.268214238874445,""start_week"":43,""duration_weeks"":9,""recovery_weeks"":3}]"
A,2718,432,Independent baseline,False,,False,Non-failure,Unclassified,Unclassified,0,1.0,0.0,False,False,False,False,False,[]
A,2718,433,Independent baseline,True,False,True,Adaptation-limited,Concentrated dependency,Concentrated dependency,4,0.6244480984700621,1537.9710877310108,True,True,True,False,False,"[{""target"":""corridor"",""magnitude"":0.5316639261474534,""start_week"":8,""duration_weeks"":2,""recovery_weeks"":4},{""target"":""demand"",""magnitude"":0.25943660363042387,""start_week"":13,""duration_weeks"":2,""recovery_weeks"":1},{""target"":""T2P"",""magnitude"":0.2398134087808218,""start_week"":26,""duration_weeks"":1,""recovery_weeks"":3},{""target"":""S1A"",""magnitude"":0.4162724318174884,""start_week"":39,""duration_weeks"":4,""recovery_weeks"":4}]"
A,2718,434,Independent baseline,True,True,True,Structural,Concentrated dependency; Hidden convergent dependency; Propagation-amplified cascade,Hidden convergent dependency,3,0.6969703300558864,4012.1852646734587,True,True,False,False,False,"[{""target"":""T2P"",""magnitude"":0.3500511251748315,""start_week"":29,""duration_weeks"":17,""recovery_weeks"":1},{""target"":""corridor"",""magnitude"":0.47727225245808524,""start_week"":44,""duration_weeks"":3,""recovery_weeks"":1},{""target"":""corridor"",""magnitude"":0.34272084293873994,""start_week"":50,""duration_weeks"":3,""recovery_weeks"":3}]"
A,2718,435,Independent baseline,False,,False,Non-failure,Unclassified,Unclassified,2,0.9701166097650404,62.75511949341512,False,True,False,False,True,"[{""target"":""S1C"",""magnitude"":0.31723762802865896,""start_week"":25,""duration_weeks"":4,""recovery_weeks"":4},{""target"":""corridor"",""magnitude"":0.2194074352198931,""start_week"":45,""duration_weeks"":1,""recovery_weeks"":3}]"
A,2718,436,Independent baseline,False,,False,Non-failure,Unclassified,Unclassified,3,0.8611142484811027,145.15748239851655,False,False,False,False,False,"[{""target"":""demand"",""magnitude"":0.16128609155390722,""start_week"":7,""duration_weeks"":1,""recovery_weeks"":3},{""target"":""demand"",""magnitude"":0.06461705212248238,""start_week"":35,""duration_weeks"":1,""recovery_weeks"":3},{""target"":""demand"",""magnitude"":0.16359990169111072,""start_week"":36,""duration_weeks"":3,""recovery_weeks"":2}]"
A,2718,437,Independent baseline,False,,False,Non-failure,Unclassified,Unclassified,3,0.8563335929825581,190.4484810520354,True,False,False,False,False,"[{""target"":""T2P"",""magnitude"":0.22929976631569776,""start_week"":3,""duration_weeks"":5,""recovery_weeks"":2},{""target"":""demand"",""magnitude"":0.19483243910085585,""start_week"":38,""duration_weeks"":2,""recovery_weeks"":3},{""target"":""T2P"",""magnitude"":0.25498976455406874,""start_week"":46,""duration_weeks"":17,""recovery_weeks"":2}]"
A,2718,438,Independent baseline,False,,False,Non-failure,Unclassified,Unclassified,3,0.9024737991803287,97.2588686978221,True,False,True,False,False,"[{""target"":""demand"",""magnitude"":0.10806540966424694,""start_week"":5,""duration_weeks"":1,""recovery_weeks"":1},{""target"":""T2P"",""magnitude"":0.383740199504256,""start_week"":35,""duration_weeks"":1,""recovery_weeks"":4},{""target"":""S1A"",""magnitude"":0.30934132326871217,""start_week"":46,""duration_weeks"":2,""recovery_weeks"":1}]"
A,2718,439,Independent baseline,True,True,True,Structural,Concentrated dependency,Concentrated dependency,6,0.7489849948960513,2115.4344250463328,True,False,False,True,True,"[{""target"":""S1C"",""magnitude"":0.4453322936844184,""start_week"":3,""duration_weeks"":3,""recovery_weeks"":3},{""target"":""demand"",""magnitude"":0.08246220754875985,""start_week"":12,""duration_weeks"":6,""recovery_weeks"":1},{""target"":""demand"",""magnitude"":0.24163322797713882,""start_week"":13,""duration_weeks"":5,""recovery_weeks"":2},{""target"":""demand"",""magnitude"":0.07530968253437427,""start_week"":16,""duration_weeks"":5,""recovery_weeks"":4},{""target"":""T2P"",""magnitude"":0.2607304349819968,""start_week"":26,""duration_weeks"":9,""recovery_weeks"":1},{""target"":""S1B"",""magnitude"":0.34208387811627017,""start_week"":37,""duration_weeks"":8,""recovery_weeks"":2}]"
A,2718,440,Independent baseline,False,,False,Non-failure,Unclassified,Unclassified,5,0.837058651888523,180.13614861153815,True,True,False,False,False,"[{""target"":""T2P"",""magnitude"":0.312576251458591,""start_week"":23,""duration_weeks"":1,""recovery_weeks"":2},{""target"":""corridor"",""magnitude"":0.25260034844750445,""start_week"":34,""duration_weeks"":2,""recovery_weeks"":1},{""target"":""demand"",""magnitude"":0.20708553876172103,""start_week"":39,""duration_weeks"":1,""recovery_weeks"":3},{""target"":""demand"",""magnitude"":0.06360443702165548,""start_week"":45,""duration_weeks"":2,""recovery_weeks"":3},{""target"":""T2P"",""magnitude"":0.23489972668279285,""start_week"":51,""duration_weeks"":1,""recovery_weeks"":2}]"
A,2718,441,Independent baseline,False,,False,Non-failure,Unclassified,Unclassified,3,0.8491129931373179,159.9296056872995,True,False,False,False,False,"[{""target"":""demand"",""magnitude"":0.1776995618747772,""start_week"":5,""duration_weeks"":4,""recovery_weeks"":2},{""target"":""demand"",""magnitude"":0.10964337813835737,""start_week"":16,""duration_weeks"":1,""recovery_weeks"":1},{""target"":""T2P"",""magnitude"":0.2088345553099598,""start_week"":48,""duration_weeks"":2,""recovery_weeks"":4}]"
A,2718,442,Independent baseline,True,True,True,Structural,Concentrated dependency,Concentrated dependency,5,0.6906213834353,1663.542353725201,True,True,False,True,False,"[{""target"":""S1B"",""magnitude"":0.4072492626451091,""start_week"":6,""duration_weeks"":2,""recovery_weeks"":3},{""target"":""corridor"",""magnitude"":0.4623959677081322,""start_week"":19,""duration_weeks"":5,""recovery_weeks"":1},{""target"":""T2P"",""magnitude"":0.3784407549082299,""start_week"":25,""duration_weeks"":1,""recovery_weeks"":4},{""target"":""demand"",""magnitude"":0.05921425334186152,""start_week"":33,""duration_weeks"":3,""recovery_weeks"":1},{""target"":""S1B"",""magnitude"":0.23032511967205127,""start_week"":40,""duration_weeks"":11,""recovery_weeks"":1}]"
A,2718,443,Independent baseline,False,,False,Non-failure,Unclassified,Unclassified,2,0.9270595047614665,70.81146935823836,True,False,False,False,False,"[{""target"":""demand"",""magnitude"":0.07867941039804253,""start_week"":32,""duration_weeks"":2,""recovery_weeks"":3},{""target"":""T2P"",""magnitude"":0.23205792620264964,""start_week"":47,""duration_weeks"":1,""recovery_weeks"":3}]"
A,2718,444,Independent baseline,True,True,False,Structural,Concentrated dependency,Concentrated dependency,4,0.7863500801037905,1678.8692161838571,True,True,True,False,False,"[{""target"":""demand"",""magnitude"":0.271698223605458,""start_week"":1,""duration_weeks"":12,""recovery_weeks"":1},{""target"":""corridor"",""magnitude"":0.34231579632011816,""start_week"":44,""duration_weeks"":1,""recovery_weeks"":1},{""target"":""T2P"",""magnitude"":0.22512896625339357,""start_week"":47,""duration_weeks"":1,""recovery_weeks"":3},{""target"":""S1A"",""magnitude"":0.47305291945809347,""start_week"":48,""duration_weeks"":3,""recovery_weeks"":3}]"
A,2718,445,Independent baseline,False,,False,Non-failure,Unclassified,Unclassified,2,0.9252408477810142,149.00795276815734,False,True,False,True,False,"[{""target"":""S1B"",""magnitude"":0.34313743168433986,""start_week"":5,""duration_weeks"":13,""recovery_weeks"":3},{""target"":""corridor"",""magnitude"":0.30606936416423935,""start_week"":24,""duration_weeks"":2,""recovery_weeks"":3}]"
A,2718,446,Independent baseline,False,,False,Non-failure,Unclassified,Unclassified,1,0.9184935308671286,79.86536622672861,False,False,False,False,False,"[{""target"":""demand"",""magnitude"":0.08873929580747622,""start_week"":4,""duration_weeks"":2,""recovery_weeks"":2}]"
A,2718,447,Independent baseline,False,,False,Non-failure,Unclassified,Unclassified,2,0.8576860990295058,199.71944631766007,True,False,False,True,False,"[{""target"":""S1B"",""magnitude"":0.35377656763905707,""start_week"":3,""duration_weeks"":2,""recovery_weeks"":1},{""target"":""T2P"",""magnitude"":0.22808251087344472,""start_week"":41,""duration_weeks"":10,""recovery_weeks"":2}]"
A,2718,448,Independent baseline,False,,False,Non-failure,Unclassified,Unclassified,2,0.9500735458464828,104.84555372238606,False,False,False,True,False,"[{""target"":""S1B"",""magnitude"":0.3623345218454137,""start_week"":23,""duration_weeks"":2,""recovery_weeks"":1},{""target"":""demand"",""magnitude"":0.10306505795228546,""start_week"":31,""duration_weeks"":1,""recovery_weeks"":4}]"
A,2718,449,Independent baseline,True,True,True,Structural,Concentrated dependency; Hidden convergent dependency; Propagation-amplified cascade,Hidden convergent dependency,2,0.6624338035678043,1224.7622491283444,True,False,True,False,False,"[{""target"":""T2P"",""magnitude"":0.4038095767889761,""start_week"":6,""duration_weeks"":4,""recovery_weeks"":4},{""target"":""S1A"",""magnitude"":0.34859519084331225,""start_week"":45,""duration_weeks"":1,""recovery_weeks"":4}]"
A,2718,450,Independent baseline,True,True,False,Structural,Concentrated dependency; Hidden convergent dependency; Propagation-amplified cascade,Hidden convergent dependency,4,0.6329096666711278,913.8324239304332,True,False,False,False,True,"[{""target"":""T2P"",""magnitude"":0.3770408173027679,""start_week"":9,""duration_weeks"":2,""recovery_weeks"":3},{""target"":""demand"",""magnitude"":0.09364243605914103,""start_week"":12,""duration_weeks"":5,""recovery_weeks"":2},{""target"":""S1C"",""magnitude"":0.42936294542232056,""start_week"":32,""duration_weeks"":4,""recovery_weeks"":2},{""target"":""demand"",""magnitude"":0.0705793628486364,""start_week"":34,""duration_weeks"":2,""recovery_weeks"":1}]"
A,2718,451,Independent baseline,False,,False,Non-failure,Unclassified,Unclassified,3,0.9329418241259734,67.24616920878566,False,False,True,False,False,"[{""target"":""S1A"",""magnitude"":0.31154142407761076,""start_week"":12,""duration_weeks"":5,""recovery_weeks"":2},{""target"":""demand"",""magnitude"":0.11422604050403075,""start_week"":22,""duration_weeks"":1,""recovery_weeks"":2},{""target"":""demand"",""magnitude"":0.13728105044337652,""start_week"":50,""duration_weeks"":2,""recovery_weeks"":1}]"
A,2718,452,Independent baseline,True,True,True,Structural,Concentrated dependency; Hidden convergent dependency; Propagation-amplified cascade,Hidden convergent dependency,2,0.48267754488807896,1669.9460142942112,True,False,False,False,False,"[{""target"":""T2P"",""magnitude"":0.5655902096007289,""start_week"":33,""duration_weeks"":2,""recovery_weeks"":4},{""target"":""demand"",""magnitude"":0.1145541765404072,""start_week"":40,""duration_weeks"":7,""recovery_weeks"":2}]"
A,2718,453,Independent baseline,True,True,True,Structural,Concentrated dependency; Hidden convergent dependency; Propagation-amplified cascade,Hidden convergent dependency,5,0.5913324830777867,1418.6878165967491,True,True,True,False,False,"[{""target"":""T2P"",""magnitude"":0.4678007652299919,""start_week"":1,""duration_weeks"":3,""recovery_weeks"":1},{""target"":""S1A"",""magnitude"":0.43044777421002156,""start_week"":5,""duration_weeks"":1,""recovery_weeks"":1},{""target"":""corridor"",""magnitude"":0.40234030030863044,""start_week"":13,""duration_weeks"":1,""recovery_weeks"":1},{""target"":""T2P"",""magnitude"":0.2390144216924053,""start_week"":30,""duration_weeks"":4,""recovery_weeks"":2},{""target"":""demand"",""magnitude"":0.22287436464897137,""start_week"":31,""duration_weeks"":5,""recovery_weeks"":3}]"
A,2718,454,Independent baseline,False,,False,Non-failure,Unclassified,Unclassified,2,0.9518395286542282,101.13698982612095,False,False,True,True,False,"[{""target"":""S1A"",""magnitude"":0.35836106052798666,""start_week"":15,""duration_weeks"":6,""recovery_weeks"":2},{""target"":""S1B"",""magnitude"":0.18639341386491093,""start_week"":28,""duration_weeks"":5,""recovery_weeks"":4}]"
A,2718,455,Independent baseline,True,True,True,Structural,Concentrated dependency,Concentrated dependency,2,0.5216230995295787,1294.0924867279052,True,True,False,False,False,"[{""target"":""corridor"",""magnitude"":0.36062470556101417,""start_week"":35,""duration_weeks"":3,""recovery_weeks"":4},{""target"":""T2P"",""magnitude"":0.530539210423379,""start_week"":44,""duration_weeks"":4,""recovery_weeks"":4}]"
A,2718,456,Independent baseline,False,,False,Non-failure,Unclassified,Unclassified,1,0.8389223972125337,172.80483032805842,False,False,False,False,False,"[{""target"":""demand"",""magnitude"":0.1920053670311756,""start_week"":50,""duration_weeks"":3,""recovery_weeks"":4}]"
A,2718,457,Independent baseline,True,True,True,Structural,Concentrated dependency; Hidden convergent dependency,Hidden convergent dependency,3,0.6021522021493919,2376.2347997156044,True,False,False,False,False,"[{""target"":""T2P"",""magnitude"":0.40558796451736523,""start_week"":30,""duration_weeks"":1,""recovery_weeks"":4},{""target"":""demand"",""magnitude"":0.19365740038951218,""start_week"":31,""duration_weeks"":2,""recovery_weeks"":4},{""target"":""T2P"",""magnitude"":0.4144728904654603,""start_week"":37,""duration_weeks"":3,""recovery_weeks"":3}]"
A,2718,458,Independent baseline,True,True,True,Structural,Concentrated dependency; Hidden convergent dependency,Hidden convergent dependency,4,0.6417987600564546,1111.123786815132,True,False,False,False,True,"[{""target"":""demand"",""magnitude"":0.19643473998028427,""start_week"":19,""duration_weeks"":6,""recovery_weeks"":4},{""target"":""demand"",""magnitude"":0.22197403399021493,""start_week"":38,""duration_weeks"":1,""recovery_weeks"":4},{""target"":""T2P"",""magnitude"":0.4223811159491909,""start_week"":43,""duration_weeks"":11,""recovery_weeks"":4},{""target"":""S1C"",""magnitude"":0.19855933146349494,""start_week"":48,""duration_weeks"":5,""recovery_weeks"":1}]"
A,2718,459,Independent baseline,True,False,False,Adaptation-limited,Hidden convergent dependency; Compounding moderate disturbance; Propagation-amplified cascade; Recovery lag and temporal overlap,Hidden convergent dependency,3,0.7587062243543806,556.2395236238578,True,False,False,False,False,"[{""target"":""demand"",""magnitude"":0.06363178494678264,""start_week"":6,""duration_weeks"":15,""recovery_weeks"":2},{""target"":""T2P"",""magnitude"":0.36060310988865996,""start_week"":37,""duration_weeks"":1,""recovery_weeks"":3},{""target"":""T2P"",""magnitude"":0.28403338913013354,""start_week"":40,""duration_weeks"":1,""recovery_weeks"":4}]"
A,2718,460,Independent baseline,True,False,True,Adaptation-limited,Concentrated dependency; Hidden convergent dependency; Propagation-amplified cascade,Hidden convergent dependency,3,0.687612529813769,1305.7436158380397,True,True,False,False,False,"[{""target"":""T2P"",""magnitude"":0.32556847500678776,""start_week"":15,""duration_weeks"":3,""recovery_weeks"":4},{""target"":""corridor"",""magnitude"":0.4842906026396733,""start_week"":37,""duration_weeks"":4,""recovery_weeks"":1},{""target"":""demand"",""magnitude"":0.16070751939062028,""start_week"":43,""duration_weeks"":1,""recovery_weeks"":2}]"
A,2718,461,Independent baseline,False,,False,Non-failure,Unclassified,Unclassified,0,1.0,0.0,False,False,False,False,False,[]
A,2718,462,Independent baseline,False,,False,Non-failure,Unclassified,Unclassified,5,0.9189117740934094,97.74864927690533,False,False,False,False,True,"[{""target"":""demand"",""magnitude"":0.08824375548631049,""start_week"":10,""duration_weeks"":1,""recovery_weeks"":3},{""target"":""demand"",""magnitude"":0.10078661044086043,""start_week"":19,""duration_weeks"":3,""recovery_weeks"":1},{""target"":""S1C"",""magnitude"":0.299146112700612,""start_week"":26,""duration_weeks"":1,""recovery_weeks"":3},{""target"":""S1C"",""magnitude"":0.3857940743698592,""start_week"":37,""duration_weeks"":3,""recovery_weeks"":1},{""target"":""demand"",""magnitude"":0.08945311099243372,""start_week"":50,""duration_weeks"":1,""recovery_weeks"":2}]"
A,2718,463,Independent baseline,False,,False,Non-failure,Unclassified,Unclassified,2,0.8929729530890078,107.86927183705166,False,False,False,True,False,"[{""target"":""demand"",""magnitude"":0.11985474648561303,""start_week"":22,""duration_weeks"":8,""recovery_weeks"":3},{""target"":""S1B"",""magnitude"":0.4040223418272815,""start_week"":41,""duration_weeks"":2,""recovery_weeks"":3}]"
A,2718,464,Independent baseline,False,,False,Non-failure,Unclassified,Unclassified,0,1.0,0.0,False,False,False,False,False,[]
A,2718,465,Independent baseline,True,False,False,Adaptation-limited,Concentrated dependency,Concentrated dependency,4,0.8534773434036077,445.17663881586975,False,False,True,True,False,"[{""target"":""S1B"",""magnitude"":0.24456436448372315,""start_week"":10,""duration_weeks"":1,""recovery_weeks"":4},{""target"":""S1A"",""magnitude"":0.25893593199437015,""start_week"":23,""duration_weeks"":1,""recovery_weeks"":4},{""target"":""S1A"",""magnitude"":0.2360978923366195,""start_week"":24,""duration_weeks"":2,""recovery_weeks"":3},{""target"":""demand"",""magnitude"":0.2588949854917291,""start_week"":41,""duration_weeks"":4,""recovery_weeks"":4}]"
A,2718,466,Independent baseline,False,,False,Non-failure,Unclassified,Unclassified,5,0.8704213297905101,133.98201445340123,False,True,False,True,False,"[{""target"":""demand"",""magnitude"":0.1488689049482238,""start_week"":14,""duration_weeks"":2,""recovery_weeks"":2},{""target"":""corridor"",""magnitude"":0.24827374169088,""start_week"":29,""duration_weeks"":1,""recovery_weeks"":3},{""target"":""demand"",""magnitude"":0.11817823645956779,""start_week"":44,""duration_weeks"":1,""recovery_weeks"":1},{""target"":""S1B"",""magnitude"":0.2837475515822565,""start_week"":47,""duration_weeks"":7,""recovery_weeks"":2},{""target"":""corridor"",""magnitude"":0.36772228624408365,""start_week"":50,""duration_weeks"":4,""recovery_weeks"":1}]"
A,2718,467,Independent baseline,True,True,True,Structural,Concentrated dependency; Hidden convergent dependency; Propagation-amplified cascade,Hidden convergent dependency,2,0.4910242770989813,1411.3516777491254,True,True,False,False,False,"[{""target"":""T2P"",""magnitude"":0.5580781506109168,""start_week"":3,""duration_weeks"":3,""recovery_weeks"":2},{""target"":""corridor"",""magnitude"":0.4698057010993658,""start_week"":26,""duration_weeks"":2,""recovery_weeks"":3}]"
A,2718,468,Independent baseline,True,True,True,Structural,Concentrated dependency,Concentrated dependency,2,0.8093913335525452,1372.382398421674,False,True,False,True,False,"[{""target"":""corridor"",""magnitude"":0.39295649983559106,""start_week"":6,""duration_weeks"":7,""recovery_weeks"":1},{""target"":""S1B"",""magnitude"":0.3017405971441526,""start_week"":18,""duration_weeks"":4,""recovery_weeks"":3}]"
A,2718,469,Independent baseline,False,,False,Non-failure,Unclassified,Unclassified,1,0.9275863014354291,65.17232870811381,False,True,False,False,False,"[{""target"":""corridor"",""magnitude"":0.30431027392342813,""start_week"":50,""duration_weeks"":1,""recovery_weeks"":3}]"
A,2718,470,Independent baseline,False,,False,Non-failure,Unclassified,Unclassified,2,1.0,0.0,True,True,False,False,False,"[{""target"":""corridor"",""magnitude"":0.24235256495739127,""start_week"":44,""duration_weeks"":1,""recovery_weeks"":4},{""target"":""T2P"",""magnitude"":0.3966296289419632,""start_week"":50,""duration_weeks"":5,""recovery_weeks"":3}]"
A,2718,471,Independent baseline,True,False,True,Adaptation-limited,Concentrated dependency,Concentrated dependency,3,0.5649760317793108,901.945992893096,False,True,False,False,False,"[{""target"":""corridor"",""magnitude"":0.28577052107791456,""start_week"":14,""duration_weeks"":2,""recovery_weeks"":1},{""target"":""corridor"",""magnitude"":0.4240008521825507,""start_week"":38,""duration_weeks"":2,""recovery_weeks"":2},{""target"":""corridor"",""magnitude"":0.2643530369097421,""start_week"":40,""duration_weeks"":2,""recovery_weeks"":4}]"
A,2718,472,Independent baseline,False,,False,Non-failure,Unclassified,Unclassified,1,0.8696739058830527,134.87064969042012,False,False,False,False,False,"[{""target"":""demand"",""magnitude"":0.14985627743380012,""start_week"":25,""duration_weeks"":1,""recovery_weeks"":1}]"
A,2718,473,Independent baseline,False,,False,Non-failure,Unclassified,Unclassified,1,0.8724568784112876,176.76065068715343,True,False,False,False,False,"[{""target"":""T2P"",""magnitude"":0.24295776188596835,""start_week"":10,""duration_weeks"":4,""recovery_weeks"":3}]"
A,2718,474,Independent baseline,True,True,True,Structural,Concentrated dependency; Hidden convergent dependency; Propagation-amplified cascade,Hidden convergent dependency,2,0.7512080473833389,2882.604117679919,True,True,False,False,False,"[{""target"":""T2P"",""magnitude"":0.3239127573549949,""start_week"":31,""duration_weeks"":14,""recovery_weeks"":3},{""target"":""corridor"",""magnitude"":0.25357335424015015,""start_week"":40,""duration_weeks"":1,""recovery_weeks"":3}]"
A,2718,475,Independent baseline,True,False,False,Adaptation-limited,Concentrated dependency; Hidden convergent dependency; Propagation-amplified cascade,Hidden convergent dependency,2,0.6582100148620864,484.5137332801528,True,False,False,False,False,"[{""target"":""T2P"",""magnitude"":0.5538054933120611,""start_week"":5,""duration_weeks"":1,""recovery_weeks"":2},{""target"":""T2P"",""magnitude"":0.24832445789149724,""start_week"":45,""duration_weeks"":1,""recovery_weeks"":4}]"
A,2718,476,Independent baseline,True,True,True,Structural,Concentrated dependency,Concentrated dependency,2,0.6845301864710325,1525.4047869991098,False,True,False,False,False,"[{""target"":""corridor"",""magnitude"":0.48660236014672564,""start_week"":20,""duration_weeks"":1,""recovery_weeks"":4},{""target"":""corridor"",""magnitude"":0.4757506648609874,""start_week"":45,""duration_weeks"":8,""recovery_weeks"":2}]"
A,2718,477,Independent baseline,False,,False,Non-failure,Unclassified,Unclassified,1,0.9977077063964344,4.813816567487947,False,False,True,False,False,"[{""target"":""S1A"",""magnitude"":0.2551576606080227,""start_week"":10,""duration_weeks"":4,""recovery_weeks"":3}]"
A,2718,478,Independent baseline,False,,False,Non-failure,Unclassified,Unclassified,0,1.0,0.0,False,False,False,False,False,[]
A,2718,479,Independent baseline,True,True,True,Structural,Concentrated dependency,Concentrated dependency,4,0.7727809463308171,761.0976887364465,False,True,False,True,False,"[{""target"":""S1B"",""magnitude"":0.3790397826110677,""start_week"":11,""duration_weeks"":5,""recovery_weeks"":3},{""target"":""demand"",""magnitude"":0.2872880185153842,""start_week"":26,""duration_weeks"":2,""recovery_weeks"":2},{""target"":""corridor"",""magnitude"":0.42041429025188726,""start_week"":30,""duration_weeks"":2,""recovery_weeks"":2},{""target"":""demand"",""magnitude"":0.17180889165167873,""start_week"":37,""duration_weeks"":1,""recovery_weeks"":4}]"
A,2718,480,Independent baseline,False,,False,Non-failure,Unclassified,Unclassified,4,0.8648548596704189,140.63703861590648,True,False,False,False,False,"[{""target"":""demand"",""magnitude"":0.15626337623989628,""start_week"":3,""duration_weeks"":1,""recovery_weeks"":2},{""target"":""demand"",""magnitude"":0.1770425939863835,""start_week"":17,""duration_weeks"":4,""recovery_weeks"":1},{""target"":""T2P"",""magnitude"":0.35443564093524305,""start_week"":32,""duration_weeks"":2,""recovery_weeks"":3},{""target"":""T2P"",""magnitude"":0.28587758275027053,""start_week"":47,""duration_weeks"":10,""recovery_weeks"":4}]"
A,2718,481,Independent baseline,True,True,False,Structural,Concentrated dependency; Propagation-amplified cascade,Propagation-amplified cascade,3,0.8894456537658417,232.16412709173233,True,False,True,False,False,"[{""target"":""S1A"",""magnitude"":0.4987472790268561,""start_week"":2,""duration_weeks"":3,""recovery_weeks"":3},{""target"":""T2P"",""magnitude"":0.26788648897119977,""start_week"":3,""duration_weeks"":1,""recovery_weeks"":4},{""target"":""demand"",""magnitude"":0.12476396665791759,""start_week"":13,""duration_weeks"":5,""recovery_weeks"":4}]"
A,2718,482,Independent baseline,False,,False,Non-failure,Unclassified,Unclassified,4,0.90193142560549,97.85856712532961,True,True,False,False,False,"[{""target"":""demand"",""magnitude"":0.10873174125036608,""start_week"":14,""duration_weeks"":5,""recovery_weeks"":3},{""target"":""demand"",""magnitude"":0.1445400475593957,""start_week"":27,""duration_weeks"":1,""recovery_weeks"":2},{""target"":""corridor"",""magnitude"":0.19978053333288215,""start_week"":32,""duration_weeks"":1,""recovery_weeks"":1},{""target"":""T2P"",""magnitude"":0.22318584147120146,""start_week"":34,""duration_weeks"":6,""recovery_weeks"":1}]"
A,2718,483,Independent baseline,False,,False,Non-failure,Unclassified,Unclassified,1,0.9360778543526191,61.45848960654007,False,False,False,False,False,"[{""target"":""demand"",""magnitude"":0.06828721067393345,""start_week"":41,""duration_weeks"":14,""recovery_weeks"":3}]"
A,2718,484,Independent baseline,False,,False,Non-failure,Unclassified,Unclassified,3,0.9423414475356016,70.89349375172151,False,True,False,False,False,"[{""target"":""corridor"",""magnitude"":0.19276185221523703,""start_week"":21,""duration_weeks"":2,""recovery_weeks"":1},{""target"":""corridor"",""magnitude"":0.27953895572988396,""start_week"":36,""duration_weeks"":1,""recovery_weeks"":4},{""target"":""demand"",""magnitude"":0.14477671701081374,""start_week"":49,""duration_weeks"":4,""recovery_weeks"":1}]"
A,2718,485,Independent baseline,False,,False,Non-failure,Unclassified,Unclassified,1,1.0,0.0,True,False,False,False,False,"[{""target"":""T2P"",""magnitude"":0.362176777071974,""start_week"":40,""duration_weeks"":1,""recovery_weeks"":1}]"
A,2718,486,Independent baseline,True,False,False,Adaptation-limited,Concentrated dependency; Propagation-amplified cascade,Propagation-amplified cascade,5,0.8502190507762616,438.41880733899416,True,False,True,True,False,"[{""target"":""S1B"",""magnitude"":0.2649193760724577,""start_week"":7,""duration_weeks"":4,""recovery_weeks"":3},{""target"":""S1A"",""magnitude"":0.43667342872228465,""start_week"":25,""duration_weeks"":7,""recovery_weeks"":4},{""target"":""T2P"",""magnitude"":0.21208556836097903,""start_week"":27,""duration_weeks"":4,""recovery_weeks"":4},{""target"":""S1B"",""magnitude"":0.5148364087976781,""start_week"":28,""duration_weeks"":1,""recovery_weeks"":2},{""target"":""demand"",""magnitude"":0.09648937393099052,""start_week"":37,""duration_weeks"":1,""recovery_weeks"":2}]"
A,2718,487,Independent baseline,False,,False,Non-failure,Unclassified,Unclassified,3,0.9202546796583259,77.99013674579078,True,False,False,False,False,"[{""target"":""demand"",""magnitude"":0.08665570749532324,""start_week"":5,""duration_weeks"":3,""recovery_weeks"":2},{""target"":""demand"",""magnitude"":0.10359108914893213,""start_week"":37,""duration_weeks"":5,""recovery_weeks"":1},{""target"":""T2P"",""magnitude"":0.21504223770197356,""start_week"":45,""duration_weeks"":2,""recovery_weeks"":4}]"
A,2718,488,Independent baseline,True,True,False,Structural,Concentrated dependency,Concentrated dependency,6,0.6938029486519918,419.9370818682164,False,True,False,False,True,"[{""target"":""demand"",""magnitude"":0.17235829983084877,""start_week"":11,""duration_weeks"":2,""recovery_weeks"":3},{""target"":""demand"",""magnitude"":0.11215593418824324,""start_week"":30,""duration_weeks"":5,""recovery_weeks"":1},{""target"":""corridor"",""magnitude"":0.4796477885110062,""start_week"":38,""duration_weeks"":1,""recovery_weeks"":2},{""target"":""S1C"",""magnitude"":0.46287739059686017,""start_week"":48,""duration_weeks"":2,""recovery_weeks"":3},{""target"":""demand"",""magnitude"":0.14870397031744897,""start_week"":49,""duration_weeks"":1,""recovery_weeks"":1},{""target"":""corridor"",""magnitude"":0.2823920250299815,""start_week"":51,""duration_weeks"":3,""recovery_weeks"":1}]"
A,2718,489,Independent baseline,True,True,True,Structural,Concentrated dependency; Hidden convergent dependency; Propagation-amplified cascade,Hidden convergent dependency,3,0.5165360434127011,3129.8693734602803,True,False,False,False,False,"[{""target"":""T2P"",""magnitude"":0.535117560928569,""start_week"":3,""duration_weeks"":5,""recovery_weeks"":4},{""target"":""T2P"",""magnitude"":0.3197547541779211,""start_week"":11,""duration_weeks"":1,""recovery_weeks"":3},{""target"":""demand"",""magnitude"":0.05571315138292769,""start_week"":51,""duration_weeks"":1,""recovery_weeks"":3}]"
A,2718,490,Independent baseline,False,,False,Non-failure,Unclassified,Unclassified,2,0.8100924857257803,210.9842590302137,True,False,False,False,False,"[{""target"":""demand"",""magnitude"":0.23442695447801531,""start_week"":3,""duration_weeks"":1,""recovery_weeks"":3},{""target"":""T2P"",""magnitude"":0.21750582693221732,""start_week"":18,""duration_weeks"":1,""recovery_weeks"":2}]"
A,2718,491,Independent baseline,True,True,False,Structural,Concentrated dependency; Hidden convergent dependency; Propagation-amplified cascade,Hidden convergent dependency,3,0.7025961124811149,1057.1270235038,True,False,False,False,False,"[{""target"":""T2P"",""magnitude"":0.2303809646796881,""start_week"":8,""duration_weeks"":6,""recovery_weeks"":3},{""target"":""demand"",""magnitude"":0.3385478911356647,""start_week"":19,""duration_weeks"":1,""recovery_weeks"":3},{""target"":""demand"",""magnitude"":0.13225936293315751,""start_week"":26,""duration_weeks"":4,""recovery_weeks"":4}]"
A,2718,492,Independent baseline,True,True,True,Structural,Concentrated dependency,Concentrated dependency,3,0.8268001170954458,1147.831747621662,True,True,False,True,False,"[{""target"":""S1B"",""magnitude"":0.5040551554073416,""start_week"":5,""duration_weeks"":3,""recovery_weeks"":4},{""target"":""corridor"",""magnitude"":0.2522520430082142,""start_week"":15,""duration_weeks"":6,""recovery_weeks"":2},{""target"":""T2P"",""magnitude"":0.2558798946140987,""start_week"":26,""duration_weeks"":10,""recovery_weeks"":4}]"
A,2718,493,Independent baseline,False,,False,Non-failure,Unclassified,Unclassified,0,1.0,0.0,False,False,False,False,False,[]
A,2718,494,Independent baseline,False,,False,Non-failure,Unclassified,Unclassified,4,0.9074467921266437,91.7936873089916,True,False,False,False,True,"[{""target"":""T2P"",""magnitude"":0.2802552340707105,""start_week"":2,""duration_weeks"":1,""recovery_weeks"":2},{""target"":""demand"",""magnitude"":0.10199298589887959,""start_week"":7,""duration_weeks"":1,""recovery_weeks"":1},{""target"":""demand"",""magnitude"":0.19235678267680434,""start_week"":21,""duration_weeks"":2,""recovery_weeks"":3},{""target"":""S1C"",""magnitude"":0.3762704060155062,""start_week"":23,""duration_weeks"":5,""recovery_weeks"":1}]"
A,2718,495,Independent baseline,True,False,False,Adaptation-limited,Concentrated dependency; Hidden convergent dependency; Propagation-amplified cascade,Hidden convergent dependency,1,0.6803703815926462,644.4999545497831,True,False,False,False,False,"[{""target"":""T2P"",""magnitude"":0.3876666565666185,""start_week"":3,""duration_weeks"":3,""recovery_weeks"":2}]"
A,2718,496,Independent baseline,False,,False,Non-failure,Unclassified,Unclassified,0,1.0,0.0,False,False,False,False,False,[]
A,2718,497,Independent baseline,False,,False,Non-failure,Unclassified,Unclassified,2,0.8794677129235083,123.34626590013022,True,False,False,False,False,"[{""target"":""demand"",""magnitude"":0.1370514065557003,""start_week"":43,""duration_weeks"":5,""recovery_weeks"":2},{""target"":""T2P"",""magnitude"":0.3885825308397182,""start_week"":48,""duration_weeks"":1,""recovery_weeks"":1}]"
A,2718,498,Independent baseline,False,,False,Non-failure,Unclassified,Unclassified,3,0.8180810983897244,256.10411615083876,False,True,False,False,False,"[{""target"":""corridor"",""magnitude"":0.20951191083660628,""start_week"":20,""duration_weeks"":1,""recovery_weeks"":4},{""target"":""demand"",""magnitude"":0.12461865003202689,""start_week"":29,""duration_weeks"":7,""recovery_weeks"":2},{""target"":""corridor"",""magnitude"":0.3099780546341727,""start_week"":34,""duration_weeks"":1,""recovery_weeks"":2}]"
A,2718,499,Independent baseline,False,,False,Non-failure,Unclassified,Unclassified,3,0.8357122973124267,274.4483094456539,False,False,False,True,True,"[{""target"":""demand"",""magnitude"":0.19658404359479642,""start_week"":30,""duration_weeks"":1,""recovery_weeks"":4},{""target"":""S1B"",""magnitude"":0.43713677442468246,""start_week"":31,""duration_weeks"":1,""recovery_weeks"":4},{""target"":""S1C"",""magnitude"":0.4246225880374399,""start_week"":38,""duration_weeks"":1,""recovery_weeks"":4}]"
A,2718,500,Independent baseline,True,False,True,Adaptation-limited,Concentrated dependency; Hidden convergent dependency; Recovery lag and temporal overlap,Hidden convergent dependency,6,0.7275919819700206,897.4810804995477,True,True,False,True,True,"[{""target"":""S1C"",""magnitude"":0.15702962074031393,""start_week"":6,""duration_weeks"":1,""recovery_weeks"":2},{""target"":""demand"",""magnitude"":0.1632512459602008,""start_week"":16,""duration_weeks"":5,""recovery_weeks"":4},{""target"":""corridor"",""magnitude"":0.36335193674277266,""start_week"":30,""duration_weeks"":1,""recovery_weeks"":4},{""target"":""T2P"",""magnitude"":0.3451672162269814,""start_week"":33,""duration_weeks"":4,""recovery_weeks"":2},{""target"":""S1B"",""magnitude"":0.30416138024427636,""start_week"":36,""duration_weeks"":6,""recovery_weeks"":3},{""target"":""corridor"",""magnitude"":0.18375786065664176,""start_week"":48,""duration_weeks"":1,""recovery_weeks"":1}]"
A,2718,501,Independent baseline,False,,False,Non-failure,Unclassified,Unclassified,2,0.9941834907229026,10.4697166987753,False,True,True,False,False,"[{""target"":""S1A"",""magnitude"":0.2630871458734689,""start_week"":32,""duration_weeks"":1,""recovery_weeks"":1},{""target"":""corridor"",""magnitude"":0.18438139616785898,""start_week"":49,""duration_weeks"":14,""recovery_weeks"":1}]"
A,2718,502,Independent baseline,True,True,False,Structural,Concentrated dependency,Concentrated dependency,1,0.8916216286994604,195.08106834097134,False,True,False,False,False,"[{""target"":""corridor"",""magnitude"":0.3312837784754047,""start_week"":46,""duration_weeks"":1,""recovery_weeks"":4}]"
A,2718,503,Independent baseline,False,,False,Non-failure,Unclassified,Unclassified,2,0.9047183331836411,94.78474900907827,False,False,False,False,False,"[{""target"":""demand"",""magnitude"":0.10531638778786459,""start_week"":34,""duration_weeks"":3,""recovery_weeks"":3},{""target"":""demand"",""magnitude"":0.1094320467032654,""start_week"":39,""duration_weeks"":1,""recovery_weeks"":1}]"
A,2718,504,Independent baseline,False,,False,Non-failure,Unclassified,Unclassified,3,0.8114006999059791,209.19302892428777,False,True,False,False,True,"[{""target"":""demand"",""magnitude"":0.23243669880476409,""start_week"":23,""duration_weeks"":1,""recovery_weeks"":4},{""target"":""S1C"",""magnitude"":0.29446995519131675,""start_week"":29,""duration_weeks"":1,""recovery_weeks"":3},{""target"":""corridor"",""magnitude"":0.18202065703138828,""start_week"":45,""duration_weeks"":1,""recovery_weeks"":4}]"
A,2718,505,Independent baseline,True,True,False,Structural,Concentrated dependency; Hidden convergent dependency; Propagation-amplified cascade,Hidden convergent dependency,4,0.5561896449519049,598.2879586298568,True,True,False,False,True,"[{""target"":""S1C"",""magnitude"":0.24258025770493824,""start_week"":1,""duration_weeks"":1,""recovery_weeks"":4},{""target"":""T2P"",""magnitude"":0.4994293195432856,""start_week"":8,""duration_weeks"":2,""recovery_weeks"":1},{""target"":""corridor"",""magnitude"":0.18639883949537617,""start_week"":29,""duration_weeks"":1,""recovery_weeks"":3},{""target"":""demand"",""magnitude"":0.17331333007424787,""start_week"":44,""duration_weeks"":1,""recovery_weeks"":2}]"
A,2718,506,Independent baseline,False,,False,Non-failure,Unclassified,Unclassified,2,0.8768595770860882,126.39011253182662,False,False,False,False,False,"[{""target"":""demand"",""magnitude"":0.14043345836869614,""start_week"":25,""duration_weeks"":2,""recovery_weeks"":4},{""target"":""demand"",""magnitude"":0.0958420536265395,""start_week"":40,""duration_weeks"":1,""recovery_weeks"":4}]"
A,2718,507,Independent baseline,False,,False,Non-failure,Unclassified,Unclassified,1,0.9285247469130377,69.27949738779637,False,False,False,False,False,"[{""target"":""demand"",""magnitude"":0.07697721931977378,""start_week"":29,""duration_weeks"":2,""recovery_weeks"":1}]"
A,2718,508,Independent baseline,True,False,True,Adaptation-limited,Concentrated dependency,Concentrated dependency,4,0.5324023667715115,2055.322113187458,False,True,True,False,False,"[{""target"":""corridor"",""magnitude"":0.22528898752579002,""start_week"":2,""duration_weeks"":2,""recovery_weeks"":1},{""target"":""corridor"",""magnitude"":0.48457970953146046,""start_week"":3,""duration_weeks"":5,""recovery_weeks"":3},{""target"":""S1A"",""magnitude"":0.38203964174488214,""start_week"":28,""duration_weeks"":1,""recovery_weeks"":4},{""target"":""demand"",""magnitude"":0.1881710043904447,""start_week"":37,""duration_weeks"":1,""recovery_weeks"":3}]"
A,2718,509,Independent baseline,True,True,False,Structural,Concentrated dependency,Concentrated dependency,5,0.8014292783704318,491.0695441574302,True,False,True,True,False,"[{""target"":""demand"",""magnitude"":0.1755607799549571,""start_week"":6,""duration_weeks"":7,""recovery_weeks"":3},{""target"":""S1A"",""magnitude"":0.3384970516150597,""start_week"":28,""duration_weeks"":3,""recovery_weeks"":4},{""target"":""demand"",""magnitude"":0.2141039844679406,""start_week"":35,""duration_weeks"":4,""recovery_weeks"":2},{""target"":""S1B"",""magnitude"":0.4773750863543499,""start_week"":38,""duration_weeks"":4,""recovery_weeks"":4},{""target"":""T2P"",""magnitude"":0.4970790853973488,""start_week"":47,""duration_weeks"":2,""recovery_weeks"":4}]"
A,2718,510,Independent baseline,True,False,True,Adaptation-limited,Concentrated dependency,Concentrated dependency,2,0.6305999882003781,855.495034513894,False,True,True,False,False,"[{""target"":""corridor"",""magnitude"":0.5270500088497164,""start_week"":20,""duration_weeks"":1,""recovery_weeks"":4},{""target"":""S1A"",""magnitude"":0.24563757071979156,""start_week"":35,""duration_weeks"":11,""recovery_weeks"":2}]"
A,2718,511,Independent baseline,False,,False,Non-failure,Unclassified,Unclassified,2,0.9116198637195865,92.85964327623071,False,False,False,False,True,"[{""target"":""S1C"",""magnitude"":0.3222811271746031,""start_week"":1,""duration_weeks"":1,""recovery_weeks"":3},{""target"":""demand"",""magnitude"":0.16742727223990347,""start_week"":39,""duration_weeks"":1,""recovery_weeks"":2}]"
A,2718,512,Independent baseline,True,False,False,Adaptation-limited,Hidden convergent dependency; Compounding moderate disturbance; Recovery lag and temporal overlap,Hidden convergent dependency,4,0.6544119868512914,447.0916434479665,True,False,False,False,True,"[{""target"":""demand"",""magnitude"":0.17765891700330183,""start_week"":10,""duration_weeks"":2,""recovery_weeks"":4},{""target"":""T2P"",""magnitude"":0.4110292118338378,""start_week"":14,""duration_weeks"":1,""recovery_weeks"":2},{""target"":""S1C"",""magnitude"":0.27290337277024723,""start_week"":37,""duration_weeks"":2,""recovery_weeks"":4},{""target"":""demand"",""magnitude"":0.0619166015746788,""start_week"":50,""duration_weeks"":4,""recovery_weeks"":4}]"
A,2718,513,Independent baseline,True,False,True,Adaptation-limited,Concentrated dependency,Concentrated dependency,3,0.7926562567509786,1144.0624594941285,False,True,False,False,False,"[{""target"":""corridor"",""magnitude"":0.40550780743676595,""start_week"":3,""duration_weeks"":5,""recovery_weeks"":3},{""target"":""demand"",""magnitude"":0.14581833540746547,""start_week"":20,""duration_weeks"":3,""recovery_weeks"":1},{""target"":""demand"",""magnitude"":0.12912022713505067,""start_week"":38,""duration_weeks"":1,""recovery_weeks"":4}]"
A,2718,514,Independent baseline,False,,False,Non-failure,Unclassified,Unclassified,1,0.9321518973755839,142.48101551127388,False,False,False,True,False,"[{""target"":""S1B"",""magnitude"":0.40265823090493624,""start_week"":13,""duration_weeks"":2,""recovery_weeks"":1}]"
A,2718,515,Independent baseline,True,True,True,Structural,Concentrated dependency; Hidden convergent dependency; Propagation-amplified cascade,Hidden convergent dependency,4,0.7832167140144273,739.5109410558623,True,False,False,True,False,"[{""target"":""T2P"",""magnitude"":0.2951049573870155,""start_week"":6,""duration_weeks"":5,""recovery_weeks"":4},{""target"":""S1B"",""magnitude"":0.45348744971858557,""start_week"":19,""duration_weeks"":1,""recovery_weeks"":2},{""target"":""S1B"",""magnitude"":0.20920876687461526,""start_week"":29,""duration_weeks"":1,""recovery_weeks"":4},{""target"":""demand"",""magnitude"":0.21543487021617963,""start_week"":51,""duration_weeks"":1,""recovery_weeks"":4}]"
A,2718,516,Independent baseline,False,,False,Non-failure,Unclassified,Unclassified,0,1.0,0.0,False,False,False,False,False,[]
A,2718,517,Independent baseline,True,True,False,Structural,Concentrated dependency; Hidden convergent dependency; Propagation-amplified cascade,Hidden convergent dependency,4,0.7839268363142978,588.3579993798493,True,False,False,True,False,"[{""target"":""demand"",""magnitude"":0.08643222067101541,""start_week"":20,""duration_weeks"":1,""recovery_weeks"":2},{""target"":""T2P"",""magnitude"":0.23037336339040457,""start_week"":21,""duration_weeks"":4,""recovery_weeks"":1},{""target"":""S1B"",""magnitude"":0.4636536494807124,""start_week"":43,""duration_weeks"":10,""recovery_weeks"":4},{""target"":""T2P"",""magnitude"":0.33886249501925136,""start_week"":44,""duration_weeks"":5,""recovery_weeks"":4}]"
A,2718,518,Independent baseline,True,True,False,Structural,Concentrated dependency; Propagation-amplified cascade,Propagation-amplified cascade,6,0.6341982068137589,886.3105228199396,True,True,False,False,True,"[{""target"":""T2P"",""magnitude"":0.3273042418467428,""start_week"":5,""duration_weeks"":2,""recovery_weeks"":1},{""target"":""corridor"",""magnitude"":0.32778942305240616,""start_week"":12,""duration_weeks"":4,""recovery_weeks"":1},{""target"":""corridor"",""magnitude"":0.2924112303168934,""start_week"":16,""duration_weeks"":2,""recovery_weeks"":2},{""target"":""T2P"",""magnitude"":0.35033469808517564,""start_week"":23,""duration_weeks"":1,""recovery_weeks"":1},{""target"":""demand"",""magnitude"":0.16034090355423433,""start_week"":29,""duration_weeks"":5,""recovery_weeks"":2},{""target"":""S1C"",""magnitude"":0.2380825580210244,""start_week"":43,""duration_weeks"":1,""recovery_weeks"":2}]"
A,2718,519,Independent baseline,True,True,True,Structural,Concentrated dependency,Concentrated dependency,4,0.6900675031500494,953.761425889884,False,True,False,False,False,"[{""target"":""corridor"",""magnitude"":0.1837660389045813,""start_week"":9,""duration_weeks"":3,""recovery_weeks"":3},{""target"":""demand"",""magnitude"":0.1655535172461815,""start_week"":11,""duration_weeks"":2,""recovery_weeks"":4},{""target"":""corridor"",""magnitude"":0.4824493726374629,""start_week"":23,""duration_weeks"":2,""recovery_weeks"":4},{""target"":""demand"",""magnitude"":0.10096632623377336,""start_week"":27,""duration_weeks"":3,""recovery_weeks"":1}]"
A,2718,520,Independent baseline,True,False,True,Adaptation-limited,Concentrated dependency,Concentrated dependency,3,0.5980815543814426,864.6042694845376,True,True,False,False,False,"[{""target"":""corridor"",""magnitude"":0.5514388342139179,""start_week"":10,""duration_weeks"":1,""recovery_weeks"":3},{""target"":""T2P"",""magnitude"":0.3084102650055537,""start_week"":38,""duration_weeks"":1,""recovery_weeks"":3},{""target"":""demand"",""magnitude"":0.2237220721911668,""start_week"":50,""duration_weeks"":5,""recovery_weeks"":1}]"
A,2718,521,Independent baseline,False,,False,Non-failure,Unclassified,Unclassified,2,0.8313315668908413,192.36268841194874,False,False,True,False,False,"[{""target"":""demand"",""magnitude"":0.20288948456507466,""start_week"":42,""duration_weeks"":3,""recovery_weeks"":4},{""target"":""S1A"",""magnitude"":0.25094135127159367,""start_week"":46,""duration_weeks"":5,""recovery_weeks"":4}]"
A,2718,522,Independent baseline,True,False,False,Adaptation-limited,Concentrated dependency; Propagation-amplified cascade,Propagation-amplified cascade,4,0.8577847027215335,337.7749411051475,True,True,False,False,True,"[{""target"":""T2P"",""magnitude"":0.2813951019502451,""start_week"":26,""duration_weeks"":1,""recovery_weeks"":3},{""target"":""T2P"",""magnitude"":0.2946006323763021,""start_week"":34,""duration_weeks"":1,""recovery_weeks"":3},{""target"":""S1C"",""magnitude"":0.43402166350879245,""start_week"":41,""duration_weeks"":8,""recovery_weeks"":1},{""target"":""corridor"",""magnitude"":0.3566614729588497,""start_week"":47,""duration_weeks"":1,""recovery_weeks"":1}]"
A,2718,523,Independent baseline,False,,False,Non-failure,Unclassified,Unclassified,1,0.9422002404363612,104.03956721454983,False,False,True,False,False,"[{""target"":""S1A"",""magnitude"":0.3800494590181872,""start_week"":46,""duration_weeks"":1,""recovery_weeks"":2}]"
A,2718,524,Independent baseline,True,False,True,Adaptation-limited,Concentrated dependency,Concentrated dependency,1,0.6816813264882953,712.8387169414693,False,True,False,False,False,"[{""target"":""corridor"",""magnitude"":0.48873900513377855,""start_week"":5,""duration_weeks"":1,""recovery_weeks"":4}]"
A,2718,525,Independent baseline,True,True,False,Structural,Concentrated dependency,Concentrated dependency,6,0.7812709053459894,521.806012358235,True,True,True,True,False,"[{""target"":""demand"",""magnitude"":0.23704719537346253,""start_week"":3,""duration_weeks"":3,""recovery_weeks"":1},{""target"":""corridor"",""magnitude"":0.41404682099050794,""start_week"":21,""duration_weeks"":2,""recovery_weeks"":3},{""target"":""S1B"",""magnitude"":0.2562631177944579,""start_week"":23,""duration_weeks"":2,""recovery_weeks"":2},{""target"":""T2P"",""magnitude"":0.2492403299706219,""start_week"":38,""duration_weeks"":3,""recovery_weeks"":1},{""target"":""demand"",""magnitude"":0.18356015483087496,""start_week"":46,""duration_weeks"":2,""recovery_weeks"":2},{""target"":""S1A"",""magnitude"":0.6196408550346499,""start_week"":51,""duration_weeks"":2,""recovery_weeks"":3}]"
A,2718,526,Independent baseline,True,True,True,Structural,Compounding moderate disturbance,Compounding moderate disturbance,3,0.6686396437118899,1467.4096614584369,True,False,False,False,False,"[{""target"":""T2P"",""magnitude"":0.2724297846151423,""start_week"":3,""duration_weeks"":2,""recovery_weeks"":3},{""target"":""demand"",""magnitude"":0.17532691705083991,""start_week"":8,""duration_weeks"":3,""recovery_weeks"":3},{""target"":""demand"",""magnitude"":0.1570756902845532,""start_week"":9,""duration_weeks"":6,""recovery_weeks"":2}]"
A,2718,527,Independent baseline,False,,False,Non-failure,Unclassified,Unclassified,1,0.9023043795286457,175.85211684843762,False,True,False,False,False,"[{""target"":""corridor"",""magnitude"":0.3232717153535156,""start_week"":23,""duration_weeks"":1,""recovery_weeks"":4}]"
A,2718,528,Independent baseline,False,,False,Non-failure,Unclassified,Unclassified,2,0.8499333454832512,158.90656577108666,False,True,False,False,False,"[{""target"":""demand"",""magnitude"":0.17656285085676288,""start_week"":5,""duration_weeks"":3,""recovery_weeks"":1},{""target"":""corridor"",""magnitude"":0.3189481033123449,""start_week"":50,""duration_weeks"":2,""recovery_weeks"":1}]"
A,2718,529,Independent baseline,True,False,True,Adaptation-limited,Concentrated dependency,Concentrated dependency,2,0.5536453741879352,1123.5280089236412,False,True,False,True,False,"[{""target"":""S1B"",""magnitude"":0.35203685096116677,""start_week"":35,""duration_weeks"":1,""recovery_weeks"":2},{""target"":""corridor"",""magnitude"":0.5847659693590486,""start_week"":48,""duration_weeks"":3,""recovery_weeks"":1}]"
A,2718,530,Independent baseline,True,True,False,Structural,Concentrated dependency,Concentrated dependency,1,0.8214967642983018,321.3058242630568,False,True,False,False,False,"[{""target"":""corridor"",""magnitude"":0.3838774267762737,""start_week"":37,""duration_weeks"":1,""recovery_weeks"":1}]"
A,2718,531,Independent baseline,True,True,True,Structural,Concentrated dependency; Hidden convergent dependency; Propagation-amplified cascade,Hidden convergent dependency,3,0.6200898388698857,1205.7442148211271,True,True,False,False,False,"[{""target"":""T2P"",""magnitude"":0.3240371224339032,""start_week"":2,""duration_weeks"":3,""recovery_weeks"":1},{""target"":""T2P"",""magnitude"":0.44191914501710294,""start_week"":13,""duration_weeks"":3,""recovery_weeks"":3},{""target"":""corridor"",""magnitude"":0.2207417018659264,""start_week"":21,""duration_weeks"":1,""recovery_weeks"":1}]"
A,2718,532,Independent baseline,False,,False,Non-failure,Unclassified,Unclassified,3,0.9611443049520204,46.22008170949414,False,True,False,False,True,"[{""target"":""corridor"",""magnitude"":0.25727027532132923,""start_week"":2,""duration_weeks"":2,""recovery_weeks"":2},{""target"":""S1C"",""magnitude"":0.2189329535767499,""start_week"":7,""duration_weeks"":9,""recovery_weeks"":4},{""target"":""demand"",""magnitude"":0.07068324286298283,""start_week"":13,""duration_weeks"":2,""recovery_weeks"":2}]"
A,2718,533,Independent baseline,False,,False,Non-failure,Unclassified,Unclassified,2,0.590286860201752,368.7418258184232,False,True,False,False,True,"[{""target"":""S1C"",""magnitude"":0.4081344743858598,""start_week"":8,""duration_weeks"":1,""recovery_weeks"":2},{""target"":""corridor"",""magnitude"":0.6627078377725925,""start_week"":50,""duration_weeks"":3,""recovery_weeks"":1}]"
A,2718,534,Independent baseline,True,True,False,Structural,Concentrated dependency; Hidden convergent dependency; Propagation-amplified cascade,Hidden convergent dependency,2,0.8271932652609543,247.43989058607588,True,False,False,False,True,"[{""target"":""S1C"",""magnitude"":0.15802027423178236,""start_week"":12,""duration_weeks"":2,""recovery_weeks"":4},{""target"":""T2P"",""magnitude"":0.38382765864186935,""start_week"":34,""duration_weeks"":1,""recovery_weeks"":4}]"
A,2718,535,Independent baseline,True,True,True,Structural,Concentrated dependency,Concentrated dependency,6,0.7494178021444322,1636.005826878543,True,True,False,False,False,"[{""target"":""demand"",""magnitude"":0.14193788093901089,""start_week"":2,""duration_weeks"":1,""recovery_weeks"":2},{""target"":""corridor"",""magnitude"":0.23693288916276767,""start_week"":23,""duration_weeks"":3,""recovery_weeks"":3},{""target"":""T2P"",""magnitude"":0.41723446035647027,""start_week"":31,""duration_weeks"":1,""recovery_weeks"":1},{""target"":""T2P"",""magnitude"":0.24417089508695017,""start_week"":32,""duration_weeks"":6,""recovery_weeks"":2},{""target"":""corridor"",""magnitude"":0.33692153770302863,""start_week"":38,""duration_weeks"":4,""recovery_weeks"":4},{""target"":""T2P"",""magnitude"":0.325523978070011,""start_week"":43,""duration_weeks"":8,""recovery_weeks"":2}]"
A,2718,536,Independent baseline,True,True,True,Structural,Concentrated dependency; Hidden convergent dependency,Hidden convergent dependency,4,0.2911380922595427,1655.7460684961447,True,False,False,False,False,"[{""target"":""demand"",""magnitude"":0.12424956781144737,""start_week"":25,""duration_weeks"":4,""recovery_weeks"":3},{""target"":""T2P"",""magnitude"":0.30775241742544407,""start_week"":27,""duration_weeks"":1,""recovery_weeks"":2},{""target"":""T2P"",""magnitude"":0.24727297253230335,""start_week"":42,""duration_weeks"":7,""recovery_weeks"":2},{""target"":""T2P"",""magnitude"":0.651899993660274,""start_week"":45,""duration_weeks"":12,""recovery_weeks"":4}]"
A,2718,537,Independent baseline,False,,False,Non-failure,Unclassified,Unclassified,3,0.859846642150472,146.69827836869217,False,False,False,True,False,"[{""target"":""demand"",""magnitude"":0.16299808707632452,""start_week"":5,""duration_weeks"":1,""recovery_weeks"":4},{""target"":""S1B"",""magnitude"":0.22399085330405988,""start_week"":23,""duration_weeks"":2,""recovery_weeks"":4},{""target"":""demand"",""magnitude"":0.08113870753157895,""start_week"":31,""duration_weeks"":5,""recovery_weeks"":2}]"
A,2718,538,Independent baseline,False,,False,Non-failure,Unclassified,Unclassified,1,0.8046153820251726,319.8852940504711,False,False,False,False,False,"[{""target"":""demand"",""magnitude"":0.24282983191677882,""start_week"":17,""duration_weeks"":3,""recovery_weeks"":3}]"
A,2718,539,Independent baseline,False,,False,Non-failure,Unclassified,Unclassified,0,1.0,0.0,False,False,False,False,False,[]
A,2718,540,Independent baseline,False,,False,Non-failure,Unclassified,Unclassified,3,0.7384371978118138,235.40652196936753,True,True,True,False,False,"[{""target"":""S1A"",""magnitude"":0.41412696203299426,""start_week"":26,""duration_weeks"":2,""recovery_weeks"":1},{""target"":""corridor"",""magnitude"":0.3317967687449441,""start_week"":34,""duration_weeks"":2,""recovery_weeks"":2},{""target"":""T2P"",""magnitude"":0.3441724312217596,""start_week"":44,""duration_weeks"":3,""recovery_weeks"":2}]"
A,2718,541,Independent baseline,True,True,False,Structural,Compounding moderate disturbance; Recovery lag and temporal overlap,Compounding moderate disturbance,2,0.8497018321784611,271.9202469745377,False,True,False,False,False,"[{""target"":""corridor"",""magnitude"":0.20673037015803672,""start_week"":44,""duration_weeks"":1,""recovery_weeks"":4},{""target"":""demand"",""magnitude"":0.17688342207784274,""start_week"":45,""duration_weeks"":1,""recovery_weeks"":4}]"
A,2718,542,Independent baseline,False,,False,Non-failure,Unclassified,Unclassified,1,0.9230060119231195,138.58917853838489,False,False,False,True,False,"[{""target"":""S1B"",""magnitude"":0.4232364731729812,""start_week"":13,""duration_weeks"":1,""recovery_weeks"":4}]"
A,2718,543,Independent baseline,True,True,False,Structural,Concentrated dependency,Concentrated dependency,2,0.7864005381868902,585.2447987363553,False,False,False,False,True,"[{""target"":""S1C"",""magnitude"":0.23522704251199145,""start_week"":11,""duration_weeks"":6,""recovery_weeks"":3},{""target"":""demand"",""magnitude"":0.27161662720320695,""start_week"":38,""duration_weeks"":4,""recovery_weeks"":3}]"
A,2718,544,Independent baseline,False,,False,Non-failure,Unclassified,Unclassified,1,0.9559849547315776,79.22708148316019,False,False,True,False,False,"[{""target"":""S1A"",""magnitude"":0.3490338518539502,""start_week"":47,""duration_weeks"":1,""recovery_weeks"":4}]"
A,2718,545,Independent baseline,False,,False,Non-failure,Unclassified,Unclassified,3,0.876149336168704,127.22214449832518,False,True,False,False,False,"[{""target"":""corridor"",""magnitude"":0.20837416216805127,""start_week"":24,""duration_weeks"":2,""recovery_weeks"":4},{""target"":""corridor"",""magnitude"":0.2377433793545286,""start_week"":30,""duration_weeks"":1,""recovery_weeks"":3},{""target"":""demand"",""magnitude"":0.14135793833147237,""start_week"":40,""duration_weeks"":1,""recovery_weeks"":2}]"
A,2718,546,Independent baseline,True,True,False,Structural,Concentrated dependency,Concentrated dependency,1,0.8926520452255958,193.22631859392754,False,True,False,False,False,"[{""target"":""corridor"",""magnitude"":0.3305109660808032,""start_week"":28,""duration_weeks"":1,""recovery_weeks"":2}]"
A,2718,547,Independent baseline,False,,False,Non-failure,Unclassified,Unclassified,4,0.9529803832402456,134.06680369518836,False,True,False,False,True,"[{""target"":""S1C"",""magnitude"":0.3557941377094473,""start_week"":1,""duration_weeks"":1,""recovery_weeks"":1},{""target"":""S1C"",""magnitude"":0.42346095671395456,""start_week"":4,""duration_weeks"":3,""recovery_weeks"":4},{""target"":""corridor"",""magnitude"":0.24998798902702396,""start_week"":5,""duration_weeks"":2,""recovery_weeks"":1},{""target"":""corridor"",""magnitude"":0.2654649180181633,""start_week"":38,""duration_weeks"":6,""recovery_weeks"":4}]"
A,2718,548,Independent baseline,True,True,True,Structural,Concentrated dependency; Hidden convergent dependency; Propagation-amplified cascade; Recovery lag and temporal overlap,Hidden convergent dependency,3,0.6348251220025812,2172.351915777781,True,True,False,False,False,"[{""target"":""corridor"",""magnitude"":0.26940610467595494,""start_week"":7,""duration_weeks"":7,""recovery_weeks"":4},{""target"":""T2P"",""magnitude"":0.4286573901976769,""start_week"":17,""duration_weeks"":7,""recovery_weeks"":2},{""target"":""T2P"",""magnitude"":0.26802351349140763,""start_week"":36,""duration_weeks"":1,""recovery_weeks"":3}]"
A,2718,549,Independent baseline,True,True,True,Structural,Concentrated dependency; Propagation-amplified cascade,Propagation-amplified cascade,4,0.7325138190910674,2291.9360758471594,True,True,False,False,False,"[{""target"":""demand"",""magnitude"":0.06413308462957466,""start_week"":1,""duration_weeks"":2,""recovery_weeks"":1},{""target"":""corridor"",""magnitude"":0.45061463568169946,""start_week"":25,""duration_weeks"":9,""recovery_weeks"":2},{""target"":""T2P"",""magnitude"":0.3162120408469139,""start_week"":27,""duration_weeks"":1,""recovery_weeks"":3},{""target"":""demand"",""magnitude"":0.15626195416616498,""start_week"":44,""duration_weeks"":3,""recovery_weeks"":1}]"
A,2718,550,Independent baseline,False,,False,Non-failure,Unclassified,Unclassified,3,0.8606497146980415,321.7698950280437,False,False,False,False,False,"[{""target"":""demand"",""magnitude"":0.1619128931575251,""start_week"":21,""duration_weeks"":9,""recovery_weeks"":2},{""target"":""demand"",""magnitude"":0.09425094988757601,""start_week"":31,""duration_weeks"":1,""recovery_weeks"":2},{""target"":""demand"",""magnitude"":0.13282395081707776,""start_week"":34,""duration_weeks"":2,""recovery_weeks"":3}]"
A,2718,551,Independent baseline,False,,False,Non-failure,Unclassified,Unclassified,1,1.0,0.0,True,False,False,False,False,"[{""target"":""T2P"",""magnitude"":0.19449558526546007,""start_week"":36,""duration_weeks"":2,""recovery_weeks"":3}]"
A,2718,552,Independent baseline,True,True,False,Structural,Concentrated dependency,Concentrated dependency,3,0.8704830651498896,271.98556318523197,False,True,True,False,True,"[{""target"":""S1C"",""magnitude"":0.5414131034127485,""start_week"":9,""duration_weeks"":6,""recovery_weeks"":2},{""target"":""S1A"",""magnitude"":0.23436095009258667,""start_week"":26,""duration_weeks"":2,""recovery_weeks"":4},{""target"":""corridor"",""magnitude"":0.380248379985518,""start_week"":46,""duration_weeks"":1,""recovery_weeks"":1}]"
A,2718,553,Independent baseline,True,True,True,Structural,Concentrated dependency; Hidden convergent dependency; Propagation-amplified cascade,Hidden convergent dependency,2,0.5654702484783597,2574.152599140548,True,False,False,False,True,"[{""target"":""T2P"",""magnitude"":0.49107677636947633,""start_week"":13,""duration_weeks"":6,""recovery_weeks"":4},{""target"":""S1C"",""magnitude"":0.2615952178970722,""start_week"":35,""duration_weeks"":6,""recovery_weeks"":3}]"
A,2718,554,Independent baseline,True,True,True,Structural,Concentrated dependency,Concentrated dependency,5,0.6443261522771523,935.9097431214557,True,True,False,True,False,"[{""target"":""corridor"",""magnitude"":0.3271274891318021,""start_week"":11,""duration_weeks"":3,""recovery_weeks"":2},{""target"":""demand"",""magnitude"":0.12231942756056575,""start_week"":19,""duration_weeks"":1,""recovery_weeks"":2},{""target"":""T2P"",""magnitude"":0.42010646295056286,""start_week"":20,""duration_weeks"":3,""recovery_weeks"":2},{""target"":""S1B"",""magnitude"":0.3966421785725739,""start_week"":28,""duration_weeks"":1,""recovery_weeks"":3},{""target"":""corridor"",""magnitude"":0.36653426284736834,""start_week"":44,""duration_weeks"":3,""recovery_weeks"":4}]"
A,2718,555,Independent baseline,True,False,True,Adaptation-limited,Concentrated dependency,Concentrated dependency,1,0.7941709470002745,804.9192015738267,False,True,False,False,False,"[{""target"":""corridor"",""magnitude"":0.40437178974979415,""start_week"":12,""duration_weeks"":3,""recovery_weeks"":4}]"
A,2718,556,Independent baseline,True,False,True,Adaptation-limited,Concentrated dependency,Concentrated dependency,3,0.5917876956582369,915.1634386779108,True,True,False,False,True,"[{""target"":""S1C"",""magnitude"":0.2879863302760852,""start_week"":34,""duration_weeks"":4,""recovery_weeks"":4},{""target"":""corridor"",""magnitude"":0.5561592282563222,""start_week"":37,""duration_weeks"":1,""recovery_weeks"":3},{""target"":""T2P"",""magnitude"":0.3343775682397902,""start_week"":41,""duration_weeks"":1,""recovery_weeks"":2}]"
A,2718,557,Independent baseline,False,,False,Non-failure,Unclassified,Unclassified,1,1.0,0.0,False,True,False,False,False,"[{""target"":""corridor"",""magnitude"":0.22884584460368712,""start_week"":21,""duration_weeks"":2,""recovery_weeks"":2}]"
A,2718,558,Independent baseline,False,,False,Non-failure,Unclassified,Unclassified,1,0.9070476119784628,92.23016312992615,False,False,False,False,False,"[{""target"":""demand"",""magnitude"":0.10247795903325112,""start_week"":15,""duration_weeks"":1,""recovery_weeks"":2}]"
A,2718,559,Independent baseline,False,,False,Non-failure,Unclassified,Unclassified,1,1.0,0.0,False,True,False,False,False,"[{""target"":""corridor"",""magnitude"":0.19287810566462155,""start_week"":22,""duration_weeks"":3,""recovery_weeks"":1}]"
A,2718,560,Independent baseline,False,,False,Non-failure,Unclassified,Unclassified,3,0.8915172202449836,115.17642494931647,False,False,False,False,True,"[{""target"":""S1C"",""magnitude"":0.308157437987542,""start_week"":12,""duration_weeks"":1,""recovery_weeks"":2},{""target"":""demand"",""magnitude"":0.17966930593261116,""start_week"":24,""duration_weeks"":3,""recovery_weeks"":2},{""target"":""demand"",""magnitude"":0.16692794235027547,""start_week"":42,""duration_weeks"":1,""recovery_weeks"":2}]"
A,2718,561,Independent baseline,False,,False,Non-failure,Unclassified,Unclassified,2,0.7769481331809664,200.74668013713017,True,False,False,False,False,"[{""target"":""T2P"",""magnitude"":0.36691556004571013,""start_week"":12,""duration_weeks"":2,""recovery_weeks"":1},{""target"":""demand"",""magnitude"":0.18528073136713114,""start_week"":23,""duration_weeks"":1,""recovery_weeks"":2}]"
A,2718,562,Independent baseline,True,True,True,Structural,Concentrated dependency,Concentrated dependency,2,0.5793137016030426,1746.2012928725621,False,True,False,False,False,"[{""target"":""corridor"",""magnitude"":0.3842390751922915,""start_week"":11,""duration_weeks"":2,""recovery_weeks"":2},{""target"":""corridor"",""magnitude"":0.5655147237977179,""start_week"":19,""duration_weeks"":4,""recovery_weeks"":2}]"
A,2718,563,Independent baseline,False,,False,Non-failure,Unclassified,Unclassified,4,0.862288025125243,150.57462420695333,False,True,False,False,True,"[{""target"":""demand"",""magnitude"":0.12859306029949225,""start_week"":6,""duration_weeks"":4,""recovery_weeks"":1},{""target"":""corridor"",""magnitude"":0.32437637705862366,""start_week"":14,""duration_weeks"":1,""recovery_weeks"":4},{""target"":""demand"",""magnitude"":0.2148917199094899,""start_week"":28,""duration_weeks"":1,""recovery_weeks"":2},{""target"":""S1C"",""magnitude"":0.1638534729467651,""start_week"":34,""duration_weeks"":2,""recovery_weeks"":2}]"
A,2718,564,Independent baseline,True,True,False,Structural,Concentrated dependency; Propagation-amplified cascade,Propagation-amplified cascade,6,0.7080953108960486,870.7021232742741,True,True,True,True,False,"[{""target"":""T2P"",""magnitude"":0.23015227712891845,""start_week"":4,""duration_weeks"":1,""recovery_weeks"":1},{""target"":""S1B"",""magnitude"":0.3246724148578094,""start_week"":9,""duration_weeks"":1,""recovery_weeks"":2},{""target"":""corridor"",""magnitude"":0.3811534978917551,""start_week"":28,""duration_weeks"":2,""recovery_weeks"":1},{""target"":""T2P"",""magnitude"":0.19165751233908632,""start_week"":30,""duration_weeks"":5,""recovery_weeks"":4},{""target"":""T2P"",""magnitude"":0.2557306045640253,""start_week"":36,""duration_weeks"":1,""recovery_weeks"":3},{""target"":""S1A"",""magnitude"":0.46368477363861405,""start_week"":50,""duration_weeks"":1,""recovery_weeks"":3}]"
A,2718,565,Independent baseline,False,,False,Non-failure,Unclassified,Unclassified,1,0.9580201871315367,88.15760702377304,False,False,False,False,True,"[{""target"":""S1C"",""magnitude"":0.3444545789540424,""start_week"":40,""duration_weeks"":2,""recovery_weeks"":1}]"
A,2718,566,Independent baseline,False,,False,Non-failure,Unclassified,Unclassified,3,0.8636657091368175,122.70086177686426,False,True,False,False,False,"[{""target"":""demand"",""magnitude"":0.09720691028718803,""start_week"":5,""duration_weeks"":1,""recovery_weeks"":3},{""target"":""corridor"",""magnitude"":0.3740305417890844,""start_week"":36,""duration_weeks"":1,""recovery_weeks"":2},{""target"":""demand"",""magnitude"":0.20601694362800027,""start_week"":47,""duration_weeks"":4,""recovery_weeks"":3}]"
A,2718,567,Independent baseline,False,,False,Non-failure,Unclassified,Unclassified,2,0.9050540188610734,94.41578209062777,False,True,False,False,False,"[{""target"":""demand"",""magnitude"":0.10490642454514199,""start_week"":23,""duration_weeks"":2,""recovery_weeks"":3},{""target"":""corridor"",""magnitude"":0.20926777742913516,""start_week"":51,""duration_weeks"":1,""recovery_weeks"":3}]"
A,2718,568,Independent baseline,True,False,True,Adaptation-limited,Concentrated dependency,Concentrated dependency,4,0.577739495152923,1280.8889283838591,False,True,False,True,False,"[{""target"":""demand"",""magnitude"":0.14331827780801704,""start_week"":11,""duration_weeks"":6,""recovery_weeks"":4},{""target"":""corridor"",""magnitude"":0.5201200245601258,""start_week"":16,""duration_weeks"":2,""recovery_weeks"":2},{""target"":""S1B"",""magnitude"":0.5673862938257839,""start_week"":19,""duration_weeks"":1,""recovery_weeks"":1},{""target"":""corridor"",""magnitude"":0.17262201730271468,""start_week"":44,""duration_weeks"":4,""recovery_weeks"":1}]"
A,2718,569,Independent baseline,True,True,False,Structural,Hidden convergent dependency; Compounding moderate disturbance; Propagation-amplified cascade,Hidden convergent dependency,7,0.7411634201470939,372.4147848943694,True,True,False,True,False,"[{""target"":""corridor"",""magnitude"":0.2907266267683247,""start_week"":6,""duration_weeks"":3,""recovery_weeks"":2},{""target"":""corridor"",""magnitude"":0.25524666754230674,""start_week"":35,""duration_weeks"":2,""recovery_weeks"":3},{""target"":""S1B"",""magnitude"":0.25773300612177086,""start_week"":42,""duration_weeks"":6,""recovery_weeks"":2},{""target"":""T2P"",""magnitude"":0.43846117079868874,""start_week"":44,""duration_weeks"":1,""recovery_weeks"":1},{""target"":""T2P"",""magnitude"":0.3329529218676155,""start_week"":46,""duration_weeks"":1,""recovery_weeks"":3},{""target"":""T2P"",""magnitude"":0.27151972072737646,""start_week"":49,""duration_weeks"":3,""recovery_weeks"":2},{""target"":""S1B"",""magnitude"":0.21704656748805223,""start_week"":51,""duration_weeks"":2,""recovery_weeks"":3}]"
A,2718,570,Independent baseline,True,True,True,Structural,Concentrated dependency; Hidden convergent dependency; Propagation-amplified cascade,Hidden convergent dependency,5,0.7874844634098624,1219.7066004112576,True,False,True,True,True,"[{""target"":""T2P"",""magnitude"":0.21910541854076715,""start_week"":14,""duration_weeks"":8,""recovery_weeks"":3},{""target"":""S1C"",""magnitude"":0.30037651829588063,""start_week"":25,""duration_weeks"":2,""recovery_weeks"":1},{""target"":""S1B"",""magnitude"":0.2582163442827394,""start_week"":28,""duration_weeks"":2,""recovery_weeks"":1},{""target"":""T2P"",""magnitude"":0.29126398293112366,""start_week"":38,""duration_weeks"":10,""recovery_weeks"":4},{""target"":""S1A"",""magnitude"":0.32926536193094147,""start_week"":48,""duration_weeks"":1,""recovery_weeks"":4}]"
A,2718,571,Independent baseline,True,False,False,Adaptation-limited,Concentrated dependency,Concentrated dependency,1,0.6999574164608038,540.0766503705531,False,True,False,False,False,"[{""target"":""corridor"",""magnitude"":0.475031937654397,""start_week"":39,""duration_weeks"":1,""recovery_weeks"":1}]"
A,2718,572,Independent baseline,True,True,False,Structural,Concentrated dependency; Propagation-amplified cascade,Propagation-amplified cascade,3,0.8435216132665307,319.34312996022663,True,True,False,True,False,"[{""target"":""corridor"",""magnitude"":0.2577179018167155,""start_week"":18,""duration_weeks"":2,""recovery_weeks"":2},{""target"":""T2P"",""magnitude"":0.30619100072646177,""start_week"":22,""duration_weeks"":1,""recovery_weeks"":3},{""target"":""S1B"",""magnitude"":0.6020763701503057,""start_week"":33,""duration_weeks"":4,""recovery_weeks"":1}]"
A,2718,573,Independent baseline,False,,False,Non-failure,Unclassified,Unclassified,2,0.9450008005115769,98.99855907916162,False,True,False,False,False,"[{""target"":""corridor"",""magnitude"":0.22446279449343004,""start_week"":9,""duration_weeks"":1,""recovery_weeks"":4},{""target"":""corridor"",""magnitude"":0.29124939961631735,""start_week"":29,""duration_weeks"":1,""recovery_weeks"":3}]"
A,2718,574,Independent baseline,False,,False,Non-failure,Unclassified,Unclassified,1,1.0,0.0,False,False,True,False,False,"[{""target"":""S1A"",""magnitude"":0.2338508600641242,""start_week"":43,""duration_weeks"":3,""recovery_weeks"":1}]"
A,2718,575,Independent baseline,False,,False,Non-failure,Unclassified,Unclassified,3,0.836260271994744,176.21996421427139,False,False,False,False,True,"[{""target"":""demand"",""magnitude"":0.19579996023807905,""start_week"":6,""duration_weeks"":1,""recovery_weeks"":4},{""target"":""S1C"",""magnitude"":0.46634542785262345,""start_week"":48,""duration_weeks"":1,""recovery_weeks"":1},{""target"":""demand"",""magnitude"":0.09823407790462614,""start_week"":51,""duration_weeks"":4,""recovery_weeks"":4}]"
A,2718,576,Independent baseline,False,,False,Non-failure,Unclassified,Unclassified,2,0.7900605188155946,188.94553306596492,True,False,True,False,False,"[{""target"":""T2P"",""magnitude"":0.49447276653298244,""start_week"":14,""duration_weeks"":1,""recovery_weeks"":1},{""target"":""S1A"",""magnitude"":0.25249348430584984,""start_week"":47,""duration_weeks"":2,""recovery_weeks"":2}]"
A,2718,577,Independent baseline,True,True,True,Structural,Concentrated dependency; Propagation-amplified cascade,Propagation-amplified cascade,5,0.6231180219886533,2898.988731417165,True,False,True,False,False,"[{""target"":""S1A"",""magnitude"":0.48088754219422725,""start_week"":22,""duration_weeks"":1,""recovery_weeks"":4},{""target"":""T2P"",""magnitude"":0.23639122566902016,""start_week"":24,""duration_weeks"":13,""recovery_weeks"":3},{""target"":""T2P"",""magnitude"":0.24620258220473823,""start_week"":31,""duration_weeks"":1,""recovery_weeks"":4},{""target"":""T2P"",""magnitude"":0.1928201009721667,""start_week"":37,""duration_weeks"":1,""recovery_weeks"":4},{""target"":""demand"",""magnitude"":0.09907777697666612,""start_week"":39,""duration_weeks"":2,""recovery_weeks"":1}]"
A,2718,578,Independent baseline,True,True,True,Structural,Concentrated dependency,Concentrated dependency,6,0.6217127410593806,4561.102039833355,True,True,False,False,True,"[{""target"":""demand"",""magnitude"":0.062405122877414856,""start_week"":1,""duration_weeks"":3,""recovery_weeks"":2},{""target"":""corridor"",""magnitude"":0.3482200246564906,""start_week"":15,""duration_weeks"":5,""recovery_weeks"":2},{""target"":""demand"",""magnitude"":0.27040520047995725,""start_week"":20,""duration_weeks"":8,""recovery_weeks"":3},{""target"":""T2P"",""magnitude"":0.44045853304655735,""start_week"":27,""duration_weeks"":7,""recovery_weeks"":1},{""target"":""S1C"",""magnitude"":0.4073185592716504,""start_week"":32,""duration_weeks"":3,""recovery_weeks"":4},{""target"":""demand"",""magnitude"":0.1573786281298983,""start_week"":49,""duration_weeks"":2,""recovery_weeks"":2}]"
A,2718,579,Independent baseline,False,,False,Non-failure,Unclassified,Unclassified,4,0.9459518349306867,113.50114664555804,False,True,False,True,False,"[{""target"":""S1B"",""magnitude"":0.37160837140595504,""start_week"":9,""duration_weeks"":3,""recovery_weeks"":2},{""target"":""corridor"",""magnitude"":0.2260046059124946,""start_week"":11,""duration_weeks"":1,""recovery_weeks"":4},{""target"":""demand"",""magnitude"":0.12040258269833126,""start_week"":29,""duration_weeks"":1,""recovery_weeks"":3},{""target"":""corridor"",""magnitude"":0.3618001030085598,""start_week"":50,""duration_weeks"":1,""recovery_weeks"":2}]"
A,2718,580,Independent baseline,False,,False,Non-failure,Unclassified,Unclassified,3,0.6041765237710811,427.4282815754151,True,True,False,False,True,"[{""target"":""S1C"",""magnitude"":0.34448210461614104,""start_week"":24,""duration_weeks"":2,""recovery_weeks"":4},{""target"":""T2P"",""magnitude"":0.45624112860602706,""start_week"":36,""duration_weeks"":2,""recovery_weeks"":1},{""target"":""corridor"",""magnitude"":0.2578146988998443,""start_week"":40,""duration_weeks"":6,""recovery_weeks"":3}]"
A,2718,581,Independent baseline,False,,False,Non-failure,Unclassified,Unclassified,6,0.904042068743701,653.1276042581155,True,True,False,True,False,"[{""target"":""S1B"",""magnitude"":0.22978894834708835,""start_week"":8,""duration_weeks"":1,""recovery_weeks"":2},{""target"":""S1B"",""magnitude"":0.2143992328767273,""start_week"":12,""duration_weeks"":2,""recovery_weeks"":2},{""target"":""T2P"",""magnitude"":0.265841316749136,""start_week"":17,""duration_weeks"":3,""recovery_weeks"":3},{""target"":""S1B"",""magnitude"":0.32778812401595464,""start_week"":29,""duration_weeks"":1,""recovery_weeks"":2},{""target"":""corridor"",""magnitude"":0.32196844844222416,""start_week"":35,""duration_weeks"":7,""recovery_weeks"":1},{""target"":""corridor"",""magnitude"":0.32804313782952743,""start_week"":51,""duration_weeks"":1,""recovery_weeks"":1}]"
A,2718,582,Independent baseline,True,False,False,Adaptation-limited,Concentrated dependency,Concentrated dependency,2,0.7564561410518453,527.7710508966825,False,True,False,False,False,"[{""target"":""corridor"",""magnitude"":0.432657894211116,""start_week"":11,""duration_weeks"":1,""recovery_weeks"":4},{""target"":""corridor"",""magnitude"":0.45398822570372077,""start_week"":50,""duration_weeks"":2,""recovery_weeks"":3}]"
A,2718,583,Independent baseline,True,True,False,Structural,Concentrated dependency; Hidden convergent dependency; Propagation-amplified cascade,Hidden convergent dependency,2,0.8384461549823087,440.48845386941605,True,False,False,False,False,"[{""target"":""T2P"",""magnitude"":0.24539846051592223,""start_week"":1,""duration_weeks"":6,""recovery_weeks"":2},{""target"":""demand"",""magnitude"":0.24450272583900984,""start_week"":29,""duration_weeks"":1,""recovery_weeks"":1}]"
A,2718,584,Independent baseline,False,,False,Non-failure,Unclassified,Unclassified,3,0.8337228021582338,179.4954841947424,False,True,False,False,False,"[{""target"":""demand"",""magnitude"":0.19943942688304694,""start_week"":3,""duration_weeks"":1,""recovery_weeks"":2},{""target"":""demand"",""magnitude"":0.10403867538687862,""start_week"":10,""duration_weeks"":2,""recovery_weeks"":1},{""target"":""corridor"",""magnitude"":0.2608176780461354,""start_week"":24,""duration_weeks"":5,""recovery_weeks"":3}]"
A,2718,585,Independent baseline,False,,False,Non-failure,Unclassified,Unclassified,3,0.8929455611495022,107.90018916877375,True,True,False,False,False,"[{""target"":""demand"",""magnitude"":0.11988909907641532,""start_week"":17,""duration_weeks"":1,""recovery_weeks"":2},{""target"":""corridor"",""magnitude"":0.18784843240491644,""start_week"":32,""duration_weeks"":1,""recovery_weeks"":4},{""target"":""T2P"",""magnitude"":0.3307830585624093,""start_week"":43,""duration_weeks"":1,""recovery_weeks"":3}]"
A,2718,586,Independent baseline,False,,False,Non-failure,Unclassified,Unclassified,1,0.8605516217123282,145.8408040753875,False,False,False,False,False,"[{""target"":""demand"",""magnitude"":0.16204533786154157,""start_week"":38,""duration_weeks"":1,""recovery_weeks"":4}]"
A,2718,587,Independent baseline,True,True,False,Structural,Concentrated dependency,Concentrated dependency,5,0.8443063608778125,280.2485504199375,False,True,True,False,True,"[{""target"":""corridor"",""magnitude"":0.3667702293416406,""start_week"":4,""duration_weeks"":1,""recovery_weeks"":2},{""target"":""demand"",""magnitude"":0.13611196558495692,""start_week"":8,""duration_weeks"":3,""recovery_weeks"":3},{""target"":""corridor"",""magnitude"":0.25290376550821314,""start_week"":9,""duration_weeks"":1,""recovery_weeks"":3},{""target"":""S1A"",""magnitude"":0.275219653085047,""start_week"":19,""duration_weeks"":3,""recovery_weeks"":2},{""target"":""S1C"",""magnitude"":0.5250789648430754,""start_week"":34,""duration_weeks"":2,""recovery_weeks"":2}]"
A,2718,588,Independent baseline,True,True,False,Structural,Concentrated dependency,Concentrated dependency,5,0.6913892755639477,712.680858232712,False,True,True,False,True,"[{""target"":""corridor"",""magnitude"":0.3610763092349337,""start_week"":2,""duration_weeks"":1,""recovery_weeks"":2},{""target"":""S1C"",""magnitude"":0.24943075130661585,""start_week"":6,""duration_weeks"":10,""recovery_weeks"":2},{""target"":""corridor"",""magnitude"":0.48145804332703923,""start_week"":8,""duration_weeks"":2,""recovery_weeks"":3},{""target"":""S1A"",""magnitude"":0.3333279082370647,""start_week"":24,""duration_weeks"":1,""recovery_weeks"":1},{""target"":""S1A"",""magnitude"":0.2873473320014476,""start_week"":26,""duration_weeks"":2,""recovery_weeks"":3}]"
A,2718,589,Independent baseline,False,,False,Non-failure,Unclassified,Unclassified,3,0.9122403718416884,94.23636824748303,True,False,False,False,True,"[{""target"":""S1C"",""magnitude"":0.3352477192752872,""start_week"":3,""duration_weeks"":3,""recovery_weeks"":2},{""target"":""T2P"",""magnitude"":0.26705487330498734,""start_week"":27,""duration_weeks"":1,""recovery_weeks"":2},{""target"":""demand"",""magnitude"":0.19311211804194545,""start_week"":49,""duration_weeks"":3,""recovery_weeks"":1}]"
A,2718,590,Independent baseline,False,,False,Non-failure,Unclassified,Unclassified,4,0.8662816735440716,138.92305180367293,True,True,False,False,False,"[{""target"":""T2P"",""magnitude"":0.28206426440436805,""start_week"":2,""duration_weeks"":1,""recovery_weeks"":4},{""target"":""demand"",""magnitude"":0.15435894644852544,""start_week"":21,""duration_weeks"":1,""recovery_weeks"":3},{""target"":""corridor"",""magnitude"":0.2763984080816695,""start_week"":24,""duration_weeks"":2,""recovery_weeks"":4},{""target"":""corridor"",""magnitude"":0.24464806146768256,""start_week"":29,""duration_weeks"":1,""recovery_weeks"":2}]"
A,2718,591,Independent baseline,True,True,False,Structural,Concentrated dependency,Concentrated dependency,6,0.7600251684952799,431.95469670849616,False,True,True,True,True,"[{""target"":""S1A"",""magnitude"":0.23233517861971992,""start_week"":1,""duration_weeks"":9,""recovery_weeks"":2},{""target"":""corridor"",""magnitude"":0.42998112362854,""start_week"":7,""duration_weeks"":1,""recovery_weeks"":1},{""target"":""demand"",""magnitude"":0.09573824810210245,""start_week"":17,""duration_weeks"":9,""recovery_weeks"":2},{""target"":""S1B"",""magnitude"":0.5327661482979421,""start_week"":25,""duration_weeks"":1,""recovery_weeks"":2},{""target"":""corridor"",""magnitude"":0.3933353081606086,""start_week"":38,""duration_weeks"":2,""recovery_weeks"":2},{""target"":""S1C"",""magnitude"":0.3126199075379412,""start_week"":43,""duration_weeks"":1,""recovery_weeks"":3}]"
A,2718,592,Independent baseline,True,False,True,Adaptation-limited,Concentrated dependency,Concentrated dependency,3,0.759612539647421,649.0461429519632,True,True,True,False,False,"[{""target"":""corridor"",""magnitude"":0.43029059526443414,""start_week"":40,""duration_weeks"":2,""recovery_weeks"":2},{""target"":""S1A"",""magnitude"":0.48556045524536506,""start_week"":49,""duration_weeks"":1,""recovery_weeks"":4},{""target"":""T2P"",""magnitude"":0.3788633515863755,""start_week"":51,""duration_weeks"":2,""recovery_weeks"":1}]"
A,2718,593,Independent baseline,True,False,False,Adaptation-limited,Concentrated dependency,Concentrated dependency,4,0.774851412210864,384.256199402565,False,True,True,True,False,"[{""target"":""S1B"",""magnitude"":0.21242614013211442,""start_week"":28,""duration_weeks"":4,""recovery_weeks"":3},{""target"":""S1A"",""magnitude"":0.2762640732723498,""start_week"":36,""duration_weeks"":1,""recovery_weeks"":1},{""target"":""corridor"",""magnitude"":0.23195341140170644,""start_week"":43,""duration_weeks"":2,""recovery_weeks"":1},{""target"":""corridor"",""magnitude"":0.41886144084185195,""start_week"":46,""duration_weeks"":1,""recovery_weeks"":2}]"
A,2718,594,Independent baseline,True,True,True,Structural,Concentrated dependency,Concentrated dependency,4,0.43360609369686914,3222.8422554050144,True,False,False,False,True,"[{""target"":""demand"",""magnitude"":0.07409172057641462,""start_week"":8,""duration_weeks"":4,""recovery_weeks"":3},{""target"":""T2P"",""magnitude"":0.4967267826251066,""start_week"":11,""duration_weeks"":6,""recovery_weeks"":1},{""target"":""S1C"",""magnitude"":0.4915592059271118,""start_week"":15,""duration_weeks"":5,""recovery_weeks"":4},{""target"":""demand"",""magnitude"":0.2896323918842543,""start_week"":17,""duration_weeks"":1,""recovery_weeks"":4}]"
A,2718,595,Independent baseline,True,True,True,Structural,Concentrated dependency,Concentrated dependency,3,0.7715086803321634,1465.4552689221373,True,False,False,False,True,"[{""target"":""demand"",""magnitude"":0.296161696546904,""start_week"":8,""duration_weeks"":9,""recovery_weeks"":1},{""target"":""S1C"",""magnitude"":0.3643996925520766,""start_week"":27,""duration_weeks"":4,""recovery_weeks"":2},{""target"":""T2P"",""magnitude"":0.2777352484439941,""start_week"":38,""duration_weeks"":9,""recovery_weeks"":4}]"
A,2718,596,Independent baseline,False,,False,Non-failure,Unclassified,Unclassified,0,1.0,0.0,False,False,False,False,False,[]
A,2718,597,Independent baseline,False,,False,Non-failure,Unclassified,Unclassified,3,0.9852018368550713,66.59173415217879,False,True,True,False,False,"[{""target"":""corridor"",""magnitude"":0.2610986223586964,""start_week"":6,""duration_weeks"":4,""recovery_weeks"":1},{""target"":""S1A"",""magnitude"":0.18586719907145502,""start_week"":15,""duration_weeks"":8,""recovery_weeks"":1},{""target"":""corridor"",""magnitude"":0.22174021047849712,""start_week"":44,""duration_weeks"":1,""recovery_weeks"":4}]"
A,2718,598,Independent baseline,False,,False,Non-failure,Unclassified,Unclassified,1,0.894803722300407,105.80717041077378,False,False,False,False,False,"[{""target"":""demand"",""magnitude"":0.11756352267863741,""start_week"":44,""duration_weeks"":1,""recovery_weeks"":1}]"
A,2718,599,Independent baseline,True,True,False,Structural,Concentrated dependency; Hidden convergent dependency; Propagation-amplified cascade,Hidden convergent dependency,1,0.856388807607063,448.6256218059667,True,False,False,False,False,"[{""target"":""T2P"",""magnitude"":0.2292500731536431,""start_week"":16,""duration_weeks"":7,""recovery_weeks"":2}]"
A,2718,600,Independent baseline,True,False,False,Adaptation-limited,Concentrated dependency,Concentrated dependency,1,0.7535103488548592,443.68137206125346,False,True,False,False,False,"[{""target"":""corridor"",""magnitude"":0.43486723835885555,""start_week"":49,""duration_weeks"":7,""recovery_weeks"":1}]"
A,2718,601,Independent baseline,True,True,True,Structural,Concentrated dependency,Concentrated dependency,4,0.5395679633378742,3047.902626587233,False,True,False,False,True,"[{""target"":""corridor"",""magnitude"":0.26190466987038263,""start_week"":12,""duration_weeks"":2,""recovery_weeks"":2},{""target"":""corridor"",""magnitude"":0.4458897596028025,""start_week"":31,""duration_weeks"":10,""recovery_weeks"":3},{""target"":""corridor"",""magnitude"":0.26968328141106784,""start_week"":37,""duration_weeks"":1,""recovery_weeks"":2},{""target"":""S1C"",""magnitude"":0.40611229551690675,""start_week"":43,""duration_weeks"":1,""recovery_weeks"":1}]"
A,2718,602,Independent baseline,False,,False,Non-failure,Unclassified,Unclassified,1,0.8592887004689367,147.3779062948763,False,False,False,False,False,"[{""target"":""demand"",""magnitude"":0.1637532292165293,""start_week"":48,""duration_weeks"":10,""recovery_weeks"":1}]"
A,2718,603,Independent baseline,True,True,True,Structural,Concentrated dependency; Hidden convergent dependency; Propagation-amplified cascade,Hidden convergent dependency,3,0.2866146057665081,4778.408547266778,True,False,False,False,False,"[{""target"":""T2P"",""magnitude"":0.36102413500204045,""start_week"":23,""duration_weeks"":3,""recovery_weeks"":1},{""target"":""T2P"",""magnitude"":0.5963022090189884,""start_week"":25,""duration_weeks"":7,""recovery_weeks"":4},{""target"":""demand"",""magnitude"":0.22346548235191444,""start_week"":51,""duration_weeks"":2,""recovery_weeks"":2}]"
A,2718,604,Independent baseline,False,,False,Non-failure,Unclassified,Unclassified,3,0.8253353168233587,190.46587690445494,False,False,False,False,True,"[{""target"":""S1C"",""magnitude"":0.2496492421270523,""start_week"":3,""duration_weeks"":1,""recovery_weeks"":3},{""target"":""demand"",""magnitude"":0.21162875211606103,""start_week"":21,""duration_weeks"":1,""recovery_weeks"":2},{""target"":""demand"",""magnitude"":0.09863328994983031,""start_week"":46,""duration_weeks"":6,""recovery_weeks"":1}]"
A,2718,605,Independent baseline,False,,False,Non-failure,Unclassified,Unclassified,1,0.8510984004475065,222.0135195240157,True,False,False,False,False,"[{""target"":""T2P"",""magnitude"":0.37600415985354324,""start_week"":3,""duration_weeks"":1,""recovery_weeks"":4}]"
A,2718,606,Independent baseline,False,,False,Non-failure,Unclassified,Unclassified,1,0.99267439840142,13.18608287744405,False,False,True,False,False,"[{""target"":""S1A"",""magnitude"":0.26648260359680503,""start_week"":36,""duration_weeks"":1,""recovery_weeks"":3}]"
A,2718,607,Independent baseline,False,,False,Non-failure,Unclassified,Unclassified,5,0.9190846228306401,134.8297307907253,False,True,True,False,False,"[{""target"":""S1A"",""magnitude"":0.2635224351426532,""start_week"":3,""duration_weeks"":1,""recovery_weeks"":2},{""target"":""corridor"",""magnitude"":0.31068653287701986,""start_week"":19,""duration_weeks"":1,""recovery_weeks"":3},{""target"":""demand"",""magnitude"":0.09471605282305048,""start_week"":28,""duration_weeks"":5,""recovery_weeks"":3},{""target"":""demand"",""magnitude"":0.1712650556581093,""start_week"":41,""duration_weeks"":2,""recovery_weeks"":1},{""target"":""corridor"",""magnitude"":0.2320393511304642,""start_week"":48,""duration_weeks"":1,""recovery_weeks"":2}]"
A,2718,608,Independent baseline,False,,False,Non-failure,Unclassified,Unclassified,0,1.0,0.0,False,False,False,False,False,[]
A,2718,609,Independent baseline,True,True,False,Structural,Concentrated dependency; Hidden convergent dependency; Propagation-amplified cascade,Hidden convergent dependency,4,0.8697887055652235,228.92623743474132,True,True,False,False,True,"[{""target"":""T2P"",""magnitude"":0.21719016499129878,""start_week"":2,""duration_weeks"":6,""recovery_weeks"":2},{""target"":""corridor"",""magnitude"":0.2444248593151373,""start_week"":3,""duration_weeks"":7,""recovery_weeks"":1},{""target"":""S1C"",""magnitude"":0.40946248522232853,""start_week"":36,""duration_weeks"":2,""recovery_weeks"":4},{""target"":""demand"",""magnitude"":0.06906877409350337,""start_week"":40,""duration_weeks"":4,""recovery_weeks"":1}]"
A,2718,610,Independent baseline,False,,False,Non-failure,Unclassified,Unclassified,4,0.9424440372351081,134.9482359016681,True,True,True,False,False,"[{""target"":""corridor"",""magnitude"":0.2624952070279323,""start_week"":9,""duration_weeks"":8,""recovery_weeks"":2},{""target"":""S1A"",""magnitude"":0.404570757916781,""start_week"":15,""duration_weeks"":11,""recovery_weeks"":4},{""target"":""demand"",""magnitude"":0.15516926521209906,""start_week"":32,""duration_weeks"":4,""recovery_weeks"":1},{""target"":""T2P"",""magnitude"":0.26495641314804746,""start_week"":49,""duration_weeks"":1,""recovery_weeks"":2}]"
A,2718,611,Independent baseline,True,True,False,Structural,Concentrated dependency,Concentrated dependency,1,0.8333709173722715,299.93234872991115,False,False,True,False,False,"[{""target"":""S1A"",""magnitude"":0.6249154359123891,""start_week"":25,""duration_weeks"":1,""recovery_weeks"":2}]"
A,2718,612,Independent baseline,False,,False,Non-failure,Unclassified,Unclassified,2,0.871859123333597,191.96073399857517,True,False,False,False,False,"[{""target"":""T2P"",""magnitude"":0.3229901834996439,""start_week"":37,""duration_weeks"":2,""recovery_weeks"":3},{""target"":""demand"",""magnitude"":0.07598655199558427,""start_week"":51,""duration_weeks"":2,""recovery_weeks"":3}]"
A,2718,613,Independent baseline,True,True,True,Structural,Concentrated dependency; Hidden convergent dependency; Propagation-amplified cascade,Hidden convergent dependency,4,0.5470108978131352,666.9353067199299,True,True,False,False,True,"[{""target"":""T2P"",""magnitude"":0.5076901919681784,""start_week"":10,""duration_weeks"":2,""recovery_weeks"":1},{""target"":""S1C"",""magnitude"":0.24077874485824818,""start_week"":26,""duration_weeks"":7,""recovery_weeks"":2},{""target"":""corridor"",""magnitude"":0.4079433088493152,""start_week"":46,""duration_weeks"":2,""recovery_weeks"":2},{""target"":""demand"",""magnitude"":0.11018855270133086,""start_week"":47,""duration_weeks"":1,""recovery_weeks"":1}]"
A,2718,614,Independent baseline,False,,False,Non-failure,Unclassified,Unclassified,2,0.7858248761385259,277.50280121435526,True,True,False,False,False,"[{""target"":""corridor"",""magnitude"":0.27029190793953994,""start_week"":24,""duration_weeks"":6,""recovery_weeks"":4},{""target"":""T2P"",""magnitude"":0.2927576114753267,""start_week"":34,""duration_weeks"":4,""recovery_weeks"":1}]"
A,2718,615,Independent baseline,True,False,False,Adaptation-limited,Concentrated dependency; Propagation-amplified cascade; Recovery lag and temporal overlap,Propagation-amplified cascade,4,0.691062292522334,327.89345842178534,True,True,True,False,False,"[{""target"":""S1A"",""magnitude"":0.3671748279988196,""start_week"":24,""duration_weeks"":2,""recovery_weeks"":1},{""target"":""T2P"",""magnitude"":0.4291357031762659,""start_week"":30,""duration_weeks"":2,""recovery_weeks"":1},{""target"":""corridor"",""magnitude"":0.3678925823219102,""start_week"":45,""duration_weeks"":1,""recovery_weeks"":1},{""target"":""demand"",""magnitude"":0.08052847824955608,""start_week"":46,""duration_weeks"":1,""recovery_weeks"":2}]"
A,2718,616,Independent baseline,False,,False,Non-failure,Unclassified,Unclassified,2,0.8805151367597859,190.72480908277316,True,False,True,False,False,"[{""target"":""T2P"",""magnitude"":0.36637686433316113,""start_week"":18,""duration_weeks"":1,""recovery_weeks"":4},{""target"":""S1A"",""magnitude"":0.22041498274715532,""start_week"":22,""duration_weeks"":4,""recovery_weeks"":2}]"
A,2718,617,Independent baseline,False,,False,Non-failure,Unclassified,Unclassified,1,0.9630381682110967,66.53129722002609,False,False,False,True,False,"[{""target"":""S1B"",""magnitude"":0.3331641215250326,""start_week"":33,""duration_weeks"":1,""recovery_weeks"":2}]"
A,2718,618,Independent baseline,True,True,True,Structural,Concentrated dependency; Recovery lag and temporal overlap,Recovery lag and temporal overlap,5,0.3822016500142868,3142.324321954674,False,True,True,False,False,"[{""target"":""S1A"",""magnitude"":0.4666665598593892,""start_week"":4,""duration_weeks"":1,""recovery_weeks"":4},{""target"":""corridor"",""magnitude"":0.5092529350577629,""start_week"":7,""duration_weeks"":6,""recovery_weeks"":1},{""target"":""corridor"",""magnitude"":0.4158880246294391,""start_week"":11,""duration_weeks"":2,""recovery_weeks"":4},{""target"":""demand"",""magnitude"":0.12524734834045706,""start_week"":35,""duration_weeks"":2,""recovery_weeks"":3},{""target"":""corridor"",""magnitude"":0.5648678877831693,""start_week"":36,""duration_weeks"":1,""recovery_weeks"":2}]"
A,2718,619,Independent baseline,False,,False,Non-failure,Unclassified,Unclassified,3,0.7512440042321741,311.19379555621754,True,True,False,False,False,"[{""target"":""T2P"",""magnitude"":0.37462679873034777,""start_week"":23,""duration_weeks"":2,""recovery_weeks"":2},{""target"":""corridor"",""magnitude"":0.4081969584062781,""start_week"":36,""duration_weeks"":1,""recovery_weeks"":1},{""target"":""corridor"",""magnitude"":0.3016972012370144,""start_week"":44,""duration_weeks"":4,""recovery_weeks"":1}]"
A,2718,620,Independent baseline,False,,False,Non-failure,Unclassified,Unclassified,4,0.8481663781833234,161.1125637020632,True,False,False,True,False,"[{""target"":""demand"",""magnitude"":0.17901395966895906,""start_week"":8,""duration_weeks"":2,""recovery_weeks"":2},{""target"":""S1B"",""magnitude"":0.23853430992406616,""start_week"":16,""duration_weeks"":1,""recovery_weeks"":2},{""target"":""T2P"",""magnitude"":0.23736934171293195,""start_week"":30,""duration_weeks"":2,""recovery_weeks"":3},{""target"":""S1B"",""magnitude"":0.28439475746404236,""start_week"":35,""duration_weeks"":1,""recovery_weeks"":4}]"
A,2718,621,Independent baseline,True,True,False,Structural,Concentrated dependency,Concentrated dependency,5,0.880204303618516,705.1285071265954,False,True,False,False,True,"[{""target"":""corridor"",""magnitude"":0.17179480373841866,""start_week"":8,""duration_weeks"":3,""recovery_weeks"":3},{""target"":""S1C"",""magnitude"":0.3193080939178178,""start_week"":27,""duration_weeks"":1,""recovery_weeks"":4},{""target"":""corridor"",""magnitude"":0.3398467722861129,""start_week"":34,""duration_weeks"":6,""recovery_weeks"":4},{""target"":""corridor"",""magnitude"":0.20771186542642728,""start_week"":43,""duration_weeks"":1,""recovery_weeks"":2},{""target"":""corridor"",""magnitude"":0.19037653508854593,""start_week"":45,""duration_weeks"":1,""recovery_weeks"":2}]"
A,2718,622,Independent baseline,False,,False,Non-failure,Unclassified,Unclassified,0,1.0,0.0,False,False,False,False,False,[]
A,2718,623,Independent baseline,False,,False,Non-failure,Unclassified,Unclassified,0,1.0,0.0,False,False,False,False,False,[]
A,2718,624,Independent baseline,True,True,False,Structural,Concentrated dependency,Concentrated dependency,6,0.713092552393589,347.14683067081205,True,True,True,False,False,"[{""target"":""demand"",""magnitude"":0.11512267184711243,""start_week"":1,""duration_weeks"":8,""recovery_weeks"":2},{""target"":""corridor"",""magnitude"":0.3126340201915523,""start_week"":6,""duration_weeks"":1,""recovery_weeks"":3},{""target"":""corridor"",""magnitude"":0.32508281329316013,""start_week"":14,""duration_weeks"":5,""recovery_weeks"":1},{""target"":""T2P"",""magnitude"":0.37786025565008474,""start_week"":29,""duration_weeks"":2,""recovery_weeks"":2},{""target"":""demand"",""magnitude"":0.12021659404288602,""start_week"":31,""duration_weeks"":2,""recovery_weeks"":1},{""target"":""S1A"",""magnitude"":0.2296798101595569,""start_week"":32,""duration_weeks"":1,""recovery_weeks"":4}]"
A,2718,625,Independent baseline,False,,False,Non-failure,Unclassified,Unclassified,3,0.9189489346420757,218.83787646639553,False,True,True,False,False,"[{""target"":""corridor"",""magnitude"":0.3107882990184432,""start_week"":31,""duration_weeks"":2,""recovery_weeks"":4},{""target"":""S1A"",""magnitude"":0.3138492681297008,""start_week"":34,""duration_weeks"":1,""recovery_weeks"":1},{""target"":""corridor"",""magnitude"":0.24245636729156264,""start_week"":42,""duration_weeks"":2,""recovery_weeks"":3}]"
A,2718,626,Independent baseline,False,,False,Non-failure,Unclassified,Unclassified,0,1.0,0.0,False,False,False,False,False,[]
A,2718,627,Independent baseline,False,,False,Non-failure,Unclassified,Unclassified,2,1.0,0.0,False,True,True,False,False,"[{""target"":""S1A"",""magnitude"":0.15465338049919297,""start_week"":28,""duration_weeks"":3,""recovery_weeks"":3},{""target"":""corridor"",""magnitude"":0.40608275900801094,""start_week"":51,""duration_weeks"":1,""recovery_weeks"":4}]"
A,2718,628,Independent baseline,False,,False,Non-failure,Unclassified,Unclassified,1,1.0,0.0,False,True,False,False,False,"[{""target"":""corridor"",""magnitude"":0.18111686582164094,""start_week"":29,""duration_weeks"":2,""recovery_weeks"":1}]"
A,2718,629,Independent baseline,True,True,True,Structural,Concentrated dependency,Concentrated dependency,2,0.6686993746037443,1887.803752377534,False,True,False,False,False,"[{""target"":""corridor"",""magnitude"":0.49847546904719175,""start_week"":27,""duration_weeks"":5,""recovery_weeks"":3},{""target"":""corridor"",""magnitude"":0.2587668450445426,""start_week"":38,""duration_weeks"":4,""recovery_weeks"":2}]"
A,2718,630,Independent baseline,False,,False,Non-failure,Unclassified,Unclassified,1,1.0,0.0,True,False,False,False,False,"[{""target"":""T2P"",""magnitude"":0.1679399453085449,""start_week"":46,""duration_weeks"":1,""recovery_weeks"":1}]"
A,2718,631,Independent baseline,True,True,True,Structural,Hidden convergent dependency; Compounding moderate disturbance,Hidden convergent dependency,5,0.7471324567030924,1150.0421151773644,True,True,True,False,False,"[{""target"":""demand"",""magnitude"":0.2808020988368583,""start_week"":13,""duration_weeks"":3,""recovery_weeks"":1},{""target"":""T2P"",""magnitude"":0.2379824027261087,""start_week"":14,""duration_weeks"":2,""recovery_weeks"":2},{""target"":""demand"",""magnitude"":0.13324780846682246,""start_week"":19,""duration_weeks"":3,""recovery_weeks"":1},{""target"":""corridor"",""magnitude"":0.3836720087428298,""start_week"":27,""duration_weeks"":2,""recovery_weeks"":4},{""target"":""S1A"",""magnitude"":0.18194312782084152,""start_week"":39,""duration_weeks"":3,""recovery_weeks"":4}]"
A,2718,632,Independent baseline,True,True,False,Structural,Concentrated dependency; Hidden convergent dependency; Propagation-amplified cascade,Hidden convergent dependency,4,0.8287481701194659,2019.0624534647357,True,True,False,False,False,"[{""target"":""T2P"",""magnitude"":0.3388355291899744,""start_week"":14,""duration_weeks"":2,""recovery_weeks"":4},{""target"":""T2P"",""magnitude"":0.19791786517668772,""start_week"":22,""duration_weeks"":4,""recovery_weeks"":3},{""target"":""corridor"",""magnitude"":0.35951300500521494,""start_week"":28,""duration_weeks"":11,""recovery_weeks"":4},{""target"":""T2P"",""magnitude"":0.34926174322634795,""start_week"":31,""duration_weeks"":1,""recovery_weeks"":4}]"
A,2718,633,Independent baseline,False,,False,Non-failure,Unclassified,Unclassified,2,0.6743456193379113,293.08894259587987,True,True,False,False,False,"[{""target"":""T2P"",""magnitude"":0.4305011600061389,""start_week"":47,""duration_weeks"":1,""recovery_weeks"":1},{""target"":""corridor"",""magnitude"":0.4942407854965666,""start_week"":50,""duration_weeks"":2,""recovery_weeks"":1}]"
A,2718,634,Independent baseline,True,True,True,Structural,Concentrated dependency; Hidden convergent dependency; Propagation-amplified cascade,Hidden convergent dependency,3,0.6382566478126236,1001.8549728327837,True,False,False,True,False,"[{""target"":""T2P"",""magnitude"":0.4255690169686387,""start_week"":12,""duration_weeks"":3,""recovery_weeks"":1},{""target"":""T2P"",""magnitude"":0.343122138976112,""start_week"":41,""duration_weeks"":7,""recovery_weeks"":4},{""target"":""S1B"",""magnitude"":0.31364656661565016,""start_week"":47,""duration_weeks"":5,""recovery_weeks"":1}]"
A,2718,635,Independent baseline,False,,False,Non-failure,Unclassified,Unclassified,2,0.8930384197881981,107.79538713849843,True,False,False,False,False,"[{""target"":""T2P"",""magnitude"":0.27069255853873203,""start_week"":35,""duration_weeks"":1,""recovery_weeks"":1},{""target"":""demand"",""magnitude"":0.11977265237610926,""start_week"":38,""duration_weeks"":1,""recovery_weeks"":4}]"
A,2718,636,Independent baseline,True,True,True,Structural,Concentrated dependency; Hidden convergent dependency; Propagation-amplified cascade,Hidden convergent dependency,3,0.7809719409788846,975.0855270313662,True,False,False,False,False,"[{""target"":""T2P"",""magnitude"":0.31825221839830875,""start_week"":9,""duration_weeks"":2,""recovery_weeks"":3},{""target"":""demand"",""magnitude"":0.06279353067275792,""start_week"":16,""duration_weeks"":2,""recovery_weeks"":4},{""target"":""T2P"",""magnitude"":0.29712525311900384,""start_week"":32,""duration_weeks"":7,""recovery_weeks"":3}]"
A,2718,637,Independent baseline,False,,False,Non-failure,Unclassified,Unclassified,2,0.8686703719383956,136.06618698378543,True,False,False,False,False,"[{""target"":""demand"",""magnitude"":0.1511846522042058,""start_week"":12,""duration_weeks"":2,""recovery_weeks"":3},{""target"":""T2P"",""magnitude"":0.3198830264236152,""start_week"":31,""duration_weeks"":1,""recovery_weeks"":2}]"
A,2718,638,Independent baseline,True,False,False,Adaptation-limited,Concentrated dependency; Hidden convergent dependency; Propagation-amplified cascade,Hidden convergent dependency,1,0.808396146074269,516.289790221053,True,False,False,False,False,"[{""target"":""T2P"",""magnitude"":0.27244346853315793,""start_week"":4,""duration_weeks"":5,""recovery_weeks"":3}]"
A,2718,639,Independent baseline,True,True,True,Structural,Concentrated dependency; Hidden convergent dependency,Hidden convergent dependency,5,0.6260750507126486,1400.7364330058215,True,True,False,False,False,"[{""target"":""T2P"",""magnitude"":0.289314195161285,""start_week"":9,""duration_weeks"":1,""recovery_weeks"":3},{""target"":""demand"",""magnitude"":0.24639043417376488,""start_week"":20,""duration_weeks"":1,""recovery_weeks"":2},{""target"":""T2P"",""magnitude"":0.4365324543586163,""start_week"":33,""duration_weeks"":3,""recovery_weeks"":4},{""target"":""corridor"",""magnitude"":0.18250203521124242,""start_week"":41,""duration_weeks"":5,""recovery_weeks"":1},{""target"":""T2P"",""magnitude"":0.2536603631240101,""start_week"":42,""duration_weeks"":2,""recovery_weeks"":4}]"
A,2718,640,Independent baseline,True,True,True,Structural,Concentrated dependency,Concentrated dependency,8,0.4158445242998581,5271.191784484547,True,True,True,True,False,"[{""target"":""S1B"",""magnitude"":0.4960236346828878,""start_week"":3,""duration_weeks"":2,""recovery_weeks"":1},{""target"":""T2P"",""magnitude"":0.24700954404864667,""start_week"":17,""duration_weeks"":6,""recovery_weeks"":2},{""target"":""corridor"",""magnitude"":0.4811569549372203,""start_week"":18,""duration_weeks"":8,""recovery_weeks"":1},{""target"":""S1A"",""magnitude"":0.2520420215160217,""start_week"":36,""duration_weeks"":3,""recovery_weeks"":1},{""target"":""T2P"",""magnitude"":0.5649067181505606,""start_week"":37,""duration_weeks"":2,""recovery_weeks"":3},{""target"":""corridor"",""magnitude"":0.46437283502297944,""start_week"":39,""duration_weeks"":6,""recovery_weeks"":1},{""target"":""T2P"",""magnitude"":0.37022420692816677,""start_week"":40,""duration_weeks"":4,""recovery_weeks"":4},{""target"":""T2P"",""magnitude"":0.40572490085025625,""start_week"":44,""duration_weeks"":3,""recovery_weeks"":1}]"
A,2718,641,Independent baseline,True,True,True,Structural,Concentrated dependency,Concentrated dependency,2,0.8304075280840905,457.89967417295566,False,True,False,False,False,"[{""target"":""corridor"",""magnitude"":0.377194353936932,""start_week"":3,""duration_weeks"":2,""recovery_weeks"":2},{""target"":""corridor"",""magnitude"":0.2378647538384818,""start_week"":40,""duration_weeks"":4,""recovery_weeks"":4}]"
A,2718,642,Independent baseline,False,,False,Non-failure,Unclassified,Unclassified,2,0.8038182096805451,244.5362507937922,True,True,False,False,False,"[{""target"":""T2P"",""magnitude"":0.4148454169312641,""start_week"":1,""duration_weeks"":1,""recovery_weeks"":3},{""target"":""corridor"",""magnitude"":0.2359600489526254,""start_week"":13,""duration_weeks"":2,""recovery_weeks"":2}]"
A,2718,643,Independent baseline,True,True,True,Structural,Concentrated dependency; Recovery lag and temporal overlap,Recovery lag and temporal overlap,3,0.7243305455703155,649.8936562811128,False,True,True,False,False,"[{""target"":""S1A"",""magnitude"":0.457343837412579,""start_week"":10,""duration_weeks"":1,""recovery_weeks"":2},{""target"":""demand"",""magnitude"":0.0794013325011419,""start_week"":15,""duration_weeks"":1,""recovery_weeks"":1},{""target"":""corridor"",""magnitude"":0.4567520908222633,""start_week"":16,""duration_weeks"":2,""recovery_weeks"":2}]"
A,2718,644,Independent baseline,False,,False,Non-failure,Unclassified,Unclassified,2,0.8167645241996758,344.14975050164435,False,False,True,False,False,"[{""target"":""demand"",""magnitude"":0.2243430883336558,""start_week"":17,""duration_weeks"":4,""recovery_weeks"":3},{""target"":""S1A"",""magnitude"":0.32806706118014634,""start_week"":38,""duration_weeks"":1,""recovery_weeks"":4}]"
A,2718,645,Independent baseline,True,True,True,Structural,Concentrated dependency,Concentrated dependency,3,0.53817074680089,2207.6291718564153,False,True,False,False,False,"[{""target"":""corridor"",""magnitude"":0.213278784778044,""start_week"":1,""duration_weeks"":4,""recovery_weeks"":1},{""target"":""demand"",""magnitude"":0.1667296102909797,""start_week"":34,""duration_weeks"":10,""recovery_weeks"":3},{""target"":""corridor"",""magnitude"":0.529075190736244,""start_week"":39,""duration_weeks"":3,""recovery_weeks"":2}]"
A,2718,646,Independent baseline,False,,False,Non-failure,Unclassified,Unclassified,0,1.0,0.0,False,False,False,False,False,[]
A,2718,647,Independent baseline,True,True,False,Structural,Concentrated dependency,Concentrated dependency,5,0.8069570871681592,347.4772430973135,False,True,True,True,True,"[{""target"":""corridor"",""magnitude"":0.39478218462388065,""start_week"":5,""duration_weeks"":1,""recovery_weeks"":1},{""target"":""S1A"",""magnitude"":0.3593954703494553,""start_week"":12,""duration_weeks"":1,""recovery_weeks"":3},{""target"":""corridor"",""magnitude"":0.16376772787791596,""start_week"":27,""duration_weeks"":1,""recovery_weeks"":2},{""target"":""S1C"",""magnitude"":0.2859916702544178,""start_week"":33,""duration_weeks"":3,""recovery_weeks"":4},{""target"":""S1B"",""magnitude"":0.33417154560212753,""start_week"":47,""duration_weeks"":6,""recovery_weeks"":3}]"
A,2718,648,Independent baseline,False,,False,Non-failure,Unclassified,Unclassified,2,0.8024431242754093,286.2992666934879,False,False,False,False,True,"[{""target"":""demand"",""magnitude"":0.2461942407481913,""start_week"":45,""duration_weeks"":3,""recovery_weeks"":1},{""target"":""S1C"",""magnitude"":0.3016205724027178,""start_week"":48,""duration_weeks"":10,""recovery_weeks"":3}]"
A,2718,649,Independent baseline,True,True,True,Structural,Hidden convergent dependency; Compounding moderate disturbance; Propagation-amplified cascade; Recovery lag and temporal overlap,Hidden convergent dependency,4,0.7006238570135168,1178.4293329868033,True,False,False,False,False,"[{""target"":""T2P"",""magnitude"":0.3122508541810123,""start_week"":9,""duration_weeks"":2,""recovery_weeks"":4},{""target"":""T2P"",""magnitude"":0.23903166404853382,""start_week"":13,""duration_weeks"":1,""recovery_weeks"":3},{""target"":""T2P"",""magnitude"":0.3694385286878348,""start_week"":31,""duration_weeks"":5,""recovery_weeks"":4},{""target"":""demand"",""magnitude"":0.22468080528270024,""start_week"":49,""duration_weeks"":1,""recovery_weeks"":1}]"
A,2718,650,Independent baseline,False,,False,Non-failure,Unclassified,Unclassified,3,0.8281371229895107,216.12741769270724,False,False,True,True,False,"[{""target"":""S1B"",""magnitude"":0.2527269403405312,""start_week"":15,""duration_weeks"":1,""recovery_weeks"":3},{""target"":""demand"",""magnitude"":0.20606599896134614,""start_week"":17,""duration_weeks"":3,""recovery_weeks"":2},{""target"":""S1A"",""magnitude"":0.2197311912063905,""start_week"":46,""duration_weeks"":16,""recovery_weeks"":2}]"
A,2718,651,Independent baseline,False,,False,Non-failure,Unclassified,Unclassified,2,0.9137869294369769,84.91231490313442,True,False,False,False,False,"[{""target"":""demand"",""magnitude"":0.0943470165590381,""start_week"":16,""duration_weeks"":3,""recovery_weeks"":2},{""target"":""T2P"",""magnitude"":0.26704714591852285,""start_week"":44,""duration_weeks"":2,""recovery_weeks"":3}]"
A,2718,652,Independent baseline,True,True,True,Structural,Concentrated dependency,Concentrated dependency,4,0.6865181950461445,1274.9646879474344,False,True,False,True,False,"[{""target"":""corridor"",""magnitude"":0.3458323341142632,""start_week"":20,""duration_weeks"":5,""recovery_weeks"":2},{""target"":""corridor"",""magnitude"":0.21291027799814277,""start_week"":21,""duration_weeks"":2,""recovery_weeks"":2},{""target"":""demand"",""magnitude"":0.1276047162296387,""start_week"":32,""duration_weeks"":1,""recovery_weeks"":4},{""target"":""S1B"",""magnitude"":0.5633744688077366,""start_week"":40,""duration_weeks"":10,""recovery_weeks"":4}]"
A,2718,653,Independent baseline,False,,False,Non-failure,Unclassified,Unclassified,2,0.893196570312618,107.61694560134822,False,False,False,False,False,"[{""target"":""demand"",""magnitude"":0.11957438400149809,""start_week"":24,""duration_weeks"":5,""recovery_weeks"":1},{""target"":""demand"",""magnitude"":0.07638536897665434,""start_week"":47,""duration_weeks"":4,""recovery_weeks"":2}]"
A,2718,654,Independent baseline,True,True,True,Structural,Concentrated dependency; Hidden convergent dependency; Propagation-amplified cascade,Hidden convergent dependency,2,0.5106579967340846,688.8446059836084,True,False,False,False,False,"[{""target"":""T2P"",""magnitude"":0.2785126141311478,""start_week"":33,""duration_weeks"":6,""recovery_weeks"":2},{""target"":""T2P"",""magnitude"":0.5404078029393238,""start_week"":47,""duration_weeks"":2,""recovery_weeks"":4}]"
A,2718,655,Independent baseline,True,True,True,Structural,Concentrated dependency,Concentrated dependency,2,0.29500982721095953,3143.236952061903,False,True,False,False,False,"[{""target"":""corridor"",""magnitude"":0.6255803809055112,""start_week"":12,""duration_weeks"":4,""recovery_weeks"":4},{""target"":""corridor"",""magnitude"":0.4090657670575135,""start_week"":13,""duration_weeks"":1,""recovery_weeks"":3}]"
A,2718,656,Independent baseline,False,,False,Non-failure,Unclassified,Unclassified,0,1.0,0.0,False,False,False,False,False,[]
A,2718,657,Independent baseline,False,,False,Non-failure,Unclassified,Unclassified,3,1.0,0.0,True,False,True,False,False,"[{""target"":""T2P"",""magnitude"":0.2497369518978661,""start_week"":25,""duration_weeks"":1,""recovery_weeks"":1},{""target"":""S1A"",""magnitude"":0.1812146659925402,""start_week"":42,""duration_weeks"":1,""recovery_weeks"":4},{""target"":""T2P"",""magnitude"":0.28579153263112056,""start_week"":51,""duration_weeks"":1,""recovery_weeks"":4}]"
A,2718,658,Independent baseline,False,,False,Non-failure,Unclassified,Unclassified,2,0.9271643151553904,152.95493817368015,False,False,False,False,True,"[{""target"":""S1C"",""magnitude"":0.23802926942942942,""start_week"":24,""duration_weeks"":4,""recovery_weeks"":3},{""target"":""S1C"",""magnitude"":0.4138802909003716,""start_week"":33,""duration_weeks"":5,""recovery_weeks"":1}]"
A,2718,659,Independent baseline,True,True,False,Structural,Concentrated dependency; Hidden convergent dependency; Propagation-amplified cascade,Hidden convergent dependency,3,0.8084333217442538,338.7881386895999,True,False,False,False,True,"[{""target"":""T2P"",""magnitude"":0.2931025026075429,""start_week"":27,""duration_weeks"":3,""recovery_weeks"":4},{""target"":""S1C"",""magnitude"":0.20765244581571612,""start_week"":39,""duration_weeks"":1,""recovery_weeks"":3},{""target"":""S1C"",""magnitude"":0.22442310176243274,""start_week"":45,""duration_weeks"":1,""recovery_weeks"":2}]"
A,2718,660,Independent baseline,False,,False,Non-failure,Unclassified,Unclassified,1,0.8485927877290442,160.57936505509178,False,False,False,False,False,"[{""target"":""demand"",""magnitude"":0.17842151672787987,""start_week"":36,""duration_weeks"":2,""recovery_weeks"":2}]"
A,2718,661,Independent baseline,True,False,True,Adaptation-limited,Concentrated dependency,Concentrated dependency,1,0.7844019635214777,776.15293132268,False,True,False,False,False,"[{""target"":""corridor"",""magnitude"":0.41169852735889156,""start_week"":11,""duration_weeks"":3,""recovery_weeks"":2}]"
A,2718,662,Independent baseline,False,,False,Non-failure,Unclassified,Unclassified,3,0.9599693977173269,72.05508410881157,True,False,True,False,False,"[{""target"":""S1A"",""magnitude"":0.34006885513601426,""start_week"":29,""duration_weeks"":1,""recovery_weeks"":2},{""target"":""demand"",""magnitude"":0.09149192103119044,""start_week"":43,""duration_weeks"":3,""recovery_weeks"":4},{""target"":""T2P"",""magnitude"":0.29293731271698675,""start_week"":48,""duration_weeks"":1,""recovery_weeks"":2}]"
A,2718,663,Independent baseline,False,,False,Non-failure,Unclassified,Unclassified,2,0.8555564788385335,151.94691672699514,True,False,False,False,False,"[{""target"":""demand"",""magnitude"":0.16882990747443904,""start_week"":32,""duration_weeks"":1,""recovery_weeks"":4},{""target"":""T2P"",""magnitude"":0.5053585254221107,""start_week"":49,""duration_weeks"":2,""recovery_weeks"":4}]"
A,2718,664,Independent baseline,False,,False,Non-failure,Unclassified,Unclassified,2,0.9831269228919636,30.37153879446555,False,True,False,False,False,"[{""target"":""corridor"",""magnitude"":0.26265480783102735,""start_week"":20,""duration_weeks"":1,""recovery_weeks"":1},{""target"":""corridor"",""magnitude"":0.23878459173876093,""start_week"":44,""duration_weeks"":1,""recovery_weeks"":2}]"
A,2718,665,Independent baseline,False,,False,Non-failure,Unclassified,Unclassified,1,1.0,0.0,False,True,False,False,False,"[{""target"":""corridor"",""magnitude"":0.16348491140915614,""start_week"":49,""duration_weeks"":2,""recovery_weeks"":3}]"
A,2718,666,Independent baseline,False,,False,Non-failure,Unclassified,Unclassified,3,0.9529256749440788,254.20135530197467,True,True,False,False,False,"[{""target"":""T2P"",""magnitude"":0.20862089858219315,""start_week"":1,""duration_weeks"":2,""recovery_weeks"":3},{""target"":""corridor"",""magnitude"":0.28530574379194096,""start_week"":29,""duration_weeks"":5,""recovery_weeks"":1},{""target"":""corridor"",""magnitude"":0.24383043399535653,""start_week"":51,""duration_weeks"":1,""recovery_weeks"":1}]"
A,2718,667,Independent baseline,False,,False,Non-failure,Unclassified,Unclassified,1,1.0,0.0,True,False,False,False,False,"[{""target"":""T2P"",""magnitude"":0.3444989393181601,""start_week"":10,""duration_weeks"":1,""recovery_weeks"":2}]"
A,2718,668,Independent baseline,False,,False,Non-failure,Unclassified,Unclassified,1,0.9417278082902617,104.88994507752886,False,False,False,False,True,"[{""target"":""S1C"",""magnitude"":0.3811124313469111,""start_week"":49,""duration_weeks"":3,""recovery_weeks"":3}]"
A,2718,669,Independent baseline,True,True,True,Structural,Concentrated dependency; Propagation-amplified cascade,Propagation-amplified cascade,5,0.822893842410348,792.5307697419621,True,True,False,True,True,"[{""target"":""S1C"",""magnitude"":0.2547645779408618,""start_week"":4,""duration_weeks"":3,""recovery_weeks"":4},{""target"":""corridor"",""magnitude"":0.38282961819223876,""start_week"":22,""duration_weeks"":4,""recovery_weeks"":2},{""target"":""T2P"",""magnitude"":0.27852079267593277,""start_week"":23,""duration_weeks"":2,""recovery_weeks"":2},{""target"":""T2P"",""magnitude"":0.22157698593034528,""start_week"":42,""duration_weeks"":2,""recovery_weeks"":4},{""target"":""S1B"",""magnitude"":0.41354055019236624,""start_week"":46,""duration_weeks"":1,""recovery_weeks"":3}]"
A,2718,670,Independent baseline,True,True,True,Structural,Concentrated dependency; Hidden convergent dependency; Propagation-amplified cascade; Recovery lag and temporal overlap,Hidden convergent dependency,2,0.5592030118892115,1348.6776352810111,True,False,False,False,False,"[{""target"":""demand"",""magnitude"":0.10208637862526362,""start_week"":33,""duration_weeks"":3,""recovery_weeks"":4},{""target"":""T2P"",""magnitude"":0.4967172892997096,""start_week"":36,""duration_weeks"":3,""recovery_weeks"":2}]"
A,2718,671,Independent baseline,False,,False,Non-failure,Unclassified,Unclassified,1,1.0,0.0,False,True,False,False,False,"[{""target"":""corridor"",""magnitude"":0.2433284105837364,""start_week"":45,""duration_weeks"":2,""recovery_weeks"":3}]"
A,2718,672,Independent baseline,True,False,False,Adaptation-limited,Concentrated dependency,Concentrated dependency,1,0.7794935957970592,463.0634488261758,False,False,False,True,False,"[{""target"":""S1B"",""magnitude"":0.7461394094566169,""start_week"":48,""duration_weeks"":2,""recovery_weeks"":1}]"
A,2718,673,Independent baseline,True,True,True,Structural,Concentrated dependency; Propagation-amplified cascade,Propagation-amplified cascade,5,0.5541724440511957,4083.1746946656267,True,True,False,False,False,"[{""target"":""corridor"",""magnitude"":0.5843706669616032,""start_week"":7,""duration_weeks"":3,""recovery_weeks"":3},{""target"":""T2P"",""magnitude"":0.481455680109819,""start_week"":9,""duration_weeks"":7,""recovery_weeks"":3},{""target"":""T2P"",""magnitude"":0.2300963299964186,""start_week"":20,""duration_weeks"":3,""recovery_weeks"":4},{""target"":""corridor"",""magnitude"":0.21620993182996728,""start_week"":32,""duration_weeks"":1,""recovery_weeks"":1},{""target"":""corridor"",""magnitude"":0.3270272724903428,""start_week"":49,""duration_weeks"":2,""recovery_weeks"":1}]"
A,2718,674,Independent baseline,False,,False,Non-failure,Unclassified,Unclassified,2,0.793937155758476,233.63862979454302,True,False,False,False,False,"[{""target"":""demand"",""magnitude"":0.24374067215032763,""start_week"":14,""duration_weeks"":2,""recovery_weeks"":2},{""target"":""T2P"",""magnitude"":0.4445462099315143,""start_week"":33,""duration_weeks"":1,""recovery_weeks"":3}]"
A,2718,675,Independent baseline,False,,False,Non-failure,Unclassified,Unclassified,0,1.0,0.0,False,False,False,False,False,[]
A,2718,676,Independent baseline,False,,False,Non-failure,Unclassified,Unclassified,1,0.9204390853456329,167.07792077417093,False,False,False,False,True,"[{""target"":""S1C"",""magnitude"":0.4290120579723259,""start_week"":38,""duration_weeks"":5,""recovery_weeks"":4}]"
A,2718,677,Independent baseline,True,True,True,Structural,Concentrated dependency; Hidden convergent dependency; Propagation-amplified cascade,Hidden convergent dependency,6,0.3996245417726993,3095.1000961549016,True,True,False,True,True,"[{""target"":""T2P"",""magnitude"":0.39310848698879786,""start_week"":18,""duration_weeks"":3,""recovery_weeks"":3},{""target"":""T2P"",""magnitude"":0.4073700490374289,""start_week"":19,""duration_weeks"":6,""recovery_weeks"":2},{""target"":""S1C"",""magnitude"":0.4240753598351479,""start_week"":21,""duration_weeks"":1,""recovery_weeks"":3},{""target"":""T2P"",""magnitude"":0.33595878605296625,""start_week"":32,""duration_weeks"":1,""recovery_weeks"":4},{""target"":""S1B"",""magnitude"":0.33416743620240663,""start_week"":39,""duration_weeks"":5,""recovery_weeks"":3},{""target"":""corridor"",""magnitude"":0.19877122364886646,""start_week"":40,""duration_weeks"":3,""recovery_weeks"":4}]"
A,2718,678,Independent baseline,False,,False,Non-failure,Unclassified,Unclassified,2,0.8840589502836892,128.9540118802994,False,True,False,False,False,"[{""target"":""corridor"",""magnitude"":0.28470155615258386,""start_week"":25,""duration_weeks"":1,""recovery_weeks"":3},{""target"":""demand"",""magnitude"":0.2358197184961115,""start_week"":41,""duration_weeks"":1,""recovery_weeks"":3}]"
A,2718,679,Independent baseline,True,True,False,Structural,Concentrated dependency; Propagation-amplified cascade,Propagation-amplified cascade,3,0.813851068872442,385.71860454070634,True,True,False,False,False,"[{""target"":""T2P"",""magnitude"":0.16734989494686317,""start_week"":9,""duration_weeks"":2,""recovery_weeks"":1},{""target"":""corridor"",""magnitude"":0.3896116983456686,""start_week"":21,""duration_weeks"":1,""recovery_weeks"":4},{""target"":""T2P"",""magnitude"":0.21556898102856964,""start_week"":32,""duration_weeks"":4,""recovery_weeks"":3}]"
A,2718,680,Independent baseline,True,True,False,Structural,Concentrated dependency,Concentrated dependency,2,0.8501434678352201,339.6159066072746,False,True,False,False,False,"[{""target"":""corridor"",""magnitude"":0.3421368681349498,""start_week"":29,""duration_weeks"":2,""recovery_weeks"":4},{""target"":""corridor"",""magnitude"":0.36239239912358495,""start_week"":40,""duration_weeks"":3,""recovery_weeks"":3}]"
A,2718,681,Independent baseline,True,True,False,Structural,Concentrated dependency,Concentrated dependency,3,0.765617972641263,585.7646373042326,False,False,False,True,False,"[{""target"":""demand"",""magnitude"":0.30613443745338864,""start_week"":5,""duration_weeks"":3,""recovery_weeks"":3},{""target"":""S1B"",""magnitude"":0.6126907639491672,""start_week"":19,""duration_weeks"":4,""recovery_weeks"":4},{""target"":""demand"",""magnitude"":0.12191950497816847,""start_week"":44,""duration_weeks"":5,""recovery_weeks"":1}]"
A,2718,682,Independent baseline,True,True,False,Structural,Concentrated dependency; Hidden convergent dependency; Propagation-amplified cascade,Hidden convergent dependency,2,0.7902208553154904,898.2465636895731,True,False,False,False,False,"[{""target"":""T2P"",""magnitude"":0.362933743405353,""start_week"":24,""duration_weeks"":2,""recovery_weeks"":3},{""target"":""T2P"",""magnitude"":0.22241014455165115,""start_week"":37,""duration_weeks"":15,""recovery_weeks"":1}]"
A,2718,683,Independent baseline,False,,False,Non-failure,Unclassified,Unclassified,1,0.9599650492533578,84.07339656794852,False,False,True,False,False,"[{""target"":""S1A"",""magnitude"":0.34007863917994474,""start_week"":5,""duration_weeks"":4,""recovery_weeks"":1}]"
A,2718,684,Independent baseline,True,True,True,Structural,Concentrated dependency; Hidden convergent dependency; Propagation-amplified cascade,Hidden convergent dependency,3,0.6681729652100052,1276.340750633438,True,True,True,False,False,"[{""target"":""corridor"",""magnitude"":0.3012429896576294,""start_week"":13,""duration_weeks"":5,""recovery_weeks"":1},{""target"":""T2P"",""magnitude"":0.39864433131099525,""start_week"":16,""duration_weeks"":4,""recovery_weeks"":3},{""target"":""S1A"",""magnitude"":0.23625282172971585,""start_week"":46,""duration_weeks"":3,""recovery_weeks"":1}]"
A,2718,685,Independent baseline,True,False,False,Adaptation-limited,Hidden convergent dependency; Compounding moderate disturbance; Propagation-amplified cascade,Hidden convergent dependency,2,0.6591609496011507,457.53445148876926,True,False,False,False,False,"[{""target"":""T2P"",""magnitude"":0.2758608348121445,""start_week"":27,""duration_weeks"":2,""recovery_weeks"":2},{""target"":""T2P"",""magnitude"":0.2618092344336644,""start_week"":28,""duration_weeks"":1,""recovery_weeks"":2}]"
A,2718,686,Independent baseline,True,True,True,Structural,Concentrated dependency; Propagation-amplified cascade,Propagation-amplified cascade,5,0.8221873266396732,863.3392430900603,True,True,True,False,True,"[{""target"":""S1A"",""magnitude"":0.36093228257703575,""start_week"":5,""duration_weeks"":2,""recovery_weeks"":2},{""target"":""T2P"",""magnitude"":0.17286138456072672,""start_week"":9,""duration_weeks"":2,""recovery_weeks"":2},{""target"":""corridor"",""magnitude"":0.3833595050202451,""start_week"":21,""duration_weeks"":5,""recovery_weeks"":3},{""target"":""S1C"",""magnitude"":0.3930934920595762,""start_week"":29,""duration_weeks"":2,""recovery_weeks"":2},{""target"":""T2P"",""magnitude"":0.20762864778598558,""start_week"":41,""duration_weeks"":2,""recovery_weeks"":3}]"
A,2718,687,Independent baseline,True,False,False,Adaptation-limited,Compounding moderate disturbance; Recovery lag and temporal overlap,Compounding moderate disturbance,3,0.7895974426430498,713.0656884819005,False,True,False,True,False,"[{""target"":""demand"",""magnitude"":0.2226793697049449,""start_week"":27,""duration_weeks"":1,""recovery_weeks"":4},{""target"":""corridor"",""magnitude"":0.3088991962904929,""start_week"":28,""duration_weeks"":2,""recovery_weeks"":1},{""target"":""S1B"",""magnitude"":0.5336413047106192,""start_week"":49,""duration_weeks"":9,""recovery_weeks"":1}]"
A,2718,688,Independent baseline,True,False,False,Adaptation-limited,Concentrated dependency; Propagation-amplified cascade,Propagation-amplified cascade,3,0.6387138511950584,662.2532193315405,True,True,True,False,False,"[{""target"":""S1A"",""magnitude"":0.3044267070949088,""start_week"":6,""duration_weeks"":5,""recovery_weeks"":2},{""target"":""T2P"",""magnitude"":0.226521267815068,""start_week"":8,""duration_weeks"":3,""recovery_weeks"":3},{""target"":""corridor"",""magnitude"":0.5209646116037062,""start_week"":28,""duration_weeks"":1,""recovery_weeks"":2}]"
A,2718,689,Independent baseline,True,True,False,Structural,Concentrated dependency; Hidden convergent dependency; Propagation-amplified cascade,Hidden convergent dependency,3,0.7850232805221873,320.4999894352443,True,True,False,False,False,"[{""target"":""corridor"",""magnitude"":0.26953968675621387,""start_week"":17,""duration_weeks"":1,""recovery_weeks"":4},{""target"":""T2P"",""magnitude"":0.29347904753003146,""start_week"":43,""duration_weeks"":4,""recovery_weeks"":2},{""target"":""corridor"",""magnitude"":0.3256120620598405,""start_week"":49,""duration_weeks"":2,""recovery_weeks"":1}]"
A,2718,690,Independent baseline,True,True,True,Structural,Concentrated dependency; Hidden convergent dependency; Propagation-amplified cascade,Hidden convergent dependency,2,0.5991857189524531,1234.0306911853572,True,False,False,False,False,"[{""target"":""T2P"",""magnitude"":0.4607328529427922,""start_week"":26,""duration_weeks"":3,""recovery_weeks"":4},{""target"":""demand"",""magnitude"":0.22209452404833713,""start_week"":50,""duration_weeks"":1,""recovery_weeks"":3}]"
A,2718,691,Independent baseline,False,,False,Non-failure,Unclassified,Unclassified,1,1.0,0.0,True,False,False,False,False,"[{""target"":""T2P"",""magnitude"":0.3113043235556282,""start_week"":45,""duration_weeks"":1,""recovery_weeks"":1}]"
A,2718,692,Independent baseline,True,False,False,Adaptation-limited,Concentrated dependency,Concentrated dependency,3,0.6256849563882013,575.1484359088631,False,True,True,False,False,"[{""target"":""demand"",""magnitude"":0.18506018659756057,""start_week"":8,""duration_weeks"":2,""recovery_weeks"":2},{""target"":""corridor"",""magnitude"":0.530736282708849,""start_week"":23,""duration_weeks"":1,""recovery_weeks"":2},{""target"":""S1A"",""magnitude"":0.223052801989756,""start_week"":39,""duration_weeks"":2,""recovery_weeks"":3}]"
A,2718,693,Independent baseline,True,True,False,Structural,Concentrated dependency,Concentrated dependency,1,0.8384420513834542,290.8043075097826,False,False,False,False,True,"[{""target"":""S1C"",""magnitude"":0.6135053843872281,""start_week"":19,""duration_weeks"":1,""recovery_weeks"":4}]"
A,2718,694,Independent baseline,True,False,False,Adaptation-limited,Concentrated dependency,Concentrated dependency,3,0.7400298134707395,540.3740479179015,False,True,False,True,False,"[{""target"":""corridor"",""magnitude"":0.3653483536416325,""start_week"":13,""duration_weeks"":1,""recovery_weeks"":2},{""target"":""demand"",""magnitude"":0.14347041124708504,""start_week"":14,""duration_weeks"":1,""recovery_weeks"":3},{""target"":""S1B"",""magnitude"":0.24069362107927553,""start_week"":17,""duration_weeks"":1,""recovery_weeks"":2}]"
A,2718,695,Independent baseline,True,True,True,Structural,Concentrated dependency,Concentrated dependency,5,0.4439341649517915,801.6715253450124,True,True,False,False,True,"[{""target"":""corridor"",""magnitude"":0.3642407201801564,""start_week"":8,""duration_weeks"":2,""recovery_weeks"":1},{""target"":""demand"",""magnitude"":0.2182432606807334,""start_week"":28,""duration_weeks"":2,""recovery_weeks"":1},{""target"":""T2P"",""magnitude"":0.6004592515433876,""start_week"":30,""duration_weeks"":1,""recovery_weeks"":2},{""target"":""S1C"",""magnitude"":0.5074112413834226,""start_week"":42,""duration_weeks"":1,""recovery_weeks"":3},{""target"":""S1C"",""magnitude"":0.3554581901796915,""start_week"":45,""duration_weeks"":1,""recovery_weeks"":4}]"
A,2718,696,Independent baseline,True,True,True,Structural,Concentrated dependency; Hidden convergent dependency; Propagation-amplified cascade,Hidden convergent dependency,4,0.5884898995605979,3681.5950062214642,True,False,False,False,False,"[{""target"":""T2P"",""magnitude"":0.47035909039546187,""start_week"":6,""duration_weeks"":2,""recovery_weeks"":4},{""target"":""demand"",""magnitude"":0.2105996061822713,""start_week"":13,""duration_weeks"":6,""recovery_weeks"":4},{""target"":""T2P"",""magnitude"":0.3238087939870725,""start_week"":18,""duration_weeks"":5,""recovery_weeks"":2},{""target"":""T2P"",""magnitude"":0.230503061917397,""start_week"":25,""duration_weeks"":1,""recovery_weeks"":4}]"
A,2718,697,Independent baseline,True,False,False,Adaptation-limited,Concentrated dependency,Concentrated dependency,4,0.7317772277138698,588.8513614081724,True,True,False,False,False,"[{""target"":""corridor"",""magnitude"":0.45116707921459764,""start_week"":1,""duration_weeks"":1,""recovery_weeks"":4},{""target"":""T2P"",""magnitude"":0.2772599221109191,""start_week"":17,""duration_weeks"":2,""recovery_weeks"":4},{""target"":""demand"",""magnitude"":0.16109508069610368,""start_week"":27,""duration_weeks"":1,""recovery_weeks"":1},{""target"":""T2P"",""magnitude"":0.22066642836288108,""start_week"":47,""duration_weeks"":1,""recovery_weeks"":2}]"
A,2718,698,Independent baseline,False,,False,Non-failure,Unclassified,Unclassified,1,0.9063529085997705,92.99068989629541,False,False,False,False,False,"[{""target"":""demand"",""magnitude"":0.1033229887736615,""start_week"":43,""duration_weeks"":2,""recovery_weeks"":3}]"
A,2718,699,Independent baseline,True,True,True,Structural,Concentrated dependency; Propagation-amplified cascade,Propagation-amplified cascade,4,0.5760427308949447,1534.5700531147647,True,True,False,False,True,"[{""target"":""corridor"",""magnitude"":0.32749232126864203,""start_week"":7,""duration_weeks"":2,""recovery_weeks"":4},{""target"":""T2P"",""magnitude"":0.4815615421945497,""start_week"":9,""duration_weeks"":3,""recovery_weeks"":4},{""target"":""S1C"",""magnitude"":0.27058586762242426,""start_week"":27,""duration_weeks"":4,""recovery_weeks"":1},{""target"":""corridor"",""magnitude"":0.3766368966883592,""start_week"":41,""duration_weeks"":2,""recovery_weeks"":2}]"
A,2718,700,Independent baseline,False,,False,Non-failure,Unclassified,Unclassified,3,0.7552094273507024,220.3115153843678,True,False,False,False,False,"[{""target"":""T2P"",""magnitude"":0.3734371717947893,""start_week"":1,""duration_weeks"":2,""recovery_weeks"":1},{""target"":""T2P"",""magnitude"":0.3125368117702067,""start_week"":21,""duration_weeks"":2,""recovery_weeks"":2},{""target"":""T2P"",""magnitude"":0.31331195419418956,""start_week"":51,""duration_weeks"":2,""recovery_weeks"":3}]"
A,2718,701,Independent baseline,False,,False,Non-failure,Unclassified,Unclassified,0,1.0,0.0,False,False,False,False,False,[]
A,2718,702,Independent baseline,False,,False,Non-failure,Unclassified,Unclassified,1,0.791543561908499,187.61079428235098,True,False,False,False,False,"[{""target"":""T2P"",""magnitude"":0.49380539714117544,""start_week"":17,""duration_weeks"":1,""recovery_weeks"":1}]"
A,2718,703,Independent baseline,True,True,True,Structural,Concentrated dependency,Concentrated dependency,3,0.6432310682737223,989.026151900612,True,True,False,False,False,"[{""target"":""corridor"",""magnitude"":0.5175766987947082,""start_week"":6,""duration_weeks"":1,""recovery_weeks"":1},{""target"":""demand"",""magnitude"":0.19751864201154035,""start_week"":42,""duration_weeks"":5,""recovery_weeks"":2},{""target"":""T2P"",""magnitude"":0.26893154331009994,""start_week"":44,""duration_weeks"":4,""recovery_weeks"":2}]"
A,2718,704,Independent baseline,False,,False,Non-failure,Unclassified,Unclassified,0,1.0,0.0,False,False,False,False,False,[]
A,2718,705,Independent baseline,False,,False,Non-failure,Unclassified,Unclassified,4,0.847048290810473,172.1803401265605,False,False,False,False,False,"[{""target"":""demand"",""magnitude"":0.1805702353087565,""start_week"":3,""duration_weeks"":2,""recovery_weeks"":3},{""target"":""demand"",""magnitude"":0.17373126898807678,""start_week"":7,""duration_weeks"":1,""recovery_weeks"":2},{""target"":""demand"",""magnitude"":0.09450947325622422,""start_week"":14,""duration_weeks"":1,""recovery_weeks"":3},{""target"":""demand"",""magnitude"":0.1296265767145332,""start_week"":41,""duration_weeks"":1,""recovery_weeks"":2}]"
A,2718,706,Independent baseline,True,False,False,Adaptation-limited,Concentrated dependency,Concentrated dependency,1,0.792977318757448,396.854434982125,False,True,False,False,False,"[{""target"":""corridor"",""magnitude"":0.405267010931914,""start_week"":4,""duration_weeks"":1,""recovery_weeks"":3}]"
A,2718,707,Independent baseline,False,,False,Non-failure,Unclassified,Unclassified,4,0.9431025983250141,102.41532301497455,False,True,False,True,True,"[{""target"":""S1C"",""magnitude"":0.3780191537687183,""start_week"":31,""duration_weeks"":1,""recovery_weeks"":4},{""target"":""corridor"",""magnitude"":0.3010974202021205,""start_week"":40,""duration_weeks"":1,""recovery_weeks"":1},{""target"":""S1B"",""magnitude"":0.313618161485706,""start_week"":45,""duration_weeks"":3,""recovery_weeks"":1},{""target"":""corridor"",""magnitude"":0.16134391161613973,""start_week"":51,""duration_weeks"":1,""recovery_weeks"":1}]"
A,2718,708,Independent baseline,False,,False,Non-failure,Unclassified,Unclassified,2,1.0,0.0,True,True,False,False,False,"[{""target"":""corridor"",""magnitude"":0.23032975820416993,""start_week"":12,""duration_weeks"":2,""recovery_weeks"":1},{""target"":""T2P"",""magnitude"":0.367580518924641,""start_week"":36,""duration_weeks"":1,""recovery_weeks"":1}]"
A,2718,709,Independent baseline,True,False,False,Adaptation-limited,Concentrated dependency,Concentrated dependency,3,0.4512831267683174,1231.9678857301597,False,True,False,False,False,"[{""target"":""corridor"",""magnitude"":0.2151637099239167,""start_week"":5,""duration_weeks"":2,""recovery_weeks"":2},{""target"":""corridor"",""magnitude"":0.31785486497586973,""start_week"":44,""duration_weeks"":4,""recovery_weeks"":4},{""target"":""corridor"",""magnitude"":0.5038264913165946,""start_week"":47,""duration_weeks"":1,""recovery_weeks"":1}]"
A,2718,710,Independent baseline,False,,False,Non-failure,Unclassified,Unclassified,0,1.0,0.0,False,False,False,False,False,[]
A,2718,711,Independent baseline,False,,False,Non-failure,Unclassified,Unclassified,2,0.8244076656151541,222.262155484696,False,False,False,False,False,"[{""target"":""demand"",""magnitude"":0.21299211750271974,""start_week"":2,""duration_weeks"":1,""recovery_weeks"":3},{""target"":""demand"",""magnitude"":0.2453736308886304,""start_week"":47,""duration_weeks"":3,""recovery_weeks"":3}]"
A,2718,712,Independent baseline,True,True,True,Structural,Concentrated dependency; Propagation-amplified cascade,Propagation-amplified cascade,4,0.7139719234571823,2115.732092229311,True,True,False,True,False,"[{""target"":""corridor"",""magnitude"":0.3374235994092548,""start_week"":3,""duration_weeks"":4,""recovery_weeks"":3},{""target"":""T2P"",""magnitude"":0.3574252688885359,""start_week"":4,""duration_weeks"":5,""recovery_weeks"":1},{""target"":""T2P"",""magnitude"":0.3094674513724271,""start_week"":14,""duration_weeks"":6,""recovery_weeks"":1},{""target"":""S1B"",""magnitude"":0.297225455752291,""start_week"":36,""duration_weeks"":4,""recovery_weeks"":2}]"
A,2718,713,Independent baseline,False,,False,Non-failure,Unclassified,Unclassified,2,0.9349830061957626,117.03058884762731,False,False,False,True,False,"[{""target"":""S1B"",""magnitude"":0.39628823605953406,""start_week"":49,""duration_weeks"":1,""recovery_weeks"":1},{""target"":""S1B"",""magnitude"":0.4141099019069714,""start_week"":51,""duration_weeks"":5,""recovery_weeks"":4}]"
A,2718,714,Independent baseline,True,True,True,Structural,Concentrated dependency; Hidden convergent dependency; Propagation-amplified cascade,Hidden convergent dependency,3,0.5038525479899049,4274.456156371089,True,False,False,True,False,"[{""target"":""S1B"",""magnitude"":0.4121922558791117,""start_week"":21,""duration_weeks"":2,""recovery_weeks"":2},{""target"":""T2P"",""magnitude"":0.4428198302121026,""start_week"":27,""duration_weeks"":12,""recovery_weeks"":2},{""target"":""T2P"",""magnitude"":0.1861388509868604,""start_week"":39,""duration_weeks"":3,""recovery_weeks"":3}]"
A,2718,715,Independent baseline,False,,False,Non-failure,Unclassified,Unclassified,2,0.8804844553410722,122.16455332123746,False,True,False,False,False,"[{""target"":""corridor"",""magnitude"":0.20524188018664452,""start_week"":8,""duration_weeks"":1,""recovery_weeks"":3},{""target"":""demand"",""magnitude"":0.13573839257915263,""start_week"":23,""duration_weeks"":2,""recovery_weeks"":2}]"
A,2718,716,Independent baseline,True,True,False,Structural,Concentrated dependency; Hidden convergent dependency; Propagation-amplified cascade,Hidden convergent dependency,5,0.587850851953867,532.4765044554706,True,True,True,False,False,"[{""target"":""corridor"",""magnitude"":0.31847449946374357,""start_week"":4,""duration_weeks"":3,""recovery_weeks"":3},{""target"":""S1A"",""magnitude"":0.427792936333935,""start_week"":5,""duration_weeks"":1,""recovery_weeks"":1},{""target"":""T2P"",""magnitude"":0.305315974803955,""start_week"":13,""duration_weeks"":1,""recovery_weeks"":2},{""target"":""corridor"",""magnitude"":0.5591118610345998,""start_week"":45,""duration_weeks"":1,""recovery_weeks"":1},{""target"":""demand"",""magnitude"":0.1794914124599456,""start_week"":48,""duration_weeks"":2,""recovery_weeks"":3}]"
A,2718,717,Independent baseline,True,True,True,Structural,Concentrated dependency; Hidden convergent dependency; Propagation-amplified cascade,Hidden convergent dependency,4,0.7833607493018816,812.3517357236686,True,False,False,True,True,"[{""target"":""T2P"",""magnitude"":0.2949753256283066,""start_week"":35,""duration_weeks"":4,""recovery_weeks"":4},{""target"":""S1C"",""magnitude"":0.26600503195640957,""start_week"":40,""duration_weeks"":5,""recovery_weeks"":2},{""target"":""S1B"",""magnitude"":0.19563073255504046,""start_week"":42,""duration_weeks"":2,""recovery_weeks"":3},{""target"":""demand"",""magnitude"":0.10345708372048582,""start_week"":44,""duration_weeks"":3,""recovery_weeks"":1}]"
A,2718,718,Independent baseline,True,False,True,Adaptation-limited,Concentrated dependency,Concentrated dependency,2,0.7500147685066204,1253.928314296092,False,True,False,False,False,"[{""target"":""demand"",""magnitude"":0.18894035178138457,""start_week"":35,""duration_weeks"":4,""recovery_weeks"":2},{""target"":""corridor"",""magnitude"":0.43748892362003455,""start_week"":41,""duration_weeks"":4,""recovery_weeks"":4}]"
A,2718,719,Independent baseline,False,,False,Non-failure,Unclassified,Unclassified,1,1.0,0.0,False,True,False,False,False,"[{""target"":""corridor"",""magnitude"":0.3725136140929697,""start_week"":51,""duration_weeks"":4,""recovery_weeks"":1}]"
A,2718,720,Independent baseline,True,True,True,Structural,Concentrated dependency; Hidden convergent dependency,Hidden convergent dependency,5,0.5696332871654458,1119.5523723653964,True,False,False,True,False,"[{""target"":""T2P"",""magnitude"":0.385139737477187,""start_week"":6,""duration_weeks"":2,""recovery_weeks"":2},{""target"":""demand"",""magnitude"":0.06482592719115339,""start_week"":7,""duration_weeks"":3,""recovery_weeks"":4},{""target"":""demand"",""magnitude"":0.16167624257551286,""start_week"":11,""duration_weeks"":2,""recovery_weeks"":3},{""target"":""S1B"",""magnitude"":0.2750829146242155,""start_week"":20,""duration_weeks"":6,""recovery_weeks"":3},{""target"":""T2P"",""magnitude"":0.21507934907694354,""start_week"":26,""duration_weeks"":1,""recovery_weeks"":2}]"
A,2718,721,Independent baseline,False,,False,Non-failure,Unclassified,Unclassified,1,0.9100200594143113,88.98918841331897,False,False,False,False,False,"[{""target"":""demand"",""magnitude"":0.09887687601479894,""start_week"":51,""duration_weeks"":1,""recovery_weeks"":3}]"
A,2718,722,Independent baseline,True,True,True,Structural,Concentrated dependency,Concentrated dependency,4,0.6775900470737439,1391.0741481526288,True,True,False,False,False,"[{""target"":""corridor"",""magnitude"":0.3324484543356635,""start_week"":5,""duration_weeks"":2,""recovery_weeks"":4},{""target"":""T2P"",""magnitude"":0.39016895763363035,""start_week"":18,""duration_weeks"":3,""recovery_weeks"":4},{""target"":""corridor"",""magnitude"":0.27993077023262003,""start_week"":38,""duration_weeks"":4,""recovery_weeks"":4},{""target"":""demand"",""magnitude"":0.2822943573264771,""start_week"":41,""duration_weeks"":7,""recovery_weeks"":2}]"
A,2718,723,Independent baseline,True,True,False,Structural,Concentrated dependency,Concentrated dependency,1,0.7725314011539809,822.5077210602319,False,False,False,False,False,"[{""target"":""demand"",""magnitude"":0.29444576428380026,""start_week"":17,""duration_weeks"":5,""recovery_weeks"":2}]"
A,2718,724,Independent baseline,True,False,True,Adaptation-limited,Concentrated dependency; Hidden convergent dependency; Propagation-amplified cascade; Recovery lag and temporal overlap,Hidden convergent dependency,6,0.7127076679780409,847.6778590192072,True,True,False,True,True,"[{""target"":""S1C"",""magnitude"":0.4234638375743356,""start_week"":5,""duration_weeks"":1,""recovery_weeks"":4},{""target"":""corridor"",""magnitude"":0.29172944482953234,""start_week"":19,""duration_weeks"":1,""recovery_weeks"":2},{""target"":""corridor"",""magnitude"":0.237331495129674,""start_week"":33,""duration_weeks"":1,""recovery_weeks"":1},{""target"":""corridor"",""magnitude"":0.2790441492180212,""start_week"":38,""duration_weeks"":5,""recovery_weeks"":2},{""target"":""T2P"",""magnitude"":0.3585630988197633,""start_week"":43,""duration_weeks"":9,""recovery_weeks"":2},{""target"":""S1B"",""magnitude"":0.3586263856925377,""start_week"":50,""duration_weeks"":1,""recovery_weeks"":1}]"
A,2718,725,Independent baseline,False,,False,Non-failure,Unclassified,Unclassified,2,1.0,0.0,True,False,False,False,False,"[{""target"":""T2P"",""magnitude"":0.32769574215195996,""start_week"":20,""duration_weeks"":1,""recovery_weeks"":1},{""target"":""T2P"",""magnitude"":0.21724317461566436,""start_week"":48,""duration_weeks"":5,""recovery_weeks"":2}]"
A,2718,726,Independent baseline,True,True,True,Structural,Concentrated dependency,Concentrated dependency,3,0.5722371769057921,2346.9681756517803,False,True,False,False,False,"[{""target"":""demand"",""magnitude"":0.16719286234146272,""start_week"":18,""duration_weeks"":7,""recovery_weeks"":1},{""target"":""corridor"",""magnitude"":0.49906663866184786,""start_week"":20,""duration_weeks"":4,""recovery_weeks"":3},{""target"":""demand"",""magnitude"":0.09293911683795428,""start_week"":51,""duration_weeks"":2,""recovery_weeks"":2}]"
A,2718,727,Independent baseline,True,True,True,Structural,Concentrated dependency; Hidden convergent dependency; Propagation-amplified cascade,Hidden convergent dependency,2,0.821405251618686,716.2498251170515,True,False,False,False,False,"[{""target"":""T2P"",""magnitude"":0.26073527354318243,""start_week"":37,""duration_weeks"":7,""recovery_weeks"":2},{""target"":""T2P"",""magnitude"":0.38224892778576397,""start_week"":51,""duration_weeks"":1,""recovery_weeks"":4}]"
A,2718,728,Independent baseline,False,,False,Non-failure,Unclassified,Unclassified,1,0.9396811912696309,57.77164464043756,False,False,False,False,False,"[{""target"":""demand"",""magnitude"":0.06419071626715295,""start_week"":35,""duration_weeks"":5,""recovery_weeks"":2}]"
A,2718,729,Independent baseline,False,,False,Non-failure,Unclassified,Unclassified,1,0.9104792897760351,483.4118352094106,False,True,False,False,False,"[{""target"":""corridor"",""magnitude"":0.3171405326679736,""start_week"":12,""duration_weeks"":5,""recovery_weeks"":4}]"
A,2718,730,Independent baseline,False,,False,Non-failure,Unclassified,Unclassified,2,0.8265028521550059,190.29381651478502,False,False,True,False,False,"[{""target"":""demand"",""magnitude"":0.20991717982898828,""start_week"":16,""duration_weeks"":1,""recovery_weeks"":4},{""target"":""S1A"",""magnitude"":0.29907652432961335,""start_week"":17,""duration_weeks"":1,""recovery_weeks"":1}]"
A,2718,731,Independent baseline,False,,False,Non-failure,Unclassified,Unclassified,2,0.8878502097317488,118.3498614289889,False,False,False,False,True,"[{""target"":""S1C"",""magnitude"":0.29616747432292856,""start_week"":28,""duration_weeks"":1,""recovery_weeks"":4},{""target"":""demand"",""magnitude"":0.17253760098592413,""start_week"":44,""duration_weeks"":2,""recovery_weeks"":2}]"
A,2718,732,Independent baseline,False,,False,Non-failure,Unclassified,Unclassified,4,0.878664530400064,124.28170122017082,True,False,False,False,True,"[{""target"":""demand"",""magnitude"":0.138090779133523,""start_week"":6,""duration_weeks"":6,""recovery_weeks"":1},{""target"":""S1C"",""magnitude"":0.25574233415081393,""start_week"":22,""duration_weeks"":4,""recovery_weeks"":1},{""target"":""T2P"",""magnitude"":0.2533343214172612,""start_week"":23,""duration_weeks"":3,""recovery_weeks"":1},{""target"":""demand"",""magnitude"":0.06653204169379204,""start_week"":34,""duration_weeks"":12,""recovery_weeks"":4}]"
A,2718,733,Independent baseline,True,True,False,Structural,Concentrated dependency; Hidden convergent dependency; Propagation-amplified cascade,Hidden convergent dependency,2,0.4356728363145511,923.683341950712,True,True,False,False,False,"[{""target"":""T2P"",""magnitude"":0.607894447316904,""start_week"":12,""duration_weeks"":2,""recovery_weeks"":1},{""target"":""corridor"",""magnitude"":0.1885546740972462,""start_week"":25,""duration_weeks"":5,""recovery_weeks"":4}]"
A,2718,734,Independent baseline,False,,False,Non-failure,Unclassified,Unclassified,3,0.9338231918878453,135.63637683786715,True,False,False,True,True,"[{""target"":""T2P"",""magnitude"":0.36960077752732956,""start_week"":32,""duration_weeks"":1,""recovery_weeks"":2},{""target"":""S1B"",""magnitude"":0.2987613558847282,""start_week"":42,""duration_weeks"":1,""recovery_weeks"":2},{""target"":""S1C"",""magnitude"":0.39889781825234794,""start_week"":46,""duration_weeks"":3,""recovery_weeks"":2}]"
A,2718,735,Independent baseline,False,,False,Non-failure,Unclassified,Unclassified,3,0.9705735149675165,61.12292460047706,False,True,False,False,True,"[{""target"":""S1C"",""magnitude"":0.3136869889440689,""start_week"":20,""duration_weeks"":4,""recovery_weeks"":2},{""target"":""corridor"",""magnitude"":0.1811180313092895,""start_week"":38,""duration_weeks"":5,""recovery_weeks"":3},{""target"":""S1C"",""magnitude"":0.3162095913230879,""start_week"":45,""duration_weeks"":6,""recovery_weeks"":2}]"
A,2718,736,Independent baseline,False,,False,Non-failure,Unclassified,Unclassified,4,0.914447915767766,190.0771294722765,True,False,True,False,False,"[{""target"":""demand"",""magnitude"":0.09355599455919258,""start_week"":7,""duration_weeks"":3,""recovery_weeks"":4},{""target"":""demand"",""magnitude"":0.12300410654160296,""start_week"":9,""duration_weeks"":6,""recovery_weeks"":1},{""target"":""S1A"",""magnitude"":0.2682518107898659,""start_week"":18,""duration_weeks"":1,""recovery_weeks"":4},{""target"":""T2P"",""magnitude"":0.279603413217682,""start_week"":32,""duration_weeks"":2,""recovery_weeks"":4}]"
A,2718,737,Independent baseline,False,,False,Non-failure,Unclassified,Unclassified,1,0.9356818838136647,135.0680439913043,False,False,False,True,False,"[{""target"":""S1B"",""magnitude"":0.3947157614192546,""start_week"":9,""duration_weeks"":4,""recovery_weeks"":1}]"
A,2718,738,Independent baseline,False,,False,Non-failure,Unclassified,Unclassified,1,1.0,0.0,True,False,False,False,False,"[{""target"":""T2P"",""magnitude"":0.21070421071863105,""start_week"":31,""duration_weeks"":3,""recovery_weeks"":1}]"
A,2718,739,Independent baseline,False,,False,Non-failure,Unclassified,Unclassified,2,0.8353092031222719,461.562273892823,False,False,False,False,False,"[{""target"":""demand"",""magnitude"":0.19716147776432535,""start_week"":16,""duration_weeks"":4,""recovery_weeks"":4},{""target"":""demand"",""magnitude"":0.22130567464181522,""start_week"":23,""duration_weeks"":1,""recovery_weeks"":1}]"
A,2718,740,Independent baseline,True,True,True,Structural,Concentrated dependency; Hidden convergent dependency; Propagation-amplified cascade,Hidden convergent dependency,2,0.7133807298420415,689.7867157108137,True,False,False,False,False,"[{""target"":""T2P"",""magnitude"":0.35795734314216265,""start_week"":15,""duration_weeks"":4,""recovery_weeks"":1},{""target"":""demand"",""magnitude"":0.25734631712290545,""start_week"":40,""duration_weeks"":2,""recovery_weeks"":4}]"
A,2718,741,Independent baseline,False,,False,Non-failure,Unclassified,Unclassified,2,0.8954302885623088,105.10336929190578,False,False,False,False,False,"[{""target"":""demand"",""magnitude"":0.11678152143545092,""start_week"":13,""duration_weeks"":9,""recovery_weeks"":2},{""target"":""demand"",""magnitude"":0.07760035496943596,""start_week"":38,""duration_weeks"":4,""recovery_weeks"":4}]"
A,2718,742,Independent baseline,True,True,True,Structural,Concentrated dependency; Hidden convergent dependency; Propagation-amplified cascade,Hidden convergent dependency,4,0.3967556826930645,1657.1068494940785,True,True,False,False,False,"[{""target"":""T2P"",""magnitude"":0.3404849982039756,""start_week"":12,""duration_weeks"":1,""recovery_weeks"":4},{""target"":""T2P"",""magnitude"":0.3683689648197386,""start_week"":22,""duration_weeks"":2,""recovery_weeks"":1},{""target"":""T2P"",""magnitude"":0.4346697762850571,""start_week"":23,""duration_weeks"":2,""recovery_weeks"":4},{""target"":""corridor"",""magnitude"":0.2845906053042496,""start_week"":33,""duration_weeks"":2,""recovery_weeks"":4}]"
A,2718,743,Independent baseline,True,True,False,Structural,Compounding moderate disturbance; Recovery lag and temporal overlap,Compounding moderate disturbance,4,0.6163116809184258,1107.3488975802204,True,False,False,False,False,"[{""target"":""demand"",""magnitude"":0.1286338577072212,""start_week"":40,""duration_weeks"":2,""recovery_weeks"":4},{""target"":""T2P"",""magnitude"":0.23459229008134647,""start_week"":41,""duration_weeks"":1,""recovery_weeks"":3},{""target"":""demand"",""magnitude"":0.1982371372935307,""start_week"":43,""duration_weeks"":2,""recovery_weeks"":4},{""target"":""T2P"",""magnitude"":0.44531948717341685,""start_week"":47,""duration_weeks"":1,""recovery_weeks"":1}]"
A,2718,744,Independent baseline,False,,False,Non-failure,Unclassified,Unclassified,0,1.0,0.0,False,False,False,False,False,[]
A,2718,745,Independent baseline,False,,False,Non-failure,Unclassified,Unclassified,2,0.9332858368130209,95.63884826600452,False,False,True,False,False,"[{""target"":""demand"",""magnitude"":0.07148309827008009,""start_week"":15,""duration_weeks"":2,""recovery_weeks"":1},{""target"":""S1A"",""magnitude"":0.3538965304210393,""start_week"":24,""duration_weeks"":5,""recovery_weeks"":4}]"
A,2718,746,Independent baseline,True,True,True,Structural,Concentrated dependency,Concentrated dependency,3,0.7390157240970646,805.821931172407,False,True,True,False,False,"[{""target"":""corridor"",""magnitude"":0.44573820692720145,""start_week"":29,""duration_weeks"":2,""recovery_weeks"":4},{""target"":""S1A"",""magnitude"":0.29604358333709,""start_week"":35,""duration_weeks"":7,""recovery_weeks"":2},{""target"":""corridor"",""magnitude"":0.3893377300921545,""start_week"":45,""duration_weeks"":1,""recovery_weeks"":4}]"
A,2718,747,Independent baseline,True,True,False,Structural,Concentrated dependency,Concentrated dependency,1,0.8020491950268204,356.3114489517234,False,True,False,False,False,"[{""target"":""corridor"",""magnitude"":0.3984631037298847,""start_week"":13,""duration_weeks"":1,""recovery_weeks"":1}]"
A,2718,748,Independent baseline,False,,False,Non-failure,Unclassified,Unclassified,0,1.0,0.0,False,False,False,False,False,[]
A,2718,749,Independent baseline,False,,False,Non-failure,Unclassified,Unclassified,2,0.9532023263455961,84.23581257792694,False,False,True,False,False,"[{""target"":""S1A"",""magnitude"":0.3552947657224085,""start_week"":1,""duration_weeks"":1,""recovery_weeks"":3},{""target"":""S1A"",""magnitude"":0.18522704031842294,""start_week"":33,""duration_weeks"":1,""recovery_weeks"":4}]"
A,2718,750,Independent baseline,True,False,False,Adaptation-limited,Concentrated dependency,Concentrated dependency,4,0.7597716511313521,476.54803728475486,False,True,False,False,False,"[{""target"":""corridor"",""magnitude"":0.4301712616514859,""start_week"":12,""duration_weeks"":1,""recovery_weeks"":3},{""target"":""corridor"",""magnitude"":0.3116900914229225,""start_week"":38,""duration_weeks"":1,""recovery_weeks"":3},{""target"":""corridor"",""magnitude"":0.270716450846867,""start_week"":44,""duration_weeks"":2,""recovery_weeks"":3},{""target"":""demand"",""magnitude"":0.11959329279434099,""start_week"":47,""duration_weeks"":4,""recovery_weeks"":4}]"
A,2718,751,Independent baseline,True,True,False,Structural,Concentrated dependency; Recovery lag and temporal overlap,Recovery lag and temporal overlap,3,0.7050612587779033,554.7549312649013,True,True,False,False,False,"[{""target"":""demand"",""magnitude"":0.20048050147730717,""start_week"":19,""duration_weeks"":2,""recovery_weeks"":2},{""target"":""corridor"",""magnitude"":0.4181974178920669,""start_week"":21,""duration_weeks"":1,""recovery_weeks"":1},{""target"":""T2P"",""magnitude"":0.16926225009880602,""start_week"":34,""duration_weeks"":3,""recovery_weeks"":1}]"
A,2718,752,Independent baseline,False,,False,Non-failure,Unclassified,Unclassified,1,1.0,0.0,False,True,False,False,False,"[{""target"":""corridor"",""magnitude"":0.21276500933869977,""start_week"":50,""duration_weeks"":2,""recovery_weeks"":2}]"
A,2718,753,Independent baseline,True,False,False,Adaptation-limited,Concentrated dependency; Hidden convergent dependency; Propagation-amplified cascade,Hidden convergent dependency,2,0.6426780860966088,475.56402879568213,True,True,False,False,False,"[{""target"":""T2P"",""magnitude"":0.42158972251305205,""start_week"":13,""duration_weeks"":2,""recovery_weeks"":2},{""target"":""corridor"",""magnitude"":0.2412607440327948,""start_week"":21,""duration_weeks"":1,""recovery_weeks"":2}]"
A,2718,754,Independent baseline,True,True,False,Structural,Concentrated dependency; Hidden convergent dependency; Propagation-amplified cascade,Hidden convergent dependency,2,0.8161901977760403,320.5717626687515,True,False,False,True,False,"[{""target"":""T2P"",""magnitude"":0.3551429406671879,""start_week"":18,""duration_weeks"":2,""recovery_weeks"":3},{""target"":""S1B"",""magnitude"":0.41286308351699663,""start_week"":31,""duration_weeks"":2,""recovery_weeks"":2}]"
A,2718,755,Independent baseline,True,True,True,Structural,Concentrated dependency,Concentrated dependency,3,0.8229056442808554,821.7418260035812,False,True,False,True,False,"[{""target"":""demand"",""magnitude"":0.0747598304887773,""start_week"":4,""duration_weeks"":6,""recovery_weeks"":3},{""target"":""corridor"",""magnitude"":0.3828207667893583,""start_week"":20,""duration_weeks"":5,""recovery_weeks"":1},{""target"":""S1B"",""magnitude"":0.2768821493106042,""start_week"":23,""duration_weeks"":11,""recovery_weeks"":3}]"
A,2718,756,Independent baseline,True,True,True,Structural,Concentrated dependency,Concentrated dependency,5,0.5492590293568439,2198.7789502800956,False,True,False,False,True,"[{""target"":""corridor"",""magnitude"":0.588055727982367,""start_week"":1,""duration_weeks"":4,""recovery_weeks"":3},{""target"":""demand"",""magnitude"":0.15790158886239988,""start_week"":30,""duration_weeks"":1,""recovery_weeks"":4},{""target"":""corridor"",""magnitude"":0.15793553724774076,""start_week"":33,""duration_weeks"":1,""recovery_weeks"":2},{""target"":""S1C"",""magnitude"":0.4002048307159708,""start_week"":34,""duration_weeks"":1,""recovery_weeks"":4},{""target"":""corridor"",""magnitude"":0.23161773832021004,""start_week"":48,""duration_weeks"":1,""recovery_weeks"":3}]"
A,2718,757,Independent baseline,False,,False,Non-failure,Unclassified,Unclassified,2,0.8701086915794681,134.3535338858319,False,False,False,False,True,"[{""target"":""demand"",""magnitude"":0.14928170431759072,""start_week"":24,""duration_weeks"":1,""recovery_weeks"":4},{""target"":""S1C"",""magnitude"":0.34819223415122935,""start_week"":33,""duration_weeks"":1,""recovery_weeks"":1}]"
A,2718,758,Independent baseline,False,,False,Non-failure,Unclassified,Unclassified,3,0.8832981152641505,152.0995460912477,False,True,True,False,False,"[{""target"":""corridor"",""magnitude"":0.3133748108713532,""start_week"":40,""duration_weeks"":1,""recovery_weeks"":3},{""target"":""S1A"",""magnitude"":0.2713013436957449,""start_week"":41,""duration_weeks"":3,""recovery_weeks"":2},{""target"":""demand"",""magnitude"":0.21358249702194915,""start_week"":47,""duration_weeks"":2,""recovery_weeks"":3}]"
A,2718,759,Independent baseline,True,True,True,Structural,Concentrated dependency,Concentrated dependency,8,0.5447551313847474,3620.6152224252996,True,True,True,False,True,"[{""target"":""T2P"",""magnitude"":0.21126354678094925,""start_week"":6,""duration_weeks"":1,""recovery_weeks"":3},{""target"":""demand"",""magnitude"":0.24202754577118774,""start_week"":13,""duration_weeks"":6,""recovery_weeks"":1},{""target"":""S1A"",""magnitude"":0.2067506033995444,""start_week"":17,""duration_weeks"":1,""recovery_weeks"":1},{""target"":""corridor"",""magnitude"":0.35983333036623183,""start_week"":20,""duration_weeks"":13,""recovery_weeks"":1},{""target"":""corridor"",""magnitude"":0.36178128615740573,""start_week"":25,""duration_weeks"":2,""recovery_weeks"":4},{""target"":""S1C"",""magnitude"":0.34326201024366865,""start_week"":28,""duration_weeks"":2,""recovery_weeks"":2},{""target"":""demand"",""magnitude"":0.13554364327412688,""start_week"":40,""duration_weeks"":1,""recovery_weeks"":4},{""target"":""demand"",""magnitude"":0.16783228522889726,""start_week"":48,""duration_weeks"":3,""recovery_weeks"":4}]"
A,2718,760,Independent baseline,True,True,True,Structural,Concentrated dependency,Concentrated dependency,3,0.8105999988397197,511.38000313275677,True,True,False,False,False,"[{""target"":""corridor"",""magnitude"":0.3920500008702102,""start_week"":5,""duration_weeks"":2,""recovery_weeks"":2},{""target"":""T2P"",""magnitude"":0.26820896383611004,""start_week"":20,""duration_weeks"":1,""recovery_weeks"":2},{""target"":""T2P"",""magnitude"":0.20479250418820866,""start_week"":32,""duration_weeks"":1,""recovery_weeks"":1}]"
A,2718,761,Independent baseline,False,,False,Non-failure,Unclassified,Unclassified,2,0.920088589109804,109.99092363050761,False,True,False,False,True,"[{""target"":""S1C"",""magnitude"":0.2862674456841201,""start_week"":8,""duration_weeks"":3,""recovery_weeks"":4},{""target"":""corridor"",""magnitude"":0.3099335581676471,""start_week"":34,""duration_weeks"":1,""recovery_weeks"":2}]"
A,2718,762,Independent baseline,False,,False,Non-failure,Unclassified,Unclassified,4,0.9008268021615572,669.1791344544713,False,True,False,False,True,"[{""target"":""S1C"",""magnitude"":0.47313969513649634,""start_week"":3,""duration_weeks"":1,""recovery_weeks"":4},{""target"":""corridor"",""magnitude"":0.30841278313634224,""start_week"":4,""duration_weeks"":7,""recovery_weeks"":1},{""target"":""demand"",""magnitude"":0.16427322804663896,""start_week"":35,""duration_weeks"":1,""recovery_weeks"":4},{""target"":""demand"",""magnitude"":0.11956289531471989,""start_week"":50,""duration_weeks"":1,""recovery_weeks"":2}]"
A,2718,763,Independent baseline,False,,False,Non-failure,Unclassified,Unclassified,2,0.9146774083517702,83.9534592002019,False,True,False,False,False,"[{""target"":""corridor"",""magnitude"":0.1641497116181504,""start_week"":26,""duration_weeks"":5,""recovery_weeks"":3},{""target"":""demand"",""magnitude"":0.09328162133355758,""start_week"":51,""duration_weeks"":4,""recovery_weeks"":1}]"
A,2718,764,Independent baseline,False,,False,Non-failure,Unclassified,Unclassified,3,0.9044911510821829,171.91592805207074,True,True,False,False,False,"[{""target"":""T2P"",""magnitude"":0.23937417888521934,""start_week"":3,""duration_weeks"":2,""recovery_weeks"":1},{""target"":""corridor"",""magnitude"":0.3216316366883628,""start_week"":9,""duration_weeks"":1,""recovery_weeks"":4},{""target"":""T2P"",""magnitude"":0.2520001434970222,""start_week"":40,""duration_weeks"":1,""recovery_weeks"":3}]"
A,2718,765,Independent baseline,False,,False,Non-failure,Unclassified,Unclassified,5,0.9094874558568833,315.43501347730967,False,False,False,True,False,"[{""target"":""S1B"",""magnitude"":0.40034613029795896,""start_week"":3,""duration_weeks"":1,""recovery_weeks"":3},{""target"":""demand"",""magnitude"":0.09519291211105156,""start_week"":35,""duration_weeks"":8,""recovery_weeks"":2},{""target"":""demand"",""magnitude"":0.1381204015629982,""start_week"":36,""duration_weeks"":1,""recovery_weeks"":4},{""target"":""demand"",""magnitude"":0.21785219267935219,""start_week"":46,""duration_weeks"":1,""recovery_weeks"":4},{""target"":""demand"",""magnitude"":0.05984009455680932,""start_week"":47,""duration_weeks"":10,""recovery_weeks"":1}]"
A,2718,766,Independent baseline,True,True,True,Structural,Concentrated dependency,Concentrated dependency,4,0.45629753474718643,1566.7530986466752,True,True,False,False,True,"[{""target"":""S1C"",""magnitude"":0.22702709376637173,""start_week"":13,""duration_weeks"":2,""recovery_weeks"":4},{""target"":""corridor"",""magnitude"":0.6013241369895442,""start_week"":21,""duration_weeks"":2,""recovery_weeks"":4},{""target"":""T2P"",""magnitude"":0.5893322187275322,""start_week"":36,""duration_weeks"":1,""recovery_weeks"":4},{""target"":""demand"",""magnitude"":0.17195045872083087,""start_week"":50,""duration_weeks"":1,""recovery_weeks"":4}]"
A,2718,767,Independent baseline,False,,False,Non-failure,Unclassified,Unclassified,1,0.9770468796463494,48.20155274266631,False,False,False,True,False,"[{""target"":""S1B"",""magnitude"":0.3016445207957139,""start_week"":43,""duration_weeks"":2,""recovery_weeks"":4}]"
A,2718,768,Independent baseline,False,,False,Non-failure,Unclassified,Unclassified,2,0.9224712429531235,75.64016968031888,False,False,False,False,True,"[{""target"":""demand"",""magnitude"":0.08404463297813199,""start_week"":8,""duration_weeks"":3,""recovery_weeks"":2},{""target"":""S1C"",""magnitude"":0.27682022038614745,""start_week"":40,""duration_weeks"":6,""recovery_weeks"":1}]"
A,2718,769,Independent baseline,True,False,True,Adaptation-limited,Concentrated dependency; Recovery lag and temporal overlap,Recovery lag and temporal overlap,4,0.5739854254910849,1572.2209600138176,False,True,False,False,False,"[{""target"":""demand"",""magnitude"":0.1069882192014059,""start_week"":10,""duration_weeks"":1,""recovery_weeks"":4},{""target"":""corridor"",""magnitude"":0.5004676562172985,""start_week"":12,""duration_weeks"":2,""recovery_weeks"":4},{""target"":""demand"",""magnitude"":0.1301550215335593,""start_week"":14,""duration_weeks"":4,""recovery_weeks"":3},{""target"":""demand"",""magnitude"":0.09403848287512616,""start_week"":40,""duration_weeks"":6,""recovery_weeks"":2}]"
A,2718,770,Independent baseline,True,False,True,Adaptation-limited,Concentrated dependency,Concentrated dependency,4,0.7474178189350836,1490.0073568590738,False,True,False,False,False,"[{""target"":""demand"",""magnitude"":0.14911011672037994,""start_week"":5,""duration_weeks"":2,""recovery_weeks"":4},{""target"":""corridor"",""magnitude"":0.4394366357986873,""start_week"":19,""duration_weeks"":6,""recovery_weeks"":4},{""target"":""demand"",""magnitude"":0.19156164537208642,""start_week"":42,""duration_weeks"":1,""recovery_weeks"":2},{""target"":""corridor"",""magnitude"":0.2611962086012679,""start_week"":43,""duration_weeks"":4,""recovery_weeks"":2}]"
A,2718,771,Independent baseline,False,,False,Non-failure,Unclassified,Unclassified,0,1.0,0.0,False,False,False,False,False,[]
A,2718,772,Independent baseline,False,,False,Non-failure,Unclassified,Unclassified,4,0.8989922496357837,101.12097781112641,False,False,False,True,True,"[{""target"":""demand"",""magnitude"":0.11235664201236262,""start_week"":3,""duration_weeks"":3,""recovery_weeks"":1},{""target"":""S1B"",""magnitude"":0.17684985696427385,""start_week"":7,""duration_weeks"":3,""recovery_weeks"":3},{""target"":""S1C"",""magnitude"":0.3155062265717471,""start_week"":33,""duration_weeks"":1,""recovery_weeks"":1},{""target"":""S1C"",""magnitude"":0.5258921820544181,""start_week"":51,""duration_weeks"":2,""recovery_weeks"":1}]"
A,2718,773,Independent baseline,False,,False,Non-failure,Unclassified,Unclassified,3,0.8959202507407694,104.55369688971462,False,True,False,True,False,"[{""target"":""demand"",""magnitude"":0.11617077432190508,""start_week"":9,""duration_weeks"":1,""recovery_weeks"":1},{""target"":""corridor"",""magnitude"":0.2387818290559601,""start_week"":26,""duration_weeks"":1,""recovery_weeks"":3},{""target"":""S1B"",""magnitude"":0.25032124061939787,""start_week"":34,""duration_weeks"":1,""recovery_weeks"":4}]"
A,2718,774,Independent baseline,False,,False,Non-failure,Unclassified,Unclassified,1,0.7613867212366703,282.05371186167963,False,False,False,False,False,"[{""target"":""demand"",""magnitude"":0.31339301317964396,""start_week"":51,""duration_weeks"":5,""recovery_weeks"":1}]"
A,2718,775,Independent baseline,True,True,True,Structural,Concentrated dependency; Recovery lag and temporal overlap,Recovery lag and temporal overlap,3,0.6970402429009044,950.7898138877645,True,False,False,False,True,"[{""target"":""S1C"",""magnitude"":0.37958065309897077,""start_week"":19,""duration_weeks"":8,""recovery_weeks"":1},{""target"":""demand"",""magnitude"":0.3107112417549061,""start_week"":27,""duration_weeks"":5,""recovery_weeks"":1},{""target"":""T2P"",""magnitude"":0.3726637813891861,""start_week"":43,""duration_weeks"":5,""recovery_weeks"":1}]"
A,2718,776,Independent baseline,True,False,False,Adaptation-limited,Concentrated dependency,Concentrated dependency,1,0.6824298899653524,571.6261980623658,False,True,False,False,False,"[{""target"":""corridor"",""magnitude"":0.48817758252598575,""start_week"":17,""duration_weeks"":1,""recovery_weeks"":1}]"
A,2718,777,Independent baseline,False,,False,Non-failure,Unclassified,Unclassified,4,0.842882390735817,192.28694086021005,True,False,True,True,False,"[{""target"":""T2P"",""magnitude"":0.3471352827792549,""start_week"":8,""duration_weeks"":2,""recovery_weeks"":1},{""target"":""S1B"",""magnitude"":0.3360859774540809,""start_week"":21,""duration_weeks"":4,""recovery_weeks"":2},{""target"":""S1A"",""magnitude"":0.33369305811844363,""start_week"":34,""duration_weeks"":2,""recovery_weeks"":3},{""target"":""demand"",""magnitude"":0.13008216744654344,""start_week"":35,""duration_weeks"":5,""recovery_weeks"":3}]"
A,2718,778,Independent baseline,True,False,False,Adaptation-limited,Concentrated dependency; Hidden convergent dependency; Propagation-amplified cascade,Hidden convergent dependency,3,0.6732860394658611,721.1336174048131,True,True,False,False,False,"[{""target"":""T2P"",""magnitude"":0.5470212822403625,""start_week"":34,""duration_weeks"":1,""recovery_weeks"":3},{""target"":""corridor"",""magnitude"":0.3167248089031047,""start_week"":40,""duration_weeks"":1,""recovery_weeks"":4},{""target"":""T2P"",""magnitude"":0.3010486758036348,""start_week"":48,""duration_weeks"":6,""recovery_weeks"":4}]"
A,2718,779,Independent baseline,True,False,False,Adaptation-limited,Concentrated dependency; Propagation-amplified cascade,Propagation-amplified cascade,4,0.6904579553077854,551.455405459166,True,True,False,False,True,"[{""target"":""S1C"",""magnitude"":0.26245543747130157,""start_week"":26,""duration_weeks"":6,""recovery_weeks"":3},{""target"":""T2P"",""magnitude"":0.3655662742530136,""start_week"":35,""duration_weeks"":3,""recovery_weeks"":1},{""target"":""corridor"",""magnitude"":0.4821565335191609,""start_week"":40,""duration_weeks"":1,""recovery_weeks"":1},{""target"":""demand"",""magnitude"":0.12990804836084888,""start_week"":50,""duration_weeks"":3,""recovery_weeks"":3}]"
A,2718,780,Independent baseline,True,True,False,Structural,Concentrated dependency,Concentrated dependency,4,0.4787594493073695,995.5350103596443,False,True,False,True,True,"[{""target"":""S1B"",""magnitude"":0.3786253106527544,""start_week"":13,""duration_weeks"":1,""recovery_weeks"":1},{""target"":""S1C"",""magnitude"":0.4502528345438914,""start_week"":34,""duration_weeks"":3,""recovery_weeks"":2},{""target"":""corridor"",""magnitude"":0.6409304130194728,""start_week"":36,""duration_weeks"":1,""recovery_weeks"":1},{""target"":""demand"",""magnitude"":0.06682680986668146,""start_week"":46,""duration_weeks"":5,""recovery_weeks"":2}]"
A,2718,781,Independent baseline,False,,False,Non-failure,Unclassified,Unclassified,3,0.8518307728703497,192.79035143760268,False,True,True,False,False,"[{""target"":""corridor"",""magnitude"":0.31199409411884105,""start_week"":6,""duration_weeks"":1,""recovery_weeks"":3},{""target"":""S1A"",""magnitude"":0.46479261421379503,""start_week"":23,""duration_weeks"":8,""recovery_weeks"":2},{""target"":""corridor"",""magnitude"":0.3611269203472377,""start_week"":41,""duration_weeks"":1,""recovery_weeks"":1}]"
A,2718,782,Independent baseline,True,False,True,Adaptation-limited,Concentrated dependency,Concentrated dependency,2,0.7544091823357514,688.9122919432309,False,True,False,False,False,"[{""target"":""corridor"",""magnitude"":0.25897391931199587,""start_week"":14,""duration_weeks"":1,""recovery_weeks"":2},{""target"":""corridor"",""magnitude"":0.43419311324818644,""start_week"":39,""duration_weeks"":2,""recovery_weeks"":3}]"
A,2718,783,Independent baseline,True,True,True,Structural,Concentrated dependency,Concentrated dependency,6,0.4832188818200838,1102.633356964884,True,True,False,False,True,"[{""target"":""S1C"",""magnitude"":0.3609314723103009,""start_week"":7,""duration_weeks"":3,""recovery_weeks"":3},{""target"":""corridor"",""magnitude"":0.49907841190138214,""start_week"":21,""duration_weeks"":1,""recovery_weeks"":2},{""target"":""corridor"",""magnitude"":0.2765052056536375,""start_week"":22,""duration_weeks"":2,""recovery_weeks"":1},{""target"":""T2P"",""magnitude"":0.4894634037981985,""start_week"":24,""duration_weeks"":1,""recovery_weeks"":1},{""target"":""corridor"",""magnitude"":0.19051106258930856,""start_week"":33,""duration_weeks"":3,""recovery_weeks"":4},{""target"":""demand"",""magnitude"":0.14512967772308197,""start_week"":45,""duration_weeks"":1,""recovery_weeks"":1}]"
A,2718,784,Independent baseline,True,True,True,Structural,Concentrated dependency; Hidden convergent dependency; Recovery lag and temporal overlap,Hidden convergent dependency,3,0.5380951310709731,3611.0857657502884,True,False,False,False,False,"[{""target"":""demand"",""magnitude"":0.27523167953307215,""start_week"":32,""duration_weeks"":1,""recovery_weeks"":2},{""target"":""T2P"",""magnitude"":0.4797841858266719,""start_week"":34,""duration_weeks"":7,""recovery_weeks"":4},{""target"":""demand"",""magnitude"":0.07419216032166476,""start_week"":39,""duration_weeks"":3,""recovery_weeks"":3}]"
A,2718,785,Independent baseline,False,,False,Non-failure,Unclassified,Unclassified,4,0.7967783617174143,265.7989489086542,False,True,False,False,False,"[{""target"":""demand"",""magnitude"":0.1571980703485701,""start_week"":9,""duration_weeks"":4,""recovery_weeks"":2},{""target"":""corridor"",""magnitude"":0.23702457542508154,""start_week"":26,""duration_weeks"":2,""recovery_weeks"":1},{""target"":""corridor"",""magnitude"":0.4024162287119393,""start_week"":29,""duration_weeks"":1,""recovery_weeks"":1},{""target"":""corridor"",""magnitude"":0.2894645771542374,""start_week"":36,""duration_weeks"":2,""recovery_weeks"":3}]"
A,2718,786,Independent baseline,True,True,True,Structural,Concentrated dependency; Hidden convergent dependency; Propagation-amplified cascade,Hidden convergent dependency,3,0.4033879902097741,2134.49316478436,True,True,False,False,False,"[{""target"":""T2P"",""magnitude"":0.4801314549248785,""start_week"":6,""duration_weeks"":5,""recovery_weeks"":2},{""target"":""T2P"",""magnitude"":0.30165193753675584,""start_week"":9,""duration_weeks"":1,""recovery_weeks"":1},{""target"":""corridor"",""magnitude"":0.24176528354074758,""start_week"":32,""duration_weeks"":2,""recovery_weeks"":1}]"
A,2718,787,Independent baseline,True,True,True,Structural,Concentrated dependency,Concentrated dependency,3,0.7344144820623623,2387.9273700927433,False,True,False,True,False,"[{""target"":""S1B"",""magnitude"":0.2990739052197799,""start_week"":18,""duration_weeks"":1,""recovery_weeks"":2},{""target"":""corridor"",""magnitude"":0.3989515110276264,""start_week"":23,""duration_weeks"":12,""recovery_weeks"":2},{""target"":""demand"",""magnitude"":0.09120667534501045,""start_week"":36,""duration_weeks"":2,""recovery_weeks"":3}]"
A,2718,788,Independent baseline,False,,False,Non-failure,Unclassified,Unclassified,1,0.951163655017483,102.55632446328559,False,False,False,True,False,"[{""target"":""S1B"",""magnitude"":0.359881776210663,""start_week"":27,""duration_weeks"":5,""recovery_weeks"":1}]"
A,2718,789,Independent baseline,True,True,True,Structural,Concentrated dependency,Concentrated dependency,3,0.6728161375159964,1198.4065530853804,False,True,False,False,True,"[{""target"":""S1C"",""magnitude"":0.344707086684293,""start_week"":5,""duration_weeks"":1,""recovery_weeks"":2},{""target"":""corridor"",""magnitude"":0.49538789686300266,""start_week"":21,""duration_weeks"":3,""recovery_weeks"":3},{""target"":""demand"",""magnitude"":0.17392978857200364,""start_week"":51,""duration_weeks"":7,""recovery_weeks"":2}]"
A,2718,790,Independent baseline,True,True,False,Structural,Concentrated dependency; Recovery lag and temporal overlap,Recovery lag and temporal overlap,4,0.8395179709703103,372.95674733979445,False,True,False,False,False,"[{""target"":""demand"",""magnitude"":0.14024418918121062,""start_week"":18,""duration_weeks"":1,""recovery_weeks"":1},{""target"":""corridor"",""magnitude"":0.3468812779941467,""start_week"":35,""duration_weeks"":1,""recovery_weeks"":4},{""target"":""demand"",""magnitude"":0.17502196432918599,""start_week"":37,""duration_weeks"":2,""recovery_weeks"":4},{""target"":""corridor"",""magnitude"":0.3500186735023847,""start_week"":47,""duration_weeks"":1,""recovery_weeks"":2}]"
A,2718,791,Independent baseline,False,,False,Non-failure,Unclassified,Unclassified,2,0.9396723369373507,126.68809243156352,False,False,False,False,True,"[{""target"":""S1C"",""magnitude"":0.3857372418909608,""start_week"":20,""duration_weeks"":8,""recovery_weeks"":1},{""target"":""demand"",""magnitude"":0.09985190316531514,""start_week"":44,""duration_weeks"":1,""recovery_weeks"":1}]"
A,2718,792,Independent baseline,False,,False,Non-failure,Unclassified,Unclassified,2,1.0,0.0,True,False,False,False,False,"[{""target"":""T2P"",""magnitude"":0.28552526467785583,""start_week"":47,""duration_weeks"":7,""recovery_weeks"":3},{""target"":""T2P"",""magnitude"":0.5756584615478072,""start_week"":49,""duration_weeks"":4,""recovery_weeks"":3}]"
A,2718,793,Independent baseline,True,True,True,Structural,Concentrated dependency; Hidden convergent dependency; Propagation-amplified cascade,Hidden convergent dependency,4,0.8176529486655791,891.1272328473311,True,False,True,False,False,"[{""target"":""T2P"",""magnitude"":0.2641123462009787,""start_week"":1,""duration_weeks"":7,""recovery_weeks"":1},{""target"":""demand"",""magnitude"":0.07921265032866748,""start_week"":3,""duration_weeks"":1,""recovery_weeks"":2},{""target"":""demand"",""magnitude"":0.15195411691350375,""start_week"":25,""duration_weeks"":1,""recovery_weeks"":2},{""target"":""S1A"",""magnitude"":0.3797935830476183,""start_week"":30,""duration_weeks"":2,""recovery_weeks"":4}]"
A,2718,794,Independent baseline,True,False,True,Adaptation-limited,Concentrated dependency,Concentrated dependency,3,0.7798405468424617,692.5740313671376,True,True,False,False,False,"[{""target"":""demand"",""magnitude"":0.26608810498251123,""start_week"":26,""duration_weeks"":2,""recovery_weeks"":1},{""target"":""corridor"",""magnitude"":0.41511958986815367,""start_week"":36,""duration_weeks"":3,""recovery_weeks"":1},{""target"":""T2P"",""magnitude"":0.29168779281648516,""start_week"":51,""duration_weeks"":1,""recovery_weeks"":3}]"
A,2718,795,Independent baseline,True,True,False,Structural,Concentrated dependency,Concentrated dependency,3,0.8989718717290313,181.85063088774382,True,False,True,True,False,"[{""target"":""S1B"",""magnitude"":0.4773132886096797,""start_week"":36,""duration_weeks"":1,""recovery_weeks"":2},{""target"":""T2P"",""magnitude"":0.2115925768874675,""start_week"":43,""duration_weeks"":1,""recovery_weeks"":1},{""target"":""S1A"",""magnitude"":0.5164894671099536,""start_week"":49,""duration_weeks"":1,""recovery_weeks"":4}]"
A,2718,796,Independent baseline,True,False,True,Adaptation-limited,Concentrated dependency,Concentrated dependency,1,0.7394575978768254,703.4644857325713,False,True,False,False,False,"[{""target"":""corridor"",""magnitude"":0.4454068015923809,""start_week"":30,""duration_weeks"":2,""recovery_weeks"":1}]"
A,2718,797,Independent baseline,False,,False,Non-failure,Unclassified,Unclassified,2,0.9327962070704351,64.84097295653078,False,False,False,False,True,"[{""target"":""demand"",""magnitude"":0.07204552550725636,""start_week"":16,""duration_weeks"":1,""recovery_weeks"":1},{""target"":""S1C"",""magnitude"":0.30071842721656095,""start_week"":33,""duration_weeks"":2,""recovery_weeks"":4}]"
A,2718,798,Independent baseline,False,,False,Non-failure,Unclassified,Unclassified,1,0.8556771035097995,151.7986239299821,False,False,False,False,False,"[{""target"":""demand"",""magnitude"":0.16866513769998018,""start_week"":32,""duration_weeks"":2,""recovery_weeks"":3}]"
A,2718,799,Independent baseline,True,False,True,Adaptation-limited,Hidden convergent dependency; Compounding moderate disturbance,Hidden convergent dependency,2,0.7779618597802868,643.1187144945121,True,False,False,False,False,"[{""target"":""T2P"",""magnitude"":0.2500095406405368,""start_week"":5,""duration_weeks"":3,""recovery_weeks"":3},{""target"":""demand"",""magnitude"":0.14232284563917863,""start_week"":7,""duration_weeks"":2,""recovery_weeks"":4}]"
A,2718,800,Independent baseline,False,,False,Non-failure,Unclassified,Unclassified,2,0.7727657196807095,218.0564960515669,False,True,False,False,False,"[{""target"":""demand"",""magnitude"":0.1060917825128645,""start_week"":36,""duration_weeks"":1,""recovery_weeks"":2},{""target"":""corridor"",""magnitude"":0.42042571023946784,""start_week"":49,""duration_weeks"":6,""recovery_weeks"":3}]"
A,2718,801,Independent baseline,False,,False,Non-failure,Unclassified,Unclassified,2,0.9418025290652979,104.75544768246368,False,False,False,True,False,"[{""target"":""S1B"",""magnitude"":0.3809443096030797,""start_week"":8,""duration_weeks"":1,""recovery_weeks"":3},{""target"":""demand"",""magnitude"":0.1488886938813634,""start_week"":37,""duration_weeks"":8,""recovery_weeks"":2}]"
A,2718,802,Independent baseline,True,True,True,Structural,Concentrated dependency; Hidden convergent dependency; Propagation-amplified cascade,Hidden convergent dependency,3,0.6709796330089258,1280.4900601821362,True,True,False,False,False,"[{""target"":""corridor"",""magnitude"":0.20067250592610322,""start_week"":14,""duration_weeks"":2,""recovery_weeks"":3},{""target"":""T2P"",""magnitude"":0.37327637168331096,""start_week"":33,""duration_weeks"":2,""recovery_weeks"":3},{""target"":""T2P"",""magnitude"":0.39611833029196675,""start_week"":38,""duration_weeks"":1,""recovery_weeks"":4}]"
A,2718,803,Independent baseline,True,True,True,Structural,Concentrated dependency; Hidden convergent dependency,Hidden convergent dependency,2,0.7791749230219989,1320.546217921542,True,False,False,False,False,"[{""target"":""demand"",""magnitude"":0.14756780231148264,""start_week"":20,""duration_weeks"":1,""recovery_weeks"":1},{""target"":""T2P"",""magnitude"":0.2987425692802011,""start_week"":33,""duration_weeks"":10,""recovery_weeks"":1}]"
A,2718,804,Independent baseline,True,False,True,Adaptation-limited,Concentrated dependency,Concentrated dependency,4,0.7204053996904747,1577.567601857151,True,True,False,True,False,"[{""target"":""S1B"",""magnitude"":0.1579306577134369,""start_week"":16,""duration_weeks"":2,""recovery_weeks"":1},{""target"":""corridor"",""magnitude"":0.45969595023214394,""start_week"":22,""duration_weeks"":5,""recovery_weeks"":3},{""target"":""corridor"",""magnitude"":0.35175843546966074,""start_week"":39,""duration_weeks"":1,""recovery_weeks"":3},{""target"":""T2P"",""magnitude"":0.18616056545868703,""start_week"":48,""duration_weeks"":1,""recovery_weeks"":3}]"
A,2718,805,Independent baseline,False,,False,Non-failure,Unclassified,Unclassified,1,0.9104192452755498,188.11958492134534,False,False,False,False,True,"[{""target"":""S1C"",""magnitude"":0.45155669813001287,""start_week"":19,""duration_weeks"":2,""recovery_weeks"":3}]"
A,2718,806,Independent baseline,False,,False,Non-failure,Unclassified,Unclassified,2,0.8891997418563734,112.14604282394316,True,False,False,False,False,"[{""target"":""demand"",""magnitude"":0.12460671424882572,""start_week"":15,""duration_weeks"":1,""recovery_weeks"":2},{""target"":""T2P"",""magnitude"":0.4204621055366494,""start_week"":42,""duration_weeks"":1,""recovery_weeks"":2}]"
A,2718,807,Independent baseline,False,,False,Non-failure,Unclassified,Unclassified,1,1.0,0.0,False,False,False,False,True,"[{""target"":""S1C"",""magnitude"":0.1812630177365662,""start_week"":17,""duration_weeks"":2,""recovery_weeks"":3}]"
A,2718,808,Independent baseline,True,True,True,Structural,Concentrated dependency; Hidden convergent dependency,Hidden convergent dependency,6,0.5464442060625222,2669.6396932607972,True,True,False,False,False,"[{""target"":""demand"",""magnitude"":0.1360529314343753,""start_week"":16,""duration_weeks"":3,""recovery_weeks"":3},{""target"":""T2P"",""magnitude"":0.5082002145437299,""start_week"":18,""duration_weeks"":6,""recovery_weeks"":1},{""target"":""demand"",""magnitude"":0.14231218494296244,""start_week"":41,""duration_weeks"":1,""recovery_weeks"":2},{""target"":""demand"",""magnitude"":0.24157074274102536,""start_week"":43,""duration_weeks"":2,""recovery_weeks"":2},{""target"":""T2P"",""magnitude"":0.37722373810908777,""start_week"":45,""duration_weeks"":2,""recovery_weeks"":4},{""target"":""corridor"",""magnitude"":0.2521059809653425,""start_week"":47,""duration_weeks"":9,""recovery_weeks"":4}]"
A,2718,809,Independent baseline,True,False,True,Adaptation-limited,Concentrated dependency; Recovery lag and temporal overlap,Recovery lag and temporal overlap,4,0.7489846835459404,754.5982527001097,True,True,True,False,False,"[{""target"":""demand"",""magnitude"":0.17010227671420208,""start_week"":30,""duration_weeks"":1,""recovery_weeks"":3},{""target"":""corridor"",""magnitude"":0.3745594873929293,""start_week"":31,""duration_weeks"":2,""recovery_weeks"":2},{""target"":""T2P"",""magnitude"":0.1604212448897219,""start_week"":40,""duration_weeks"":4,""recovery_weeks"":1},{""target"":""S1A"",""magnitude"":0.3137462583520343,""start_week"":43,""duration_weeks"":4,""recovery_weeks"":1}]"
A,2718,810,Independent baseline,False,,False,Non-failure,Unclassified,Unclassified,3,0.8215671464859933,195.46736849140052,True,False,False,False,False,"[{""target"":""T2P"",""magnitude"":0.3855058045480946,""start_week"":34,""duration_weeks"":1,""recovery_weeks"":1},{""target"":""T2P"",""magnitude"":0.25958487940617225,""start_week"":43,""duration_weeks"":2,""recovery_weeks"":1},{""target"":""demand"",""magnitude"":0.217185964990445,""start_week"":51,""duration_weeks"":5,""recovery_weeks"":4}]"
A,2718,811,Independent baseline,False,,False,Non-failure,Unclassified,Unclassified,3,0.8893010970252797,112.03068680619913,False,False,False,False,True,"[{""target"":""demand"",""magnitude"":0.1244785408957766,""start_week"":3,""duration_weeks"":1,""recovery_weeks"":1},{""target"":""S1C"",""magnitude"":0.22965730517586652,""start_week"":21,""duration_weeks"":6,""recovery_weeks"":2},{""target"":""demand"",""magnitude"":0.11541408438889192,""start_week"":31,""duration_weeks"":2,""recovery_weeks"":4}]"
A,2718,812,Independent baseline,False,,False,Non-failure,Unclassified,Unclassified,2,0.9376806840535487,392.61169046264297,False,True,False,False,False,"[{""target"":""corridor"",""magnitude"":0.2967394869598384,""start_week"":14,""duration_weeks"":6,""recovery_weeks"":4},{""target"":""demand"",""magnitude"":0.19138357983411797,""start_week"":29,""duration_weeks"":2,""recovery_weeks"":2}]"
A,2718,813,Independent baseline,False,,False,Non-failure,Unclassified,Unclassified,1,1.0,0.0,False,False,True,False,False,"[{""target"":""S1A"",""magnitude"":0.2468227235724475,""start_week"":35,""duration_weeks"":3,""recovery_weeks"":1}]"
A,2718,814,Independent baseline,True,True,False,Structural,Concentrated dependency; Hidden convergent dependency,Hidden convergent dependency,5,0.7388064954803306,1336.856872960649,True,True,False,True,True,"[{""target"":""S1B"",""magnitude"":0.2323803568698341,""start_week"":16,""duration_weeks"":2,""recovery_weeks"":2},{""target"":""T2P"",""magnitude"":0.23162513465671986,""start_week"":27,""duration_weeks"":6,""recovery_weeks"":3},{""target"":""demand"",""magnitude"":0.15557978388693244,""start_week"":37,""duration_weeks"":7,""recovery_weeks"":4},{""target"":""S1C"",""magnitude"":0.5124375924736148,""start_week"":41,""duration_weeks"":1,""recovery_weeks"":4},{""target"":""corridor"",""magnitude"":0.21867936714048847,""start_week"":48,""duration_weeks"":1,""recovery_weeks"":4}]"
A,2718,815,Independent baseline,True,False,True,Adaptation-limited,Concentrated dependency,Concentrated dependency,3,0.7939370831916842,1176.832219610518,False,True,True,False,False,"[{""target"":""corridor"",""magnitude"":0.40454718760623687,""start_week"":31,""duration_weeks"":5,""recovery_weeks"":4},{""target"":""demand"",""magnitude"":0.10927503404250734,""start_week"":41,""duration_weeks"":4,""recovery_weeks"":1},{""target"":""S1A"",""magnitude"":0.32968108584725647,""start_week"":45,""duration_weeks"":5,""recovery_weeks"":4}]"
A,2718,816,Independent baseline,True,True,True,Structural,Concentrated dependency,Concentrated dependency,4,0.550088971571515,5633.887169034082,True,True,False,False,True,"[{""target"":""corridor"",""magnitude"":0.5551747485076446,""start_week"":10,""duration_weeks"":14,""recovery_weeks"":1},{""target"":""T2P"",""magnitude"":0.47661430921059134,""start_week"":15,""duration_weeks"":3,""recovery_weeks"":2},{""target"":""demand"",""magnitude"":0.0781898310536003,""start_week"":23,""duration_weeks"":1,""recovery_weeks"":1},{""target"":""S1C"",""magnitude"":0.355041339954682,""start_week"":33,""duration_weeks"":4,""recovery_weeks"":1}]"
A,2718,817,Independent baseline,True,True,True,Structural,Concentrated dependency; Propagation-amplified cascade,Propagation-amplified cascade,8,0.4237067781689249,4179.083231509795,True,False,True,True,True,"[{""target"":""S1A"",""magnitude"":0.3532314746464279,""start_week"":10,""duration_weeks"":1,""recovery_weeks"":3},{""target"":""S1C"",""magnitude"":0.15916201423928794,""start_week"":11,""duration_weeks"":3,""recovery_weeks"":2},{""target"":""demand"",""magnitude"":0.07114540704213625,""start_week"":21,""duration_weeks"":1,""recovery_weeks"":3},{""target"":""S1B"",""magnitude"":0.566202678300699,""start_week"":24,""duration_weeks"":2,""recovery_weeks"":1},{""target"":""T2P"",""magnitude"":0.4872356066561482,""start_week"":25,""duration_weeks"":3,""recovery_weeks"":4},{""target"":""demand"",""magnitude"":0.11539258516851882,""start_week"":28,""duration_weeks"":4,""recovery_weeks"":4},{""target"":""T2P"",""magnitude"":0.4559492632243317,""start_week"":31,""duration_weeks"":3,""recovery_weeks"":1},{""target"":""demand"",""magnitude"":0.21778110959026598,""start_week"":34,""duration_weeks"":1,""recovery_weeks"":3}]"
A,2718,818,Independent baseline,True,True,True,Structural,Concentrated dependency; Hidden convergent dependency; Propagation-amplified cascade,Hidden convergent dependency,1,0.44093096362526996,1180.5337322901999,True,False,False,False,False,"[{""target"":""T2P"",""magnitude"":0.6515810663686286,""start_week"":36,""duration_weeks"":1,""recovery_weeks"":4}]"
A,2718,819,Independent baseline,False,,False,Non-failure,Unclassified,Unclassified,0,1.0,0.0,False,False,False,False,False,[]
A,2718,820,Independent baseline,False,,False,Non-failure,Unclassified,Unclassified,1,0.9909738593087967,18.954895451527022,False,False,False,True,False,"[{""target"":""S1B"",""magnitude"":0.2703088165552075,""start_week"":3,""duration_weeks"":7,""recovery_weeks"":2}]"
A,2718,821,Independent baseline,False,,False,Non-failure,Unclassified,Unclassified,0,1.0,0.0,False,False,False,False,False,[]
A,2718,822,Independent baseline,False,,False,Non-failure,Unclassified,Unclassified,2,0.9159862507389759,88.28428349179148,False,False,True,False,False,"[{""target"":""S1A"",""magnitude"":0.3281838619589359,""start_week"":1,""duration_weeks"":1,""recovery_weeks"":1},{""target"":""demand"",""magnitude"":0.1675904145099335,""start_week"":33,""duration_weeks"":1,""recovery_weeks"":3}]"
A,2718,823,Independent baseline,True,True,True,Structural,Concentrated dependency; Hidden convergent dependency,Hidden convergent dependency,4,0.5284629524595668,2688.088700852669,True,False,False,False,False,"[{""target"":""demand"",""magnitude"":0.11980385852220553,""start_week"":1,""duration_weeks"":1,""recovery_weeks"":2},{""target"":""T2P"",""magnitude"":0.367063705027639,""start_week"":4,""duration_weeks"":1,""recovery_weeks"":1},{""target"":""T2P"",""magnitude"":0.5243833427863899,""start_week"":28,""duration_weeks"":3,""recovery_weeks"":1},{""target"":""T2P"",""magnitude"":0.4373738475953737,""start_week"":32,""duration_weeks"":4,""recovery_weeks"":1}]"
A,2718,824,Independent baseline,False,,False,Non-failure,Unclassified,Unclassified,1,1.0,0.0,True,False,False,False,False,"[{""target"":""T2P"",""magnitude"":0.2601182369310328,""start_week"":12,""duration_weeks"":1,""recovery_weeks"":1}]"
A,2718,825,Independent baseline,True,True,True,Structural,Hidden convergent dependency; Compounding moderate disturbance,Hidden convergent dependency,6,0.7521058809892226,834.8610924374718,True,True,False,False,True,"[{""target"":""demand"",""magnitude"":0.3296000274385964,""start_week"":2,""duration_weeks"":1,""recovery_weeks"":4},{""target"":""corridor"",""magnitude"":0.3177594323136099,""start_week"":8,""duration_weeks"":1,""recovery_weeks"":3},{""target"":""S1C"",""magnitude"":0.19459438764968906,""start_week"":12,""duration_weeks"":3,""recovery_weeks"":3},{""target"":""corridor"",""magnitude"":0.3076668197178773,""start_week"":18,""duration_weeks"":2,""recovery_weeks"":2},{""target"":""T2P"",""magnitude"":0.255066927588781,""start_week"":24,""duration_weeks"":3,""recovery_weeks"":3},{""target"":""demand"",""magnitude"":0.21254703495112248,""start_week"":25,""duration_weeks"":3,""recovery_weeks"":1}]"
A,2718,826,Independent baseline,True,True,True,Structural,Concentrated dependency; Hidden convergent dependency,Hidden convergent dependency,4,0.44849802656726523,3269.9040853921756,True,True,False,False,False,"[{""target"":""corridor"",""magnitude"":0.3098021078159845,""start_week"":8,""duration_weeks"":1,""recovery_weeks"":3},{""target"":""demand"",""magnitude"":0.18177183855519236,""start_week"":15,""duration_weeks"":3,""recovery_weeks"":3},{""target"":""T2P"",""magnitude"":0.24764210767927558,""start_week"":33,""duration_weeks"":13,""recovery_weeks"":3},{""target"":""T2P"",""magnitude"":0.4634890814191571,""start_week"":38,""duration_weeks"":3,""recovery_weeks"":4}]"
A,2718,827,Independent baseline,False,,False,Non-failure,Unclassified,Unclassified,2,0.9299747334484431,77.94718580544406,False,False,True,False,False,"[{""target"":""S1A"",""magnitude"":0.3335148419344042,""start_week"":1,""duration_weeks"":4,""recovery_weeks"":1},{""target"":""demand"",""magnitude"":0.15512322691760377,""start_week"":8,""duration_weeks"":3,""recovery_weeks"":4}]"
A,2718,828,Independent baseline,False,,False,Non-failure,Unclassified,Unclassified,2,0.9639476266802964,51.96718627833843,False,False,False,False,True,"[{""target"":""S1C"",""magnitude"":0.3056791281553627,""start_week"":11,""duration_weeks"":7,""recovery_weeks"":4},{""target"":""demand"",""magnitude"":0.07353145335056901,""start_week"":50,""duration_weeks"":3,""recovery_weeks"":4}]"
A,2718,829,Independent baseline,False,,False,Non-failure,Unclassified,Unclassified,3,0.9441102248643112,117.36852778494654,True,False,True,True,False,"[{""target"":""S1A"",""magnitude"":0.3757519940552997,""start_week"":5,""duration_weeks"":2,""recovery_weeks"":3},{""target"":""S1B"",""magnitude"":0.2769453156320014,""start_week"":24,""duration_weeks"":1,""recovery_weeks"":2},{""target"":""T2P"",""magnitude"":0.37195996722244706,""start_week"":46,""duration_weeks"":9,""recovery_weeks"":2}]"
A,2718,830,Independent baseline,True,False,False,Adaptation-limited,Concentrated dependency; Propagation-amplified cascade,Propagation-amplified cascade,2,0.6979919893842608,543.6144191083305,True,True,False,False,False,"[{""target"":""corridor"",""magnitude"":0.4765060079618044,""start_week"":20,""duration_weeks"":1,""recovery_weeks"":2},{""target"":""T2P"",""magnitude"":0.3641016742906904,""start_week"":21,""duration_weeks"":1,""recovery_weeks"":2}]"
A,2718,831,Independent baseline,True,True,False,Structural,Concentrated dependency,Concentrated dependency,1,0.8833289334659965,213.76088967165856,False,True,False,False,False,"[{""target"":""corridor"",""magnitude"":0.33750329990050254,""start_week"":21,""duration_weeks"":1,""recovery_weeks"":4}]"
A,2718,832,Independent baseline,False,,False,Non-failure,Unclassified,Unclassified,2,0.8685487823964279,136.21122755683882,False,False,True,False,False,"[{""target"":""demand"",""magnitude"":0.15134580839648742,""start_week"":17,""duration_weeks"":1,""recovery_weeks"":4},{""target"":""S1A"",""magnitude"":0.353562258325071,""start_week"":43,""duration_weeks"":9,""recovery_weeks"":1}]"
A,2718,833,Independent baseline,False,,False,Non-failure,Unclassified,Unclassified,2,0.9284798247521223,257.47263089235946,False,True,False,False,False,"[{""target"":""corridor"",""magnitude"":0.3036401314359083,""start_week"":28,""duration_weeks"":3,""recovery_weeks"":3},{""target"":""demand"",""magnitude"":0.14741098981581635,""start_week"":46,""duration_weeks"":1,""recovery_weeks"":4}]"
A,2718,834,Independent baseline,True,False,False,Adaptation-limited,Concentrated dependency,Concentrated dependency,3,0.5769566636007302,789.7013174086563,False,True,False,False,True,"[{""target"":""S1C"",""magnitude"":0.26518273686212585,""start_week"":3,""duration_weeks"":4,""recovery_weeks"":3},{""target"":""corridor"",""magnitude"":0.5672825022994523,""start_week"":30,""duration_weeks"":1,""recovery_weeks"":2},{""target"":""demand"",""magnitude"":0.14559768277829188,""start_week"":44,""duration_weeks"":4,""recovery_weeks"":4}]"
A,2718,835,Independent baseline,False,,False,Non-failure,Unclassified,Unclassified,2,0.9552736628614631,93.92530799092742,False,False,True,False,True,"[{""target"":""S1C"",""magnitude"":0.3506342585617079,""start_week"":41,""duration_weeks"":12,""recovery_weeks"":2},{""target"":""S1A"",""magnitude"":0.4010226887698942,""start_week"":51,""duration_weeks"":4,""recovery_weeks"":1}]"
A,2718,836,Independent baseline,False,,False,Non-failure,Unclassified,Unclassified,2,0.9891580115004577,19.515579299176125,True,False,True,False,False,"[{""target"":""S1A"",""magnitude"":0.2743944741239702,""start_week"":4,""duration_weeks"":1,""recovery_weeks"":1},{""target"":""T2P"",""magnitude"":0.2899974169425653,""start_week"":43,""duration_weeks"":1,""recovery_weeks"":2}]"
A,2718,837,Independent baseline,False,,False,Non-failure,Unclassified,Unclassified,3,0.8510152543200188,332.5705069817741,True,False,False,False,True,"[{""target"":""T2P"",""magnitude"":0.1786304611315189,""start_week"":5,""duration_weeks"":5,""recovery_weeks"":4},{""target"":""demand"",""magnitude"":0.17506706833242774,""start_week"":16,""duration_weeks"":4,""recovery_weeks"":3},{""target"":""S1C"",""magnitude"":0.21593468991281817,""start_week"":32,""duration_weeks"":5,""recovery_weeks"":1}]"
A,2718,838,Independent baseline,False,,False,Non-failure,Unclassified,Unclassified,2,0.8729173914117362,131.02539696736267,True,False,False,False,False,"[{""target"":""demand"",""magnitude"":0.14558377440818066,""start_week"":8,""duration_weeks"":2,""recovery_weeks"":4},{""target"":""T2P"",""magnitude"":0.26226762801458414,""start_week"":50,""duration_weeks"":3,""recovery_weeks"":2}]"
A,2718,839,Independent baseline,False,,False,Non-failure,Unclassified,Unclassified,1,1.0,0.0,False,True,False,False,False,"[{""target"":""corridor"",""magnitude"":0.1735588983694884,""start_week"":8,""duration_weeks"":4,""recovery_weeks"":3}]"
A,2718,840,Independent baseline,True,True,True,Structural,Concentrated dependency,Concentrated dependency,3,0.5798827740732263,2763.441197538649,True,True,False,False,True,"[{""target"":""S1C"",""magnitude"":0.382648422291285,""start_week"":10,""duration_weeks"":1,""recovery_weeks"":2},{""target"":""corridor"",""magnitude"":0.35872208924542215,""start_week"":18,""duration_weeks"":3,""recovery_weeks"":4},{""target"":""T2P"",""magnitude"":0.4781055033340962,""start_week"":23,""duration_weeks"":6,""recovery_weeks"":3}]"
A,2718,841,Independent baseline,False,,False,Non-failure,Unclassified,Unclassified,0,1.0,0.0,False,False,False,False,False,[]
A,2718,842,Independent baseline,False,,False,Non-failure,Unclassified,Unclassified,3,0.905682797440644,169.77096460684072,True,True,False,True,False,"[{""target"":""corridor"",""magnitude"":0.3207379019195169,""start_week"":25,""duration_weeks"":1,""recovery_weeks"":3},{""target"":""S1B"",""magnitude"":0.280591141610682,""start_week"":26,""duration_weeks"":2,""recovery_weeks"":2},{""target"":""T2P"",""magnitude"":0.22140443102517532,""start_week"":50,""duration_weeks"":1,""recovery_weeks"":2}]"
A,2718,843,Independent baseline,True,True,True,Structural,Concentrated dependency; Hidden convergent dependency,Hidden convergent dependency,5,0.845496606254947,1898.4379947408945,True,False,True,False,False,"[{""target"":""T2P"",""magnitude"":0.27763939716853525,""start_week"":2,""duration_weeks"":2,""recovery_weeks"":4},{""target"":""demand"",""magnitude"":0.09486576174884337,""start_week"":13,""duration_weeks"":1,""recovery_weeks"":1},{""target"":""demand"",""magnitude"":0.11872681929402919,""start_week"":22,""duration_weeks"":1,""recovery_weeks"":4},{""target"":""T2P"",""magnitude"":0.23796607033097394,""start_week"":29,""duration_weeks"":20,""recovery_weeks"":2},{""target"":""S1A"",""magnitude"":0.3876326432428262,""start_week"":36,""duration_weeks"":1,""recovery_weeks"":3}]"
A,2718,844,Independent baseline,False,,False,Non-failure,Unclassified,Unclassified,2,0.7624511804857922,213.79393756278705,True,False,False,False,False,"[{""target"":""demand"",""magnitude"":0.15578092338757132,""start_week"":2,""duration_weeks"":4,""recovery_weeks"":4},{""target"":""T2P"",""magnitude"":0.35123776787274746,""start_week"":8,""duration_weeks"":1,""recovery_weeks"":1}]"
A,2718,845,Independent baseline,False,,False,Non-failure,Unclassified,Unclassified,2,0.9483165926327788,93.03013326099813,True,False,False,True,False,"[{""target"":""S1B"",""magnitude"":0.3662876665762477,""start_week"":13,""duration_weeks"":1,""recovery_weeks"":4},{""target"":""T2P"",""magnitude"":0.32986960313316593,""start_week"":29,""duration_weeks"":1,""recovery_weeks"":3}]"
A,2718,846,Independent baseline,True,True,True,Structural,Concentrated dependency; Hidden convergent dependency; Propagation-amplified cascade; Recovery lag and temporal overlap,Hidden convergent dependency,3,0.6743458839241686,1916.4580445993054,True,True,True,False,False,"[{""target"":""corridor"",""magnitude"":0.21062641562990442,""start_week"":2,""duration_weeks"":7,""recovery_weeks"":4},{""target"":""S1A"",""magnitude"":0.4358673922174193,""start_week"":30,""duration_weeks"":3,""recovery_weeks"":1},{""target"":""T2P"",""magnitude"":0.39308870446824823,""start_week"":33,""duration_weeks"":6,""recovery_weeks"":4}]"
A,2718,847,Independent baseline,True,False,True,Adaptation-limited,Concentrated dependency,Concentrated dependency,3,0.7264051041568589,1503.1528741843572,False,True,True,False,False,"[{""target"":""demand"",""magnitude"":0.22386643694041625,""start_week"":19,""duration_weeks"":4,""recovery_weeks"":2},{""target"":""S1A"",""magnitude"":0.4230206260931121,""start_week"":35,""duration_weeks"":1,""recovery_weeks"":1},{""target"":""corridor"",""magnitude"":0.45519617188235584,""start_week"":44,""duration_weeks"":5,""recovery_weeks"":3}]"
A,2718,848,Independent baseline,False,,False,Non-failure,Unclassified,Unclassified,3,0.9151645735158312,713.8165872677741,False,True,False,False,True,"[{""target"":""corridor"",""magnitude"":0.30407701418695254,""start_week"":6,""duration_weeks"":10,""recovery_weeks"":4},{""target"":""S1C"",""magnitude"":0.21217785004860548,""start_week"":26,""duration_weeks"":2,""recovery_weeks"":3},{""target"":""demand"",""magnitude"":0.2141107110850048,""start_week"":47,""duration_weeks"":2,""recovery_weeks"":4}]"
A,2718,849,Independent baseline,True,False,True,Adaptation-limited,Concentrated dependency,Concentrated dependency,3,0.8303243498647148,485.99063977477454,False,True,False,False,False,"[{""target"":""demand"",""magnitude"":0.20434863817125276,""start_week"":3,""duration_weeks"":2,""recovery_weeks"":3},{""target"":""corridor"",""magnitude"":0.3720813832864114,""start_week"":12,""duration_weeks"":3,""recovery_weeks"":3},{""target"":""corridor"",""magnitude"":0.2041016755739078,""start_week"":37,""duration_weeks"":4,""recovery_weeks"":3}]"
A,2718,850,Independent baseline,False,,False,Non-failure,Unclassified,Unclassified,3,0.949760050220019,135.64786440594867,False,True,False,False,True,"[{""target"":""corridor"",""magnitude"":0.2876799623349857,""start_week"":1,""duration_weeks"":2,""recovery_weeks"":1},{""target"":""S1C"",""magnitude"":0.3649555165662257,""start_week"":3,""duration_weeks"":2,""recovery_weeks"":4},{""target"":""corridor"",""magnitude"":0.2687580052875225,""start_week"":43,""duration_weeks"":1,""recovery_weeks"":2}]"
A,2718,851,Independent baseline,True,True,False,Structural,Concentrated dependency,Concentrated dependency,1,0.8684400357669685,276.27592488936625,False,False,False,False,True,"[{""target"":""S1C"",""magnitude"":0.546009919524321,""start_week"":33,""duration_weeks"":3,""recovery_weeks"":4}]"
A,2718,852,Independent baseline,False,,False,Non-failure,Unclassified,Unclassified,1,0.7820944285968303,250.75618377017008,False,False,False,False,False,"[{""target"":""demand"",""magnitude"":0.2786179819668553,""start_week"":50,""duration_weeks"":9,""recovery_weeks"":4}]"
A,2718,853,Independent baseline,False,,False,Non-failure,Unclassified,Unclassified,1,0.9000552642867333,99.93859900727648,False,False,False,False,False,"[{""target"":""demand"",""magnitude"":0.11104288778586272,""start_week"":45,""duration_weeks"":10,""recovery_weeks"":2}]"
A,2718,854,Independent baseline,False,,False,Non-failure,Unclassified,Unclassified,0,1.0,0.0,False,False,False,False,False,[]
A,2718,855,Independent baseline,True,True,True,Structural,Concentrated dependency; Hidden convergent dependency; Propagation-amplified cascade,Hidden convergent dependency,5,0.4672317689917731,3667.6542746181813,True,False,False,False,False,"[{""target"":""T2P"",""magnitude"":0.35554533117521164,""start_week"":30,""duration_weeks"":5,""recovery_weeks"":1},{""target"":""T2P"",""magnitude"":0.347497019674906,""start_week"":32,""duration_weeks"":8,""recovery_weeks"":4},{""target"":""demand"",""magnitude"":0.08995226550750066,""start_week"":43,""duration_weeks"":1,""recovery_weeks"":1},{""target"":""T2P"",""magnitude"":0.22471028175918162,""start_week"":45,""duration_weeks"":1,""recovery_weeks"":4},{""target"":""T2P"",""magnitude"":0.2734350876725859,""start_week"":50,""duration_weeks"":3,""recovery_weeks"":1}]"
A,2718,856,Independent baseline,True,True,True,Structural,Concentrated dependency; Hidden convergent dependency; Propagation-amplified cascade,Hidden convergent dependency,4,0.8212468977531738,1426.8722203830293,True,False,False,False,False,"[{""target"":""T2P"",""magnitude"":0.4018661873655799,""start_week"":13,""duration_weeks"":1,""recovery_weeks"":1},{""target"":""T2P"",""magnitude"":0.2524806840005684,""start_week"":16,""duration_weeks"":7,""recovery_weeks"":3},{""target"":""demand"",""magnitude"":0.12522602490187587,""start_week"":28,""duration_weeks"":3,""recovery_weeks"":3},{""target"":""T2P"",""magnitude"":0.23345832468243516,""start_week"":46,""duration_weeks"":1,""recovery_weeks"":2}]"
A,2718,857,Independent baseline,False,,False,Non-failure,Unclassified,Unclassified,3,0.9209121046280428,77.29196464793006,False,True,True,False,False,"[{""target"":""S1A"",""magnitude"":0.21065797938781963,""start_week"":4,""duration_weeks"":1,""recovery_weeks"":2},{""target"":""corridor"",""magnitude"":0.20668560201806507,""start_week"":7,""duration_weeks"":1,""recovery_weeks"":1},{""target"":""demand"",""magnitude"":0.08587996071992199,""start_week"":31,""duration_weeks"":1,""recovery_weeks"":2}]"
A,2718,858,Independent baseline,False,,False,Non-failure,Unclassified,Unclassified,0,1.0,0.0,False,False,False,False,False,[]
A,2718,859,Independent baseline,True,True,False,Structural,Hidden convergent dependency; Compounding moderate disturbance; Recovery lag and temporal overlap,Hidden convergent dependency,6,0.4684243995308928,740.0675404560624,True,True,False,False,False,"[{""target"":""T2P"",""magnitude"":0.1891829741232437,""start_week"":15,""duration_weeks"":1,""recovery_weeks"":2},{""target"":""T2P"",""magnitude"":0.5343737621710475,""start_week"":16,""duration_weeks"":1,""recovery_weeks"":1},{""target"":""demand"",""magnitude"":0.13889122624293143,""start_week"":17,""duration_weeks"":1,""recovery_weeks"":1},{""target"":""corridor"",""magnitude"":0.45657623025151184,""start_week"":31,""duration_weeks"":1,""recovery_weeks"":3},{""target"":""T2P"",""magnitude"":0.4576623926629886,""start_week"":45,""duration_weeks"":1,""recovery_weeks"":2},{""target"":""demand"",""magnitude"":0.16872467581095874,""start_week"":46,""duration_weeks"":2,""recovery_weeks"":2}]"
A,2718,860,Independent baseline,True,False,True,Adaptation-limited,Concentrated dependency; Hidden convergent dependency; Propagation-amplified cascade,Hidden convergent dependency,3,0.7518328693299854,994.5397865599888,True,True,False,False,False,"[{""target"":""T2P"",""magnitude"":0.3150962290470903,""start_week"":11,""duration_weeks"":1,""recovery_weeks"":3},{""target"":""T2P"",""magnitude"":0.3233504176030132,""start_week"":27,""duration_weeks"":5,""recovery_weeks"":2},{""target"":""corridor"",""magnitude"":0.3539471271423118,""start_week"":39,""duration_weeks"":2,""recovery_weeks"":4}]"
A,2718,861,Independent baseline,True,True,False,Structural,Concentrated dependency,Concentrated dependency,4,0.7279838545486896,779.8449934263458,True,True,False,True,True,"[{""target"":""S1C"",""magnitude"":0.2716303498325894,""start_week"":10,""duration_weeks"":1,""recovery_weeks"":1},{""target"":""corridor"",""magnitude"":0.3483830691867984,""start_week"":23,""duration_weeks"":4,""recovery_weeks"":3},{""target"":""T2P"",""magnitude"":0.3448145309061792,""start_week"":28,""duration_weeks"":2,""recovery_weeks"":2},{""target"":""S1B"",""magnitude"":0.5929623991067458,""start_week"":44,""duration_weeks"":2,""recovery_weeks"":3}]"
A,2718,862,Independent baseline,True,True,True,Structural,Concentrated dependency; Hidden convergent dependency; Recovery lag and temporal overlap,Hidden convergent dependency,3,0.8441612961714451,946.0890946626691,True,True,False,False,False,"[{""target"":""demand"",""magnitude"":0.12923786258835188,""start_week"":6,""duration_weeks"":3,""recovery_weeks"":2},{""target"":""T2P"",""magnitude"":0.24025483344569937,""start_week"":10,""duration_weeks"":9,""recovery_weeks"":2},{""target"":""corridor"",""magnitude"":0.27783196039285213,""start_week"":37,""duration_weeks"":1,""recovery_weeks"":1}]"
A,2718,863,Independent baseline,True,True,False,Structural,Concentrated dependency,Concentrated dependency,3,0.6982229625897122,671.8981675904627,False,True,True,False,False,"[{""target"":""corridor"",""magnitude"":0.4763327780577159,""start_week"":15,""duration_weeks"":1,""recovery_weeks"":4},{""target"":""S1A"",""magnitude"":0.4984907492289248,""start_week"":27,""duration_weeks"":1,""recovery_weeks"":3},{""target"":""corridor"",""magnitude"":0.44980445653097423,""start_week"":40,""duration_weeks"":2,""recovery_weeks"":2}]"
A,2718,864,Independent baseline,True,True,True,Structural,Concentrated dependency; Hidden convergent dependency,Hidden convergent dependency,3,0.6752712996341471,1444.3457993785437,True,False,False,False,True,"[{""target"":""T2P"",""magnitude"":0.29877474261340686,""start_week"":19,""duration_weeks"":6,""recovery_weeks"":3},{""target"":""demand"",""magnitude"":0.1538165109284512,""start_week"":26,""duration_weeks"":3,""recovery_weeks"":1},{""target"":""S1C"",""magnitude"":0.42089396906246646,""start_week"":34,""duration_weeks"":9,""recovery_weeks"":1}]"
A,2718,865,Independent baseline,True,True,False,Structural,Concentrated dependency,Concentrated dependency,3,0.7960530592499193,338.72528039087433,False,True,False,False,False,"[{""target"":""corridor"",""magnitude"":0.3440903556641318,""start_week"":2,""duration_weeks"":2,""recovery_weeks"":2},{""target"":""demand"",""magnitude"":0.18547440981635088,""start_week"":18,""duration_weeks"":5,""recovery_weeks"":3},{""target"":""corridor"",""magnitude"":0.4029602055625605,""start_week"":28,""duration_weeks"":1,""recovery_weeks"":2}]"
A,2718,866,Independent baseline,False,,False,Non-failure,Unclassified,Unclassified,1,1.0,0.0,True,False,False,False,False,"[{""target"":""T2P"",""magnitude"":0.23292586984825275,""start_week"":30,""duration_weeks"":3,""recovery_weeks"":1}]"
A,2718,867,Independent baseline,True,True,True,Structural,Concentrated dependency; Hidden convergent dependency; Propagation-amplified cascade,Hidden convergent dependency,3,0.59070642954398,1897.280974591491,True,False,False,False,False,"[{""target"":""T2P"",""magnitude"":0.18375285883524414,""start_week"":12,""duration_weeks"":4,""recovery_weeks"":3},{""target"":""T2P"",""magnitude"":0.3486828194816627,""start_week"":13,""duration_weeks"":6,""recovery_weeks"":2},{""target"":""demand"",""magnitude"":0.1106567581814491,""start_week"":36,""duration_weeks"":1,""recovery_weeks"":3}]"
A,2718,868,Independent baseline,False,,False,Non-failure,Unclassified,Unclassified,2,0.9398980252143334,216.3671092283996,False,True,False,False,False,"[{""target"":""corridor"",""magnitude"":0.2950764810892499,""start_week"":5,""duration_weeks"":3,""recovery_weeks"":3},{""target"":""corridor"",""magnitude"":0.203284936528716,""start_week"":27,""duration_weeks"":5,""recovery_weeks"":1}]"
A,2718,869,Independent baseline,True,True,True,Structural,Concentrated dependency; Hidden convergent dependency; Propagation-amplified cascade,Hidden convergent dependency,3,0.7215359025719246,640.7428603476565,True,False,False,False,True,"[{""target"":""T2P"",""magnitude"":0.3506176876852679,""start_week"":15,""duration_weeks"":3,""recovery_weeks"":4},{""target"":""demand"",""magnitude"":0.14682049919757173,""start_week"":29,""duration_weeks"":1,""recovery_weeks"":1},{""target"":""S1C"",""magnitude"":0.26264057785062295,""start_week"":49,""duration_weeks"":1,""recovery_weeks"":3}]"
A,2718,870,Independent baseline,True,True,True,Structural,Concentrated dependency; Hidden convergent dependency; Propagation-amplified cascade,Hidden convergent dependency,3,0.5494636182553383,769.1896024956841,True,True,False,False,False,"[{""target"":""T2P"",""magnitude"":0.5054827435701955,""start_week"":8,""duration_weeks"":2,""recovery_weeks"":2},{""target"":""corridor"",""magnitude"":0.21796930684535126,""start_week"":26,""duration_weeks"":4,""recovery_weeks"":4},{""target"":""demand"",""magnitude"":0.1387744864181093,""start_week"":46,""duration_weeks"":11,""recovery_weeks"":4}]"
A,2718,871,Independent baseline,False,,False,Non-failure,Unclassified,Unclassified,1,1.0,0.0,True,False,False,False,False,"[{""target"":""T2P"",""magnitude"":0.19205568783870494,""start_week"":47,""duration_weeks"":1,""recovery_weeks"":2}]"
A,2718,872,Independent baseline,True,False,True,Adaptation-limited,Concentrated dependency; Propagation-amplified cascade,Propagation-amplified cascade,2,0.7492304307142725,677.0778370714642,True,True,False,False,False,"[{""target"":""T2P"",""magnitude"":0.17881749686619722,""start_week"":6,""duration_weeks"":6,""recovery_weeks"":4},{""target"":""corridor"",""magnitude"":0.4380771769642956,""start_week"":48,""duration_weeks"":6,""recovery_weeks"":2}]"
A,2718,873,Independent baseline,False,,False,Non-failure,Unclassified,Unclassified,2,0.8344487461638045,255.14470948460053,False,True,True,False,False,"[{""target"":""corridor"",""magnitude"":0.2878298643228323,""start_week"":17,""duration_weeks"":1,""recovery_weeks"":1},{""target"":""S1A"",""magnitude"":0.6224903211314397,""start_week"":32,""duration_weeks"":1,""recovery_weeks"":4}]"
A,2718,874,Independent baseline,False,,False,Non-failure,Unclassified,Unclassified,3,0.9032963618647128,122.91243361197803,True,False,True,False,False,"[{""target"":""T2P"",""magnitude"":0.36638664372703966,""start_week"":16,""duration_weeks"":1,""recovery_weeks"":1},{""target"":""T2P"",""magnitude"":0.27175831858043953,""start_week"":41,""duration_weeks"":3,""recovery_weeks"":2},{""target"":""S1A"",""magnitude"":0.37161807244075,""start_week"":49,""duration_weeks"":2,""recovery_weeks"":4}]"
A,2718,875,Independent baseline,True,True,True,Structural,Concentrated dependency; Hidden convergent dependency; Propagation-amplified cascade,Hidden convergent dependency,2,0.7410419345215297,864.9046830490513,True,False,False,False,False,"[{""target"":""T2P"",""magnitude"":0.33306225893062325,""start_week"":1,""duration_weeks"":5,""recovery_weeks"":2},{""target"":""T2P"",""magnitude"":0.30806234713163116,""start_week"":43,""duration_weeks"":1,""recovery_weeks"":4}]"
A,2718,876,Independent baseline,True,True,False,Structural,Compounding moderate disturbance; Recovery lag and temporal overlap,Compounding moderate disturbance,5,0.8018548431442879,742.244173813215,False,False,True,True,False,"[{""target"":""demand"",""magnitude"":0.24710851165870834,""start_week"":18,""duration_weeks"":1,""recovery_weeks"":2},{""target"":""demand"",""magnitude"":0.25558484398212356,""start_week"":20,""duration_weeks"":2,""recovery_weeks"":2},{""target"":""S1A"",""magnitude"":0.35758795211404926,""start_week"":21,""duration_weeks"":12,""recovery_weeks"":1},{""target"":""demand"",""magnitude"":0.12446538450856728,""start_week"":30,""duration_weeks"":2,""recovery_weeks"":2},{""target"":""S1B"",""magnitude"":0.32726802584002734,""start_week"":43,""duration_weeks"":2,""recovery_weeks"":1}]"
A,2718,877,Independent baseline,True,False,False,Adaptation-limited,Concentrated dependency; Recovery lag and temporal overlap,Recovery lag and temporal overlap,3,0.6624925683170206,757.4720481981751,True,True,False,True,False,"[{""target"":""S1B"",""magnitude"":0.43744833896101554,""start_week"":11,""duration_weeks"":3,""recovery_weeks"":3},{""target"":""corridor"",""magnitude"":0.5031305737622345,""start_week"":15,""duration_weeks"":1,""recovery_weeks"":1},{""target"":""T2P"",""magnitude"":0.38772075430204633,""start_week"":39,""duration_weeks"":1,""recovery_weeks"":2}]"
A,2718,878,Independent baseline,False,,False,Non-failure,Unclassified,Unclassified,1,1.0,0.0,True,False,False,False,False,"[{""target"":""T2P"",""magnitude"":0.32549009956211217,""start_week"":12,""duration_weeks"":1,""recovery_weeks"":1}]"
A,2718,879,Independent baseline,True,True,False,Structural,Concentrated dependency; Hidden convergent dependency; Propagation-amplified cascade; Recovery lag and temporal overlap,Hidden convergent dependency,4,0.6252135070167717,986.5922695945033,True,True,True,False,True,"[{""target"":""S1A"",""magnitude"":0.19485953860684838,""start_week"":4,""duration_weeks"":7,""recovery_weeks"":3},{""target"":""corridor"",""magnitude"":0.31619224008301605,""start_week"":7,""duration_weeks"":6,""recovery_weeks"":4},{""target"":""T2P"",""magnitude"":0.4373078436849055,""start_week"":14,""duration_weeks"":1,""recovery_weeks"":4},{""target"":""S1C"",""magnitude"":0.3221203200476733,""start_week"":32,""duration_weeks"":12,""recovery_weeks"":4}]"
A,2718,880,Independent baseline,True,True,False,Structural,Concentrated dependency,Concentrated dependency,2,0.8524157988294779,288.0204005630766,False,False,False,False,False,"[{""target"":""demand"",""magnitude"":0.17313639819109655,""start_week"":3,""duration_weeks"":3,""recovery_weeks"":4},{""target"":""demand"",""magnitude"":0.24178231123623928,""start_week"":33,""duration_weeks"":4,""recovery_weeks"":1}]"
A,2718,881,Independent baseline,True,False,False,Adaptation-limited,Concentrated dependency; Hidden convergent dependency; Propagation-amplified cascade,Hidden convergent dependency,1,0.7649705803224096,382.03530361310857,True,False,False,False,False,"[{""target"":""T2P"",""magnitude"":0.3705088259032772,""start_week"":10,""duration_weeks"":2,""recovery_weeks"":3}]"
A,2718,882,Independent baseline,True,True,True,Structural,Concentrated dependency; Hidden convergent dependency; Propagation-amplified cascade,Hidden convergent dependency,4,0.6283074991870902,1608.7780031316727,True,False,True,False,True,"[{""target"":""T2P"",""magnitude"":0.3008192493709797,""start_week"":28,""duration_weeks"":1,""recovery_weeks"":1},{""target"":""T2P"",""magnitude"":0.4345232507316189,""start_week"":31,""duration_weeks"":4,""recovery_weeks"":3},{""target"":""S1C"",""magnitude"":0.26125694424830925,""start_week"":39,""duration_weeks"":1,""recovery_weeks"":3},{""target"":""S1A"",""magnitude"":0.5153110799148876,""start_week"":44,""duration_weeks"":1,""recovery_weeks"":2}]"
A,2718,883,Independent baseline,False,,False,Non-failure,Unclassified,Unclassified,1,0.9926892222529837,13.159399944629286,False,False,True,False,False,"[{""target"":""S1A"",""magnitude"":0.2664492499307866,""start_week"":31,""duration_weeks"":1,""recovery_weeks"":2}]"
A,2718,884,Independent baseline,False,,False,Non-failure,Unclassified,Unclassified,1,1.0,0.0,True,False,False,False,False,"[{""target"":""T2P"",""magnitude"":0.1702158455727139,""start_week"":20,""duration_weeks"":4,""recovery_weeks"":4}]"
A,2718,885,Independent baseline,False,,False,Non-failure,Unclassified,Unclassified,1,0.935828822076969,61.71434216200896,False,False,False,False,False,"[{""target"":""demand"",""magnitude"":0.06857149129112104,""start_week"":19,""duration_weeks"":1,""recovery_weeks"":2}]"
A,2718,886,Independent baseline,True,True,True,Structural,Concentrated dependency; Hidden convergent dependency; Propagation-amplified cascade,Hidden convergent dependency,2,0.7142473617372871,1711.154643941606,True,False,False,False,True,"[{""target"":""S1C"",""magnitude"":0.3044794780339123,""start_week"":4,""duration_weeks"":2,""recovery_weeks"":1},{""target"":""T2P"",""magnitude"":0.35717737443644143,""start_week"":8,""duration_weeks"":7,""recovery_weeks"":4}]"
A,2718,887,Independent baseline,True,True,True,Structural,Concentrated dependency,Concentrated dependency,3,0.5406481833788892,1609.8966129144326,True,True,False,False,False,"[{""target"":""corridor"",""magnitude"":0.594513862465833,""start_week"":17,""duration_weeks"":2,""recovery_weeks"":2},{""target"":""corridor"",""magnitude"":0.45355912058505155,""start_week"":36,""duration_weeks"":6,""recovery_weeks"":1},{""target"":""T2P"",""magnitude"":0.27887269886684035,""start_week"":48,""duration_weeks"":3,""recovery_weeks"":2}]"
A,2718,888,Independent baseline,False,,False,Non-failure,Unclassified,Unclassified,2,1.0,0.0,False,False,True,True,False,"[{""target"":""S1A"",""magnitude"":0.1633850159894425,""start_week"":21,""duration_weeks"":2,""recovery_weeks"":2},{""target"":""S1B"",""magnitude"":0.18722142899753727,""start_week"":50,""duration_weeks"":3,""recovery_weeks"":2}]"
A,2718,889,Independent baseline,True,True,True,Structural,Concentrated dependency,Concentrated dependency,6,0.644636842993574,1511.0715924975682,True,True,True,False,False,"[{""target"":""corridor"",""magnitude"":0.2052738806355487,""start_week"":16,""duration_weeks"":2,""recovery_weeks"":3},{""target"":""demand"",""magnitude"":0.09519706634498629,""start_week"":17,""duration_weeks"":1,""recovery_weeks"":1},{""target"":""demand"",""magnitude"":0.1685229687580201,""start_week"":30,""duration_weeks"":7,""recovery_weeks"":2},{""target"":""corridor"",""magnitude"":0.4350452818407634,""start_week"":31,""duration_weeks"":2,""recovery_weeks"":4},{""target"":""T2P"",""magnitude"":0.2303470271280188,""start_week"":38,""duration_weeks"":1,""recovery_weeks"":3},{""target"":""S1A"",""magnitude"":0.39530397782369586,""start_week"":51,""duration_weeks"":1,""recovery_weeks"":1}]"
A,2718,890,Independent baseline,True,False,True,Adaptation-limited,Concentrated dependency,Concentrated dependency,5,0.7531022538151254,837.2881631543257,False,True,False,False,False,"[{""target"":""corridor"",""magnitude"":0.37632171681497906,""start_week"":11,""duration_weeks"":2,""recovery_weeks"":4},{""target"":""demand"",""magnitude"":0.10419407196573331,""start_week"":12,""duration_weeks"":2,""recovery_weeks"":3},{""target"":""corridor"",""magnitude"":0.3475185022471648,""start_week"":30,""duration_weeks"":2,""recovery_weeks"":4},{""target"":""demand"",""magnitude"":0.1840063577602578,""start_week"":36,""duration_weeks"":3,""recovery_weeks"":3},{""target"":""demand"",""magnitude"":0.1400471564778778,""start_week"":44,""duration_weeks"":2,""recovery_weeks"":1}]"
A,2718,891,Independent baseline,True,True,False,Structural,Hidden convergent dependency; Compounding moderate disturbance; Propagation-amplified cascade,Hidden convergent dependency,2,0.7493719463573305,412.8265083355326,True,False,False,False,False,"[{""target"":""T2P"",""magnitude"":0.35956535505581066,""start_week"":10,""duration_weeks"":1,""recovery_weeks"":2},{""target"":""T2P"",""magnitude"":0.3255652482784025,""start_week"":14,""duration_weeks"":1,""recovery_weeks"":2}]"
A,2718,892,Independent baseline,False,,False,Non-failure,Unclassified,Unclassified,1,1.0,0.0,True,False,False,False,False,"[{""target"":""T2P"",""magnitude"":0.26898864899371877,""start_week"":1,""duration_weeks"":1,""recovery_weeks"":2}]"
A,2718,893,Independent baseline,True,True,False,Structural,Concentrated dependency,Concentrated dependency,2,0.8803152779373793,215.43249971271734,False,True,False,False,False,"[{""target"":""corridor"",""magnitude"":0.3397635415469656,""start_week"":17,""duration_weeks"":1,""recovery_weeks"":2},{""target"":""demand"",""magnitude"":0.2484998930155639,""start_week"":41,""duration_weeks"":1,""recovery_weeks"":2}]"
A,2718,894,Independent baseline,False,,False,Non-failure,Unclassified,Unclassified,4,0.9641920158682128,62.672805947739334,True,False,True,False,False,"[{""target"":""S1A"",""magnitude"":0.3171494349440064,""start_week"":13,""duration_weeks"":8,""recovery_weeks"":2},{""target"":""T2P"",""magnitude"":0.26876893357537474,""start_week"":17,""duration_weeks"":2,""recovery_weeks"":3},{""target"":""demand"",""magnitude"":0.10110607035924059,""start_week"":33,""duration_weeks"":2,""recovery_weeks"":1},{""target"":""demand"",""magnitude"":0.1375725157894978,""start_week"":48,""duration_weeks"":3,""recovery_weeks"":4}]"
A,2718,895,Independent baseline,True,True,True,Structural,Concentrated dependency; Hidden convergent dependency; Propagation-amplified cascade; Recovery lag and temporal overlap,Hidden convergent dependency,3,0.8232335047968761,2836.3941546232063,True,False,False,False,False,"[{""target"":""T2P"",""magnitude"":0.2656585201680064,""start_week"":9,""duration_weeks"":1,""recovery_weeks"":3},{""target"":""demand"",""magnitude"":0.06707286127917238,""start_week"":21,""duration_weeks"":3,""recovery_weeks"":4},{""target"":""T2P"",""magnitude"":0.2590898456828114,""start_week"":25,""duration_weeks"":20,""recovery_weeks"":4}]"
A,2718,896,Independent baseline,True,True,False,Structural,Concentrated dependency,Concentrated dependency,4,0.7853982329787528,365.0914287385074,False,True,False,True,True,"[{""target"":""S1C"",""magnitude"":0.3642895589567685,""start_week"":30,""duration_weeks"":3,""recovery_weeks"":4},{""target"":""S1C"",""magnitude"":0.28415258485999806,""start_week"":38,""duration_weeks"":7,""recovery_weeks"":4},{""target"":""corridor"",""magnitude"":0.4109513252659355,""start_week"":49,""duration_weeks"":2,""recovery_weeks"":3},{""target"":""S1B"",""magnitude"":0.35016567281978395,""start_week"":50,""duration_weeks"":2,""recovery_weeks"":3}]"
A,2718,897,Independent baseline,False,,False,Non-failure,Unclassified,Unclassified,1,0.8855296264414735,116.34092539249787,False,False,False,False,False,"[{""target"":""demand"",""magnitude"":0.12926769488055323,""start_week"":6,""duration_weeks"":2,""recovery_weeks"":2}]"
A,2718,898,Independent baseline,False,,False,Non-failure,Unclassified,Unclassified,2,0.9061733848932826,93.69342053372907,False,False,False,True,False,"[{""target"":""S1B"",""magnitude"":0.25610874684533697,""start_week"":3,""duration_weeks"":1,""recovery_weeks"":3},{""target"":""demand"",""magnitude"":0.10953379778888717,""start_week"":17,""duration_weeks"":3,""recovery_weeks"":4}]"
A,2718,899,Independent baseline,False,,False,Non-failure,Unclassified,Unclassified,2,0.9636808174714342,65.3745285514185,False,True,False,False,False,"[{""target"":""corridor"",""magnitude"":0.27723938689642436,""start_week"":33,""duration_weeks"":1,""recovery_weeks"":3},{""target"":""demand"",""magnitude"":0.06998982020725125,""start_week"":44,""duration_weeks"":4,""recovery_weeks"":3}]"
A,2718,900,Independent baseline,True,True,False,Structural,Concentrated dependency,Concentrated dependency,2,0.8855745829291886,308.9486260911908,False,True,False,False,False,"[{""target"":""corridor"",""magnitude"":0.3358190628031087,""start_week"":25,""duration_weeks"":2,""recovery_weeks"":2},{""target"":""demand"",""magnitude"":0.21031287748596184,""start_week"":47,""duration_weeks"":4,""recovery_weeks"":2}]"
A,2718,901,Independent baseline,True,True,True,Structural,Concentrated dependency,Concentrated dependency,1,0.8397563685129231,576.8770733534759,False,True,False,False,False,"[{""target"":""corridor"",""magnitude"":0.3701827236153076,""start_week"":36,""duration_weeks"":3,""recovery_weeks"":3}]"
A,2718,902,Independent baseline,True,True,True,Structural,Concentrated dependency; Hidden convergent dependency,Hidden convergent dependency,5,0.7074185778852404,2714.892789284041,True,True,False,False,False,"[{""target"":""corridor"",""magnitude"":0.2551475166165517,""start_week"":10,""duration_weeks"":1,""recovery_weeks"":2},{""target"":""demand"",""magnitude"":0.22315059055235054,""start_week"":15,""duration_weeks"":11,""recovery_weeks"":1},{""target"":""T2P"",""magnitude"":0.3633232799032836,""start_week"":34,""duration_weeks"":8,""recovery_weeks"":3},{""target"":""demand"",""magnitude"":0.21941958963282976,""start_week"":49,""duration_weeks"":1,""recovery_weeks"":1},{""target"":""corridor"",""magnitude"":0.32419365902204306,""start_week"":50,""duration_weeks"":7,""recovery_weeks"":1}]"
A,2718,903,Independent baseline,True,True,False,Structural,Concentrated dependency,Concentrated dependency,2,0.7500003417077642,725.6946735102506,False,True,False,False,False,"[{""target"":""demand"",""magnitude"":0.2709491122517084,""start_week"":20,""duration_weeks"":5,""recovery_weeks"":3},{""target"":""corridor"",""magnitude"":0.43749974371917677,""start_week"":35,""duration_weeks"":2,""recovery_weeks"":1}]"
A,2718,904,Independent baseline,True,True,False,Structural,Compounding moderate disturbance,Compounding moderate disturbance,4,0.7761100709589791,814.4458443702702,False,True,False,False,True,"[{""target"":""S1C"",""magnitude"":0.25632560895503714,""start_week"":7,""duration_weeks"":12,""recovery_weeks"":3},{""target"":""demand"",""magnitude"":0.1428499068296847,""start_week"":10,""duration_weeks"":3,""recovery_weeks"":1},{""target"":""demand"",""magnitude"":0.23584940779366415,""start_week"":11,""duration_weeks"":1,""recovery_weeks"":4},{""target"":""corridor"",""magnitude"":0.3058812361848136,""start_week"":35,""duration_weeks"":1,""recovery_weeks"":2}]"
A,2718,905,Independent baseline,False,,False,Non-failure,Unclassified,Unclassified,1,0.9373851718296912,131.4911391576486,False,False,False,True,False,"[{""target"":""S1B"",""magnitude"":0.39088336338319485,""start_week"":30,""duration_weeks"":4,""recovery_weeks"":1}]"
A,2718,906,Independent baseline,True,True,True,Structural,Concentrated dependency,Concentrated dependency,1,0.8469142875490803,964.4399884407944,False,True,False,False,False,"[{""target"":""corridor"",""magnitude"":0.36481428433818985,""start_week"":18,""duration_weeks"":6,""recovery_weeks"":2}]"
A,2718,907,Independent baseline,True,True,False,Structural,Concentrated dependency,Concentrated dependency,5,0.8467194857146593,599.4064291871164,False,True,True,False,True,"[{""target"":""S1C"",""magnitude"":0.3087582917832837,""start_week"":25,""duration_weeks"":9,""recovery_weeks"":2},{""target"":""corridor"",""magnitude"":0.3267221938556235,""start_week"":27,""duration_weeks"":5,""recovery_weeks"":3},{""target"":""S1A"",""magnitude"":0.2046119708676335,""start_week"":34,""duration_weeks"":2,""recovery_weeks"":2},{""target"":""demand"",""magnitude"":0.2643872812524748,""start_week"":43,""duration_weeks"":4,""recovery_weeks"":2},{""target"":""S1A"",""magnitude"":0.24623068666175796,""start_week"":49,""duration_weeks"":4,""recovery_weeks"":1}]"
A,2718,908,Independent baseline,False,,False,Non-failure,Unclassified,Unclassified,4,0.8928372590782548,170.14470702145672,False,True,False,False,False,"[{""target"":""demand"",""magnitude"":0.08028229818238192,""start_week"":5,""duration_weeks"":2,""recovery_weeks"":1},{""target"":""demand"",""magnitude"":0.19248082621096607,""start_week"":13,""duration_weeks"":2,""recovery_weeks"":2},{""target"":""corridor"",""magnitude"":0.2887606309867613,""start_week"":18,""duration_weeks"":7,""recovery_weeks"":3},{""target"":""corridor"",""magnitude"":0.4721593115425229,""start_week"":50,""duration_weeks"":1,""recovery_weeks"":4}]"
A,2718,909,Independent baseline,True,False,False,Adaptation-limited,Concentrated dependency; Propagation-amplified cascade,Propagation-amplified cascade,6,0.7712279371644986,486.10086201985587,True,False,True,False,True,"[{""target"":""T2P"",""magnitude"":0.40540195004569146,""start_week"":16,""duration_weeks"":1,""recovery_weeks"":1},{""target"":""S1A"",""magnitude"":0.35278456697337324,""start_week"":24,""duration_weeks"":1,""recovery_weeks"":2},{""target"":""T2P"",""magnitude"":0.33128716835365035,""start_week"":35,""duration_weeks"":2,""recovery_weeks"":3},{""target"":""S1C"",""magnitude"":0.570870774898187,""start_week"":36,""duration_weeks"":2,""recovery_weeks"":2},{""target"":""S1A"",""magnitude"":0.4438663664816911,""start_week"":37,""duration_weeks"":2,""recovery_weeks"":1},{""target"":""demand"",""magnitude"":0.1873971467423235,""start_week"":44,""duration_weeks"":2,""recovery_weeks"":4}]"
A,2718,910,Independent baseline,False,,False,Non-failure,Unclassified,Unclassified,0,1.0,0.0,False,False,False,False,False,[]
A,2718,911,Independent baseline,False,,False,Non-failure,Unclassified,Unclassified,3,0.9265743923834125,594.7474216943576,False,True,False,True,True,"[{""target"":""S1B"",""magnitude"":0.2168792019947957,""start_week"":11,""duration_weeks"":2,""recovery_weeks"":4},{""target"":""corridor"",""magnitude"":0.30506920571244056,""start_week"":36,""duration_weeks"":8,""recovery_weeks"":2},{""target"":""S1C"",""magnitude"":0.2235891460782392,""start_week"":37,""duration_weeks"":5,""recovery_weeks"":2}]"
A,2718,912,Independent baseline,True,True,True,Structural,Compounding moderate disturbance,Compounding moderate disturbance,5,0.7595859117624495,1380.476871892688,False,True,False,False,False,"[{""target"":""demand"",""magnitude"":0.09821954054873204,""start_week"":12,""duration_weeks"":8,""recovery_weeks"":3},{""target"":""demand"",""magnitude"":0.228030585923997,""start_week"":14,""duration_weeks"":2,""recovery_weeks"":4},{""target"":""corridor"",""magnitude"":0.3417460273767489,""start_week"":22,""duration_weeks"":6,""recovery_weeks"":1},{""target"":""corridor"",""magnitude"":0.4303105661781629,""start_week"":35,""duration_weeks"":2,""recovery_weeks"":3},{""target"":""demand"",""magnitude"":0.18602816237770536,""start_week"":47,""duration_weeks"":3,""recovery_weeks"":4}]"
A,2718,913,Independent baseline,True,False,True,Adaptation-limited,Concentrated dependency,Concentrated dependency,2,0.7702228104895437,620.3984116782317,False,True,True,False,False,"[{""target"":""S1A"",""magnitude"":0.1864597485442938,""start_week"":17,""duration_weeks"":12,""recovery_weeks"":1},{""target"":""corridor"",""magnitude"":0.4223328921328422,""start_week"":19,""duration_weeks"":2,""recovery_weeks"":1}]"
A,2718,914,Independent baseline,False,,False,Non-failure,Unclassified,Unclassified,1,0.8629341011224995,151.2792226134692,True,False,False,False,False,"[{""target"":""T2P"",""magnitude"":0.3837597408711564,""start_week"":37,""duration_weeks"":1,""recovery_weeks"":3}]"
A,2718,915,Independent baseline,True,True,True,Structural,Concentrated dependency; Hidden convergent dependency; Propagation-amplified cascade,Hidden convergent dependency,2,0.7132986659709598,769.1716034437487,True,False,False,False,False,"[{""target"":""T2P"",""magnitude"":0.35803120062613614,""start_week"":19,""duration_weeks"":4,""recovery_weeks"":2},{""target"":""demand"",""magnitude"":0.06695963894711225,""start_week"":46,""duration_weeks"":5,""recovery_weeks"":3}]"
A,2718,916,Independent baseline,True,True,True,Structural,Concentrated dependency,Concentrated dependency,3,0.6667860471868802,1186.9674976597391,True,True,False,False,False,"[{""target"":""corridor"",""magnitude"":0.4999104646098399,""start_week"":23,""duration_weeks"":2,""recovery_weeks"":2},{""target"":""demand"",""magnitude"":0.11543207623774776,""start_week"":28,""duration_weeks"":1,""recovery_weeks"":4},{""target"":""T2P"",""magnitude"":0.33196178659278675,""start_week"":37,""duration_weeks"":5,""recovery_weeks"":3}]"
A,2718,917,Independent baseline,True,True,False,Structural,Hidden convergent dependency; Compounding moderate disturbance; Recovery lag and temporal overlap,Hidden convergent dependency,4,0.7582822787874429,378.6635403702304,True,True,False,False,False,"[{""target"":""demand"",""magnitude"":0.1674465454013687,""start_week"":8,""duration_weeks"":2,""recovery_weeks"":2},{""target"":""corridor"",""magnitude"":0.17569296995434214,""start_week"":11,""duration_weeks"":1,""recovery_weeks"":4},{""target"":""demand"",""magnitude"":0.1295346757510757,""start_week"":39,""duration_weeks"":5,""recovery_weeks"":2},{""target"":""T2P"",""magnitude"":0.3175459490913014,""start_week"":44,""duration_weeks"":3,""recovery_weeks"":4}]"
A,2718,918,Independent baseline,False,,False,Non-failure,Unclassified,Unclassified,1,1.0,0.0,False,False,False,True,False,"[{""target"":""S1B"",""magnitude"":0.17086272553136478,""start_week"":41,""duration_weeks"":1,""recovery_weeks"":1}]"
A,2718,919,Independent baseline,True,True,True,Structural,Concentrated dependency,Concentrated dependency,5,0.7375924220562625,1700.0735964243468,True,True,False,False,False,"[{""target"":""corridor"",""magnitude"":0.3682595316730438,""start_week"":19,""duration_weeks"":4,""recovery_weeks"":4},{""target"":""T2P"",""magnitude"":0.2270792973209675,""start_week"":24,""duration_weeks"":3,""recovery_weeks"":1},{""target"":""demand"",""magnitude"":0.1643297233996971,""start_week"":28,""duration_weeks"":1,""recovery_weeks"":3},{""target"":""corridor"",""magnitude"":0.36172725760988467,""start_week"":34,""duration_weeks"":6,""recovery_weeks"":1},{""target"":""corridor"",""magnitude"":0.2669692878059266,""start_week"":43,""duration_weeks"":1,""recovery_weeks"":4}]"
A,2718,920,Independent baseline,False,,False,Non-failure,Unclassified,Unclassified,2,0.8698494635442601,197.83904096846982,False,True,False,False,False,"[{""target"":""demand"",""magnitude"":0.08531522636779351,""start_week"":17,""duration_weeks"":3,""recovery_weeks"":1},{""target"":""corridor"",""magnitude"":0.34761290234180486,""start_week"":23,""duration_weeks"":2,""recovery_weeks"":2}]"
A,2718,921,Independent baseline,True,True,False,Structural,Concentrated dependency,Concentrated dependency,3,0.8399899214519563,288.01814138647853,False,False,False,False,True,"[{""target"":""S1C"",""magnitude"":0.6100226767330984,""start_week"":5,""duration_weeks"":1,""recovery_weeks"":2},{""target"":""S1C"",""magnitude"":0.24638223507128781,""start_week"":10,""duration_weeks"":2,""recovery_weeks"":2},{""target"":""demand"",""magnitude"":0.12468319279435629,""start_week"":49,""duration_weeks"":1,""recovery_weeks"":3}]"
A,2718,922,Independent baseline,False,,False,Non-failure,Unclassified,Unclassified,1,0.9778582789547747,119.56529364421613,False,True,False,False,False,"[{""target"":""corridor"",""magnitude"":0.2666062907839188,""start_week"":7,""duration_weeks"":5,""recovery_weeks"":3}]"
A,2718,923,Independent baseline,True,True,True,Structural,Concentrated dependency; Hidden convergent dependency; Propagation-amplified cascade,Hidden convergent dependency,4,0.3641217571977367,4536.662558132256,True,True,False,False,True,"[{""target"":""T2P"",""magnitude"":0.5535640607665303,""start_week"":25,""duration_weeks"":8,""recovery_weeks"":2},{""target"":""T2P"",""magnitude"":0.26594265228592423,""start_week"":31,""duration_weeks"":1,""recovery_weeks"":1},{""target"":""S1C"",""magnitude"":0.40151103805462596,""start_week"":37,""duration_weeks"":2,""recovery_weeks"":1},{""target"":""corridor"",""magnitude"":0.43077741568557637,""start_week"":40,""duration_weeks"":2,""recovery_weeks"":2}]"
A,2718,924,Independent baseline,True,True,True,Structural,Concentrated dependency; Recovery lag and temporal overlap,Recovery lag and temporal overlap,5,0.6289354037857864,2018.1666434793042,True,True,False,False,False,"[{""target"":""corridor"",""magnitude"":0.1622437402079387,""start_week"":5,""duration_weeks"":2,""recovery_weeks"":4},{""target"":""corridor"",""magnitude"":0.4629485160846758,""start_week"":8,""duration_weeks"":1,""recovery_weeks"":3},{""target"":""corridor"",""magnitude"":0.5113795689972351,""start_week"":27,""duration_weeks"":5,""recovery_weeks"":3},{""target"":""corridor"",""magnitude"":0.15471601245043545,""start_week"":34,""duration_weeks"":2,""recovery_weeks"":1},{""target"":""T2P"",""magnitude"":0.34214162301688933,""start_week"":38,""duration_weeks"":3,""recovery_weeks"":1}]"
A,2718,925,Independent baseline,True,True,True,Structural,Concentrated dependency; Propagation-amplified cascade; Recovery lag and temporal overlap,Propagation-amplified cascade,7,0.5948452895386589,2180.8271588795437,True,True,False,False,False,"[{""target"":""corridor"",""magnitude"":0.26707038365878744,""start_week"":9,""duration_weeks"":1,""recovery_weeks"":4},{""target"":""corridor"",""magnitude"":0.3913853516450553,""start_week"":11,""duration_weeks"":5,""recovery_weeks"":4},{""target"":""T2P"",""magnitude"":0.262941126179509,""start_week"":12,""duration_weeks"":3,""recovery_weeks"":3},{""target"":""corridor"",""magnitude"":0.43970325458560355,""start_week"":19,""duration_weeks"":1,""recovery_weeks"":4},{""target"":""T2P"",""magnitude"":0.464639239415207,""start_week"":23,""duration_weeks"":1,""recovery_weeks"":2},{""target"":""T2P"",""magnitude"":0.43314918054105733,""start_week"":50,""duration_weeks"":2,""recovery_weeks"":3},{""target"":""demand"",""magnitude"":0.12770290396250675,""start_week"":51,""duration_weeks"":1,""recovery_weeks"":4}]"
A,2718,926,Independent baseline,False,,False,Non-failure,Unclassified,Unclassified,0,1.0,0.0,False,False,False,False,False,[]
A,2718,927,Independent baseline,False,,False,Non-failure,Unclassified,Unclassified,1,0.9364155568035901,133.52733071246075,False,False,True,False,False,"[{""target"":""S1A"",""magnitude"":0.39306499719192217,""start_week"":23,""duration_weeks"":2,""recovery_weeks"":1}]"
A,2718,928,Independent baseline,False,,False,Non-failure,Unclassified,Unclassified,1,0.9419850967179101,52.21341295388095,False,False,True,False,False,"[{""target"":""S1A"",""magnitude"":0.3805335323847024,""start_week"":50,""duration_weeks"":4,""recovery_weeks"":4}]"
A,2718,929,Independent baseline,False,,False,Non-failure,Unclassified,Unclassified,3,0.9202147604110957,78.03256230962324,False,True,True,False,False,"[{""target"":""S1A"",""magnitude"":0.192089636086541,""start_week"":28,""duration_weeks"":3,""recovery_weeks"":3},{""target"":""corridor"",""magnitude"":0.19459892574926574,""start_week"":29,""duration_weeks"":2,""recovery_weeks"":4},{""target"":""demand"",""magnitude"":0.08670284701069245,""start_week"":38,""duration_weeks"":2,""recovery_weeks"":1}]"
A,2718,930,Independent baseline,False,,False,Non-failure,Unclassified,Unclassified,5,0.7806456654485068,254.54600044885467,True,True,True,False,True,"[{""target"":""T2P"",""magnitude"":0.18855534797680276,""start_week"":2,""duration_weeks"":1,""recovery_weeks"":4},{""target"":""corridor"",""magnitude"":0.2950056294159188,""start_week"":3,""duration_weeks"":1,""recovery_weeks"":4},{""target"":""S1C"",""magnitude"":0.2802180701418901,""start_week"":8,""duration_weeks"":1,""recovery_weeks"":4},{""target"":""T2P"",""magnitude"":0.4461283516445159,""start_week"":19,""duration_weeks"":1,""recovery_weeks"":3},{""target"":""S1A"",""magnitude"":0.22417088579770889,""start_week"":22,""duration_weeks"":1,""recovery_weeks"":4}]"
A,2718,931,Independent baseline,False,,False,Non-failure,Unclassified,Unclassified,1,0.8353533643636664,177.38837047191214,False,False,False,False,False,"[{""target"":""demand"",""magnitude"":0.19709818941323565,""start_week"":5,""duration_weeks"":1,""recovery_weeks"":1}]"
A,2718,932,Independent baseline,False,,False,Non-failure,Unclassified,Unclassified,0,1.0,0.0,False,False,False,False,False,[]
A,2718,933,Independent baseline,False,,False,Non-failure,Unclassified,Unclassified,1,0.9410183874994903,371.5841587532117,False,True,False,False,False,"[{""target"":""corridor"",""magnitude"":0.2942362093753823,""start_week"":24,""duration_weeks"":6,""recovery_weeks"":1}]"
A,2718,934,Independent baseline,True,False,True,Adaptation-limited,Concentrated dependency,Concentrated dependency,1,0.7658013431167837,926.1992581757497,False,True,False,False,False,"[{""target"":""corridor"",""magnitude"":0.4256489926624123,""start_week"":15,""duration_weeks"":3,""recovery_weeks"":4}]"
A,2718,935,Independent baseline,True,False,False,Adaptation-limited,Concentrated dependency,Concentrated dependency,2,0.7267795304653246,491.7968451624156,False,True,False,True,False,"[{""target"":""corridor"",""magnitude"":0.45491535215100654,""start_week"":31,""duration_weeks"":1,""recovery_weeks"":2},{""target"":""S1B"",""magnitude"":0.39555286856302424,""start_week"":40,""duration_weeks"":1,""recovery_weeks"":3}]"
A,2718,936,Independent baseline,True,False,False,Adaptation-limited,Hidden convergent dependency; Compounding moderate disturbance,Hidden convergent dependency,4,0.8499018247711095,375.57269286736357,True,False,True,False,False,"[{""target"":""demand"",""magnitude"":0.1338879401467683,""start_week"":26,""duration_weeks"":8,""recovery_weeks"":1},{""target"":""T2P"",""magnitude"":0.30340992298305025,""start_week"":33,""duration_weeks"":1,""recovery_weeks"":4},{""target"":""S1A"",""magnitude"":0.33587109661036263,""start_week"":34,""duration_weeks"":1,""recovery_weeks"":4},{""target"":""S1A"",""magnitude"":0.2707564633279923,""start_week"":39,""duration_weeks"":1,""recovery_weeks"":3}]"
A,2718,937,Independent baseline,False,,False,Non-failure,Unclassified,Unclassified,1,0.9511029661040388,88.01466101273013,False,False,True,False,False,"[{""target"":""S1A"",""magnitude"":0.3600183262659127,""start_week"":24,""duration_weeks"":1,""recovery_weeks"":2}]"
A,2718,938,Independent baseline,False,,False,Non-failure,Unclassified,Unclassified,1,0.8678933248506057,136.99380353561423,False,False,False,False,False,"[{""target"":""demand"",""magnitude"":0.15221533726179362,""start_week"":38,""duration_weeks"":8,""recovery_weeks"":1}]"
A,2718,939,Independent baseline,True,True,True,Structural,Concentrated dependency,Concentrated dependency,3,0.5141549638982164,1403.2886191358862,False,True,False,False,False,"[{""target"":""demand"",""magnitude"":0.12711674083708657,""start_week"":14,""duration_weeks"":3,""recovery_weeks"":1},{""target"":""corridor"",""magnitude"":0.4461981531136714,""start_week"":22,""duration_weeks"":3,""recovery_weeks"":3},{""target"":""corridor"",""magnitude"":0.6143837770763377,""start_week"":38,""duration_weeks"":2,""recovery_weeks"":3}]"
A,2718,940,Independent baseline,True,True,True,Structural,Concentrated dependency,Concentrated dependency,2,0.7329348802856821,1502.3907182859068,False,True,False,False,False,"[{""target"":""corridor"",""magnitude"":0.45029883978573826,""start_week"":14,""duration_weeks"":5,""recovery_weeks"":3},{""target"":""corridor"",""magnitude"":0.34183189893662014,""start_week"":37,""duration_weeks"":2,""recovery_weeks"":2}]"
A,2718,941,Independent baseline,False,,False,Non-failure,Unclassified,Unclassified,4,0.9185529361843441,79.80199566786791,False,True,True,False,False,"[{""target"":""demand"",""magnitude"":0.08866888407540871,""start_week"":31,""duration_weeks"":11,""recovery_weeks"":3},{""target"":""corridor"",""magnitude"":0.1945972820338533,""start_week"":34,""duration_weeks"":1,""recovery_weeks"":1},{""target"":""demand"",""magnitude"":0.16053897804120754,""start_week"":43,""duration_weeks"":1,""recovery_weeks"":4},{""target"":""S1A"",""magnitude"":0.2520605907425157,""start_week"":49,""duration_weeks"":2,""recovery_weeks"":4}]"
A,2718,942,Independent baseline,True,True,False,Structural,Concentrated dependency,Concentrated dependency,2,0.7775918637019864,378.8783670587692,False,True,False,False,False,"[{""target"":""corridor"",""magnitude"":0.3423431670607783,""start_week"":21,""duration_weeks"":1,""recovery_weeks"":2},{""target"":""corridor"",""magnitude"":0.4168061022235102,""start_week"":47,""duration_weeks"":2,""recovery_weeks"":2}]"
A,2718,943,Independent baseline,True,False,False,Adaptation-limited,Compounding moderate disturbance,Compounding moderate disturbance,2,0.8255205137596937,578.0543057589487,False,True,False,False,False,"[{""target"":""corridor"",""magnitude"":0.23172499123814577,""start_week"":23,""duration_weeks"":4,""recovery_weeks"":2},{""target"":""demand"",""magnitude"":0.21135693581455522,""start_week"":24,""duration_weeks"":1,""recovery_weeks"":4}]"
A,2718,944,Independent baseline,True,True,False,Structural,Concentrated dependency,Concentrated dependency,2,0.885668430824163,324.7867829401981,False,False,False,False,True,"[{""target"":""S1C"",""magnitude"":0.5072460306456333,""start_week"":12,""duration_weeks"":5,""recovery_weeks"":1},{""target"":""demand"",""magnitude"":0.09777513938676706,""start_week"":17,""duration_weeks"":12,""recovery_weeks"":3}]"
A,2718,945,Independent baseline,False,,False,Non-failure,Unclassified,Unclassified,5,0.8803945941005412,227.79697741191035,False,True,False,False,True,"[{""target"":""corridor"",""magnitude"":0.31229161430608343,""start_week"":21,""duration_weeks"":1,""recovery_weeks"":4},{""target"":""S1C"",""magnitude"":0.2926923615539447,""start_week"":22,""duration_weeks"":6,""recovery_weeks"":2},{""target"":""corridor"",""magnitude"":0.19694772651873227,""start_week"":26,""duration_weeks"":1,""recovery_weeks"":2},{""target"":""demand"",""magnitude"":0.18242026194760314,""start_week"":27,""duration_weeks"":2,""recovery_weeks"":1},{""target"":""demand"",""magnitude"":0.15228568637584955,""start_week"":40,""duration_weeks"":10,""recovery_weeks"":4}]"
A,2718,946,Independent baseline,False,,False,Non-failure,Unclassified,Unclassified,0,1.0,0.0,False,False,False,False,False,[]
A,2718,947,Independent baseline,True,True,False,Structural,Concentrated dependency; Propagation-amplified cascade,Propagation-amplified cascade,5,0.8784974839040157,435.3503542323581,True,True,False,True,True,"[{""target"":""S1B"",""magnitude"":0.3282448468050809,""start_week"":18,""duration_weeks"":3,""recovery_weeks"":2},{""target"":""corridor"",""magnitude"":0.2632835368175037,""start_week"":31,""duration_weeks"":4,""recovery_weeks"":3},{""target"":""S1C"",""magnitude"":0.2554226404389211,""start_week"":38,""duration_weeks"":2,""recovery_weeks"":2},{""target"":""T2P"",""magnitude"":0.2650477343895801,""start_week"":44,""duration_weeks"":4,""recovery_weeks"":1},{""target"":""corridor"",""magnitude"":0.3411268870719881,""start_week"":47,""duration_weeks"":9,""recovery_weeks"":2}]"
A,2718,948,Independent baseline,True,True,True,Structural,Concentrated dependency; Hidden convergent dependency,Hidden convergent dependency,2,0.8109935914838087,888.133126005021,True,False,False,False,False,"[{""target"":""demand"",""magnitude"":0.19529147581053474,""start_week"":36,""duration_weeks"":2,""recovery_weeks"":1},{""target"":""T2P"",""magnitude"":0.2701057676645721,""start_week"":40,""duration_weeks"":15,""recovery_weeks"":2}]"
A,2718,949,Independent baseline,True,True,True,Structural,Concentrated dependency; Propagation-amplified cascade,Propagation-amplified cascade,3,0.5884012175236955,2202.7126212625326,True,True,False,False,True,"[{""target"":""S1C"",""magnitude"":0.3731045818434251,""start_week"":4,""duration_weeks"":3,""recovery_weeks"":2},{""target"":""T2P"",""magnitude"":0.27051417150053914,""start_week"":26,""duration_weeks"":3,""recovery_weeks"":1},{""target"":""corridor"",""magnitude"":0.5586990868572285,""start_week"":45,""duration_weeks"":8,""recovery_weeks"":3}]"
A,2718,950,Independent baseline,True,True,False,Structural,Concentrated dependency,Concentrated dependency,2,0.8500979152629488,319.53000673784663,False,False,False,True,False,"[{""target"":""S1B"",""magnitude"":0.5872796906583655,""start_week"":22,""duration_weeks"":5,""recovery_weeks"":2},{""target"":""demand"",""magnitude"":0.12782098171515416,""start_week"":39,""duration_weeks"":5,""recovery_weeks"":2}]"
A,2718,951,Independent baseline,True,False,True,Adaptation-limited,Concentrated dependency,Concentrated dependency,1,0.6927597939657701,3041.678039738874,False,True,False,False,False,"[{""target"":""corridor"",""magnitude"":0.4804301545256723,""start_week"":31,""duration_weeks"":10,""recovery_weeks"":1}]"
A,2718,952,Independent baseline,False,,False,Non-failure,Unclassified,Unclassified,3,0.9628110894492377,78.09671215660092,True,False,True,True,False,"[{""target"":""T2P"",""magnitude"":0.3768389898643176,""start_week"":8,""duration_weeks"":1,""recovery_weeks"":1},{""target"":""S1A"",""magnitude"":0.20217007557390676,""start_week"":29,""duration_weeks"":2,""recovery_weeks"":1},{""target"":""S1B"",""magnitude"":0.33367504873921516,""start_week"":41,""duration_weeks"":3,""recovery_weeks"":4}]"
A,2718,953,Independent baseline,False,,False,Non-failure,Unclassified,Unclassified,2,0.9249503429873481,76.75394452839748,False,False,False,False,True,"[{""target"":""S1C"",""magnitude"":0.299237343214807,""start_week"":29,""duration_weeks"":2,""recovery_weeks"":4},{""target"":""demand"",""magnitude"":0.1363431091061672,""start_week"":42,""duration_weeks"":7,""recovery_weeks"":3}]"
A,2718,954,Independent baseline,False,,False,Non-failure,Unclassified,Unclassified,1,0.9548351203061037,81.29678344901322,False,False,True,False,False,"[{""target"":""S1A"",""magnitude"":0.3516209793112665,""start_week"":40,""duration_weeks"":1,""recovery_weeks"":4}]"
A,2718,955,Independent baseline,False,,False,Non-failure,Unclassified,Unclassified,1,0.9593135870903305,61.25105875897145,True,False,False,False,False,"[{""target"":""T2P"",""magnitude"":0.27323554323740507,""start_week"":27,""duration_weeks"":2,""recovery_weeks"":4}]"
A,2718,956,Independent baseline,True,True,True,Structural,Concentrated dependency,Concentrated dependency,3,0.5374956425897647,1842.5183011229879,True,True,False,False,True,"[{""target"":""corridor"",""magnitude"":0.5968782680576765,""start_week"":12,""duration_weeks"":3,""recovery_weeks"":3},{""target"":""T2P"",""magnitude"":0.30455170635184675,""start_week"":28,""duration_weeks"":5,""recovery_weeks"":1},{""target"":""S1C"",""magnitude"":0.3256533930520781,""start_week"":43,""duration_weeks"":4,""recovery_weeks"":4}]"
A,2718,957,Independent baseline,True,False,True,Adaptation-limited,Compounding moderate disturbance,Compounding moderate disturbance,3,0.7398822420320408,1371.618912449383,False,True,False,False,False,"[{""target"":""demand"",""magnitude"":0.10961169236941322,""start_week"":8,""duration_weeks"":2,""recovery_weeks"":1},{""target"":""corridor"",""magnitude"":0.31281755927629973,""start_week"":28,""duration_weeks"":6,""recovery_weeks"":4},{""target"":""corridor"",""magnitude"":0.19248274018813674,""start_week"":30,""duration_weeks"":12,""recovery_weeks"":2}]"
A,2718,958,Independent baseline,False,,False,Non-failure,Unclassified,Unclassified,3,0.9685203671014364,56.66333921741443,False,True,False,False,True,"[{""target"":""corridor"",""magnitude"":0.27360972467392264,""start_week"":8,""duration_weeks"":1,""recovery_weeks"":2},{""target"":""corridor"",""magnitude"":0.2635934218701437,""start_week"":25,""duration_weeks"":1,""recovery_weeks"":4},{""target"":""S1C"",""magnitude"":0.21645766793726207,""start_week"":37,""duration_weeks"":3,""recovery_weeks"":1}]"
A,2718,959,Independent baseline,True,False,True,Adaptation-limited,Concentrated dependency,Concentrated dependency,2,0.6847116732915541,2691.6550668666114,False,True,False,False,False,"[{""target"":""corridor"",""magnitude"":0.4864662450313344,""start_week"":22,""duration_weeks"":8,""recovery_weeks"":4},{""target"":""demand"",""magnitude"":0.06374925819784107,""start_week"":45,""duration_weeks"":1,""recovery_weeks"":3}]"
A,2718,960,Independent baseline,True,True,False,Structural,Hidden convergent dependency; Compounding moderate disturbance; Propagation-amplified cascade; Recovery lag and temporal overlap,Hidden convergent dependency,2,0.8044829230925871,540.5132373712504,True,False,False,False,False,"[{""target"":""T2P"",""magnitude"":0.2625671431482632,""start_week"":36,""duration_weeks"":1,""recovery_weeks"":1},{""target"":""T2P"",""magnitude"":0.2759653692166717,""start_week"":37,""duration_weeks"":3,""recovery_weeks"":3}]"
A,2718,961,Independent baseline,True,False,True,Adaptation-limited,Concentrated dependency,Concentrated dependency,5,0.5288497187342391,1034.834338294902,False,True,True,False,False,"[{""target"":""demand"",""magnitude"":0.07707146122082321,""start_week"":4,""duration_weeks"":3,""recovery_weeks"":3},{""target"":""S1A"",""magnitude"":0.4916689113202364,""start_week"":18,""duration_weeks"":1,""recovery_weeks"":4},{""target"":""corridor"",""magnitude"":0.6033627109493207,""start_week"":30,""duration_weeks"":1,""recovery_weeks"":2},{""target"":""corridor"",""magnitude"":0.24297018384903235,""start_week"":32,""duration_weeks"":2,""recovery_weeks"":4},{""target"":""corridor"",""magnitude"":0.230489932201345,""start_week"":36,""duration_weeks"":5,""recovery_weeks"":4}]"
A,2718,962,Independent baseline,True,False,False,Adaptation-limited,Hidden convergent dependency; Compounding moderate disturbance; Propagation-amplified cascade,Hidden convergent dependency,3,0.7073619044143991,500.0842540970468,True,False,False,False,False,"[{""target"":""T2P"",""magnitude"":0.2839845584063698,""start_week"":6,""duration_weeks"":1,""recovery_weeks"":2},{""target"":""T2P"",""magnitude"":0.3633742860270407,""start_week"":10,""duration_weeks"":2,""recovery_weeks"":1},{""target"":""T2P"",""magnitude"":0.4089566382940666,""start_week"":23,""duration_weeks"":1,""recovery_weeks"":3}]"
A,2718,963,Independent baseline,False,,False,Non-failure,Unclassified,Unclassified,2,0.8420122163162649,239.85969238977543,False,True,False,False,False,"[{""target"":""corridor"",""magnitude"":0.20846474123936232,""start_week"":19,""duration_weeks"":1,""recovery_weeks"":4},{""target"":""demand"",""magnitude"":0.18763122508473684,""start_week"":32,""duration_weeks"":5,""recovery_weeks"":4}]"
A,2718,964,Independent baseline,False,,False,Non-failure,Unclassified,Unclassified,1,0.9615639334632634,69.18491976612586,False,True,False,False,False,"[{""target"":""corridor"",""magnitude"":0.27882704990255247,""start_week"":2,""duration_weeks"":1,""recovery_weeks"":3}]"
A,2718,965,Independent baseline,True,False,True,Adaptation-limited,Concentrated dependency; Propagation-amplified cascade,Propagation-amplified cascade,5,0.7397180536313258,1373.9697151163282,True,True,False,False,True,"[{""target"":""T2P"",""magnitude"":0.18774483987071927,""start_week"":19,""duration_weeks"":1,""recovery_weeks"":1},{""target"":""corridor"",""magnitude"":0.24782098255415383,""start_week"":22,""duration_weeks"":2,""recovery_weeks"":2},{""target"":""S1C"",""magnitude"":0.28944099409314084,""start_week"":29,""duration_weeks"":1,""recovery_weeks"":3},{""target"":""corridor"",""magnitude"":0.44521145977650567,""start_week"":45,""duration_weeks"":8,""recovery_weeks"":1},{""target"":""T2P"",""magnitude"":0.21823082746985017,""start_week"":46,""duration_weeks"":2,""recovery_weeks"":3}]"
A,2718,966,Independent baseline,True,True,True,Structural,Concentrated dependency; Hidden convergent dependency; Recovery lag and temporal overlap,Hidden convergent dependency,5,0.5254979231775979,4253.469653765397,True,True,True,False,False,"[{""target"":""corridor"",""magnitude"":0.32026288634343103,""start_week"":1,""duration_weeks"":14,""recovery_weeks"":2},{""target"":""demand"",""magnitude"":0.14297920420971266,""start_week"":20,""duration_weeks"":1,""recovery_weeks"":3},{""target"":""T2P"",""magnitude"":0.4401464991235171,""start_week"":22,""duration_weeks"":9,""recovery_weeks"":2},{""target"":""S1A"",""magnitude"":0.37294853745046397,""start_week"":33,""duration_weeks"":3,""recovery_weeks"":3},{""target"":""T2P"",""magnitude"":0.5270518691401619,""start_week"":42,""duration_weeks"":1,""recovery_weeks"":3}]"
A,2718,967,Independent baseline,False,,False,Non-failure,Unclassified,Unclassified,1,1.0,0.0,False,True,False,False,False,"[{""target"":""corridor"",""magnitude"":0.17306229120513678,""start_week"":8,""duration_weeks"":10,""recovery_weeks"":4}]"
A,2718,968,Independent baseline,False,,False,Non-failure,Unclassified,Unclassified,1,1.0,0.0,True,False,False,False,False,"[{""target"":""T2P"",""magnitude"":0.487384384238164,""start_week"":49,""duration_weeks"":7,""recovery_weeks"":2}]"
A,2718,969,Independent baseline,True,True,False,Structural,Concentrated dependency,Concentrated dependency,2,0.8749551466891546,562.7018398988042,False,True,False,False,True,"[{""target"":""corridor"",""magnitude"":0.34378363998313405,""start_week"":10,""duration_weeks"":4,""recovery_weeks"":1},{""target"":""S1C"",""magnitude"":0.254908010179594,""start_week"":18,""duration_weeks"":2,""recovery_weeks"":3}]"
A,2718,970,Independent baseline,True,True,True,Structural,Concentrated dependency; Hidden convergent dependency; Recovery lag and temporal overlap,Hidden convergent dependency,4,0.5066470810052482,1372.977372515326,True,True,False,False,False,"[{""target"":""demand"",""magnitude"":0.148543171476767,""start_week"":19,""duration_weeks"":2,""recovery_weeks"":2},{""target"":""corridor"",""magnitude"":0.1983037609775052,""start_week"":24,""duration_weeks"":3,""recovery_weeks"":4},{""target"":""T2P"",""magnitude"":0.39635914118219506,""start_week"":29,""duration_weeks"":5,""recovery_weeks"":1},{""target"":""T2P"",""magnitude"":0.24461314000888187,""start_week"":32,""duration_weeks"":1,""recovery_weeks"":3}]"
A,2718,971,Independent baseline,False,,False,Non-failure,Unclassified,Unclassified,1,0.9445109536376066,99.88028345230805,False,False,False,False,True,"[{""target"":""S1C"",""magnitude"":0.37485035431538505,""start_week"":19,""duration_weeks"":1,""recovery_weeks"":1}]"
A,2718,972,Independent baseline,True,False,True,Adaptation-limited,Concentrated dependency; Hidden convergent dependency; Propagation-amplified cascade,Hidden convergent dependency,4,0.7534736604391671,792.1790864308716,True,True,False,True,False,"[{""target"":""T2P"",""magnitude"":0.3218737056047495,""start_week"":16,""duration_weeks"":5,""recovery_weeks"":2},{""target"":""S1B"",""magnitude"":0.31189781664622296,""start_week"":33,""duration_weeks"":1,""recovery_weeks"":4},{""target"":""demand"",""magnitude"":0.08960450917858384,""start_week"":36,""duration_weeks"":2,""recovery_weeks"":3},{""target"":""corridor"",""magnitude"":0.24006336429198455,""start_week"":49,""duration_weeks"":1,""recovery_weeks"":1}]"
A,2718,973,Independent baseline,False,,False,Non-failure,Unclassified,Unclassified,2,0.9390659696017418,58.3991211838827,False,False,False,True,False,"[{""target"":""demand"",""magnitude"":0.06488791242653619,""start_week"":5,""duration_weeks"":2,""recovery_weeks"":3},{""target"":""S1B"",""magnitude"":0.23059925823221528,""start_week"":15,""duration_weeks"":10,""recovery_weeks"":4}]"
A,2718,974,Independent baseline,True,False,False,Adaptation-limited,Hidden convergent dependency; Compounding moderate disturbance; Recovery lag and temporal overlap,Hidden convergent dependency,6,0.7701908985930775,460.27769247789206,True,True,False,False,True,"[{""target"":""S1C"",""magnitude"":0.21540192676015585,""start_week"":10,""duration_weeks"":1,""recovery_weeks"":2},{""target"":""corridor"",""magnitude"":0.2498025875018841,""start_week"":17,""duration_weeks"":2,""recovery_weeks"":1},{""target"":""demand"",""magnitude"":0.11033289158472487,""start_week"":34,""duration_weeks"":1,""recovery_weeks"":2},{""target"":""T2P"",""magnitude"":0.2216643249573933,""start_week"":37,""duration_weeks"":2,""recovery_weeks"":4},{""target"":""demand"",""magnitude"":0.21246187548241008,""start_week"":41,""duration_weeks"":1,""recovery_weeks"":4},{""target"":""S1C"",""magnitude"":0.23851216147983356,""start_week"":49,""duration_weeks"":5,""recovery_weeks"":1}]"
A,2718,975,Independent baseline,True,True,False,Structural,Concentrated dependency,Concentrated dependency,1,0.8636504806014522,245.4291349173859,False,True,False,False,False,"[{""target"":""corridor"",""magnitude"":0.35226213954891084,""start_week"":1,""duration_weeks"":1,""recovery_weeks"":3}]"
A,2718,976,Independent baseline,True,True,True,Structural,Hidden convergent dependency; Compounding moderate disturbance; Propagation-amplified cascade,Hidden convergent dependency,5,0.6635895727713741,1407.6700406234318,True,True,False,True,False,"[{""target"":""T2P"",""magnitude"":0.3734007566793453,""start_week"":2,""duration_weeks"":2,""recovery_weeks"":1},{""target"":""T2P"",""magnitude"":0.32389927809887975,""start_week"":12,""duration_weeks"":2,""recovery_weeks"":3},{""target"":""S1B"",""magnitude"":0.3926580668751959,""start_week"":21,""duration_weeks"":7,""recovery_weeks"":1},{""target"":""corridor"",""magnitude"":0.5023078204214694,""start_week"":23,""duration_weeks"":3,""recovery_weeks"":1},{""target"":""demand"",""magnitude"":0.08087975685816987,""start_week"":39,""duration_weeks"":3,""recovery_weeks"":3}]"
A,2718,977,Independent baseline,False,,False,Non-failure,Unclassified,Unclassified,2,0.9218013472224101,211.13636249949263,False,True,False,False,False,"[{""target"":""corridor"",""magnitude"":0.3086489895831924,""start_week"":26,""duration_weeks"":2,""recovery_weeks"":4},{""target"":""corridor"",""magnitude"":0.3310942209131015,""start_week"":50,""duration_weeks"":1,""recovery_weeks"":3}]"
A,2718,978,Independent baseline,True,False,True,Adaptation-limited,Concentrated dependency; Hidden convergent dependency; Recovery lag and temporal overlap,Hidden convergent dependency,5,0.7333664648593968,773.5771506742819,True,False,True,False,False,"[{""target"":""S1A"",""magnitude"":0.19714242051285846,""start_week"":15,""duration_weeks"":3,""recovery_weeks"":2},{""target"":""demand"",""magnitude"":0.15336380640402297,""start_week"":18,""duration_weeks"":2,""recovery_weeks"":4},{""target"":""demand"",""magnitude"":0.17841676973297443,""start_week"":25,""duration_weeks"":2,""recovery_weeks"":4},{""target"":""T2P"",""magnitude"":0.33997018162654274,""start_week"":28,""duration_weeks"":3,""recovery_weeks"":2},{""target"":""T2P"",""magnitude"":0.3441482047944525,""start_week"":47,""duration_weeks"":1,""recovery_weeks"":4}]"
A,2718,979,Independent baseline,True,True,False,Structural,Compounding moderate disturbance,Compounding moderate disturbance,4,0.7975362752701255,1095.2546329063211,False,True,False,False,False,"[{""target"":""demand"",""magnitude"":0.18312350235674069,""start_week"":1,""duration_weeks"":11,""recovery_weeks"":1},{""target"":""demand"",""magnitude"":0.1775435102897273,""start_week"":11,""duration_weeks"":3,""recovery_weeks"":4},{""target"":""demand"",""magnitude"":0.18255597996020811,""start_week"":30,""duration_weeks"":1,""recovery_weeks"":3},{""target"":""corridor"",""magnitude"":0.49194753686352743,""start_week"":51,""duration_weeks"":1,""recovery_weeks"":4}]"
A,2718,980,Independent baseline,True,True,True,Structural,Concentrated dependency,Concentrated dependency,1,0.6404933316901409,1629.558008133803,False,True,False,False,False,"[{""target"":""corridor"",""magnitude"":0.5196300012323943,""start_week"":26,""duration_weeks"":4,""recovery_weeks"":2}]"
A,2718,981,Independent baseline,True,True,False,Structural,Concentrated dependency,Concentrated dependency,3,0.8312122431604041,303.8179623112727,False,True,False,True,False,"[{""target"":""S1B"",""magnitude"":0.6297724528890908,""start_week"":21,""duration_weeks"":1,""recovery_weeks"":1},{""target"":""corridor"",""magnitude"":0.31074071862056407,""start_week"":26,""duration_weeks"":5,""recovery_weeks"":3},{""target"":""S1B"",""magnitude"":0.2461137146697575,""start_week"":37,""duration_weeks"":5,""recovery_weeks"":4}]"
A,2718,982,Independent baseline,True,True,False,Structural,Concentrated dependency,Concentrated dependency,2,0.8940841038487836,190.64861307218962,False,True,False,False,False,"[{""target"":""corridor"",""magnitude"":0.32943692211341224,""start_week"":13,""duration_weeks"":1,""recovery_weeks"":3},{""target"":""corridor"",""magnitude"":0.18360044201331954,""start_week"":29,""duration_weeks"":8,""recovery_weeks"":2}]"
A,2718,983,Independent baseline,False,,False,Non-failure,Unclassified,Unclassified,1,0.8422069881230811,168.62091230769147,False,False,False,False,False,"[{""target"":""demand"",""magnitude"":0.18735656923076843,""start_week"":24,""duration_weeks"":2,""recovery_weeks"":2}]"
A,2718,984,Independent baseline,False,,False,Non-failure,Unclassified,Unclassified,5,0.9130065997421432,548.058421624498,True,True,True,False,False,"[{""target"":""corridor"",""magnitude"":0.31524505019339255,""start_week"":18,""duration_weeks"":6,""recovery_weeks"":3},{""target"":""S1A"",""magnitude"":0.3934131419205972,""start_week"":21,""duration_weeks"":2,""recovery_weeks"":3},{""target"":""T2P"",""magnitude"":0.2227030226816947,""start_week"":28,""duration_weeks"":1,""recovery_weeks"":4},{""target"":""S1A"",""magnitude"":0.20039309345580392,""start_week"":31,""duration_weeks"":1,""recovery_weeks"":3},{""target"":""corridor"",""magnitude"":0.26362381602829216,""start_week"":35,""duration_weeks"":1,""recovery_weeks"":2}]"
A,2718,985,Independent baseline,False,,False,Non-failure,Unclassified,Unclassified,1,0.9337995047806412,63.804323510986364,False,False,False,False,False,"[{""target"":""demand"",""magnitude"":0.07089369278998482,""start_week"":51,""duration_weeks"":3,""recovery_weeks"":3}]"
A,2718,986,Independent baseline,False,,False,Non-failure,Unclassified,Unclassified,3,0.9406651647400088,124.60315404598157,True,False,False,False,True,"[{""target"":""S1C"",""magnitude"":0.38350337933498035,""start_week"":18,""duration_weeks"":3,""recovery_weeks"":3},{""target"":""demand"",""magnitude"":0.11502107639431991,""start_week"":32,""duration_weeks"":2,""recovery_weeks"":2},{""target"":""T2P"",""magnitude"":0.46988006546313743,""start_week"":50,""duration_weeks"":4,""recovery_weeks"":2}]"
A,2718,987,Independent baseline,True,True,False,Structural,Concentrated dependency,Concentrated dependency,4,0.8677489217245572,238.0519408957971,False,True,False,True,False,"[{""target"":""S1B"",""magnitude"":0.5475649261197463,""start_week"":21,""duration_weeks"":1,""recovery_weeks"":4},{""target"":""demand"",""magnitude"":0.17338713568749817,""start_week"":40,""duration_weeks"":1,""recovery_weeks"":2},{""target"":""corridor"",""magnitude"":0.2872986742465029,""start_week"":43,""duration_weeks"":6,""recovery_weeks"":4},{""target"":""corridor"",""magnitude"":0.25820177970556296,""start_week"":51,""duration_weeks"":6,""recovery_weeks"":4}]"
A,2718,988,Independent baseline,True,True,False,Structural,Concentrated dependency; Recovery lag and temporal overlap,Recovery lag and temporal overlap,3,0.7718719082444887,736.8061198220502,False,False,False,False,False,"[{""target"":""demand"",""magnitude"":0.19801328015098757,""start_week"":25,""duration_weeks"":3,""recovery_weeks"":4},{""target"":""demand"",""magnitude"":0.10772076137490225,""start_week"":46,""duration_weeks"":1,""recovery_weeks"":2},{""target"":""demand"",""magnitude"":0.2995169834098104,""start_week"":47,""duration_weeks"":4,""recovery_weeks"":1}]"
A,2718,989,Independent baseline,True,True,True,Structural,Concentrated dependency,Concentrated dependency,4,0.7173829940964831,808.3429807452254,True,True,False,False,False,"[{""target"":""corridor"",""magnitude"":0.43241339957706615,""start_week"":22,""duration_weeks"":2,""recovery_weeks"":4},{""target"":""T2P"",""magnitude"":0.35435530531316506,""start_week"":25,""duration_weeks"":1,""recovery_weeks"":4},{""target"":""T2P"",""magnitude"":0.3147166585536194,""start_week"":38,""duration_weeks"":2,""recovery_weeks"":1},{""target"":""corridor"",""magnitude"":0.4512791161368528,""start_week"":51,""duration_weeks"":2,""recovery_weeks"":2}]"
A,2718,990,Independent baseline,True,True,False,Structural,Concentrated dependency,Concentrated dependency,5,0.5981369744722532,723.3534459499442,False,True,False,False,True,"[{""target"":""corridor"",""magnitude"":0.5513972691458101,""start_week"":7,""duration_weeks"":1,""recovery_weeks"":1},{""target"":""corridor"",""magnitude"":0.24977116639974117,""start_week"":29,""duration_weeks"":4,""recovery_weeks"":1},{""target"":""demand"",""magnitude"":0.13138301957953896,""start_week"":31,""duration_weeks"":3,""recovery_weeks"":3},{""target"":""S1C"",""magnitude"":0.28636924035480105,""start_week"":40,""duration_weeks"":4,""recovery_weeks"":1},{""target"":""demand"",""magnitude"":0.18333667846072227,""start_week"":51,""duration_weeks"":3,""recovery_weeks"":1}]"
A,2718,991,Independent baseline,True,True,False,Structural,Concentrated dependency; Propagation-amplified cascade,Propagation-amplified cascade,2,0.8917375628591516,194.87238685352713,True,False,False,True,False,"[{""target"":""T2P"",""magnitude"":0.1999548285982769,""start_week"":5,""duration_weeks"":1,""recovery_weeks"":2},{""target"":""S1B"",""magnitude"":0.4935904835669088,""start_week"":15,""duration_weeks"":1,""recovery_weeks"":4}]"
A,2718,992,Independent baseline,False,,False,Non-failure,Unclassified,Unclassified,1,0.7890853885560071,189.82315029959364,True,False,False,False,False,"[{""target"":""T2P"",""magnitude"":0.36327438343319784,""start_week"":24,""duration_weeks"":2,""recovery_weeks"":1}]"
A,2718,993,Independent baseline,True,False,False,Adaptation-limited,Concentrated dependency,Concentrated dependency,1,0.5297201700808006,908.1296173181987,False,True,False,False,False,"[{""target"":""corridor"",""magnitude"":0.6027098724393996,""start_week"":23,""duration_weeks"":1,""recovery_weeks"":2}]"
A,2718,994,Independent baseline,True,True,False,Structural,Concentrated dependency; Hidden convergent dependency,Hidden convergent dependency,5,0.6776638484064977,1004.4409736833112,True,False,False,True,True,"[{""target"":""S1B"",""magnitude"":0.40814634485159085,""start_week"":1,""duration_weeks"":1,""recovery_weeks"":1},{""target"":""demand"",""magnitude"":0.27684740909252825,""start_week"":6,""duration_weeks"":2,""recovery_weeks"":3},{""target"":""T2P"",""magnitude"":0.4537229507325925,""start_week"":7,""duration_weeks"":1,""recovery_weeks"":2},{""target"":""S1C"",""magnitude"":0.380245024183638,""start_week"":8,""duration_weeks"":1,""recovery_weeks"":4},{""target"":""S1C"",""magnitude"":0.16399108730186543,""start_week"":22,""duration_weeks"":1,""recovery_weeks"":3}]"
A,2718,995,Independent baseline,True,True,True,Structural,Concentrated dependency; Hidden convergent dependency; Propagation-amplified cascade,Hidden convergent dependency,1,0.5652790400800806,2575.6153433873833,True,False,False,False,False,"[{""target"":""T2P"",""magnitude"":0.49124886392792744,""start_week"":36,""duration_weeks"":6,""recovery_weeks"":4}]"
A,2718,996,Independent baseline,False,,False,Non-failure,Unclassified,Unclassified,2,0.9016027306296872,267.9873072021819,False,True,True,False,False,"[{""target"":""corridor"",""magnitude"":0.27271805558390483,""start_week"":40,""duration_weeks"":5,""recovery_weeks"":2},{""target"":""S1A"",""magnitude"":0.5168299672510129,""start_week"":42,""duration_weeks"":2,""recovery_weeks"":4}]"
A,2718,997,Independent baseline,False,,False,Non-failure,Unclassified,Unclassified,1,0.951558429039293,87.19482772927267,False,True,False,False,False,"[{""target"":""corridor"",""magnitude"":0.2863311782205302,""start_week"":21,""duration_weeks"":1,""recovery_weeks"":2}]"
A,2718,998,Independent baseline,True,True,True,Structural,Concentrated dependency,Concentrated dependency,5,0.5366011713203077,2679.8991926508197,True,True,True,False,False,"[{""target"":""demand"",""magnitude"":0.1825048948205354,""start_week"":6,""duration_weeks"":3,""recovery_weeks"":2},{""target"":""T2P"",""magnitude"":0.23022999359899293,""start_week"":14,""duration_weeks"":2,""recovery_weeks"":2},{""target"":""corridor"",""magnitude"":0.49392471468129806,""start_week"":28,""duration_weeks"":2,""recovery_weeks"":4},{""target"":""T2P"",""magnitude"":0.5170589458117231,""start_week"":35,""duration_weeks"":4,""recovery_weeks"":4},{""target"":""S1A"",""magnitude"":0.28509057481747024,""start_week"":42,""duration_weeks"":2,""recovery_weeks"":1}]"
A,2718,999,Independent baseline,False,,False,Non-failure,Unclassified,Unclassified,1,0.9771801983636217,41.07564294548092,False,True,False,False,False,"[{""target"":""corridor"",""magnitude"":0.2671148512272838,""start_week"":16,""duration_weeks"":1,""recovery_weeks"":3}]"
A,2718,1000,Independent baseline,True,False,False,Adaptation-limited,Concentrated dependency; Propagation-amplified cascade,Propagation-amplified cascade,5,0.8124839502046429,311.594811668219,True,True,True,False,False,"[{""target"":""T2P"",""magnitude"":0.2807039994919027,""start_week"":9,""duration_weeks"":1,""recovery_weeks"":1},{""target"":""S1A"",""magnitude"":0.491282471889789,""start_week"":19,""duration_weeks"":1,""recovery_weeks"":4},{""target"":""demand"",""magnitude"":0.09880736179698983,""start_week"":20,""duration_weeks"":2,""recovery_weeks"":1},{""target"":""corridor"",""magnitude"":0.34299619137021575,""start_week"":49,""duration_weeks"":1,""recovery_weeks"":3},{""target"":""T2P"",""magnitude"":0.4111853001099074,""start_week"":51,""duration_weeks"":2,""recovery_weeks"":1}]"
