topology,seed,replication,dependence_model,moderate_passive_failure,moderate_active_failure,severe_passive_failure,passive_active_classification,mechanism_labels,primary_mechanism,event_count,worst_service_level,max_backlog_passive,has_T2P,has_corridor,has_S1A,has_S1B,has_S1C,event_specification
A,2026,1,Supplier-cluster shock,True,True,False,Structural,Concentrated dependency; Hidden convergent dependency; Propagation-amplified cascade,Hidden convergent dependency,2,0.7963567209348931,499.6737069515772,True,True,False,False,False,"[{""target"":""T2P"",""magnitude"":0.28327895115859625,""start_week"":9,""duration_weeks"":5,""recovery_weeks"":1},{""target"":""corridor"",""magnitude"":0.2610011335654354,""start_week"":41,""duration_weeks"":10,""recovery_weeks"":4}]"
A,2026,2,Supplier-cluster shock,False,,False,Non-failure,Unclassified,Unclassified,2,1.0,0.0,False,True,False,False,False,"[{""target"":""corridor"",""magnitude"":0.2023995480738911,""start_week"":37,""duration_weeks"":1,""recovery_weeks"":1},{""target"":""corridor"",""magnitude"":0.16631062210480793,""start_week"":43,""duration_weeks"":3,""recovery_weeks"":2}]"
A,2026,3,Supplier-cluster shock,True,True,False,Structural,Concentrated dependency; Hidden convergent dependency; Propagation-amplified cascade,Hidden convergent dependency,2,0.8050928577192138,354.3336636838576,True,False,False,False,False,"[{""target"":""demand"",""magnitude"":0.0973634348270472,""start_week"":13,""duration_weeks"":3,""recovery_weeks"":1},{""target"":""T2P"",""magnitude"":0.3031337885049201,""start_week"":17,""duration_weeks"":3,""recovery_weeks"":4}]"
A,2026,4,Supplier-cluster shock,True,True,True,Structural,Concentrated dependency; Hidden convergent dependency,Hidden convergent dependency,4,0.5429176148494665,3400.107543806972,True,False,False,False,False,"[{""target"":""demand"",""magnitude"":0.12079909147372199,""start_week"":22,""duration_weeks"":5,""recovery_weeks"":1},{""target"":""T2P"",""magnitude"":0.4724284329285964,""start_week"":29,""duration_weeks"":4,""recovery_weeks"":4},{""target"":""T2P"",""magnitude"":0.4459351493524164,""start_week"":36,""duration_weeks"":4,""recovery_weeks"":1},{""target"":""demand"",""magnitude"":0.10671708771984226,""start_week"":49,""duration_weeks"":1,""recovery_weeks"":3}]"
A,2026,5,Supplier-cluster shock,True,False,True,Adaptation-limited,Concentrated dependency; Propagation-amplified cascade,Propagation-amplified cascade,3,0.7301706450012981,721.0846184402976,True,True,False,False,False,"[{""target"":""T2P"",""magnitude"":0.4517952459403757,""start_week"":15,""duration_weeks"":1,""recovery_weeks"":3},{""target"":""corridor"",""magnitude"":0.45237201624902634,""start_week"":19,""duration_weeks"":1,""recovery_weeks"":4},{""target"":""corridor"",""magnitude"":0.40469381115430825,""start_week"":25,""duration_weeks"":2,""recovery_weeks"":4}]"
A,2026,6,Supplier-cluster shock,False,,False,Non-failure,Unclassified,Unclassified,2,1.0,0.0,True,True,False,False,False,"[{""target"":""corridor"",""magnitude"":0.21383377950505042,""start_week"":12,""duration_weeks"":1,""recovery_weeks"":1},{""target"":""T2P"",""magnitude"":0.2551646779525837,""start_week"":40,""duration_weeks"":1,""recovery_weeks"":1}]"
A,2026,7,Supplier-cluster shock,False,,False,Non-failure,Unclassified,Unclassified,0,1.0,0.0,False,False,False,False,False,[]
A,2026,8,Supplier-cluster shock,True,True,False,Structural,Concentrated dependency,Concentrated dependency,4,0.8611523227875639,481.7184493965226,False,False,True,True,True,"[{""target"":""S1C"",""magnitude"":0.5529863526374228,""start_week"":1,""duration_weeks"":11,""recovery_weeks"":1},{""target"":""S1A"",""magnitude"":0.3824679286727683,""start_week"":9,""duration_weeks"":1,""recovery_weeks"":3},{""target"":""S1B"",""magnitude"":0.5260147436744468,""start_week"":40,""duration_weeks"":1,""recovery_weeks"":3},{""target"":""demand"",""magnitude"":0.22625375119126928,""start_week"":46,""duration_weeks"":1,""recovery_weeks"":1}]"
A,2026,9,Supplier-cluster shock,False,,False,Non-failure,Unclassified,Unclassified,6,0.9194025927636544,165.4642277337157,True,False,True,True,True,"[{""target"":""T2P"",""magnitude"":0.23138019039115187,""start_week"":6,""duration_weeks"":2,""recovery_weeks"":2},{""target"":""demand"",""magnitude"":0.08766280177008834,""start_week"":16,""duration_weeks"":4,""recovery_weeks"":2},{""target"":""S1B"",""magnitude"":0.320065018339773,""start_week"":18,""duration_weeks"":7,""recovery_weeks"":4},{""target"":""S1C"",""magnitude"":0.3220104608262987,""start_week"":20,""duration_weeks"":2,""recovery_weeks"":4},{""target"":""S1A"",""magnitude"":0.3665052123637166,""start_week"":38,""duration_weeks"":2,""recovery_weeks"":2},{""target"":""demand"",""magnitude"":0.13180780071303316,""start_week"":44,""duration_weeks"":3,""recovery_weeks"":2}]"
A,2026,10,Supplier-cluster shock,True,False,True,Adaptation-limited,Concentrated dependency,Concentrated dependency,2,0.7861652159222027,1347.1591396901226,False,True,True,False,False,"[{""target"":""corridor"",""magnitude"":0.410376088058348,""start_week"":2,""duration_weeks"":6,""recovery_weeks"":1},{""target"":""S1A"",""magnitude"":0.21701860260066566,""start_week"":20,""duration_weeks"":1,""recovery_weeks"":3}]"
A,2026,11,Supplier-cluster shock,False,,False,Non-failure,Unclassified,Unclassified,3,0.8615577587929278,210.8049884115635,True,True,False,False,False,"[{""target"":""demand"",""magnitude"":0.09054947935973975,""start_week"":10,""duration_weeks"":6,""recovery_weeks"":1},{""target"":""T2P"",""magnitude"":0.29949337469102166,""start_week"":18,""duration_weeks"":1,""recovery_weeks"":2},{""target"":""corridor"",""magnitude"":0.3538316809053041,""start_week"":37,""duration_weeks"":2,""recovery_weeks"":1}]"
A,2026,12,Supplier-cluster shock,False,,False,Non-failure,Unclassified,Unclassified,0,1.0,0.0,False,False,False,False,False,[]
A,2026,13,Supplier-cluster shock,False,,False,Non-failure,Unclassified,Unclassified,1,0.7638109885847671,278.30197974445446,False,False,False,False,False,"[{""target"":""demand"",""magnitude"":0.30922442193828265,""start_week"":50,""duration_weeks"":3,""recovery_weeks"":3}]"
A,2026,14,Supplier-cluster shock,True,False,True,Adaptation-limited,Concentrated dependency,Concentrated dependency,4,0.7909460979454364,1718.768947874704,False,True,True,True,False,"[{""target"":""corridor"",""magnitude"":0.4067904265409227,""start_week"":14,""duration_weeks"":8,""recovery_weeks"":3},{""target"":""S1B"",""magnitude"":0.3519840545731532,""start_week"":20,""duration_weeks"":2,""recovery_weeks"":3},{""target"":""S1A"",""magnitude"":0.24057160439658945,""start_week"":30,""duration_weeks"":6,""recovery_weeks"":1},{""target"":""demand"",""magnitude"":0.12805112498680515,""start_week"":31,""duration_weeks"":5,""recovery_weeks"":4}]"
A,2026,15,Supplier-cluster shock,True,False,False,Adaptation-limited,Concentrated dependency,Concentrated dependency,4,0.719080437747748,574.2069494054051,False,True,True,False,True,"[{""target"":""S1A"",""magnitude"":0.21747498388761033,""start_week"":15,""duration_weeks"":1,""recovery_weeks"":2},{""target"":""S1C"",""magnitude"":0.2453318469393293,""start_week"":18,""duration_weeks"":1,""recovery_weeks"":2},{""target"":""corridor"",""magnitude"":0.46068967168918906,""start_week"":29,""duration_weeks"":1,""recovery_weeks"":3},{""target"":""S1A"",""magnitude"":0.32667316256181766,""start_week"":45,""duration_weeks"":2,""recovery_weeks"":2}]"
A,2026,16,Supplier-cluster shock,True,False,True,Adaptation-limited,Concentrated dependency,Concentrated dependency,2,0.7447935890421814,1016.0074068446745,True,True,False,False,False,"[{""target"":""corridor"",""magnitude"":0.4414048082183639,""start_week"":22,""duration_weeks"":3,""recovery_weeks"":4},{""target"":""T2P"",""magnitude"":0.18385958327747454,""start_week"":42,""duration_weeks"":1,""recovery_weeks"":1}]"
A,2026,17,Supplier-cluster shock,False,,False,Non-failure,Unclassified,Unclassified,3,0.9830758056063483,34.305888219553026,False,False,True,True,True,"[{""target"":""S1C"",""magnitude"":0.24260353354018205,""start_week"":21,""duration_weeks"":2,""recovery_weeks"":4},{""target"":""S1A"",""magnitude"":0.2867563088066639,""start_week"":26,""duration_weeks"":2,""recovery_weeks"":4},{""target"":""S1B"",""magnitude"":0.2899200412075823,""start_week"":31,""duration_weeks"":2,""recovery_weeks"":3}]"
A,2026,18,Supplier-cluster shock,False,,False,Non-failure,Unclassified,Unclassified,2,0.8909754724868171,110.12881700098251,False,True,False,False,False,"[{""target"":""demand"",""magnitude"":0.12236535222331382,""start_week"":16,""duration_weeks"":3,""recovery_weeks"":4},{""target"":""corridor"",""magnitude"":0.24458561118512376,""start_week"":42,""duration_weeks"":1,""recovery_weeks"":2}]"
A,2026,19,Supplier-cluster shock,False,,False,Non-failure,Unclassified,Unclassified,2,0.9144683452802058,142.21171499557568,False,False,True,False,False,"[{""target"":""demand"",""magnitude"":0.09205680110871285,""start_week"":43,""duration_weeks"":2,""recovery_weeks"":1},{""target"":""S1A"",""magnitude"":0.44244622311953685,""start_week"":47,""duration_weeks"":5,""recovery_weeks"":2}]"
A,2026,20,Supplier-cluster shock,True,True,False,Structural,Concentrated dependency,Concentrated dependency,2,0.8678053503650984,237.9503693428228,False,True,False,False,False,"[{""target"":""corridor"",""magnitude"":0.34914598722617607,""start_week"":15,""duration_weeks"":1,""recovery_weeks"":3},{""target"":""demand"",""magnitude"":0.1223339676522385,""start_week"":28,""duration_weeks"":1,""recovery_weeks"":3}]"
A,2026,21,Supplier-cluster shock,False,,False,Non-failure,Unclassified,Unclassified,1,1.0,0.0,False,True,False,False,False,"[{""target"":""corridor"",""magnitude"":0.1899094293365083,""start_week"":51,""duration_weeks"":2,""recovery_weeks"":3}]"
A,2026,22,Supplier-cluster shock,False,,False,Non-failure,Unclassified,Unclassified,2,0.9084514261736061,90.69688710908474,True,False,False,False,False,"[{""target"":""demand"",""magnitude"":0.1007743190100941,""start_week"":6,""duration_weeks"":1,""recovery_weeks"":3},{""target"":""T2P"",""magnitude"":0.3151109158669645,""start_week"":31,""duration_weeks"":1,""recovery_weeks"":3}]"
A,2026,23,Supplier-cluster shock,False,,False,Non-failure,Unclassified,Unclassified,4,0.9201746346747719,86.82102141319547,True,False,False,True,False,"[{""target"":""T2P"",""magnitude"":0.3322682397360451,""start_week"":15,""duration_weeks"":1,""recovery_weeks"":2},{""target"":""demand"",""magnitude"":0.08675023448504605,""start_week"":20,""duration_weeks"":2,""recovery_weeks"":4},{""target"":""demand"",""magnitude"":0.07539652079742754,""start_week"":29,""duration_weeks"":1,""recovery_weeks"":1},{""target"":""S1B"",""magnitude"":0.2710441426002878,""start_week"":44,""duration_weeks"":6,""recovery_weeks"":1}]"
A,2026,24,Supplier-cluster shock,False,,False,Non-failure,Unclassified,Unclassified,1,1.0,0.0,False,True,False,False,False,"[{""target"":""corridor"",""magnitude"":0.184152828282316,""start_week"":19,""duration_weeks"":2,""recovery_weeks"":3}]"
A,2026,25,Supplier-cluster shock,False,,False,Non-failure,Unclassified,Unclassified,2,0.9269330898479212,131.52043827374177,False,False,False,True,True,"[{""target"":""S1C"",""magnitude"":0.4144005478421773,""start_week"":22,""duration_weeks"":1,""recovery_weeks"":1},{""target"":""S1B"",""magnitude"":0.3291508785923538,""start_week"":43,""duration_weeks"":1,""recovery_weeks"":1}]"
A,2026,26,Supplier-cluster shock,False,,False,Non-failure,Unclassified,Unclassified,2,0.9202959508538758,286.9345769260465,False,True,False,False,True,"[{""target"":""corridor"",""magnitude"":0.30977803685959304,""start_week"":21,""duration_weeks"":3,""recovery_weeks"":2},{""target"":""S1C"",""magnitude"":0.38260983054223374,""start_week"":36,""duration_weeks"":1,""recovery_weeks"":1}]"
A,2026,27,Supplier-cluster shock,False,,False,Non-failure,Unclassified,Unclassified,1,0.9022721825530496,97.48171051154407,False,False,False,False,False,"[{""target"":""demand"",""magnitude"":0.10831301167949328,""start_week"":36,""duration_weeks"":1,""recovery_weeks"":3}]"
A,2026,28,Supplier-cluster shock,True,True,True,Structural,Concentrated dependency; Hidden convergent dependency; Propagation-amplified cascade,Hidden convergent dependency,3,0.42305474927829956,2662.5272829485966,True,False,True,False,False,"[{""target"":""T2P"",""magnitude"":0.4811787384963926,""start_week"":11,""duration_weeks"":2,""recovery_weeks"":3},{""target"":""T2P"",""magnitude"":0.2661263086115407,""start_week"":13,""duration_weeks"":9,""recovery_weeks"":4},{""target"":""S1A"",""magnitude"":0.24750670206216885,""start_week"":19,""duration_weeks"":3,""recovery_weeks"":1}]"
A,2026,29,Supplier-cluster shock,False,,False,Non-failure,Unclassified,Unclassified,1,1.0,0.0,True,False,False,False,False,"[{""target"":""T2P"",""magnitude"":0.16751074910667996,""start_week"":49,""duration_weeks"":2,""recovery_weeks"":1}]"
A,2026,30,Supplier-cluster shock,False,,False,Non-failure,Unclassified,Unclassified,2,0.9505816511465663,44.47651396809033,True,False,False,True,False,"[{""target"":""T2P"",""magnitude"":0.42223825698404516,""start_week"":7,""duration_weeks"":1,""recovery_weeks"":1},{""target"":""S1B"",""magnitude"":0.28022852293332867,""start_week"":50,""duration_weeks"":2,""recovery_weeks"":3}]"
A,2026,31,Supplier-cluster shock,False,,False,Non-failure,Unclassified,Unclassified,1,0.8825977695713266,119.71705688438988,False,False,False,False,False,"[{""target"":""demand"",""magnitude"":0.13301895209376635,""start_week"":30,""duration_weeks"":1,""recovery_weeks"":1}]"
A,2026,32,Supplier-cluster shock,False,,False,Non-failure,Unclassified,Unclassified,2,0.913264180656112,182.14522062216474,False,False,False,True,True,"[{""target"":""S1C"",""magnitude"":0.4451555935237478,""start_week"":9,""duration_weeks"":4,""recovery_weeks"":1},{""target"":""S1B"",""magnitude"":0.2668027310494755,""start_week"":41,""duration_weeks"":1,""recovery_weeks"":2}]"
A,2026,33,Supplier-cluster shock,True,True,True,Structural,Concentrated dependency,Concentrated dependency,4,0.424497453416023,2126.256117765879,False,True,False,False,False,"[{""target"":""corridor"",""magnitude"":0.38411422283891794,""start_week"":12,""duration_weeks"":2,""recovery_weeks"":1},{""target"":""corridor"",""magnitude"":0.37589732631095407,""start_week"":45,""duration_weeks"":2,""recovery_weeks"":4},{""target"":""corridor"",""magnitude"":0.4898706519231416,""start_week"":47,""duration_weeks"":11,""recovery_weeks"":3},{""target"":""demand"",""magnitude"":0.11924634951326794,""start_week"":49,""duration_weeks"":1,""recovery_weeks"":1}]"
A,2026,34,Supplier-cluster shock,False,,False,Non-failure,Unclassified,Unclassified,2,0.8836816468479024,118.46632575238527,False,False,False,False,True,"[{""target"":""demand"",""magnitude"":0.13162925083598354,""start_week"":18,""duration_weeks"":4,""recovery_weeks"":4},{""target"":""S1C"",""magnitude"":0.4271697648016545,""start_week"":24,""duration_weeks"":1,""recovery_weeks"":4}]"
A,2026,35,Supplier-cluster shock,False,,False,Non-failure,Unclassified,Unclassified,1,0.8746025235901824,129.03887849026864,False,False,False,False,False,"[{""target"":""demand"",""magnitude"":0.14337653165585407,""start_week"":41,""duration_weeks"":1,""recovery_weeks"":2}]"
A,2026,36,Supplier-cluster shock,True,True,True,Structural,Concentrated dependency; Hidden convergent dependency; Propagation-amplified cascade; Recovery lag and temporal overlap,Hidden convergent dependency,5,0.5414992066351433,4030.205861154017,True,True,True,True,True,"[{""target"":""S1A"",""magnitude"":0.22683694942377275,""start_week"":16,""duration_weeks"":5,""recovery_weeks"":3},{""target"":""S1C"",""magnitude"":0.32377936630208537,""start_week"":17,""duration_weeks"":7,""recovery_weeks"":3},{""target"":""T2P"",""magnitude"":0.5126507140283709,""start_week"":24,""duration_weeks"":9,""recovery_weeks"":4},{""target"":""corridor"",""magnitude"":0.28241688522843034,""start_week"":32,""duration_weeks"":1,""recovery_weeks"":2},{""target"":""S1B"",""magnitude"":0.4131053975695145,""start_week"":49,""duration_weeks"":4,""recovery_weeks"":2}]"
A,2026,37,Supplier-cluster shock,False,,False,Non-failure,Unclassified,Unclassified,2,0.8654945680115609,204.32275522526857,True,False,False,False,False,"[{""target"":""demand"",""magnitude"":0.1350341479454985,""start_week"":3,""duration_weeks"":1,""recovery_weeks"":4},{""target"":""T2P"",""magnitude"":0.44210977757919023,""start_week"":11,""duration_weeks"":1,""recovery_weeks"":4}]"
A,2026,38,Supplier-cluster shock,True,False,False,Adaptation-limited,Compounding moderate disturbance,Compounding moderate disturbance,3,0.7412353984327713,649.5731421043938,False,True,False,False,True,"[{""target"":""S1C"",""magnitude"":0.33949030100340305,""start_week"":22,""duration_weeks"":2,""recovery_weeks"":1},{""target"":""corridor"",""magnitude"":0.3170346942421456,""start_week"":47,""duration_weeks"":4,""recovery_weeks"":1},{""target"":""demand"",""magnitude"":0.22851716148811363,""start_week"":50,""duration_weeks"":2,""recovery_weeks"":4}]"
A,2026,39,Supplier-cluster shock,True,False,False,Adaptation-limited,Concentrated dependency; Recovery lag and temporal overlap,Recovery lag and temporal overlap,4,0.7699547072291512,651.5846972596805,False,True,False,False,False,"[{""target"":""demand"",""magnitude"":0.21624502435304693,""start_week"":16,""duration_weeks"":8,""recovery_weeks"":2},{""target"":""corridor"",""magnitude"":0.2351514355911326,""start_week"":27,""duration_weeks"":1,""recovery_weeks"":4},{""target"":""demand"",""magnitude"":0.08958233091981285,""start_week"":35,""duration_weeks"":2,""recovery_weeks"":4},{""target"":""corridor"",""magnitude"":0.4225339695781366,""start_week"":39,""duration_weeks"":1,""recovery_weeks"":4}]"
A,2026,40,Supplier-cluster shock,True,True,True,Structural,Concentrated dependency; Hidden convergent dependency; Propagation-amplified cascade,Hidden convergent dependency,1,0.531883671935983,1927.8281715456917,True,False,False,False,False,"[{""target"":""T2P"",""magnitude"":0.5213046952576154,""start_week"":42,""duration_weeks"":5,""recovery_weeks"":2}]"
A,2026,41,Supplier-cluster shock,False,,False,Non-failure,Unclassified,Unclassified,2,0.9638707890582092,75.8713429777606,False,True,False,False,True,"[{""target"":""corridor"",""magnitude"":0.1873413422645348,""start_week"":42,""duration_weeks"":2,""recovery_weeks"":4},{""target"":""S1C"",""magnitude"":0.3312907246190291,""start_week"":48,""duration_weeks"":4,""recovery_weeks"":2}]"
A,2026,42,Supplier-cluster shock,True,False,False,Adaptation-limited,Hidden convergent dependency; Compounding moderate disturbance; Propagation-amplified cascade; Recovery lag and temporal overlap,Hidden convergent dependency,5,0.7957652608403086,444.22765676072527,True,False,True,False,True,"[{""target"":""S1C"",""magnitude"":0.23462869382926144,""start_week"":15,""duration_weeks"":9,""recovery_weeks"":1},{""target"":""S1A"",""magnitude"":0.2155616698464719,""start_week"":23,""duration_weeks"":4,""recovery_weeks"":3},{""target"":""T2P"",""magnitude"":0.17655378479767653,""start_week"":30,""duration_weeks"":8,""recovery_weeks"":4},{""target"":""T2P"",""magnitude"":0.25074009734081804,""start_week"":41,""duration_weeks"":1,""recovery_weeks"":1},{""target"":""T2P"",""magnitude"":0.3662050979515912,""start_week"":50,""duration_weeks"":2,""recovery_weeks"":3}]"
A,2026,43,Supplier-cluster shock,True,False,False,Adaptation-limited,Concentrated dependency; Recovery lag and temporal overlap,Recovery lag and temporal overlap,4,0.7501566778977545,499.5517834100863,True,True,False,False,False,"[{""target"":""corridor"",""magnitude"":0.21889712607796358,""start_week"":19,""duration_weeks"":1,""recovery_weeks"":3},{""target"":""corridor"",""magnitude"":0.2663694594482473,""start_week"":38,""duration_weeks"":2,""recovery_weeks"":3},{""target"":""demand"",""magnitude"":0.2585673600145837,""start_week"":42,""duration_weeks"":4,""recovery_weeks"":2},{""target"":""T2P"",""magnitude"":0.3248589898920209,""start_week"":47,""duration_weeks"":5,""recovery_weeks"":2}]"
A,2026,44,Supplier-cluster shock,True,True,True,Structural,Concentrated dependency; Hidden convergent dependency,Hidden convergent dependency,6,0.6741185907109181,961.9227835605666,True,False,True,True,True,"[{""target"":""S1B"",""magnitude"":0.2624971275867425,""start_week"":7,""duration_weeks"":1,""recovery_weeks"":2},{""target"":""S1C"",""magnitude"":0.3905777591195362,""start_week"":9,""duration_weeks"":1,""recovery_weeks"":1},{""target"":""demand"",""magnitude"":0.2821770272529588,""start_week"":23,""duration_weeks"":1,""recovery_weeks"":1},{""target"":""T2P"",""magnitude"":0.39329326836017375,""start_week"":25,""duration_weeks"":3,""recovery_weeks"":3},{""target"":""S1A"",""magnitude"":0.3414432941489204,""start_week"":36,""duration_weeks"":1,""recovery_weeks"":3},{""target"":""S1C"",""magnitude"":0.333694384097322,""start_week"":42,""duration_weeks"":3,""recovery_weeks"":1}]"
A,2026,45,Supplier-cluster shock,False,,False,Non-failure,Unclassified,Unclassified,2,0.9966572988086034,6.01686214451388,True,True,False,False,False,"[{""target"":""T2P"",""magnitude"":0.2944563441088299,""start_week"":4,""duration_weeks"":1,""recovery_weeks"":1},{""target"":""corridor"",""magnitude"":0.25250702589354745,""start_week"":10,""duration_weeks"":1,""recovery_weeks"":3}]"
A,2026,46,Supplier-cluster shock,False,,False,Non-failure,Unclassified,Unclassified,3,0.8261726021416256,232.51876775129313,True,False,True,False,False,"[{""target"":""T2P"",""magnitude"":0.35214821935751234,""start_week"":1,""duration_weeks"":2,""recovery_weeks"":2},{""target"":""S1A"",""magnitude"":0.37676578207848344,""start_week"":19,""duration_weeks"":8,""recovery_weeks"":1},{""target"":""T2P"",""magnitude"":0.22658731994394193,""start_week"":40,""duration_weeks"":1,""recovery_weeks"":4}]"
A,2026,47,Supplier-cluster shock,False,,False,Non-failure,Unclassified,Unclassified,2,0.8156981033878923,680.9818030999863,False,True,False,False,False,"[{""target"":""demand"",""magnitude"":0.22594376013213047,""start_week"":7,""duration_weeks"":7,""recovery_weeks"":4},{""target"":""corridor"",""magnitude"":0.2789095493641449,""start_week"":45,""duration_weeks"":3,""recovery_weeks"":4}]"
A,2026,48,Supplier-cluster shock,False,,False,Non-failure,Unclassified,Unclassified,3,0.917658480297805,444.64420639185187,True,True,False,False,False,"[{""target"":""corridor"",""magnitude"":0.3117561397766462,""start_week"":13,""duration_weeks"":5,""recovery_weeks"":4},{""target"":""corridor"",""magnitude"":0.3504384482610871,""start_week"":40,""duration_weeks"":1,""recovery_weeks"":2},{""target"":""T2P"",""magnitude"":0.1949715297602064,""start_week"":51,""duration_weeks"":2,""recovery_weeks"":1}]"
A,2026,49,Supplier-cluster shock,False,,False,Non-failure,Unclassified,Unclassified,1,0.9612794318611072,34.84851132500353,True,False,False,False,False,"[{""target"":""T2P"",""magnitude"":0.41742425566250174,""start_week"":46,""duration_weeks"":3,""recovery_weeks"":4}]"
A,2026,50,Supplier-cluster shock,False,,False,Non-failure,Unclassified,Unclassified,1,0.8830248560162501,119.22385748044837,False,False,False,False,False,"[{""target"":""demand"",""magnitude"":0.13247095275605358,""start_week"":21,""duration_weeks"":2,""recovery_weeks"":1}]"
A,2026,51,Supplier-cluster shock,False,,False,Non-failure,Unclassified,Unclassified,3,0.8892598924863045,199.58262095290752,True,True,False,False,False,"[{""target"":""T2P"",""magnitude"":0.23993321935246525,""start_week"":2,""duration_weeks"":4,""recovery_weeks"":4},{""target"":""corridor"",""magnitude"":0.285126659733352,""start_week"":33,""duration_weeks"":2,""recovery_weeks"":2},{""target"":""demand"",""magnitude"":0.11553569308410262,""start_week"":45,""duration_weeks"":7,""recovery_weeks"":3}]"
A,2026,52,Supplier-cluster shock,False,,False,Non-failure,Unclassified,Unclassified,0,1.0,0.0,False,False,False,False,False,[]
A,2026,53,Supplier-cluster shock,True,True,True,Structural,Concentrated dependency,Concentrated dependency,3,0.6577652796175885,1473.7266361815325,False,True,False,False,False,"[{""target"":""corridor"",""magnitude"":0.4247985200876363,""start_week"":6,""duration_weeks"":3,""recovery_weeks"":4},{""target"":""demand"",""magnitude"":0.16597109989706232,""start_week"":9,""duration_weeks"":4,""recovery_weeks"":4},{""target"":""corridor"",""magnitude"":0.3684140778203466,""start_week"":29,""duration_weeks"":2,""recovery_weeks"":4}]"
A,2026,54,Supplier-cluster shock,True,True,True,Structural,Concentrated dependency; Hidden convergent dependency; Propagation-amplified cascade,Hidden convergent dependency,5,0.515936383963754,4366.089024487168,True,False,False,False,False,"[{""target"":""demand"",""magnitude"":0.08963127243580082,""start_week"":1,""duration_weeks"":3,""recovery_weeks"":3},{""target"":""demand"",""magnitude"":0.10220896836628325,""start_week"":21,""duration_weeks"":14,""recovery_weeks"":2},{""target"":""T2P"",""magnitude"":0.2406381850598837,""start_week"":22,""duration_weeks"":13,""recovery_weeks"":4},{""target"":""T2P"",""magnitude"":0.2529770544903161,""start_week"":29,""duration_weeks"":4,""recovery_weeks"":3},{""target"":""demand"",""magnitude"":0.10835807815326004,""start_week"":33,""duration_weeks"":4,""recovery_weeks"":2}]"
A,2026,55,Supplier-cluster shock,True,False,True,Adaptation-limited,Concentrated dependency; Hidden convergent dependency; Propagation-amplified cascade,Hidden convergent dependency,3,0.8223541881720843,592.4227682792849,True,True,False,False,False,"[{""target"":""T2P"",""magnitude"":0.2598812306451242,""start_week"":5,""duration_weeks"":6,""recovery_weeks"":3},{""target"":""demand"",""magnitude"":0.10994535484399473,""start_week"":36,""duration_weeks"":6,""recovery_weeks"":2},{""target"":""corridor"",""magnitude"":0.19374603003785254,""start_week"":48,""duration_weeks"":2,""recovery_weeks"":1}]"
A,2026,56,Supplier-cluster shock,True,True,False,Structural,Hidden convergent dependency; Compounding moderate disturbance,Hidden convergent dependency,4,0.6337910298682842,1097.416800553056,True,True,False,False,False,"[{""target"":""T2P"",""magnitude"":0.24134518401925759,""start_week"":16,""duration_weeks"":3,""recovery_weeks"":4},{""target"":""T2P"",""magnitude"":0.20465915982149646,""start_week"":19,""duration_weeks"":1,""recovery_weeks"":1},{""target"":""demand"",""magnitude"":0.1419415485691453,""start_week"":23,""duration_weeks"":4,""recovery_weeks"":3},{""target"":""corridor"",""magnitude"":0.4502725983584862,""start_week"":31,""duration_weeks"":1,""recovery_weeks"":1}]"
A,2026,57,Supplier-cluster shock,True,True,False,Structural,Concentrated dependency,Concentrated dependency,4,0.8976248750555811,214.98776238327991,False,True,False,True,True,"[{""target"":""S1B"",""magnitude"":0.4803440311249426,""start_week"":25,""duration_weeks"":2,""recovery_weeks"":1},{""target"":""S1C"",""magnitude"":0.3186903526584558,""start_week"":35,""duration_weeks"":3,""recovery_weeks"":1},{""target"":""corridor"",""magnitude"":0.3136989020998173,""start_week"":36,""duration_weeks"":1,""recovery_weeks"":3},{""target"":""S1B"",""magnitude"":0.29606897065598614,""start_week"":46,""duration_weeks"":1,""recovery_weeks"":3}]"
A,2026,58,Supplier-cluster shock,False,,False,Non-failure,Unclassified,Unclassified,2,0.9356110765124783,135.21673932379565,False,False,True,False,True,"[{""target"":""S1A"",""magnitude"":0.3948750778469238,""start_week"":18,""duration_weeks"":3,""recovery_weeks"":3},{""target"":""S1C"",""magnitude"":0.32675316510548313,""start_week"":40,""duration_weeks"":1,""recovery_weeks"":3}]"
A,2026,59,Supplier-cluster shock,True,True,True,Structural,Concentrated dependency,Concentrated dependency,2,0.8313627363154701,1062.4147612125385,False,True,False,False,False,"[{""target"":""corridor"",""magnitude"":0.37647794776339755,""start_week"":19,""duration_weeks"":6,""recovery_weeks"":2},{""target"":""demand"",""magnitude"":0.07958046674506838,""start_week"":51,""duration_weeks"":2,""recovery_weeks"":2}]"
A,2026,60,Supplier-cluster shock,True,True,False,Structural,Concentrated dependency,Concentrated dependency,3,0.8311788478968838,313.7783246581266,False,False,True,True,True,"[{""target"":""S1C"",""magnitude"":0.5291576393164558,""start_week"":15,""duration_weeks"":1,""recovery_weeks"":2},{""target"":""S1A"",""magnitude"":0.5321070024832467,""start_week"":42,""duration_weeks"":1,""recovery_weeks"":4},{""target"":""S1B"",""magnitude"":0.48076734036957647,""start_week"":43,""duration_weeks"":2,""recovery_weeks"":4}]"
A,2026,61,Supplier-cluster shock,False,,False,Non-failure,Unclassified,Unclassified,1,0.9161770191269764,176.02825983334958,False,False,True,False,False,"[{""target"":""S1A"",""magnitude"":0.438601706964303,""start_week"":6,""duration_weeks"":6,""recovery_weeks"":4}]"
A,2026,62,Supplier-cluster shock,False,,False,Non-failure,Unclassified,Unclassified,2,0.8513863263300381,262.39559565263653,True,False,False,False,False,"[{""target"":""demand"",""magnitude"":0.07549180738703651,""start_week"":21,""duration_weeks"":3,""recovery_weeks"":2},{""target"":""T2P"",""magnitude"":0.23375230630296567,""start_week"":23,""duration_weeks"":4,""recovery_weeks"":3}]"
A,2026,63,Supplier-cluster shock,False,,False,Non-failure,Unclassified,Unclassified,4,0.8978119583560114,202.3559006236046,False,False,True,True,True,"[{""target"":""S1C"",""magnitude"":0.29589620060789296,""start_week"":16,""duration_weeks"":1,""recovery_weeks"":3},{""target"":""S1A"",""magnitude"":0.1797268448452156,""start_week"":22,""duration_weeks"":3,""recovery_weeks"":4},{""target"":""S1B"",""magnitude"":0.2487357489490632,""start_week"":23,""duration_weeks"":2,""recovery_weeks"":2},{""target"":""S1A"",""magnitude"":0.47992309369897423,""start_week"":43,""duration_weeks"":2,""recovery_weeks"":1}]"
A,2026,64,Supplier-cluster shock,True,True,True,Structural,Concentrated dependency; Hidden convergent dependency,Hidden convergent dependency,4,0.31454549439340623,3747.9655874815453,True,False,False,False,False,"[{""target"":""T2P"",""magnitude"":0.6518070986526363,""start_week"":9,""duration_weeks"":5,""recovery_weeks"":1},{""target"":""demand"",""magnitude"":0.1282194406489826,""start_week"":12,""duration_weeks"":9,""recovery_weeks"":3},{""target"":""demand"",""magnitude"":0.0901853856942797,""start_week"":13,""duration_weeks"":1,""recovery_weeks"":1},{""target"":""T2P"",""magnitude"":0.19810042686783436,""start_week"":45,""duration_weeks"":2,""recovery_weeks"":2}]"
A,2026,65,Supplier-cluster shock,True,True,False,Structural,Concentrated dependency; Recovery lag and temporal overlap,Recovery lag and temporal overlap,4,0.8327275393547766,237.02148708971924,False,True,False,False,True,"[{""target"":""demand"",""magnitude"":0.20087297794285908,""start_week"":20,""duration_weeks"":3,""recovery_weeks"":2},{""target"":""demand"",""magnitude"":0.17186885741766084,""start_week"":29,""duration_weeks"":3,""recovery_weeks"":1},{""target"":""corridor"",""magnitude"":0.37154310781900574,""start_week"":32,""duration_weeks"":1,""recovery_weeks"":1},{""target"":""S1C"",""magnitude"":0.3905858741921583,""start_week"":36,""duration_weeks"":4,""recovery_weeks"":1}]"
A,2026,66,Supplier-cluster shock,False,,False,Non-failure,Unclassified,Unclassified,2,0.7844681496808511,416.6314622505555,False,False,True,False,False,"[{""target"":""demand"",""magnitude"":0.2747490135919919,""start_week"":47,""duration_weeks"":1,""recovery_weeks"":4},{""target"":""S1A"",""magnitude"":0.3692691269644708,""start_week"":48,""duration_weeks"":1,""recovery_weeks"":2}]"
A,2026,67,Supplier-cluster shock,True,False,False,Adaptation-limited,Concentrated dependency,Concentrated dependency,2,0.7943330184746399,689.4388414445834,False,False,False,True,False,"[{""target"":""demand"",""magnitude"":0.2589178301064496,""start_week"":1,""duration_weeks"":5,""recovery_weeks"":4},{""target"":""S1B"",""magnitude"":0.23706247355710042,""start_week"":15,""duration_weeks"":1,""recovery_weeks"":4}]"
A,2026,68,Supplier-cluster shock,True,True,True,Structural,Concentrated dependency; Hidden convergent dependency; Propagation-amplified cascade,Hidden convergent dependency,6,0.4619508249768509,1844.866958665575,True,False,True,True,True,"[{""target"":""T2P"",""magnitude"":0.2574759140256952,""start_week"":6,""duration_weeks"":2,""recovery_weeks"":4},{""target"":""T2P"",""magnitude"":0.2712940658252655,""start_week"":16,""duration_weeks"":4,""recovery_weeks"":4},{""target"":""T2P"",""magnitude"":0.4294601937748558,""start_week"":18,""duration_weeks"":2,""recovery_weeks"":3},{""target"":""S1A"",""magnitude"":0.2826818848213205,""start_week"":19,""duration_weeks"":3,""recovery_weeks"":4},{""target"":""S1C"",""magnitude"":0.24695686264147598,""start_week"":23,""duration_weeks"":1,""recovery_weeks"":1},{""target"":""S1B"",""magnitude"":0.4336504639944241,""start_week"":42,""duration_weeks"":5,""recovery_weeks"":3}]"
A,2026,69,Supplier-cluster shock,False,,False,Non-failure,Unclassified,Unclassified,5,0.9541523124388603,82.52583761005144,False,False,True,True,True,"[{""target"":""S1A"",""magnitude"":0.35315729701256426,""start_week"":14,""duration_weeks"":1,""recovery_weeks"":1},{""target"":""S1C"",""magnitude"":0.26184772320676064,""start_week"":22,""duration_weeks"":6,""recovery_weeks"":4},{""target"":""S1B"",""magnitude"":0.227229789547547,""start_week"":24,""duration_weeks"":4,""recovery_weeks"":2},{""target"":""S1C"",""magnitude"":0.32872189045405154,""start_week"":33,""duration_weeks"":3,""recovery_weeks"":4},{""target"":""S1A"",""magnitude"":0.29470485615772,""start_week"":37,""duration_weeks"":2,""recovery_weeks"":1}]"
A,2026,70,Supplier-cluster shock,False,,False,Non-failure,Unclassified,Unclassified,0,1.0,0.0,False,False,False,False,False,[]
A,2026,71,Supplier-cluster shock,False,,False,Non-failure,Unclassified,Unclassified,1,0.9138686884327626,232.55454123154072,False,True,False,False,False,"[{""target"":""corridor"",""magnitude"":0.314598483675428,""start_week"":27,""duration_weeks"":2,""recovery_weeks"":3}]"
A,2026,72,Supplier-cluster shock,False,,False,Non-failure,Unclassified,Unclassified,4,0.8813688549097739,153.74636154581412,False,True,True,False,True,"[{""target"":""corridor"",""magnitude"":0.31406098397742255,""start_week"":5,""duration_weeks"":1,""recovery_weeks"":3},{""target"":""S1C"",""magnitude"":0.37732805158446775,""start_week"":32,""duration_weeks"":2,""recovery_weeks"":1},{""target"":""S1A"",""magnitude"":0.21935815941192288,""start_week"":38,""duration_weeks"":1,""recovery_weeks"":4},{""target"":""demand"",""magnitude"":0.13579978414710636,""start_week"":44,""duration_weeks"":11,""recovery_weeks"":3}]"
A,2026,73,Supplier-cluster shock,False,,False,Non-failure,Unclassified,Unclassified,3,0.8571905608119657,511.63810229709134,False,True,False,False,False,"[{""target"":""demand"",""magnitude"":0.1666017402860333,""start_week"":9,""duration_weeks"":13,""recovery_weeks"":4},{""target"":""corridor"",""magnitude"":0.2565845134576665,""start_week"":25,""duration_weeks"":2,""recovery_weeks"":2},{""target"":""demand"",""magnitude"":0.18648731814741154,""start_week"":31,""duration_weeks"":3,""recovery_weeks"":4}]"
A,2026,74,Supplier-cluster shock,False,,False,Non-failure,Unclassified,Unclassified,2,0.9047792746989378,94.71774516439041,False,True,False,False,False,"[{""target"":""demand"",""magnitude"":0.10524193907154494,""start_week"":8,""duration_weeks"":5,""recovery_weeks"":1},{""target"":""corridor"",""magnitude"":0.2962364757617534,""start_week"":23,""duration_weeks"":1,""recovery_weeks"":4}]"
A,2026,75,Supplier-cluster shock,True,True,False,Structural,Concentrated dependency,Concentrated dependency,5,0.5257410738169268,853.6660671295317,True,True,True,True,False,"[{""target"":""corridor"",""magnitude"":0.6056941946373049,""start_week"":4,""duration_weeks"":1,""recovery_weeks"":1},{""target"":""T2P"",""magnitude"":0.4431265437786488,""start_week"":17,""duration_weeks"":1,""recovery_weeks"":1},{""target"":""demand"",""magnitude"":0.08504340197240859,""start_week"":41,""duration_weeks"":4,""recovery_weeks"":4},{""target"":""S1B"",""magnitude"":0.22016059292341383,""start_week"":42,""duration_weeks"":3,""recovery_weeks"":4},{""target"":""S1A"",""magnitude"":0.24134656360248602,""start_week"":49,""duration_weeks"":3,""recovery_weeks"":4}]"
A,2026,76,Supplier-cluster shock,False,,False,Non-failure,Unclassified,Unclassified,1,0.9263381372390062,71.56746960941473,False,False,False,False,False,"[{""target"":""demand"",""magnitude"":0.07951941067712745,""start_week"":7,""duration_weeks"":5,""recovery_weeks"":1}]"
A,2026,77,Supplier-cluster shock,True,False,False,Adaptation-limited,Concentrated dependency,Concentrated dependency,4,0.7868746863197263,383.62556462449265,False,True,False,False,True,"[{""target"":""corridor"",""magnitude"":0.40984398526020527,""start_week"":16,""duration_weeks"":1,""recovery_weeks"":1},{""target"":""corridor"",""magnitude"":0.28219389209857293,""start_week"":29,""duration_weeks"":1,""recovery_weeks"":2},{""target"":""demand"",""magnitude"":0.18447997572613356,""start_week"":45,""duration_weeks"":7,""recovery_weeks"":3},{""target"":""S1C"",""magnitude"":0.34312672098952884,""start_week"":48,""duration_weeks"":1,""recovery_weeks"":1}]"
A,2026,78,Supplier-cluster shock,False,,False,Non-failure,Unclassified,Unclassified,3,0.9390728800403041,109.66881592745267,True,True,False,False,False,"[{""target"":""corridor"",""magnitude"":0.24441792277232438,""start_week"":35,""duration_weeks"":2,""recovery_weeks"":1},{""target"":""corridor"",""magnitude"":0.29569533996977204,""start_week"":40,""duration_weeks"":1,""recovery_weeks"":2},{""target"":""T2P"",""magnitude"":0.43102856139407086,""start_week"":46,""duration_weeks"":3,""recovery_weeks"":4}]"
A,2026,79,Supplier-cluster shock,False,,False,Non-failure,Unclassified,Unclassified,2,0.8561236450563073,229.92479632882294,True,True,False,False,False,"[{""target"":""T2P"",""magnitude"":0.22948871944932334,""start_week"":31,""duration_weeks"":5,""recovery_weeks"":3},{""target"":""corridor"",""magnitude"":0.2780589496910634,""start_week"":43,""duration_weeks"":1,""recovery_weeks"":4}]"
A,2026,80,Supplier-cluster shock,False,,False,Non-failure,Unclassified,Unclassified,5,0.9593388170428044,72.37973762609556,True,False,True,True,True,"[{""target"":""S1B"",""magnitude"":0.25101298962107077,""start_week"":7,""duration_weeks"":1,""recovery_weeks"":1},{""target"":""S1A"",""magnitude"":0.21592615996881281,""start_week"":8,""duration_weeks"":1,""recovery_weeks"":4},{""target"":""S1C"",""magnitude"":0.16598401818350844,""start_week"":9,""duration_weeks"":1,""recovery_weeks"":2},{""target"":""S1A"",""magnitude"":0.34148766165369,""start_week"":44,""duration_weeks"":1,""recovery_weeks"":3},{""target"":""T2P"",""magnitude"":0.38734568419004567,""start_week"":48,""duration_weeks"":4,""recovery_weeks"":1}]"
A,2026,81,Supplier-cluster shock,True,True,False,Structural,Concentrated dependency; Propagation-amplified cascade,Propagation-amplified cascade,3,0.8134845358382639,460.8081267847681,True,True,False,False,False,"[{""target"":""corridor"",""magnitude"":0.22360875823625515,""start_week"":6,""duration_weeks"":1,""recovery_weeks"":3},{""target"":""T2P"",""magnitude"":0.38187716197958443,""start_week"":15,""duration_weeks"":1,""recovery_weeks"":2},{""target"":""corridor"",""magnitude"":0.3898865981213021,""start_week"":44,""duration_weeks"":2,""recovery_weeks"":3}]"
A,2026,82,Supplier-cluster shock,False,,False,Non-failure,Unclassified,Unclassified,1,1.0,0.0,True,False,False,False,False,"[{""target"":""T2P"",""magnitude"":0.3038793159373802,""start_week"":36,""duration_weeks"":1,""recovery_weeks"":2}]"
A,2026,83,Supplier-cluster shock,False,,False,Non-failure,Unclassified,Unclassified,5,0.8985812128120763,150.81834156471575,False,False,False,False,False,"[{""target"":""demand"",""magnitude"":0.10757234384975686,""start_week"":1,""duration_weeks"":3,""recovery_weeks"":2},{""target"":""demand"",""magnitude"":0.21394933405307476,""start_week"":13,""duration_weeks"":4,""recovery_weeks"":3},{""target"":""demand"",""magnitude"":0.09243265045011845,""start_week"":19,""duration_weeks"":2,""recovery_weeks"":3},{""target"":""demand"",""magnitude"":0.23651718427756863,""start_week"":32,""duration_weeks"":2,""recovery_weeks"":1},{""target"":""demand"",""magnitude"":0.11463724388128885,""start_week"":44,""duration_weeks"":1,""recovery_weeks"":1}]"
A,2026,84,Supplier-cluster shock,True,True,False,Structural,Concentrated dependency; Hidden convergent dependency; Propagation-amplified cascade,Hidden convergent dependency,4,0.765787906447449,398.5589788878316,True,False,False,False,False,"[{""target"":""T2P"",""magnitude"":0.4661863262959438,""start_week"":2,""duration_weeks"":1,""recovery_weeks"":3},{""target"":""demand"",""magnitude"":0.15076888787843323,""start_week"":19,""duration_weeks"":2,""recovery_weeks"":1},{""target"":""T2P"",""magnitude"":0.1765437855869158,""start_week"":22,""duration_weeks"":1,""recovery_weeks"":2},{""target"":""demand"",""magnitude"":0.07584895358041371,""start_week"":23,""duration_weeks"":1,""recovery_weeks"":1}]"
A,2026,85,Supplier-cluster shock,False,,False,Non-failure,Unclassified,Unclassified,2,0.8372471304053548,167.66893987240837,False,True,False,False,False,"[{""target"":""demand"",""magnitude"":0.18629882208045367,""start_week"":7,""duration_weeks"":1,""recovery_weeks"":3},{""target"":""corridor"",""magnitude"":0.37473350401753824,""start_week"":47,""duration_weeks"":1,""recovery_weeks"":3}]"
A,2026,86,Supplier-cluster shock,True,True,False,Structural,Concentrated dependency,Concentrated dependency,1,0.7903854349089426,591.7809420071547,False,False,False,False,False,"[{""target"":""demand"",""magnitude"":0.26520550080127187,""start_week"":39,""duration_weeks"":4,""recovery_weeks"":4}]"
A,2026,87,Supplier-cluster shock,True,True,True,Structural,Concentrated dependency; Hidden convergent dependency; Recovery lag and temporal overlap,Hidden convergent dependency,2,0.5694549253525705,3281.66517699046,True,False,False,False,False,"[{""target"":""demand"",""magnitude"":0.1886508166178672,""start_week"":3,""duration_weeks"":1,""recovery_weeks"":4},{""target"":""T2P"",""magnitude"":0.4874905671826866,""start_week"":4,""duration_weeks"":7,""recovery_weeks"":3}]"
A,2026,88,Supplier-cluster shock,False,,False,Non-failure,Unclassified,Unclassified,3,0.9151492930288759,83.4460965612111,False,True,False,True,False,"[{""target"":""demand"",""magnitude"":0.09271788506801246,""start_week"":24,""duration_weeks"":3,""recovery_weeks"":4},{""target"":""corridor"",""magnitude"":0.2093756123228684,""start_week"":30,""duration_weeks"":1,""recovery_weeks"":1},{""target"":""S1B"",""magnitude"":0.33144474088298953,""start_week"":35,""duration_weeks"":2,""recovery_weeks"":1}]"
A,2026,89,Supplier-cluster shock,False,,False,Non-failure,Unclassified,Unclassified,2,0.8814915938029755,120.99669052676347,False,False,False,False,True,"[{""target"":""demand"",""magnitude"":0.13444076725195944,""start_week"":32,""duration_weeks"":11,""recovery_weeks"":1},{""target"":""S1C"",""magnitude"":0.298829165767137,""start_week"":46,""duration_weeks"":3,""recovery_weeks"":1}]"
A,2026,90,Supplier-cluster shock,False,,False,Non-failure,Unclassified,Unclassified,0,1.0,0.0,False,False,False,False,False,[]
A,2026,91,Supplier-cluster shock,True,True,True,Structural,Concentrated dependency; Hidden convergent dependency; Propagation-amplified cascade,Hidden convergent dependency,1,0.6426139117919522,3581.4172320341595,True,False,False,False,False,"[{""target"":""T2P"",""magnitude"":0.4216474793872429,""start_week"":33,""duration_weeks"":12,""recovery_weeks"":1}]"
A,2026,92,Supplier-cluster shock,True,True,True,Structural,Concentrated dependency; Hidden convergent dependency; Propagation-amplified cascade,Hidden convergent dependency,3,0.4050679502210201,2809.1647063374567,True,False,False,False,False,"[{""target"":""T2P"",""magnitude"":0.5375033474413985,""start_week"":10,""duration_weeks"":4,""recovery_weeks"":4},{""target"":""T2P"",""magnitude"":0.21175395933762875,""start_week"":14,""duration_weeks"":4,""recovery_weeks"":3},{""target"":""demand"",""magnitude"":0.09867345339117756,""start_week"":31,""duration_weeks"":4,""recovery_weeks"":1}]"
A,2026,93,Supplier-cluster shock,True,True,False,Structural,Concentrated dependency,Concentrated dependency,3,0.5805969627331179,793.6568338504844,False,True,False,False,False,"[{""target"":""corridor"",""magnitude"":0.5645522779501616,""start_week"":36,""duration_weeks"":1,""recovery_weeks"":2},{""target"":""corridor"",""magnitude"":0.4691612551254317,""start_week"":42,""duration_weeks"":1,""recovery_weeks"":1},{""target"":""corridor"",""magnitude"":0.3601487316240337,""start_week"":48,""duration_weeks"":2,""recovery_weeks"":1}]"
A,2026,94,Supplier-cluster shock,False,,False,Non-failure,Unclassified,Unclassified,2,0.8489152860584194,160.17645668600335,False,True,False,False,False,"[{""target"":""demand"",""magnitude"":0.17797384076222594,""start_week"":16,""duration_weeks"":1,""recovery_weeks"":1},{""target"":""corridor"",""magnitude"":0.27034652541558873,""start_week"":18,""duration_weeks"":1,""recovery_weeks"":1}]"
A,2026,95,Supplier-cluster shock,True,True,True,Structural,Concentrated dependency; Propagation-amplified cascade,Propagation-amplified cascade,5,0.740682795978967,1078.973614351993,True,True,True,False,True,"[{""target"":""T2P"",""magnitude"":0.26699266818109735,""start_week"":3,""duration_weeks"":1,""recovery_weeks"":4},{""target"":""S1C"",""magnitude"":0.27844367568158135,""start_week"":6,""duration_weeks"":1,""recovery_weeks"":3},{""target"":""S1A"",""magnitude"":0.5414145188396543,""start_week"":40,""duration_weeks"":6,""recovery_weeks"":4},{""target"":""corridor"",""magnitude"":0.4444879030157748,""start_week"":43,""duration_weeks"":2,""recovery_weeks"":3},{""target"":""T2P"",""magnitude"":0.39529655666611874,""start_week"":44,""duration_weeks"":10,""recovery_weeks"":3}]"
A,2026,96,Supplier-cluster shock,True,True,False,Structural,Concentrated dependency; Hidden convergent dependency; Propagation-amplified cascade,Hidden convergent dependency,2,0.7837274261269049,420.54924067182094,True,False,False,False,False,"[{""target"":""T2P"",""magnitude"":0.2946453164857856,""start_week"":31,""duration_weeks"":4,""recovery_weeks"":2},{""target"":""demand"",""magnitude"":0.23812248611926612,""start_week"":50,""duration_weeks"":6,""recovery_weeks"":3}]"
A,2026,97,Supplier-cluster shock,False,,False,Non-failure,Unclassified,Unclassified,2,0.9790871389321224,169.3941746498084,True,True,False,False,False,"[{""target"":""corridor"",""magnitude"":0.2656846458009082,""start_week"":5,""duration_weeks"":8,""recovery_weeks"":1},{""target"":""T2P"",""magnitude"":0.22609505019944903,""start_week"":43,""duration_weeks"":1,""recovery_weeks"":1}]"
A,2026,98,Supplier-cluster shock,True,True,True,Structural,Concentrated dependency,Concentrated dependency,4,0.6630124766180462,2854.930094748601,False,True,False,False,True,"[{""target"":""S1C"",""magnitude"":0.33851159979268036,""start_week"":5,""duration_weeks"":1,""recovery_weeks"":2},{""target"":""corridor"",""magnitude"":0.33825783864564113,""start_week"":35,""duration_weeks"":4,""recovery_weeks"":1},{""target"":""corridor"",""magnitude"":0.24856026031979642,""start_week"":37,""duration_weeks"":1,""recovery_weeks"":2},{""target"":""corridor"",""magnitude"":0.39414726750275925,""start_week"":40,""duration_weeks"":10,""recovery_weeks"":3}]"
A,2026,99,Supplier-cluster shock,True,True,True,Structural,Concentrated dependency; Hidden convergent dependency,Hidden convergent dependency,6,0.4564618239532646,1397.910708962491,True,True,False,False,True,"[{""target"":""demand"",""magnitude"":0.07065824140900039,""start_week"":3,""duration_weeks"":7,""recovery_weeks"":2},{""target"":""S1C"",""magnitude"":0.3659164690470046,""start_week"":13,""duration_weeks"":6,""recovery_weeks"":1},{""target"":""T2P"",""magnitude"":0.5329423634295487,""start_week"":38,""duration_weeks"":2,""recovery_weeks"":3},{""target"":""demand"",""magnitude"":0.1369032464275858,""start_week"":44,""duration_weeks"":1,""recovery_weeks"":3},{""target"":""corridor"",""magnitude"":0.23425658066189176,""start_week"":46,""duration_weeks"":2,""recovery_weeks"":2},{""target"":""demand"",""magnitude"":0.1748842901971935,""start_week"":49,""duration_weeks"":3,""recovery_weeks"":3}]"
A,2026,100,Supplier-cluster shock,True,True,False,Structural,Concentrated dependency,Concentrated dependency,3,0.8990872154077958,211.9168476436289,False,False,True,True,False,"[{""target"":""S1B"",""magnitude"":0.4770537653324597,""start_week"":4,""duration_weeks"":2,""recovery_weeks"":2},{""target"":""S1A"",""magnitude"":0.3069962200117994,""start_week"":24,""duration_weeks"":4,""recovery_weeks"":3},{""target"":""S1B"",""magnitude"":0.3598227362500036,""start_week"":38,""duration_weeks"":1,""recovery_weeks"":4}]"
A,2026,101,Supplier-cluster shock,False,,False,Non-failure,Unclassified,Unclassified,2,1.0,0.0,False,True,True,False,False,"[{""target"":""corridor"",""magnitude"":0.18363377534672945,""start_week"":8,""duration_weeks"":8,""recovery_weeks"":4},{""target"":""S1A"",""magnitude"":0.23974645040872455,""start_week"":25,""duration_weeks"":2,""recovery_weeks"":4}]"
A,2026,102,Supplier-cluster shock,True,True,True,Structural,Concentrated dependency; Hidden convergent dependency; Propagation-amplified cascade,Hidden convergent dependency,5,0.5839218896971548,4159.33956261765,True,True,False,False,True,"[{""target"":""T2P"",""magnitude"":0.31394034299459744,""start_week"":20,""duration_weeks"":2,""recovery_weeks"":1},{""target"":""T2P"",""magnitude"":0.4744702992725607,""start_week"":23,""duration_weeks"":5,""recovery_weeks"":1},{""target"":""corridor"",""magnitude"":0.27557750574325246,""start_week"":26,""duration_weeks"":2,""recovery_weeks"":3},{""target"":""corridor"",""magnitude"":0.48072007935467687,""start_week"":34,""duration_weeks"":6,""recovery_weeks"":4},{""target"":""S1C"",""magnitude"":0.4552457493441494,""start_week"":47,""duration_weeks"":3,""recovery_weeks"":1}]"
A,2026,103,Supplier-cluster shock,True,True,True,Structural,Concentrated dependency; Propagation-amplified cascade,Propagation-amplified cascade,4,0.8304378073210351,763.0298670553416,True,True,False,False,False,"[{""target"":""T2P"",""magnitude"":0.3634477773640358,""start_week"":21,""duration_weeks"":1,""recovery_weeks"":1},{""target"":""corridor"",""magnitude"":0.3771716445092236,""start_week"":27,""duration_weeks"":4,""recovery_weeks"":2},{""target"":""T2P"",""magnitude"":0.28052017766957305,""start_week"":42,""duration_weeks"":1,""recovery_weeks"":4},{""target"":""corridor"",""magnitude"":0.20579541565565204,""start_week"":51,""duration_weeks"":1,""recovery_weeks"":3}]"
A,2026,104,Supplier-cluster shock,False,,False,Non-failure,Unclassified,Unclassified,1,0.9355546750240659,135.33518244946174,False,False,True,False,False,"[{""target"":""S1A"",""magnitude"":0.3950019811958517,""start_week"":33,""duration_weeks"":4,""recovery_weeks"":1}]"
A,2026,105,Supplier-cluster shock,True,True,True,Structural,Concentrated dependency; Propagation-amplified cascade,Propagation-amplified cascade,5,0.7449139418352034,1901.5563280328004,True,True,True,False,False,"[{""target"":""corridor"",""magnitude"":0.23653370054987366,""start_week"":2,""duration_weeks"":8,""recovery_weeks"":3},{""target"":""T2P"",""magnitude"":0.17387513643593466,""start_week"":22,""duration_weeks"":4,""recovery_weeks"":3},{""target"":""S1A"",""magnitude"":0.5518281583696303,""start_week"":41,""duration_weeks"":2,""recovery_weeks"":4},{""target"":""corridor"",""magnitude"":0.44131454362359746,""start_week"":43,""duration_weeks"":6,""recovery_weeks"":3},{""target"":""T2P"",""magnitude"":0.1550575830725356,""start_week"":47,""duration_weeks"":1,""recovery_weeks"":3}]"
A,2026,106,Supplier-cluster shock,False,,False,Non-failure,Unclassified,Unclassified,3,0.9009251539715163,226.0361237420626,False,False,True,True,True,"[{""target"":""S1A"",""magnitude"":0.22064123318425405,""start_week"":7,""duration_weeks"":11,""recovery_weeks"":1},{""target"":""S1C"",""magnitude"":0.47291840356408843,""start_week"":11,""duration_weeks"":2,""recovery_weeks"":4},{""target"":""S1B"",""magnitude"":0.18512261658502752,""start_week"":48,""duration_weeks"":2,""recovery_weeks"":4}]"
A,2026,107,Supplier-cluster shock,True,True,True,Structural,Concentrated dependency; Hidden convergent dependency; Propagation-amplified cascade,Hidden convergent dependency,2,0.5951785125799249,2257.9451658285843,True,False,False,False,False,"[{""target"":""demand"",""magnitude"":0.10496622940832699,""start_week"":2,""duration_weeks"":1,""recovery_weeks"":3},{""target"":""T2P"",""magnitude"":0.46433933867806754,""start_week"":24,""duration_weeks"":7,""recovery_weeks"":2}]"
A,2026,108,Supplier-cluster shock,False,,False,Non-failure,Unclassified,Unclassified,4,0.9530935591000138,84.43159361997505,False,False,True,True,True,"[{""target"":""S1A"",""magnitude"":0.3555394920249687,""start_week"":7,""duration_weeks"":1,""recovery_weeks"":1},{""target"":""S1C"",""magnitude"":0.23646900223717643,""start_week"":16,""duration_weeks"":3,""recovery_weeks"":1},{""target"":""S1A"",""magnitude"":0.20327010093977713,""start_week"":22,""duration_weeks"":1,""recovery_weeks"":4},{""target"":""S1B"",""magnitude"":0.4022216426282036,""start_week"":49,""duration_weeks"":2,""recovery_weeks"":3}]"
A,2026,109,Supplier-cluster shock,True,True,False,Structural,Hidden convergent dependency; Compounding moderate disturbance; Propagation-amplified cascade,Hidden convergent dependency,4,0.8936422381375636,301.8781227673053,True,False,True,True,False,"[{""target"":""S1A"",""magnitude"":0.3515424375609213,""start_week"":5,""duration_weeks"":3,""recovery_weeks"":2},{""target"":""T2P"",""magnitude"":0.30126626124269185,""start_week"":7,""duration_weeks"":2,""recovery_weeks"":1},{""target"":""T2P"",""magnitude"":0.19572198567619256,""start_week"":15,""duration_weeks"":6,""recovery_weeks"":4},{""target"":""S1B"",""magnitude"":0.40584781448464413,""start_week"":36,""duration_weeks"":3,""recovery_weeks"":3}]"
A,2026,110,Supplier-cluster shock,False,,False,Non-failure,Unclassified,Unclassified,0,1.0,0.0,False,False,False,False,False,[]
A,2026,111,Supplier-cluster shock,False,,False,Non-failure,Unclassified,Unclassified,3,0.9964262790865112,7.504813918326704,False,False,True,True,True,"[{""target"":""S1A"",""magnitude"":0.24184181245844513,""start_week"":1,""duration_weeks"":5,""recovery_weeks"":4},{""target"":""S1B"",""magnitude"":0.25804087205535,""start_week"":40,""duration_weeks"":3,""recovery_weeks"":3},{""target"":""S1C"",""magnitude"":0.3470545038777655,""start_week"":51,""duration_weeks"":1,""recovery_weeks"":4}]"
A,2026,112,Supplier-cluster shock,True,True,True,Structural,Concentrated dependency,Concentrated dependency,5,0.4107732966603971,5237.963332184472,False,True,False,False,True,"[{""target"":""demand"",""magnitude"":0.15948911851817918,""start_week"":8,""duration_weeks"":2,""recovery_weeks"":4},{""target"":""corridor"",""magnitude"":0.5996971058833236,""start_week"":25,""duration_weeks"":11,""recovery_weeks"":2},{""target"":""corridor"",""magnitude"":0.23038285002880413,""start_week"":36,""duration_weeks"":7,""recovery_weeks"":2},{""target"":""demand"",""magnitude"":0.1359853043285264,""start_week"":46,""duration_weeks"":1,""recovery_weeks"":4},{""target"":""S1C"",""magnitude"":0.5683308770327339,""start_week"":48,""duration_weeks"":3,""recovery_weeks"":1}]"
A,2026,113,Supplier-cluster shock,True,False,False,Adaptation-limited,Concentrated dependency,Concentrated dependency,3,0.7028408827343156,660.4688152325689,False,True,False,False,False,"[{""target"":""corridor"",""magnitude"":0.47286933794926334,""start_week"":15,""duration_weeks"":1,""recovery_weeks"":4},{""target"":""demand"",""magnitude"":0.13461605470345295,""start_week"":47,""duration_weeks"":1,""recovery_weeks"":1},{""target"":""corridor"",""magnitude"":0.4342403005470594,""start_week"":51,""duration_weeks"":4,""recovery_weeks"":4}]"
A,2026,114,Supplier-cluster shock,True,True,True,Structural,Compounding moderate disturbance; Recovery lag and temporal overlap,Compounding moderate disturbance,6,0.5658534438280555,1377.4477326099739,True,True,True,True,False,"[{""target"":""corridor"",""magnitude"":0.32071373850045903,""start_week"":6,""duration_weeks"":1,""recovery_weeks"":3},{""target"":""demand"",""magnitude"":0.20275168898750534,""start_week"":8,""duration_weeks"":4,""recovery_weeks"":1},{""target"":""T2P"",""magnitude"":0.49073190055475,""start_week"":28,""duration_weeks"":3,""recovery_weeks"":4},{""target"":""corridor"",""magnitude"":0.33076455709033903,""start_week"":44,""duration_weeks"":10,""recovery_weeks"":2},{""target"":""S1B"",""magnitude"":0.4852633699524356,""start_week"":47,""duration_weeks"":3,""recovery_weeks"":2},{""target"":""S1A"",""magnitude"":0.37945013300113695,""start_week"":50,""duration_weeks"":1,""recovery_weeks"":4}]"
A,2026,115,Supplier-cluster shock,False,,False,Non-failure,Unclassified,Unclassified,0,1.0,0.0,False,False,False,False,False,[]
A,2026,116,Supplier-cluster shock,False,,False,Non-failure,Unclassified,Unclassified,1,0.9325320903017784,121.44223745679892,False,True,False,False,False,"[{""target"":""corridor"",""magnitude"":0.30060093227366635,""start_week"":9,""duration_weeks"":1,""recovery_weeks"":2}]"
A,2026,117,Supplier-cluster shock,False,,False,Non-failure,Unclassified,Unclassified,0,1.0,0.0,False,False,False,False,False,[]
A,2026,118,Supplier-cluster shock,True,True,True,Structural,Concentrated dependency,Concentrated dependency,4,0.557232300376714,2686.325847609609,True,True,False,False,False,"[{""target"":""demand"",""magnitude"":0.1504730532581836,""start_week"":8,""duration_weeks"":8,""recovery_weeks"":4},{""target"":""T2P"",""magnitude"":0.34673100955767033,""start_week"":9,""duration_weeks"":2,""recovery_weeks"":3},{""target"":""corridor"",""magnitude"":0.5191894405086405,""start_week"":14,""duration_weeks"":3,""recovery_weeks"":4},{""target"":""demand"",""magnitude"":0.11601794093471739,""start_week"":45,""duration_weeks"":3,""recovery_weeks"":3}]"
A,2026,119,Supplier-cluster shock,True,True,True,Structural,Concentrated dependency,Concentrated dependency,6,0.7076990567352714,1426.6992657504231,True,True,True,True,False,"[{""target"":""corridor"",""magnitude"":0.4550966955721467,""start_week"":2,""duration_weeks"":4,""recovery_weeks"":4},{""target"":""demand"",""magnitude"":0.12608227662146992,""start_week"":9,""duration_weeks"":2,""recovery_weeks"":2},{""target"":""corridor"",""magnitude"":0.28439551543959085,""start_week"":13,""duration_weeks"":5,""recovery_weeks"":2},{""target"":""T2P"",""magnitude"":0.3630708489382556,""start_week"":30,""duration_weeks"":2,""recovery_weeks"":4},{""target"":""S1B"",""magnitude"":0.513175450559125,""start_week"":41,""duration_weeks"":3,""recovery_weeks"":4},{""target"":""S1A"",""magnitude"":0.4026531798179446,""start_week"":42,""duration_weeks"":4,""recovery_weeks"":4}]"
A,2026,120,Supplier-cluster shock,False,,False,Non-failure,Unclassified,Unclassified,3,0.9204867356431603,286.2477516846229,False,True,True,True,False,"[{""target"":""corridor"",""magnitude"":0.30963494826762983,""start_week"":22,""duration_weeks"":3,""recovery_weeks"":2},{""target"":""S1A"",""magnitude"":0.3288497957951192,""start_week"":30,""duration_weeks"":3,""recovery_weeks"":1},{""target"":""S1B"",""magnitude"":0.42537604929396966,""start_week"":35,""duration_weeks"":1,""recovery_weeks"":1}]"
A,2026,121,Supplier-cluster shock,False,,False,Non-failure,Unclassified,Unclassified,1,0.8438973339309227,166.48043999350944,False,False,False,False,False,"[{""target"":""demand"",""magnitude"":0.18497826665945483,""start_week"":41,""duration_weeks"":1,""recovery_weeks"":3}]"
A,2026,122,Supplier-cluster shock,False,,False,Non-failure,Unclassified,Unclassified,0,1.0,0.0,False,False,False,False,False,[]
A,2026,123,Supplier-cluster shock,True,True,False,Structural,Concentrated dependency,Concentrated dependency,3,0.8503020308152412,404.18451679884856,False,True,True,False,True,"[{""target"":""corridor"",""magnitude"":0.36227347688856903,""start_week"":11,""duration_weeks"":2,""recovery_weeks"":3},{""target"":""S1C"",""magnitude"":0.43807410384339374,""start_week"":12,""duration_weeks"":7,""recovery_weeks"":1},{""target"":""S1A"",""magnitude"":0.46348815548771294,""start_week"":51,""duration_weeks"":2,""recovery_weeks"":2}]"
A,2026,124,Supplier-cluster shock,False,,False,Non-failure,Unclassified,Unclassified,1,0.8220106762062416,194.87629060208337,False,False,False,False,False,"[{""target"":""demand"",""magnitude"":0.21652921178009255,""start_week"":17,""duration_weeks"":1,""recovery_weeks"":4}]"
A,2026,125,Supplier-cluster shock,True,False,True,Adaptation-limited,Hidden convergent dependency; Compounding moderate disturbance,Hidden convergent dependency,3,0.7983014146658957,584.4831649720124,True,False,False,False,False,"[{""target"":""demand"",""magnitude"":0.241130684955438,""start_week"":9,""duration_weeks"":1,""recovery_weeks"":4},{""target"":""demand"",""magnitude"":0.11227503376516834,""start_week"":28,""duration_weeks"":7,""recovery_weeks"":2},{""target"":""T2P"",""magnitude"":0.2411955335718161,""start_week"":30,""duration_weeks"":3,""recovery_weeks"":3}]"
A,2026,126,Supplier-cluster shock,True,True,True,Structural,Concentrated dependency,Concentrated dependency,2,0.572405709489681,2333.0574421748706,False,True,False,False,False,"[{""target"":""corridor"",""magnitude"":0.36689858241718765,""start_week"":21,""duration_weeks"":7,""recovery_weeks"":3},{""target"":""corridor"",""magnitude"":0.4316868612258816,""start_week"":29,""duration_weeks"":3,""recovery_weeks"":4}]"
A,2026,127,Supplier-cluster shock,False,,False,Non-failure,Unclassified,Unclassified,3,0.8622955154973004,143.725710994745,False,False,False,True,True,"[{""target"":""demand"",""magnitude"":0.15969523443860564,""start_week"":7,""duration_weeks"":2,""recovery_weeks"":1},{""target"":""S1C"",""magnitude"":0.3378812011205715,""start_week"":12,""duration_weeks"":1,""recovery_weeks"":2},{""target"":""S1B"",""magnitude"":0.20422299429396185,""start_week"":14,""duration_weeks"":5,""recovery_weeks"":4}]"
A,2026,128,Supplier-cluster shock,True,True,True,Structural,Concentrated dependency,Concentrated dependency,3,0.5710798184074956,2316.1689805995247,False,True,True,False,False,"[{""target"":""corridor"",""magnitude"":0.5716901361943784,""start_week"":24,""duration_weeks"":5,""recovery_weeks"":1},{""target"":""S1A"",""magnitude"":0.24993270952465016,""start_week"":25,""duration_weeks"":1,""recovery_weeks"":2},{""target"":""corridor"",""magnitude"":0.420516687197072,""start_week"":48,""duration_weeks"":5,""recovery_weeks"":4}]"
A,2026,129,Supplier-cluster shock,True,True,True,Structural,Concentrated dependency; Hidden convergent dependency; Propagation-amplified cascade,Hidden convergent dependency,3,0.7270601646207338,1565.8283612725195,True,False,False,False,False,"[{""target"":""T2P"",""magnitude"":0.3654955152871753,""start_week"":2,""duration_weeks"":2,""recovery_weeks"":4},{""target"":""T2P"",""magnitude"":0.27984224434339827,""start_week"":7,""duration_weeks"":3,""recovery_weeks"":4},{""target"":""demand"",""magnitude"":0.09860946166735685,""start_week"":14,""duration_weeks"":1,""recovery_weeks"":1}]"
A,2026,130,Supplier-cluster shock,True,True,False,Structural,Concentrated dependency,Concentrated dependency,4,0.8770502799424075,268.75114473028214,False,True,True,True,True,"[{""target"":""S1C"",""magnitude"":0.3786751831203927,""start_week"":1,""duration_weeks"":3,""recovery_weeks"":2},{""target"":""S1B"",""magnitude"":0.36311364652903005,""start_week"":8,""duration_weeks"":4,""recovery_weeks"":2},{""target"":""S1A"",""magnitude"":0.2577332819588018,""start_week"":15,""duration_weeks"":6,""recovery_weeks"":3},{""target"":""corridor"",""magnitude"":0.3422122900431944,""start_week"":44,""duration_weeks"":2,""recovery_weeks"":4}]"
A,2026,131,Supplier-cluster shock,True,True,False,Structural,Concentrated dependency; Hidden convergent dependency; Propagation-amplified cascade,Hidden convergent dependency,3,0.7221612664256077,550.2743010847647,True,False,False,True,False,"[{""target"":""T2P"",""magnitude"":0.350054860216953,""start_week"":12,""duration_weeks"":3,""recovery_weeks"":3},{""target"":""S1B"",""magnitude"":0.22600094625685532,""start_week"":30,""duration_weeks"":1,""recovery_weeks"":4},{""target"":""T2P"",""magnitude"":0.36685264855692856,""start_week"":44,""duration_weeks"":1,""recovery_weeks"":3}]"
A,2026,132,Supplier-cluster shock,False,,False,Non-failure,Unclassified,Unclassified,1,0.9183989930597214,96.96100164059294,True,False,False,False,False,"[{""target"":""T2P"",""magnitude"":0.2470401907886844,""start_week"":8,""duration_weeks"":3,""recovery_weeks"":4}]"
A,2026,133,Supplier-cluster shock,True,False,False,Adaptation-limited,Concentrated dependency; Hidden convergent dependency; Propagation-amplified cascade,Hidden convergent dependency,3,0.772393783860246,400.43937126033666,True,False,False,False,False,"[{""target"":""T2P"",""magnitude"":0.3048455945257785,""start_week"":12,""duration_weeks"":3,""recovery_weeks"":4},{""target"":""demand"",""magnitude"":0.11081464534412812,""start_week"":31,""duration_weeks"":3,""recovery_weeks"":3},{""target"":""demand"",""magnitude"":0.09116187499036463,""start_week"":37,""duration_weeks"":5,""recovery_weeks"":1}]"
A,2026,134,Supplier-cluster shock,True,True,True,Structural,Concentrated dependency,Concentrated dependency,5,0.6773808976261473,3577.8577670619197,True,True,False,True,True,"[{""target"":""corridor"",""magnitude"":0.4919643267803895,""start_week"":1,""duration_weeks"":11,""recovery_weeks"":3},{""target"":""T2P"",""magnitude"":0.40999965741840483,""start_week"":9,""duration_weeks"":1,""recovery_weeks"":3},{""target"":""demand"",""magnitude"":0.05763901575171672,""start_week"":25,""duration_weeks"":7,""recovery_weeks"":3},{""target"":""S1B"",""magnitude"":0.22734074080381017,""start_week"":39,""duration_weeks"":4,""recovery_weeks"":3},{""target"":""S1C"",""magnitude"":0.16647600084250985,""start_week"":48,""duration_weeks"":6,""recovery_weeks"":1}]"
A,2026,135,Supplier-cluster shock,True,True,True,Structural,Concentrated dependency,Concentrated dependency,2,0.7782705831461953,926.2335607556553,True,False,False,False,False,"[{""target"":""demand"",""magnitude"":0.23551895686601215,""start_week"":18,""duration_weeks"":4,""recovery_weeks"":4},{""target"":""T2P"",""magnitude"":0.2995564751684242,""start_week"":23,""duration_weeks"":2,""recovery_weeks"":2}]"
A,2026,136,Supplier-cluster shock,False,,False,Non-failure,Unclassified,Unclassified,2,0.9239696177384464,74.05800225648579,False,False,False,False,False,"[{""target"":""demand"",""magnitude"":0.08228666917387302,""start_week"":8,""duration_weeks"":2,""recovery_weeks"":1},{""target"":""demand"",""magnitude"":0.1440504926166125,""start_week"":31,""duration_weeks"":9,""recovery_weeks"":3}]"
A,2026,137,Supplier-cluster shock,True,False,False,Adaptation-limited,Concentrated dependency; Hidden convergent dependency; Propagation-amplified cascade,Hidden convergent dependency,1,0.3817286635302571,795.5552535284608,True,False,False,False,False,"[{""target"":""T2P"",""magnitude"":0.6782221014113843,""start_week"":5,""duration_weeks"":1,""recovery_weeks"":2}]"
A,2026,138,Supplier-cluster shock,False,,False,Non-failure,Unclassified,Unclassified,0,1.0,0.0,False,False,False,False,False,[]
A,2026,139,Supplier-cluster shock,False,,False,Non-failure,Unclassified,Unclassified,3,0.8749470907015735,128.6336277526657,True,False,False,True,False,"[{""target"":""demand"",""magnitude"":0.1429262530585172,""start_week"":7,""duration_weeks"":1,""recovery_weeks"":2},{""target"":""S1B"",""magnitude"":0.2059442807879546,""start_week"":41,""duration_weeks"":1,""recovery_weeks"":4},{""target"":""T2P"",""magnitude"":0.3577876271152548,""start_week"":49,""duration_weeks"":1,""recovery_weeks"":1}]"
A,2026,140,Supplier-cluster shock,False,,False,Non-failure,Unclassified,Unclassified,2,0.9005447213986019,99.39512010269095,False,True,False,False,False,"[{""target"":""demand"",""magnitude"":0.11043902233632316,""start_week"":30,""duration_weeks"":1,""recovery_weeks"":3},{""target"":""corridor"",""magnitude"":0.28976377726298874,""start_week"":42,""duration_weeks"":1,""recovery_weeks"":1}]"
A,2026,141,Supplier-cluster shock,False,,False,Non-failure,Unclassified,Unclassified,4,0.8791705973194686,123.69210565507876,True,True,False,False,False,"[{""target"":""T2P"",""magnitude"":0.16402879746258694,""start_week"":14,""duration_weeks"":2,""recovery_weeks"":1},{""target"":""corridor"",""magnitude"":0.24050110201179586,""start_week"":22,""duration_weeks"":1,""recovery_weeks"":1},{""target"":""T2P"",""magnitude"":0.25348414691727694,""start_week"":27,""duration_weeks"":1,""recovery_weeks"":4},{""target"":""demand"",""magnitude"":0.13743567295008735,""start_week"":36,""duration_weeks"":1,""recovery_weeks"":2}]"
A,2026,142,Supplier-cluster shock,True,True,True,Structural,Concentrated dependency,Concentrated dependency,5,0.6690933375882832,1433.0694750384641,True,True,False,False,False,"[{""target"":""demand"",""magnitude"":0.1660382840444693,""start_week"":12,""duration_weeks"":2,""recovery_weeks"":2},{""target"":""demand"",""magnitude"":0.13186174064715148,""start_week"":39,""duration_weeks"":7,""recovery_weeks"":2},{""target"":""demand"",""magnitude"":0.17384231557487767,""start_week"":41,""duration_weeks"":6,""recovery_weeks"":1},{""target"":""corridor"",""magnitude"":0.33326829096821214,""start_week"":42,""duration_weeks"":1,""recovery_weeks"":3},{""target"":""T2P"",""magnitude"":0.22975900757428577,""start_week"":43,""duration_weeks"":1,""recovery_weeks"":4}]"
A,2026,143,Supplier-cluster shock,False,,False,Non-failure,Unclassified,Unclassified,1,1.0,0.0,True,False,False,False,False,"[{""target"":""T2P"",""magnitude"":0.236168371113915,""start_week"":2,""duration_weeks"":1,""recovery_weeks"":4}]"
A,2026,144,Supplier-cluster shock,False,,False,Non-failure,Unclassified,Unclassified,2,0.891830018741095,212.23559532291097,False,False,False,True,True,"[{""target"":""S1B"",""magnitude"":0.31573610896330684,""start_week"":4,""duration_weeks"":1,""recovery_weeks"":1},{""target"":""S1C"",""magnitude"":0.4933824578325363,""start_week"":32,""duration_weeks"":6,""recovery_weeks"":4}]"
A,2026,145,Supplier-cluster shock,False,,False,Non-failure,Unclassified,Unclassified,3,0.8566659445837197,151.39834019424745,False,False,True,False,True,"[{""target"":""S1A"",""magnitude"":0.3326195124410388,""start_week"":1,""duration_weeks"":2,""recovery_weeks"":4},{""target"":""S1C"",""magnitude"":0.35246921656643787,""start_week"":27,""duration_weeks"":1,""recovery_weeks"":2},{""target"":""demand"",""magnitude"":0.17362463166936473,""start_week"":41,""duration_weeks"":1,""recovery_weeks"":2}]"
A,2026,146,Supplier-cluster shock,True,True,True,Structural,Concentrated dependency,Concentrated dependency,3,0.8339816897149829,448.2494377695464,False,True,True,False,False,"[{""target"":""corridor"",""magnitude"":0.37451373271376287,""start_week"":11,""duration_weeks"":2,""recovery_weeks"":2},{""target"":""corridor"",""magnitude"":0.3197738504476392,""start_week"":37,""duration_weeks"":6,""recovery_weeks"":2},{""target"":""S1A"",""magnitude"":0.25750847207434924,""start_week"":41,""duration_weeks"":4,""recovery_weeks"":1}]"
A,2026,147,Supplier-cluster shock,True,False,True,Adaptation-limited,Concentrated dependency,Concentrated dependency,2,0.6578511532668111,1189.7212398816105,False,True,False,False,False,"[{""target"":""corridor"",""magnitude"":0.411947072640354,""start_week"":32,""duration_weeks"":3,""recovery_weeks"":3},{""target"":""demand"",""magnitude"":0.19186622371832834,""start_week"":36,""duration_weeks"":3,""recovery_weeks"":4}]"
A,2026,148,Supplier-cluster shock,True,True,False,Structural,Hidden convergent dependency; Compounding moderate disturbance; Propagation-amplified cascade; Recovery lag and temporal overlap,Hidden convergent dependency,3,0.8679534706026808,236.4221370784851,True,False,False,False,True,"[{""target"":""S1C"",""magnitude"":0.1826019627220523,""start_week"":1,""duration_weeks"":2,""recovery_weeks"":4},{""target"":""demand"",""magnitude"":0.07382270870884199,""start_week"":16,""duration_weeks"":2,""recovery_weeks"":2},{""target"":""T2P"",""magnitude"":0.3175802606208978,""start_week"":18,""duration_weeks"":2,""recovery_weeks"":3}]"
A,2026,149,Supplier-cluster shock,False,,False,Non-failure,Unclassified,Unclassified,2,0.8543838771911386,131.05451052797525,True,False,False,False,False,"[{""target"":""demand"",""magnitude"":0.14068126442051737,""start_week"":34,""duration_weeks"":2,""recovery_weeks"":1},{""target"":""T2P"",""magnitude"":0.29024301931851576,""start_week"":43,""duration_weeks"":5,""recovery_weeks"":2}]"
A,2026,150,Supplier-cluster shock,False,,False,Non-failure,Unclassified,Unclassified,2,0.8619353946621512,144.16178471562694,False,True,False,False,False,"[{""target"":""demand"",""magnitude"":0.16017976079514096,""start_week"":34,""duration_weeks"":6,""recovery_weeks"":2},{""target"":""corridor"",""magnitude"":0.27000699589099003,""start_week"":45,""duration_weeks"":4,""recovery_weeks"":3}]"
A,2026,151,Supplier-cluster shock,True,False,False,Adaptation-limited,Concentrated dependency; Propagation-amplified cascade,Propagation-amplified cascade,2,0.7227983182336554,553.6797034330511,True,True,False,False,False,"[{""target"":""T2P"",""magnitude"":0.25290108320154403,""start_week"":18,""duration_weeks"":3,""recovery_weeks"":1},{""target"":""corridor"",""magnitude"":0.4579012613247585,""start_week"":32,""duration_weeks"":1,""recovery_weeks"":3}]"
A,2026,152,Supplier-cluster shock,True,True,False,Structural,Concentrated dependency; Propagation-amplified cascade; Recovery lag and temporal overlap,Propagation-amplified cascade,3,0.8881645015384284,201.30389723082885,True,True,False,False,False,"[{""target"":""T2P"",""magnitude"":0.24668100343830088,""start_week"":5,""duration_weeks"":1,""recovery_weeks"":4},{""target"":""T2P"",""magnitude"":0.21483565142071392,""start_week"":41,""duration_weeks"":3,""recovery_weeks"":2},{""target"":""corridor"",""magnitude"":0.33387662384617867,""start_week"":45,""duration_weeks"":1,""recovery_weeks"":3}]"
A,2026,153,Supplier-cluster shock,False,,False,Non-failure,Unclassified,Unclassified,4,0.8899761167079927,111.26309246262201,False,False,True,False,True,"[{""target"":""demand"",""magnitude"":0.12362565829180204,""start_week"":4,""duration_weeks"":4,""recovery_weeks"":4},{""target"":""demand"",""magnitude"":0.0939385952028261,""start_week"":21,""duration_weeks"":6,""recovery_weeks"":3},{""target"":""S1C"",""magnitude"":0.2366052646745842,""start_week"":24,""duration_weeks"":3,""recovery_weeks"":2},{""target"":""S1A"",""magnitude"":0.4868966638524166,""start_week"":49,""duration_weeks"":6,""recovery_weeks"":1}]"
A,2026,154,Supplier-cluster shock,True,True,True,Structural,Concentrated dependency; Hidden convergent dependency; Propagation-amplified cascade,Hidden convergent dependency,2,0.7548621912774327,1337.8373981570585,True,True,False,False,False,"[{""target"":""T2P"",""magnitude"":0.4809360417754657,""start_week"":6,""duration_weeks"":1,""recovery_weeks"":3},{""target"":""corridor"",""magnitude"":0.4171562389301151,""start_week"":43,""duration_weeks"":6,""recovery_weeks"":3}]"
A,2026,155,Supplier-cluster shock,True,False,True,Adaptation-limited,Concentrated dependency; Propagation-amplified cascade,Propagation-amplified cascade,2,0.6307436503757227,1013.1575013164731,True,True,False,False,False,"[{""target"":""T2P"",""magnitude"":0.3619958682081975,""start_week"":27,""duration_weeks"":2,""recovery_weeks"":3},{""target"":""corridor"",""magnitude"":0.526942262218208,""start_week"":30,""duration_weeks"":2,""recovery_weeks"":2}]"
A,2026,156,Supplier-cluster shock,True,False,False,Adaptation-limited,Concentrated dependency,Concentrated dependency,1,0.5673764652796742,778.7223624965864,False,True,False,False,False,"[{""target"":""corridor"",""magnitude"":0.5744676510402443,""start_week"":49,""duration_weeks"":6,""recovery_weeks"":1}]"
A,2026,157,Supplier-cluster shock,False,,False,Non-failure,Unclassified,Unclassified,3,0.7430713557974425,725.9394640481569,True,False,False,False,True,"[{""target"":""S1C"",""magnitude"":0.3169362906855878,""start_week"":6,""duration_weeks"":1,""recovery_weeks"":4},{""target"":""T2P"",""magnitude"":0.33123577978230173,""start_week"":14,""duration_weeks"":3,""recovery_weeks"":1},{""target"":""demand"",""magnitude"":0.19913418689959045,""start_week"":23,""duration_weeks"":6,""recovery_weeks"":2}]"
A,2026,158,Supplier-cluster shock,True,True,True,Structural,Concentrated dependency; Hidden convergent dependency,Hidden convergent dependency,3,0.5705250007411855,1221.4699336637823,True,False,False,False,False,"[{""target"":""T2P"",""magnitude"":0.41214090066669284,""start_week"":10,""duration_weeks"":4,""recovery_weeks"":1},{""target"":""demand"",""magnitude"":0.1448696835168433,""start_week"":15,""duration_weeks"":1,""recovery_weeks"":1},{""target"":""T2P"",""magnitude"":0.38816565696598065,""start_week"":48,""duration_weeks"":6,""recovery_weeks"":3}]"
A,2026,159,Supplier-cluster shock,True,True,True,Structural,Concentrated dependency; Hidden convergent dependency; Propagation-amplified cascade,Hidden convergent dependency,4,0.5264284786582076,1366.6513610545599,True,False,False,False,False,"[{""target"":""T2P"",""magnitude"":0.2765637568653219,""start_week"":1,""duration_weeks"":5,""recovery_weeks"":2},{""target"":""T2P"",""magnitude"":0.45018490509328013,""start_week"":7,""duration_weeks"":1,""recovery_weeks"":1},{""target"":""T2P"",""magnitude"":0.22893912728987756,""start_week"":15,""duration_weeks"":4,""recovery_weeks"":4},{""target"":""T2P"",""magnitude"":0.25979935141551447,""start_week"":45,""duration_weeks"":1,""recovery_weeks"":4}]"
A,2026,160,Supplier-cluster shock,False,,False,Non-failure,Unclassified,Unclassified,2,0.902301767819775,97.4490044219499,False,False,False,False,True,"[{""target"":""demand"",""magnitude"":0.10827667157994444,""start_week"":31,""duration_weeks"":1,""recovery_weeks"":3},{""target"":""S1C"",""magnitude"":0.26552980041578444,""start_week"":45,""duration_weeks"":1,""recovery_weeks"":2}]"
A,2026,161,Supplier-cluster shock,False,,False,Non-failure,Unclassified,Unclassified,3,0.8680769172216304,136.77448639061004,False,False,False,True,False,"[{""target"":""demand"",""magnitude"":0.15197165154512243,""start_week"":3,""duration_weeks"":1,""recovery_weeks"":1},{""target"":""demand"",""magnitude"":0.1743887435814629,""start_week"":28,""duration_weeks"":1,""recovery_weeks"":1},{""target"":""S1B"",""magnitude"":0.2934597748853518,""start_week"":31,""duration_weeks"":1,""recovery_weeks"":1}]"
A,2026,162,Supplier-cluster shock,False,,False,Non-failure,Unclassified,Unclassified,1,0.9122275963964693,86.59589290570534,False,False,False,False,False,"[{""target"":""demand"",""magnitude"":0.09621765878411706,""start_week"":22,""duration_weeks"":5,""recovery_weeks"":3}]"
A,2026,163,Supplier-cluster shock,False,,False,Non-failure,Unclassified,Unclassified,1,0.9436799509170022,118.2721030742955,False,False,False,False,True,"[{""target"":""S1C"",""magnitude"":0.37672011043674514,""start_week"":6,""duration_weeks"":6,""recovery_weeks"":3}]"
A,2026,164,Supplier-cluster shock,False,,False,Non-failure,Unclassified,Unclassified,4,0.9140913416606573,84.58431776078635,False,True,True,True,False,"[{""target"":""corridor"",""magnitude"":0.2354831587581625,""start_week"":1,""duration_weeks"":3,""recovery_weeks"":3},{""target"":""demand"",""magnitude"":0.09398257528976241,""start_week"":8,""duration_weeks"":8,""recovery_weeks"":4},{""target"":""S1B"",""magnitude"":0.2314672839546153,""start_week"":12,""duration_weeks"":1,""recovery_weeks"":3},{""target"":""S1A"",""magnitude"":0.2869503379875438,""start_week"":33,""duration_weeks"":6,""recovery_weeks"":4}]"
A,2026,165,Supplier-cluster shock,False,,False,Non-failure,Unclassified,Unclassified,1,0.9366402249568131,133.05552759069246,False,False,False,False,True,"[{""target"":""S1C"",""magnitude"":0.39255949384717037,""start_week"":20,""duration_weeks"":5,""recovery_weeks"":2}]"
A,2026,166,Supplier-cluster shock,False,,False,Non-failure,Unclassified,Unclassified,2,0.9330477412366618,82.11654857688052,True,True,False,False,False,"[{""target"":""T2P"",""magnitude"":0.3600963873326266,""start_week"":42,""duration_weeks"":1,""recovery_weeks"":3},{""target"":""corridor"",""magnitude"":0.25152282214916727,""start_week"":48,""duration_weeks"":1,""recovery_weeks"":2}]"
A,2026,167,Supplier-cluster shock,False,,False,Non-failure,Unclassified,Unclassified,2,0.919760760079094,174.51513558647423,False,False,False,False,False,"[{""target"":""demand"",""magnitude"":0.08723925112222228,""start_week"":11,""duration_weeks"":1,""recovery_weeks"":4},{""target"":""demand"",""magnitude"":0.20272358643727956,""start_week"":32,""duration_weeks"":5,""recovery_weeks"":4}]"
A,2026,168,Supplier-cluster shock,True,True,True,Structural,Concentrated dependency,Concentrated dependency,3,0.607580779821838,2304.2619908832967,False,True,False,False,True,"[{""target"":""demand"",""magnitude"":0.12215085527761006,""start_week"":20,""duration_weeks"":3,""recovery_weeks"":1},{""target"":""S1C"",""magnitude"":0.27108649515033445,""start_week"":25,""duration_weeks"":2,""recovery_weeks"":1},{""target"":""corridor"",""magnitude"":0.5443144151336214,""start_week"":31,""duration_weeks"":6,""recovery_weeks"":2}]"
A,2026,169,Supplier-cluster shock,True,True,False,Structural,Concentrated dependency,Concentrated dependency,5,0.8136093743770736,685.8801898983917,True,True,False,False,False,"[{""target"":""corridor"",""magnitude"":0.3789612147363665,""start_week"":11,""duration_weeks"":1,""recovery_weeks"":1},{""target"":""T2P"",""magnitude"":0.26321645505432434,""start_week"":20,""duration_weeks"":5,""recovery_weeks"":3},{""target"":""corridor"",""magnitude"":0.2475139482048558,""start_week"":28,""duration_weeks"":10,""recovery_weeks"":4},{""target"":""demand"",""magnitude"":0.12601450778568435,""start_week"":30,""duration_weeks"":2,""recovery_weeks"":2},{""target"":""demand"",""magnitude"":0.1270766744336467,""start_week"":39,""duration_weeks"":2,""recovery_weeks"":1}]"
A,2026,170,Supplier-cluster shock,True,True,False,Structural,Concentrated dependency; Hidden convergent dependency; Propagation-amplified cascade,Hidden convergent dependency,2,0.5450514986449072,692.675417138876,True,False,True,False,False,"[{""target"":""T2P"",""magnitude"":0.5308918057129587,""start_week"":29,""duration_weeks"":2,""recovery_weeks"":1},{""target"":""S1A"",""magnitude"":0.3405827985850118,""start_week"":31,""duration_weeks"":7,""recovery_weeks"":2}]"
A,2026,171,Supplier-cluster shock,False,,False,Non-failure,Unclassified,Unclassified,2,0.9651490510241887,62.7317081564604,True,False,True,False,False,"[{""target"":""T2P"",""magnitude"":0.2907045295277133,""start_week"":22,""duration_weeks"":1,""recovery_weeks"":2},{""target"":""S1A"",""magnitude"":0.32841463519557546,""start_week"":39,""duration_weeks"":1,""recovery_weeks"":4}]"
A,2026,172,Supplier-cluster shock,False,,False,Non-failure,Unclassified,Unclassified,3,0.9937000211750486,13.22995553239798,False,True,True,True,False,"[{""target"":""corridor"",""magnitude"":0.17413133750033327,""start_week"":7,""duration_weeks"":2,""recovery_weeks"":3},{""target"":""S1B"",""magnitude"":0.26417495235614075,""start_week"":16,""duration_weeks"":9,""recovery_weeks"":1},{""target"":""S1A"",""magnitude"":0.18094004570806524,""start_week"":36,""duration_weeks"":1,""recovery_weeks"":4}]"
A,2026,173,Supplier-cluster shock,True,True,True,Structural,Concentrated dependency; Hidden convergent dependency; Propagation-amplified cascade,Hidden convergent dependency,4,0.7187222391860214,2246.7068652022335,True,True,True,False,False,"[{""target"":""S1A"",""magnitude"":0.15631065432600533,""start_week"":16,""duration_weeks"":4,""recovery_weeks"":1},{""target"":""T2P"",""magnitude"":0.4319665464898036,""start_week"":32,""duration_weeks"":1,""recovery_weeks"":3},{""target"":""T2P"",""magnitude"":0.34855954525584704,""start_week"":39,""duration_weeks"":7,""recovery_weeks"":1},{""target"":""corridor"",""magnitude"":0.4609583206104838,""start_week"":48,""duration_weeks"":2,""recovery_weeks"":3}]"
A,2026,174,Supplier-cluster shock,True,True,True,Structural,Concentrated dependency; Hidden convergent dependency,Hidden convergent dependency,6,0.45791802519503505,4206.4196594104815,True,False,False,False,True,"[{""target"":""demand"",""magnitude"":0.16496733332374827,""start_week"":24,""duration_weeks"":6,""recovery_weeks"":3},{""target"":""T2P"",""magnitude"":0.20005144559643662,""start_week"":26,""duration_weeks"":7,""recovery_weeks"":4},{""target"":""demand"",""magnitude"":0.1046911911210141,""start_week"":31,""duration_weeks"":1,""recovery_weeks"":3},{""target"":""T2P"",""magnitude"":0.2833498809183319,""start_week"":33,""duration_weeks"":6,""recovery_weeks"":3},{""target"":""T2P"",""magnitude"":0.3234126712800891,""start_week"":34,""duration_weeks"":3,""recovery_weeks"":3},{""target"":""S1C"",""magnitude"":0.21944182497595038,""start_week"":42,""duration_weeks"":8,""recovery_weeks"":1}]"
A,2026,175,Supplier-cluster shock,True,True,False,Structural,Concentrated dependency,Concentrated dependency,3,0.8545790093565668,2704.803976408869,False,True,False,False,False,"[{""target"":""demand"",""magnitude"":0.1701668178731936,""start_week"":4,""duration_weeks"":2,""recovery_weeks"":3},{""target"":""demand"",""magnitude"":0.27929782333722436,""start_week"":9,""duration_weeks"":17,""recovery_weeks"":3},{""target"":""corridor"",""magnitude"":0.2327509551387523,""start_week"":41,""duration_weeks"":7,""recovery_weeks"":4}]"
A,2026,176,Supplier-cluster shock,True,True,False,Structural,Concentrated dependency,Concentrated dependency,4,0.8123544481545787,376.1278599337452,False,False,True,False,True,"[{""target"":""demand"",""magnitude"":0.11951865961092979,""start_week"":2,""duration_weeks"":3,""recovery_weeks"":4},{""target"":""S1A"",""magnitude"":0.3763524848043236,""start_week"":5,""duration_weeks"":1,""recovery_weeks"":1},{""target"":""S1C"",""magnitude"":0.6722024916521978,""start_week"":24,""duration_weeks"":3,""recovery_weeks"":1},{""target"":""S1A"",""magnitude"":0.5227384767470256,""start_week"":49,""duration_weeks"":9,""recovery_weeks"":2}]"
A,2026,177,Supplier-cluster shock,False,,False,Non-failure,Unclassified,Unclassified,3,0.8611057018788281,169.09003430624193,False,True,False,True,True,"[{""target"":""corridor"",""magnitude"":0.27247769508662983,""start_week"":1,""duration_weeks"":2,""recovery_weeks"":4},{""target"":""S1B"",""magnitude"":0.19040231858247736,""start_week"":21,""duration_weeks"":7,""recovery_weeks"":4},{""target"":""S1C"",""magnitude"":0.5625121707726368,""start_week"":33,""duration_weeks"":1,""recovery_weeks"":2}]"
A,2026,178,Supplier-cluster shock,False,,False,Non-failure,Unclassified,Unclassified,3,0.8728219695810743,254.14573411654487,False,False,True,True,True,"[{""target"":""S1A"",""magnitude"":0.4646660147102307,""start_week"":3,""duration_weeks"":1,""recovery_weeks"":3},{""target"":""S1C"",""magnitude"":0.2963218694316736,""start_week"":14,""duration_weeks"":10,""recovery_weeks"":4},{""target"":""S1B"",""magnitude"":0.5361505684425829,""start_week"":27,""duration_weeks"":3,""recovery_weeks"":2}]"
A,2026,179,Supplier-cluster shock,True,True,True,Structural,Concentrated dependency; Hidden convergent dependency; Recovery lag and temporal overlap,Hidden convergent dependency,4,0.5738684021186886,2862.8229728212823,True,False,False,False,False,"[{""target"":""demand"",""magnitude"":0.1654315961076338,""start_week"":9,""duration_weeks"":4,""recovery_weeks"":3},{""target"":""demand"",""magnitude"":0.07296233677340155,""start_week"":15,""duration_weeks"":1,""recovery_weeks"":4},{""target"":""T2P"",""magnitude"":0.4835184380931803,""start_week"":16,""duration_weeks"":2,""recovery_weeks"":4},{""target"":""T2P"",""magnitude"":0.3800295626908692,""start_week"":26,""duration_weeks"":5,""recovery_weeks"":3}]"
A,2026,180,Supplier-cluster shock,True,False,False,Adaptation-limited,Concentrated dependency; Hidden convergent dependency; Propagation-amplified cascade,Hidden convergent dependency,2,0.6743117250680967,669.0375134742085,True,True,False,False,False,"[{""target"":""T2P"",""magnitude"":0.39311944743871297,""start_week"":21,""duration_weeks"":3,""recovery_weeks"":2},{""target"":""corridor"",""magnitude"":0.2586487035934891,""start_week"":43,""duration_weeks"":2,""recovery_weeks"":2}]"
A,2026,181,Supplier-cluster shock,True,True,True,Structural,Hidden convergent dependency; Compounding moderate disturbance,Hidden convergent dependency,5,0.6246410204784328,1126.5311243517765,True,True,True,False,False,"[{""target"":""demand"",""magnitude"":0.15762320605005495,""start_week"":1,""duration_weeks"":4,""recovery_weeks"":3},{""target"":""T2P"",""magnitude"":0.4082857054859541,""start_week"":3,""duration_weeks"":2,""recovery_weeks"":1},{""target"":""corridor"",""magnitude"":0.2507467708048411,""start_week"":8,""duration_weeks"":7,""recovery_weeks"":3},{""target"":""T2P"",""magnitude"":0.2867310488400949,""start_week"":13,""duration_weeks"":3,""recovery_weeks"":1},{""target"":""S1A"",""magnitude"":0.26840198935496806,""start_week"":42,""duration_weeks"":20,""recovery_weeks"":4}]"
A,2026,182,Supplier-cluster shock,False,,False,Non-failure,Unclassified,Unclassified,3,0.9523214245072401,99.39446922382422,False,False,False,True,True,"[{""target"":""S1C"",""magnitude"":0.356494074168383,""start_week"":1,""duration_weeks"":5,""recovery_weeks"":4},{""target"":""S1B"",""magnitude"":0.23008187886665465,""start_week"":36,""duration_weeks"":2,""recovery_weeks"":4},{""target"":""S1C"",""magnitude"":0.3572767948587098,""start_week"":45,""duration_weeks"":4,""recovery_weeks"":1}]"
A,2026,183,Supplier-cluster shock,True,True,False,Structural,Compounding moderate disturbance; Recovery lag and temporal overlap,Compounding moderate disturbance,2,0.8366264689883927,731.1546739870895,False,False,False,False,False,"[{""target"":""demand"",""magnitude"":0.15852755201132007,""start_week"":22,""duration_weeks"":1,""recovery_weeks"":3},{""target"":""demand"",""magnitude"":0.19527655060824278,""start_week"":23,""duration_weeks"":6,""recovery_weeks"":3}]"
A,2026,184,Supplier-cluster shock,False,,False,Non-failure,Unclassified,Unclassified,1,0.991691157706925,14.955916127535147,False,False,False,True,False,"[{""target"":""S1B"",""magnitude"":0.26869489515941913,""start_week"":19,""duration_weeks"":1,""recovery_weeks"":1}]"
A,2026,185,Supplier-cluster shock,False,,False,Non-failure,Unclassified,Unclassified,1,1.0,0.0,False,False,True,False,False,"[{""target"":""S1A"",""magnitude"":0.217328231097778,""start_week"":27,""duration_weeks"":3,""recovery_weeks"":3}]"
A,2026,186,Supplier-cluster shock,True,False,False,Adaptation-limited,Compounding moderate disturbance,Compounding moderate disturbance,5,0.8491043695257579,500.1217488257662,False,False,True,True,True,"[{""target"":""S1C"",""magnitude"":0.24943212052155772,""start_week"":12,""duration_weeks"":2,""recovery_weeks"":2},{""target"":""S1B"",""magnitude"":0.3789894867310184,""start_week"":22,""duration_weeks"":4,""recovery_weeks"":1},{""target"":""S1A"",""magnitude"":0.33523720196959395,""start_week"":23,""duration_weeks"":7,""recovery_weeks"":1},{""target"":""S1B"",""magnitude"":0.38597393531267943,""start_week"":25,""duration_weeks"":3,""recovery_weeks"":4},{""target"":""S1A"",""magnitude"":0.2515217265024648,""start_week"":47,""duration_weeks"":2,""recovery_weeks"":2}]"
A,2026,187,Supplier-cluster shock,False,,False,Non-failure,Unclassified,Unclassified,1,0.9683184439608122,57.026800870537954,False,False,False,False,True,"[{""target"":""S1C"",""magnitude"":0.3212835010881724,""start_week"":31,""duration_weeks"":1,""recovery_weeks"":3}]"
A,2026,188,Supplier-cluster shock,False,,False,Non-failure,Unclassified,Unclassified,2,0.9102783898499648,403.7472456751583,True,True,False,False,False,"[{""target"":""corridor"",""magnitude"":0.3172912076125264,""start_week"":36,""duration_weeks"":4,""recovery_weeks"":3},{""target"":""T2P"",""magnitude"":0.204418383521502,""start_week"":42,""duration_weeks"":1,""recovery_weeks"":2}]"
A,2026,189,Supplier-cluster shock,True,True,True,Structural,Concentrated dependency,Concentrated dependency,3,0.8467327836550109,965.5834629734311,False,True,False,False,True,"[{""target"":""corridor"",""magnitude"":0.21218760032338288,""start_week"":6,""duration_weeks"":7,""recovery_weeks"":1},{""target"":""corridor"",""magnitude"":0.3649504122587418,""start_week"":31,""duration_weeks"":6,""recovery_weeks"":3},{""target"":""S1C"",""magnitude"":0.4231705873548276,""start_week"":37,""duration_weeks"":1,""recovery_weeks"":1}]"
A,2026,190,Supplier-cluster shock,False,,False,Non-failure,Unclassified,Unclassified,2,0.889244220193145,211.72325751708252,True,False,False,False,False,"[{""target"":""demand"",""magnitude"":0.06584371859401303,""start_week"":16,""duration_weeks"":5,""recovery_weeks"":4},{""target"":""T2P"",""magnitude"":0.19968020182616955,""start_week"":28,""duration_weeks"":8,""recovery_weeks"":3}]"
A,2026,191,Supplier-cluster shock,False,,False,Non-failure,Unclassified,Unclassified,6,0.9269929157447492,853.9785292299,True,True,False,False,True,"[{""target"":""S1C"",""magnitude"":0.2400227130952921,""start_week"":9,""duration_weeks"":3,""recovery_weeks"":3},{""target"":""T2P"",""magnitude"":0.1695337752226856,""start_week"":25,""duration_weeks"":1,""recovery_weeks"":2},{""target"":""corridor"",""magnitude"":0.30296748810752594,""start_week"":29,""duration_weeks"":10,""recovery_weeks"":1},{""target"":""T2P"",""magnitude"":0.3327001818446419,""start_week"":32,""duration_weeks"":3,""recovery_weeks"":1},{""target"":""corridor"",""magnitude"":0.26290354870240074,""start_week"":40,""duration_weeks"":2,""recovery_weeks"":1},{""target"":""demand"",""magnitude"":0.060197172712175555,""start_week"":42,""duration_weeks"":3,""recovery_weeks"":3}]"
A,2026,192,Supplier-cluster shock,False,,False,Non-failure,Unclassified,Unclassified,4,0.9112355498972393,309.5560660507073,False,True,True,False,True,"[{""target"":""demand"",""magnitude"":0.09741109212954946,""start_week"":34,""duration_weeks"":3,""recovery_weeks"":4},{""target"":""corridor"",""magnitude"":0.23584019048767185,""start_week"":35,""duration_weeks"":5,""recovery_weeks"":3},{""target"":""S1C"",""magnitude"":0.27409541261869597,""start_week"":39,""duration_weeks"":2,""recovery_weeks"":3},{""target"":""S1A"",""magnitude"":0.32950198539562103,""start_week"":51,""duration_weeks"":2,""recovery_weeks"":4}]"
A,2026,193,Supplier-cluster shock,True,True,False,Structural,Concentrated dependency; Propagation-amplified cascade,Propagation-amplified cascade,2,0.8130813572210911,479.6658467064402,True,False,False,True,False,"[{""target"":""T2P"",""magnitude"":0.551866338682576,""start_week"":12,""duration_weeks"":1,""recovery_weeks"":2},{""target"":""S1B"",""magnitude"":0.5069625480681259,""start_week"":14,""duration_weeks"":1,""recovery_weeks"":1}]"
A,2026,194,Supplier-cluster shock,True,True,True,Structural,Concentrated dependency,Concentrated dependency,2,0.8339962251393048,784.0695349040977,False,True,False,False,True,"[{""target"":""corridor"",""magnitude"":0.3745028311455214,""start_week"":26,""duration_weeks"":4,""recovery_weeks"":4},{""target"":""S1C"",""magnitude"":0.5267678380538555,""start_week"":34,""duration_weeks"":7,""recovery_weeks"":3}]"
A,2026,195,Supplier-cluster shock,False,,False,Non-failure,Unclassified,Unclassified,4,0.813946784515939,205.72339263584354,False,False,True,False,True,"[{""target"":""demand"",""magnitude"":0.22858154737315944,""start_week"":8,""duration_weeks"":1,""recovery_weeks"":1},{""target"":""S1A"",""magnitude"":0.2768441591319057,""start_week"":12,""duration_weeks"":1,""recovery_weeks"":4},{""target"":""S1C"",""magnitude"":0.1946694299124499,""start_week"":17,""duration_weeks"":4,""recovery_weeks"":2},{""target"":""S1A"",""magnitude"":0.4120794192822391,""start_week"":21,""duration_weeks"":1,""recovery_weeks"":4}]"
A,2026,196,Supplier-cluster shock,False,,False,Non-failure,Unclassified,Unclassified,2,0.8910626245470988,110.03001944722325,True,False,False,False,False,"[{""target"":""T2P"",""magnitude"":0.23908070599433473,""start_week"":14,""duration_weeks"":1,""recovery_weeks"":4},{""target"":""demand"",""magnitude"":0.12225557716358137,""start_week"":39,""duration_weeks"":6,""recovery_weeks"":2}]"
A,2026,197,Supplier-cluster shock,False,,False,Non-failure,Unclassified,Unclassified,1,0.920379837660044,143.31629221192065,False,False,False,False,True,"[{""target"":""S1C"",""magnitude"":0.4291453652649009,""start_week"":32,""duration_weeks"":1,""recovery_weeks"":2}]"
A,2026,198,Supplier-cluster shock,True,True,True,Structural,Concentrated dependency; Hidden convergent dependency; Propagation-amplified cascade,Hidden convergent dependency,5,0.3785977868779892,2603.301477697167,True,True,False,False,False,"[{""target"":""T2P"",""magnitude"":0.3040195717888816,""start_week"":2,""duration_weeks"":4,""recovery_weeks"":4},{""target"":""corridor"",""magnitude"":0.5804225830566394,""start_week"":34,""duration_weeks"":2,""recovery_weeks"":4},{""target"":""T2P"",""magnitude"":0.22827283489460445,""start_week"":36,""duration_weeks"":5,""recovery_weeks"":4},{""target"":""T2P"",""magnitude"":0.5584734818248164,""start_week"":38,""duration_weeks"":2,""recovery_weeks"":1},{""target"":""demand"",""magnitude"":0.0635833836009097,""start_week"":49,""duration_weeks"":1,""recovery_weeks"":2}]"
A,2026,199,Supplier-cluster shock,True,False,True,Adaptation-limited,Concentrated dependency; Hidden convergent dependency; Propagation-amplified cascade,Hidden convergent dependency,2,0.681386939024895,704.8415227621077,True,False,False,False,True,"[{""target"":""T2P"",""magnitude"":0.5156690065034594,""start_week"":26,""duration_weeks"":1,""recovery_weeks"":4},{""target"":""S1C"",""magnitude"":0.1884608637807068,""start_week"":51,""duration_weeks"":4,""recovery_weeks"":4}]"
A,2026,200,Supplier-cluster shock,False,,False,Non-failure,Unclassified,Unclassified,3,0.9982812053198111,3.609468828396757,False,True,True,False,True,"[{""target"":""corridor"",""magnitude"":0.244126863525793,""start_week"":1,""duration_weeks"":2,""recovery_weeks"":3},{""target"":""S1C"",""magnitude"":0.2538672880304249,""start_week"":39,""duration_weeks"":4,""recovery_weeks"":4},{""target"":""S1A"",""magnitude"":0.2046791335348118,""start_week"":40,""duration_weeks"":1,""recovery_weeks"":1}]"
A,2026,201,Supplier-cluster shock,True,True,False,Structural,Concentrated dependency; Hidden convergent dependency; Propagation-amplified cascade,Hidden convergent dependency,6,0.801636606270275,440.79408972970396,True,True,True,False,True,"[{""target"":""corridor"",""magnitude"":0.18019564819793368,""start_week"":14,""duration_weeks"":2,""recovery_weeks"":1},{""target"":""T2P"",""magnitude"":0.2785270543567526,""start_week"":24,""duration_weeks"":4,""recovery_weeks"":4},{""target"":""S1C"",""magnitude"":0.32436444060882985,""start_week"":31,""duration_weeks"":1,""recovery_weeks"":3},{""target"":""S1A"",""magnitude"":0.20589958226211244,""start_week"":39,""duration_weeks"":1,""recovery_weeks"":4},{""target"":""T2P"",""magnitude"":0.21607051592153853,""start_week"":44,""duration_weeks"":6,""recovery_weeks"":4},{""target"":""S1C"",""magnitude"":0.26259195812735386,""start_week"":50,""duration_weeks"":4,""recovery_weeks"":1}]"
A,2026,202,Supplier-cluster shock,False,,False,Non-failure,Unclassified,Unclassified,1,0.9908723977380093,16.429684071583324,False,True,False,False,False,"[{""target"":""corridor"",""magnitude"":0.2568457016964932,""start_week"":46,""duration_weeks"":1,""recovery_weeks"":2}]"
A,2026,203,Supplier-cluster shock,False,,False,Non-failure,Unclassified,Unclassified,3,0.8263420159682707,245.68703157021582,False,True,False,False,False,"[{""target"":""demand"",""magnitude"":0.21015267368227009,""start_week"":2,""duration_weeks"":4,""recovery_weeks"":1},{""target"":""corridor"",""magnitude"":0.24442802076235198,""start_week"":16,""duration_weeks"":5,""recovery_weeks"":3},{""target"":""corridor"",""magnitude"":0.37424296821754244,""start_week"":44,""duration_weeks"":1,""recovery_weeks"":4}]"
A,2026,204,Supplier-cluster shock,True,True,True,Structural,Concentrated dependency; Hidden convergent dependency; Propagation-amplified cascade,Hidden convergent dependency,4,0.6307107772946516,1247.855541321938,True,True,True,False,True,"[{""target"":""S1C"",""magnitude"":0.2539288860177106,""start_week"":21,""duration_weeks"":5,""recovery_weeks"":3},{""target"":""S1A"",""magnitude"":0.4012881644630437,""start_week"":23,""duration_weeks"":2,""recovery_weeks"":4},{""target"":""T2P"",""magnitude"":0.43236030043481366,""start_week"":32,""duration_weeks"":5,""recovery_weeks"":1},{""target"":""corridor"",""magnitude"":0.2138330324940393,""start_week"":33,""duration_weeks"":18,""recovery_weeks"":1}]"
A,2026,205,Supplier-cluster shock,False,,False,Non-failure,Unclassified,Unclassified,2,0.9901205575097152,53.34898944753718,False,True,False,False,False,"[{""target"":""corridor"",""magnitude"":0.25740958186771357,""start_week"":15,""duration_weeks"":5,""recovery_weeks"":4},{""target"":""corridor"",""magnitude"":0.18684284079764413,""start_week"":44,""duration_weeks"":1,""recovery_weeks"":3}]"
A,2026,206,Supplier-cluster shock,False,,False,Non-failure,Unclassified,Unclassified,3,0.8937181545983481,210.61080691810037,False,False,False,True,False,"[{""target"":""demand"",""magnitude"":0.08531339802603727,""start_week"":15,""duration_weeks"":1,""recovery_weeks"":1},{""target"":""demand"",""magnitude"":0.08918224013471285,""start_week"":37,""duration_weeks"":1,""recovery_weeks"":1},{""target"":""S1B"",""magnitude"":0.4891341521537166,""start_week"":46,""duration_weeks"":4,""recovery_weeks"":2}]"
A,2026,207,Supplier-cluster shock,False,,False,Non-failure,Unclassified,Unclassified,2,0.7238273081520925,267.6515265877282,True,False,False,False,False,"[{""target"":""demand"",""magnitude"":0.07031675781374361,""start_week"":9,""duration_weeks"":1,""recovery_weeks"":2},{""target"":""T2P"",""magnitude"":0.3485554226631167,""start_week"":38,""duration_weeks"":3,""recovery_weeks"":1}]"
A,2026,208,Supplier-cluster shock,False,,False,Non-failure,Unclassified,Unclassified,1,1.0,0.0,False,True,False,False,False,"[{""target"":""corridor"",""magnitude"":0.18470455500817098,""start_week"":39,""duration_weeks"":1,""recovery_weeks"":2}]"
A,2026,209,Supplier-cluster shock,False,,False,Non-failure,Unclassified,Unclassified,3,0.9015860571750871,206.66927993231707,False,False,False,True,True,"[{""target"":""S1B"",""magnitude"":0.4714313713560542,""start_week"":22,""duration_weeks"":11,""recovery_weeks"":4},{""target"":""S1C"",""magnitude"":0.3147561454515253,""start_week"":45,""duration_weeks"":5,""recovery_weeks"":1},{""target"":""S1B"",""magnitude"":0.2111073060659652,""start_week"":47,""duration_weeks"":2,""recovery_weeks"":3}]"
A,2026,210,Supplier-cluster shock,False,,False,Non-failure,Unclassified,Unclassified,4,0.8814457767899818,157.7018450429689,False,False,True,True,True,"[{""target"":""S1B"",""magnitude"":0.3970500295500349,""start_week"":5,""duration_weeks"":4,""recovery_weeks"":2},{""target"":""S1A"",""magnitude"":0.2899117578893576,""start_week"":18,""duration_weeks"":1,""recovery_weeks"":4},{""target"":""S1C"",""magnitude"":0.22958550652922638,""start_week"":31,""duration_weeks"":3,""recovery_weeks"":4},{""target"":""S1A"",""magnitude"":0.5167470022225409,""start_week"":42,""duration_weeks"":1,""recovery_weeks"":3}]"
A,2026,211,Supplier-cluster shock,False,,False,Non-failure,Unclassified,Unclassified,2,0.9183123552571497,80.05868574857436,True,False,False,False,False,"[{""target"":""demand"",""magnitude"":0.08895409527619363,""start_week"":30,""duration_weeks"":7,""recovery_weeks"":4},{""target"":""T2P"",""magnitude"":0.30550704126656275,""start_week"":49,""duration_weeks"":6,""recovery_weeks"":2}]"
A,2026,212,Supplier-cluster shock,False,,False,Non-failure,Unclassified,Unclassified,0,1.0,0.0,False,False,False,False,False,[]
A,2026,213,Supplier-cluster shock,True,False,True,Adaptation-limited,Concentrated dependency,Concentrated dependency,3,0.7445659114044084,1213.548445057018,False,True,False,False,False,"[{""target"":""demand"",""magnitude"":0.17124150636730318,""start_week"":5,""duration_weeks"":14,""recovery_weeks"":1},{""target"":""demand"",""magnitude"":0.14766424075509776,""start_week"":36,""duration_weeks"":1,""recovery_weeks"":3},{""target"":""corridor"",""magnitude"":0.4415755664466936,""start_week"":43,""duration_weeks"":5,""recovery_weeks"":1}]"
A,2026,214,Supplier-cluster shock,False,,False,Non-failure,Unclassified,Unclassified,2,0.9438594879422186,101.0529217040064,False,False,False,True,True,"[{""target"":""S1C"",""magnitude"":0.3763161521300079,""start_week"":8,""duration_weeks"":1,""recovery_weeks"":4},{""target"":""S1B"",""magnitude"":0.2588525414208204,""start_week"":40,""duration_weeks"":4,""recovery_weeks"":4}]"
A,2026,215,Supplier-cluster shock,True,True,True,Structural,Concentrated dependency; Hidden convergent dependency; Propagation-amplified cascade,Hidden convergent dependency,3,0.8196693362559287,1216.4223697511366,True,False,True,True,False,"[{""target"":""T2P"",""magnitude"":0.262297597369664,""start_week"":3,""duration_weeks"":10,""recovery_weeks"":2},{""target"":""S1B"",""magnitude"":0.3435744502103787,""start_week"":8,""duration_weeks"":1,""recovery_weeks"":4},{""target"":""S1A"",""magnitude"":0.42991583735438743,""start_week"":29,""duration_weeks"":6,""recovery_weeks"":3}]"
A,2026,216,Supplier-cluster shock,True,True,True,Structural,Concentrated dependency,Concentrated dependency,3,0.5393003900694925,1550.882787878425,False,True,False,False,False,"[{""target"":""demand"",""magnitude"":0.07101255732575235,""start_week"":3,""duration_weeks"":1,""recovery_weeks"":3},{""target"":""demand"",""magnitude"":0.18379159614540935,""start_week"":4,""duration_weeks"":10,""recovery_weeks"":1},{""target"":""corridor"",""magnitude"":0.5211855478283453,""start_week"":7,""duration_weeks"":1,""recovery_weeks"":3}]"
A,2026,217,Supplier-cluster shock,False,,False,Non-failure,Unclassified,Unclassified,3,0.9521713393670657,101.28167887482539,False,False,True,True,True,"[{""target"":""S1C"",""magnitude"":0.30696283650828854,""start_week"":1,""duration_weeks"":2,""recovery_weeks"":2},{""target"":""S1B"",""magnitude"":0.3006516499158135,""start_week"":2,""duration_weeks"":2,""recovery_weeks"":4},{""target"":""S1A"",""magnitude"":0.22463254342794825,""start_week"":33,""duration_weeks"":1,""recovery_weeks"":2}]"
A,2026,218,Supplier-cluster shock,False,,False,Non-failure,Unclassified,Unclassified,2,1.0,0.0,True,True,False,False,False,"[{""target"":""corridor"",""magnitude"":0.20328353167427055,""start_week"":45,""duration_weeks"":5,""recovery_weeks"":1},{""target"":""T2P"",""magnitude"":0.20192664852939426,""start_week"":49,""duration_weeks"":1,""recovery_weeks"":2}]"
A,2026,219,Supplier-cluster shock,True,False,False,Adaptation-limited,Concentrated dependency,Concentrated dependency,1,0.745461376926885,510.892695375476,False,True,False,False,False,"[{""target"":""corridor"",""magnitude"":0.4409039673048363,""start_week"":20,""duration_weeks"":1,""recovery_weeks"":3}]"
A,2026,220,Supplier-cluster shock,True,True,True,Structural,Concentrated dependency,Concentrated dependency,2,0.8368957740194474,440.38141014749203,True,True,False,False,False,"[{""target"":""corridor"",""magnitude"":0.37232816948541436,""start_week"":5,""duration_weeks"":2,""recovery_weeks"":3},{""target"":""T2P"",""magnitude"":0.1649148151898683,""start_week"":50,""duration_weeks"":1,""recovery_weeks"":1}]"
A,2026,221,Supplier-cluster shock,True,False,False,Adaptation-limited,Concentrated dependency,Concentrated dependency,4,0.8686193448659107,313.1720111672573,False,True,False,False,False,"[{""target"":""corridor"",""magnitude"":0.2710125753375326,""start_week"":25,""duration_weeks"":1,""recovery_weeks"":4},{""target"":""corridor"",""magnitude"":0.28832747437702566,""start_week"":41,""duration_weeks"":2,""recovery_weeks"":2},{""target"":""corridor"",""magnitude"":0.3485354913505669,""start_week"":46,""duration_weeks"":2,""recovery_weeks"":2},{""target"":""corridor"",""magnitude"":0.5098048101415281,""start_week"":51,""duration_weeks"":1,""recovery_weeks"":1}]"
A,2026,222,Supplier-cluster shock,False,,False,Non-failure,Unclassified,Unclassified,2,0.9008442168150143,99.06286037113159,False,True,False,False,False,"[{""target"":""corridor"",""magnitude"":0.22237242600870388,""start_week"":4,""duration_weeks"":1,""recovery_weeks"":2},{""target"":""demand"",""magnitude"":0.11006984485681298,""start_week"":25,""duration_weeks"":2,""recovery_weeks"":1}]"
A,2026,223,Supplier-cluster shock,False,,False,Non-failure,Unclassified,Unclassified,0,1.0,0.0,False,False,False,False,False,[]
A,2026,224,Supplier-cluster shock,False,,False,Non-failure,Unclassified,Unclassified,1,1.0,0.0,False,False,False,True,False,"[{""target"":""S1B"",""magnitude"":0.17511739450413533,""start_week"":42,""duration_weeks"":6,""recovery_weeks"":2}]"
A,2026,225,Supplier-cluster shock,False,,False,Non-failure,Unclassified,Unclassified,1,0.9646190308270985,74.30003526309304,False,False,True,False,False,"[{""target"":""S1A"",""magnitude"":0.32960718063902816,""start_week"":45,""duration_weeks"":4,""recovery_weeks"":2}]"
A,2026,226,Supplier-cluster shock,False,,False,Non-failure,Unclassified,Unclassified,1,0.990421471709077,17.241350923661457,False,False,False,True,False,"[{""target"":""S1B"",""magnitude"":0.27155168865457685,""start_week"":26,""duration_weeks"":1,""recovery_weeks"":1}]"
A,2026,227,Supplier-cluster shock,True,True,True,Structural,Concentrated dependency; Hidden convergent dependency; Propagation-amplified cascade,Hidden convergent dependency,3,0.5678951237953945,1806.519199570248,True,True,False,False,False,"[{""target"":""T2P"",""magnitude"":0.45046394732908424,""start_week"":3,""duration_weeks"":1,""recovery_weeks"":3},{""target"":""corridor"",""magnitude"":0.5740786571534541,""start_week"":25,""duration_weeks"":3,""recovery_weeks"":4},{""target"":""T2P"",""magnitude"":0.29041667148130806,""start_week"":30,""duration_weeks"":2,""recovery_weeks"":4}]"
A,2026,228,Supplier-cluster shock,True,True,True,Structural,Concentrated dependency; Hidden convergent dependency; Propagation-amplified cascade,Hidden convergent dependency,3,0.5077554297623726,3015.6709623178485,True,False,False,False,False,"[{""target"":""T2P"",""magnitude"":0.5430201132138646,""start_week"":4,""duration_weeks"":6,""recovery_weeks"":4},{""target"":""T2P"",""magnitude"":0.2802474083660946,""start_week"":30,""duration_weeks"":3,""recovery_weeks"":1},{""target"":""demand"",""magnitude"":0.16534431985251663,""start_week"":33,""duration_weeks"":2,""recovery_weeks"":4}]"
A,2026,229,Supplier-cluster shock,True,True,True,Structural,Concentrated dependency; Hidden convergent dependency,Hidden convergent dependency,3,0.5767539053940903,1625.3530677241934,True,False,True,False,False,"[{""target"":""S1A"",""magnitude"":0.38145044041675924,""start_week"":13,""duration_weeks"":1,""recovery_weeks"":2},{""target"":""demand"",""magnitude"":0.22020072941088176,""start_week"":22,""duration_weeks"":7,""recovery_weeks"":1},{""target"":""T2P"",""magnitude"":0.48092148514531863,""start_week"":35,""duration_weeks"":4,""recovery_weeks"":2}]"
A,2026,230,Supplier-cluster shock,True,True,False,Structural,Concentrated dependency,Concentrated dependency,2,0.8365127427126975,294.2770631171444,True,True,False,False,False,"[{""target"":""corridor"",""magnitude"":0.3726154429654769,""start_week"":25,""duration_weeks"":1,""recovery_weeks"":3},{""target"":""T2P"",""magnitude"":0.2889588574587477,""start_week"":36,""duration_weeks"":2,""recovery_weeks"":3}]"
A,2026,231,Supplier-cluster shock,True,True,True,Structural,Concentrated dependency,Concentrated dependency,5,0.6236909903395669,1710.1247847446944,True,True,False,False,False,"[{""target"":""corridor"",""magnitude"":0.2229353806056908,""start_week"":2,""duration_weeks"":3,""recovery_weeks"":2},{""target"":""corridor"",""magnitude"":0.3892207797393885,""start_week"":21,""duration_weeks"":3,""recovery_weeks"":2},{""target"":""demand"",""magnitude"":0.11685046845946473,""start_week"":30,""duration_weeks"":7,""recovery_weeks"":2},{""target"":""T2P"",""magnitude"":0.43867810869438983,""start_week"":42,""duration_weeks"":12,""recovery_weeks"":4},{""target"":""demand"",""magnitude"":0.12001781986614453,""start_week"":44,""duration_weeks"":2,""recovery_weeks"":2}]"
A,2026,232,Supplier-cluster shock,False,,False,Non-failure,Unclassified,Unclassified,1,0.9082656051285595,82.56095538429645,False,False,False,True,False,"[{""target"":""S1B"",""magnitude"":0.4564023884607411,""start_week"":50,""duration_weeks"":4,""recovery_weeks"":2}]"
A,2026,233,Supplier-cluster shock,False,,False,Non-failure,Unclassified,Unclassified,2,0.9118953461912895,86.95536034812255,True,False,False,False,False,"[{""target"":""demand"",""magnitude"":0.09661706705346931,""start_week"":10,""duration_weeks"":1,""recovery_weeks"":2},{""target"":""T2P"",""magnitude"":0.19183479140384585,""start_week"":42,""duration_weeks"":1,""recovery_weeks"":2}]"
A,2026,234,Supplier-cluster shock,False,,False,Non-failure,Unclassified,Unclassified,4,0.9840719233393596,28.670537989152763,True,False,True,False,True,"[{""target"":""T2P"",""magnitude"":0.2369048583518379,""start_week"":25,""duration_weeks"":1,""recovery_weeks"":2},{""target"":""S1C"",""magnitude"":0.20979562971167653,""start_week"":27,""duration_weeks"":10,""recovery_weeks"":1},{""target"":""S1A"",""magnitude"":0.28583817248644106,""start_week"":28,""duration_weeks"":1,""recovery_weeks"":4},{""target"":""S1C"",""magnitude"":0.5224166814882565,""start_week"":51,""duration_weeks"":2,""recovery_weeks"":1}]"
A,2026,235,Supplier-cluster shock,True,True,False,Structural,Concentrated dependency,Concentrated dependency,1,0.8580268079016946,511.1034915538994,False,True,False,False,False,"[{""target"":""corridor"",""magnitude"":0.35647989407372904,""start_week"":21,""duration_weeks"":3,""recovery_weeks"":3}]"
A,2026,236,Supplier-cluster shock,True,True,True,Structural,Concentrated dependency,Concentrated dependency,3,0.5928931999887824,1441.4356690695076,False,True,False,True,False,"[{""target"":""demand"",""magnitude"":0.14285775610194162,""start_week"":6,""duration_weeks"":1,""recovery_weeks"":1},{""target"":""S1B"",""magnitude"":0.1958238227125199,""start_week"":32,""duration_weeks"":1,""recovery_weeks"":4},{""target"":""corridor"",""magnitude"":0.5553301000084132,""start_week"":43,""duration_weeks"":3,""recovery_weeks"":4}]"
A,2026,237,Supplier-cluster shock,False,,False,Non-failure,Unclassified,Unclassified,3,0.9707428676491495,61.439977936786136,False,True,True,False,False,"[{""target"":""corridor"",""magnitude"":0.21247799942441425,""start_week"":28,""duration_weeks"":2,""recovery_weeks"":1},{""target"":""corridor"",""magnitude"":0.21832599511288636,""start_week"":37,""duration_weeks"":2,""recovery_weeks"":4},{""target"":""S1A"",""magnitude"":0.3158285477894136,""start_week"":44,""duration_weeks"":2,""recovery_weeks"":4}]"
A,2026,238,Supplier-cluster shock,True,False,True,Adaptation-limited,Concentrated dependency,Concentrated dependency,2,0.7219386371739009,1625.3508382023765,False,True,False,False,False,"[{""target"":""demand"",""magnitude"":0.0684097121203279,""start_week"":9,""duration_weeks"":8,""recovery_weeks"":1},{""target"":""corridor"",""magnitude"":0.42150531136636793,""start_week"":13,""duration_weeks"":6,""recovery_weeks"":2}]"
A,2026,239,Supplier-cluster shock,False,,False,Non-failure,Unclassified,Unclassified,1,0.9226554472396407,162.42356079675483,False,False,False,False,True,"[{""target"":""S1C"",""magnitude"":0.42402524371080874,""start_week"":32,""duration_weeks"":7,""recovery_weeks"":4}]"
A,2026,240,Supplier-cluster shock,True,True,True,Structural,Concentrated dependency; Hidden convergent dependency; Propagation-amplified cascade,Hidden convergent dependency,3,0.6993856835090458,1842.1600842281136,True,False,False,False,False,"[{""target"":""T2P"",""magnitude"":0.3237820406611596,""start_week"":1,""duration_weeks"":1,""recovery_weeks"":4},{""target"":""T2P"",""magnitude"":0.27932069229580736,""start_week"":10,""duration_weeks"":1,""recovery_weeks"":3},{""target"":""T2P"",""magnitude"":0.37055288484185867,""start_week"":36,""duration_weeks"":8,""recovery_weeks"":2}]"
A,2026,241,Supplier-cluster shock,True,False,False,Adaptation-limited,Concentrated dependency; Hidden convergent dependency; Recovery lag and temporal overlap,Hidden convergent dependency,4,0.6485063397596749,586.6917027655329,True,False,False,False,True,"[{""target"":""demand"",""magnitude"":0.18809636289347997,""start_week"":25,""duration_weeks"":1,""recovery_weeks"":4},{""target"":""demand"",""magnitude"":0.08263115220592526,""start_week"":39,""duration_weeks"":3,""recovery_weeks"":4},{""target"":""T2P"",""magnitude"":0.4163442942162926,""start_week"":44,""duration_weeks"":4,""recovery_weeks"":2},{""target"":""S1C"",""magnitude"":0.2084258912527806,""start_week"":47,""duration_weeks"":12,""recovery_weeks"":3}]"
A,2026,242,Supplier-cluster shock,True,True,False,Structural,Concentrated dependency,Concentrated dependency,1,0.8071033958921026,402.4190951670462,False,True,False,False,False,"[{""target"":""corridor"",""magnitude"":0.394672453080923,""start_week"":11,""duration_weeks"":1,""recovery_weeks"":4}]"
A,2026,243,Supplier-cluster shock,True,True,True,Structural,Concentrated dependency; Hidden convergent dependency; Propagation-amplified cascade,Hidden convergent dependency,2,0.5634729031540913,971.4975486452713,True,True,False,False,False,"[{""target"":""T2P"",""magnitude"":0.4928743871613178,""start_week"":2,""duration_weeks"":3,""recovery_weeks"":1},{""target"":""corridor"",""magnitude"":0.26922605145669426,""start_week"":24,""duration_weeks"":5,""recovery_weeks"":4}]"
A,2026,244,Supplier-cluster shock,False,,False,Non-failure,Unclassified,Unclassified,4,0.9269276016647002,526.121268014158,True,True,False,False,False,"[{""target"":""corridor"",""magnitude"":0.17758749549789915,""start_week"":15,""duration_weeks"":1,""recovery_weeks"":1},{""target"":""corridor"",""magnitude"":0.3048042987514747,""start_week"":18,""duration_weeks"":7,""recovery_weeks"":4},{""target"":""T2P"",""magnitude"":0.17824352956606357,""start_week"":24,""duration_weeks"":1,""recovery_weeks"":2},{""target"":""demand"",""magnitude"":0.12629053923650888,""start_week"":43,""duration_weeks"":3,""recovery_weeks"":1}]"
A,2026,245,Supplier-cluster shock,True,True,True,Structural,Concentrated dependency; Propagation-amplified cascade; Recovery lag and temporal overlap,Propagation-amplified cascade,4,0.775942782776787,623.1983564065804,True,True,False,True,False,"[{""target"":""S1B"",""magnitude"":0.4331622200302071,""start_week"":3,""duration_weeks"":1,""recovery_weeks"":4},{""target"":""T2P"",""magnitude"":0.26699649600801734,""start_week"":12,""duration_weeks"":1,""recovery_weeks"":2},{""target"":""corridor"",""magnitude"":0.28375691149988763,""start_week"":28,""duration_weeks"":1,""recovery_weeks"":2},{""target"":""corridor"",""magnitude"":0.36709635025158016,""start_week"":30,""duration_weeks"":3,""recovery_weeks"":3}]"
A,2026,246,Supplier-cluster shock,True,True,True,Structural,Hidden convergent dependency; Compounding moderate disturbance,Hidden convergent dependency,4,0.580262535939442,939.374510045988,True,False,False,False,False,"[{""target"":""demand"",""magnitude"":0.1274624156799355,""start_week"":3,""duration_weeks"":2,""recovery_weeks"":1},{""target"":""T2P"",""magnitude"":0.29647156533991026,""start_week"":11,""duration_weeks"":3,""recovery_weeks"":1},{""target"":""T2P"",""magnitude"":0.2718207645783667,""start_week"":41,""duration_weeks"":4,""recovery_weeks"":3},{""target"":""T2P"",""magnitude"":0.2828190410522893,""start_week"":44,""duration_weeks"":1,""recovery_weeks"":3}]"
A,2026,247,Supplier-cluster shock,False,,False,Non-failure,Unclassified,Unclassified,0,1.0,0.0,False,False,False,False,False,[]
A,2026,248,Supplier-cluster shock,True,True,True,Structural,Concentrated dependency; Hidden convergent dependency; Propagation-amplified cascade; Recovery lag and temporal overlap,Hidden convergent dependency,2,0.650534144410543,1774.6317567298497,True,False,False,False,False,"[{""target"":""T2P"",""magnitude"":0.21920087870680405,""start_week"":38,""duration_weeks"":2,""recovery_weeks"":3},{""target"":""T2P"",""magnitude"":0.36836782762947584,""start_week"":41,""duration_weeks"":15,""recovery_weeks"":1}]"
A,2026,249,Supplier-cluster shock,False,,False,Non-failure,Unclassified,Unclassified,4,0.9345053393069405,63.07635937903706,False,False,False,False,False,"[{""target"":""demand"",""magnitude"":0.07008484375448558,""start_week"":4,""duration_weeks"":6,""recovery_weeks"":4},{""target"":""demand"",""magnitude"":0.10745161389924143,""start_week"":15,""duration_weeks"":1,""recovery_weeks"":2},{""target"":""demand"",""magnitude"":0.20354223931852056,""start_week"":33,""duration_weeks"":1,""recovery_weeks"":3},{""target"":""demand"",""magnitude"":0.15917530322161327,""start_week"":50,""duration_weeks"":1,""recovery_weeks"":1}]"
A,2026,250,Supplier-cluster shock,False,,False,Non-failure,Unclassified,Unclassified,1,0.8538702211646751,154.02434432296286,False,False,False,False,False,"[{""target"":""demand"",""magnitude"":0.17113816035884757,""start_week"":26,""duration_weeks"":1,""recovery_weeks"":4}]"
A,2026,251,Supplier-cluster shock,False,,False,Non-failure,Unclassified,Unclassified,5,0.9041988504214171,95.3562754260746,False,True,False,True,False,"[{""target"":""demand"",""magnitude"":0.10595141714008288,""start_week"":6,""duration_weeks"":1,""recovery_weeks"":2},{""target"":""corridor"",""magnitude"":0.17034524225784015,""start_week"":23,""duration_weeks"":1,""recovery_weeks"":1},{""target"":""demand"",""magnitude"":0.1448776654511712,""start_week"":31,""duration_weeks"":3,""recovery_weeks"":1},{""target"":""demand"",""magnitude"":0.13189301431176764,""start_week"":37,""duration_weeks"":2,""recovery_weeks"":2},{""target"":""S1B"",""magnitude"":0.22519364266154668,""start_week"":38,""duration_weeks"":3,""recovery_weeks"":1}]"
A,2026,252,Supplier-cluster shock,True,True,True,Structural,Concentrated dependency; Propagation-amplified cascade,Propagation-amplified cascade,4,0.7766677314841137,1013.1573145247811,True,True,False,False,False,"[{""target"":""T2P"",""magnitude"":0.290812243420836,""start_week"":8,""duration_weeks"":2,""recovery_weeks"":3},{""target"":""T2P"",""magnitude"":0.21147804354606176,""start_week"":16,""duration_weeks"":4,""recovery_weeks"":4},{""target"":""corridor"",""magnitude"":0.41749920138691465,""start_week"":23,""duration_weeks"":3,""recovery_weeks"":2},{""target"":""demand"",""magnitude"":0.21977680696647067,""start_week"":51,""duration_weeks"":2,""recovery_weeks"":3}]"
A,2026,253,Supplier-cluster shock,True,True,False,Structural,Concentrated dependency; Hidden convergent dependency; Propagation-amplified cascade,Hidden convergent dependency,1,0.7442051417262715,533.6307053433674,True,False,False,False,False,"[{""target"":""T2P"",""magnitude"":0.3302153724463557,""start_week"":9,""duration_weeks"":3,""recovery_weeks"":4}]"
A,2026,254,Supplier-cluster shock,False,,False,Non-failure,Unclassified,Unclassified,1,0.9671351078721018,59.156805830216854,False,True,False,False,False,"[{""target"":""corridor"",""magnitude"":0.2746486690959238,""start_week"":1,""duration_weeks"":1,""recovery_weeks"":1}]"
A,2026,255,Supplier-cluster shock,True,True,False,Structural,Hidden convergent dependency; Compounding moderate disturbance,Hidden convergent dependency,4,0.8769237579462069,636.6692096885556,True,False,True,False,False,"[{""target"":""T2P"",""magnitude"":0.2465171419691657,""start_week"":17,""duration_weeks"":3,""recovery_weeks"":2},{""target"":""demand"",""magnitude"":0.12853198856667458,""start_week"":24,""duration_weeks"":11,""recovery_weeks"":4},{""target"":""demand"",""magnitude"":0.07850139129633052,""start_week"":26,""duration_weeks"":2,""recovery_weeks"":1},{""target"":""S1A"",""magnitude"":0.3004345397531524,""start_week"":47,""duration_weeks"":7,""recovery_weeks"":1}]"
A,2026,256,Supplier-cluster shock,True,True,True,Structural,Concentrated dependency; Hidden convergent dependency; Propagation-amplified cascade,Hidden convergent dependency,7,0.4819571522028678,1726.5673432933106,True,True,True,True,True,"[{""target"":""T2P"",""magnitude"":0.32706639220924116,""start_week"":8,""duration_weeks"":5,""recovery_weeks"":3},{""target"":""T2P"",""magnitude"":0.3554171883217127,""start_week"":10,""duration_weeks"":2,""recovery_weeks"":2},{""target"":""S1A"",""magnitude"":0.31565817323457224,""start_week"":22,""duration_weeks"":2,""recovery_weeks"":2},{""target"":""S1B"",""magnitude"":0.18401322082863156,""start_week"":27,""duration_weeks"":7,""recovery_weeks"":4},{""target"":""S1A"",""magnitude"":0.2631236693476423,""start_week"":36,""duration_weeks"":3,""recovery_weeks"":3},{""target"":""S1C"",""magnitude"":0.2534916254221749,""start_week"":45,""duration_weeks"":1,""recovery_weeks"":2},{""target"":""corridor"",""magnitude"":0.252479193702458,""start_week"":47,""duration_weeks"":1,""recovery_weeks"":3}]"
A,2026,257,Supplier-cluster shock,False,,False,Non-failure,Unclassified,Unclassified,2,0.9446210520870654,49.84105312164115,True,False,False,False,False,"[{""target"":""T2P"",""magnitude"":0.27024364424512737,""start_week"":15,""duration_weeks"":1,""recovery_weeks"":3},{""target"":""T2P"",""magnitude"":0.17220456145796018,""start_week"":38,""duration_weeks"":8,""recovery_weeks"":1}]"
A,2026,258,Supplier-cluster shock,False,,False,Non-failure,Unclassified,Unclassified,4,0.9482999601726546,103.09320375764571,True,False,False,True,True,"[{""target"":""T2P"",""magnitude"":0.2782367934872506,""start_week"":15,""duration_weeks"":1,""recovery_weeks"":1},{""target"":""S1C"",""magnitude"":0.26448467813942567,""start_week"":16,""duration_weeks"":3,""recovery_weeks"":4},{""target"":""S1B"",""magnitude"":0.2874370907118373,""start_week"":23,""duration_weeks"":1,""recovery_weeks"":2},{""target"":""S1C"",""magnitude"":0.36632508961152704,""start_week"":36,""duration_weeks"":8,""recovery_weeks"":3}]"
A,2026,259,Supplier-cluster shock,False,,False,Non-failure,Unclassified,Unclassified,1,0.8250885801301003,190.79197273350655,False,False,False,False,False,"[{""target"":""demand"",""magnitude"":0.21199108081500745,""start_week"":39,""duration_weeks"":2,""recovery_weeks"":1}]"
A,2026,260,Supplier-cluster shock,False,,False,Non-failure,Unclassified,Unclassified,1,1.0,0.0,False,False,False,True,False,"[{""target"":""S1B"",""magnitude"":0.2128682641003613,""start_week"":14,""duration_weeks"":6,""recovery_weeks"":1}]"
A,2026,261,Supplier-cluster shock,False,,False,Non-failure,Unclassified,Unclassified,3,0.9700275453589763,58.55978462032704,True,False,True,False,True,"[{""target"":""T2P"",""magnitude"":0.21929298771679506,""start_week"":11,""duration_weeks"":2,""recovery_weeks"":2},{""target"":""S1C"",""magnitude"":0.2721379199226387,""start_week"":21,""duration_weeks"":14,""recovery_weeks"":3},{""target"":""S1A"",""magnitude"":0.3174380229423034,""start_week"":44,""duration_weeks"":5,""recovery_weeks"":2}]"
A,2026,262,Supplier-cluster shock,True,True,True,Structural,Concentrated dependency; Hidden convergent dependency; Propagation-amplified cascade,Hidden convergent dependency,1,0.5936730582768334,1959.8597328559495,True,False,False,False,False,"[{""target"":""T2P"",""magnitude"":0.46569424755084987,""start_week"":24,""duration_weeks"":6,""recovery_weeks"":1}]"
A,2026,263,Supplier-cluster shock,True,True,True,Structural,Concentrated dependency; Hidden convergent dependency,Hidden convergent dependency,4,0.5988959855846651,1755.7350232559775,True,True,False,False,False,"[{""target"":""demand"",""magnitude"":0.16786685987719674,""start_week"":4,""duration_weeks"":1,""recovery_weeks"":1},{""target"":""corridor"",""magnitude"":0.19166055552624311,""start_week"":10,""duration_weeks"":3,""recovery_weeks"":2},{""target"":""T2P"",""magnitude"":0.3592753968258493,""start_week"":30,""duration_weeks"":6,""recovery_weeks"":3},{""target"":""demand"",""magnitude"":0.18871430579728582,""start_week"":37,""duration_weeks"":2,""recovery_weeks"":3}]"
A,2026,264,Supplier-cluster shock,False,,False,Non-failure,Unclassified,Unclassified,1,0.9347031717106068,62.87252171499949,False,False,False,False,False,"[{""target"":""demand"",""magnitude"":0.06985835746111053,""start_week"":41,""duration_weeks"":3,""recovery_weeks"":4}]"
A,2026,265,Supplier-cluster shock,True,True,False,Structural,Concentrated dependency,Concentrated dependency,3,0.6600077418648054,731.3332698015942,False,True,False,False,False,"[{""target"":""corridor"",""magnitude"":0.33593300498762557,""start_week"":24,""duration_weeks"":2,""recovery_weeks"":1},{""target"":""demand"",""magnitude"":0.22656651622723872,""start_week"":33,""duration_weeks"":1,""recovery_weeks"":1},{""target"":""corridor"",""magnitude"":0.504994193601396,""start_week"":47,""duration_weeks"":2,""recovery_weeks"":3}]"
A,2026,266,Supplier-cluster shock,False,,False,Non-failure,Unclassified,Unclassified,3,0.8766969166709981,126.58054669279386,True,False,False,False,False,"[{""target"":""demand"",""magnitude"":0.1406450518808821,""start_week"":8,""duration_weeks"":5,""recovery_weeks"":2},{""target"":""demand"",""magnitude"":0.17538254467672637,""start_week"":20,""duration_weeks"":1,""recovery_weeks"":1},{""target"":""T2P"",""magnitude"":0.3527092329167181,""start_week"":26,""duration_weeks"":1,""recovery_weeks"":2}]"
A,2026,267,Supplier-cluster shock,True,True,True,Structural,Hidden convergent dependency; Compounding moderate disturbance,Hidden convergent dependency,3,0.6526191912193082,1189.9204640291778,True,False,False,False,False,"[{""target"":""T2P"",""magnitude"":0.3980803682935804,""start_week"":7,""duration_weeks"":1,""recovery_weeks"":3},{""target"":""demand"",""magnitude"":0.25724560892929854,""start_week"":12,""duration_weeks"":1,""recovery_weeks"":4},{""target"":""T2P"",""magnitude"":0.38165691056338347,""start_week"":26,""duration_weeks"":4,""recovery_weeks"":4}]"
A,2026,268,Supplier-cluster shock,False,,False,Non-failure,Unclassified,Unclassified,0,1.0,0.0,False,False,False,False,False,[]
A,2026,269,Supplier-cluster shock,False,,False,Non-failure,Unclassified,Unclassified,3,0.8715590334999026,129.92234542259632,False,False,False,True,True,"[{""target"":""S1C"",""magnitude"":0.26039098636012376,""start_week"":7,""duration_weeks"":3,""recovery_weeks"":1},{""target"":""S1B"",""magnitude"":0.3887120602671181,""start_week"":32,""duration_weeks"":1,""recovery_weeks"":1},{""target"":""S1C"",""magnitude"":0.5389921746252192,""start_week"":49,""duration_weeks"":3,""recovery_weeks"":2}]"
A,2026,270,Supplier-cluster shock,False,,False,Non-failure,Unclassified,Unclassified,2,0.8525015152998552,155.7165985604588,False,False,False,False,False,"[{""target"":""demand"",""magnitude"":0.1730184428449541,""start_week"":14,""duration_weeks"":1,""recovery_weeks"":2},{""target"":""demand"",""magnitude"":0.1962139599342062,""start_week"":44,""duration_weeks"":4,""recovery_weeks"":2}]"
A,2026,271,Supplier-cluster shock,True,True,True,Structural,Concentrated dependency; Hidden convergent dependency,Hidden convergent dependency,3,0.7082209856553853,2031.5947752686513,True,True,False,False,False,"[{""target"":""corridor"",""magnitude"":0.19176079746024471,""start_week"":4,""duration_weeks"":1,""recovery_weeks"":2},{""target"":""T2P"",""magnitude"":0.3626011129101532,""start_week"":29,""duration_weeks"":7,""recovery_weeks"":2},{""target"":""demand"",""magnitude"":0.19977125134771045,""start_week"":30,""duration_weeks"":1,""recovery_weeks"":2}]"
A,2026,272,Supplier-cluster shock,False,,False,Non-failure,Unclassified,Unclassified,0,1.0,0.0,False,False,False,False,False,[]
A,2026,273,Supplier-cluster shock,False,,False,Non-failure,Unclassified,Unclassified,5,0.8939148410396817,218.14137576236726,False,True,True,True,False,"[{""target"":""corridor"",""magnitude"":0.28398511204224275,""start_week"":10,""duration_weeks"":1,""recovery_weeks"":2},{""target"":""demand"",""magnitude"":0.08418554101064725,""start_week"":15,""duration_weeks"":2,""recovery_weeks"":3},{""target"":""S1A"",""magnitude"":0.4886916076607162,""start_week"":20,""duration_weeks"":10,""recovery_weeks"":3},{""target"":""S1B"",""magnitude"":0.2603179910493146,""start_week"":49,""duration_weeks"":4,""recovery_weeks"":1},{""target"":""S1A"",""magnitude"":0.41880537600221557,""start_week"":50,""duration_weeks"":2,""recovery_weeks"":4}]"
A,2026,274,Supplier-cluster shock,True,True,True,Structural,Compounding moderate disturbance,Compounding moderate disturbance,5,0.5559647971316541,1917.589590053125,False,True,False,True,True,"[{""target"":""S1B"",""magnitude"":0.4101903641586544,""start_week"":8,""duration_weeks"":3,""recovery_weeks"":3},{""target"":""S1C"",""magnitude"":0.4444132636551589,""start_week"":9,""duration_weeks"":3,""recovery_weeks"":3},{""target"":""S1B"",""magnitude"":0.38835477893712367,""start_week"":15,""duration_weeks"":1,""recovery_weeks"":3},{""target"":""corridor"",""magnitude"":0.3167876463635496,""start_week"":33,""duration_weeks"":1,""recovery_weeks"":3},{""target"":""corridor"",""magnitude"":0.47138787483849454,""start_week"":35,""duration_weeks"":5,""recovery_weeks"":1}]"
A,2026,275,Supplier-cluster shock,False,,False,Non-failure,Unclassified,Unclassified,4,0.8771270488519554,126.07712437779946,True,False,False,True,False,"[{""target"":""T2P"",""magnitude"":0.21338851808664253,""start_week"":3,""duration_weeks"":2,""recovery_weeks"":2},{""target"":""demand"",""magnitude"":0.14008569375311064,""start_week"":9,""duration_weeks"":1,""recovery_weeks"":1},{""target"":""T2P"",""magnitude"":0.3513869897972161,""start_week"":14,""duration_weeks"":1,""recovery_weeks"":2},{""target"":""S1B"",""magnitude"":0.22578321663306117,""start_week"":48,""duration_weeks"":1,""recovery_weeks"":2}]"
A,2026,276,Supplier-cluster shock,True,True,False,Structural,Concentrated dependency,Concentrated dependency,4,0.8811946859193878,222.65090344049213,True,True,False,False,False,"[{""target"":""T2P"",""magnitude"":0.3122936824518857,""start_week"":11,""duration_weeks"":1,""recovery_weeks"":2},{""target"":""demand"",""magnitude"":0.13221150505561968,""start_week"":19,""duration_weeks"":4,""recovery_weeks"":1},{""target"":""corridor"",""magnitude"":0.3391039855604593,""start_week"":24,""duration_weeks"":3,""recovery_weeks"":1},{""target"":""T2P"",""magnitude"":0.2749497856378923,""start_week"":31,""duration_weeks"":1,""recovery_weeks"":3}]"
A,2026,277,Supplier-cluster shock,False,,False,Non-failure,Unclassified,Unclassified,1,0.9306882685596481,67.02626475872319,False,False,False,False,False,"[{""target"":""demand"",""magnitude"":0.0744736275096925,""start_week"":37,""duration_weeks"":1,""recovery_weeks"":1}]"
A,2026,278,Supplier-cluster shock,False,,False,Non-failure,Unclassified,Unclassified,1,0.9799194945473327,162.65209416660525,False,True,False,False,False,"[{""target"":""corridor"",""magnitude"":0.2650603790895005,""start_week"":5,""duration_weeks"":8,""recovery_weeks"":4}]"
A,2026,279,Supplier-cluster shock,False,,False,Non-failure,Unclassified,Unclassified,3,0.8719845007353954,132.12843719237844,False,True,False,False,False,"[{""target"":""corridor"",""magnitude"":0.20927419677625236,""start_week"":15,""duration_weeks"":2,""recovery_weeks"":2},{""target"":""demand"",""magnitude"":0.14680937465819816,""start_week"":18,""duration_weeks"":2,""recovery_weeks"":1},{""target"":""corridor"",""magnitude"":0.16234116261573206,""start_week"":32,""duration_weeks"":1,""recovery_weeks"":2}]"
A,2026,280,Supplier-cluster shock,True,True,False,Structural,Concentrated dependency,Concentrated dependency,3,0.7115052731107103,660.7665261813524,True,True,False,False,False,"[{""target"":""T2P"",""magnitude"":0.32464145552277335,""start_week"":6,""duration_weeks"":1,""recovery_weeks"":3},{""target"":""corridor"",""magnitude"":0.3418034428247389,""start_week"":35,""duration_weeks"":1,""recovery_weeks"":3},{""target"":""demand"",""magnitude"":0.23343486370825633,""start_week"":37,""duration_weeks"":3,""recovery_weeks"":2}]"
A,2026,281,Supplier-cluster shock,False,,False,Non-failure,Unclassified,Unclassified,3,0.9439540741617108,100.88266650892047,True,True,False,False,False,"[{""target"":""corridor"",""magnitude"":0.2920344443787168,""start_week"":9,""duration_weeks"":1,""recovery_weeks"":1},{""target"":""T2P"",""magnitude"":0.29395276075570687,""start_week"":13,""duration_weeks"":2,""recovery_weeks"":1},{""target"":""T2P"",""magnitude"":0.2936413250705968,""start_week"":48,""duration_weeks"":1,""recovery_weeks"":1}]"
A,2026,282,Supplier-cluster shock,True,True,True,Structural,Concentrated dependency,Concentrated dependency,5,0.42668540937467747,1844.3214075616797,True,True,False,False,False,"[{""target"":""demand"",""magnitude"":0.05890724357369381,""start_week"":20,""duration_weeks"":3,""recovery_weeks"":4},{""target"":""corridor"",""magnitude"":0.41228396458535577,""start_week"":22,""duration_weeks"":2,""recovery_weeks"":2},{""target"":""demand"",""magnitude"":0.12668189248661466,""start_week"":26,""duration_weeks"":7,""recovery_weeks"":2},{""target"":""T2P"",""magnitude"":0.5617726587397462,""start_week"":41,""duration_weeks"":2,""recovery_weeks"":3},{""target"":""demand"",""magnitude"":0.14116690509887808,""start_week"":46,""duration_weeks"":5,""recovery_weeks"":1}]"
A,2026,283,Supplier-cluster shock,True,True,True,Structural,Concentrated dependency,Concentrated dependency,2,0.6347198215681602,1547.08233914263,False,True,True,False,False,"[{""target"":""S1A"",""magnitude"":0.3535840683578382,""start_week"":19,""duration_weeks"":2,""recovery_weeks"":2},{""target"":""corridor"",""magnitude"":0.5239601338238798,""start_week"":35,""duration_weeks"":4,""recovery_weeks"":1}]"
A,2026,284,Supplier-cluster shock,True,False,False,Adaptation-limited,Concentrated dependency; Hidden convergent dependency; Propagation-amplified cascade,Hidden convergent dependency,2,0.6533775843454693,639.846824356638,True,True,False,False,False,"[{""target"":""corridor"",""magnitude"":0.3081331377986841,""start_week"":6,""duration_weeks"":1,""recovery_weeks"":3},{""target"":""T2P"",""magnitude"":0.4119601740890776,""start_week"":10,""duration_weeks"":2,""recovery_weeks"":4}]"
A,2026,285,Supplier-cluster shock,True,False,True,Adaptation-limited,Concentrated dependency,Concentrated dependency,5,0.8351778744402165,549.7257379103429,False,True,False,False,True,"[{""target"":""S1C"",""magnitude"":0.2745447559021787,""start_week"":8,""duration_weeks"":1,""recovery_weeks"":4},{""target"":""demand"",""magnitude"":0.18682861401790712,""start_week"":15,""duration_weeks"":1,""recovery_weeks"":2},{""target"":""demand"",""magnitude"":0.21847903387458023,""start_week"":17,""duration_weeks"":4,""recovery_weeks"":4},{""target"":""demand"",""magnitude"":0.1122002264866241,""start_week"":28,""duration_weeks"":1,""recovery_weeks"":1},{""target"":""corridor"",""magnitude"":0.3736165941698375,""start_week"":46,""duration_weeks"":3,""recovery_weeks"":2}]"
A,2026,286,Supplier-cluster shock,False,,False,Non-failure,Unclassified,Unclassified,4,0.9181125679610346,80.84035783271895,False,False,True,True,True,"[{""target"":""S1C"",""magnitude"":0.2568280976434468,""start_week"":11,""duration_weeks"":3,""recovery_weeks"":1},{""target"":""S1B"",""magnitude"":0.20580947213534545,""start_week"":15,""duration_weeks"":2,""recovery_weeks"":4},{""target"":""demand"",""magnitude"":0.09690360996289138,""start_week"":30,""duration_weeks"":3,""recovery_weeks"":1},{""target"":""S1A"",""magnitude"":0.2636941022546903,""start_week"":34,""duration_weeks"":1,""recovery_weeks"":4}]"
A,2026,287,Supplier-cluster shock,True,False,False,Adaptation-limited,Compounding moderate disturbance; Recovery lag and temporal overlap,Compounding moderate disturbance,3,0.8388396470678271,580.7154235841108,False,False,True,False,False,"[{""target"":""demand"",""magnitude"":0.18312263981334403,""start_week"":18,""duration_weeks"":6,""recovery_weeks"":3},{""target"":""demand"",""magnitude"":0.11956361756800027,""start_week"":24,""duration_weeks"":2,""recovery_weeks"":1},{""target"":""S1A"",""magnitude"":0.30792222271808556,""start_week"":42,""duration_weeks"":4,""recovery_weeks"":4}]"
A,2026,288,Supplier-cluster shock,False,,False,Non-failure,Unclassified,Unclassified,0,1.0,0.0,False,False,False,False,False,[]
A,2026,289,Supplier-cluster shock,False,,False,Non-failure,Unclassified,Unclassified,4,0.9527781293980259,126.57484242232727,False,False,True,True,True,"[{""target"":""S1B"",""magnitude"":0.33941592160759515,""start_week"":19,""duration_weeks"":1,""recovery_weeks"":2},{""target"":""S1A"",""magnitude"":0.3854660643235741,""start_week"":21,""duration_weeks"":10,""recovery_weeks"":2},{""target"":""S1B"",""magnitude"":0.17791061117838985,""start_week"":26,""duration_weeks"":3,""recovery_weeks"":3},{""target"":""S1C"",""magnitude"":0.29394587744204115,""start_week"":31,""duration_weeks"":2,""recovery_weeks"":2}]"
A,2026,290,Supplier-cluster shock,False,,False,Non-failure,Unclassified,Unclassified,1,0.9931487819240196,14.387557959558876,False,False,False,False,True,"[{""target"":""S1C"",""magnitude"":0.265415240670956,""start_week"":7,""duration_weeks"":6,""recovery_weeks"":1}]"
A,2026,291,Supplier-cluster shock,False,,False,Non-failure,Unclassified,Unclassified,4,0.8087783999120403,219.89022382396172,False,True,True,True,False,"[{""target"":""S1A"",""magnitude"":0.23996678385336928,""start_week"":3,""duration_weeks"":3,""recovery_weeks"":3},{""target"":""S1B"",""magnitude"":0.423802020483927,""start_week"":23,""duration_weeks"":1,""recovery_weeks"":2},{""target"":""corridor"",""magnitude"":0.3934162000659697,""start_week"":41,""duration_weeks"":1,""recovery_weeks"":3},{""target"":""corridor"",""magnitude"":0.3600358179476215,""start_week"":49,""duration_weeks"":2,""recovery_weeks"":2}]"
A,2026,292,Supplier-cluster shock,True,True,True,Structural,Concentrated dependency; Propagation-amplified cascade; Recovery lag and temporal overlap,Propagation-amplified cascade,7,0.7551817134100778,928.9050521120562,True,False,True,True,True,"[{""target"":""S1B"",""magnitude"":0.3775152441081492,""start_week"":4,""duration_weeks"":3,""recovery_weeks"":3},{""target"":""T2P"",""magnitude"":0.2742705238870289,""start_week"":13,""duration_weeks"":2,""recovery_weeks"":2},{""target"":""demand"",""magnitude"":0.07980149756301719,""start_week"":24,""duration_weeks"":9,""recovery_weeks"":3},{""target"":""S1A"",""magnitude"":0.24047943897474708,""start_week"":28,""duration_weeks"":2,""recovery_weeks"":2},{""target"":""S1C"",""magnitude"":0.26520010555235884,""start_week"":43,""duration_weeks"":2,""recovery_weeks"":4},{""target"":""S1B"",""magnitude"":0.5615529798165058,""start_week"":45,""duration_weeks"":11,""recovery_weeks"":4},{""target"":""S1A"",""magnitude"":0.4892881650108192,""start_week"":46,""duration_weeks"":7,""recovery_weeks"":4}]"
A,2026,293,Supplier-cluster shock,True,True,True,Structural,Concentrated dependency,Concentrated dependency,7,0.6065537838537247,880.7622255727131,True,True,True,False,True,"[{""target"":""S1C"",""magnitude"":0.1827655554656097,""start_week"":10,""duration_weeks"":1,""recovery_weeks"":1},{""target"":""corridor"",""magnitude"":0.37667444546889917,""start_week"":12,""duration_weeks"":1,""recovery_weeks"":4},{""target"":""S1A"",""magnitude"":0.5055633440168685,""start_week"":20,""duration_weeks"":3,""recovery_weeks"":1},{""target"":""corridor"",""magnitude"":0.5081323125113053,""start_week"":22,""duration_weeks"":1,""recovery_weeks"":3},{""target"":""demand"",""magnitude"":0.08122906950064729,""start_week"":23,""duration_weeks"":2,""recovery_weeks"":4},{""target"":""S1C"",""magnitude"":0.5483866892893627,""start_week"":40,""duration_weeks"":3,""recovery_weeks"":4},{""target"":""T2P"",""magnitude"":0.21126317353926677,""start_week"":42,""duration_weeks"":1,""recovery_weeks"":3}]"
A,2026,294,Supplier-cluster shock,True,False,False,Adaptation-limited,Compounding moderate disturbance; Recovery lag and temporal overlap,Compounding moderate disturbance,5,0.7657326502187085,822.5394405450292,False,True,True,True,True,"[{""target"":""corridor"",""magnitude"":0.31993903969688753,""start_week"":21,""duration_weeks"":1,""recovery_weeks"":4},{""target"":""demand"",""magnitude"":0.18415735154016372,""start_week"":22,""duration_weeks"":3,""recovery_weeks"":2},{""target"":""S1B"",""magnitude"":0.44305856287131673,""start_week"":23,""duration_weeks"":2,""recovery_weeks"":4},{""target"":""S1C"",""magnitude"":0.2519589749815273,""start_week"":25,""duration_weeks"":2,""recovery_weeks"":1},{""target"":""S1A"",""magnitude"":0.16583488915572303,""start_week"":48,""duration_weeks"":2,""recovery_weeks"":4}]"
A,2026,295,Supplier-cluster shock,False,,False,Non-failure,Unclassified,Unclassified,1,0.9203716437033518,77.86585034130223,False,False,False,False,False,"[{""target"":""demand"",""magnitude"":0.0865176114903356,""start_week"":23,""duration_weeks"":5,""recovery_weeks"":3}]"
A,2026,296,Supplier-cluster shock,False,,False,Non-failure,Unclassified,Unclassified,2,0.8787346439481496,124.19997458653188,False,False,False,False,False,"[{""target"":""demand"",""magnitude"":0.1379999717628133,""start_week"":15,""duration_weeks"":8,""recovery_weeks"":2},{""target"":""demand"",""magnitude"":0.17429018263801999,""start_week"":37,""duration_weeks"":1,""recovery_weeks"":2}]"
A,2026,297,Supplier-cluster shock,False,,False,Non-failure,Unclassified,Unclassified,6,0.8645878249392298,264.9958520626342,True,True,True,True,True,"[{""target"":""S1A"",""magnitude"":0.20002375631059605,""start_week"":1,""duration_weeks"":1,""recovery_weeks"":4},{""target"":""S1B"",""magnitude"":0.30425794092261915,""start_week"":23,""duration_weeks"":1,""recovery_weeks"":4},{""target"":""S1C"",""magnitude"":0.4982192862447602,""start_week"":27,""duration_weeks"":2,""recovery_weeks"":3},{""target"":""S1B"",""magnitude"":0.5546773938867329,""start_week"":34,""duration_weeks"":3,""recovery_weeks"":4},{""target"":""corridor"",""magnitude"":0.2689420194382895,""start_week"":44,""duration_weeks"":1,""recovery_weeks"":3},{""target"":""T2P"",""magnitude"":0.4564709487333929,""start_week"":50,""duration_weeks"":1,""recovery_weeks"":4}]"
A,2026,298,Supplier-cluster shock,True,True,True,Structural,Concentrated dependency; Hidden convergent dependency; Propagation-amplified cascade,Hidden convergent dependency,1,0.7923039072884277,1054.069971823839,True,False,False,False,False,"[{""target"":""T2P"",""magnitude"":0.2869264834404151,""start_week"":32,""duration_weeks"":7,""recovery_weeks"":4}]"
A,2026,299,Supplier-cluster shock,False,,False,Non-failure,Unclassified,Unclassified,3,0.8973697030794157,102.93111848055287,False,False,False,True,False,"[{""target"":""demand"",""magnitude"":0.11436790942283645,""start_week"":6,""duration_weeks"":1,""recovery_weeks"":4},{""target"":""S1B"",""magnitude"":0.21638874838677835,""start_week"":15,""duration_weeks"":3,""recovery_weeks"":1},{""target"":""demand"",""magnitude"":0.1575532236717428,""start_week"":39,""duration_weeks"":3,""recovery_weeks"":1}]"
A,2026,300,Supplier-cluster shock,False,,False,Non-failure,Unclassified,Unclassified,5,0.8814262857473271,207.10668959217878,True,True,False,False,False,"[{""target"":""demand"",""magnitude"":0.1345248220639788,""start_week"":16,""duration_weeks"":6,""recovery_weeks"":1},{""target"":""demand"",""magnitude"":0.14861252240390577,""start_week"":25,""duration_weeks"":1,""recovery_weeks"":2},{""target"":""T2P"",""magnitude"":0.29932982602022346,""start_week"":28,""duration_weeks"":1,""recovery_weeks"":4},{""target"":""T2P"",""magnitude"":0.35426757462946884,""start_week"":39,""duration_weeks"":1,""recovery_weeks"":1},{""target"":""corridor"",""magnitude"":0.2850555834186941,""start_week"":44,""duration_weeks"":5,""recovery_weeks"":1}]"
A,2026,301,Supplier-cluster shock,False,,False,Non-failure,Unclassified,Unclassified,4,0.919654158842994,78.62875010784421,False,False,True,True,True,"[{""target"":""demand"",""magnitude"":0.08736527789760465,""start_week"":16,""duration_weeks"":6,""recovery_weeks"":1},{""target"":""S1C"",""magnitude"":0.234645740905079,""start_week"":23,""duration_weeks"":1,""recovery_weeks"":3},{""target"":""S1A"",""magnitude"":0.31457808652456176,""start_week"":28,""duration_weeks"":2,""recovery_weeks"":1},{""target"":""S1B"",""magnitude"":0.1912150503232226,""start_week"":40,""duration_weeks"":4,""recovery_weeks"":1}]"
A,2026,302,Supplier-cluster shock,True,True,True,Structural,Concentrated dependency,Concentrated dependency,2,0.7303754657873244,1283.621745560743,True,True,False,False,False,"[{""target"":""corridor"",""magnitude"":0.4028121125667551,""start_week"":1,""duration_weeks"":6,""recovery_weeks"":1},{""target"":""T2P"",""magnitude"":0.34266208079140803,""start_week"":21,""duration_weeks"":4,""recovery_weeks"":2}]"
A,2026,303,Supplier-cluster shock,True,False,True,Adaptation-limited,Concentrated dependency,Concentrated dependency,2,0.7856165969890943,1736.5055643883363,False,True,False,False,True,"[{""target"":""corridor"",""magnitude"":0.4107875522581793,""start_week"":13,""duration_weeks"":8,""recovery_weeks"":2},{""target"":""S1C"",""magnitude"":0.35219864462580064,""start_week"":29,""duration_weeks"":1,""recovery_weeks"":4}]"
A,2026,304,Supplier-cluster shock,False,,False,Non-failure,Unclassified,Unclassified,1,0.9999089227419535,0.1639390644836567,False,False,False,True,False,"[{""target"":""S1B"",""magnitude"":0.25020492383060466,""start_week"":45,""duration_weeks"":1,""recovery_weeks"":3}]"
A,2026,305,Supplier-cluster shock,True,True,True,Structural,Concentrated dependency,Concentrated dependency,4,0.6576542062601585,1232.4448574634293,False,True,True,True,True,"[{""target"":""corridor"",""magnitude"":0.5067593453048811,""start_week"":10,""duration_weeks"":3,""recovery_weeks"":1},{""target"":""S1C"",""magnitude"":0.21431969989444788,""start_week"":30,""duration_weeks"":2,""recovery_weeks"":3},{""target"":""S1B"",""magnitude"":0.19666474391185257,""start_week"":37,""duration_weeks"":1,""recovery_weeks"":4},{""target"":""S1A"",""magnitude"":0.3501788380812574,""start_week"":45,""duration_weeks"":2,""recovery_weeks"":4}]"
A,2026,306,Supplier-cluster shock,True,False,True,Adaptation-limited,Concentrated dependency; Hidden convergent dependency; Propagation-amplified cascade,Hidden convergent dependency,3,0.5203620716774044,1123.2539093140053,True,True,False,False,False,"[{""target"":""T2P"",""magnitude"":0.43548086664871577,""start_week"":41,""duration_weeks"":1,""recovery_weeks"":4},{""target"":""T2P"",""magnitude"":0.3045243966209137,""start_week"":43,""duration_weeks"":1,""recovery_weeks"":4},{""target"":""corridor"",""magnitude"":0.2990942825257198,""start_week"":51,""duration_weeks"":2,""recovery_weeks"":1}]"
A,2026,307,Supplier-cluster shock,False,,False,Non-failure,Unclassified,Unclassified,3,0.818472172877425,226.75008882063526,False,True,False,False,False,"[{""target"":""demand"",""magnitude"":0.18881130980539929,""start_week"":1,""duration_weeks"":3,""recovery_weeks"":1},{""target"":""demand"",""magnitude"":0.07475388576240136,""start_week"":7,""duration_weeks"":1,""recovery_weeks"":4},{""target"":""corridor"",""magnitude"":0.38614587034193126,""start_week"":28,""duration_weeks"":1,""recovery_weeks"":1}]"
A,2026,308,Supplier-cluster shock,True,True,False,Structural,Concentrated dependency,Concentrated dependency,2,0.8046844663196282,674.7896086007653,True,False,False,False,False,"[{""target"":""demand"",""magnitude"":0.24272313168127035,""start_week"":35,""duration_weeks"":6,""recovery_weeks"":3},{""target"":""T2P"",""magnitude"":0.16911740394259928,""start_week"":50,""duration_weeks"":2,""recovery_weeks"":4}]"
A,2026,309,Supplier-cluster shock,False,,False,Non-failure,Unclassified,Unclassified,0,1.0,0.0,False,False,False,False,False,[]
A,2026,310,Supplier-cluster shock,True,True,True,Structural,Concentrated dependency; Hidden convergent dependency; Propagation-amplified cascade,Hidden convergent dependency,3,0.5780415820956927,679.1690163985679,True,False,False,False,True,"[{""target"":""S1C"",""magnitude"":0.18490768755239412,""start_week"":20,""duration_weeks"":4,""recovery_weeks"":1},{""target"":""T2P"",""magnitude"":0.4797625761138766,""start_week"":27,""duration_weeks"":2,""recovery_weeks"":2},{""target"":""demand"",""magnitude"":0.13164597870253406,""start_week"":50,""duration_weeks"":12,""recovery_weeks"":1}]"
A,2026,311,Supplier-cluster shock,True,True,False,Structural,Concentrated dependency; Propagation-amplified cascade,Propagation-amplified cascade,3,0.7396888068096992,561.3113199610034,True,True,False,False,False,"[{""target"":""T2P"",""magnitude"":0.30574076248641047,""start_week"":2,""duration_weeks"":2,""recovery_weeks"":1},{""target"":""corridor"",""magnitude"":0.34094794144336904,""start_week"":23,""duration_weeks"":1,""recovery_weeks"":4},{""target"":""corridor"",""magnitude"":0.4452333948927256,""start_week"":37,""duration_weeks"":2,""recovery_weeks"":3}]"
A,2026,312,Supplier-cluster shock,True,True,True,Structural,Concentrated dependency; Hidden convergent dependency; Propagation-amplified cascade,Hidden convergent dependency,2,0.584640627017882,1916.764049787343,True,False,False,False,True,"[{""target"":""T2P"",""magnitude"":0.47382343568390617,""start_week"":22,""duration_weeks"":5,""recovery_weeks"":3},{""target"":""S1C"",""magnitude"":0.3724566074030364,""start_week"":23,""duration_weeks"":2,""recovery_weeks"":4}]"
A,2026,313,Supplier-cluster shock,True,True,True,Structural,Concentrated dependency; Propagation-amplified cascade,Propagation-amplified cascade,4,0.7072822835496752,1562.9513108255765,True,True,False,False,False,"[{""target"":""T2P"",""magnitude"":0.3576825291154465,""start_week"":18,""duration_weeks"":1,""recovery_weeks"":1},{""target"":""T2P"",""magnitude"":0.19376708989524866,""start_week"":28,""duration_weeks"":1,""recovery_weeks"":4},{""target"":""corridor"",""magnitude"":0.38272740391123194,""start_week"":39,""duration_weeks"":6,""recovery_weeks"":3},{""target"":""demand"",""magnitude"":0.16365155364527523,""start_week"":45,""duration_weeks"":2,""recovery_weeks"":1}]"
A,2026,314,Supplier-cluster shock,True,True,True,Structural,Concentrated dependency; Propagation-amplified cascade,Propagation-amplified cascade,4,0.43327263685444956,2970.382387816968,True,True,True,True,False,"[{""target"":""corridor"",""magnitude"":0.17865209112056807,""start_week"":5,""duration_weeks"":1,""recovery_weeks"":1},{""target"":""T2P"",""magnitude"":0.6100546268309954,""start_week"":19,""duration_weeks"":6,""recovery_weeks"":1},{""target"":""S1A"",""magnitude"":0.48142767916984397,""start_week"":23,""duration_weeks"":2,""recovery_weeks"":2},{""target"":""S1B"",""magnitude"":0.37085391952185265,""start_week"":38,""duration_weeks"":4,""recovery_weeks"":2}]"
A,2026,315,Supplier-cluster shock,False,,False,Non-failure,Unclassified,Unclassified,2,0.9171143058006033,174.0599578187332,False,False,True,True,False,"[{""target"":""S1B"",""magnitude"":0.43649281194864264,""start_week"":31,""duration_weeks"":5,""recovery_weeks"":4},{""target"":""S1A"",""magnitude"":0.3091464826445981,""start_week"":37,""duration_weeks"":8,""recovery_weeks"":3}]"
A,2026,316,Supplier-cluster shock,False,,False,Non-failure,Unclassified,Unclassified,1,1.0,0.0,True,False,False,False,False,"[{""target"":""T2P"",""magnitude"":0.30474209904618665,""start_week"":29,""duration_weeks"":1,""recovery_weeks"":2}]"
A,2026,317,Supplier-cluster shock,False,,False,Non-failure,Unclassified,Unclassified,3,0.9070333085654598,850.2990124977408,False,True,False,True,False,"[{""target"":""S1B"",""magnitude"":0.4183498667118628,""start_week"":30,""duration_weeks"":7,""recovery_weeks"":4},{""target"":""corridor"",""magnitude"":0.3197250185759052,""start_week"":35,""duration_weeks"":8,""recovery_weeks"":4},{""target"":""corridor"",""magnitude"":0.19347707446939813,""start_week"":51,""duration_weeks"":3,""recovery_weeks"":1}]"
A,2026,318,Supplier-cluster shock,False,,False,Non-failure,Unclassified,Unclassified,5,0.8770070347955334,199.58841480690523,False,True,True,False,True,"[{""target"":""S1A"",""magnitude"":0.27921019919070245,""start_week"":4,""duration_weeks"":2,""recovery_weeks"":1},{""target"":""S1C"",""magnitude"":0.24229580980856877,""start_week"":6,""duration_weeks"":2,""recovery_weeks"":3},{""target"":""corridor"",""magnitude"":0.3422447239033499,""start_week"":35,""duration_weeks"":1,""recovery_weeks"":3},{""target"":""S1A"",""magnitude"":0.1576674464595201,""start_week"":46,""duration_weeks"":1,""recovery_weeks"":1},{""target"":""S1C"",""magnitude"":0.39262734937413013,""start_week"":47,""duration_weeks"":5,""recovery_weeks"":2}]"
A,2026,319,Supplier-cluster shock,False,,False,Non-failure,Unclassified,Unclassified,1,1.0,0.0,True,False,False,False,False,"[{""target"":""T2P"",""magnitude"":0.22283992780031028,""start_week"":50,""duration_weeks"":4,""recovery_weeks"":1}]"
A,2026,320,Supplier-cluster shock,False,,False,Non-failure,Unclassified,Unclassified,1,0.8759734195304063,127.42843553686134,False,False,False,False,False,"[{""target"":""demand"",""magnitude"":0.1415871505965127,""start_week"":18,""duration_weeks"":1,""recovery_weeks"":1}]"
A,2026,321,Supplier-cluster shock,False,,False,Non-failure,Unclassified,Unclassified,2,0.8967527164089342,92.92255523195922,False,False,True,False,True,"[{""target"":""S1C"",""magnitude"":0.19296863365572053,""start_week"":9,""duration_weeks"":1,""recovery_weeks"":4},{""target"":""S1A"",""magnitude"":0.48230638807989823,""start_week"":50,""duration_weeks"":5,""recovery_weeks"":3}]"
A,2026,322,Supplier-cluster shock,False,,False,Non-failure,Unclassified,Unclassified,3,0.8596933049379477,126.27602555584701,True,False,False,False,False,"[{""target"":""T2P"",""magnitude"":0.24525520511116933,""start_week"":16,""duration_weeks"":4,""recovery_weeks"":1},{""target"":""demand"",""magnitude"":0.1439030203065137,""start_week"":32,""duration_weeks"":1,""recovery_weeks"":4},{""target"":""demand"",""magnitude"":0.09571668695567062,""start_week"":35,""duration_weeks"":7,""recovery_weeks"":3}]"
A,2026,323,Supplier-cluster shock,False,,False,Non-failure,Unclassified,Unclassified,1,1.0,0.0,False,False,True,False,False,"[{""target"":""S1A"",""magnitude"":0.24128751573914523,""start_week"":47,""duration_weeks"":1,""recovery_weeks"":3}]"
A,2026,324,Supplier-cluster shock,False,,False,Non-failure,Unclassified,Unclassified,1,0.8309966027005613,183.0369186530877,False,False,False,False,False,"[{""target"":""demand"",""magnitude"":0.20337435405898624,""start_week"":49,""duration_weeks"":6,""recovery_weeks"":3}]"
A,2026,325,Supplier-cluster shock,False,,False,Non-failure,Unclassified,Unclassified,2,0.9150030269301357,171.51011677704435,False,False,False,True,True,"[{""target"":""S1B"",""magnitude"":0.27244705000965574,""start_week"":9,""duration_weeks"":2,""recovery_weeks"":4},{""target"":""S1C"",""magnitude"":0.44124318940719465,""start_week"":44,""duration_weeks"":9,""recovery_weeks"":4}]"
A,2026,326,Supplier-cluster shock,False,,False,Non-failure,Unclassified,Unclassified,1,1.0,0.0,False,False,False,True,False,"[{""target"":""S1B"",""magnitude"":0.21445856944368352,""start_week"":23,""duration_weeks"":1,""recovery_weeks"":4}]"
A,2026,327,Supplier-cluster shock,True,True,True,Structural,Concentrated dependency; Hidden convergent dependency,Hidden convergent dependency,3,0.7126217553062029,1611.9942660845195,True,False,False,True,False,"[{""target"":""S1B"",""magnitude"":0.2058943778187163,""start_week"":15,""duration_weeks"":3,""recovery_weeks"":1},{""target"":""T2P"",""magnitude"":0.35864042022441744,""start_week"":16,""duration_weeks"":5,""recovery_weeks"":4},{""target"":""demand"",""magnitude"":0.22880623303194064,""start_week"":20,""duration_weeks"":1,""recovery_weeks"":1}]"
A,2026,328,Supplier-cluster shock,False,,False,Non-failure,Unclassified,Unclassified,3,0.8655212817415902,144.26220245044874,True,False,False,True,False,"[{""target"":""S1B"",""magnitude"":0.2933760607317032,""start_week"":28,""duration_weeks"":8,""recovery_weeks"":2},{""target"":""demand"",""magnitude"":0.19194574525943703,""start_week"":47,""duration_weeks"":2,""recovery_weeks"":2},{""target"":""T2P"",""magnitude"":0.18909874490153206,""start_week"":51,""duration_weeks"":7,""recovery_weeks"":4}]"
A,2026,329,Supplier-cluster shock,False,,False,Non-failure,Unclassified,Unclassified,2,0.9254763879820211,79.29018695080413,False,False,False,True,True,"[{""target"":""S1B"",""magnitude"":0.3087703371588119,""start_week"":19,""duration_weeks"":3,""recovery_weeks"":1},{""target"":""S1C"",""magnitude"":0.41767812704045226,""start_week"":49,""duration_weeks"":2,""recovery_weeks"":4}]"
A,2026,330,Supplier-cluster shock,False,,False,Non-failure,Unclassified,Unclassified,2,0.9708113351383589,61.29619620944641,False,False,False,True,True,"[{""target"":""S1C"",""magnitude"":0.3156744959386926,""start_week"":14,""duration_weeks"":3,""recovery_weeks"":2},{""target"":""S1B"",""magnitude"":0.18404520525223633,""start_week"":43,""duration_weeks"":1,""recovery_weeks"":2}]"
A,2026,331,Supplier-cluster shock,True,True,True,Structural,Concentrated dependency; Hidden convergent dependency; Recovery lag and temporal overlap,Hidden convergent dependency,5,0.5512427629793418,1145.9850037534356,True,True,True,False,False,"[{""target"":""demand"",""magnitude"":0.14991844299812368,""start_week"":16,""duration_weeks"":8,""recovery_weeks"":2},{""target"":""corridor"",""magnitude"":0.24584431758293696,""start_week"":34,""duration_weeks"":1,""recovery_weeks"":3},{""target"":""S1A"",""magnitude"":0.44629548454942436,""start_week"":36,""duration_weeks"":1,""recovery_weeks"":2},{""target"":""T2P"",""magnitude"":0.5038815133185923,""start_week"":37,""duration_weeks"":3,""recovery_weeks"":2},{""target"":""corridor"",""magnitude"":0.35820504196029607,""start_week"":51,""duration_weeks"":1,""recovery_weeks"":1}]"
A,2026,332,Supplier-cluster shock,False,,False,Non-failure,Unclassified,Unclassified,2,1.0,0.0,True,False,True,False,False,"[{""target"":""T2P"",""magnitude"":0.20366801739422363,""start_week"":23,""duration_weeks"":4,""recovery_weeks"":3},{""target"":""S1A"",""magnitude"":0.4320656201884264,""start_week"":51,""duration_weeks"":2,""recovery_weeks"":4}]"
A,2026,333,Supplier-cluster shock,False,,False,Non-failure,Unclassified,Unclassified,0,1.0,0.0,False,False,False,False,False,[]
A,2026,334,Supplier-cluster shock,True,True,True,Structural,Concentrated dependency; Hidden convergent dependency,Hidden convergent dependency,2,0.679061491791181,960.5169781452037,True,False,False,False,False,"[{""target"":""demand"",""magnitude"":0.1593473590631841,""start_week"":16,""duration_weeks"":2,""recovery_weeks"":1},{""target"":""T2P"",""magnitude"":0.38884465738793716,""start_week"":24,""duration_weeks"":4,""recovery_weeks"":4}]"
A,2026,335,Supplier-cluster shock,True,True,False,Structural,Concentrated dependency,Concentrated dependency,5,0.752315241240156,393.5175677131051,False,True,False,True,True,"[{""target"":""demand"",""magnitude"":0.06420232921140741,""start_week"":12,""duration_weeks"":6,""recovery_weeks"":1},{""target"":""S1C"",""magnitude"":0.17549888129314545,""start_week"":15,""duration_weeks"":1,""recovery_weeks"":2},{""target"":""corridor"",""magnitude"":0.31994966276464476,""start_week"":34,""duration_weeks"":1,""recovery_weeks"":4},{""target"":""S1B"",""magnitude"":0.21863287639399748,""start_week"":41,""duration_weeks"":2,""recovery_weeks"":1},{""target"":""corridor"",""magnitude"":0.435763569069883,""start_week"":49,""duration_weeks"":5,""recovery_weeks"":3}]"
A,2026,336,Supplier-cluster shock,False,,False,Non-failure,Unclassified,Unclassified,4,0.9123533353423546,184.0579957810553,False,True,True,True,False,"[{""target"":""S1A"",""magnitude"":0.44720499547970205,""start_week"":9,""duration_weeks"":2,""recovery_weeks"":1},{""target"":""S1B"",""magnitude"":0.32386742272209795,""start_week"":25,""duration_weeks"":2,""recovery_weeks"":3},{""target"":""demand"",""magnitude"":0.15791974856010904,""start_week"":30,""duration_weeks"":2,""recovery_weeks"":3},{""target"":""corridor"",""magnitude"":0.17640729321642357,""start_week"":46,""duration_weeks"":6,""recovery_weeks"":2}]"
A,2026,337,Supplier-cluster shock,True,True,True,Structural,Concentrated dependency; Hidden convergent dependency; Propagation-amplified cascade,Hidden convergent dependency,4,0.5624881144631987,2196.3151048030877,True,False,False,False,False,"[{""target"":""demand"",""magnitude"":0.08487226925266658,""start_week"":10,""duration_weeks"":6,""recovery_weeks"":1},{""target"":""T2P"",""magnitude"":0.4507950185511903,""start_week"":11,""duration_weeks"":2,""recovery_weeks"":3},{""target"":""T2P"",""magnitude"":0.3335087972510503,""start_week"":25,""duration_weeks"":7,""recovery_weeks"":2},{""target"":""demand"",""magnitude"":0.1591072534889334,""start_week"":42,""duration_weeks"":2,""recovery_weeks"":3}]"
A,2026,338,Supplier-cluster shock,True,False,True,Adaptation-limited,Concentrated dependency,Concentrated dependency,5,0.7288767136742046,1708.0767038525114,True,True,True,True,False,"[{""target"":""corridor"",""magnitude"":0.4533424647443466,""start_week"":16,""duration_weeks"":6,""recovery_weeks"":1},{""target"":""corridor"",""magnitude"":0.2817296306744832,""start_week"":32,""duration_weeks"":1,""recovery_weeks"":1},{""target"":""T2P"",""magnitude"":0.3651684967817004,""start_week"":45,""duration_weeks"":5,""recovery_weeks"":3},{""target"":""S1B"",""magnitude"":0.2190333668431252,""start_week"":46,""duration_weeks"":2,""recovery_weeks"":2},{""target"":""S1A"",""magnitude"":0.39757749733473235,""start_week"":47,""duration_weeks"":1,""recovery_weeks"":3}]"
A,2026,339,Supplier-cluster shock,False,,False,Non-failure,Unclassified,Unclassified,3,0.9518324132926032,101.15193208553342,True,False,True,False,False,"[{""target"":""S1A"",""magnitude"":0.3583770700916429,""start_week"":22,""duration_weeks"":2,""recovery_weeks"":2},{""target"":""demand"",""magnitude"":0.11433182587044699,""start_week"":45,""duration_weeks"":2,""recovery_weeks"":1},{""target"":""T2P"",""magnitude"":0.25763569758684624,""start_week"":46,""duration_weeks"":2,""recovery_weeks"":1}]"
A,2026,340,Supplier-cluster shock,False,,False,Non-failure,Unclassified,Unclassified,2,0.8993202220509543,100.75587975492817,True,False,False,False,False,"[{""target"":""T2P"",""magnitude"":0.2589076078340257,""start_week"":18,""duration_weeks"":1,""recovery_weeks"":2},{""target"":""demand"",""magnitude"":0.11195097750547559,""start_week"":29,""duration_weeks"":1,""recovery_weeks"":3}]"
A,2026,341,Supplier-cluster shock,True,True,True,Structural,Concentrated dependency; Hidden convergent dependency; Propagation-amplified cascade,Hidden convergent dependency,6,0.7578063252792279,784.7752329000983,True,True,True,False,False,"[{""target"":""T2P"",""magnitude"":0.40882310501655306,""start_week"":15,""duration_weeks"":1,""recovery_weeks"":4},{""target"":""corridor"",""magnitude"":0.2441116784034703,""start_week"":20,""duration_weeks"":3,""recovery_weeks"":1},{""target"":""corridor"",""magnitude"":0.4268072622396192,""start_week"":28,""duration_weeks"":3,""recovery_weeks"":2},{""target"":""T2P"",""magnitude"":0.3179743072486949,""start_week"":30,""duration_weeks"":3,""recovery_weeks"":3},{""target"":""corridor"",""magnitude"":0.2794026113673075,""start_week"":39,""duration_weeks"":1,""recovery_weeks"":4},{""target"":""S1A"",""magnitude"":0.3497375469339759,""start_week"":47,""duration_weeks"":1,""recovery_weeks"":1}]"
A,2026,342,Supplier-cluster shock,True,True,True,Structural,Concentrated dependency; Recovery lag and temporal overlap,Recovery lag and temporal overlap,5,0.6672905651001924,2056.601316727375,False,True,True,True,True,"[{""target"":""S1A"",""magnitude"":0.41319792048803583,""start_week"":13,""duration_weeks"":2,""recovery_weeks"":1},{""target"":""S1C"",""magnitude"":0.5321248399518848,""start_week"":23,""duration_weeks"":1,""recovery_weeks"":2},{""target"":""corridor"",""magnitude"":0.49953207617485573,""start_week"":24,""duration_weeks"":6,""recovery_weeks"":2},{""target"":""S1B"",""magnitude"":0.26495505045792944,""start_week"":34,""duration_weeks"":1,""recovery_weeks"":1},{""target"":""S1A"",""magnitude"":0.31140190903121956,""start_week"":37,""duration_weeks"":7,""recovery_weeks"":4}]"
A,2026,343,Supplier-cluster shock,False,,False,Non-failure,Unclassified,Unclassified,4,0.8874246134090233,171.18418457168252,False,False,True,True,True,"[{""target"":""S1B"",""magnitude"":0.29300991550828204,""start_week"":11,""duration_weeks"":1,""recovery_weeks"":4},{""target"":""S1C"",""magnitude"":0.41769532771516715,""start_week"":12,""duration_weeks"":1,""recovery_weeks"":2},{""target"":""S1A"",""magnitude"":0.5032946198296974,""start_week"":16,""duration_weeks"":2,""recovery_weeks"":3},{""target"":""S1B"",""magnitude"":0.5721312158082595,""start_week"":38,""duration_weeks"":1,""recovery_weeks"":1}]"
A,2026,344,Supplier-cluster shock,True,True,True,Structural,Concentrated dependency; Propagation-amplified cascade,Propagation-amplified cascade,2,0.6084525745878698,1540.5606510673647,True,False,False,True,False,"[{""target"":""S1B"",""magnitude"":0.5067215755911061,""start_week"":8,""duration_weeks"":8,""recovery_weeks"":4},{""target"":""T2P"",""magnitude"":0.5430378944573743,""start_week"":9,""duration_weeks"":2,""recovery_weeks"":4}]"
A,2026,345,Supplier-cluster shock,True,False,True,Adaptation-limited,Concentrated dependency,Concentrated dependency,3,0.7632824612769793,639.1373545521557,True,True,False,False,False,"[{""target"":""corridor"",""magnitude"":0.4275381540422655,""start_week"":20,""duration_weeks"":2,""recovery_weeks"":2},{""target"":""corridor"",""magnitude"":0.1989647570666229,""start_week"":25,""duration_weeks"":1,""recovery_weeks"":4},{""target"":""T2P"",""magnitude"":0.3778489493610222,""start_week"":50,""duration_weeks"":4,""recovery_weeks"":2}]"
A,2026,346,Supplier-cluster shock,True,True,True,Structural,Concentrated dependency; Hidden convergent dependency; Propagation-amplified cascade,Hidden convergent dependency,2,0.5699872038492589,1517.3637898987308,True,False,False,False,False,"[{""target"":""T2P"",""magnitude"":0.487011516535667,""start_week"":8,""duration_weeks"":3,""recovery_weeks"":2},{""target"":""T2P"",""magnitude"":0.3477737077120437,""start_week"":21,""duration_weeks"":3,""recovery_weeks"":4}]"
A,2026,347,Supplier-cluster shock,False,,False,Non-failure,Unclassified,Unclassified,2,0.992385075826244,15.991340764887582,False,False,False,True,True,"[{""target"":""S1B"",""magnitude"":0.16886468911633512,""start_week"":27,""duration_weeks"":1,""recovery_weeks"":4},{""target"":""S1C"",""magnitude"":0.2671335793909508,""start_week"":42,""duration_weeks"":3,""recovery_weeks"":3}]"
A,2026,348,Supplier-cluster shock,False,,False,Non-failure,Unclassified,Unclassified,1,0.9107543375423487,88.1918349448996,False,False,False,False,False,"[{""target"":""demand"",""magnitude"":0.0979909277165551,""start_week"":51,""duration_weeks"":2,""recovery_weeks"":4}]"
A,2026,349,Supplier-cluster shock,True,True,True,Structural,Concentrated dependency,Concentrated dependency,1,0.8375640574927949,438.5770447694538,False,True,False,False,False,"[{""target"":""corridor"",""magnitude"":0.37182695688040374,""start_week"":4,""duration_weeks"":2,""recovery_weeks"":3}]"
A,2026,350,Supplier-cluster shock,True,True,False,Structural,Concentrated dependency,Concentrated dependency,3,0.852266473766249,259.72108691223127,False,True,False,True,False,"[{""target"":""demand"",""magnitude"":0.1733419426683561,""start_week"":7,""duration_weeks"":3,""recovery_weeks"":3},{""target"":""corridor"",""magnitude"":0.23568451722520745,""start_week"":41,""duration_weeks"":1,""recovery_weeks"":2},{""target"":""S1B"",""magnitude"":0.5639868788345334,""start_week"":48,""duration_weeks"":2,""recovery_weeks"":3}]"
A,2026,351,Supplier-cluster shock,True,True,True,Structural,Concentrated dependency,Concentrated dependency,4,0.6250243705156691,4526.954296940087,True,True,False,False,False,"[{""target"":""corridor"",""magnitude"":0.4732349090742576,""start_week"":15,""duration_weeks"":12,""recovery_weeks"":2},{""target"":""T2P"",""magnitude"":0.19731796923784292,""start_week"":24,""duration_weeks"":4,""recovery_weeks"":3},{""target"":""corridor"",""magnitude"":0.5312317221132482,""start_week"":40,""duration_weeks"":5,""recovery_weeks"":3},{""target"":""demand"",""magnitude"":0.08172840727311484,""start_week"":49,""duration_weeks"":1,""recovery_weeks"":3}]"
A,2026,352,Supplier-cluster shock,True,True,True,Structural,Concentrated dependency; Hidden convergent dependency; Propagation-amplified cascade,Hidden convergent dependency,5,0.6063958087953458,2715.3158347997914,True,True,True,True,False,"[{""target"":""T2P"",""magnitude"":0.45424377208418865,""start_week"":13,""duration_weeks"":8,""recovery_weeks"":2},{""target"":""corridor"",""magnitude"":0.22243041480991504,""start_week"":21,""duration_weeks"":3,""recovery_weeks"":2},{""target"":""corridor"",""magnitude"":0.3148748231536105,""start_week"":29,""duration_weeks"":2,""recovery_weeks"":3},{""target"":""S1B"",""magnitude"":0.36919549151805586,""start_week"":50,""duration_weeks"":3,""recovery_weeks"":1},{""target"":""S1A"",""magnitude"":0.3493237134774194,""start_week"":51,""duration_weeks"":8,""recovery_weeks"":4}]"
A,2026,353,Supplier-cluster shock,True,True,False,Structural,Compounding moderate disturbance,Compounding moderate disturbance,5,0.8807993587952918,508.67895352482844,False,False,False,True,True,"[{""target"":""demand"",""magnitude"":0.10137120863644902,""start_week"":7,""duration_weeks"":9,""recovery_weeks"":4},{""target"":""S1C"",""magnitude"":0.4260265496758838,""start_week"":9,""duration_weeks"":5,""recovery_weeks"":1},{""target"":""S1B"",""magnitude"":0.21730598448564817,""start_week"":10,""duration_weeks"":9,""recovery_weeks"":1},{""target"":""S1C"",""magnitude"":0.2805013975915858,""start_week"":18,""duration_weeks"":3,""recovery_weeks"":3},{""target"":""S1B"",""magnitude"":0.30813881476068217,""start_week"":28,""duration_weeks"":1,""recovery_weeks"":4}]"
A,2026,354,Supplier-cluster shock,False,,False,Non-failure,Unclassified,Unclassified,2,0.8707187229643217,133.62885885351307,False,False,False,False,False,"[{""target"":""demand"",""magnitude"":0.1484765098372367,""start_week"":6,""duration_weeks"":2,""recovery_weeks"":4},{""target"":""demand"",""magnitude"":0.05779677167641882,""start_week"":22,""duration_weeks"":2,""recovery_weeks"":3}]"
A,2026,355,Supplier-cluster shock,True,True,False,Structural,Concentrated dependency; Recovery lag and temporal overlap,Recovery lag and temporal overlap,5,0.8678795319979565,395.3376147692286,False,False,True,True,True,"[{""target"":""S1A"",""magnitude"":0.30390429665868346,""start_week"":3,""duration_weeks"":1,""recovery_weeks"":4},{""target"":""S1C"",""magnitude"":0.2454439375141752,""start_week"":7,""duration_weeks"":2,""recovery_weeks"":4},{""target"":""S1A"",""magnitude"":0.5472710530045978,""start_week"":11,""duration_weeks"":14,""recovery_weeks"":3},{""target"":""S1B"",""magnitude"":0.3712270835632733,""start_week"":24,""duration_weeks"":1,""recovery_weeks"":4},{""target"":""S1A"",""magnitude"":0.27883435447933314,""start_week"":35,""duration_weeks"":3,""recovery_weeks"":4}]"
A,2026,356,Supplier-cluster shock,True,True,True,Structural,Concentrated dependency,Concentrated dependency,7,0.6686669647486833,851.0387403359312,True,True,True,True,True,"[{""target"":""corridor"",""magnitude"":0.49849977643848753,""start_week"":5,""duration_weeks"":1,""recovery_weeks"":4},{""target"":""demand"",""magnitude"":0.11876623580647762,""start_week"":9,""duration_weeks"":4,""recovery_weeks"":1},{""target"":""T2P"",""magnitude"":0.29281338881801866,""start_week"":12,""duration_weeks"":1,""recovery_weeks"":1},{""target"":""S1A"",""magnitude"":0.35542307948134716,""start_week"":24,""duration_weeks"":3,""recovery_weeks"":2},{""target"":""S1B"",""magnitude"":0.2619401664882903,""start_week"":34,""duration_weeks"":1,""recovery_weeks"":3},{""target"":""S1C"",""magnitude"":0.455991222357068,""start_week"":38,""duration_weeks"":1,""recovery_weeks"":2},{""target"":""demand"",""magnitude"":0.1097191741384982,""start_week"":45,""duration_weeks"":1,""recovery_weeks"":4}]"
A,2026,357,Supplier-cluster shock,True,True,False,Structural,Concentrated dependency,Concentrated dependency,2,0.8836659382619764,244.30152964984984,False,False,True,False,True,"[{""target"":""S1A"",""magnitude"":0.5117516389105533,""start_week"":28,""duration_weeks"":2,""recovery_weeks"":3},{""target"":""S1C"",""magnitude"":0.31398016379407445,""start_week"":38,""duration_weeks"":6,""recovery_weeks"":1}]"
A,2026,358,Supplier-cluster shock,True,True,True,Structural,Concentrated dependency; Hidden convergent dependency; Propagation-amplified cascade,Hidden convergent dependency,4,0.29288226624132924,4602.534998424864,True,False,False,True,True,"[{""target"":""S1B"",""magnitude"":0.35586005584633873,""start_week"":2,""duration_weeks"":1,""recovery_weeks"":1},{""target"":""S1C"",""magnitude"":0.3425038292061499,""start_week"":11,""duration_weeks"":4,""recovery_weeks"":4},{""target"":""T2P"",""magnitude"":0.535872599648864,""start_week"":32,""duration_weeks"":6,""recovery_weeks"":3},{""target"":""T2P"",""magnitude"":0.43206533503996103,""start_week"":36,""duration_weeks"":6,""recovery_weeks"":1}]"
A,2026,359,Supplier-cluster shock,True,True,True,Structural,Concentrated dependency; Hidden convergent dependency; Propagation-amplified cascade,Hidden convergent dependency,4,0.6246546973484024,1714.2610435231472,True,True,False,False,False,"[{""target"":""T2P"",""magnitude"":0.5580699669518175,""start_week"":3,""duration_weeks"":1,""recovery_weeks"":2},{""target"":""T2P"",""magnitude"":0.24315875180668814,""start_week"":19,""duration_weeks"":3,""recovery_weeks"":2},{""target"":""corridor"",""magnitude"":0.5315089769886981,""start_week"":37,""duration_weeks"":4,""recovery_weeks"":3},{""target"":""demand"",""magnitude"":0.12813144813978816,""start_week"":47,""duration_weeks"":1,""recovery_weeks"":4}]"
A,2026,360,Supplier-cluster shock,False,,False,Non-failure,Unclassified,Unclassified,3,0.8819717197423976,120.44088246147851,False,True,False,False,True,"[{""target"":""demand"",""magnitude"":0.13382320273497622,""start_week"":22,""duration_weeks"":1,""recovery_weeks"":2},{""target"":""S1C"",""magnitude"":0.2965842164325716,""start_week"":26,""duration_weeks"":2,""recovery_weeks"":2},{""target"":""corridor"",""magnitude"":0.2947750931361658,""start_week"":47,""duration_weeks"":2,""recovery_weeks"":2}]"
A,2026,361,Supplier-cluster shock,False,,False,Non-failure,Unclassified,Unclassified,2,0.8993954762886711,100.6721444873433,False,True,False,False,False,"[{""target"":""demand"",""magnitude"":0.11185793831927031,""start_week"":18,""duration_weeks"":4,""recovery_weeks"":4},{""target"":""corridor"",""magnitude"":0.3124407179266968,""start_week"":33,""duration_weeks"":3,""recovery_weeks"":3}]"
A,2026,362,Supplier-cluster shock,False,,False,Non-failure,Unclassified,Unclassified,1,1.0,0.0,True,False,False,False,False,"[{""target"":""T2P"",""magnitude"":0.44693061193287786,""start_week"":50,""duration_weeks"":6,""recovery_weeks"":4}]"
A,2026,363,Supplier-cluster shock,False,,False,Non-failure,Unclassified,Unclassified,3,0.9306597455281007,188.68385889955334,False,False,True,True,True,"[{""target"":""S1B"",""magnitude"":0.18633726393084085,""start_week"":7,""duration_weeks"":5,""recovery_weeks"":2},{""target"":""S1C"",""magnitude"":0.28296636607206543,""start_week"":43,""duration_weeks"":4,""recovery_weeks"":2},{""target"":""S1A"",""magnitude"":0.373049206489708,""start_week"":44,""duration_weeks"":4,""recovery_weeks"":1}]"
A,2026,364,Supplier-cluster shock,True,True,True,Structural,Concentrated dependency; Hidden convergent dependency; Propagation-amplified cascade,Hidden convergent dependency,5,0.6775344662169598,1940.571560625788,True,True,False,False,True,"[{""target"":""S1C"",""magnitude"":0.1816007870322139,""start_week"":5,""duration_weeks"":3,""recovery_weeks"":2},{""target"":""corridor"",""magnitude"":0.27965913450479163,""start_week"":20,""duration_weeks"":2,""recovery_weeks"":4},{""target"":""T2P"",""magnitude"":0.3902189804047361,""start_week"":28,""duration_weeks"":6,""recovery_weeks"":1},{""target"":""corridor"",""magnitude"":0.2349006228035504,""start_week"":31,""duration_weeks"":1,""recovery_weeks"":2},{""target"":""corridor"",""magnitude"":0.33528538049504747,""start_week"":38,""duration_weeks"":5,""recovery_weeks"":4}]"
A,2026,365,Supplier-cluster shock,True,True,True,Structural,Concentrated dependency; Hidden convergent dependency; Propagation-amplified cascade,Hidden convergent dependency,3,0.6319114609845446,5822.21440805133,True,True,False,False,False,"[{""target"":""T2P"",""magnitude"":0.4312796851139098,""start_week"":13,""duration_weeks"":12,""recovery_weeks"":2},{""target"":""corridor"",""magnitude"":0.3878029392730338,""start_week"":31,""duration_weeks"":10,""recovery_weeks"":3},{""target"":""demand"",""magnitude"":0.15038750510615229,""start_week"":33,""duration_weeks"":1,""recovery_weeks"":1}]"
A,2026,366,Supplier-cluster shock,False,,False,Non-failure,Unclassified,Unclassified,1,1.0,0.0,False,True,False,False,False,"[{""target"":""corridor"",""magnitude"":0.18596156002851594,""start_week"":15,""duration_weeks"":6,""recovery_weeks"":3}]"
A,2026,367,Supplier-cluster shock,True,True,True,Structural,Concentrated dependency,Concentrated dependency,4,0.8298046186842507,1072.2309022892214,False,True,True,True,True,"[{""target"":""corridor"",""magnitude"":0.37764653598681197,""start_week"":1,""duration_weeks"":6,""recovery_weeks"":1},{""target"":""S1B"",""magnitude"":0.25694817787744617,""start_week"":33,""duration_weeks"":4,""recovery_weeks"":1},{""target"":""S1A"",""magnitude"":0.367724158943096,""start_week"":43,""duration_weeks"":1,""recovery_weeks"":1},{""target"":""S1C"",""magnitude"":0.2106935705544889,""start_week"":48,""duration_weeks"":9,""recovery_weeks"":2}]"
A,2026,368,Supplier-cluster shock,True,False,True,Adaptation-limited,Concentrated dependency; Propagation-amplified cascade,Propagation-amplified cascade,3,0.7408230219244317,943.7876568241218,True,True,False,False,False,"[{""target"":""T2P"",""magnitude"":0.36252146347686903,""start_week"":34,""duration_weeks"":3,""recovery_weeks"":4},{""target"":""corridor"",""magnitude"":0.44438273355667623,""start_week"":38,""duration_weeks"":1,""recovery_weeks"":2},{""target"":""corridor"",""magnitude"":0.4305332243614839,""start_week"":48,""duration_weeks"":4,""recovery_weeks"":4}]"
A,2026,369,Supplier-cluster shock,False,,False,Non-failure,Unclassified,Unclassified,1,0.9405676044832918,213.9566238601492,False,True,False,False,False,"[{""target"":""corridor"",""magnitude"":0.29457429663753115,""start_week"":21,""duration_weeks"":3,""recovery_weeks"":3}]"
A,2026,370,Supplier-cluster shock,True,True,True,Structural,Concentrated dependency,Concentrated dependency,7,0.7363819880615498,2473.2564342373917,True,True,False,True,False,"[{""target"":""corridor"",""magnitude"":0.2527273063332761,""start_week"":15,""duration_weeks"":1,""recovery_weeks"":1},{""target"":""corridor"",""magnitude"":0.39232570729543115,""start_week"":19,""duration_weeks"":3,""recovery_weeks"":4},{""target"":""corridor"",""magnitude"":0.21020932064803607,""start_week"":23,""duration_weeks"":5,""recovery_weeks"":2},{""target"":""corridor"",""magnitude"":0.2246726825641145,""start_week"":25,""duration_weeks"":14,""recovery_weeks"":4},{""target"":""T2P"",""magnitude"":0.4013695829256876,""start_week"":26,""duration_weeks"":1,""recovery_weeks"":1},{""target"":""T2P"",""magnitude"":0.2467017496810106,""start_week"":38,""duration_weeks"":13,""recovery_weeks"":3},{""target"":""S1B"",""magnitude"":0.42579307761726926,""start_week"":39,""duration_weeks"":3,""recovery_weeks"":2}]"
A,2026,371,Supplier-cluster shock,False,,False,Non-failure,Unclassified,Unclassified,1,1.0,0.0,True,False,False,False,False,"[{""target"":""T2P"",""magnitude"":0.2877795406468468,""start_week"":41,""duration_weeks"":1,""recovery_weeks"":3}]"
A,2026,372,Supplier-cluster shock,True,True,False,Structural,Concentrated dependency; Recovery lag and temporal overlap,Recovery lag and temporal overlap,5,0.5714858829736912,958.8960900914773,False,True,True,True,False,"[{""target"":""demand"",""magnitude"":0.14963826772786226,""start_week"":4,""duration_weeks"":1,""recovery_weeks"":4},{""target"":""corridor"",""magnitude"":0.5232827491427317,""start_week"":5,""duration_weeks"":1,""recovery_weeks"":1},{""target"":""corridor"",""magnitude"":0.3432711233144905,""start_week"":16,""duration_weeks"":1,""recovery_weeks"":3},{""target"":""S1A"",""magnitude"":0.22389419414351852,""start_week"":20,""duration_weeks"":4,""recovery_weeks"":4},{""target"":""S1B"",""magnitude"":0.370440531353326,""start_week"":47,""duration_weeks"":8,""recovery_weeks"":3}]"
A,2026,373,Supplier-cluster shock,False,,False,Non-failure,Unclassified,Unclassified,0,1.0,0.0,False,False,False,False,False,[]
A,2026,374,Supplier-cluster shock,True,True,True,Structural,Concentrated dependency; Recovery lag and temporal overlap,Recovery lag and temporal overlap,4,0.8305342157650506,1018.8140191292878,False,True,False,False,True,"[{""target"":""demand"",""magnitude"":0.12664219494974177,""start_week"":6,""duration_weeks"":1,""recovery_weeks"":1},{""target"":""S1C"",""magnitude"":0.19702917835242229,""start_week"":13,""duration_weeks"":3,""recovery_weeks"":2},{""target"":""demand"",""magnitude"":0.11829477132083432,""start_week"":34,""duration_weeks"":2,""recovery_weeks"":4},{""target"":""corridor"",""magnitude"":0.37709933817621205,""start_week"":39,""duration_weeks"":7,""recovery_weeks"":2}]"
A,2026,375,Supplier-cluster shock,True,True,True,Structural,Concentrated dependency; Hidden convergent dependency; Propagation-amplified cascade,Hidden convergent dependency,2,0.683466628660138,2718.560410470509,True,False,True,False,False,"[{""target"":""T2P"",""magnitude"":0.3848800342058759,""start_week"":21,""duration_weeks"":10,""recovery_weeks"":3},{""target"":""S1A"",""magnitude"":0.3166508984303462,""start_week"":24,""duration_weeks"":2,""recovery_weeks"":4}]"
A,2026,376,Supplier-cluster shock,False,,False,Non-failure,Unclassified,Unclassified,1,1.0,0.0,True,False,False,False,False,"[{""target"":""T2P"",""magnitude"":0.3219423412107808,""start_week"":11,""duration_weeks"":1,""recovery_weeks"":2}]"
A,2026,377,Supplier-cluster shock,False,,False,Non-failure,Unclassified,Unclassified,1,0.8558256251081574,151.6160928065924,False,False,False,False,False,"[{""target"":""demand"",""magnitude"":0.1684623253406583,""start_week"":8,""duration_weeks"":3,""recovery_weeks"":3}]"
A,2026,378,Supplier-cluster shock,False,,False,Non-failure,Unclassified,Unclassified,1,1.0,0.0,False,True,False,False,False,"[{""target"":""corridor"",""magnitude"":0.19758694921620193,""start_week"":50,""duration_weeks"":1,""recovery_weeks"":1}]"
A,2026,379,Supplier-cluster shock,True,False,True,Adaptation-limited,Concentrated dependency,Concentrated dependency,5,0.7662462659737634,1391.748657070525,True,True,True,False,False,"[{""target"":""T2P"",""magnitude"":0.29803282237915113,""start_week"":9,""duration_weeks"":3,""recovery_weeks"":2},{""target"":""demand"",""magnitude"":0.1402095342251477,""start_week"":21,""duration_weeks"":2,""recovery_weeks"":1},{""target"":""S1A"",""magnitude"":0.5286341820301931,""start_week"":24,""duration_weeks"":2,""recovery_weeks"":3},{""target"":""corridor"",""magnitude"":0.4253153005196775,""start_week"":26,""duration_weeks"":5,""recovery_weeks"":1},{""target"":""T2P"",""magnitude"":0.2913504096925991,""start_week"":37,""duration_weeks"":1,""recovery_weeks"":1}]"
A,2026,380,Supplier-cluster shock,False,,False,Non-failure,Unclassified,Unclassified,3,0.9724841703262637,57.78324231484612,False,False,False,True,True,"[{""target"":""S1C"",""magnitude"":0.3119106167659065,""start_week"":33,""duration_weeks"":2,""recovery_weeks"":1},{""target"":""S1B"",""magnitude"":0.21473417349277035,""start_week"":48,""duration_weeks"":1,""recovery_weeks"":4},{""target"":""S1C"",""magnitude"":0.2736654947714594,""start_week"":51,""duration_weeks"":1,""recovery_weeks"":2}]"
A,2026,381,Supplier-cluster shock,False,,False,Non-failure,Unclassified,Unclassified,4,0.9110709145540902,240.1085307039566,True,True,False,False,False,"[{""target"":""corridor"",""magnitude"":0.3166968140844324,""start_week"":5,""duration_weeks"":2,""recovery_weeks"":3},{""target"":""demand"",""magnitude"":0.12008433402894973,""start_week"":10,""duration_weeks"":1,""recovery_weeks"":1},{""target"":""demand"",""magnitude"":0.07005938899595218,""start_week"":22,""duration_weeks"":1,""recovery_weeks"":1},{""target"":""T2P"",""magnitude"":0.44159385088019787,""start_week"":48,""duration_weeks"":2,""recovery_weeks"":4}]"
A,2026,382,Supplier-cluster shock,False,,False,Non-failure,Unclassified,Unclassified,3,0.9236877456622733,88.76557757082378,True,True,False,False,False,"[{""target"":""corridor"",""magnitude"":0.2702485334321184,""start_week"":1,""duration_weeks"":1,""recovery_weeks"":1},{""target"":""corridor"",""magnitude"":0.30723419075329506,""start_week"":35,""duration_weeks"":1,""recovery_weeks"":2},{""target"":""T2P"",""magnitude"":0.2325303313566267,""start_week"":39,""duration_weeks"":2,""recovery_weeks"":3}]"
A,2026,383,Supplier-cluster shock,True,False,False,Adaptation-limited,Concentrated dependency,Concentrated dependency,1,0.6515972367400334,736.1666318239199,False,True,False,False,False,"[{""target"":""corridor"",""magnitude"":0.511302072444975,""start_week"":43,""duration_weeks"":1,""recovery_weeks"":3}]"
A,2026,384,Supplier-cluster shock,False,,False,Non-failure,Unclassified,Unclassified,3,0.884226371376714,104.19626576095743,True,True,False,False,True,"[{""target"":""T2P"",""magnitude"":0.3347320885869857,""start_week"":4,""duration_weeks"":2,""recovery_weeks"":1},{""target"":""S1C"",""magnitude"":0.23939818480621688,""start_week"":24,""duration_weeks"":1,""recovery_weeks"":1},{""target"":""corridor"",""magnitude"":0.29938106227975714,""start_week"":35,""duration_weeks"":1,""recovery_weeks"":1}]"
A,2026,385,Supplier-cluster shock,True,True,True,Structural,Concentrated dependency; Propagation-amplified cascade,Propagation-amplified cascade,4,0.5356406270243308,1995.542142560187,True,False,False,True,True,"[{""target"":""T2P"",""magnitude"":0.4173005816462313,""start_week"":29,""duration_weeks"":4,""recovery_weeks"":3},{""target"":""T2P"",""magnitude"":0.2607430812011065,""start_week"":31,""duration_weeks"":2,""recovery_weeks"":1},{""target"":""S1B"",""magnitude"":0.5127495501921131,""start_week"":32,""duration_weeks"":8,""recovery_weeks"":1},{""target"":""S1C"",""magnitude"":0.345718260602646,""start_week"":39,""duration_weeks"":2,""recovery_weeks"":2}]"
A,2026,386,Supplier-cluster shock,False,,False,Non-failure,Unclassified,Unclassified,3,0.9661699051300975,60.89417076582458,False,False,True,True,True,"[{""target"":""S1B"",""magnitude"":0.3261177134572806,""start_week"":24,""duration_weeks"":1,""recovery_weeks"":4},{""target"":""S1A"",""magnitude"":0.20866227207324684,""start_week"":32,""duration_weeks"":1,""recovery_weeks"":4},{""target"":""S1C"",""magnitude"":0.2071919912553662,""start_week"":34,""duration_weeks"":4,""recovery_weeks"":4}]"
A,2026,387,Supplier-cluster shock,True,True,True,Structural,Concentrated dependency; Hidden convergent dependency; Recovery lag and temporal overlap,Hidden convergent dependency,5,0.6272974853288873,1991.40264327217,True,True,True,True,False,"[{""target"":""S1B"",""magnitude"":0.23780227932125564,""start_week"":8,""duration_weeks"":2,""recovery_weeks"":3},{""target"":""S1A"",""magnitude"":0.459835291966626,""start_week"":12,""duration_weeks"":6,""recovery_weeks"":3},{""target"":""demand"",""magnitude"":0.13834123277032176,""start_week"":25,""duration_weeks"":1,""recovery_weeks"":4},{""target"":""T2P"",""magnitude"":0.4354322632040014,""start_week"":26,""duration_weeks"":4,""recovery_weeks"":4},{""target"":""corridor"",""magnitude"":0.40578984027426246,""start_week"":45,""duration_weeks"":7,""recovery_weeks"":2}]"
A,2026,388,Supplier-cluster shock,True,True,True,Structural,Concentrated dependency; Hidden convergent dependency; Propagation-amplified cascade,Hidden convergent dependency,1,0.7038676900331173,1965.1907897019441,True,False,False,False,False,"[{""target"":""T2P"",""magnitude"":0.3665190789701944,""start_week"":15,""duration_weeks"":8,""recovery_weeks"":3}]"
A,2026,389,Supplier-cluster shock,False,,False,Non-failure,Unclassified,Unclassified,2,0.7270310798742463,245.67202811317838,True,False,False,False,True,"[{""target"":""T2P"",""magnitude"":0.5228360140565891,""start_week"":36,""duration_weeks"":1,""recovery_weeks"":1},{""target"":""S1C"",""magnitude"":0.24787111223841402,""start_week"":46,""duration_weeks"":2,""recovery_weeks"":3}]"
A,2026,390,Supplier-cluster shock,False,,False,Non-failure,Unclassified,Unclassified,2,0.9743813470084579,53.799171282238376,False,False,False,True,True,"[{""target"":""S1C"",""magnitude"":0.3076419692309696,""start_week"":1,""duration_weeks"":6,""recovery_weeks"":1},{""target"":""S1B"",""magnitude"":0.17039810554477644,""start_week"":29,""duration_weeks"":2,""recovery_weeks"":4}]"
A,2026,391,Supplier-cluster shock,False,,False,Non-failure,Unclassified,Unclassified,3,0.9054028680536843,94.03263647121139,True,True,False,False,False,"[{""target"":""demand"",""magnitude"":0.10448070719023467,""start_week"":3,""duration_weeks"":4,""recovery_weeks"":1},{""target"":""corridor"",""magnitude"":0.31863081942736404,""start_week"":19,""duration_weeks"":1,""recovery_weeks"":2},{""target"":""T2P"",""magnitude"":0.1757160271489711,""start_week"":51,""duration_weeks"":5,""recovery_weeks"":1}]"
A,2026,392,Supplier-cluster shock,False,,False,Non-failure,Unclassified,Unclassified,3,0.9000941494178722,185.7400545901936,False,False,True,True,True,"[{""target"":""S1C"",""magnitude"":0.374938510398349,""start_week"":5,""duration_weeks"":4,""recovery_weeks"":4},{""target"":""S1B"",""magnitude"":0.4747881638097874,""start_week"":41,""duration_weeks"":2,""recovery_weeks"":3},{""target"":""S1A"",""magnitude"":0.4805079585451576,""start_week"":49,""duration_weeks"":2,""recovery_weeks"":3}]"
A,2026,393,Supplier-cluster shock,False,,False,Non-failure,Unclassified,Unclassified,4,0.840436862380246,149.08200930958856,False,True,False,False,False,"[{""target"":""demand"",""magnitude"":0.15652136792430427,""start_week"":12,""duration_weeks"":1,""recovery_weeks"":1},{""target"":""demand"",""magnitude"":0.19676961911505392,""start_week"":21,""duration_weeks"":1,""recovery_weeks"":1},{""target"":""corridor"",""magnitude"":0.3696723532148155,""start_week"":30,""duration_weeks"":2,""recovery_weeks"":3},{""target"":""corridor"",""magnitude"":0.22607147831849966,""start_week"":49,""duration_weeks"":1,""recovery_weeks"":1}]"
A,2026,394,Supplier-cluster shock,True,True,False,Structural,Concentrated dependency,Concentrated dependency,2,0.8749487889958061,648.6161653963434,False,True,False,True,False,"[{""target"":""S1B"",""magnitude"":0.28864636584371495,""start_week"":11,""duration_weeks"":2,""recovery_weeks"":3},{""target"":""corridor"",""magnitude"":0.3437884082531454,""start_week"":33,""duration_weeks"":5,""recovery_weeks"":4}]"
A,2026,395,Supplier-cluster shock,False,,False,Non-failure,Unclassified,Unclassified,0,1.0,0.0,False,False,False,False,False,[]
A,2026,396,Supplier-cluster shock,True,True,True,Structural,Concentrated dependency; Hidden convergent dependency; Propagation-amplified cascade,Hidden convergent dependency,5,0.40504274139250807,3797.896752876368,True,False,True,True,False,"[{""target"":""T2P"",""magnitude"":0.23563925877572017,""start_week"":1,""duration_weeks"":20,""recovery_weeks"":4},{""target"":""T2P"",""magnitude"":0.5230805984758266,""start_week"":11,""duration_weeks"":1,""recovery_weeks"":2},{""target"":""demand"",""magnitude"":0.12258215938150857,""start_week"":24,""duration_weeks"":3,""recovery_weeks"":2},{""target"":""S1A"",""magnitude"":0.4345044771886135,""start_week"":37,""duration_weeks"":4,""recovery_weeks"":3},{""target"":""S1B"",""magnitude"":0.36916042908245833,""start_week"":50,""duration_weeks"":12,""recovery_weeks"":4}]"
A,2026,397,Supplier-cluster shock,True,False,False,Adaptation-limited,Concentrated dependency; Hidden convergent dependency,Hidden convergent dependency,3,0.7743981781058886,361.94763946288504,True,False,False,False,False,"[{""target"":""demand"",""magnitude"":0.12000585499779268,""start_week"":19,""duration_weeks"":4,""recovery_weeks"":1},{""target"":""T2P"",""magnitude"":0.3589059997581849,""start_week"":36,""duration_weeks"":2,""recovery_weeks"":3},{""target"":""demand"",""magnitude"":0.08975339978747127,""start_week"":37,""duration_weeks"":2,""recovery_weeks"":1}]"
A,2026,398,Supplier-cluster shock,True,True,True,Structural,Concentrated dependency,Concentrated dependency,4,0.30355531854988893,2693.3811033861202,False,True,False,False,False,"[{""target"":""corridor"",""magnitude"":0.22443569867978216,""start_week"":18,""duration_weeks"":2,""recovery_weeks"":3},{""target"":""corridor"",""magnitude"":0.6421152499410091,""start_week"":35,""duration_weeks"":3,""recovery_weeks"":2},{""target"":""corridor"",""magnitude"":0.36385529454694576,""start_week"":38,""duration_weeks"":3,""recovery_weeks"":2},{""target"":""demand"",""magnitude"":0.11834544479247462,""start_week"":51,""duration_weeks"":4,""recovery_weeks"":2}]"
A,2026,399,Supplier-cluster shock,False,,False,Non-failure,Unclassified,Unclassified,0,1.0,0.0,False,False,False,False,False,[]
A,2026,400,Supplier-cluster shock,True,True,True,Structural,Concentrated dependency; Hidden convergent dependency; Propagation-amplified cascade,Hidden convergent dependency,2,0.7515189604262322,2083.595227396692,True,True,False,False,False,"[{""target"":""T2P"",""magnitude"":0.32363293561639095,""start_week"":11,""duration_weeks"":11,""recovery_weeks"":1},{""target"":""corridor"",""magnitude"":0.2190245507321702,""start_week"":37,""duration_weeks"":1,""recovery_weeks"":4}]"
A,2026,401,Supplier-cluster shock,False,,False,Non-failure,Unclassified,Unclassified,0,1.0,0.0,False,False,False,False,False,[]
A,2026,402,Supplier-cluster shock,False,,False,Non-failure,Unclassified,Unclassified,3,0.9079537122005963,165.6833180389267,False,False,True,True,True,"[{""target"":""S1B"",""magnitude"":0.45710414754865847,""start_week"":11,""duration_weeks"":1,""recovery_weeks"":2},{""target"":""S1A"",""magnitude"":0.28273205455391914,""start_week"":17,""duration_weeks"":1,""recovery_weeks"":3},{""target"":""S1C"",""magnitude"":0.19720978632884917,""start_week"":50,""duration_weeks"":7,""recovery_weeks"":1}]"
A,2026,403,Supplier-cluster shock,False,,False,Non-failure,Unclassified,Unclassified,1,0.931728470257659,143.37021245891617,False,False,False,True,False,"[{""target"":""S1B"",""magnitude"":0.40361094192026725,""start_week"":32,""duration_weeks"":2,""recovery_weeks"":4}]"
A,2026,404,Supplier-cluster shock,True,True,False,Structural,Concentrated dependency; Hidden convergent dependency; Propagation-amplified cascade,Hidden convergent dependency,3,0.8025980342214631,288.3088460034156,True,False,True,False,False,"[{""target"":""T2P"",""magnitude"":0.27766176920068314,""start_week"":13,""duration_weeks"":4,""recovery_weeks"":1},{""target"":""demand"",""magnitude"":0.1443610891202627,""start_week"":46,""duration_weeks"":1,""recovery_weeks"":1},{""target"":""S1A"",""magnitude"":0.2622622332802232,""start_week"":49,""duration_weeks"":4,""recovery_weeks"":4}]"
A,2026,405,Supplier-cluster shock,True,True,True,Structural,Concentrated dependency; Propagation-amplified cascade,Propagation-amplified cascade,6,0.8208411548652134,1919.7654557513447,True,True,True,True,True,"[{""target"":""corridor"",""magnitude"":0.1984601348563038,""start_week"":13,""duration_weeks"":1,""recovery_weeks"":2},{""target"":""S1B"",""magnitude"":0.2726670211729829,""start_week"":14,""duration_weeks"":2,""recovery_weeks"":1},{""target"":""S1A"",""magnitude"":0.17188264099064277,""start_week"":17,""duration_weeks"":2,""recovery_weeks"":4},{""target"":""S1C"",""magnitude"":0.4909325273141988,""start_week"":31,""duration_weeks"":2,""recovery_weeks"":4},{""target"":""S1B"",""magnitude"":0.2986830888415818,""start_week"":33,""duration_weeks"":1,""recovery_weeks"":2},{""target"":""T2P"",""magnitude"":0.2612429606213079,""start_week"":34,""duration_weeks"":13,""recovery_weeks"":2}]"
A,2026,406,Supplier-cluster shock,False,,False,Non-failure,Unclassified,Unclassified,1,0.8781668213527801,124.86222220692298,False,False,False,False,False,"[{""target"":""demand"",""magnitude"":0.13873580245213646,""start_week"":25,""duration_weeks"":8,""recovery_weeks"":2}]"
A,2026,407,Supplier-cluster shock,False,,False,Non-failure,Unclassified,Unclassified,3,0.9065552543142007,196.23396594017845,False,False,True,True,True,"[{""target"":""S1A"",""magnitude"":0.4602506777930483,""start_week"":32,""duration_weeks"":5,""recovery_weeks"":4},{""target"":""S1B"",""magnitude"":0.32881370321394776,""start_week"":42,""duration_weeks"":2,""recovery_weeks"":4},{""target"":""S1C"",""magnitude"":0.36938688472452696,""start_week"":44,""duration_weeks"":2,""recovery_weeks"":2}]"
A,2026,408,Supplier-cluster shock,False,,False,Non-failure,Unclassified,Unclassified,4,0.8805976135097718,122.03320357966527,False,True,True,True,False,"[{""target"":""demand"",""magnitude"":0.13559244842185036,""start_week"":5,""duration_weeks"":3,""recovery_weeks"":1},{""target"":""corridor"",""magnitude"":0.25546221870964037,""start_week"":28,""duration_weeks"":3,""recovery_weeks"":4},{""target"":""S1A"",""magnitude"":0.2401371864145998,""start_week"":32,""duration_weeks"":1,""recovery_weeks"":1},{""target"":""S1B"",""magnitude"":0.21256196027177549,""start_week"":41,""duration_weeks"":6,""recovery_weeks"":3}]"
A,2026,409,Supplier-cluster shock,False,,False,Non-failure,Unclassified,Unclassified,4,0.773434293184876,275.32582239798944,True,True,False,False,False,"[{""target"":""corridor"",""magnitude"":0.21605514499662754,""start_week"":1,""duration_weeks"":2,""recovery_weeks"":4},{""target"":""demand"",""magnitude"":0.07360691659401879,""start_week"":22,""duration_weeks"":1,""recovery_weeks"":2},{""target"":""T2P"",""magnitude"":0.28938843676990306,""start_week"":47,""duration_weeks"":3,""recovery_weeks"":1},{""target"":""corridor"",""magnitude"":0.419924280111343,""start_week"":49,""duration_weeks"":4,""recovery_weeks"":4}]"
A,2026,410,Supplier-cluster shock,False,,False,Non-failure,Unclassified,Unclassified,0,1.0,0.0,False,False,False,False,False,[]
A,2026,411,Supplier-cluster shock,True,True,False,Structural,Concentrated dependency; Propagation-amplified cascade,Propagation-amplified cascade,6,0.8626475610887303,650.149614211725,True,True,False,True,True,"[{""target"":""T2P"",""magnitude"":0.24362394508908458,""start_week"":9,""duration_weeks"":2,""recovery_weeks"":3},{""target"":""corridor"",""magnitude"":0.2767196992591763,""start_week"":22,""duration_weeks"":3,""recovery_weeks"":1},{""target"":""corridor"",""magnitude"":0.3530143291834522,""start_week"":27,""duration_weeks"":4,""recovery_weeks"":3},{""target"":""S1C"",""magnitude"":0.2940883553557635,""start_week"":34,""duration_weeks"":1,""recovery_weeks"":3},{""target"":""S1B"",""magnitude"":0.38845436210064277,""start_week"":36,""duration_weeks"":3,""recovery_weeks"":3},{""target"":""S1C"",""magnitude"":0.234503241234559,""start_week"":39,""duration_weeks"":2,""recovery_weeks"":4}]"
A,2026,412,Supplier-cluster shock,True,True,True,Structural,Concentrated dependency,Concentrated dependency,5,0.6029425264504645,1334.1714901507971,True,True,False,False,False,"[{""target"":""demand"",""magnitude"":0.06883959873601209,""start_week"":1,""duration_weeks"":6,""recovery_weeks"":1},{""target"":""corridor"",""magnitude"":0.5477931051621516,""start_week"":8,""duration_weeks"":3,""recovery_weeks"":2},{""target"":""demand"",""magnitude"":0.12754905618212597,""start_week"":14,""duration_weeks"":1,""recovery_weeks"":2},{""target"":""T2P"",""magnitude"":0.40876944766140555,""start_week"":30,""duration_weeks"":1,""recovery_weeks"":4},{""target"":""corridor"",""magnitude"":0.23728104471208883,""start_week"":51,""duration_weeks"":3,""recovery_weeks"":4}]"
A,2026,413,Supplier-cluster shock,True,True,False,Structural,Concentrated dependency,Concentrated dependency,1,0.8930064827608507,224.6863862022135,False,False,False,True,False,"[{""target"":""S1B"",""magnitude"":0.49073541378808583,""start_week"":37,""duration_weeks"":4,""recovery_weeks"":4}]"
A,2026,414,Supplier-cluster shock,False,,False,Non-failure,Unclassified,Unclassified,3,0.8436995661734327,227.6739222553623,False,False,True,True,False,"[{""target"":""demand"",""magnitude"":0.18525603199662888,""start_week"":16,""duration_weeks"":2,""recovery_weeks"":2},{""target"":""S1A"",""magnitude"":0.29647199464406715,""start_week"":21,""duration_weeks"":2,""recovery_weeks"":4},{""target"":""S1B"",""magnitude"":0.5156067401442234,""start_week"":38,""duration_weeks"":2,""recovery_weeks"":3}]"
A,2026,415,Supplier-cluster shock,False,,False,Non-failure,Unclassified,Unclassified,2,0.8999547185427413,100.05031526178573,False,False,False,False,False,"[{""target"":""demand"",""magnitude"":0.11116701695753953,""start_week"":36,""duration_weeks"":2,""recovery_weeks"":3},{""target"":""demand"",""magnitude"":0.17495632670307845,""start_week"":40,""duration_weeks"":2,""recovery_weeks"":3}]"
A,2026,416,Supplier-cluster shock,True,False,False,Adaptation-limited,Hidden convergent dependency; Compounding moderate disturbance,Hidden convergent dependency,2,0.79454939573465,503.57345127486167,True,False,False,False,False,"[{""target"":""demand"",""magnitude"":0.15510017013012084,""start_week"":19,""duration_weeks"":3,""recovery_weeks"":4},{""target"":""T2P"",""magnitude"":0.25717772588638854,""start_week"":20,""duration_weeks"":1,""recovery_weeks"":4}]"
A,2026,417,Supplier-cluster shock,True,False,True,Adaptation-limited,Concentrated dependency,Concentrated dependency,3,0.8113571387604618,580.6308682978474,False,True,True,False,False,"[{""target"":""demand"",""magnitude"":0.06298978382084323,""start_week"":2,""duration_weeks"":22,""recovery_weeks"":1},{""target"":""corridor"",""magnitude"":0.3531517378506391,""start_week"":4,""duration_weeks"":2,""recovery_weeks"":3},{""target"":""S1A"",""magnitude"":0.2667109802671124,""start_week"":44,""duration_weeks"":8,""recovery_weeks"":4}]"
A,2026,418,Supplier-cluster shock,False,,False,Non-failure,Unclassified,Unclassified,4,0.9657254660706737,71.97652125158538,False,False,True,True,True,"[{""target"":""S1C"",""magnitude"":0.2341949968914584,""start_week"":3,""duration_weeks"":4,""recovery_weeks"":3},{""target"":""S1B"",""magnitude"":0.20127464732940345,""start_week"":24,""duration_weeks"":1,""recovery_weeks"":2},{""target"":""S1A"",""magnitude"":0.2156784168281039,""start_week"":41,""duration_weeks"":1,""recovery_weeks"":3},{""target"":""S1C"",""magnitude"":0.32711770134098433,""start_week"":48,""duration_weeks"":2,""recovery_weeks"":3}]"
A,2026,419,Supplier-cluster shock,False,,False,Non-failure,Unclassified,Unclassified,1,0.845322864388277,197.87970107958233,False,False,False,False,False,"[{""target"":""demand"",""magnitude"":0.1829799501799304,""start_week"":13,""duration_weeks"":5,""recovery_weeks"":3}]"
A,2026,420,Supplier-cluster shock,False,,False,Non-failure,Unclassified,Unclassified,1,1.0,0.0,True,False,False,False,False,"[{""target"":""T2P"",""magnitude"":0.24729020425591858,""start_week"":28,""duration_weeks"":1,""recovery_weeks"":2}]"
A,2026,421,Supplier-cluster shock,True,True,False,Structural,Concentrated dependency; Hidden convergent dependency; Propagation-amplified cascade,Hidden convergent dependency,3,0.6054073239155353,592.9669296660634,True,False,True,True,False,"[{""target"":""T2P"",""magnitude"":0.45513340847601813,""start_week"":10,""duration_weeks"":2,""recovery_weeks"":2},{""target"":""S1A"",""magnitude"":0.36455944970651755,""start_week"":24,""duration_weeks"":4,""recovery_weeks"":3},{""target"":""S1B"",""magnitude"":0.39101763372224085,""start_week"":25,""duration_weeks"":8,""recovery_weeks"":1}]"
A,2026,422,Supplier-cluster shock,False,,False,Non-failure,Unclassified,Unclassified,4,0.7993268292110819,481.2225313746719,False,True,False,False,False,"[{""target"":""demand"",""magnitude"":0.2510527151790691,""start_week"":4,""duration_weeks"":3,""recovery_weeks"":2},{""target"":""demand"",""magnitude"":0.14164285055929812,""start_week"":11,""duration_weeks"":5,""recovery_weeks"":4},{""target"":""corridor"",""magnitude"":0.26578559042607425,""start_week"":18,""duration_weeks"":10,""recovery_weeks"":4},{""target"":""corridor"",""magnitude"":0.2398140152164236,""start_week"":35,""duration_weeks"":2,""recovery_weeks"":1}]"
A,2026,423,Supplier-cluster shock,True,True,False,Structural,Concentrated dependency; Hidden convergent dependency; Propagation-amplified cascade,Hidden convergent dependency,1,0.7205638746669777,481.71630759874006,True,False,False,False,False,"[{""target"":""T2P"",""magnitude"":0.35149251279972005,""start_week"":16,""duration_weeks"":3,""recovery_weeks"":2}]"
A,2026,424,Supplier-cluster shock,True,True,False,Structural,Concentrated dependency; Hidden convergent dependency,Hidden convergent dependency,3,0.4489816196461631,645.9973617814176,True,True,False,False,False,"[{""target"":""demand"",""magnitude"":0.1592212154782481,""start_week"":3,""duration_weeks"":1,""recovery_weeks"":2},{""target"":""T2P"",""magnitude"":0.5959165423184533,""start_week"":19,""duration_weeks"":2,""recovery_weeks"":1},{""target"":""corridor"",""magnitude"":0.18883136828638888,""start_week"":49,""duration_weeks"":1,""recovery_weeks"":4}]"
A,2026,425,Supplier-cluster shock,True,True,True,Structural,Concentrated dependency; Hidden convergent dependency; Propagation-amplified cascade,Hidden convergent dependency,3,0.5632614285659164,1118.7912143080375,True,False,False,True,True,"[{""target"":""T2P"",""magnitude"":0.4930647142906751,""start_week"":33,""duration_weeks"":3,""recovery_weeks"":2},{""target"":""S1C"",""magnitude"":0.29019718227663127,""start_week"":41,""duration_weeks"":3,""recovery_weeks"":1},{""target"":""S1B"",""magnitude"":0.21929998315434912,""start_week"":43,""duration_weeks"":6,""recovery_weeks"":4}]"
A,2026,426,Supplier-cluster shock,True,True,True,Structural,Concentrated dependency; Hidden convergent dependency; Propagation-amplified cascade,Hidden convergent dependency,3,0.823965525672818,1013.5257823918691,True,False,False,True,True,"[{""target"":""T2P"",""magnitude"":0.2584310268944638,""start_week"":1,""duration_weeks"":9,""recovery_weeks"":2},{""target"":""S1C"",""magnitude"":0.39802029796253086,""start_week"":40,""duration_weeks"":4,""recovery_weeks"":4},{""target"":""S1B"",""magnitude"":0.35960692225394075,""start_week"":44,""duration_weeks"":7,""recovery_weeks"":4}]"
A,2026,427,Supplier-cluster shock,False,,False,Non-failure,Unclassified,Unclassified,3,0.8359437374422329,405.58433497287433,True,False,True,True,False,"[{""target"":""S1B"",""magnitude"":0.2670617043661961,""start_week"":12,""duration_weeks"":1,""recovery_weeks"":2},{""target"":""T2P"",""magnitude"":0.2631816759868896,""start_week"":35,""duration_weeks"":3,""recovery_weeks"":2},{""target"":""S1A"",""magnitude"":0.4639738118428073,""start_week"":37,""duration_weeks"":5,""recovery_weeks"":2}]"
A,2026,428,Supplier-cluster shock,False,,False,Non-failure,Unclassified,Unclassified,3,0.7931016657184519,234.78515920744098,False,True,True,False,False,"[{""target"":""demand"",""magnitude"":0.26087239911937893,""start_week"":1,""duration_weeks"":1,""recovery_weeks"":1},{""target"":""corridor"",""magnitude"":0.31936168464539716,""start_week"":23,""duration_weeks"":2,""recovery_weeks"":2},{""target"":""S1A"",""magnitude"":0.4542471946420553,""start_week"":37,""duration_weeks"":2,""recovery_weeks"":3}]"
A,2026,429,Supplier-cluster shock,True,True,True,Structural,Concentrated dependency,Concentrated dependency,5,0.465972871805975,5322.034555521983,False,True,True,False,False,"[{""target"":""corridor"",""magnitude"":0.3184373839898845,""start_week"":4,""duration_weeks"":3,""recovery_weeks"":1},{""target"":""corridor"",""magnitude"":0.3419005402056001,""start_week"":13,""duration_weeks"":2,""recovery_weeks"":2},{""target"":""corridor"",""magnitude"":0.5483697704351539,""start_week"":38,""duration_weeks"":9,""recovery_weeks"":4},{""target"":""S1A"",""magnitude"":0.35311295200248477,""start_week"":39,""duration_weeks"":1,""recovery_weeks"":3},{""target"":""demand"",""magnitude"":0.29229334121092787,""start_week"":45,""duration_weeks"":5,""recovery_weeks"":1}]"
A,2026,430,Supplier-cluster shock,True,True,False,Structural,Compounding moderate disturbance,Compounding moderate disturbance,2,0.838441198677659,856.5436316276512,False,False,False,False,False,"[{""target"":""demand"",""magnitude"":0.1648082821180047,""start_week"":27,""duration_weeks"":6,""recovery_weeks"":4},{""target"":""demand"",""magnitude"":0.19268948326625918,""start_week"":28,""duration_weeks"":2,""recovery_weeks"":2}]"
A,2026,431,Supplier-cluster shock,True,True,True,Structural,Concentrated dependency,Concentrated dependency,4,0.8104662638500058,852.901812674974,False,True,True,True,False,"[{""target"":""corridor"",""magnitude"":0.3921503021124957,""start_week"":19,""duration_weeks"":4,""recovery_weeks"":2},{""target"":""S1B"",""magnitude"":0.3592664114612595,""start_week"":20,""duration_weeks"":1,""recovery_weeks"":3},{""target"":""S1A"",""magnitude"":0.2600505059363506,""start_week"":25,""duration_weeks"":9,""recovery_weeks"":1},{""target"":""S1B"",""magnitude"":0.5425018293299522,""start_week"":49,""duration_weeks"":5,""recovery_weeks"":1}]"
A,2026,432,Supplier-cluster shock,True,True,False,Structural,Concentrated dependency; Hidden convergent dependency; Propagation-amplified cascade,Hidden convergent dependency,2,0.6540017055632994,1113.3467543000763,True,True,False,False,False,"[{""target"":""corridor"",""magnitude"":0.2922126640320073,""start_week"":1,""duration_weeks"":7,""recovery_weeks"":2},{""target"":""T2P"",""magnitude"":0.41139846499303057,""start_week"":2,""duration_weeks"":4,""recovery_weeks"":2}]"
A,2026,433,Supplier-cluster shock,True,True,True,Structural,Concentrated dependency; Hidden convergent dependency; Propagation-amplified cascade,Hidden convergent dependency,2,0.8029661340248546,726.2003418951699,True,False,False,False,False,"[{""target"":""T2P"",""magnitude"":0.27733047937763083,""start_week"":6,""duration_weeks"":6,""recovery_weeks"":3},{""target"":""T2P"",""magnitude"":0.34285596469383084,""start_week"":35,""duration_weeks"":2,""recovery_weeks"":4}]"
A,2026,434,Supplier-cluster shock,True,True,True,Structural,Concentrated dependency; Hidden convergent dependency; Propagation-amplified cascade,Hidden convergent dependency,3,0.45252580967287487,4696.486716552513,True,True,False,False,False,"[{""target"":""T2P"",""magnitude"":0.33900724736393545,""start_week"":4,""duration_weeks"":13,""recovery_weeks"":3},{""target"":""T2P"",""magnitude"":0.24128553486499177,""start_week"":5,""duration_weeks"":3,""recovery_weeks"":3},{""target"":""corridor"",""magnitude"":0.6606056427453438,""start_week"":25,""duration_weeks"":1,""recovery_weeks"":3}]"
A,2026,435,Supplier-cluster shock,True,True,True,Structural,Concentrated dependency; Hidden convergent dependency; Propagation-amplified cascade,Hidden convergent dependency,5,0.5946669761261891,2399.5481305702097,True,True,True,True,False,"[{""target"":""corridor"",""magnitude"":0.2191663020174482,""start_week"":2,""duration_weeks"":4,""recovery_weeks"":1},{""target"":""T2P"",""magnitude"":0.4647997214864297,""start_week"":26,""duration_weeks"":6,""recovery_weeks"":2},{""target"":""demand"",""magnitude"":0.06318563827285605,""start_week"":29,""duration_weeks"":1,""recovery_weeks"":2},{""target"":""S1B"",""magnitude"":0.5330889515620323,""start_week"":33,""duration_weeks"":8,""recovery_weeks"":4},{""target"":""S1A"",""magnitude"":0.22707417588059675,""start_week"":49,""duration_weeks"":3,""recovery_weeks"":3}]"
A,2026,436,Supplier-cluster shock,False,,False,Non-failure,Unclassified,Unclassified,4,0.9031648607047275,203.35379252007237,False,True,True,False,True,"[{""target"":""S1A"",""magnitude"":0.46787906341436314,""start_week"":12,""duration_weeks"":2,""recovery_weeks"":2},{""target"":""S1C"",""magnitude"":0.38026544248884575,""start_week"":15,""duration_weeks"":3,""recovery_weeks"":3},{""target"":""corridor"",""magnitude"":0.2732676146020392,""start_week"":39,""duration_weeks"":2,""recovery_weeks"":3},{""target"":""demand"",""magnitude"":0.0874615746475721,""start_week"":48,""duration_weeks"":7,""recovery_weeks"":4}]"
A,2026,437,Supplier-cluster shock,False,,False,Non-failure,Unclassified,Unclassified,2,0.8690023198661151,135.67042276556936,False,True,False,False,False,"[{""target"":""demand"",""magnitude"":0.15074491418396596,""start_week"":2,""duration_weeks"":6,""recovery_weeks"":2},{""target"":""corridor"",""magnitude"":0.25293487450583546,""start_week"":21,""duration_weeks"":1,""recovery_weeks"":4}]"
A,2026,438,Supplier-cluster shock,True,True,False,Structural,Compounding moderate disturbance,Compounding moderate disturbance,3,0.8565012774870222,471.11233459175764,False,True,False,True,False,"[{""target"":""S1B"",""magnitude"":0.29733545920347026,""start_week"":8,""duration_weeks"":1,""recovery_weeks"":2},{""target"":""corridor"",""magnitude"":0.2185987005110946,""start_week"":48,""duration_weeks"":2,""recovery_weeks"":1},{""target"":""demand"",""magnitude"":0.2164236373066321,""start_week"":49,""duration_weeks"":3,""recovery_weeks"":3}]"
A,2026,439,Supplier-cluster shock,False,,False,Non-failure,Unclassified,Unclassified,3,0.9789915212891126,44.11780529286352,True,False,True,False,True,"[{""target"":""T2P"",""magnitude"":0.22537805124851437,""start_week"":25,""duration_weeks"":3,""recovery_weeks"":2},{""target"":""S1A"",""magnitude"":0.2972690770994965,""start_week"":31,""duration_weeks"":2,""recovery_weeks"":4},{""target"":""S1C"",""magnitude"":0.1955629786762755,""start_week"":41,""duration_weeks"":2,""recovery_weeks"":2}]"
A,2026,440,Supplier-cluster shock,True,True,True,Structural,Concentrated dependency,Concentrated dependency,4,0.578395739165583,980.414882254587,True,True,False,False,False,"[{""target"":""corridor"",""magnitude"":0.42092836712365467,""start_week"":7,""duration_weeks"":1,""recovery_weeks"":2},{""target"":""demand"",""magnitude"":0.272821042894007,""start_week"":16,""duration_weeks"":1,""recovery_weeks"":3},{""target"":""T2P"",""magnitude"":0.40506244352885945,""start_week"":42,""duration_weeks"":2,""recovery_weeks"":3},{""target"":""T2P"",""magnitude"":0.3981864835812121,""start_week"":46,""duration_weeks"":16,""recovery_weeks"":4}]"
A,2026,441,Supplier-cluster shock,False,,False,Non-failure,Unclassified,Unclassified,2,0.930271109967858,67.45990535070587,False,True,False,False,False,"[{""target"":""corridor"",""magnitude"":0.20724919686472487,""start_week"":21,""duration_weeks"":4,""recovery_weeks"":2},{""target"":""demand"",""magnitude"":0.07495545038967316,""start_week"":50,""duration_weeks"":5,""recovery_weeks"":3}]"
A,2026,442,Supplier-cluster shock,True,True,False,Structural,Concentrated dependency,Concentrated dependency,2,0.8451370073983526,557.0251963161264,False,False,True,False,True,"[{""target"":""S1A"",""magnitude"":0.4851223837276848,""start_week"":1,""duration_weeks"":8,""recovery_weeks"":4},{""target"":""S1C"",""magnitude"":0.5200676054444786,""start_week"":4,""duration_weeks"":1,""recovery_weeks"":3}]"
A,2026,443,Supplier-cluster shock,True,False,True,Adaptation-limited,Concentrated dependency,Concentrated dependency,4,0.7711283578879723,697.4417921280933,False,True,True,False,True,"[{""target"":""S1A"",""magnitude"":0.21571163840837476,""start_week"":4,""duration_weeks"":5,""recovery_weeks"":4},{""target"":""corridor"",""magnitude"":0.42165373158402075,""start_week"":16,""duration_weeks"":2,""recovery_weeks"":4},{""target"":""S1C"",""magnitude"":0.30312306174621195,""start_week"":18,""duration_weeks"":3,""recovery_weeks"":2},{""target"":""demand"",""magnitude"":0.21463962303475198,""start_week"":25,""duration_weeks"":1,""recovery_weeks"":4}]"
A,2026,444,Supplier-cluster shock,True,False,True,Adaptation-limited,Concentrated dependency,Concentrated dependency,2,0.479708222554339,1148.700265869587,False,True,False,False,False,"[{""target"":""corridor"",""magnitude"":0.6402188330842458,""start_week"":13,""duration_weeks"":1,""recovery_weeks"":3},{""target"":""demand"",""magnitude"":0.1723825016097065,""start_week"":21,""duration_weeks"":1,""recovery_weeks"":1}]"
A,2026,445,Supplier-cluster shock,False,,False,Non-failure,Unclassified,Unclassified,1,0.8390605380337738,172.62820643314922,False,False,False,False,False,"[{""target"":""demand"",""magnitude"":0.19180911825905456,""start_week"":11,""duration_weeks"":1,""recovery_weeks"":2}]"
A,2026,446,Supplier-cluster shock,True,True,True,Structural,Concentrated dependency,Concentrated dependency,6,0.48126649793103515,3129.482603451866,True,False,True,True,True,"[{""target"":""demand"",""magnitude"":0.242657964153298,""start_week"":1,""duration_weeks"":11,""recovery_weeks"":1},{""target"":""T2P"",""magnitude"":0.4617553181192492,""start_week"":7,""duration_weeks"":3,""recovery_weeks"":3},{""target"":""S1B"",""magnitude"":0.2615722300377444,""start_week"":30,""duration_weeks"":4,""recovery_weeks"":3},{""target"":""S1C"",""magnitude"":0.29298353225180873,""start_week"":48,""duration_weeks"":1,""recovery_weeks"":1},{""target"":""S1A"",""magnitude"":0.3426855922064752,""start_week"":50,""duration_weeks"":1,""recovery_weeks"":4},{""target"":""demand"",""magnitude"":0.12341384018273151,""start_week"":51,""duration_weeks"":4,""recovery_weeks"":4}]"
A,2026,447,Supplier-cluster shock,False,,False,Non-failure,Unclassified,Unclassified,3,0.9341021352414087,336.1274780747872,False,True,True,False,False,"[{""target"":""corridor"",""magnitude"":0.29668437195483144,""start_week"":5,""duration_weeks"":5,""recovery_weeks"":1},{""target"":""demand"",""magnitude"":0.29338854074200243,""start_week"":22,""duration_weeks"":2,""recovery_weeks"":2},{""target"":""S1A"",""magnitude"":0.3982701957068304,""start_week"":28,""duration_weeks"":2,""recovery_weeks"":2}]"
A,2026,448,Supplier-cluster shock,True,True,True,Structural,Concentrated dependency; Hidden convergent dependency; Propagation-amplified cascade,Hidden convergent dependency,1,0.48228469590176903,1163.7750947536317,True,False,False,False,False,"[{""target"":""T2P"",""magnitude"":0.5659437736884079,""start_week"":41,""duration_weeks"":2,""recovery_weeks"":3}]"
A,2026,449,Supplier-cluster shock,False,,False,Non-failure,Unclassified,Unclassified,3,0.9247553500497702,135.44036991041366,False,True,False,False,False,"[{""target"":""corridor"",""magnitude"":0.3064334874626723,""start_week"":4,""duration_weeks"":1,""recovery_weeks"":2},{""target"":""demand"",""magnitude"":0.13950239842772733,""start_week"":11,""duration_weeks"":2,""recovery_weeks"":2},{""target"":""demand"",""magnitude"":0.16452027417596815,""start_week"":26,""duration_weeks"":8,""recovery_weeks"":4}]"
A,2026,450,Supplier-cluster shock,False,,False,Non-failure,Unclassified,Unclassified,2,0.9103077366775191,208.9184732995301,False,False,True,False,True,"[{""target"":""S1C"",""magnitude"":0.3128311167458204,""start_week"":29,""duration_weeks"":9,""recovery_weeks"":2},{""target"":""S1A"",""magnitude"":0.43086388689364175,""start_week"":33,""duration_weeks"":1,""recovery_weeks"":3}]"
A,2026,451,Supplier-cluster shock,True,True,True,Structural,Concentrated dependency; Hidden convergent dependency; Propagation-amplified cascade,Hidden convergent dependency,3,0.653083698400828,1273.9476291723158,True,True,False,False,False,"[{""target"":""T2P"",""magnitude"":0.5496328952523397,""start_week"":6,""duration_weeks"":1,""recovery_weeks"":4},{""target"":""corridor"",""magnitude"":0.4599924100249734,""start_week"":26,""duration_weeks"":4,""recovery_weeks"":4},{""target"":""T2P"",""magnitude"":0.3684187807570216,""start_week"":51,""duration_weeks"":5,""recovery_weeks"":3}]"
A,2026,452,Supplier-cluster shock,True,True,False,Structural,Concentrated dependency,Concentrated dependency,1,0.8980780584688455,214.03607721542448,False,False,False,False,True,"[{""target"":""S1C"",""magnitude"":0.47932436844509774,""start_week"":24,""duration_weeks"":6,""recovery_weeks"":2}]"
A,2026,453,Supplier-cluster shock,False,,False,Non-failure,Unclassified,Unclassified,4,0.9140792199310893,479.84550812884345,False,True,True,True,False,"[{""target"":""S1B"",""magnitude"":0.2845628214057757,""start_week"":4,""duration_weeks"":7,""recovery_weeks"":1},{""target"":""corridor"",""magnitude"":0.31444058505168293,""start_week"":11,""duration_weeks"":5,""recovery_weeks"":1},{""target"":""S1A"",""magnitude"":0.20648520259554462,""start_week"":26,""duration_weeks"":7,""recovery_weeks"":3},{""target"":""S1B"",""magnitude"":0.231940371813118,""start_week"":49,""duration_weeks"":2,""recovery_weeks"":4}]"
A,2026,454,Supplier-cluster shock,True,True,True,Structural,Concentrated dependency,Concentrated dependency,5,0.7388825988951875,1645.0396269603186,True,True,True,True,False,"[{""target"":""corridor"",""magnitude"":0.4458380508286094,""start_week"":3,""duration_weeks"":6,""recovery_weeks"":1},{""target"":""S1A"",""magnitude"":0.21041755493052944,""start_week"":8,""duration_weeks"":9,""recovery_weeks"":1},{""target"":""S1B"",""magnitude"":0.25396355337659055,""start_week"":17,""duration_weeks"":6,""recovery_weeks"":2},{""target"":""T2P"",""magnitude"":0.3702919539428221,""start_week"":27,""duration_weeks"":2,""recovery_weeks"":4},{""target"":""demand"",""magnitude"":0.20405485799794493,""start_week"":40,""duration_weeks"":2,""recovery_weeks"":2}]"
A,2026,455,Supplier-cluster shock,True,True,False,Structural,Concentrated dependency; Hidden convergent dependency; Propagation-amplified cascade,Hidden convergent dependency,3,0.8140733980268876,322.9604719402578,True,True,False,False,False,"[{""target"":""corridor"",""magnitude"":0.3146550745341776,""start_week"":14,""duration_weeks"":1,""recovery_weeks"":2},{""target"":""T2P"",""magnitude"":0.28450122413156537,""start_week"":36,""duration_weeks"":4,""recovery_weeks"":4},{""target"":""corridor"",""magnitude"":0.2583311564311841,""start_week"":50,""duration_weeks"":1,""recovery_weeks"":2}]"
A,2026,456,Supplier-cluster shock,False,,False,Non-failure,Unclassified,Unclassified,4,0.962643019626503,73.5159517180739,False,False,True,True,True,"[{""target"":""S1A"",""magnitude"":0.2658583441415819,""start_week"":20,""duration_weeks"":2,""recovery_weeks"":2},{""target"":""S1C"",""magnitude"":0.2212861407262955,""start_week"":29,""duration_weeks"":1,""recovery_weeks"":2},{""target"":""S1B"",""magnitude"":0.33405320584036835,""start_week"":31,""duration_weeks"":5,""recovery_weeks"":4},{""target"":""S1A"",""magnitude"":0.28136097596502097,""start_week"":46,""duration_weeks"":7,""recovery_weeks"":4}]"
A,2026,457,Supplier-cluster shock,False,,False,Non-failure,Unclassified,Unclassified,2,0.9340056387246024,138.14559311396908,False,True,True,False,False,"[{""target"":""corridor"",""magnitude"":0.2620973392614082,""start_week"":13,""duration_weeks"":3,""recovery_weeks"":1},{""target"":""S1A"",""magnitude"":0.39848731286964467,""start_week"":30,""duration_weeks"":4,""recovery_weeks"":4}]"
A,2026,458,Supplier-cluster shock,False,,False,Non-failure,Unclassified,Unclassified,4,0.8403276658871079,171.0107932123094,True,True,False,False,False,"[{""target"":""corridor"",""magnitude"":0.21974120812929487,""start_week"":5,""duration_weeks"":1,""recovery_weeks"":2},{""target"":""demand"",""magnitude"":0.1900119924581215,""start_week"":11,""duration_weeks"":1,""recovery_weeks"":1},{""target"":""demand"",""magnitude"":0.08763367965376345,""start_week"":24,""duration_weeks"":8,""recovery_weeks"":3},{""target"":""T2P"",""magnitude"":0.26321545207041097,""start_week"":45,""duration_weeks"":5,""recovery_weeks"":1}]"
A,2026,459,Supplier-cluster shock,True,False,False,Adaptation-limited,Concentrated dependency,Concentrated dependency,2,0.7875802289565833,409.8074505042,True,True,False,False,False,"[{""target"":""corridor"",""magnitude"":0.4093148282825626,""start_week"":6,""duration_weeks"":1,""recovery_weeks"":3},{""target"":""T2P"",""magnitude"":0.3171456622306344,""start_week"":34,""duration_weeks"":2,""recovery_weeks"":4}]"
A,2026,460,Supplier-cluster shock,True,True,True,Structural,Concentrated dependency,Concentrated dependency,5,0.7100911074840636,1914.4495308959624,True,True,False,True,False,"[{""target"":""corridor"",""magnitude"":0.3951295863064319,""start_week"":4,""duration_weeks"":4,""recovery_weeks"":1},{""target"":""corridor"",""magnitude"":0.46743166938695235,""start_week"":9,""duration_weeks"":3,""recovery_weeks"":2},{""target"":""corridor"",""magnitude"":0.2745564662288851,""start_week"":29,""duration_weeks"":2,""recovery_weeks"":1},{""target"":""S1B"",""magnitude"":0.33680880681483794,""start_week"":33,""duration_weeks"":2,""recovery_weeks"":2},{""target"":""T2P"",""magnitude"":0.3925198746487565,""start_week"":50,""duration_weeks"":2,""recovery_weeks"":2}]"
A,2026,461,Supplier-cluster shock,True,True,True,Structural,Concentrated dependency; Hidden convergent dependency,Hidden convergent dependency,3,0.7461301492774887,970.5758445361664,True,True,False,False,False,"[{""target"":""corridor"",""magnitude"":0.21439543208124573,""start_week"":1,""duration_weeks"":4,""recovery_weeks"":4},{""target"":""demand"",""magnitude"":0.15521637975306118,""start_week"":26,""duration_weeks"":6,""recovery_weeks"":3},{""target"":""T2P"",""magnitude"":0.32848286565026,""start_week"":35,""duration_weeks"":4,""recovery_weeks"":4}]"
A,2026,462,Supplier-cluster shock,False,,False,Non-failure,Unclassified,Unclassified,3,0.9788083922377089,38.14489397212401,False,False,True,True,True,"[{""target"":""S1C"",""magnitude"":0.2976811174651551,""start_week"":2,""duration_weeks"":1,""recovery_weeks"":2},{""target"":""S1B"",""magnitude"":0.2337614307495533,""start_week"":19,""duration_weeks"":2,""recovery_weeks"":2},{""target"":""S1A"",""magnitude"":0.2747321762264944,""start_week"":41,""duration_weeks"":1,""recovery_weeks"":1}]"
A,2026,463,Supplier-cluster shock,False,,False,Non-failure,Unclassified,Unclassified,5,0.9268270204538284,120.15179732461343,False,False,True,False,True,"[{""target"":""S1C"",""magnitude"":0.4001897466557668,""start_week"":8,""duration_weeks"":1,""recovery_weeks"":3},{""target"":""S1A"",""magnitude"":0.3585916607294225,""start_week"":18,""duration_weeks"":1,""recovery_weeks"":2},{""target"":""S1C"",""magnitude"":0.1933295889947232,""start_week"":19,""duration_weeks"":2,""recovery_weeks"":2},{""target"":""S1A"",""magnitude"":0.3111622148853193,""start_week"":30,""duration_weeks"":6,""recovery_weeks"":3},{""target"":""S1C"",""magnitude"":0.4146392039788861,""start_week"":49,""duration_weeks"":1,""recovery_weeks"":4}]"
A,2026,464,Supplier-cluster shock,True,False,True,Adaptation-limited,Concentrated dependency,Concentrated dependency,1,0.7309566740180574,1559.438205340301,False,True,False,False,False,"[{""target"":""corridor"",""magnitude"":0.4517824944864569,""start_week"":23,""duration_weeks"":5,""recovery_weeks"":4}]"
A,2026,465,Supplier-cluster shock,True,True,True,Structural,Concentrated dependency,Concentrated dependency,3,0.7973952485823181,606.8153176821365,False,True,False,False,True,"[{""target"":""S1C"",""magnitude"":0.5353707245291077,""start_week"":6,""duration_weeks"":2,""recovery_weeks"":4},{""target"":""corridor"",""magnitude"":0.4019535635632613,""start_week"":24,""duration_weeks"":3,""recovery_weeks"":2},{""target"":""corridor"",""magnitude"":0.3875730094493832,""start_week"":51,""duration_weeks"":1,""recovery_weeks"":2}]"
A,2026,466,Supplier-cluster shock,True,True,True,Structural,Concentrated dependency; Propagation-amplified cascade,Propagation-amplified cascade,5,0.5932521950246014,1669.7903404019064,True,True,False,False,False,"[{""target"":""T2P"",""magnitude"":0.2597106094392169,""start_week"":3,""duration_weeks"":3,""recovery_weeks"":1},{""target"":""T2P"",""magnitude"":0.27272340204900003,""start_week"":26,""duration_weeks"":7,""recovery_weeks"":4},{""target"":""T2P"",""magnitude"":0.1829040027756979,""start_week"":28,""duration_weeks"":1,""recovery_weeks"":4},{""target"":""corridor"",""magnitude"":0.555060853731549,""start_week"":32,""duration_weeks"":1,""recovery_weeks"":1},{""target"":""corridor"",""magnitude"":0.42003288492448554,""start_week"":45,""duration_weeks"":3,""recovery_weeks"":3}]"
A,2026,467,Supplier-cluster shock,True,True,True,Structural,Compounding moderate disturbance,Compounding moderate disturbance,5,0.6386026302180714,2110.516464886925,True,True,False,False,False,"[{""target"":""T2P"",""magnitude"":0.3600625594750323,""start_week"":4,""duration_weeks"":2,""recovery_weeks"":2},{""target"":""demand"",""magnitude"":0.09132098359254559,""start_week"":14,""duration_weeks"":2,""recovery_weeks"":4},{""target"":""demand"",""magnitude"":0.15367342066049303,""start_week"":23,""duration_weeks"":16,""recovery_weeks"":3},{""target"":""corridor"",""magnitude"":0.3178230672834004,""start_week"":34,""duration_weeks"":4,""recovery_weeks"":4},{""target"":""corridor"",""magnitude"":0.1900134200749891,""start_week"":36,""duration_weeks"":6,""recovery_weeks"":3}]"
A,2026,468,Supplier-cluster shock,False,,False,Non-failure,Unclassified,Unclassified,2,0.9385713249959299,59.94256269104858,False,True,False,False,False,"[{""target"":""corridor"",""magnitude"":0.20177844322861965,""start_week"":28,""duration_weeks"":11,""recovery_weeks"":2},{""target"":""demand"",""magnitude"":0.06544912823150273,""start_week"":32,""duration_weeks"":1,""recovery_weeks"":2}]"
A,2026,469,Supplier-cluster shock,True,True,False,Structural,Concentrated dependency; Recovery lag and temporal overlap,Recovery lag and temporal overlap,4,0.7965986756015166,572.2599756951938,True,False,False,False,False,"[{""target"":""demand"",""magnitude"":0.08861674660039343,""start_week"":1,""duration_weeks"":7,""recovery_weeks"":4},{""target"":""demand"",""magnitude"":0.2471538220221151,""start_week"":8,""duration_weeks"":4,""recovery_weeks"":1},{""target"":""T2P"",""magnitude"":0.18996321328458748,""start_week"":37,""duration_weeks"":7,""recovery_weeks"":3},{""target"":""demand"",""magnitude"":0.1947822693439885,""start_week"":44,""duration_weeks"":1,""recovery_weeks"":3}]"
A,2026,470,Supplier-cluster shock,True,True,True,Structural,Concentrated dependency; Hidden convergent dependency; Propagation-amplified cascade,Hidden convergent dependency,3,0.6698202070887945,2173.86468122048,True,True,False,True,False,"[{""target"":""S1B"",""magnitude"":0.4699452737058304,""start_week"":10,""duration_weeks"":5,""recovery_weeks"":3},{""target"":""T2P"",""magnitude"":0.3971618136200847,""start_week"":37,""duration_weeks"":8,""recovery_weeks"":3},{""target"":""corridor"",""magnitude"":0.22870967331222963,""start_week"":38,""duration_weeks"":2,""recovery_weeks"":3}]"
A,2026,471,Supplier-cluster shock,False,,False,Non-failure,Unclassified,Unclassified,2,0.9472504264410531,65.08119544121087,True,False,True,False,False,"[{""target"":""T2P"",""magnitude"":0.1719416240225613,""start_week"":2,""duration_weeks"":8,""recovery_weeks"":1},{""target"":""S1A"",""magnitude"":0.31972985225844014,""start_week"":3,""duration_weeks"":2,""recovery_weeks"":4}]"
A,2026,472,Supplier-cluster shock,True,False,False,Adaptation-limited,Concentrated dependency; Hidden convergent dependency; Propagation-amplified cascade,Hidden convergent dependency,2,0.6810104477109837,482.78746274681987,True,False,False,True,False,"[{""target"":""T2P"",""magnitude"":0.3956968656867049,""start_week"":6,""duration_weeks"":2,""recovery_weeks"":3},{""target"":""S1B"",""magnitude"":0.3074539334872364,""start_week"":43,""duration_weeks"":2,""recovery_weeks"":2}]"
A,2026,473,Supplier-cluster shock,True,True,True,Structural,Concentrated dependency; Hidden convergent dependency,Hidden convergent dependency,2,0.6833116432004266,1522.4866869351506,True,False,False,False,False,"[{""target"":""demand"",""magnitude"":0.15168767713842157,""start_week"":17,""duration_weeks"":3,""recovery_weeks"":2},{""target"":""T2P"",""magnitude"":0.3850195211196161,""start_week"":25,""duration_weeks"":6,""recovery_weeks"":4}]"
A,2026,474,Supplier-cluster shock,False,,False,Non-failure,Unclassified,Unclassified,3,0.9989202456322677,2.267484172238028,False,True,True,False,False,"[{""target"":""corridor"",""magnitude"":0.18280334855210859,""start_week"":5,""duration_weeks"":1,""recovery_weeks"":2},{""target"":""corridor"",""magnitude"":0.21196666758371413,""start_week"":18,""duration_weeks"":2,""recovery_weeks"":3},{""target"":""S1A"",""magnitude"":0.25242944732739775,""start_week"":19,""duration_weeks"":4,""recovery_weeks"":3}]"
A,2026,475,Supplier-cluster shock,False,,False,Non-failure,Unclassified,Unclassified,2,0.8993003390768782,100.77800584823524,False,True,False,False,False,"[{""target"":""demand"",""magnitude"":0.1119755620535947,""start_week"":2,""duration_weeks"":2,""recovery_weeks"":1},{""target"":""corridor"",""magnitude"":0.2305416107492042,""start_week"":17,""duration_weeks"":6,""recovery_weeks"":3}]"
A,2026,476,Supplier-cluster shock,True,True,False,Structural,Concentrated dependency,Concentrated dependency,1,0.8706083914139178,271.7223780307727,False,False,False,True,False,"[{""target"":""S1B"",""magnitude"":0.5411311193186852,""start_week"":3,""duration_weeks"":4,""recovery_weeks"":2}]"
A,2026,477,Supplier-cluster shock,False,,False,Non-failure,Unclassified,Unclassified,4,0.9408059973537161,319.64761428993324,False,True,False,True,True,"[{""target"":""corridor"",""magnitude"":0.294395501984713,""start_week"":10,""duration_weeks"":5,""recovery_weeks"":3},{""target"":""S1C"",""magnitude"":0.34021734193392966,""start_week"":29,""duration_weeks"":3,""recovery_weeks"":4},{""target"":""S1B"",""magnitude"":0.23579828488333193,""start_week"":31,""duration_weeks"":11,""recovery_weeks"":4},{""target"":""S1C"",""magnitude"":0.21262874884895744,""start_week"":35,""duration_weeks"":1,""recovery_weeks"":3}]"
A,2026,478,Supplier-cluster shock,True,True,True,Structural,Compounding moderate disturbance,Compounding moderate disturbance,4,0.8184490230138879,1432.178872764811,False,False,True,False,False,"[{""target"":""demand"",""magnitude"":0.17517181934401765,""start_week"":29,""duration_weeks"":9,""recovery_weeks"":3},{""target"":""demand"",""magnitude"":0.1552194369373736,""start_week"":36,""duration_weeks"":7,""recovery_weeks"":3},{""target"":""S1A"",""magnitude"":0.2818042365589151,""start_week"":38,""duration_weeks"":5,""recovery_weeks"":1},{""target"":""demand"",""magnitude"":0.18963606772689218,""start_week"":46,""duration_weeks"":1,""recovery_weeks"":3}]"
A,2026,479,Supplier-cluster shock,False,,False,Non-failure,Unclassified,Unclassified,1,0.8329924595808058,180.44195316355558,False,False,False,False,False,"[{""target"":""demand"",""magnitude"":0.20049105907061737,""start_week"":6,""duration_weeks"":2,""recovery_weeks"":4}]"
A,2026,480,Supplier-cluster shock,False,,False,Non-failure,Unclassified,Unclassified,2,0.9169949045217017,81.46674050433671,True,False,False,False,False,"[{""target"":""demand"",""magnitude"":0.09051860056037397,""start_week"":3,""duration_weeks"":1,""recovery_weeks"":2},{""target"":""T2P"",""magnitude"":0.37655102384122097,""start_week"":49,""duration_weeks"":1,""recovery_weeks"":2}]"
A,2026,481,Supplier-cluster shock,False,,False,Non-failure,Unclassified,Unclassified,3,0.8901027720525215,111.11919685932014,False,True,True,False,False,"[{""target"":""demand"",""magnitude"":0.12346577428813328,""start_week"":12,""duration_weeks"":2,""recovery_weeks"":1},{""target"":""corridor"",""magnitude"":0.2210165652261113,""start_week"":37,""duration_weeks"":3,""recovery_weeks"":3},{""target"":""S1A"",""magnitude"":0.2714357214632439,""start_week"":44,""duration_weeks"":4,""recovery_weeks"":1}]"
A,2026,482,Supplier-cluster shock,True,True,True,Structural,Concentrated dependency; Propagation-amplified cascade,Propagation-amplified cascade,7,0.5482710639219944,4753.221511640078,True,True,True,True,True,"[{""target"":""corridor"",""magnitude"":0.36736217844325164,""start_week"":9,""duration_weeks"":4,""recovery_weeks"":3},{""target"":""T2P"",""magnitude"":0.35320557391729757,""start_week"":11,""duration_weeks"":4,""recovery_weeks"":4},{""target"":""T2P"",""magnitude"":0.3691825106548806,""start_week"":17,""duration_weeks"":8,""recovery_weeks"":4},{""target"":""T2P"",""magnitude"":0.21777064544919017,""start_week"":25,""duration_weeks"":2,""recovery_weeks"":3},{""target"":""S1B"",""magnitude"":0.3923309259764479,""start_week"":31,""duration_weeks"":4,""recovery_weeks"":4},{""target"":""S1C"",""magnitude"":0.3322298181732458,""start_week"":32,""duration_weeks"":1,""recovery_weeks"":4},{""target"":""S1A"",""magnitude"":0.2433131587856618,""start_week"":35,""duration_weeks"":1,""recovery_weeks"":4}]"
A,2026,483,Supplier-cluster shock,True,True,False,Structural,Concentrated dependency,Concentrated dependency,3,0.8302047118878413,478.6967429957966,False,True,False,False,False,"[{""target"":""corridor"",""magnitude"":0.37734646608411904,""start_week"":5,""duration_weeks"":1,""recovery_weeks"":2},{""target"":""demand"",""magnitude"":0.2394057501766116,""start_week"":10,""duration_weeks"":4,""recovery_weeks"":4},{""target"":""demand"",""magnitude"":0.22258952651144237,""start_week"":43,""duration_weeks"":1,""recovery_weeks"":2}]"
A,2026,484,Supplier-cluster shock,True,True,False,Structural,Concentrated dependency,Concentrated dependency,2,0.8722112786167825,230.0196984897916,False,False,False,True,True,"[{""target"":""S1C"",""magnitude"":0.5375246231122396,""start_week"":4,""duration_weeks"":1,""recovery_weeks"":3},{""target"":""S1B"",""magnitude"":0.4550779346409649,""start_week"":40,""duration_weeks"":1,""recovery_weeks"":1}]"
A,2026,485,Supplier-cluster shock,True,False,True,Adaptation-limited,Concentrated dependency,Concentrated dependency,3,0.7446466059105596,1891.7564738976337,True,True,False,False,False,"[{""target"":""corridor"",""magnitude"":0.4415150455670802,""start_week"":17,""duration_weeks"":7,""recovery_weeks"":3},{""target"":""T2P"",""magnitude"":0.27197912458127904,""start_week"":42,""duration_weeks"":4,""recovery_weeks"":3},{""target"":""corridor"",""magnitude"":0.3218419427583963,""start_week"":46,""duration_weeks"":1,""recovery_weeks"":3}]"
A,2026,486,Supplier-cluster shock,True,False,False,Adaptation-limited,Concentrated dependency; Propagation-amplified cascade,Propagation-amplified cascade,3,0.794229459611055,530.4337236247997,True,True,False,False,False,"[{""target"":""corridor"",""magnitude"":0.26571790116109417,""start_week"":11,""duration_weeks"":10,""recovery_weeks"":4},{""target"":""T2P"",""magnitude"":0.33977358423873716,""start_week"":25,""duration_weeks"":3,""recovery_weeks"":4},{""target"":""corridor"",""magnitude"":0.3613106930615654,""start_week"":29,""duration_weeks"":3,""recovery_weeks"":3}]"
A,2026,487,Supplier-cluster shock,False,,False,Non-failure,Unclassified,Unclassified,2,0.9107550714495117,562.2430498680751,False,True,True,False,False,"[{""target"":""corridor"",""magnitude"":0.31693369641286606,""start_week"":28,""duration_weeks"":6,""recovery_weeks"":1},{""target"":""S1A"",""magnitude"":0.3340012790446003,""start_week"":30,""duration_weeks"":3,""recovery_weeks"":4}]"
A,2026,488,Supplier-cluster shock,False,,False,Non-failure,Unclassified,Unclassified,3,0.9064622150555164,196.42934838341557,False,False,True,True,True,"[{""target"":""S1C"",""magnitude"":0.46046001612508813,""start_week"":2,""duration_weeks"":5,""recovery_weeks"":1},{""target"":""S1B"",""magnitude"":0.2842016584991314,""start_week"":9,""duration_weeks"":8,""recovery_weeks"":4},{""target"":""S1A"",""magnitude"":0.36489963945894954,""start_week"":41,""duration_weeks"":3,""recovery_weeks"":2}]"
A,2026,489,Supplier-cluster shock,False,,False,Non-failure,Unclassified,Unclassified,3,0.8789568415474239,123.94105996777853,False,False,True,True,False,"[{""target"":""demand"",""magnitude"":0.13771228885308737,""start_week"":8,""duration_weeks"":12,""recovery_weeks"":2},{""target"":""S1B"",""magnitude"":0.20994827520544576,""start_week"":30,""duration_weeks"":6,""recovery_weeks"":1},{""target"":""S1A"",""magnitude"":0.21451505519903702,""start_week"":45,""duration_weeks"":9,""recovery_weeks"":1}]"
A,2026,490,Supplier-cluster shock,False,,False,Non-failure,Unclassified,Unclassified,0,1.0,0.0,False,False,False,False,False,[]
A,2026,491,Supplier-cluster shock,False,,False,Non-failure,Unclassified,Unclassified,2,0.9110521002200571,87.86886038966645,False,False,True,False,False,"[{""target"":""S1A"",""magnitude"":0.21594666584245228,""start_week"":25,""duration_weeks"":2,""recovery_weeks"":4},{""target"":""demand"",""magnitude"":0.0976320670996294,""start_week"":34,""duration_weeks"":1,""recovery_weeks"":3}]"
A,2026,492,Supplier-cluster shock,False,,False,Non-failure,Unclassified,Unclassified,3,0.9928281689580818,15.060845188028111,False,False,True,False,True,"[{""target"":""S1A"",""magnitude"":0.2661366198443157,""start_week"":17,""duration_weeks"":4,""recovery_weeks"":3},{""target"":""S1C"",""magnitude"":0.1896681346985184,""start_week"":26,""duration_weeks"":5,""recovery_weeks"":1},{""target"":""S1A"",""magnitude"":0.21770971724721244,""start_week"":40,""duration_weeks"":4,""recovery_weeks"":2}]"
A,2026,493,Supplier-cluster shock,False,,False,Non-failure,Unclassified,Unclassified,2,0.8796747160733479,193.75509669117582,False,False,True,True,False,"[{""target"":""S1A"",""magnitude"":0.3356140539129918,""start_week"":12,""duration_weeks"":1,""recovery_weeks"":2},{""target"":""S1B"",""magnitude"":0.4351178349219754,""start_week"":13,""duration_weeks"":2,""recovery_weeks"":2}]"
A,2026,494,Supplier-cluster shock,False,,False,Non-failure,Unclassified,Unclassified,1,1.0,0.0,False,True,False,False,False,"[{""target"":""corridor"",""magnitude"":0.2059780896700889,""start_week"":33,""duration_weeks"":1,""recovery_weeks"":2}]"
A,2026,495,Supplier-cluster shock,True,True,False,Structural,Concentrated dependency,Concentrated dependency,2,0.8868984840880644,203.5827286414842,False,False,True,True,False,"[{""target"":""S1A"",""magnitude"":0.5044784108018553,""start_week"":6,""duration_weeks"":1,""recovery_weeks"":3},{""target"":""S1B"",""magnitude"":0.23185953213245944,""start_week"":13,""duration_weeks"":1,""recovery_weeks"":3}]"
A,2026,496,Supplier-cluster shock,True,False,True,Adaptation-limited,Concentrated dependency; Propagation-amplified cascade; Recovery lag and temporal overlap,Propagation-amplified cascade,3,0.8120172100583747,586.070106946649,True,True,False,False,True,"[{""target"":""T2P"",""magnitude"":0.241371076783102,""start_week"":5,""duration_weeks"":2,""recovery_weeks"":3},{""target"":""S1C"",""magnitude"":0.3341249008259939,""start_week"":27,""duration_weeks"":2,""recovery_weeks"":2},{""target"":""corridor"",""magnitude"":0.3909870924562189,""start_week"":30,""duration_weeks"":2,""recovery_weeks"":2}]"
A,2026,497,Supplier-cluster shock,False,,False,Non-failure,Unclassified,Unclassified,1,0.8886152391539653,112.8118001407156,False,False,False,False,False,"[{""target"":""demand"",""magnitude"":0.12534644460079503,""start_week"":17,""duration_weeks"":1,""recovery_weeks"":4}]"
A,2026,498,Supplier-cluster shock,True,False,False,Adaptation-limited,Concentrated dependency,Concentrated dependency,3,0.7470719781345471,666.8949278589077,False,False,True,False,False,"[{""target"":""S1A"",""magnitude"":0.33633142092317486,""start_week"":3,""duration_weeks"":1,""recovery_weeks"":1},{""target"":""demand"",""magnitude"":0.1253812171569883,""start_week"":21,""duration_weeks"":3,""recovery_weeks"":3},{""target"":""demand"",""magnitude"":0.3385591071117659,""start_week"":43,""duration_weeks"":4,""recovery_weeks"":1}]"
A,2026,499,Supplier-cluster shock,True,True,False,Structural,Concentrated dependency,Concentrated dependency,1,0.8916424556180615,195.04357988748916,False,True,False,False,False,"[{""target"":""corridor"",""magnitude"":0.33126815828645373,""start_week"":25,""duration_weeks"":1,""recovery_weeks"":1}]"
A,2026,500,Supplier-cluster shock,True,False,False,Adaptation-limited,Concentrated dependency,Concentrated dependency,2,0.7770614626514941,401.28936722731044,False,True,False,False,False,"[{""target"":""corridor"",""magnitude"":0.41720390301137944,""start_week"":23,""duration_weeks"":1,""recovery_weeks"":1},{""target"":""corridor"",""magnitude"":0.4162872545483075,""start_week"":28,""duration_weeks"":1,""recovery_weeks"":3}]"
A,2026,501,Supplier-cluster shock,False,,False,Non-failure,Unclassified,Unclassified,2,0.9554993029739608,80.10125464687053,False,True,False,False,True,"[{""target"":""corridor"",""magnitude"":0.16132854573114758,""start_week"":23,""duration_weeks"":1,""recovery_weeks"":2},{""target"":""S1C"",""magnitude"":0.35012656830858824,""start_week"":29,""duration_weeks"":1,""recovery_weeks"":3}]"
A,2026,502,Supplier-cluster shock,True,True,True,Structural,Concentrated dependency; Propagation-amplified cascade,Propagation-amplified cascade,7,0.2627346075073713,3716.866715731355,True,True,True,False,False,"[{""target"":""T2P"",""magnitude"":0.28325207864538554,""start_week"":4,""duration_weeks"":1,""recovery_weeks"":1},{""target"":""corridor"",""magnitude"":0.5153814327463848,""start_week"":21,""duration_weeks"":4,""recovery_weeks"":4},{""target"":""corridor"",""magnitude"":0.4674483545773308,""start_week"":23,""duration_weeks"":1,""recovery_weeks"":4},{""target"":""demand"",""magnitude"":0.14808350608009124,""start_week"":24,""duration_weeks"":2,""recovery_weeks"":4},{""target"":""demand"",""magnitude"":0.14080064240813583,""start_week"":25,""duration_weeks"":1,""recovery_weeks"":2},{""target"":""T2P"",""magnitude"":0.43798434111186013,""start_week"":42,""duration_weeks"":1,""recovery_weeks"":4},{""target"":""S1A"",""magnitude"":0.18969018316594932,""start_week"":44,""duration_weeks"":5,""recovery_weeks"":4}]"
A,2026,503,Supplier-cluster shock,True,True,False,Structural,Concentrated dependency; Hidden convergent dependency; Propagation-amplified cascade; Recovery lag and temporal overlap,Hidden convergent dependency,5,0.7277748000260843,746.6630790807943,True,True,False,False,False,"[{""target"":""demand"",""magnitude"":0.0639184105444199,""start_week"":9,""duration_weeks"":3,""recovery_weeks"":3},{""target"":""T2P"",""magnitude"":0.5175040199647863,""start_week"":13,""duration_weeks"":1,""recovery_weeks"":3},{""target"":""T2P"",""magnitude"":0.18791939716910322,""start_week"":18,""duration_weeks"":3,""recovery_weeks"":2},{""target"":""corridor"",""magnitude"":0.36217907247920034,""start_week"":35,""duration_weeks"":5,""recovery_weeks"":2},{""target"":""T2P"",""magnitude"":0.4227774461462991,""start_week"":51,""duration_weeks"":7,""recovery_weeks"":1}]"
A,2026,504,Supplier-cluster shock,False,,False,Non-failure,Unclassified,Unclassified,1,0.9671437295406711,59.14128682679211,False,False,True,False,False,"[{""target"":""S1A"",""magnitude"":0.32392660853349,""start_week"":6,""duration_weeks"":1,""recovery_weeks"":2}]"
A,2026,505,Supplier-cluster shock,False,,False,Non-failure,Unclassified,Unclassified,4,0.9141193832674842,180.34929513828342,False,True,True,True,False,"[{""target"":""corridor"",""magnitude"":0.2211922598075315,""start_week"":3,""duration_weeks"":2,""recovery_weeks"":3},{""target"":""S1A"",""magnitude"":0.4432313876481606,""start_week"":30,""duration_weeks"":7,""recovery_weeks"":3},{""target"":""S1B"",""magnitude"":0.3381799829332627,""start_week"":45,""duration_weeks"":1,""recovery_weeks"":4},{""target"":""S1A"",""magnitude"":0.2006061360456138,""start_week"":48,""duration_weeks"":3,""recovery_weeks"":2}]"
A,2026,506,Supplier-cluster shock,True,True,False,Structural,Concentrated dependency,Concentrated dependency,4,0.6838002335083239,352.0045439472192,False,True,True,True,True,"[{""target"":""S1B"",""magnitude"":0.211759258470392,""start_week"":5,""duration_weeks"":4,""recovery_weeks"":2},{""target"":""S1C"",""magnitude"":0.3043561998495481,""start_week"":18,""duration_weeks"":5,""recovery_weeks"":2},{""target"":""S1A"",""magnitude"":0.5158783427419305,""start_week"":21,""duration_weeks"":1,""recovery_weeks"":2},{""target"":""corridor"",""magnitude"":0.487149824868757,""start_week"":48,""duration_weeks"":1,""recovery_weeks"":2}]"
A,2026,507,Supplier-cluster shock,False,,False,Non-failure,Unclassified,Unclassified,1,0.9369783534681102,60.53446343638643,False,False,False,False,False,"[{""target"":""demand"",""magnitude"":0.06726051492931812,""start_week"":28,""duration_weeks"":3,""recovery_weeks"":2}]"
A,2026,508,Supplier-cluster shock,False,,False,Non-failure,Unclassified,Unclassified,5,0.865413400822247,155.60194235613483,True,True,False,False,True,"[{""target"":""S1C"",""magnitude"":0.3784400429741233,""start_week"":20,""duration_weeks"":4,""recovery_weeks"":4},{""target"":""T2P"",""magnitude"":0.31643382724838987,""start_week"":28,""duration_weeks"":2,""recovery_weeks"":3},{""target"":""corridor"",""magnitude"":0.2514325515687549,""start_week"":35,""duration_weeks"":5,""recovery_weeks"":4},{""target"":""T2P"",""magnitude"":0.20993993115326195,""start_week"":41,""duration_weeks"":1,""recovery_weeks"":1},{""target"":""demand"",""magnitude"":0.2846081862431867,""start_week"":51,""duration_weeks"":1,""recovery_weeks"":2}]"
A,2026,509,Supplier-cluster shock,True,True,False,Structural,Concentrated dependency,Concentrated dependency,6,0.8889296541258283,233.24772633576083,False,True,True,True,True,"[{""target"":""S1A"",""magnitude"":0.49990827821688655,""start_week"":2,""duration_weeks"":2,""recovery_weeks"":1},{""target"":""corridor"",""magnitude"":0.27109782749476175,""start_week"":25,""duration_weeks"":1,""recovery_weeks"":4},{""target"":""S1B"",""magnitude"":0.3692934121540673,""start_week"":41,""duration_weeks"":2,""recovery_weeks"":2},{""target"":""S1A"",""magnitude"":0.3227239244933495,""start_week"":45,""duration_weeks"":1,""recovery_weeks"":2},{""target"":""S1B"",""magnitude"":0.311132674647561,""start_week"":47,""duration_weeks"":1,""recovery_weeks"":1},{""target"":""S1C"",""magnitude"":0.4666675244084004,""start_week"":49,""duration_weeks"":10,""recovery_weeks"":1}]"
A,2026,510,Supplier-cluster shock,True,True,True,Structural,Concentrated dependency; Propagation-amplified cascade,Propagation-amplified cascade,7,0.5448748808475673,2339.9234624062465,True,True,True,False,True,"[{""target"":""T2P"",""magnitude"":0.5096126072371895,""start_week"":2,""duration_weeks"":5,""recovery_weeks"":1},{""target"":""corridor"",""magnitude"":0.33166321842611013,""start_week"":5,""duration_weeks"":8,""recovery_weeks"":1},{""target"":""corridor"",""magnitude"":0.2758831712680029,""start_week"":6,""duration_weeks"":1,""recovery_weeks"":4},{""target"":""corridor"",""magnitude"":0.23473723358176313,""start_week"":13,""duration_weeks"":6,""recovery_weeks"":1},{""target"":""S1A"",""magnitude"":0.324796583945197,""start_week"":15,""duration_weeks"":6,""recovery_weeks"":2},{""target"":""S1C"",""magnitude"":0.18986080593888918,""start_week"":38,""duration_weeks"":1,""recovery_weeks"":1},{""target"":""S1A"",""magnitude"":0.21997621466487194,""start_week"":41,""duration_weeks"":2,""recovery_weeks"":1}]"
A,2026,511,Supplier-cluster shock,True,True,True,Structural,Concentrated dependency; Hidden convergent dependency; Propagation-amplified cascade,Hidden convergent dependency,3,0.5236371235700394,4709.082359837053,True,True,False,False,False,"[{""target"":""corridor"",""magnitude"":0.19509896172769917,""start_week"":2,""duration_weeks"":3,""recovery_weeks"":1},{""target"":""T2P"",""magnitude"":0.21650998013561293,""start_week"":17,""duration_weeks"":1,""recovery_weeks"":4},{""target"":""T2P"",""magnitude"":0.5287265887869644,""start_week"":33,""duration_weeks"":11,""recovery_weeks"":2}]"
A,2026,512,Supplier-cluster shock,True,True,False,Structural,Concentrated dependency; Hidden convergent dependency; Propagation-amplified cascade; Recovery lag and temporal overlap,Hidden convergent dependency,5,0.783150799763328,676.1582361989948,True,True,True,False,True,"[{""target"":""corridor"",""magnitude"":0.3047422853615478,""start_week"":2,""duration_weeks"":1,""recovery_weeks"":3},{""target"":""T2P"",""magnitude"":0.2951642802130048,""start_week"":4,""duration_weeks"":4,""recovery_weeks"":4},{""target"":""S1C"",""magnitude"":0.36697084171782757,""start_week"":23,""duration_weeks"":2,""recovery_weeks"":3},{""target"":""S1A"",""magnitude"":0.2237553600650517,""start_week"":44,""duration_weeks"":7,""recovery_weeks"":1},{""target"":""S1C"",""magnitude"":0.2905642323360243,""start_week"":45,""duration_weeks"":3,""recovery_weeks"":1}]"
A,2026,513,Supplier-cluster shock,False,,False,Non-failure,Unclassified,Unclassified,1,1.0,0.0,False,False,False,False,True,"[{""target"":""S1C"",""magnitude"":0.22146769721806622,""start_week"":25,""duration_weeks"":1,""recovery_weeks"":3}]"
A,2026,514,Supplier-cluster shock,False,,False,Non-failure,Unclassified,Unclassified,1,0.9390325828243011,58.43319652774562,False,False,False,False,False,"[{""target"":""demand"",""magnitude"":0.06492577391971728,""start_week"":41,""duration_weeks"":6,""recovery_weeks"":1}]"
A,2026,515,Supplier-cluster shock,True,True,False,Structural,Concentrated dependency,Concentrated dependency,3,0.710064125472305,932.2683069391933,False,True,True,False,False,"[{""target"":""corridor"",""magnitude"":0.3578520029497698,""start_week"":8,""duration_weeks"":4,""recovery_weeks"":2},{""target"":""demand"",""magnitude"":0.2058028263726182,""start_week"":13,""duration_weeks"":1,""recovery_weeks"":4},{""target"":""S1A"",""magnitude"":0.5354011599376457,""start_week"":27,""duration_weeks"":5,""recovery_weeks"":2}]"
A,2026,516,Supplier-cluster shock,False,,False,Non-failure,Unclassified,Unclassified,2,0.8333044603764751,216.8139187466436,True,True,False,False,False,"[{""target"":""corridor"",""magnitude"":0.19373556945697962,""start_week"":15,""duration_weeks"":3,""recovery_weeks"":2},{""target"":""T2P"",""magnitude"":0.25002598566117235,""start_week"":35,""duration_weeks"":4,""recovery_weeks"":3}]"
A,2026,517,Supplier-cluster shock,True,True,True,Structural,Hidden convergent dependency; Compounding moderate disturbance; Recovery lag and temporal overlap,Hidden convergent dependency,4,0.4672976300870135,2976.249643991553,True,True,False,False,False,"[{""target"":""demand"",""magnitude"":0.20895437221844382,""start_week"":11,""duration_weeks"":1,""recovery_weeks"":4},{""target"":""T2P"",""magnitude"":0.5794321329216878,""start_week"":14,""duration_weeks"":1,""recovery_weeks"":1},{""target"":""T2P"",""magnitude"":0.3876014612133247,""start_week"":22,""duration_weeks"":8,""recovery_weeks"":2},{""target"":""corridor"",""magnitude"":0.3628191478083983,""start_week"":30,""duration_weeks"":5,""recovery_weeks"":3}]"
A,2026,518,Supplier-cluster shock,False,,False,Non-failure,Unclassified,Unclassified,2,1.0,0.0,False,False,True,False,True,"[{""target"":""S1C"",""magnitude"":0.24804429576403952,""start_week"":12,""duration_weeks"":1,""recovery_weeks"":4},{""target"":""S1A"",""magnitude"":0.24776609779688755,""start_week"":13,""duration_weeks"":1,""recovery_weeks"":1}]"
A,2026,519,Supplier-cluster shock,False,,False,Non-failure,Unclassified,Unclassified,2,0.9598629664877848,72.24666032198729,True,True,False,False,False,"[{""target"":""T2P"",""magnitude"":0.23123774406439368,""start_week"":10,""duration_weeks"":3,""recovery_weeks"":2},{""target"":""corridor"",""magnitude"":0.28010277513416143,""start_week"":36,""duration_weeks"":1,""recovery_weeks"":2}]"
A,2026,520,Supplier-cluster shock,True,False,False,Adaptation-limited,Concentrated dependency,Concentrated dependency,1,0.7931062614293519,372.4087294271666,False,True,False,False,False,"[{""target"":""corridor"",""magnitude"":0.40517030392798603,""start_week"":14,""duration_weeks"":1,""recovery_weeks"":2}]"
A,2026,521,Supplier-cluster shock,False,,False,Non-failure,Unclassified,Unclassified,0,1.0,0.0,False,False,False,False,False,[]
A,2026,522,Supplier-cluster shock,False,,False,Non-failure,Unclassified,Unclassified,0,1.0,0.0,False,False,False,False,False,[]
A,2026,523,Supplier-cluster shock,True,True,False,Structural,Concentrated dependency,Concentrated dependency,3,0.8799288209358243,252.149476034769,False,False,True,True,True,"[{""target"":""S1C"",""magnitude"":0.5201601528943954,""start_week"":15,""duration_weeks"":6,""recovery_weeks"":1},{""target"":""S1A"",""magnitude"":0.2552725399197883,""start_week"":47,""duration_weeks"":3,""recovery_weeks"":3},{""target"":""S1B"",""magnitude"":0.2978860112331948,""start_week"":50,""duration_weeks"":1,""recovery_weeks"":3}]"
A,2026,524,Supplier-cluster shock,True,True,False,Structural,Concentrated dependency,Concentrated dependency,2,0.8218309626849615,286.43583141212844,True,True,False,False,False,"[{""target"":""corridor"",""magnitude"":0.33379880711187415,""start_week"":4,""duration_weeks"":1,""recovery_weeks"":2},{""target"":""T2P"",""magnitude"":0.2603521335835346,""start_week"":20,""duration_weeks"":5,""recovery_weeks"":4}]"
A,2026,525,Supplier-cluster shock,False,,False,Non-failure,Unclassified,Unclassified,4,0.9537751127169783,96.1648361744476,False,False,True,True,True,"[{""target"":""S1C"",""magnitude"":0.25596893032484047,""start_week"":12,""duration_weeks"":3,""recovery_weeks"":2},{""target"":""S1A"",""magnitude"":0.34801393374211886,""start_week"":15,""duration_weeks"":1,""recovery_weeks"":4},{""target"":""S1B"",""magnitude"":0.20554825344430147,""start_week"":19,""duration_weeks"":1,""recovery_weeks"":2},{""target"":""S1C"",""magnitude"":0.3540059963867988,""start_week"":36,""duration_weeks"":4,""recovery_weeks"":2}]"
A,2026,526,Supplier-cluster shock,True,True,True,Structural,Concentrated dependency,Concentrated dependency,4,0.8436352037731324,603.6415830209039,False,True,False,False,False,"[{""target"":""corridor"",""magnitude"":0.2696606737592351,""start_week"":8,""duration_weeks"":1,""recovery_weeks"":4},{""target"":""demand"",""magnitude"":0.18068492249023965,""start_week"":20,""duration_weeks"":3,""recovery_weeks"":3},{""target"":""demand"",""magnitude"":0.06639895331906046,""start_week"":37,""duration_weeks"":4,""recovery_weeks"":4},{""target"":""corridor"",""magnitude"":0.3672735971701506,""start_week"":45,""duration_weeks"":4,""recovery_weeks"":2}]"
A,2026,527,Supplier-cluster shock,True,True,True,Structural,Concentrated dependency,Concentrated dependency,5,0.6050112474334088,2212.0817142538126,True,True,False,True,False,"[{""target"":""T2P"",""magnitude"":0.25830590367761275,""start_week"":2,""duration_weeks"":2,""recovery_weeks"":1},{""target"":""T2P"",""magnitude"":0.26843256054420117,""start_week"":9,""duration_weeks"":1,""recovery_weeks"":1},{""target"":""S1B"",""magnitude"":0.2034981473800429,""start_week"":35,""duration_weeks"":2,""recovery_weeks"":3},{""target"":""demand"",""magnitude"":0.21705034375577836,""start_week"":41,""duration_weeks"":4,""recovery_weeks"":4},{""target"":""corridor"",""magnitude"":0.44775314000129307,""start_week"":42,""duration_weeks"":4,""recovery_weeks"":1}]"
A,2026,528,Supplier-cluster shock,False,,False,Non-failure,Unclassified,Unclassified,2,0.9498031893146622,90.35425923360799,True,True,False,False,False,"[{""target"":""corridor"",""magnitude"":0.2876476080140034,""start_week"":1,""duration_weeks"":1,""recovery_weeks"":4},{""target"":""T2P"",""magnitude"":0.38284647548650175,""start_week"":36,""duration_weeks"":1,""recovery_weeks"":1}]"
A,2026,529,Supplier-cluster shock,True,False,False,Adaptation-limited,Concentrated dependency; Hidden convergent dependency,Hidden convergent dependency,3,0.6507286223818541,902.8018713651595,True,False,False,False,False,"[{""target"":""T2P"",""magnitude"":0.3571044132717462,""start_week"":22,""duration_weeks"":3,""recovery_weeks"":2},{""target"":""demand"",""magnitude"":0.14660444875640805,""start_week"":26,""duration_weeks"":1,""recovery_weeks"":3},{""target"":""T2P"",""magnitude"":0.2648502032219043,""start_week"":40,""duration_weeks"":4,""recovery_weeks"":3}]"
A,2026,530,Supplier-cluster shock,False,,False,Non-failure,Unclassified,Unclassified,4,0.8916041802369049,302.32496036360703,False,True,True,False,False,"[{""target"":""demand"",""magnitude"":0.11917942781587001,""start_week"":13,""duration_weeks"":4,""recovery_weeks"":4},{""target"":""corridor"",""magnitude"":0.2914490363077442,""start_week"":17,""duration_weeks"":4,""recovery_weeks"":2},{""target"":""corridor"",""magnitude"":0.16546411012677723,""start_week"":39,""duration_weeks"":2,""recovery_weeks"":3},{""target"":""S1A"",""magnitude"":0.22404533651894082,""start_week"":41,""duration_weeks"":3,""recovery_weeks"":3}]"
A,2026,531,Supplier-cluster shock,False,,False,Non-failure,Unclassified,Unclassified,2,0.8839534313437106,248.76053840148631,False,False,True,True,False,"[{""target"":""S1B"",""magnitude"":0.39953768057561967,""start_week"":43,""duration_weeks"":2,""recovery_weeks"":3},{""target"":""S1A"",""magnitude"":0.36156709890103145,""start_week"":44,""duration_weeks"":2,""recovery_weeks"":1}]"
A,2026,532,Supplier-cluster shock,True,True,False,Structural,Compounding moderate disturbance; Recovery lag and temporal overlap,Compounding moderate disturbance,5,0.7822140624115618,1073.5645854054387,False,False,True,False,True,"[{""target"":""S1A"",""magnitude"":0.21076650206342437,""start_week"":12,""duration_weeks"":18,""recovery_weeks"":2},{""target"":""demand"",""magnitude"":0.17450067887221574,""start_week"":17,""duration_weeks"":5,""recovery_weeks"":4},{""target"":""demand"",""magnitude"":0.2484423484631329,""start_week"":22,""duration_weeks"":1,""recovery_weeks"":4},{""target"":""demand"",""magnitude"":0.17861921499406014,""start_week"":29,""duration_weeks"":6,""recovery_weeks"":2},{""target"":""S1C"",""magnitude"":0.2730994349728278,""start_week"":48,""duration_weeks"":1,""recovery_weeks"":3}]"
A,2026,533,Supplier-cluster shock,False,,False,Non-failure,Unclassified,Unclassified,3,0.8801378023285381,191.3503792155161,True,False,False,False,False,"[{""target"":""T2P"",""magnitude"":0.31757974458653804,""start_week"":14,""duration_weeks"":1,""recovery_weeks"":1},{""target"":""demand"",""magnitude"":0.09317747503713991,""start_week"":22,""duration_weeks"":3,""recovery_weeks"":1},{""target"":""T2P"",""magnitude"":0.31181396685647367,""start_week"":31,""duration_weeks"":3,""recovery_weeks"":3}]"
A,2026,534,Supplier-cluster shock,False,,False,Non-failure,Unclassified,Unclassified,3,0.9279247875298156,89.04487148803219,False,False,True,True,False,"[{""target"":""S1B"",""magnitude"":0.24436937105778284,""start_week"":5,""duration_weeks"":1,""recovery_weeks"":4},{""target"":""demand"",""magnitude"":0.07767355009671892,""start_week"":12,""duration_weeks"":1,""recovery_weeks"":1},{""target"":""S1A"",""magnitude"":0.4807793287837513,""start_week"":32,""duration_weeks"":1,""recovery_weeks"":4}]"
A,2026,535,Supplier-cluster shock,True,True,True,Structural,Concentrated dependency; Hidden convergent dependency; Propagation-amplified cascade,Hidden convergent dependency,1,0.5989303762040258,1204.813307081884,True,False,False,False,False,"[{""target"":""T2P"",""magnitude"":0.46096266141637676,""start_week"":43,""duration_weeks"":8,""recovery_weeks"":1}]"
A,2026,536,Supplier-cluster shock,True,True,True,Structural,Concentrated dependency; Hidden convergent dependency; Propagation-amplified cascade,Hidden convergent dependency,6,0.7154421008486107,923.4716441045833,True,True,True,True,False,"[{""target"":""T2P"",""magnitude"":0.5280510546181252,""start_week"":13,""duration_weeks"":1,""recovery_weeks"":3},{""target"":""corridor"",""magnitude"":0.29456227812678004,""start_week"":17,""duration_weeks"":2,""recovery_weeks"":2},{""target"":""T2P"",""magnitude"":0.2878636960500416,""start_week"":23,""duration_weeks"":4,""recovery_weeks"":1},{""target"":""S1A"",""magnitude"":0.19092571569213332,""start_week"":26,""duration_weeks"":1,""recovery_weeks"":3},{""target"":""S1B"",""magnitude"":0.31944949561774344,""start_week"":36,""duration_weeks"":3,""recovery_weeks"":1},{""target"":""demand"",""magnitude"":0.060718021301016833,""start_week"":44,""duration_weeks"":7,""recovery_weeks"":3}]"
A,2026,537,Supplier-cluster shock,True,False,False,Adaptation-limited,Concentrated dependency; Hidden convergent dependency; Propagation-amplified cascade,Hidden convergent dependency,1,0.7548065464656059,394.232144241273,True,False,False,False,False,"[{""target"":""T2P"",""magnitude"":0.37355803606031823,""start_week"":37,""duration_weeks"":2,""recovery_weeks"":3}]"
A,2026,538,Supplier-cluster shock,True,True,False,Structural,Concentrated dependency,Concentrated dependency,9,0.8548836421569321,511.70997619642014,True,True,False,True,True,"[{""target"":""corridor"",""magnitude"":0.3588372683823009,""start_week"":3,""duration_weeks"":1,""recovery_weeks"":4},{""target"":""T2P"",""magnitude"":0.22446509158987943,""start_week"":15,""duration_weeks"":7,""recovery_weeks"":4},{""target"":""S1B"",""magnitude"":0.26279640619918787,""start_week"":21,""duration_weeks"":7,""recovery_weeks"":4},{""target"":""S1C"",""magnitude"":0.24445912467577735,""start_week"":26,""duration_weeks"":4,""recovery_weeks"":2},{""target"":""T2P"",""magnitude"":0.2217574940366154,""start_week"":28,""duration_weeks"":2,""recovery_weeks"":3},{""target"":""demand"",""magnitude"":0.10191886293008692,""start_week"":36,""duration_weeks"":4,""recovery_weeks"":3},{""target"":""demand"",""magnitude"":0.13216920651786393,""start_week"":46,""duration_weeks"":2,""recovery_weeks"":2},{""target"":""demand"",""magnitude"":0.10525923285676654,""start_week"":50,""duration_weeks"":4,""recovery_weeks"":3},{""target"":""corridor"",""magnitude"":0.3260207848223754,""start_week"":51,""duration_weeks"":1,""recovery_weeks"":2}]"
A,2026,539,Supplier-cluster shock,True,True,True,Structural,Concentrated dependency,Concentrated dependency,5,0.7050889206409329,607.7865904617611,True,True,True,False,False,"[{""target"":""corridor"",""magnitude"":0.4711833095193003,""start_week"":2,""duration_weeks"":1,""recovery_weeks"":3},{""target"":""S1A"",""magnitude"":0.4291639003696168,""start_week"":6,""duration_weeks"":4,""recovery_weeks"":3},{""target"":""T2P"",""magnitude"":0.25940708054434886,""start_week"":34,""duration_weeks"":4,""recovery_weeks"":1},{""target"":""demand"",""magnitude"":0.11123595541245512,""start_week"":36,""duration_weeks"":2,""recovery_weeks"":3},{""target"":""T2P"",""magnitude"":0.22696762325810205,""start_week"":45,""duration_weeks"":4,""recovery_weeks"":2}]"
A,2026,540,Supplier-cluster shock,False,,False,Non-failure,Unclassified,Unclassified,3,0.8528591096660163,666.05793027051,True,False,True,False,False,"[{""target"":""S1A"",""magnitude"":0.41094249646847536,""start_week"":1,""duration_weeks"":1,""recovery_weeks"":3},{""target"":""T2P"",""magnitude"":0.31016075367875395,""start_week"":28,""duration_weeks"":1,""recovery_weeks"":3},{""target"":""demand"",""magnitude"":0.1681141077180836,""start_week"":33,""duration_weeks"":10,""recovery_weeks"":1}]"
A,2026,541,Supplier-cluster shock,False,,False,Non-failure,Unclassified,Unclassified,2,0.8439215928822409,166.44978347601568,False,True,False,False,False,"[{""target"":""demand"",""magnitude"":0.18494420386223953,""start_week"":12,""duration_weeks"":3,""recovery_weeks"":3},{""target"":""corridor"",""magnitude"":0.17872909460162276,""start_week"":21,""duration_weeks"":1,""recovery_weeks"":1}]"
A,2026,542,Supplier-cluster shock,False,,False,Non-failure,Unclassified,Unclassified,4,0.9387497511275459,61.30886333881904,False,False,True,True,True,"[{""target"":""S1B"",""magnitude"":0.2995601295652952,""start_week"":5,""duration_weeks"":1,""recovery_weeks"":4},{""target"":""demand"",""magnitude"":0.11217440776783874,""start_week"":26,""duration_weeks"":3,""recovery_weeks"":3},{""target"":""S1C"",""magnitude"":0.2545472825030835,""start_week"":30,""duration_weeks"":1,""recovery_weeks"":1},{""target"":""S1A"",""magnitude"":0.3404973172299055,""start_week"":38,""duration_weeks"":1,""recovery_weeks"":3}]"
A,2026,543,Supplier-cluster shock,False,,False,Non-failure,Unclassified,Unclassified,2,0.9202560013424834,77.98873214308446,False,False,True,False,False,"[{""target"":""demand"",""magnitude"":0.08665414682564937,""start_week"":3,""duration_weeks"":2,""recovery_weeks"":3},{""target"":""S1A"",""magnitude"":0.5054397429200524,""start_week"":32,""duration_weeks"":1,""recovery_weeks"":2}]"
A,2026,544,Supplier-cluster shock,False,,False,Non-failure,Unclassified,Unclassified,1,0.9594935215313023,36.455830621827886,False,False,True,False,False,"[{""target"":""S1A"",""magnitude"":0.34113957655456967,""start_week"":50,""duration_weeks"":1,""recovery_weeks"":1}]"
A,2026,545,Supplier-cluster shock,True,True,False,Structural,Compounding moderate disturbance,Compounding moderate disturbance,4,0.870084092801073,266.47736104583737,False,False,True,True,False,"[{""target"":""S1A"",""magnitude"":0.3730027486321505,""start_week"":7,""duration_weeks"":2,""recovery_weeks"":2},{""target"":""S1B"",""magnitude"":0.19746219781233756,""start_week"":11,""duration_weeks"":3,""recovery_weeks"":2},{""target"":""S1A"",""magnitude"":0.4331165707500705,""start_week"":24,""duration_weeks"":3,""recovery_weeks"":1},{""target"":""S1B"",""magnitude"":0.35919422044751514,""start_week"":26,""duration_weeks"":1,""recovery_weeks"":1}]"
A,2026,546,Supplier-cluster shock,False,,False,Non-failure,Unclassified,Unclassified,2,1.0,0.0,False,False,False,True,True,"[{""target"":""S1B"",""magnitude"":0.2269390754593409,""start_week"":12,""duration_weeks"":4,""recovery_weeks"":2},{""target"":""S1C"",""magnitude"":0.2084074180473775,""start_week"":19,""duration_weeks"":3,""recovery_weeks"":3}]"
A,2026,547,Supplier-cluster shock,True,True,True,Structural,Concentrated dependency; Hidden convergent dependency; Recovery lag and temporal overlap,Hidden convergent dependency,4,0.6305898104341896,1685.9728239691829,True,False,False,False,True,"[{""target"":""demand"",""magnitude"":0.26227596123464114,""start_week"":20,""duration_weeks"":1,""recovery_weeks"":3},{""target"":""T2P"",""magnitude"":0.4324691706092293,""start_week"":22,""duration_weeks"":2,""recovery_weeks"":4},{""target"":""T2P"",""magnitude"":0.33292911522352997,""start_week"":32,""duration_weeks"":2,""recovery_weeks"":3},{""target"":""S1C"",""magnitude"":0.28947451901328275,""start_week"":41,""duration_weeks"":2,""recovery_weeks"":4}]"
A,2026,548,Supplier-cluster shock,True,False,False,Adaptation-limited,Concentrated dependency,Concentrated dependency,3,0.8658226912191991,520.2296827435439,True,False,False,False,False,"[{""target"":""T2P"",""magnitude"":0.4365984014718174,""start_week"":16,""duration_weeks"":1,""recovery_weeks"":1},{""target"":""demand"",""magnitude"":0.24890441428119658,""start_week"":28,""duration_weeks"":5,""recovery_weeks"":3},{""target"":""demand"",""magnitude"":0.12740294458822726,""start_week"":42,""duration_weeks"":3,""recovery_weeks"":1}]"
A,2026,549,Supplier-cluster shock,True,True,False,Structural,Concentrated dependency; Hidden convergent dependency; Propagation-amplified cascade,Hidden convergent dependency,2,0.8345993345516363,682.9933283790058,True,False,False,False,True,"[{""target"":""T2P"",""magnitude"":0.33049888806316763,""start_week"":24,""duration_weeks"":4,""recovery_weeks"":3},{""target"":""S1C"",""magnitude"":0.45924316777183194,""start_week"":25,""duration_weeks"":3,""recovery_weeks"":4}]"
A,2026,550,Supplier-cluster shock,False,,False,Non-failure,Unclassified,Unclassified,5,0.9630144543115924,77.66964594565627,False,True,True,True,False,"[{""target"":""S1B"",""magnitude"":0.2378749313347903,""start_week"":12,""duration_weeks"":3,""recovery_weeks"":3},{""target"":""S1A"",""magnitude"":0.3332174777989173,""start_week"":24,""duration_weeks"":4,""recovery_weeks"":1},{""target"":""S1B"",""magnitude"":0.2519435027781508,""start_week"":35,""duration_weeks"":3,""recovery_weeks"":1},{""target"":""S1A"",""magnitude"":0.25022664402939165,""start_week"":37,""duration_weeks"":1,""recovery_weeks"":2},{""target"":""corridor"",""magnitude"":0.2488170069293956,""start_week"":43,""duration_weeks"":2,""recovery_weeks"":2}]"
A,2026,551,Supplier-cluster shock,False,,False,Non-failure,Unclassified,Unclassified,2,0.8122965756292179,612.7227763320718,False,False,False,True,False,"[{""target"":""demand"",""magnitude"":0.23107745373096522,""start_week"":5,""duration_weeks"":4,""recovery_weeks"":4},{""target"":""S1B"",""magnitude"":0.3840997266716039,""start_week"":9,""duration_weeks"":3,""recovery_weeks"":1}]"
A,2026,552,Supplier-cluster shock,True,False,False,Adaptation-limited,Concentrated dependency; Hidden convergent dependency; Propagation-amplified cascade; Recovery lag and temporal overlap,Hidden convergent dependency,4,0.7373531056732004,502.5779641073417,True,True,False,False,True,"[{""target"":""S1C"",""magnitude"":0.29620874022252497,""start_week"":23,""duration_weeks"":7,""recovery_weeks"":2},{""target"":""T2P"",""magnitude"":0.2670151733576393,""start_week"":26,""duration_weeks"":3,""recovery_weeks"":2},{""target"":""corridor"",""magnitude"":0.25510394629741967,""start_week"":40,""duration_weeks"":3,""recovery_weeks"":4},{""target"":""T2P"",""magnitude"":0.33638220489411963,""start_week"":43,""duration_weeks"":9,""recovery_weeks"":3}]"
A,2026,553,Supplier-cluster shock,False,,False,Non-failure,Unclassified,Unclassified,3,0.9944300656813039,10.025881773653055,False,False,True,True,True,"[{""target"":""S1A"",""magnitude"":0.22145892966802877,""start_week"":10,""duration_weeks"":10,""recovery_weeks"":3},{""target"":""S1C"",""magnitude"":0.2625323522170664,""start_week"":20,""duration_weeks"":1,""recovery_weeks"":1},{""target"":""S1B"",""magnitude"":0.19623626360586074,""start_week"":42,""duration_weeks"":3,""recovery_weeks"":2}]"
A,2026,554,Supplier-cluster shock,True,False,False,Adaptation-limited,Concentrated dependency; Hidden convergent dependency; Propagation-amplified cascade,Hidden convergent dependency,2,0.6372554926040475,492.645198297251,True,False,False,True,False,"[{""target"":""T2P"",""magnitude"":0.4264700566563574,""start_week"":22,""duration_weeks"":2,""recovery_weeks"":2},{""target"":""S1B"",""magnitude"":0.2291122901210736,""start_week"":27,""duration_weeks"":1,""recovery_weeks"":1}]"
A,2026,555,Supplier-cluster shock,False,,False,Non-failure,Unclassified,Unclassified,1,1.0,0.0,True,False,False,False,False,"[{""target"":""T2P"",""magnitude"":0.3351447156763684,""start_week"":48,""duration_weeks"":5,""recovery_weeks"":4}]"
A,2026,556,Supplier-cluster shock,False,,False,Non-failure,Unclassified,Unclassified,0,1.0,0.0,False,False,False,False,False,[]
A,2026,557,Supplier-cluster shock,True,False,True,Adaptation-limited,Concentrated dependency; Hidden convergent dependency; Propagation-amplified cascade,Hidden convergent dependency,3,0.6566527410725504,945.0626651735229,True,False,False,True,True,"[{""target"":""T2P"",""magnitude"":0.40901253303470453,""start_week"":3,""duration_weeks"":4,""recovery_weeks"":1},{""target"":""S1C"",""magnitude"":0.29044486908845624,""start_week"":4,""duration_weeks"":1,""recovery_weeks"":3},{""target"":""S1B"",""magnitude"":0.3543514712664656,""start_week"":22,""duration_weeks"":5,""recovery_weeks"":2}]"
A,2026,558,Supplier-cluster shock,True,False,False,Adaptation-limited,Concentrated dependency; Hidden convergent dependency; Propagation-amplified cascade,Hidden convergent dependency,3,0.7141558958996153,568.6596537656194,True,True,True,False,False,"[{""target"":""corridor"",""magnitude"":0.2887835775011762,""start_week"":38,""duration_weeks"":4,""recovery_weeks"":4},{""target"":""T2P"",""magnitude"":0.3572596936903464,""start_week"":41,""duration_weeks"":3,""recovery_weeks"":1},{""target"":""S1A"",""magnitude"":0.270689662297908,""start_week"":45,""duration_weeks"":4,""recovery_weeks"":1}]"
A,2026,559,Supplier-cluster shock,True,True,False,Structural,Hidden convergent dependency; Compounding moderate disturbance,Hidden convergent dependency,4,0.7805638190230182,476.61725467221606,True,True,False,False,False,"[{""target"":""demand"",""magnitude"":0.2811252272128577,""start_week"":5,""duration_weeks"":2,""recovery_weeks"":4},{""target"":""demand"",""magnitude"":0.09433891523275649,""start_week"":13,""duration_weeks"":4,""recovery_weeks"":3},{""target"":""T2P"",""magnitude"":0.22103365696872687,""start_week"":14,""duration_weeks"":1,""recovery_weeks"":3},{""target"":""corridor"",""magnitude"":0.4101714596311711,""start_week"":40,""duration_weeks"":2,""recovery_weeks"":2}]"
A,2026,560,Supplier-cluster shock,False,,False,Non-failure,Unclassified,Unclassified,2,0.8814526120421474,121.04184354832421,False,True,False,False,False,"[{""target"":""demand"",""magnitude"":0.13449093727591568,""start_week"":20,""duration_weeks"":2,""recovery_weeks"":1},{""target"":""corridor"",""magnitude"":0.2683431799900836,""start_week"":50,""duration_weeks"":4,""recovery_weeks"":3}]"
A,2026,561,Supplier-cluster shock,False,,False,Non-failure,Unclassified,Unclassified,1,0.8222895995527363,302.1944613844274,False,False,False,False,False,"[{""target"":""demand"",""magnitude"":0.21611656105577026,""start_week"":30,""duration_weeks"":4,""recovery_weeks"":3}]"
A,2026,562,Supplier-cluster shock,False,,False,Non-failure,Unclassified,Unclassified,1,0.9109767132420555,320.48383232859953,False,True,False,False,False,"[{""target"":""corridor"",""magnitude"":0.31676746506845815,""start_week"":47,""duration_weeks"":12,""recovery_weeks"":3}]"
A,2026,563,Supplier-cluster shock,True,True,True,Structural,Concentrated dependency; Hidden convergent dependency; Propagation-amplified cascade,Hidden convergent dependency,2,0.6230107072874788,1752.7398434695585,True,False,False,False,False,"[{""target"":""T2P"",""magnitude"":0.43610569192422255,""start_week"":7,""duration_weeks"":6,""recovery_weeks"":1},{""target"":""T2P"",""magnitude"":0.43929036344126904,""start_week"":31,""duration_weeks"":2,""recovery_weeks"":1}]"
A,2026,564,Supplier-cluster shock,True,True,True,Structural,Concentrated dependency; Hidden convergent dependency,Hidden convergent dependency,5,0.4379396184570624,2306.5638977641675,True,True,False,False,False,"[{""target"":""T2P"",""magnitude"":0.5796843115030174,""start_week"":11,""duration_weeks"":3,""recovery_weeks"":4},{""target"":""demand"",""magnitude"":0.13279370936430865,""start_week"":13,""duration_weeks"":1,""recovery_weeks"":4},{""target"":""corridor"",""magnitude"":0.24165213276207534,""start_week"":30,""duration_weeks"":2,""recovery_weeks"":1},{""target"":""T2P"",""magnitude"":0.37507686330123013,""start_week"":35,""duration_weeks"":3,""recovery_weeks"":4},{""target"":""T2P"",""magnitude"":0.22128789468887428,""start_week"":48,""duration_weeks"":3,""recovery_weeks"":4}]"
A,2026,565,Supplier-cluster shock,False,,False,Non-failure,Unclassified,Unclassified,3,0.7403172649047078,233.71446158576293,True,False,False,True,True,"[{""target"":""T2P"",""magnitude"":0.5168572307928815,""start_week"":9,""duration_weeks"":1,""recovery_weeks"":1},{""target"":""S1B"",""magnitude"":0.3195347775808774,""start_week"":22,""duration_weeks"":7,""recovery_weeks"":3},{""target"":""S1C"",""magnitude"":0.3592684802806076,""start_week"":44,""duration_weeks"":3,""recovery_weeks"":3}]"
A,2026,566,Supplier-cluster shock,False,,False,Non-failure,Unclassified,Unclassified,1,0.8751679067465962,128.3740903453786,False,False,False,False,False,"[{""target"":""demand"",""magnitude"":0.14263787816153178,""start_week"":5,""duration_weeks"":10,""recovery_weeks"":3}]"
A,2026,567,Supplier-cluster shock,False,,False,Non-failure,Unclassified,Unclassified,3,0.9457290158245059,112.28583802389505,False,False,True,False,True,"[{""target"":""S1C"",""magnitude"":0.34779090495713616,""start_week"":10,""duration_weeks"":2,""recovery_weeks"":2},{""target"":""S1A"",""magnitude"":0.3649686688558944,""start_week"":15,""duration_weeks"":1,""recovery_weeks"":3},{""target"":""S1C"",""magnitude"":0.3721097143948616,""start_week"":32,""duration_weeks"":3,""recovery_weeks"":2}]"
A,2026,568,Supplier-cluster shock,True,True,True,Structural,Concentrated dependency; Hidden convergent dependency; Propagation-amplified cascade,Hidden convergent dependency,4,0.737019475975129,820.0948297343034,True,False,False,True,False,"[{""target"":""T2P"",""magnitude"":0.29312284555637547,""start_week"":9,""duration_weeks"":1,""recovery_weeks"":1},{""target"":""T2P"",""magnitude"":0.33668247162238385,""start_week"":22,""duration_weeks"":5,""recovery_weeks"":1},{""target"":""demand"",""magnitude"":0.18875159984704393,""start_week"":45,""duration_weeks"":5,""recovery_weeks"":4},{""target"":""S1B"",""magnitude"":0.28994619989142617,""start_week"":51,""duration_weeks"":3,""recovery_weeks"":2}]"
A,2026,569,Supplier-cluster shock,False,,False,Non-failure,Unclassified,Unclassified,3,0.9745179251155472,53.5123572573508,False,False,True,False,True,"[{""target"":""S1A"",""magnitude"":0.3073346684900187,""start_week"":20,""duration_weeks"":3,""recovery_weeks"":4},{""target"":""S1C"",""magnitude"":0.20302454943488907,""start_week"":30,""duration_weeks"":4,""recovery_weeks"":4},{""target"":""S1A"",""magnitude"":0.28052047141070946,""start_week"":45,""duration_weeks"":6,""recovery_weeks"":2}]"
A,2026,570,Supplier-cluster shock,False,,False,Non-failure,Unclassified,Unclassified,1,0.8938594979251353,106.86965019571676,False,False,False,False,False,"[{""target"":""demand"",""magnitude"":0.11874405577301854,""start_week"":19,""duration_weeks"":6,""recovery_weeks"":4}]"
A,2026,571,Supplier-cluster shock,True,False,False,Adaptation-limited,Concentrated dependency,Concentrated dependency,3,0.6887254272630322,573.7556466387827,False,True,False,False,True,"[{""target"":""S1C"",""magnitude"":0.3416291599124251,""start_week"":7,""duration_weeks"":1,""recovery_weeks"":2},{""target"":""corridor"",""magnitude"":0.48345592955272587,""start_week"":18,""duration_weeks"":1,""recovery_weeks"":3},{""target"":""corridor"",""magnitude"":0.296449805458774,""start_week"":48,""duration_weeks"":2,""recovery_weeks"":2}]"
A,2026,572,Supplier-cluster shock,True,True,True,Structural,Concentrated dependency; Hidden convergent dependency; Propagation-amplified cascade,Hidden convergent dependency,3,0.5841198379819712,1171.4607290811298,True,False,True,False,False,"[{""target"":""S1A"",""magnitude"":0.22977541525609785,""start_week"":28,""duration_weeks"":2,""recovery_weeks"":3},{""target"":""T2P"",""magnitude"":0.4742921458162259,""start_week"":42,""duration_weeks"":3,""recovery_weeks"":3},{""target"":""T2P"",""magnitude"":0.2874965700695219,""start_week"":51,""duration_weeks"":2,""recovery_weeks"":2}]"
A,2026,573,Supplier-cluster shock,True,True,True,Structural,Concentrated dependency; Hidden convergent dependency; Propagation-amplified cascade,Hidden convergent dependency,3,0.6482325944159069,1020.5103263591564,True,True,False,False,False,"[{""target"":""T2P"",""magnitude"":0.4128174227398441,""start_week"":7,""duration_weeks"":1,""recovery_weeks"":4},{""target"":""corridor"",""magnitude"":0.16826578188895883,""start_week"":11,""duration_weeks"":1,""recovery_weeks"":4},{""target"":""corridor"",""magnitude"":0.5138255541880699,""start_week"":35,""duration_weeks"":2,""recovery_weeks"":4}]"
A,2026,574,Supplier-cluster shock,True,True,False,Structural,Concentrated dependency,Concentrated dependency,4,0.8007519736041582,485.9039595976269,True,True,False,False,False,"[{""target"":""corridor"",""magnitude"":0.35528450191856265,""start_week"":5,""duration_weeks"":2,""recovery_weeks"":4},{""target"":""T2P"",""magnitude"":0.2793232237562576,""start_week"":9,""duration_weeks"":2,""recovery_weeks"":4},{""target"":""demand"",""magnitude"":0.09960419984594768,""start_week"":23,""duration_weeks"":1,""recovery_weeks"":4},{""target"":""demand"",""magnitude"":0.14633770072143654,""start_week"":25,""duration_weeks"":2,""recovery_weeks"":3}]"
A,2026,575,Supplier-cluster shock,True,False,True,Adaptation-limited,Concentrated dependency,Concentrated dependency,2,0.7907255728960649,819.6481758693221,True,True,False,False,False,"[{""target"":""corridor"",""magnitude"":0.4069558203279513,""start_week"":19,""duration_weeks"":3,""recovery_weeks"":4},{""target"":""T2P"",""magnitude"":0.26390737736636805,""start_week"":48,""duration_weeks"":2,""recovery_weeks"":4}]"
A,2026,576,Supplier-cluster shock,True,True,False,Structural,Concentrated dependency,Concentrated dependency,5,0.854280319196321,669.0059254992614,False,True,True,True,True,"[{""target"":""S1B"",""magnitude"":0.5778692818082778,""start_week"":15,""duration_weeks"":8,""recovery_weeks"":1},{""target"":""S1C"",""magnitude"":0.27503680171765155,""start_week"":17,""duration_weeks"":2,""recovery_weeks"":4},{""target"":""S1A"",""magnitude"":0.15994105834019412,""start_week"":19,""duration_weeks"":3,""recovery_weeks"":2},{""target"":""S1B"",""magnitude"":0.3279884180184012,""start_week"":27,""duration_weeks"":4,""recovery_weeks"":2},{""target"":""corridor"",""magnitude"":0.2847810646563277,""start_week"":43,""duration_weeks"":1,""recovery_weeks"":4}]"
A,2026,577,Supplier-cluster shock,True,True,False,Structural,Concentrated dependency,Concentrated dependency,2,0.8507974208133069,304.00235663595686,False,False,False,True,True,"[{""target"":""S1B"",""magnitude"":0.27996697746603144,""start_week"":7,""duration_weeks"":2,""recovery_weeks"":4},{""target"":""S1C"",""magnitude"":0.5857058031700594,""start_week"":39,""duration_weeks"":2,""recovery_weeks"":1}]"
A,2026,578,Supplier-cluster shock,True,True,True,Structural,Concentrated dependency; Hidden convergent dependency; Propagation-amplified cascade,Hidden convergent dependency,2,0.5690256446943368,2115.138438425679,True,False,False,False,True,"[{""target"":""T2P"",""magnitude"":0.48787691977509684,""start_week"":4,""duration_weeks"":6,""recovery_weeks"":1},{""target"":""S1C"",""magnitude"":0.34346172452170415,""start_week"":35,""duration_weeks"":1,""recovery_weeks"":2}]"
A,2026,579,Supplier-cluster shock,False,,False,Non-failure,Unclassified,Unclassified,5,0.9249488116745189,125.62543578114219,True,False,True,True,True,"[{""target"":""S1C"",""magnitude"":0.3179703809355444,""start_week"":9,""duration_weeks"":1,""recovery_weeks"":1},{""target"":""S1A"",""magnitude"":0.30613700192963983,""start_week"":16,""duration_weeks"":1,""recovery_weeks"":4},{""target"":""S1B"",""magnitude"":0.41886517373233223,""start_week"":30,""duration_weeks"":1,""recovery_weeks"":2},{""target"":""T2P"",""magnitude"":0.2386691387194037,""start_week"":31,""duration_weeks"":1,""recovery_weeks"":2},{""target"":""demand"",""magnitude"":0.0862599238722848,""start_week"":34,""duration_weeks"":3,""recovery_weeks"":1}]"
A,2026,580,Supplier-cluster shock,False,,False,Non-failure,Unclassified,Unclassified,0,1.0,0.0,False,False,False,False,False,[]
A,2026,581,Supplier-cluster shock,False,,False,Non-failure,Unclassified,Unclassified,1,0.9875836884504857,26.07425425398003,False,False,True,False,False,"[{""target"":""S1A"",""magnitude"":0.2779367009864071,""start_week"":24,""duration_weeks"":3,""recovery_weeks"":4}]"
A,2026,582,Supplier-cluster shock,False,,False,Non-failure,Unclassified,Unclassified,4,0.9271113034438225,131.19965380111944,False,False,True,True,True,"[{""target"":""S1B"",""magnitude"":0.21802364677158215,""start_week"":3,""duration_weeks"":2,""recovery_weeks"":3},{""target"":""S1C"",""magnitude"":0.1859908425876034,""start_week"":5,""duration_weeks"":2,""recovery_weeks"":2},{""target"":""S1B"",""magnitude"":0.4139995672513994,""start_week"":32,""duration_weeks"":1,""recovery_weeks"":1},{""target"":""S1A"",""magnitude"":0.4060385384950882,""start_week"":43,""duration_weeks"":3,""recovery_weeks"":4}]"
A,2026,583,Supplier-cluster shock,True,False,False,Adaptation-limited,Concentrated dependency; Hidden convergent dependency,Hidden convergent dependency,7,0.7541876228808962,371.3609031153618,True,True,True,False,True,"[{""target"":""demand"",""magnitude"":0.15498581961334237,""start_week"":2,""duration_weeks"":2,""recovery_weeks"":2},{""target"":""corridor"",""magnitude"":0.19057686105294,""start_week"":3,""duration_weeks"":2,""recovery_weeks"":4},{""target"":""corridor"",""magnitude"":0.17598500014639698,""start_week"":11,""duration_weeks"":2,""recovery_weeks"":2},{""target"":""T2P"",""magnitude"":0.3212311394071934,""start_week"":29,""duration_weeks"":4,""recovery_weeks"":1},{""target"":""S1C"",""magnitude"":0.4746510960727782,""start_week"":42,""duration_weeks"":1,""recovery_weeks"":1},{""target"":""S1A"",""magnitude"":0.34976082280299925,""start_week"":45,""duration_weeks"":1,""recovery_weeks"":1},{""target"":""S1C"",""magnitude"":0.49783003386585667,""start_week"":50,""duration_weeks"":3,""recovery_weeks"":3}]"
A,2026,584,Supplier-cluster shock,True,True,True,Structural,Concentrated dependency,Concentrated dependency,2,0.7087700125990836,1034.1852539652057,False,True,False,False,False,"[{""target"":""corridor"",""magnitude"":0.2869864810831072,""start_week"":2,""duration_weeks"":3,""recovery_weeks"":4},{""target"":""corridor"",""magnitude"":0.4684224905506872,""start_week"":30,""duration_weeks"":3,""recovery_weeks"":4}]"
A,2026,585,Supplier-cluster shock,True,True,False,Structural,Concentrated dependency,Concentrated dependency,1,0.8388095819508603,338.4998779031931,False,False,True,False,False,"[{""target"":""S1A"",""magnitude"":0.6126784406105643,""start_week"":1,""duration_weeks"":2,""recovery_weeks"":1}]"
A,2026,586,Supplier-cluster shock,False,,False,Non-failure,Unclassified,Unclassified,3,0.9311005570459054,66.59806847868515,False,True,False,False,False,"[{""target"":""demand"",""magnitude"":0.07399785386520574,""start_week"":4,""duration_weeks"":2,""recovery_weeks"":1},{""target"":""corridor"",""magnitude"":0.29323727796911514,""start_week"":33,""duration_weeks"":1,""recovery_weeks"":2},{""target"":""corridor"",""magnitude"":0.1791540060576225,""start_week"":38,""duration_weeks"":1,""recovery_weeks"":1}]"
A,2026,587,Supplier-cluster shock,False,,False,Non-failure,Unclassified,Unclassified,0,1.0,0.0,False,False,False,False,False,[]
A,2026,588,Supplier-cluster shock,True,True,True,Structural,Concentrated dependency,Concentrated dependency,1,0.8039349919086988,763.1779095903123,False,True,False,False,False,"[{""target"":""corridor"",""magnitude"":0.3970487560684759,""start_week"":1,""duration_weeks"":3,""recovery_weeks"":4}]"
A,2026,589,Supplier-cluster shock,True,False,True,Adaptation-limited,Compounding moderate disturbance; Propagation-amplified cascade; Recovery lag and temporal overlap,Compounding moderate disturbance,5,0.7275824074289511,1056.9303765252612,True,True,False,True,False,"[{""target"":""T2P"",""magnitude"":0.2535035655065494,""start_week"":14,""duration_weeks"":1,""recovery_weeks"":1},{""target"":""corridor"",""magnitude"":0.31557383472538103,""start_week"":35,""duration_weeks"":2,""recovery_weeks"":4},{""target"":""corridor"",""magnitude"":0.2851136163070873,""start_week"":38,""duration_weeks"":4,""recovery_weeks"":2},{""target"":""demand"",""magnitude"":0.09071283830243868,""start_week"":40,""duration_weeks"":1,""recovery_weeks"":2},{""target"":""S1B"",""magnitude"":0.26040083682514126,""start_week"":44,""duration_weeks"":6,""recovery_weeks"":2}]"
A,2026,590,Supplier-cluster shock,True,True,False,Structural,Concentrated dependency,Concentrated dependency,3,0.8408672162744841,353.3665626694184,False,True,False,False,False,"[{""target"":""corridor"",""magnitude"":0.36934958779413685,""start_week"":5,""duration_weeks"":1,""recovery_weeks"":1},{""target"":""corridor"",""magnitude"":0.27788647998478755,""start_week"":7,""duration_weeks"":1,""recovery_weeks"":4},{""target"":""demand"",""magnitude"":0.11404001116945066,""start_week"":31,""duration_weeks"":3,""recovery_weeks"":4}]"
A,2026,591,Supplier-cluster shock,True,False,True,Adaptation-limited,Concentrated dependency,Concentrated dependency,3,0.7861091734646808,577.5052316453617,False,True,False,False,False,"[{""target"":""corridor"",""magnitude"":0.41041811990148935,""start_week"":11,""duration_weeks"":2,""recovery_weeks"":1},{""target"":""corridor"",""magnitude"":0.199495637972486,""start_week"":27,""duration_weeks"":2,""recovery_weeks"":4},{""target"":""corridor"",""magnitude"":0.32418499421406755,""start_week"":32,""duration_weeks"":3,""recovery_weeks"":2}]"
A,2026,592,Supplier-cluster shock,False,,False,Non-failure,Unclassified,Unclassified,1,0.8559806176433573,129.61744412097846,True,False,False,False,False,"[{""target"":""T2P"",""magnitude"":0.34320581470699274,""start_week"":28,""duration_weeks"":2,""recovery_weeks"":1}]"
A,2026,593,Supplier-cluster shock,True,True,False,Structural,Concentrated dependency; Hidden convergent dependency; Propagation-amplified cascade,Hidden convergent dependency,3,0.8322534945517484,364.4052054448538,True,True,True,False,False,"[{""target"":""T2P"",""magnitude"":0.3346291398712351,""start_week"":16,""duration_weeks"":2,""recovery_weeks"":4},{""target"":""corridor"",""magnitude"":0.24763647705483055,""start_week"":18,""duration_weeks"":1,""recovery_weeks"":1},{""target"":""S1A"",""magnitude"":0.3828162608672462,""start_week"":24,""duration_weeks"":1,""recovery_weeks"":4}]"
A,2026,594,Supplier-cluster shock,False,,False,Non-failure,Unclassified,Unclassified,1,0.9472755039723467,94.9040928497759,False,False,False,False,True,"[{""target"":""S1C"",""magnitude"":0.36863011606221985,""start_week"":34,""duration_weeks"":1,""recovery_weeks"":2}]"
A,2026,595,Supplier-cluster shock,True,True,False,Structural,Concentrated dependency,Concentrated dependency,5,0.7956851357182622,430.6792890973012,True,True,False,False,False,"[{""target"":""corridor"",""magnitude"":0.4032361482113034,""start_week"":1,""duration_weeks"":1,""recovery_weeks"":4},{""target"":""corridor"",""magnitude"":0.3959119221961389,""start_week"":21,""duration_weeks"":2,""recovery_weeks"":4},{""target"":""demand"",""magnitude"":0.21751119693934184,""start_week"":27,""duration_weeks"":1,""recovery_weeks"":3},{""target"":""demand"",""magnitude"":0.06680411414544418,""start_week"":43,""duration_weeks"":1,""recovery_weeks"":3},{""target"":""T2P"",""magnitude"":0.3496942926279612,""start_week"":48,""duration_weeks"":4,""recovery_weeks"":4}]"
A,2026,596,Supplier-cluster shock,False,,False,Non-failure,Unclassified,Unclassified,2,0.9840371469910876,28.733135416042387,False,False,True,True,False,"[{""target"":""S1B"",""magnitude"":0.28591641927005296,""start_week"":31,""duration_weeks"":1,""recovery_weeks"":3},{""target"":""S1A"",""magnitude"":0.27256732864230443,""start_week"":46,""duration_weeks"":1,""recovery_weeks"":1}]"
A,2026,597,Supplier-cluster shock,False,,False,Non-failure,Unclassified,Unclassified,1,0.8501261468145982,158.66641482829118,False,False,False,False,False,"[{""target"":""demand"",""magnitude"":0.17629601647587884,""start_week"":47,""duration_weeks"":1,""recovery_weeks"":2}]"
A,2026,598,Supplier-cluster shock,False,,False,Non-failure,Unclassified,Unclassified,0,1.0,0.0,False,False,False,False,False,[]
A,2026,599,Supplier-cluster shock,True,True,True,Structural,Concentrated dependency; Hidden convergent dependency; Propagation-amplified cascade; Recovery lag and temporal overlap,Hidden convergent dependency,2,0.7141322231599544,1022.3264945142669,True,True,False,False,False,"[{""target"":""corridor"",""magnitude"":0.24077952567242994,""start_week"":32,""duration_weeks"":2,""recovery_weeks"":2},{""target"":""T2P"",""magnitude"":0.357280999156041,""start_week"":35,""duration_weeks"":5,""recovery_weeks"":2}]"
A,2026,600,Supplier-cluster shock,True,True,True,Structural,Concentrated dependency; Hidden convergent dependency,Hidden convergent dependency,3,0.5534771670561889,4604.979157897093,True,False,False,False,False,"[{""target"":""T2P"",""magnitude"":0.43378584415927857,""start_week"":35,""duration_weeks"":16,""recovery_weeks"":1},{""target"":""demand"",""magnitude"":0.18397228381891734,""start_week"":38,""duration_weeks"":2,""recovery_weeks"":1},{""target"":""demand"",""magnitude"":0.1366807472279251,""start_week"":42,""duration_weeks"":1,""recovery_weeks"":3}]"
A,2026,601,Supplier-cluster shock,False,,False,Non-failure,Unclassified,Unclassified,1,1.0,0.0,True,False,False,False,False,"[{""target"":""T2P"",""magnitude"":0.2599971337338518,""start_week"":10,""duration_weeks"":1,""recovery_weeks"":1}]"
A,2026,602,Supplier-cluster shock,False,,False,Non-failure,Unclassified,Unclassified,5,0.930676843327101,128.68929509792315,False,False,True,True,True,"[{""target"":""S1A"",""magnitude"":0.38788138760491764,""start_week"":10,""duration_weeks"":4,""recovery_weeks"":4},{""target"":""S1B"",""magnitude"":0.3853865613353571,""start_week"":22,""duration_weeks"":1,""recovery_weeks"":1},{""target"":""S1C"",""magnitude"":0.18581381564162974,""start_week"":33,""duration_weeks"":4,""recovery_weeks"":4},{""target"":""S1B"",""magnitude"":0.40597710251402275,""start_week"":36,""duration_weeks"":1,""recovery_weeks"":2},{""target"":""S1A"",""magnitude"":0.19648376566189726,""start_week"":50,""duration_weeks"":6,""recovery_weeks"":1}]"
A,2026,603,Supplier-cluster shock,False,,False,Non-failure,Unclassified,Unclassified,3,0.8328393321289893,180.64060531258497,True,False,False,False,False,"[{""target"":""demand"",""magnitude"":0.20071178368064996,""start_week"":5,""duration_weeks"":3,""recovery_weeks"":2},{""target"":""demand"",""magnitude"":0.10603253176735451,""start_week"":23,""duration_weeks"":6,""recovery_weeks"":4},{""target"":""T2P"",""magnitude"":0.2441142408541136,""start_week"":40,""duration_weeks"":1,""recovery_weeks"":4}]"
A,2026,604,Supplier-cluster shock,False,,False,Non-failure,Unclassified,Unclassified,1,0.8601461187231191,146.33385003939065,False,False,False,False,False,"[{""target"":""demand"",""magnitude"":0.1625931667104341,""start_week"":12,""duration_weeks"":3,""recovery_weeks"":1}]"
A,2026,605,Supplier-cluster shock,False,,False,Non-failure,Unclassified,Unclassified,4,0.9327025508696385,107.52841964264746,False,False,True,True,False,"[{""target"":""S1A"",""magnitude"":0.1741780101637824,""start_week"":8,""duration_weeks"":1,""recovery_weeks"":4},{""target"":""S1B"",""magnitude"":0.29589489447050443,""start_week"":10,""duration_weeks"":3,""recovery_weeks"":4},{""target"":""S1A"",""magnitude"":0.35510476101583816,""start_week"":13,""duration_weeks"":5,""recovery_weeks"":4},{""target"":""demand"",""magnitude"":0.1252452852596454,""start_week"":41,""duration_weeks"":3,""recovery_weeks"":3}]"
A,2026,606,Supplier-cluster shock,False,,False,Non-failure,Unclassified,Unclassified,2,0.8484907107464793,160.70695719014316,True,False,False,False,False,"[{""target"":""T2P"",""magnitude"":0.2451056514832884,""start_week"":14,""duration_weeks"":1,""recovery_weeks"":4},{""target"":""demand"",""magnitude"":0.17856328576682579,""start_week"":32,""duration_weeks"":1,""recovery_weeks"":1}]"
A,2026,607,Supplier-cluster shock,False,,False,Non-failure,Unclassified,Unclassified,2,0.9133114472998645,85.42507340817997,False,False,False,False,False,"[{""target"":""demand"",""magnitude"":0.09491674823131105,""start_week"":6,""duration_weeks"":1,""recovery_weeks"":2},{""target"":""demand"",""magnitude"":0.06953192901921824,""start_week"":47,""duration_weeks"":4,""recovery_weeks"":1}]"
A,2026,608,Supplier-cluster shock,False,,False,Non-failure,Unclassified,Unclassified,2,0.9672318777581623,40.34128714712392,True,True,False,False,False,"[{""target"":""T2P"",""magnitude"":0.414745655008827,""start_week"":3,""duration_weeks"":1,""recovery_weeks"":1},{""target"":""corridor"",""magnitude"":0.26939794365688274,""start_week"":14,""duration_weeks"":2,""recovery_weeks"":2}]"
A,2026,609,Supplier-cluster shock,True,True,True,Structural,Concentrated dependency,Concentrated dependency,5,0.7473518364295836,1253.455864682454,False,True,False,False,False,"[{""target"":""demand"",""magnitude"":0.17748298529737838,""start_week"":2,""duration_weeks"":3,""recovery_weeks"":4},{""target"":""corridor"",""magnitude"":0.3561485909027654,""start_week"":28,""duration_weeks"":4,""recovery_weeks"":2},{""target"":""demand"",""magnitude"":0.14868058606003753,""start_week"":29,""duration_weeks"":6,""recovery_weeks"":2},{""target"":""corridor"",""magnitude"":0.29517910569656913,""start_week"":41,""duration_weeks"":1,""recovery_weeks"":4},{""target"":""demand"",""magnitude"":0.12015236848646674,""start_week"":51,""duration_weeks"":8,""recovery_weeks"":1}]"
A,2026,610,Supplier-cluster shock,False,,False,Non-failure,Unclassified,Unclassified,2,0.8618703474309132,144.24058987844842,False,False,True,False,False,"[{""target"":""demand"",""magnitude"":0.16026732208716493,""start_week"":7,""duration_weeks"":2,""recovery_weeks"":2},{""target"":""S1A"",""magnitude"":0.30511577109409527,""start_week"":13,""duration_weeks"":2,""recovery_weeks"":2}]"
A,2026,611,Supplier-cluster shock,False,,False,Non-failure,Unclassified,Unclassified,1,1.0,0.0,False,False,False,False,True,"[{""target"":""S1C"",""magnitude"":0.2182075021093393,""start_week"":2,""duration_weeks"":4,""recovery_weeks"":1}]"
A,2026,612,Supplier-cluster shock,False,,False,Non-failure,Unclassified,Unclassified,1,0.9426630607390507,120.40757244799352,False,False,False,False,True,"[{""target"":""S1C"",""magnitude"":0.37900811333713585,""start_week"":13,""duration_weeks"":8,""recovery_weeks"":1}]"
A,2026,613,Supplier-cluster shock,True,False,True,Adaptation-limited,Concentrated dependency; Recovery lag and temporal overlap,Recovery lag and temporal overlap,5,0.5496733011125481,968.965545654511,True,True,False,False,False,"[{""target"":""demand"",""magnitude"":0.1849020036076846,""start_week"":3,""duration_weeks"":2,""recovery_weeks"":3},{""target"":""demand"",""magnitude"":0.14464522880063746,""start_week"":14,""duration_weeks"":2,""recovery_weeks"":2},{""target"":""T2P"",""magnitude"":0.27218989983824,""start_week"":21,""duration_weeks"":4,""recovery_weeks"":3},{""target"":""corridor"",""magnitude"":0.3969667511589047,""start_week"":23,""duration_weeks"":1,""recovery_weeks"":2},{""target"":""corridor"",""magnitude"":0.4856563628577901,""start_week"":25,""duration_weeks"":1,""recovery_weeks"":3}]"
A,2026,614,Supplier-cluster shock,False,,False,Non-failure,Unclassified,Unclassified,2,0.9658120340200347,61.538338763937645,False,False,False,True,True,"[{""target"":""S1B"",""magnitude"":0.3269229234549219,""start_week"":43,""duration_weeks"":1,""recovery_weeks"":3},{""target"":""S1C"",""magnitude"":0.21625127262695287,""start_week"":48,""duration_weeks"":4,""recovery_weeks"":4}]"
A,2026,615,Supplier-cluster shock,False,,False,Non-failure,Unclassified,Unclassified,3,0.9116051566607197,185.62917101248854,False,False,True,True,True,"[{""target"":""S1C"",""magnitude"":0.4488883975133805,""start_week"":18,""duration_weeks"":6,""recovery_weeks"":3},{""target"":""S1A"",""magnitude"":0.3454496393916735,""start_week"":35,""duration_weeks"":15,""recovery_weeks"":3},{""target"":""S1B"",""magnitude"":0.27474470097006903,""start_week"":37,""duration_weeks"":4,""recovery_weeks"":2}]"
A,2026,616,Supplier-cluster shock,True,False,True,Adaptation-limited,Concentrated dependency,Concentrated dependency,1,0.7106656665412222,1562.4054006773997,False,True,False,False,False,"[{""target"":""corridor"",""magnitude"":0.46700075009408337,""start_week"":28,""duration_weeks"":5,""recovery_weeks"":2}]"
A,2026,617,Supplier-cluster shock,False,,False,Non-failure,Unclassified,Unclassified,1,0.832021314536695,151.18081691697444,True,False,False,False,False,"[{""target"":""T2P"",""magnitude"":0.4755904084584872,""start_week"":37,""duration_weeks"":1,""recovery_weeks"":1}]"
A,2026,618,Supplier-cluster shock,True,True,True,Structural,Concentrated dependency,Concentrated dependency,2,0.802198285227069,534.0646298869137,False,True,False,False,True,"[{""target"":""corridor"",""magnitude"":0.39835128607969816,""start_week"":1,""duration_weeks"":2,""recovery_weeks"":1},{""target"":""S1C"",""magnitude"":0.358905457785663,""start_week"":20,""duration_weeks"":4,""recovery_weeks"":4}]"
A,2026,619,Supplier-cluster shock,False,,False,Non-failure,Unclassified,Unclassified,2,0.7413791458061315,348.87775136805044,False,True,False,False,False,"[{""target"":""demand"",""magnitude"":0.09545127705401883,""start_week"":33,""duration_weeks"":2,""recovery_weeks"":2},{""target"":""corridor"",""magnitude"":0.44396564064540134,""start_week"":44,""duration_weeks"":1,""recovery_weeks"":3}]"
A,2026,620,Supplier-cluster shock,False,,False,Non-failure,Unclassified,Unclassified,5,0.89610759248098,110.62118534527485,False,False,True,True,True,"[{""target"":""S1C"",""magnitude"":0.31768200685164005,""start_week"":8,""duration_weeks"":3,""recovery_weeks"":4},{""target"":""demand"",""magnitude"":0.1830742120295411,""start_week"":16,""duration_weeks"":1,""recovery_weeks"":1},{""target"":""demand"",""magnitude"":0.10825380331256357,""start_week"":26,""duration_weeks"":2,""recovery_weeks"":3},{""target"":""S1A"",""magnitude"":0.38292306846318924,""start_week"":35,""duration_weeks"":1,""recovery_weeks"":1},{""target"":""S1B"",""magnitude"":0.19431108420513998,""start_week"":51,""duration_weeks"":1,""recovery_weeks"":2}]"
A,2026,621,Supplier-cluster shock,False,,False,Non-failure,Unclassified,Unclassified,4,0.9236957145939261,182.16931834999627,False,False,True,True,True,"[{""target"":""S1C"",""magnitude"":0.4076701126573937,""start_week"":2,""duration_weeks"":6,""recovery_weeks"":3},{""target"":""S1B"",""magnitude"":0.35037790484912773,""start_week"":12,""duration_weeks"":6,""recovery_weeks"":4},{""target"":""S1A"",""magnitude"":0.4721666386424691,""start_week"":19,""duration_weeks"":6,""recovery_weeks"":2},{""target"":""demand"",""magnitude"":0.20061425308093034,""start_week"":41,""duration_weeks"":1,""recovery_weeks"":2}]"
A,2026,622,Supplier-cluster shock,True,True,True,Structural,Concentrated dependency; Hidden convergent dependency; Propagation-amplified cascade,Hidden convergent dependency,6,0.8221611208302299,736.4787124901375,True,False,True,True,False,"[{""target"":""T2P"",""magnitude"":0.22944517770931672,""start_week"":11,""duration_weeks"":6,""recovery_weeks"":4},{""target"":""S1B"",""magnitude"":0.24558624926039888,""start_week"":12,""duration_weeks"":2,""recovery_weeks"":2},{""target"":""S1A"",""magnitude"":0.22305232729443056,""start_week"":13,""duration_weeks"":7,""recovery_weeks"":1},{""target"":""S1B"",""magnitude"":0.2901400319680996,""start_week"":21,""duration_weeks"":1,""recovery_weeks"":2},{""target"":""demand"",""magnitude"":0.11334233821388873,""start_week"":35,""duration_weeks"":2,""recovery_weeks"":2},{""target"":""T2P"",""magnitude"":0.26005499125279297,""start_week"":39,""duration_weeks"":9,""recovery_weeks"":4}]"
A,2026,623,Supplier-cluster shock,False,,False,Non-failure,Unclassified,Unclassified,2,0.8631445471522607,142.6990507781518,True,False,False,False,False,"[{""target"":""demand"",""magnitude"":0.1585545008646131,""start_week"":7,""duration_weeks"":3,""recovery_weeks"":1},{""target"":""T2P"",""magnitude"":0.4034584061423381,""start_week"":51,""duration_weeks"":2,""recovery_weeks"":2}]"
A,2026,624,Supplier-cluster shock,False,,False,Non-failure,Unclassified,Unclassified,2,0.9986495268342345,2.835993648107433,False,False,True,False,True,"[{""target"":""S1C"",""magnitude"":0.25303856462297225,""start_week"":5,""duration_weeks"":5,""recovery_weeks"":2},{""target"":""S1A"",""magnitude"":0.2257541084201088,""start_week"":13,""duration_weeks"":8,""recovery_weeks"":1}]"
A,2026,625,Supplier-cluster shock,False,,False,Non-failure,Unclassified,Unclassified,2,0.7656822266494583,275.42234712473555,False,True,False,False,False,"[{""target"":""demand"",""magnitude"":0.30602483013859516,""start_week"":17,""duration_weeks"":2,""recovery_weeks"":1},{""target"":""corridor"",""magnitude"":0.26903209687374485,""start_week"":50,""duration_weeks"":6,""recovery_weeks"":1}]"
A,2026,626,Supplier-cluster shock,False,,False,Non-failure,Unclassified,Unclassified,2,0.8356083996682524,147.9524402985728,True,False,False,False,False,"[{""target"":""T2P"",""magnitude"":0.2869881100746432,""start_week"":37,""duration_weeks"":3,""recovery_weeks"":1},{""target"":""demand"",""magnitude"":0.05927700374292842,""start_week"":46,""duration_weeks"":1,""recovery_weeks"":2}]"
A,2026,627,Supplier-cluster shock,False,,False,Non-failure,Unclassified,Unclassified,5,0.942771833358097,120.1791499479964,False,False,True,True,True,"[{""target"":""S1C"",""magnitude"":0.37876337494428175,""start_week"":9,""duration_weeks"":3,""recovery_weeks"":3},{""target"":""S1A"",""magnitude"":0.18198551616189235,""start_week"":28,""duration_weeks"":1,""recovery_weeks"":1},{""target"":""S1B"",""magnitude"":0.24355078496169927,""start_week"":29,""duration_weeks"":2,""recovery_weeks"":2},{""target"":""S1C"",""magnitude"":0.19474986557071108,""start_week"":30,""duration_weeks"":4,""recovery_weeks"":4},{""target"":""S1B"",""magnitude"":0.2465661817496787,""start_week"":44,""duration_weeks"":3,""recovery_weeks"":4}]"
A,2026,628,Supplier-cluster shock,True,True,True,Structural,Concentrated dependency,Concentrated dependency,5,0.519672765003732,3235.4947068004712,True,True,False,False,False,"[{""target"":""corridor"",""magnitude"":0.1688699886908241,""start_week"":10,""duration_weeks"":2,""recovery_weeks"":4},{""target"":""demand"",""magnitude"":0.2539976619151365,""start_week"":15,""duration_weeks"":3,""recovery_weeks"":4},{""target"":""T2P"",""magnitude"":0.29321686870832914,""start_week"":25,""duration_weeks"":1,""recovery_weeks"":1},{""target"":""corridor"",""magnitude"":0.3856709193888008,""start_week"":32,""duration_weeks"":12,""recovery_weeks"":2},{""target"":""corridor"",""magnitude"":0.3655605992719242,""start_week"":41,""duration_weeks"":2,""recovery_weeks"":4}]"
A,2026,629,Supplier-cluster shock,True,False,False,Adaptation-limited,Concentrated dependency,Concentrated dependency,3,0.5796388640466595,686.3733246650495,False,True,False,False,True,"[{""target"":""S1C"",""magnitude"":0.38679903903745905,""start_week"":17,""duration_weeks"":3,""recovery_weeks"":3},{""target"":""corridor"",""magnitude"":0.5652708519650054,""start_week"":35,""duration_weeks"":1,""recovery_weeks"":2},{""target"":""demand"",""magnitude"":0.06695667700910427,""start_week"":48,""duration_weeks"":1,""recovery_weeks"":3}]"
A,2026,630,Supplier-cluster shock,False,,False,Non-failure,Unclassified,Unclassified,1,1.0,0.0,True,False,False,False,False,"[{""target"":""T2P"",""magnitude"":0.4046511061098591,""start_week"":48,""duration_weeks"":3,""recovery_weeks"":3}]"
A,2026,631,Supplier-cluster shock,False,,False,Non-failure,Unclassified,Unclassified,2,0.9629543002481165,77.79596947895539,False,False,False,True,True,"[{""target"":""S1B"",""magnitude"":0.33335282444173786,""start_week"":21,""duration_weeks"":2,""recovery_weeks"":3},{""target"":""S1C"",""magnitude"":0.2822958804587231,""start_week"":47,""duration_weeks"":2,""recovery_weeks"":4}]"
A,2026,632,Supplier-cluster shock,True,True,False,Structural,Concentrated dependency,Concentrated dependency,3,0.4783653203925093,946.8281139930505,False,True,True,True,False,"[{""target"":""S1A"",""magnitude"":0.30914268024675284,""start_week"":11,""duration_weeks"":2,""recovery_weeks"":2},{""target"":""corridor"",""magnitude"":0.641226009705618,""start_week"":15,""duration_weeks"":1,""recovery_weeks"":1},{""target"":""S1B"",""magnitude"":0.1562281871144202,""start_week"":19,""duration_weeks"":7,""recovery_weeks"":4}]"
A,2026,633,Supplier-cluster shock,False,,False,Non-failure,Unclassified,Unclassified,2,0.989467206336758,22.118866692808297,False,False,False,True,True,"[{""target"":""S1C"",""magnitude"":0.24261793380622426,""start_week"":21,""duration_weeks"":3,""recovery_weeks"":1},{""target"":""S1B"",""magnitude"":0.27369878574229484,""start_week"":44,""duration_weeks"":7,""recovery_weeks"":2}]"
A,2026,634,Supplier-cluster shock,False,,False,Non-failure,Unclassified,Unclassified,5,0.8667196626970471,183.60365562865434,True,False,True,True,True,"[{""target"":""demand"",""magnitude"":0.1288111780642041,""start_week"":1,""duration_weeks"":3,""recovery_weeks"":1},{""target"":""T2P"",""magnitude"":0.1618517855641334,""start_week"":21,""duration_weeks"":1,""recovery_weeks"":4},{""target"":""S1B"",""magnitude"":0.31950858178281116,""start_week"":22,""duration_weeks"":1,""recovery_weeks"":3},{""target"":""S1A"",""magnitude"":0.549880758931644,""start_week"":29,""duration_weeks"":2,""recovery_weeks"":2},{""target"":""S1C"",""magnitude"":0.30081118294723086,""start_week"":49,""duration_weeks"":4,""recovery_weeks"":3}]"
A,2026,635,Supplier-cluster shock,False,,False,Non-failure,Unclassified,Unclassified,0,1.0,0.0,False,False,False,False,False,[]
A,2026,636,Supplier-cluster shock,False,,False,Non-failure,Unclassified,Unclassified,1,1.0,0.0,False,True,False,False,False,"[{""target"":""corridor"",""magnitude"":0.24775894570918244,""start_week"":16,""duration_weeks"":14,""recovery_weeks"":3}]"
A,2026,637,Supplier-cluster shock,True,True,False,Structural,Concentrated dependency,Concentrated dependency,7,0.8862434435252116,425.5607262471808,False,False,True,True,True,"[{""target"":""S1A"",""magnitude"":0.24585022801151937,""start_week"":2,""duration_weeks"":1,""recovery_weeks"":4},{""target"":""S1B"",""magnitude"":0.21693993595546762,""start_week"":3,""duration_weeks"":1,""recovery_weeks"":1},{""target"":""S1A"",""magnitude"":0.2566033111478744,""start_week"":11,""duration_weeks"":2,""recovery_weeks"":2},{""target"":""S1B"",""magnitude"":0.5074196545455791,""start_week"":15,""duration_weeks"":10,""recovery_weeks"":2},{""target"":""S1C"",""magnitude"":0.3150515439090761,""start_week"":18,""duration_weeks"":2,""recovery_weeks"":1},{""target"":""S1B"",""magnitude"":0.16523509761703462,""start_week"":22,""duration_weeks"":2,""recovery_weeks"":1},{""target"":""S1A"",""magnitude"":0.2678455167551034,""start_week"":37,""duration_weeks"":2,""recovery_weeks"":1}]"
A,2026,638,Supplier-cluster shock,True,True,True,Structural,Concentrated dependency,Concentrated dependency,7,0.4318414685172724,5346.166724750785,True,True,True,False,True,"[{""target"":""S1C"",""magnitude"":0.3278716484826318,""start_week"":4,""duration_weeks"":3,""recovery_weeks"":4},{""target"":""demand"",""magnitude"":0.1062855306488538,""start_week"":11,""duration_weeks"":5,""recovery_weeks"":2},{""target"":""S1A"",""magnitude"":0.3168001367099821,""start_week"":21,""duration_weeks"":4,""recovery_weeks"":2},{""target"":""corridor"",""magnitude"":0.482486116415341,""start_week"":35,""duration_weeks"":12,""recovery_weeks"":4},{""target"":""corridor"",""magnitude"":0.3741595894113411,""start_week"":36,""duration_weeks"":2,""recovery_weeks"":1},{""target"":""corridor"",""magnitude"":0.3874809580557994,""start_week"":48,""duration_weeks"":5,""recovery_weeks"":4},{""target"":""T2P"",""magnitude"":0.28707746513057464,""start_week"":51,""duration_weeks"":2,""recovery_weeks"":4}]"
A,2026,639,Supplier-cluster shock,False,,False,Non-failure,Unclassified,Unclassified,2,0.9675101315593057,62.077965052869786,False,False,False,True,True,"[{""target"":""S1C"",""magnitude"":0.3231022039915624,""start_week"":37,""duration_weeks"":1,""recovery_weeks"":4},{""target"":""S1B"",""magnitude"":0.2910312529858984,""start_week"":39,""duration_weeks"":1,""recovery_weeks"":1}]"
A,2026,640,Supplier-cluster shock,True,True,True,Structural,Concentrated dependency; Recovery lag and temporal overlap,Recovery lag and temporal overlap,3,0.8003335560268182,644.9989740287328,False,True,False,False,False,"[{""target"":""demand"",""magnitude"":0.08353667931307802,""start_week"":15,""duration_weeks"":5,""recovery_weeks"":3},{""target"":""corridor"",""magnitude"":0.3830355310765594,""start_week"":20,""duration_weeks"":3,""recovery_weeks"":3},{""target"":""corridor"",""magnitude"":0.30501509328437787,""start_week"":34,""duration_weeks"":1,""recovery_weeks"":2}]"
A,2026,641,Supplier-cluster shock,False,,False,Non-failure,Unclassified,Unclassified,1,0.8480017431260269,161.31857309902398,False,False,False,False,False,"[{""target"":""demand"",""magnitude"":0.1792428589989155,""start_week"":46,""duration_weeks"":1,""recovery_weeks"":3}]"
A,2026,642,Supplier-cluster shock,False,,False,Non-failure,Unclassified,Unclassified,1,0.9497113667905782,105.60612973978573,False,False,False,False,True,"[{""target"":""S1C"",""magnitude"":0.36314942472119904,""start_week"":32,""duration_weeks"":4,""recovery_weeks"":2}]"
A,2026,643,Supplier-cluster shock,True,True,True,Structural,Concentrated dependency; Hidden convergent dependency; Propagation-amplified cascade,Hidden convergent dependency,3,0.5541999270361041,2609.4407210565205,True,False,False,True,False,"[{""target"":""T2P"",""magnitude"":0.5012200656675063,""start_week"":10,""duration_weeks"":6,""recovery_weeks"":3},{""target"":""S1B"",""magnitude"":0.4628094284366421,""start_week"":21,""duration_weeks"":2,""recovery_weeks"":2},{""target"":""T2P"",""magnitude"":0.41023797568753495,""start_week"":37,""duration_weeks"":1,""recovery_weeks"":1}]"
A,2026,644,Supplier-cluster shock,False,,False,Non-failure,Unclassified,Unclassified,1,0.8728889308669939,131.0590135517907,False,False,False,False,False,"[{""target"":""demand"",""magnitude"":0.1456211261686564,""start_week"":12,""duration_weeks"":1,""recovery_weeks"":1}]"
A,2026,645,Supplier-cluster shock,False,,False,Non-failure,Unclassified,Unclassified,3,0.857937835522234,149.02705386825892,True,False,False,False,False,"[{""target"":""T2P"",""magnitude"":0.16963592175742864,""start_week"":15,""duration_weeks"":7,""recovery_weeks"":1},{""target"":""demand"",""magnitude"":0.1655856154091765,""start_week"":35,""duration_weeks"":2,""recovery_weeks"":3},{""target"":""T2P"",""magnitude"":0.35502913513313017,""start_week"":51,""duration_weeks"":2,""recovery_weeks"":4}]"
A,2026,646,Supplier-cluster shock,True,True,True,Structural,Concentrated dependency; Hidden convergent dependency; Propagation-amplified cascade,Hidden convergent dependency,2,0.6133182124549809,2184.108870324137,True,False,False,False,False,"[{""target"":""T2P"",""magnitude"":0.4480136087905172,""start_week"":2,""duration_weeks"":7,""recovery_weeks"":1},{""target"":""demand"",""magnitude"":0.128232898262732,""start_week"":33,""duration_weeks"":1,""recovery_weeks"":4}]"
A,2026,647,Supplier-cluster shock,False,,False,Non-failure,Unclassified,Unclassified,3,0.8389889806286942,235.48748681415213,False,False,True,False,False,"[{""target"":""S1A"",""magnitude"":0.25883272162460513,""start_week"":10,""duration_weeks"":3,""recovery_weeks"":1},{""target"":""demand"",""magnitude"":0.19035109126205652,""start_week"":13,""duration_weeks"":1,""recovery_weeks"":1},{""target"":""demand"",""magnitude"":0.1257245852110432,""start_week"":38,""duration_weeks"":8,""recovery_weeks"":4}]"
A,2026,648,Supplier-cluster shock,False,,False,Non-failure,Unclassified,Unclassified,1,1.0,0.0,False,False,False,False,True,"[{""target"":""S1C"",""magnitude"":0.1865997471418056,""start_week"":49,""duration_weeks"":12,""recovery_weeks"":1}]"
A,2026,649,Supplier-cluster shock,True,True,False,Structural,Hidden convergent dependency; Compounding moderate disturbance,Hidden convergent dependency,2,0.63545441112173,583.5172887713783,True,False,False,False,False,"[{""target"":""demand"",""magnitude"":0.22201227744445812,""start_week"":13,""duration_weeks"":2,""recovery_weeks"":3},{""target"":""T2P"",""magnitude"":0.42809102999044313,""start_week"":18,""duration_weeks"":1,""recovery_weeks"":3}]"
A,2026,650,Supplier-cluster shock,False,,False,Non-failure,Unclassified,Unclassified,2,0.9217455161715133,76.40832985894667,False,False,False,False,True,"[{""target"":""demand"",""magnitude"":0.08489814428771836,""start_week"":18,""duration_weeks"":1,""recovery_weeks"":4},{""target"":""S1C"",""magnitude"":0.33020530827923555,""start_week"":33,""duration_weeks"":2,""recovery_weeks"":3}]"
A,2026,651,Supplier-cluster shock,True,True,True,Structural,Concentrated dependency; Hidden convergent dependency; Propagation-amplified cascade,Hidden convergent dependency,4,0.7100085740177697,1753.2923475095627,True,True,True,False,False,"[{""target"":""T2P"",""magnitude"":0.26861443866358276,""start_week"":16,""duration_weeks"":8,""recovery_weeks"":4},{""target"":""demand"",""magnitude"":0.14456452139519077,""start_week"":26,""duration_weeks"":1,""recovery_weeks"":3},{""target"":""corridor"",""magnitude"":0.3216619505776284,""start_week"":29,""duration_weeks"":3,""recovery_weeks"":1},{""target"":""S1A"",""magnitude"":0.5112069766743844,""start_week"":30,""duration_weeks"":5,""recovery_weeks"":3}]"
A,2026,652,Supplier-cluster shock,False,,False,Non-failure,Unclassified,Unclassified,1,0.8455616228324051,164.38132443291488,False,False,False,False,False,"[{""target"":""demand"",""magnitude"":0.18264591603657182,""start_week"":21,""duration_weeks"":1,""recovery_weeks"":3}]"
A,2026,653,Supplier-cluster shock,False,,False,Non-failure,Unclassified,Unclassified,4,0.8598393215933475,146.7071898180136,False,False,True,True,False,"[{""target"":""demand"",""magnitude"":0.1630079886866817,""start_week"":3,""duration_weeks"":1,""recovery_weeks"":2},{""target"":""demand"",""magnitude"":0.16099911238805206,""start_week"":11,""duration_weeks"":11,""recovery_weeks"":3},{""target"":""S1A"",""magnitude"":0.39878782747064834,""start_week"":26,""duration_weeks"":3,""recovery_weeks"":3},{""target"":""S1B"",""magnitude"":0.4408761325865709,""start_week"":32,""duration_weeks"":1,""recovery_weeks"":3}]"
A,2026,654,Supplier-cluster shock,False,,False,Non-failure,Unclassified,Unclassified,4,0.9589330581588905,86.24057786632989,False,False,True,True,True,"[{""target"":""S1C"",""magnitude"":0.1976485459460422,""start_week"":11,""duration_weeks"":2,""recovery_weeks"":1},{""target"":""S1B"",""magnitude"":0.2187562553646639,""start_week"":22,""duration_weeks"":3,""recovery_weeks"":3},{""target"":""S1C"",""magnitude"":0.34240061914249637,""start_week"":38,""duration_weeks"":3,""recovery_weeks"":4},{""target"":""S1A"",""magnitude"":0.16289333001796463,""start_week"":51,""duration_weeks"":4,""recovery_weeks"":1}]"
A,2026,655,Supplier-cluster shock,False,,False,Non-failure,Unclassified,Unclassified,2,0.990309953126211,20.349098434957114,True,False,False,True,False,"[{""target"":""T2P"",""magnitude"":0.31340794013185025,""start_week"":3,""duration_weeks"":1,""recovery_weeks"":2},{""target"":""S1B"",""magnitude"":0.2718026054660254,""start_week"":41,""duration_weeks"":2,""recovery_weeks"":1}]"
A,2026,656,Supplier-cluster shock,True,True,True,Structural,Concentrated dependency; Hidden convergent dependency; Propagation-amplified cascade,Hidden convergent dependency,4,0.5985138459760989,2180.5773798152204,True,False,True,True,False,"[{""target"":""S1B"",""magnitude"":0.42006395291497456,""start_week"":2,""duration_weeks"":1,""recovery_weeks"":4},{""target"":""T2P"",""magnitude"":0.2216840780118927,""start_week"":18,""duration_weeks"":2,""recovery_weeks"":1},{""target"":""T2P"",""magnitude"":0.45804360748976536,""start_week"":19,""duration_weeks"":5,""recovery_weeks"":4},{""target"":""S1A"",""magnitude"":0.3541926780989051,""start_week"":38,""duration_weeks"":1,""recovery_weeks"":3}]"
A,2026,657,Supplier-cluster shock,False,,False,Non-failure,Unclassified,Unclassified,2,0.9724730154708557,57.82971213890892,False,False,True,False,True,"[{""target"":""S1A"",""magnitude"":0.22941237317240684,""start_week"":26,""duration_weeks"":7,""recovery_weeks"":3},{""target"":""S1C"",""magnitude"":0.3119357151905746,""start_week"":31,""duration_weeks"":4,""recovery_weeks"":1}]"
A,2026,658,Supplier-cluster shock,False,,False,Non-failure,Unclassified,Unclassified,2,0.9883946723780883,20.88958971944112,False,False,True,True,False,"[{""target"":""S1B"",""magnitude"":0.2761119871493015,""start_week"":15,""duration_weeks"":1,""recovery_weeks"":4},{""target"":""S1A"",""magnitude"":0.2551085513442852,""start_week"":44,""duration_weeks"":3,""recovery_weeks"":4}]"
A,2026,659,Supplier-cluster shock,True,False,False,Adaptation-limited,Concentrated dependency,Concentrated dependency,2,0.7022888706633086,661.8350451083109,False,True,False,False,False,"[{""target"":""corridor"",""magnitude"":0.17587231925971056,""start_week"":40,""duration_weeks"":2,""recovery_weeks"":3},{""target"":""corridor"",""magnitude"":0.4732833470025184,""start_week"":47,""duration_weeks"":1,""recovery_weeks"":4}]"
A,2026,660,Supplier-cluster shock,False,,False,Non-failure,Unclassified,Unclassified,3,0.7998877610753392,225.15785813508842,False,True,False,False,False,"[{""target"":""demand"",""magnitude"":0.2501753979278761,""start_week"":6,""duration_weeks"":2,""recovery_weeks"":2},{""target"":""demand"",""magnitude"":0.07888547957888802,""start_week"":26,""duration_weeks"":11,""recovery_weeks"":4},{""target"":""corridor"",""magnitude"":0.26712780447378537,""start_week"":49,""duration_weeks"":4,""recovery_weeks"":3}]"
A,2026,661,Supplier-cluster shock,False,,False,Non-failure,Unclassified,Unclassified,4,0.8437718131815897,240.58944710854337,False,False,True,True,True,"[{""target"":""S1C"",""magnitude"":0.21575334692567,""start_week"":29,""duration_weeks"":3,""recovery_weeks"":3},{""target"":""S1B"",""magnitude"":0.2978483804740045,""start_week"":45,""duration_weeks"":3,""recovery_weeks"":1},{""target"":""S1A"",""magnitude"":0.4786942505525995,""start_week"":49,""duration_weeks"":1,""recovery_weeks"":2},{""target"":""S1C"",""magnitude"":0.40471809010482673,""start_week"":50,""duration_weeks"":1,""recovery_weeks"":2}]"
A,2026,662,Supplier-cluster shock,False,,False,Non-failure,Unclassified,Unclassified,1,0.9100780104847174,88.92621251298056,False,False,False,False,False,"[{""target"":""demand"",""magnitude"":0.09880690279220058,""start_week"":38,""duration_weeks"":1,""recovery_weeks"":2}]"
A,2026,663,Supplier-cluster shock,True,False,False,Adaptation-limited,Concentrated dependency,Concentrated dependency,5,0.74753235708261,454.4417572513021,True,True,True,True,True,"[{""target"":""corridor"",""magnitude"":0.43935073218804244,""start_week"":12,""duration_weeks"":1,""recovery_weeks"":1},{""target"":""S1A"",""magnitude"":0.27884205538838913,""start_week"":13,""duration_weeks"":1,""recovery_weeks"":4},{""target"":""S1C"",""magnitude"":0.26800854488534265,""start_week"":18,""duration_weeks"":9,""recovery_weeks"":1},{""target"":""S1B"",""magnitude"":0.16549166834282247,""start_week"":33,""duration_weeks"":3,""recovery_weeks"":4},{""target"":""T2P"",""magnitude"":0.3549278807087722,""start_week"":44,""duration_weeks"":1,""recovery_weeks"":4}]"
A,2026,664,Supplier-cluster shock,True,True,True,Structural,Concentrated dependency; Hidden convergent dependency; Propagation-amplified cascade,Hidden convergent dependency,3,0.6192397011554626,1059.078298801539,True,False,False,False,False,"[{""target"":""T2P"",""magnitude"":0.18481507889661164,""start_week"":25,""duration_weeks"":2,""recovery_weeks"":3},{""target"":""T2P"",""magnitude"":0.36436801916910244,""start_week"":26,""duration_weeks"":3,""recovery_weeks"":3},{""target"":""T2P"",""magnitude"":0.2541629444843597,""start_week"":51,""duration_weeks"":5,""recovery_weeks"":2}]"
A,2026,665,Supplier-cluster shock,False,,False,Non-failure,Unclassified,Unclassified,3,0.9211424500771409,70.9717949305732,True,True,False,False,False,"[{""target"":""corridor"",""magnitude"":0.17891347350145054,""start_week"":19,""duration_weeks"":3,""recovery_weeks"":2},{""target"":""T2P"",""magnitude"":0.17670216490240603,""start_week"":28,""duration_weeks"":1,""recovery_weeks"":3},{""target"":""T2P"",""magnitude"":0.2920832167992471,""start_week"":34,""duration_weeks"":2,""recovery_weeks"":3}]"
A,2026,666,Supplier-cluster shock,False,,False,Non-failure,Unclassified,Unclassified,1,1.0,0.0,True,False,False,False,False,"[{""target"":""T2P"",""magnitude"":0.408893063746957,""start_week"":51,""duration_weeks"":1,""recovery_weeks"":3}]"
A,2026,667,Supplier-cluster shock,False,,False,Non-failure,Unclassified,Unclassified,5,0.789139565594185,356.23686297199504,True,False,False,True,True,"[{""target"":""T2P"",""magnitude"":0.35423427905932714,""start_week"":2,""duration_weeks"":2,""recovery_weeks"":2},{""target"":""S1C"",""magnitude"":0.40086519431045187,""start_week"":4,""duration_weeks"":3,""recovery_weeks"":3},{""target"":""S1B"",""magnitude"":0.31982963856130237,""start_week"":14,""duration_weeks"":3,""recovery_weeks"":1},{""target"":""S1C"",""magnitude"":0.3086192329459748,""start_week"":22,""duration_weeks"":1,""recovery_weeks"":1},{""target"":""S1B"",""magnitude"":0.23804306187585844,""start_week"":48,""duration_weeks"":1,""recovery_weeks"":2}]"
A,2026,668,Supplier-cluster shock,True,True,True,Structural,Concentrated dependency; Hidden convergent dependency; Recovery lag and temporal overlap,Hidden convergent dependency,4,0.5677503649950791,1826.687508226899,True,True,False,False,False,"[{""target"":""corridor"",""magnitude"":0.21634185580638243,""start_week"":19,""duration_weeks"":4,""recovery_weeks"":1},{""target"":""demand"",""magnitude"":0.19052494906361384,""start_week"":29,""duration_weeks"":2,""recovery_weeks"":3},{""target"":""corridor"",""magnitude"":0.31167797643671347,""start_week"":36,""duration_weeks"":1,""recovery_weeks"":4},{""target"":""T2P"",""magnitude"":0.48902467150442874,""start_week"":38,""duration_weeks"":4,""recovery_weeks"":4}]"
A,2026,669,Supplier-cluster shock,False,,False,Non-failure,Unclassified,Unclassified,0,1.0,0.0,False,False,False,False,False,[]
A,2026,670,Supplier-cluster shock,False,,False,Non-failure,Unclassified,Unclassified,1,0.9104896364640831,187.97176342542548,False,False,True,False,False,"[{""target"":""S1A"",""magnitude"":0.45139831795581287,""start_week"":6,""duration_weeks"":4,""recovery_weeks"":1}]"
A,2026,671,Supplier-cluster shock,False,,False,Non-failure,Unclassified,Unclassified,1,1.0,0.0,False,True,False,False,False,"[{""target"":""corridor"",""magnitude"":0.2117651947648388,""start_week"":47,""duration_weeks"":12,""recovery_weeks"":1}]"
A,2026,672,Supplier-cluster shock,True,True,False,Structural,Concentrated dependency; Hidden convergent dependency; Propagation-amplified cascade,Hidden convergent dependency,2,0.8409764220493278,441.22169228931375,True,False,False,False,False,"[{""target"":""T2P"",""magnitude"":0.314679280688305,""start_week"":11,""duration_weeks"":1,""recovery_weeks"":4},{""target"":""T2P"",""magnitude"":0.243121220155605,""start_week"":35,""duration_weeks"":6,""recovery_weeks"":3}]"
A,2026,673,Supplier-cluster shock,True,True,False,Structural,Concentrated dependency,Concentrated dependency,2,0.8988394436258856,273.1335022101089,False,True,False,False,True,"[{""target"":""corridor"",""magnitude"":0.32587041728058586,""start_week"":2,""duration_weeks"":2,""recovery_weeks"":2},{""target"":""S1C"",""magnitude"":0.20285512420890564,""start_week"":13,""duration_weeks"":2,""recovery_weeks"":2}]"
A,2026,674,Supplier-cluster shock,True,True,True,Structural,Concentrated dependency,Concentrated dependency,2,0.5797768250781545,1551.9038584334746,True,True,False,False,False,"[{""target"":""corridor"",""magnitude"":0.5651673811913841,""start_week"":18,""duration_weeks"":3,""recovery_weeks"":2},{""target"":""T2P"",""magnitude"":0.3204525484864987,""start_week"":29,""duration_weeks"":1,""recovery_weeks"":2}]"
A,2026,675,Supplier-cluster shock,False,,False,Non-failure,Unclassified,Unclassified,3,0.8969330081786557,135.84718630123598,False,False,True,True,True,"[{""target"":""S1A"",""magnitude"":0.3359731905374332,""start_week"":4,""duration_weeks"":5,""recovery_weeks"":1},{""target"":""S1B"",""magnitude"":0.4819007315980248,""start_week"":13,""duration_weeks"":1,""recovery_weeks"":1},{""target"":""S1C"",""magnitude"":0.29421011201752467,""start_week"":50,""duration_weeks"":1,""recovery_weeks"":1}]"
A,2026,676,Supplier-cluster shock,False,,False,Non-failure,Unclassified,Unclassified,0,1.0,0.0,False,False,False,False,False,[]
A,2026,677,Supplier-cluster shock,False,,False,Non-failure,Unclassified,Unclassified,1,0.9551912336913986,94.09840924806304,False,False,True,False,False,"[{""target"":""S1A"",""magnitude"":0.35081972419435314,""start_week"":12,""duration_weeks"":4,""recovery_weeks"":1}]"
A,2026,678,Supplier-cluster shock,True,True,False,Structural,Hidden convergent dependency; Compounding moderate disturbance; Propagation-amplified cascade; Recovery lag and temporal overlap,Hidden convergent dependency,5,0.7520832757861288,844.0155308252783,True,False,True,False,False,"[{""target"":""T2P"",""magnitude"":0.2726064280611918,""start_week"":12,""duration_weeks"":1,""recovery_weeks"":4},{""target"":""T2P"",""magnitude"":0.27362116702321987,""start_week"":15,""duration_weeks"":1,""recovery_weeks"":1},{""target"":""S1A"",""magnitude"":0.2967005193704748,""start_week"":35,""duration_weeks"":3,""recovery_weeks"":4},{""target"":""demand"",""magnitude"":0.25283177479450414,""start_week"":40,""duration_weeks"":4,""recovery_weeks"":3},{""target"":""demand"",""magnitude"":0.1992569334600367,""start_week"":45,""duration_weeks"":1,""recovery_weeks"":2}]"
A,2026,679,Supplier-cluster shock,True,True,False,Structural,Compounding moderate disturbance,Compounding moderate disturbance,4,0.8428898773954301,846.0667518876512,False,False,True,True,True,"[{""target"":""demand"",""magnitude"":0.18639460126161156,""start_week"":27,""duration_weeks"":12,""recovery_weeks"":2},{""target"":""S1A"",""magnitude"":0.3350640055450132,""start_week"":34,""duration_weeks"":3,""recovery_weeks"":1},{""target"":""S1B"",""magnitude"":0.2945420828294796,""start_week"":46,""duration_weeks"":2,""recovery_weeks"":3},{""target"":""S1C"",""magnitude"":0.302422597364028,""start_week"":50,""duration_weeks"":1,""recovery_weeks"":3}]"
A,2026,680,Supplier-cluster shock,True,True,True,Structural,Concentrated dependency; Hidden convergent dependency; Propagation-amplified cascade,Hidden convergent dependency,5,0.36579909684773304,4575.260978129245,True,False,True,False,True,"[{""target"":""T2P"",""magnitude"":0.46727393229705627,""start_week"":13,""duration_weeks"":10,""recovery_weeks"":2},{""target"":""T2P"",""magnitude"":0.38201036682414147,""start_week"":14,""duration_weeks"":2,""recovery_weeks"":1},{""target"":""demand"",""magnitude"":0.12415559209306219,""start_week"":25,""duration_weeks"":2,""recovery_weeks"":2},{""target"":""S1C"",""magnitude"":0.23245825800305897,""start_week"":33,""duration_weeks"":1,""recovery_weeks"":1},{""target"":""S1A"",""magnitude"":0.38478986316046904,""start_week"":50,""duration_weeks"":5,""recovery_weeks"":2}]"
A,2026,681,Supplier-cluster shock,True,False,False,Adaptation-limited,Concentrated dependency,Concentrated dependency,2,0.695243776522981,548.5612022586342,False,True,False,False,False,"[{""target"":""corridor"",""magnitude"":0.4785671676077642,""start_week"":23,""duration_weeks"":1,""recovery_weeks"":2},{""target"":""corridor"",""magnitude"":0.28288108438997883,""start_week"":36,""duration_weeks"":2,""recovery_weeks"":2}]"
A,2026,682,Supplier-cluster shock,False,,False,Non-failure,Unclassified,Unclassified,2,0.9188821727073132,115.68693121172362,False,False,True,True,False,"[{""target"":""S1A"",""magnitude"":0.2927837311077399,""start_week"":13,""duration_weeks"":1,""recovery_weeks"":4},{""target"":""S1B"",""magnitude"":0.43251511140854515,""start_week"":32,""duration_weeks"":1,""recovery_weeks"":4}]"
A,2026,683,Supplier-cluster shock,False,,False,Non-failure,Unclassified,Unclassified,3,0.805596859760528,217.18409660575708,False,False,False,False,True,"[{""target"":""demand"",""magnitude"":0.2413156628952856,""start_week"":7,""duration_weeks"":2,""recovery_weeks"":1},{""target"":""demand"",""magnitude"":0.14221867505367602,""start_week"":46,""duration_weeks"":11,""recovery_weeks"":2},{""target"":""S1C"",""magnitude"":0.20644496831131093,""start_week"":51,""duration_weeks"":6,""recovery_weeks"":3}]"
A,2026,684,Supplier-cluster shock,False,,False,Non-failure,Unclassified,Unclassified,2,0.859268962009378,147.40196584707746,False,False,False,True,False,"[{""target"":""demand"",""magnitude"":0.16377996205230821,""start_week"":7,""duration_weeks"":2,""recovery_weeks"":3},{""target"":""S1B"",""magnitude"":0.2835824683450883,""start_week"":14,""duration_weeks"":1,""recovery_weeks"":1}]"
A,2026,685,Supplier-cluster shock,False,,False,Non-failure,Unclassified,Unclassified,6,0.9191413856782812,153.00365049852746,False,False,True,True,True,"[{""target"":""demand"",""magnitude"":0.06762818150856736,""start_week"":2,""duration_weeks"":3,""recovery_weeks"":1},{""target"":""demand"",""magnitude"":0.10808112499371114,""start_week"":6,""duration_weeks"":6,""recovery_weeks"":3},{""target"":""S1B"",""magnitude"":0.2996107020391219,""start_week"":7,""duration_weeks"":2,""recovery_weeks"":4},{""target"":""S1C"",""magnitude"":0.21182845271494158,""start_week"":9,""duration_weeks"":1,""recovery_weeks"":1},{""target"":""S1A"",""magnitude"":0.43193188222386736,""start_week"":18,""duration_weeks"":4,""recovery_weeks"":3},{""target"":""S1C"",""magnitude"":0.1932233201807216,""start_week"":34,""duration_weeks"":1,""recovery_weeks"":4}]"
A,2026,686,Supplier-cluster shock,True,True,False,Structural,Concentrated dependency; Recovery lag and temporal overlap,Recovery lag and temporal overlap,6,0.7627996163884321,580.3425982815286,False,True,True,True,True,"[{""target"":""demand"",""magnitude"":0.17554948449002133,""start_week"":20,""duration_weeks"":1,""recovery_weeks"":4},{""target"":""corridor"",""magnitude"":0.42790028770867594,""start_week"":23,""duration_weeks"":1,""recovery_weeks"":4},{""target"":""S1B"",""magnitude"":0.31096358833119975,""start_week"":26,""duration_weeks"":2,""recovery_weeks"":4},{""target"":""S1A"",""magnitude"":0.5137422107581712,""start_week"":27,""duration_weeks"":3,""recovery_weeks"":2},{""target"":""S1C"",""magnitude"":0.4472202555680007,""start_week"":31,""duration_weeks"":2,""recovery_weeks"":2},{""target"":""S1B"",""magnitude"":0.19829864879522885,""start_week"":45,""duration_weeks"":1,""recovery_weeks"":3}]"
A,2026,687,Supplier-cluster shock,True,False,False,Adaptation-limited,Concentrated dependency; Hidden convergent dependency,Hidden convergent dependency,5,0.6375776243537787,593.1665058885371,True,True,False,False,False,"[{""target"":""demand"",""magnitude"":0.06571852004001769,""start_week"":6,""duration_weeks"":2,""recovery_weeks"":4},{""target"":""demand"",""magnitude"":0.1807730176151876,""start_week"":13,""duration_weeks"":1,""recovery_weeks"":2},{""target"":""T2P"",""magnitude"":0.42618013808159916,""start_week"":16,""duration_weeks"":2,""recovery_weeks"":3},{""target"":""corridor"",""magnitude"":0.18487572153317405,""start_week"":19,""duration_weeks"":15,""recovery_weeks"":1},{""target"":""corridor"",""magnitude"":0.22947747715857375,""start_week"":37,""duration_weeks"":3,""recovery_weeks"":1}]"
A,2026,688,Supplier-cluster shock,True,True,False,Structural,Concentrated dependency,Concentrated dependency,3,0.8847444076923651,237.1088118671653,False,False,True,True,True,"[{""target"":""S1B"",""magnitude"":0.27950939003013864,""start_week"":30,""duration_weeks"":2,""recovery_weeks"":1},{""target"":""S1A"",""magnitude"":0.40522548583451534,""start_week"":38,""duration_weeks"":4,""recovery_weeks"":4},{""target"":""S1C"",""magnitude"":0.5093250826921788,""start_week"":46,""duration_weeks"":7,""recovery_weeks"":4}]"
A,2026,689,Supplier-cluster shock,True,True,True,Structural,Concentrated dependency; Hidden convergent dependency,Hidden convergent dependency,3,0.724970864633443,1164.0014838058682,True,False,False,False,False,"[{""target"":""demand"",""magnitude"":0.1389196161158449,""start_week"":12,""duration_weeks"":2,""recovery_weeks"":2},{""target"":""T2P"",""magnitude"":0.34752622182990134,""start_week"":20,""duration_weeks"":5,""recovery_weeks"":4},{""target"":""demand"",""magnitude"":0.20102994023701132,""start_week"":32,""duration_weeks"":1,""recovery_weeks"":3}]"
A,2026,690,Supplier-cluster shock,False,,False,Non-failure,Unclassified,Unclassified,1,0.8676268388964806,173.1230945402076,False,False,False,False,False,"[{""target"":""demand"",""magnitude"":0.15256923272668993,""start_week"":11,""duration_weeks"":9,""recovery_weeks"":1}]"
A,2026,691,Supplier-cluster shock,True,False,False,Adaptation-limited,Concentrated dependency; Recovery lag and temporal overlap,Recovery lag and temporal overlap,3,0.7495455912940389,623.1777998025586,False,True,True,False,False,"[{""target"":""demand"",""magnitude"":0.1853603660261391,""start_week"":16,""duration_weeks"":1,""recovery_weeks"":2},{""target"":""corridor"",""magnitude"":0.38573978959614263,""start_week"":17,""duration_weeks"":1,""recovery_weeks"":4},{""target"":""S1A"",""magnitude"":0.5626746725010252,""start_week"":33,""duration_weeks"":1,""recovery_weeks"":3}]"
A,2026,692,Supplier-cluster shock,True,True,False,Structural,Concentrated dependency,Concentrated dependency,2,0.8773928593884206,228.45267301365902,True,True,False,False,False,"[{""target"":""corridor"",""magnitude"":0.3419553554586846,""start_week"":19,""duration_weeks"":1,""recovery_weeks"":4},{""target"":""T2P"",""magnitude"":0.35829772400490967,""start_week"":40,""duration_weeks"":1,""recovery_weeks"":4}]"
A,2026,693,Supplier-cluster shock,False,,False,Non-failure,Unclassified,Unclassified,1,0.9821472078743894,37.49086346378226,False,False,False,True,False,"[{""target"":""S1B"",""magnitude"":0.29016878228262366,""start_week"":19,""duration_weeks"":3,""recovery_weeks"":3}]"
A,2026,694,Supplier-cluster shock,True,True,False,Structural,Concentrated dependency,Concentrated dependency,1,0.858211402469882,255.2194755542123,False,True,False,False,False,"[{""target"":""corridor"",""magnitude"":0.3563414481475884,""start_week"":5,""duration_weeks"":1,""recovery_weeks"":1}]"
A,2026,695,Supplier-cluster shock,True,True,True,Structural,Concentrated dependency,Concentrated dependency,2,0.6204542499455135,2518.865675375957,False,True,False,False,False,"[{""target"":""corridor"",""magnitude"":0.534659312540865,""start_week"":8,""duration_weeks"":6,""recovery_weeks"":3},{""target"":""demand"",""magnitude"":0.294481325505495,""start_week"":31,""duration_weeks"":3,""recovery_weeks"":4}]"
A,2026,696,Supplier-cluster shock,False,,False,Non-failure,Unclassified,Unclassified,4,0.8675255488906601,195.389870148431,True,False,False,True,True,"[{""target"":""demand"",""magnitude"":0.13535159316638293,""start_week"":3,""duration_weeks"":6,""recovery_weeks"":2},{""target"":""T2P"",""magnitude"":0.3383842049690178,""start_week"":18,""duration_weeks"":2,""recovery_weeks"":3},{""target"":""S1C"",""magnitude"":0.41908260205894177,""start_week"":24,""duration_weeks"":1,""recovery_weeks"":2},{""target"":""S1B"",""magnitude"":0.28134192805584024,""start_week"":34,""duration_weeks"":20,""recovery_weeks"":1}]"
A,2026,697,Supplier-cluster shock,True,True,True,Structural,Concentrated dependency; Hidden convergent dependency,Hidden convergent dependency,4,0.46963528748319494,3903.331155180778,True,False,False,True,False,"[{""target"":""demand"",""magnitude"":0.13629139673621707,""start_week"":18,""duration_weeks"":6,""recovery_weeks"":4},{""target"":""T2P"",""magnitude"":0.3794964737425952,""start_week"":33,""duration_weeks"":1,""recovery_weeks"":2},{""target"":""T2P"",""magnitude"":0.5773282412651245,""start_week"":39,""duration_weeks"":16,""recovery_weeks"":4},{""target"":""S1B"",""magnitude"":0.3071976298014484,""start_week"":45,""duration_weeks"":1,""recovery_weeks"":4}]"
A,2026,698,Supplier-cluster shock,False,,False,Non-failure,Unclassified,Unclassified,0,1.0,0.0,False,False,False,False,False,[]
A,2026,699,Supplier-cluster shock,True,True,True,Structural,Concentrated dependency; Propagation-amplified cascade,Propagation-amplified cascade,4,0.5202451427314643,3959.733356214033,True,True,False,False,False,"[{""target"":""T2P"",""magnitude"":0.3848242438147971,""start_week"":17,""duration_weeks"":4,""recovery_weeks"":4},{""target"":""corridor"",""magnitude"":0.3703111845784438,""start_week"":24,""duration_weeks"":5,""recovery_weeks"":2},{""target"":""corridor"",""magnitude"":0.2148498836145094,""start_week"":26,""duration_weeks"":8,""recovery_weeks"":2},{""target"":""T2P"",""magnitude"":0.5317793715416821,""start_week"":38,""duration_weeks"":4,""recovery_weeks"":4}]"
A,2026,700,Supplier-cluster shock,False,,False,Non-failure,Unclassified,Unclassified,3,0.8571785145514625,149.95632149149787,True,False,False,True,False,"[{""target"":""demand"",""magnitude"":0.16661813499055306,""start_week"":5,""duration_weeks"":1,""recovery_weeks"":2},{""target"":""T2P"",""magnitude"":0.2130958226574087,""start_week"":6,""duration_weeks"":2,""recovery_weeks"":1},{""target"":""S1B"",""magnitude"":0.23643494908033985,""start_week"":42,""duration_weeks"":2,""recovery_weeks"":2}]"
A,2026,701,Supplier-cluster shock,True,True,True,Structural,Concentrated dependency; Hidden convergent dependency; Propagation-amplified cascade,Hidden convergent dependency,2,0.5798786879648125,1190.5459041583442,True,False,False,False,False,"[{""target"":""T2P"",""magnitude"":0.47810918083166887,""start_week"":7,""duration_weeks"":3,""recovery_weeks"":3},{""target"":""demand"",""magnitude"":0.08546013769217568,""start_week"":24,""duration_weeks"":16,""recovery_weeks"":4}]"
A,2026,702,Supplier-cluster shock,False,,False,Non-failure,Unclassified,Unclassified,3,0.9176801929986313,80.73381867286571,True,True,False,False,False,"[{""target"":""corridor"",""magnitude"":0.18963078731785116,""start_week"":17,""duration_weeks"":4,""recovery_weeks"":3},{""target"":""demand"",""magnitude"":0.08970424296985063,""start_week"":37,""duration_weeks"":1,""recovery_weeks"":3},{""target"":""T2P"",""magnitude"":0.2697691716781792,""start_week"":45,""duration_weeks"":3,""recovery_weeks"":2}]"
A,2026,703,Supplier-cluster shock,False,,False,Non-failure,Unclassified,Unclassified,5,0.8915696948767247,219.58935049858349,True,True,False,False,True,"[{""target"":""demand"",""magnitude"":0.09490648802278381,""start_week"":2,""duration_weeks"":7,""recovery_weeks"":3},{""target"":""S1C"",""magnitude"":0.4939681865273696,""start_week"":15,""duration_weeks"":4,""recovery_weeks"":1},{""target"":""T2P"",""magnitude"":0.22144383471645449,""start_week"":36,""duration_weeks"":1,""recovery_weeks"":4},{""target"":""demand"",""magnitude"":0.109244674394637,""start_week"":43,""duration_weeks"":2,""recovery_weeks"":2},{""target"":""corridor"",""magnitude"":0.4166531575971293,""start_week"":51,""duration_weeks"":4,""recovery_weeks"":2}]"
A,2026,704,Supplier-cluster shock,True,True,True,Structural,Concentrated dependency; Hidden convergent dependency; Propagation-amplified cascade,Hidden convergent dependency,1,0.5516558290898106,1317.548769095853,True,False,False,False,False,"[{""target"":""T2P"",""magnitude"":0.5035097538191705,""start_week"":2,""duration_weeks"":3,""recovery_weeks"":3}]"
A,2026,705,Supplier-cluster shock,False,,False,Non-failure,Unclassified,Unclassified,2,0.9126285595366438,86.16243223523975,False,True,False,False,False,"[{""target"":""demand"",""magnitude"":0.09573603581693296,""start_week"":5,""duration_weeks"":1,""recovery_weeks"":2},{""target"":""corridor"",""magnitude"":0.24328754863309354,""start_week"":34,""duration_weeks"":2,""recovery_weeks"":4}]"
A,2026,706,Supplier-cluster shock,False,,False,Non-failure,Unclassified,Unclassified,2,0.9485047632863555,170.8572805940446,False,False,True,False,True,"[{""target"":""S1A"",""magnitude"":0.36586428260570003,""start_week"":5,""duration_weeks"":5,""recovery_weeks"":3},{""target"":""S1C"",""magnitude"":0.3155227951908279,""start_week"":9,""duration_weeks"":1,""recovery_weeks"":3}]"
A,2026,707,Supplier-cluster shock,False,,False,Non-failure,Unclassified,Unclassified,4,0.9043444962861551,95.19597199518932,True,False,False,True,False,"[{""target"":""demand"",""magnitude"":0.10577330221687703,""start_week"":9,""duration_weeks"":3,""recovery_weeks"":2},{""target"":""demand"",""magnitude"":0.15503673976293797,""start_week"":22,""duration_weeks"":1,""recovery_weeks"":4},{""target"":""T2P"",""magnitude"":0.17212024502717613,""start_week"":24,""duration_weeks"":3,""recovery_weeks"":4},{""target"":""S1B"",""magnitude"":0.23178144179328417,""start_week"":42,""duration_weeks"":1,""recovery_weeks"":2}]"
A,2026,708,Supplier-cluster shock,True,True,False,Structural,Concentrated dependency,Concentrated dependency,3,0.8552662318451398,206.65782888549313,True,False,False,True,False,"[{""target"":""demand"",""magnitude"":0.16922656684645856,""start_week"":19,""duration_weeks"":1,""recovery_weeks"":3},{""target"":""T2P"",""magnitude"":0.24520814894593168,""start_week"":34,""duration_weeks"":2,""recovery_weeks"":2},{""target"":""S1B"",""magnitude"":0.5043217894453058,""start_week"":38,""duration_weeks"":3,""recovery_weeks"":3}]"
A,2026,709,Supplier-cluster shock,False,,False,Non-failure,Unclassified,Unclassified,2,0.9477356423436373,50.45923422738133,False,False,True,True,False,"[{""target"":""S1A"",""magnitude"":0.31307404278422646,""start_week"":14,""duration_weeks"":1,""recovery_weeks"":3},{""target"":""S1B"",""magnitude"":0.3718714451476347,""start_week"":36,""duration_weeks"":1,""recovery_weeks"":1}]"
A,2026,710,Supplier-cluster shock,False,,False,Non-failure,Unclassified,Unclassified,3,0.9053486227473921,198.7678922304766,True,False,False,True,True,"[{""target"":""T2P"",""magnitude"":0.2713932401410512,""start_week"":7,""duration_weeks"":1,""recovery_weeks"":2},{""target"":""S1B"",""magnitude"":0.46296559881836774,""start_week"":33,""duration_weeks"":4,""recovery_weeks"":4},{""target"":""S1C"",""magnitude"":0.24026017937343663,""start_week"":39,""duration_weeks"":2,""recovery_weeks"":4}]"
A,2026,711,Supplier-cluster shock,False,,False,Non-failure,Unclassified,Unclassified,0,1.0,0.0,False,False,False,False,False,[]
A,2026,712,Supplier-cluster shock,True,True,True,Structural,Concentrated dependency,Concentrated dependency,4,0.32958634698907663,1836.0471382386395,True,True,False,False,False,"[{""target"":""corridor"",""magnitude"":0.257202854196985,""start_week"":1,""duration_weeks"":5,""recovery_weeks"":4},{""target"":""corridor"",""magnitude"":0.6672176762680229,""start_week"":2,""duration_weeks"":2,""recovery_weeks"":1},{""target"":""T2P"",""magnitude"":0.2528390670032973,""start_week"":25,""duration_weeks"":3,""recovery_weeks"":1},{""target"":""corridor"",""magnitude"":0.22769904553584083,""start_week"":36,""duration_weeks"":1,""recovery_weeks"":2}]"
A,2026,713,Supplier-cluster shock,False,,False,Non-failure,Unclassified,Unclassified,2,0.9018625250684956,97.93480157260763,False,False,False,False,False,"[{""target"":""demand"",""magnitude"":0.10881644619178624,""start_week"":17,""duration_weeks"":2,""recovery_weeks"":1},{""target"":""demand"",""magnitude"":0.13544432572304654,""start_week"":40,""duration_weeks"":3,""recovery_weeks"":1}]"
A,2026,714,Supplier-cluster shock,False,,False,Non-failure,Unclassified,Unclassified,4,0.9162964478555993,161.10997441633833,True,False,False,False,True,"[{""target"":""T2P"",""magnitude"":0.23377759590661418,""start_week"":3,""duration_weeks"":4,""recovery_weeks"":4},{""target"":""demand"",""magnitude"":0.16487028626072517,""start_week"":20,""duration_weeks"":1,""recovery_weeks"":3},{""target"":""S1C"",""magnitude"":0.20048272242764964,""start_week"":27,""duration_weeks"":1,""recovery_weeks"":2},{""target"":""demand"",""magnitude"":0.09700131456040506,""start_week"":49,""duration_weeks"":2,""recovery_weeks"":4}]"
A,2026,715,Supplier-cluster shock,True,True,True,Structural,Concentrated dependency; Recovery lag and temporal overlap,Recovery lag and temporal overlap,6,0.734740329108652,930.70570176515,True,True,True,True,False,"[{""target"":""demand"",""magnitude"":0.1027200927592844,""start_week"":6,""duration_weeks"":1,""recovery_weeks"":2},{""target"":""corridor"",""magnitude"":0.35901135342157653,""start_week"":8,""duration_weeks"":5,""recovery_weeks"":3},{""target"":""T2P"",""magnitude"":0.33873370380221324,""start_week"":20,""duration_weeks"":4,""recovery_weeks"":2},{""target"":""S1B"",""magnitude"":0.45150295435170196,""start_week"":29,""duration_weeks"":2,""recovery_weeks"":3},{""target"":""T2P"",""magnitude"":0.1736055801339248,""start_week"":33,""duration_weeks"":1,""recovery_weeks"":4},{""target"":""S1A"",""magnitude"":0.21478137335262512,""start_week"":46,""duration_weeks"":9,""recovery_weeks"":4}]"
A,2026,716,Supplier-cluster shock,True,False,False,Adaptation-limited,Concentrated dependency; Hidden convergent dependency; Propagation-amplified cascade,Hidden convergent dependency,2,0.721241538284808,478.3436981194483,True,False,False,True,False,"[{""target"":""S1B"",""magnitude"":0.3450867244986443,""start_week"":14,""duration_weeks"":1,""recovery_weeks"":1},{""target"":""T2P"",""magnitude"":0.35088261554367284,""start_week"":21,""duration_weeks"":3,""recovery_weeks"":3}]"
A,2026,717,Supplier-cluster shock,True,False,True,Adaptation-limited,Concentrated dependency,Concentrated dependency,2,0.6846511343549314,1249.4035498707065,False,True,False,False,False,"[{""target"":""demand"",""magnitude"":0.199650287925058,""start_week"":25,""duration_weeks"":3,""recovery_weeks"":1},{""target"":""corridor"",""magnitude"":0.3839935521571667,""start_week"":27,""duration_weeks"":5,""recovery_weeks"":4}]"
A,2026,718,Supplier-cluster shock,True,True,False,Structural,Concentrated dependency,Concentrated dependency,2,0.7765733373118564,783.0940671360648,True,False,False,False,False,"[{""target"":""T2P"",""magnitude"":0.18947227047196064,""start_week"":1,""duration_weeks"":1,""recovery_weeks"":3},{""target"":""demand"",""magnitude"":0.2877083875446265,""start_week"":33,""duration_weeks"":5,""recovery_weeks"":2}]"
A,2026,719,Supplier-cluster shock,True,True,True,Structural,Concentrated dependency,Concentrated dependency,3,0.6343691193018864,2793.4637216830442,True,True,False,False,False,"[{""target"":""corridor"",""magnitude"":0.3635405388838467,""start_week"":18,""duration_weeks"":7,""recovery_weeks"":4},{""target"":""T2P"",""magnitude"":0.4290677926283021,""start_week"":26,""duration_weeks"":6,""recovery_weeks"":1},{""target"":""T2P"",""magnitude"":0.32644241550717057,""start_week"":48,""duration_weeks"":1,""recovery_weeks"":4}]"
A,2026,720,Supplier-cluster shock,False,,False,Non-failure,Unclassified,Unclassified,3,0.9644641136882423,56.521843415250146,False,True,True,True,False,"[{""target"":""S1A"",""magnitude"":0.25262970815153124,""start_week"":15,""duration_weeks"":8,""recovery_weeks"":4},{""target"":""S1B"",""magnitude"":0.3228112621959374,""start_week"":42,""duration_weeks"":1,""recovery_weeks"":1},{""target"":""corridor"",""magnitude"":0.27665191473381817,""start_week"":48,""duration_weeks"":5,""recovery_weeks"":1}]"
A,2026,721,Supplier-cluster shock,False,,False,Non-failure,Unclassified,Unclassified,2,0.9503365102242893,104.29332852899233,False,False,False,True,True,"[{""target"":""S1C"",""magnitude"":0.36174285199534895,""start_week"":16,""duration_weeks"":2,""recovery_weeks"":2},{""target"":""S1B"",""magnitude"":0.29089723405443757,""start_week"":23,""duration_weeks"":1,""recovery_weeks"":1}]"
A,2026,722,Supplier-cluster shock,True,True,False,Structural,Concentrated dependency; Propagation-amplified cascade,Propagation-amplified cascade,2,0.8575943202247416,640.8255589886629,True,True,False,False,False,"[{""target"":""corridor"",""magnitude"":0.35680425983144376,""start_week"":42,""duration_weeks"":4,""recovery_weeks"":1},{""target"":""T2P"",""magnitude"":0.2778082972042234,""start_week"":43,""duration_weeks"":1,""recovery_weeks"":4}]"
A,2026,723,Supplier-cluster shock,True,True,True,Structural,Concentrated dependency,Concentrated dependency,7,0.4877331345758123,4843.607683615468,True,True,False,False,False,"[{""target"":""corridor"",""magnitude"":0.47482769098838606,""start_week"":12,""duration_weeks"":14,""recovery_weeks"":4},{""target"":""corridor"",""magnitude"":0.30346698663472427,""start_week"":15,""duration_weeks"":1,""recovery_weeks"":4},{""target"":""T2P"",""magnitude"":0.19208278011779145,""start_week"":17,""duration_weeks"":3,""recovery_weeks"":2},{""target"":""T2P"",""magnitude"":0.44291553160705777,""start_week"":23,""duration_weeks"":1,""recovery_weeks"":1},{""target"":""demand"",""magnitude"":0.05938555610594,""start_week"":35,""duration_weeks"":2,""recovery_weeks"":4},{""target"":""demand"",""magnitude"":0.09276111802649958,""start_week"":47,""duration_weeks"":3,""recovery_weeks"":2},{""target"":""T2P"",""magnitude"":0.3496336431724976,""start_week"":49,""duration_weeks"":8,""recovery_weeks"":3}]"
A,2026,724,Supplier-cluster shock,False,,False,Non-failure,Unclassified,Unclassified,3,0.8758879348591115,182.84759722373906,False,False,False,True,False,"[{""target"":""demand"",""magnitude"":0.1416985669072517,""start_week"":8,""duration_weeks"":1,""recovery_weeks"":2},{""target"":""demand"",""magnitude"":0.24272647405035136,""start_week"":37,""duration_weeks"":4,""recovery_weeks"":3},{""target"":""S1B"",""magnitude"":0.23075962095275596,""start_week"":46,""duration_weeks"":1,""recovery_weeks"":2}]"
A,2026,725,Supplier-cluster shock,True,True,True,Structural,Concentrated dependency,Concentrated dependency,6,0.49026567892522355,1372.9976562978218,True,True,False,False,False,"[{""target"":""demand"",""magnitude"":0.19906657365049835,""start_week"":12,""duration_weeks"":1,""recovery_weeks"":4},{""target"":""corridor"",""magnitude"":0.4889340981166076,""start_week"":24,""duration_weeks"":1,""recovery_weeks"":4},{""target"":""T2P"",""magnitude"":0.5587608889672988,""start_week"":32,""duration_weeks"":1,""recovery_weeks"":1},{""target"":""T2P"",""magnitude"":0.20299697785044507,""start_week"":35,""duration_weeks"":2,""recovery_weeks"":3},{""target"":""demand"",""magnitude"":0.09701423552856837,""start_week"":43,""duration_weeks"":1,""recovery_weeks"":4},{""target"":""demand"",""magnitude"":0.2087003738495788,""start_week"":44,""duration_weeks"":2,""recovery_weeks"":4}]"
A,2026,726,Supplier-cluster shock,False,,False,Non-failure,Unclassified,Unclassified,3,0.8699448760318766,134.54830851492034,False,False,True,False,False,"[{""target"":""S1A"",""magnitude"":0.20817378046798807,""start_week"":8,""duration_weeks"":3,""recovery_weeks"":3},{""target"":""demand"",""magnitude"":0.14949812057213366,""start_week"":15,""duration_weeks"":5,""recovery_weeks"":1},{""target"":""demand"",""magnitude"":0.08439029328021322,""start_week"":42,""duration_weeks"":1,""recovery_weeks"":4}]"
A,2026,727,Supplier-cluster shock,False,,False,Non-failure,Unclassified,Unclassified,2,0.8252992123111869,499.08452217308286,False,True,False,False,False,"[{""target"":""demand"",""magnitude"":0.21168175745567125,""start_week"":12,""duration_weeks"":6,""recovery_weeks"":3},{""target"":""corridor"",""magnitude"":0.22914655707687526,""start_week"":19,""duration_weeks"":1,""recovery_weeks"":1}]"
A,2026,728,Supplier-cluster shock,False,,False,Non-failure,Unclassified,Unclassified,2,0.939685350700862,108.56636873844832,False,True,False,False,False,"[{""target"":""corridor"",""magnitude"":0.2952359869743535,""start_week"":19,""duration_weeks"":1,""recovery_weeks"":1},{""target"":""corridor"",""magnitude"":0.3174273331225592,""start_week"":26,""duration_weeks"":1,""recovery_weeks"":3}]"
A,2026,729,Supplier-cluster shock,False,,False,Non-failure,Unclassified,Unclassified,3,0.9033908021670238,117.02292834864966,False,True,False,False,True,"[{""target"":""demand"",""magnitude"":0.10694064805755528,""start_week"":8,""duration_weeks"":9,""recovery_weeks"":3},{""target"":""corridor"",""magnitude"":0.21510447140037972,""start_week"":36,""duration_weeks"":2,""recovery_weeks"":3},{""target"":""S1C"",""magnitude"":0.3821463487852913,""start_week"":39,""duration_weeks"":7,""recovery_weeks"":1}]"
A,2026,730,Supplier-cluster shock,False,,False,Non-failure,Unclassified,Unclassified,1,0.8619028336103097,144.20123116443438,False,False,False,False,False,"[{""target"":""demand"",""magnitude"":0.16022359018270488,""start_week"":24,""duration_weeks"":1,""recovery_weeks"":3}]"
A,2026,731,Supplier-cluster shock,False,,False,Non-failure,Unclassified,Unclassified,2,0.9826139574044945,46.94231500786475,True,True,False,False,False,"[{""target"":""corridor"",""magnitude"":0.2630395319466291,""start_week"":10,""duration_weeks"":2,""recovery_weeks"":1},{""target"":""T2P"",""magnitude"":0.4236459024776198,""start_week"":37,""duration_weeks"":1,""recovery_weeks"":1}]"
A,2026,732,Supplier-cluster shock,False,,False,Non-failure,Unclassified,Unclassified,0,1.0,0.0,False,False,False,False,False,[]
A,2026,733,Supplier-cluster shock,False,,False,Non-failure,Unclassified,Unclassified,1,0.988352773997395,41.930013609377966,False,True,False,False,False,"[{""target"":""corridor"",""magnitude"":0.2587354195019538,""start_week"":30,""duration_weeks"":3,""recovery_weeks"":3}]"
A,2026,734,Supplier-cluster shock,False,,False,Non-failure,Unclassified,Unclassified,2,0.9432089749296418,54.189393784272625,False,True,False,False,False,"[{""target"":""demand"",""magnitude"":0.06021043753808043,""start_week"":37,""duration_weeks"":3,""recovery_weeks"":1},{""target"":""corridor"",""magnitude"":0.19979918832477322,""start_week"":42,""duration_weeks"":2,""recovery_weeks"":3}]"
A,2026,735,Supplier-cluster shock,True,True,True,Structural,Concentrated dependency; Hidden convergent dependency; Propagation-amplified cascade,Hidden convergent dependency,4,0.7041008699056001,1037.874015460267,True,True,False,False,False,"[{""target"":""T2P"",""magnitude"":0.4884122894466133,""start_week"":5,""duration_weeks"":1,""recovery_weeks"":4},{""target"":""T2P"",""magnitude"":0.16615232919775974,""start_week"":13,""duration_weeks"":6,""recovery_weeks"":3},{""target"":""corridor"",""magnitude"":0.3795699004562456,""start_week"":31,""duration_weeks"":1,""recovery_weeks"":4},{""target"":""corridor"",""magnitude"":0.3391306055776402,""start_week"":34,""duration_weeks"":2,""recovery_weeks"":1}]"
A,2026,736,Supplier-cluster shock,True,True,True,Structural,Concentrated dependency,Concentrated dependency,9,0.5238885968710326,1296.865021875703,True,True,True,False,True,"[{""target"":""corridor"",""magnitude"":0.19465386328480852,""start_week"":12,""duration_weeks"":2,""recovery_weeks"":1},{""target"":""corridor"",""magnitude"":0.5121148165484671,""start_week"":13,""duration_weeks"":1,""recovery_weeks"":4},{""target"":""S1A"",""magnitude"":0.37148787990112075,""start_week"":18,""duration_weeks"":4,""recovery_weeks"":3},{""target"":""demand"",""magnitude"":0.11100241019648141,""start_week"":21,""duration_weeks"":2,""recovery_weeks"":2},{""target"":""corridor"",""magnitude"":0.16919657991884327,""start_week"":31,""duration_weeks"":10,""recovery_weeks"":2},{""target"":""T2P"",""magnitude"":0.4076523879398074,""start_week"":37,""duration_weeks"":4,""recovery_weeks"":3},{""target"":""S1C"",""magnitude"":0.2159886374557306,""start_week"":38,""duration_weeks"":5,""recovery_weeks"":1},{""target"":""S1A"",""magnitude"":0.5010073628723344,""start_week"":39,""duration_weeks"":7,""recovery_weeks"":3},{""target"":""S1C"",""magnitude"":0.3453945949813447,""start_week"":50,""duration_weeks"":1,""recovery_weeks"":4}]"
A,2026,737,Supplier-cluster shock,True,False,False,Adaptation-limited,Concentrated dependency; Hidden convergent dependency; Propagation-amplified cascade,Hidden convergent dependency,1,0.6460137517493693,574.3504937022706,True,False,False,False,False,"[{""target"":""T2P"",""magnitude"":0.41858762342556755,""start_week"":37,""duration_weeks"":2,""recovery_weeks"":3}]"
A,2026,738,Supplier-cluster shock,True,True,False,Structural,Compounding moderate disturbance; Recovery lag and temporal overlap,Compounding moderate disturbance,3,0.7441987121346669,1059.8036969016944,True,False,False,False,False,"[{""target"":""demand"",""magnitude"":0.2135231609815993,""start_week"":12,""duration_weeks"":4,""recovery_weeks"":2},{""target"":""demand"",""magnitude"":0.23032686399194469,""start_week"":16,""duration_weeks"":4,""recovery_weeks"":1},{""target"":""T2P"",""magnitude"":0.25827639155633564,""start_week"":38,""duration_weeks"":2,""recovery_weeks"":3}]"
A,2026,739,Supplier-cluster shock,True,True,True,Structural,Concentrated dependency; Hidden convergent dependency; Propagation-amplified cascade,Hidden convergent dependency,3,0.7837370030000664,930.7527527245079,True,False,True,False,False,"[{""target"":""T2P"",""magnitude"":0.29463669729994024,""start_week"":4,""duration_weeks"":6,""recovery_weeks"":4},{""target"":""T2P"",""magnitude"":0.16714304355140433,""start_week"":37,""duration_weeks"":2,""recovery_weeks"":3},{""target"":""S1A"",""magnitude"":0.2313408117020028,""start_week"":42,""duration_weeks"":2,""recovery_weeks"":3}]"
A,2026,740,Supplier-cluster shock,True,False,False,Adaptation-limited,Concentrated dependency; Hidden convergent dependency; Propagation-amplified cascade,Hidden convergent dependency,2,0.7450476473660999,437.4665477290466,True,False,False,False,False,"[{""target"":""T2P"",""magnitude"":0.4392761564940133,""start_week"":13,""duration_weeks"":1,""recovery_weeks"":4},{""target"":""demand"",""magnitude"":0.25096350561354025,""start_week"":42,""duration_weeks"":1,""recovery_weeks"":1}]"
A,2026,741,Supplier-cluster shock,False,,False,Non-failure,Unclassified,Unclassified,1,0.9003058409670249,179.44948625935513,False,False,False,False,True,"[{""target"":""S1C"",""magnitude"":0.47431185782419405,""start_week"":9,""duration_weeks"":1,""recovery_weeks"":4}]"
A,2026,742,Supplier-cluster shock,False,,False,Non-failure,Unclassified,Unclassified,1,1.0,0.0,True,False,False,False,False,"[{""target"":""T2P"",""magnitude"":0.3324884734031279,""start_week"":51,""duration_weeks"":3,""recovery_weeks"":2}]"
A,2026,743,Supplier-cluster shock,False,,False,Non-failure,Unclassified,Unclassified,4,0.8829629671780447,126.66664769879992,True,False,False,True,True,"[{""target"":""T2P"",""magnitude"":0.41066665907951994,""start_week"":12,""duration_weeks"":1,""recovery_weeks"":2},{""target"":""T2P"",""magnitude"":0.23977074699816606,""start_week"":25,""duration_weeks"":2,""recovery_weeks"":2},{""target"":""S1C"",""magnitude"":0.36778054996113196,""start_week"":42,""duration_weeks"":5,""recovery_weeks"":2},{""target"":""S1B"",""magnitude"":0.35055477295823945,""start_week"":51,""duration_weeks"":3,""recovery_weeks"":1}]"
A,2026,744,Supplier-cluster shock,True,True,True,Structural,Concentrated dependency; Hidden convergent dependency; Propagation-amplified cascade,Hidden convergent dependency,2,0.7035234830590568,611.8680378186282,True,False,False,False,False,"[{""target"":""T2P"",""magnitude"":0.4891051536624652,""start_week"":22,""duration_weeks"":1,""recovery_weeks"":4},{""target"":""demand"",""magnitude"":0.08293826269321422,""start_week"":36,""duration_weeks"":1,""recovery_weeks"":1}]"
A,2026,745,Supplier-cluster shock,True,False,False,Adaptation-limited,Concentrated dependency; Hidden convergent dependency; Propagation-amplified cascade,Hidden convergent dependency,5,0.64302384398923,663.8306687710349,True,True,False,False,True,"[{""target"":""corridor"",""magnitude"":0.22849774027626768,""start_week"":11,""duration_weeks"":1,""recovery_weeks"":4},{""target"":""corridor"",""magnitude"":0.28194436557158925,""start_week"":21,""duration_weeks"":3,""recovery_weeks"":3},{""target"":""S1C"",""magnitude"":0.2652535389656468,""start_week"":25,""duration_weeks"":7,""recovery_weeks"":2},{""target"":""T2P"",""magnitude"":0.42127854040969304,""start_week"":38,""duration_weeks"":2,""recovery_weeks"":4},{""target"":""corridor"",""magnitude"":0.2573214756814549,""start_week"":42,""duration_weeks"":2,""recovery_weeks"":4}]"
A,2026,746,Supplier-cluster shock,True,True,True,Structural,Concentrated dependency; Recovery lag and temporal overlap,Recovery lag and temporal overlap,6,0.4065653853542709,1239.2437223792576,True,True,True,False,False,"[{""target"":""S1A"",""magnitude"":0.30873337241407706,""start_week"":7,""duration_weeks"":3,""recovery_weeks"":2},{""target"":""corridor"",""magnitude"":0.5436947782836354,""start_week"":11,""duration_weeks"":2,""recovery_weeks"":3},{""target"":""corridor"",""magnitude"":0.3107712356338634,""start_week"":31,""duration_weeks"":3,""recovery_weeks"":1},{""target"":""demand"",""magnitude"":0.0940170950134242,""start_week"":33,""duration_weeks"":1,""recovery_weeks"":4},{""target"":""demand"",""magnitude"":0.1625322917102769,""start_week"":38,""duration_weeks"":1,""recovery_weeks"":4},{""target"":""T2P"",""magnitude"":0.6340911531811562,""start_week"":40,""duration_weeks"":1,""recovery_weeks"":2}]"
A,2026,747,Supplier-cluster shock,True,True,False,Structural,Concentrated dependency,Concentrated dependency,4,0.832594814385209,401.7549386953864,False,True,False,True,True,"[{""target"":""demand"",""magnitude"":0.11418823742054596,""start_week"":2,""duration_weeks"":3,""recovery_weeks"":1},{""target"":""S1C"",""magnitude"":0.521457188616006,""start_week"":6,""duration_weeks"":1,""recovery_weeks"":3},{""target"":""S1B"",""magnitude"":0.2424522826479053,""start_week"":14,""duration_weeks"":4,""recovery_weeks"":3},{""target"":""corridor"",""magnitude"":0.37555388921109323,""start_week"":25,""duration_weeks"":2,""recovery_weeks"":3}]"
A,2026,748,Supplier-cluster shock,True,False,False,Adaptation-limited,Concentrated dependency,Concentrated dependency,1,0.7754502520390885,404.1895463296406,False,True,False,False,False,"[{""target"":""corridor"",""magnitude"":0.41841231097068365,""start_week"":39,""duration_weeks"":1,""recovery_weeks"":2}]"
A,2026,749,Supplier-cluster shock,True,True,True,Structural,Concentrated dependency; Hidden convergent dependency; Propagation-amplified cascade,Hidden convergent dependency,3,0.5481111538481972,2125.9208138428367,True,True,False,False,False,"[{""target"":""T2P"",""magnitude"":0.5066999615366224,""start_week"":19,""duration_weeks"":5,""recovery_weeks"":1},{""target"":""corridor"",""magnitude"":0.32936695683975054,""start_week"":26,""duration_weeks"":4,""recovery_weeks"":4},{""target"":""T2P"",""magnitude"":0.3706670101624947,""start_week"":46,""duration_weeks"":6,""recovery_weeks"":4}]"
A,2026,750,Supplier-cluster shock,False,,False,Non-failure,Unclassified,Unclassified,2,0.9495778951603316,53.67379821271902,True,True,False,False,False,"[{""target"":""T2P"",""magnitude"":0.21658780771403502,""start_week"":9,""duration_weeks"":4,""recovery_weeks"":4},{""target"":""corridor"",""magnitude"":0.21677016910243424,""start_week"":51,""duration_weeks"":4,""recovery_weeks"":1}]"
A,2026,751,Supplier-cluster shock,True,True,False,Structural,Compounding moderate disturbance; Recovery lag and temporal overlap,Compounding moderate disturbance,5,0.8909394260736804,310.804392360998,False,False,True,True,True,"[{""target"":""S1B"",""magnitude"":0.3282336040401078,""start_week"":1,""duration_weeks"":3,""recovery_weeks"":1},{""target"":""S1A"",""magnitude"":0.27763881088597986,""start_week"":28,""duration_weeks"":2,""recovery_weeks"":2},{""target"":""S1C"",""magnitude"":0.3663437090190956,""start_week"":31,""duration_weeks"":9,""recovery_weeks"":2},{""target"":""S1B"",""magnitude"":0.42233920374915246,""start_week"":38,""duration_weeks"":2,""recovery_weeks"":1},{""target"":""S1A"",""magnitude"":0.22824151023522435,""start_week"":45,""duration_weeks"":1,""recovery_weeks"":2}]"
A,2026,752,Supplier-cluster shock,True,True,True,Structural,Concentrated dependency,Concentrated dependency,4,0.7141273288393424,1719.2890784047822,False,True,False,False,False,"[{""target"":""corridor"",""magnitude"":0.3579773437692997,""start_week"":7,""duration_weeks"":2,""recovery_weeks"":3},{""target"":""corridor"",""magnitude"":0.4644045033704932,""start_week"":13,""duration_weeks"":6,""recovery_weeks"":1},{""target"":""corridor"",""magnitude"":0.34240295837952145,""start_week"":31,""duration_weeks"":8,""recovery_weeks"":4},{""target"":""corridor"",""magnitude"":0.29017685968008367,""start_week"":46,""duration_weeks"":1,""recovery_weeks"":2}]"
A,2026,753,Supplier-cluster shock,False,,False,Non-failure,Unclassified,Unclassified,0,1.0,0.0,False,False,False,False,False,[]
A,2026,754,Supplier-cluster shock,True,True,True,Structural,Concentrated dependency; Hidden convergent dependency; Propagation-amplified cascade,Hidden convergent dependency,3,0.5535879570650588,1618.076498880615,True,False,False,False,False,"[{""target"":""T2P"",""magnitude"":0.5017708386414471,""start_week"":1,""duration_weeks"":2,""recovery_weeks"":3},{""target"":""demand"",""magnitude"":0.16788812714609183,""start_week"":8,""duration_weeks"":9,""recovery_weeks"":1},{""target"":""T2P"",""magnitude"":0.16937507338537314,""start_week"":32,""duration_weeks"":3,""recovery_weeks"":1}]"
A,2026,755,Supplier-cluster shock,True,True,True,Structural,Concentrated dependency; Hidden convergent dependency; Propagation-amplified cascade; Recovery lag and temporal overlap,Hidden convergent dependency,5,0.723630332244608,620.0306623182915,True,True,False,False,True,"[{""target"":""corridor"",""magnitude"":0.27224709416555937,""start_week"":1,""duration_weeks"":2,""recovery_weeks"":1},{""target"":""corridor"",""magnitude"":0.30506702493378257,""start_week"":12,""duration_weeks"":5,""recovery_weeks"":1},{""target"":""S1C"",""magnitude"":0.5233685339451546,""start_week"":17,""duration_weeks"":8,""recovery_weeks"":4},{""target"":""T2P"",""magnitude"":0.2534559150956037,""start_week"":30,""duration_weeks"":4,""recovery_weeks"":4},{""target"":""T2P"",""magnitude"":0.1958750280095538,""start_week"":34,""duration_weeks"":1,""recovery_weeks"":3}]"
A,2026,756,Supplier-cluster shock,True,True,True,Structural,Concentrated dependency; Hidden convergent dependency,Hidden convergent dependency,8,0.5567370907207866,3203.0625593251743,True,True,True,True,True,"[{""target"":""demand"",""magnitude"":0.15658598332692517,""start_week"":13,""duration_weeks"":7,""recovery_weeks"":3},{""target"":""T2P"",""magnitude"":0.42047711602671467,""start_week"":16,""duration_weeks"":3,""recovery_weeks"":2},{""target"":""T2P"",""magnitude"":0.27839576746386807,""start_week"":21,""duration_weeks"":4,""recovery_weeks"":3},{""target"":""S1A"",""magnitude"":0.18885976987073003,""start_week"":27,""duration_weeks"":1,""recovery_weeks"":4},{""target"":""S1B"",""magnitude"":0.2837464854230033,""start_week"":29,""duration_weeks"":1,""recovery_weeks"":1},{""target"":""S1C"",""magnitude"":0.26852921241019845,""start_week"":33,""duration_weeks"":1,""recovery_weeks"":4},{""target"":""T2P"",""magnitude"":0.4024856334457483,""start_week"":41,""duration_weeks"":2,""recovery_weeks"":2},{""target"":""corridor"",""magnitude"":0.4620818751148721,""start_week"":48,""duration_weeks"":3,""recovery_weeks"":2}]"
A,2026,757,Supplier-cluster shock,True,True,True,Structural,Concentrated dependency,Concentrated dependency,5,0.6427544786522357,1357.4304047855317,True,True,False,False,False,"[{""target"":""corridor"",""magnitude"":0.3302980548943346,""start_week"":13,""duration_weeks"":2,""recovery_weeks"":3},{""target"":""demand"",""magnitude"":0.07352858621748476,""start_week"":28,""duration_weeks"":1,""recovery_weeks"":1},{""target"":""T2P"",""magnitude"":0.22525380563869668,""start_week"":31,""duration_weeks"":8,""recovery_weeks"":4},{""target"":""corridor"",""magnitude"":0.3139435744018813,""start_week"":35,""duration_weeks"":1,""recovery_weeks"":2},{""target"":""T2P"",""magnitude"":0.42152096921298776,""start_week"":44,""duration_weeks"":2,""recovery_weeks"":3}]"
A,2026,758,Supplier-cluster shock,False,,False,Non-failure,Unclassified,Unclassified,1,0.8089090843735501,212.60958417470874,False,False,False,False,False,"[{""target"":""demand"",""magnitude"":0.2362328713052319,""start_week"":36,""duration_weeks"":1,""recovery_weeks"":3}]"
A,2026,759,Supplier-cluster shock,True,True,True,Structural,Concentrated dependency,Concentrated dependency,4,0.721141528858899,1507.5438539872375,True,True,False,False,False,"[{""target"":""corridor"",""magnitude"":0.35264194341785265,""start_week"":18,""duration_weeks"":1,""recovery_weeks"":2},{""target"":""T2P"",""magnitude"":0.2674059241454506,""start_week"":25,""duration_weeks"":8,""recovery_weeks"":3},{""target"":""demand"",""magnitude"":0.1931352273613849,""start_week"":30,""duration_weeks"":1,""recovery_weeks"":3},{""target"":""T2P"",""magnitude"":0.3016374673613735,""start_week"":38,""duration_weeks"":1,""recovery_weeks"":2}]"
A,2026,760,Supplier-cluster shock,False,,False,Non-failure,Unclassified,Unclassified,0,1.0,0.0,False,False,False,False,False,[]
A,2026,761,Supplier-cluster shock,False,,False,Non-failure,Unclassified,Unclassified,2,0.8795888851502695,199.78438412250875,False,False,False,False,False,"[{""target"":""demand"",""magnitude"":0.13689476627385924,""start_week"":2,""duration_weeks"":1,""recovery_weeks"":4},{""target"":""demand"",""magnitude"":0.2036116110101604,""start_week"":5,""duration_weeks"":2,""recovery_weeks"":1}]"
A,2026,762,Supplier-cluster shock,False,,False,Non-failure,Unclassified,Unclassified,3,0.8759620169052378,127.44180983975548,False,False,True,True,False,"[{""target"":""demand"",""magnitude"":0.14160201093306166,""start_week"":10,""duration_weeks"":1,""recovery_weeks"":2},{""target"":""S1B"",""magnitude"":0.26088563446576396,""start_week"":11,""duration_weeks"":1,""recovery_weeks"":1},{""target"":""S1A"",""magnitude"":0.2886078264181885,""start_week"":29,""duration_weeks"":4,""recovery_weeks"":4}]"
A,2026,763,Supplier-cluster shock,False,,False,Non-failure,Unclassified,Unclassified,4,0.8467735772414577,162.8579164361015,True,True,False,True,False,"[{""target"":""corridor"",""magnitude"":0.2122282713528451,""start_week"":6,""duration_weeks"":5,""recovery_weeks"":1},{""target"":""demand"",""magnitude"":0.1809532404845574,""start_week"":20,""duration_weeks"":1,""recovery_weeks"":3},{""target"":""T2P"",""magnitude"":0.2303782199212186,""start_week"":27,""duration_weeks"":3,""recovery_weeks"":1},{""target"":""S1B"",""magnitude"":0.17757299178285968,""start_week"":40,""duration_weeks"":3,""recovery_weeks"":3}]"
A,2026,764,Supplier-cluster shock,False,,False,Non-failure,Unclassified,Unclassified,1,1.0,0.0,True,False,False,False,False,"[{""target"":""T2P"",""magnitude"":0.3564571745613282,""start_week"":40,""duration_weeks"":1,""recovery_weeks"":2}]"
A,2026,765,Supplier-cluster shock,False,,False,Non-failure,Unclassified,Unclassified,1,0.9844730874237212,55.896885274603164,False,True,False,False,False,"[{""target"":""corridor"",""magnitude"":0.2616451844322091,""start_week"":47,""duration_weeks"":8,""recovery_weeks"":2}]"
A,2026,766,Supplier-cluster shock,True,True,True,Structural,Concentrated dependency; Hidden convergent dependency; Propagation-amplified cascade,Hidden convergent dependency,3,0.45307595531730976,4322.316402144211,True,False,True,False,True,"[{""target"":""T2P"",""magnitude"":0.5922316402144212,""start_week"":8,""duration_weeks"":9,""recovery_weeks"":1},{""target"":""S1C"",""magnitude"":0.3474849171952714,""start_week"":13,""duration_weeks"":3,""recovery_weeks"":2},{""target"":""S1A"",""magnitude"":0.5121886588764225,""start_week"":36,""duration_weeks"":1,""recovery_weeks"":3}]"
A,2026,767,Supplier-cluster shock,False,,False,Non-failure,Unclassified,Unclassified,2,0.9085335633002065,93.48940709341036,True,False,False,False,False,"[{""target"":""T2P"",""magnitude"":0.25715691794187767,""start_week"":3,""duration_weeks"":3,""recovery_weeks"":1},{""target"":""demand"",""magnitude"":0.13568564317880083,""start_week"":42,""duration_weeks"":1,""recovery_weeks"":3}]"
A,2026,768,Supplier-cluster shock,False,,False,Non-failure,Unclassified,Unclassified,3,1.0,0.0,True,True,False,False,False,"[{""target"":""T2P"",""magnitude"":0.253983813568385,""start_week"":21,""duration_weeks"":1,""recovery_weeks"":4},{""target"":""corridor"",""magnitude"":0.24196267206372676,""start_week"":42,""duration_weeks"":2,""recovery_weeks"":2},{""target"":""corridor"",""magnitude"":0.2239752104278747,""start_week"":49,""duration_weeks"":1,""recovery_weeks"":4}]"
A,2026,769,Supplier-cluster shock,True,True,False,Structural,Concentrated dependency; Hidden convergent dependency; Propagation-amplified cascade,Hidden convergent dependency,4,0.839866023505839,298.8941768118966,True,False,False,True,False,"[{""target"":""S1B"",""magnitude"":0.3874373438766466,""start_week"":5,""duration_weeks"":1,""recovery_weeks"":2},{""target"":""T2P"",""magnitude"":0.2441205788447448,""start_week"":20,""duration_weeks"":6,""recovery_weeks"":1},{""target"":""demand"",""magnitude"":0.128159718218327,""start_week"":42,""duration_weeks"":7,""recovery_weeks"":2},{""target"":""demand"",""magnitude"":0.1371336747390351,""start_week"":50,""duration_weeks"":8,""recovery_weeks"":3}]"
A,2026,770,Supplier-cluster shock,False,,False,Non-failure,Unclassified,Unclassified,2,0.8703237054397734,146.85311480689484,False,False,True,False,False,"[{""target"":""S1A"",""magnitude"":0.34172082217344524,""start_week"":41,""duration_weeks"":2,""recovery_weeks"":2},{""target"":""demand"",""magnitude"":0.25828801722456707,""start_week"":47,""duration_weeks"":2,""recovery_weeks"":2}]"
A,2026,771,Supplier-cluster shock,False,,False,Non-failure,Unclassified,Unclassified,1,0.8416626530602505,169.31202985856316,False,False,False,False,False,"[{""target"":""demand"",""magnitude"":0.18812447762062573,""start_week"":40,""duration_weeks"":3,""recovery_weeks"":2}]"
A,2026,772,Supplier-cluster shock,True,True,False,Structural,Concentrated dependency,Concentrated dependency,4,0.6913824522211047,460.74777872014715,True,True,False,True,False,"[{""target"":""corridor"",""magnitude"":0.4080870887365484,""start_week"":12,""duration_weeks"":1,""recovery_weeks"":4},{""target"":""corridor"",""magnitude"":0.3349618063030973,""start_week"":30,""duration_weeks"":1,""recovery_weeks"":3},{""target"":""T2P"",""magnitude"":0.5461199190080702,""start_week"":43,""duration_weeks"":1,""recovery_weeks"":2},{""target"":""S1B"",""magnitude"":0.2681050562689182,""start_week"":45,""duration_weeks"":1,""recovery_weeks"":3}]"
A,2026,773,Supplier-cluster shock,True,True,True,Structural,Concentrated dependency,Concentrated dependency,3,0.7897887702152102,876.2478779316596,True,False,False,False,False,"[{""target"":""demand"",""magnitude"":0.2661613303611663,""start_week"":9,""duration_weeks"":6,""recovery_weeks"":4},{""target"":""T2P"",""magnitude"":0.2628711956992495,""start_week"":22,""duration_weeks"":2,""recovery_weeks"":2},{""target"":""demand"",""magnitude"":0.13438803271092886,""start_week"":46,""duration_weeks"":2,""recovery_weeks"":1}]"
A,2026,774,Supplier-cluster shock,True,False,False,Adaptation-limited,Concentrated dependency,Concentrated dependency,5,0.7079986191097646,600.803314136565,False,True,False,False,True,"[{""target"":""corridor"",""magnitude"":0.4690010356676766,""start_week"":11,""duration_weeks"":1,""recovery_weeks"":3},{""target"":""S1C"",""magnitude"":0.15977386644882516,""start_week"":26,""duration_weeks"":1,""recovery_weeks"":1},{""target"":""demand"",""magnitude"":0.09991689848141445,""start_week"":30,""duration_weeks"":2,""recovery_weeks"":4},{""target"":""corridor"",""magnitude"":0.19541970062564124,""start_week"":34,""duration_weeks"":1,""recovery_weeks"":3},{""target"":""demand"",""magnitude"":0.1245189666106305,""start_week"":49,""duration_weeks"":3,""recovery_weeks"":4}]"
A,2026,775,Supplier-cluster shock,True,True,True,Structural,Concentrated dependency; Hidden convergent dependency; Propagation-amplified cascade,Hidden convergent dependency,2,0.6271767765490207,1336.5750003683695,True,True,False,False,False,"[{""target"":""corridor"",""magnitude"":0.30632765877501933,""start_week"":12,""duration_weeks"":5,""recovery_weeks"":2},{""target"":""T2P"",""magnitude"":0.4355409011058814,""start_week"":30,""duration_weeks"":5,""recovery_weeks"":2}]"
A,2026,776,Supplier-cluster shock,False,,False,Non-failure,Unclassified,Unclassified,2,0.8269131331239223,198.5406446950899,True,False,False,False,False,"[{""target"":""T2P"",""magnitude"":0.25522603960575696,""start_week"":14,""duration_weeks"":3,""recovery_weeks"":2},{""target"":""demand"",""magnitude"":0.27450869213443996,""start_week"":27,""duration_weeks"":1,""recovery_weeks"":1}]"
A,2026,777,Supplier-cluster shock,True,True,True,Structural,Concentrated dependency,Concentrated dependency,2,0.6173997976086775,1377.3607286087608,False,True,False,False,False,"[{""target"":""corridor"",""magnitude"":0.5369501517934919,""start_week"":1,""duration_weeks"":3,""recovery_weeks"":1},{""target"":""demand"",""magnitude"":0.1029237032001839,""start_week"":23,""duration_weeks"":7,""recovery_weeks"":1}]"
A,2026,778,Supplier-cluster shock,False,,False,Non-failure,Unclassified,Unclassified,2,0.9476109795813306,110.016942879206,True,False,False,False,True,"[{""target"":""T2P"",""magnitude"":0.19517980023502798,""start_week"":19,""duration_weeks"":1,""recovery_weeks"":3},{""target"":""S1C"",""magnitude"":0.3678752959420062,""start_week"":32,""duration_weeks"":5,""recovery_weeks"":3}]"
A,2026,779,Supplier-cluster shock,False,,False,Non-failure,Unclassified,Unclassified,0,1.0,0.0,False,False,False,False,False,[]
A,2026,780,Supplier-cluster shock,True,True,True,Structural,Concentrated dependency; Hidden convergent dependency; Propagation-amplified cascade,Hidden convergent dependency,4,0.6840777783672779,758.869580198827,True,True,False,False,False,"[{""target"":""T2P"",""magnitude"":0.43866013056349706,""start_week"":25,""duration_weeks"":1,""recovery_weeks"":4},{""target"":""demand"",""magnitude"":0.08987753422960754,""start_week"":30,""duration_weeks"":5,""recovery_weeks"":3},{""target"":""corridor"",""magnitude"":0.23058048662147773,""start_week"":38,""duration_weeks"":10,""recovery_weeks"":3},{""target"":""demand"",""magnitude"":0.10052559629985133,""start_week"":48,""duration_weeks"":3,""recovery_weeks"":3}]"
A,2026,781,Supplier-cluster shock,True,True,True,Structural,Concentrated dependency,Concentrated dependency,5,0.5247749486067161,4351.145662204936,False,True,True,True,True,"[{""target"":""corridor"",""magnitude"":0.48370013028973247,""start_week"":14,""duration_weeks"":11,""recovery_weeks"":3},{""target"":""corridor"",""magnitude"":0.237688725980304,""start_week"":20,""duration_weeks"":4,""recovery_weeks"":3},{""target"":""S1A"",""magnitude"":0.33652484150117795,""start_week"":37,""duration_weeks"":2,""recovery_weeks"":2},{""target"":""S1B"",""magnitude"":0.2940340997978409,""start_week"":38,""duration_weeks"":2,""recovery_weeks"":3},{""target"":""S1C"",""magnitude"":0.19706774656964082,""start_week"":48,""duration_weeks"":2,""recovery_weeks"":1}]"
A,2026,782,Supplier-cluster shock,True,True,True,Structural,Concentrated dependency; Hidden convergent dependency,Hidden convergent dependency,2,0.7367905885194597,814.4789133523816,True,False,False,False,False,"[{""target"":""T2P"",""magnitude"":0.24117918491659046,""start_week"":10,""duration_weeks"":6,""recovery_weeks"":4},{""target"":""demand"",""magnitude"":0.14433361679578194,""start_week"":19,""duration_weeks"":1,""recovery_weeks"":2}]"
A,2026,783,Supplier-cluster shock,False,,False,Non-failure,Unclassified,Unclassified,2,0.9324772626073085,121.54092730684488,False,True,True,False,False,"[{""target"":""S1A"",""magnitude"":0.4019261591335561,""start_week"":14,""duration_weeks"":1,""recovery_weeks"":3},{""target"":""corridor"",""magnitude"":0.30435632054753536,""start_week"":24,""duration_weeks"":1,""recovery_weeks"":1}]"
A,2026,784,Supplier-cluster shock,False,,False,Non-failure,Unclassified,Unclassified,3,0.8736494259310568,130.16149646165127,True,False,False,False,False,"[{""target"":""demand"",""magnitude"":0.14462388495739026,""start_week"":10,""duration_weeks"":1,""recovery_weeks"":4},{""target"":""T2P"",""magnitude"":0.24494928313611447,""start_week"":13,""duration_weeks"":2,""recovery_weeks"":3},{""target"":""T2P"",""magnitude"":0.24770594355774106,""start_week"":40,""duration_weeks"":2,""recovery_weeks"":4}]"
A,2026,785,Supplier-cluster shock,True,True,True,Structural,Concentrated dependency; Hidden convergent dependency; Propagation-amplified cascade; Recovery lag and temporal overlap,Hidden convergent dependency,2,0.6247794446422755,922.5853785042946,True,False,False,False,False,"[{""target"":""T2P"",""magnitude"":0.1570617624137134,""start_week"":22,""duration_weeks"":7,""recovery_weeks"":3},{""target"":""T2P"",""magnitude"":0.4376984998219521,""start_week"":31,""duration_weeks"":1,""recovery_weeks"":4}]"
A,2026,786,Supplier-cluster shock,True,True,True,Structural,Concentrated dependency; Hidden convergent dependency; Propagation-amplified cascade,Hidden convergent dependency,4,0.5288127392388979,5060.4392889442315,True,False,True,False,False,"[{""target"":""T2P"",""magnitude"":0.39574937504623964,""start_week"":15,""duration_weeks"":11,""recovery_weeks"":3},{""target"":""T2P"",""magnitude"":0.21236082237990522,""start_week"":21,""duration_weeks"":5,""recovery_weeks"":1},{""target"":""T2P"",""magnitude"":0.27686736832659103,""start_week"":29,""duration_weeks"":5,""recovery_weeks"":3},{""target"":""S1A"",""magnitude"":0.22809563542642336,""start_week"":35,""duration_weeks"":9,""recovery_weeks"":3}]"
A,2026,787,Supplier-cluster shock,False,,False,Non-failure,Unclassified,Unclassified,4,0.8208111815014012,161.26993664873896,False,True,False,True,True,"[{""target"":""S1B"",""magnitude"":0.3329357483171236,""start_week"":3,""duration_weeks"":4,""recovery_weeks"":4},{""target"":""S1C"",""magnitude"":0.36042396203175453,""start_week"":31,""duration_weeks"":6,""recovery_weeks"":3},{""target"":""S1B"",""magnitude"":0.29864081249745844,""start_week"":49,""duration_weeks"":7,""recovery_weeks"":3},{""target"":""corridor"",""magnitude"":0.4101171199647895,""start_week"":50,""duration_weeks"":2,""recovery_weeks"":2}]"
A,2026,788,Supplier-cluster shock,True,False,True,Adaptation-limited,Hidden convergent dependency; Compounding moderate disturbance,Hidden convergent dependency,5,0.7695344781378637,750.5637775895464,True,False,False,False,True,"[{""target"":""T2P"",""magnitude"":0.15631237676184812,""start_week"":6,""duration_weeks"":2,""recovery_weeks"":4},{""target"":""T2P"",""magnitude"":0.20648447424910896,""start_week"":19,""duration_weeks"":4,""recovery_weeks"":1},{""target"":""demand"",""magnitude"":0.14573673116571456,""start_week"":22,""duration_weeks"":6,""recovery_weeks"":1},{""target"":""T2P"",""magnitude"":0.34607738099849367,""start_week"":47,""duration_weeks"":3,""recovery_weeks"":1},{""target"":""S1C"",""magnitude"":0.19196684423057891,""start_week"":48,""duration_weeks"":4,""recovery_weeks"":4}]"
A,2026,789,Supplier-cluster shock,False,,False,Non-failure,Unclassified,Unclassified,1,0.9694854536983877,27.46309167145114,True,False,False,False,False,"[{""target"":""T2P"",""magnitude"":0.3709852366685804,""start_week"":9,""duration_weeks"":1,""recovery_weeks"":2}]"
A,2026,790,Supplier-cluster shock,False,,False,Non-failure,Unclassified,Unclassified,4,0.9490207542646484,438.86730853067525,False,True,True,False,False,"[{""target"":""S1A"",""magnitude"":0.2690350414986155,""start_week"":16,""duration_weeks"":6,""recovery_weeks"":4},{""target"":""corridor"",""magnitude"":0.2882344343015137,""start_week"":21,""duration_weeks"":2,""recovery_weeks"":1},{""target"":""corridor"",""magnitude"":0.28766085230725014,""start_week"":31,""duration_weeks"":12,""recovery_weeks"":1},{""target"":""corridor"",""magnitude"":0.23270953614935547,""start_week"":47,""duration_weeks"":1,""recovery_weeks"":2}]"
A,2026,791,Supplier-cluster shock,False,,False,Non-failure,Unclassified,Unclassified,1,0.809179806523857,212.23734545019852,False,False,False,False,False,"[{""target"":""demand"",""magnitude"":0.2358192727224428,""start_week"":36,""duration_weeks"":1,""recovery_weeks"":4}]"
A,2026,792,Supplier-cluster shock,True,True,False,Structural,Concentrated dependency,Concentrated dependency,3,0.8209902362699415,475.27970494490626,True,True,False,False,False,"[{""target"":""demand"",""magnitude"":0.11943724166727412,""start_week"":1,""duration_weeks"":3,""recovery_weeks"":1},{""target"":""T2P"",""magnitude"":0.2547516690532353,""start_week"":35,""duration_weeks"":2,""recovery_weeks"":4},{""target"":""corridor"",""magnitude"":0.3842573227975439,""start_week"":43,""duration_weeks"":3,""recovery_weeks"":4}]"
A,2026,793,Supplier-cluster shock,False,,False,Non-failure,Unclassified,Unclassified,1,0.9458108834613753,113.79714473111176,False,False,False,False,True,"[{""target"":""S1C"",""magnitude"":0.37192551221190534,""start_week"":31,""duration_weeks"":7,""recovery_weeks"":2}]"
A,2026,794,Supplier-cluster shock,True,False,False,Adaptation-limited,Concentrated dependency,Concentrated dependency,4,0.7815289078737253,465.7159530125298,False,True,False,False,False,"[{""target"":""corridor"",""magnitude"":0.413853319094706,""start_week"":5,""duration_weeks"":1,""recovery_weeks"":4},{""target"":""corridor"",""magnitude"":0.2931616084486051,""start_week"":11,""duration_weeks"":2,""recovery_weeks"":3},{""target"":""corridor"",""magnitude"":0.28946259204000535,""start_week"":27,""duration_weeks"":1,""recovery_weeks"":2},{""target"":""corridor"",""magnitude"":0.24813714803416498,""start_week"":33,""duration_weeks"":3,""recovery_weeks"":2}]"
A,2026,795,Supplier-cluster shock,False,,False,Non-failure,Unclassified,Unclassified,2,0.7740376302142914,319.56958814512166,False,False,True,False,False,"[{""target"":""demand"",""magnitude"":0.29192685337940383,""start_week"":27,""duration_weeks"":2,""recovery_weeks"":2},{""target"":""S1A"",""magnitude"":0.26253017185980276,""start_week"":35,""duration_weeks"":5,""recovery_weeks"":3}]"
A,2026,796,Supplier-cluster shock,True,True,True,Structural,Concentrated dependency; Propagation-amplified cascade,Propagation-amplified cascade,7,0.6294265415262194,1604.1026060200766,True,True,False,False,False,"[{""target"":""corridor"",""magnitude"":0.3904661841151855,""start_week"":13,""duration_weeks"":1,""recovery_weeks"":2},{""target"":""T2P"",""magnitude"":0.18232133623232866,""start_week"":14,""duration_weeks"":2,""recovery_weeks"":2},{""target"":""demand"",""magnitude"":0.30236395405158123,""start_week"":16,""duration_weeks"":3,""recovery_weeks"":2},{""target"":""demand"",""magnitude"":0.10831378852102194,""start_week"":19,""duration_weeks"":3,""recovery_weeks"":3},{""target"":""demand"",""magnitude"":0.19371500512380713,""start_week"":24,""duration_weeks"":1,""recovery_weeks"":2},{""target"":""demand"",""magnitude"":0.15681843736958828,""start_week"":31,""duration_weeks"":2,""recovery_weeks"":4},{""target"":""T2P"",""magnitude"":0.404922229129389,""start_week"":50,""duration_weeks"":1,""recovery_weeks"":3}]"
A,2026,797,Supplier-cluster shock,True,True,True,Structural,Concentrated dependency,Concentrated dependency,2,0.7562385381033442,1363.2404531286422,False,True,False,False,False,"[{""target"":""corridor"",""magnitude"":0.4328210964224918,""start_week"":14,""duration_weeks"":2,""recovery_weeks"":1},{""target"":""corridor"",""magnitude"":0.3881355632509589,""start_week"":18,""duration_weeks"":5,""recovery_weeks"":3}]"
A,2026,798,Supplier-cluster shock,False,,False,Non-failure,Unclassified,Unclassified,1,0.8884168820068055,113.03793098464098,False,False,False,False,False,"[{""target"":""demand"",""magnitude"":0.12559770109404536,""start_week"":40,""duration_weeks"":1,""recovery_weeks"":3}]"
A,2026,799,Supplier-cluster shock,False,,False,Non-failure,Unclassified,Unclassified,0,1.0,0.0,False,False,False,False,False,[]
A,2026,800,Supplier-cluster shock,True,True,False,Structural,Concentrated dependency; Hidden convergent dependency; Propagation-amplified cascade; Recovery lag and temporal overlap,Hidden convergent dependency,4,0.6622307541483017,708.9096822764545,True,True,False,False,True,"[{""target"":""S1C"",""magnitude"":0.33250538091884974,""start_week"":24,""duration_weeks"":1,""recovery_weeks"":2},{""target"":""corridor"",""magnitude"":0.3798858155381719,""start_week"":39,""duration_weeks"":1,""recovery_weeks"":3},{""target"":""T2P"",""magnitude"":0.4039923212665285,""start_week"":42,""duration_weeks"":2,""recovery_weeks"":2},{""target"":""corridor"",""magnitude"":0.2688776053568894,""start_week"":45,""duration_weeks"":7,""recovery_weeks"":3}]"
A,2026,801,Supplier-cluster shock,False,,False,Non-failure,Unclassified,Unclassified,4,0.865586304044499,406.92130289446345,True,True,False,False,True,"[{""target"":""T2P"",""magnitude"":0.3403241087866503,""start_week"":26,""duration_weeks"":2,""recovery_weeks"":2},{""target"":""S1C"",""magnitude"":0.19707445930967837,""start_week"":37,""duration_weeks"":3,""recovery_weeks"":3},{""target"":""demand"",""magnitude"":0.2501193427367935,""start_week"":39,""duration_weeks"":4,""recovery_weeks"":4},{""target"":""corridor"",""magnitude"":0.31661996935386055,""start_week"":48,""duration_weeks"":1,""recovery_weeks"":4}]"
A,2026,802,Supplier-cluster shock,True,True,False,Structural,Concentrated dependency,Concentrated dependency,6,0.8452911929617848,218.16937220187447,True,True,True,True,False,"[{""target"":""S1A"",""magnitude"":0.48375289878772265,""start_week"":3,""duration_weeks"":5,""recovery_weeks"":3},{""target"":""S1B"",""magnitude"":0.29259271010895155,""start_week"":19,""duration_weeks"":4,""recovery_weeks"":2},{""target"":""T2P"",""magnitude"":0.16919175859855182,""start_week"":27,""duration_weeks"":3,""recovery_weeks"":3},{""target"":""corridor"",""magnitude"":0.21096856716286677,""start_week"":43,""duration_weeks"":2,""recovery_weeks"":4},{""target"":""T2P"",""magnitude"":0.23568370015402262,""start_week"":47,""duration_weeks"":3,""recovery_weeks"":1},{""target"":""corridor"",""magnitude"":0.3816189027962318,""start_week"":50,""duration_weeks"":1,""recovery_weeks"":4}]"
A,2026,803,Supplier-cluster shock,False,,False,Non-failure,Unclassified,Unclassified,2,0.9147547411743653,76.7207329430712,True,False,False,False,False,"[{""target"":""T2P"",""magnitude"":0.43836036647153576,""start_week"":12,""duration_weeks"":1,""recovery_weeks"":1},{""target"":""T2P"",""magnitude"":0.20401774209598825,""start_week"":37,""duration_weeks"":2,""recovery_weeks"":2}]"
A,2026,804,Supplier-cluster shock,False,,False,Non-failure,Unclassified,Unclassified,2,0.9202990546279062,215.19255250465335,False,True,False,False,True,"[{""target"":""corridor"",""magnitude"":0.3097757090290703,""start_week"":17,""duration_weeks"":2,""recovery_weeks"":4},{""target"":""S1C"",""magnitude"":0.2234324281774757,""start_week"":38,""duration_weeks"":6,""recovery_weeks"":2}]"
A,2026,805,Supplier-cluster shock,True,True,True,Structural,Concentrated dependency,Concentrated dependency,3,0.836051438730108,590.2148205716112,False,True,True,False,False,"[{""target"":""corridor"",""magnitude"":0.3729614209524189,""start_week"":11,""duration_weeks"":3,""recovery_weeks"":3},{""target"":""S1A"",""magnitude"":0.2356545700552824,""start_week"":15,""duration_weeks"":1,""recovery_weeks"":4},{""target"":""corridor"",""magnitude"":0.2475565214927295,""start_week"":20,""duration_weeks"":12,""recovery_weeks"":1}]"
A,2026,806,Supplier-cluster shock,False,,False,Non-failure,Unclassified,Unclassified,5,0.9204570168028573,229.66269320711592,False,True,True,True,False,"[{""target"":""corridor"",""magnitude"":0.2971953187857766,""start_week"":4,""duration_weeks"":1,""recovery_weeks"":2},{""target"":""S1B"",""magnitude"":0.42897171219357133,""start_week"":5,""duration_weeks"":1,""recovery_weeks"":3},{""target"":""S1A"",""magnitude"":0.31230126666058977,""start_week"":12,""duration_weeks"":6,""recovery_weeks"":3},{""target"":""corridor"",""magnitude"":0.25721853242825815,""start_week"":16,""duration_weeks"":1,""recovery_weeks"":2},{""target"":""corridor"",""magnitude"":0.28517575971802767,""start_week"":42,""duration_weeks"":5,""recovery_weeks"":3}]"
A,2026,807,Supplier-cluster shock,False,,False,Non-failure,Unclassified,Unclassified,2,0.9427161513638312,103.11092754510378,True,True,False,False,False,"[{""target"":""corridor"",""magnitude"":0.29296288647712654,""start_week"":7,""duration_weeks"":1,""recovery_weeks"":1},{""target"":""T2P"",""magnitude"":0.4558642792224413,""start_week"":49,""duration_weeks"":1,""recovery_weeks"":1}]"
A,2026,808,Supplier-cluster shock,False,,False,Non-failure,Unclassified,Unclassified,0,1.0,0.0,False,False,False,False,False,[]
A,2026,809,Supplier-cluster shock,False,,False,Non-failure,Unclassified,Unclassified,1,0.9475576232554472,94.39627814019491,False,True,False,False,False,"[{""target"":""corridor"",""magnitude"":0.2893317825584145,""start_week"":13,""duration_weeks"":1,""recovery_weeks"":4}]"
A,2026,810,Supplier-cluster shock,True,True,False,Structural,Concentrated dependency,Concentrated dependency,3,0.6294803919252913,790.6750805344032,True,True,False,False,False,"[{""target"":""demand"",""magnitude"":0.12581204716718314,""start_week"":3,""duration_weeks"":3,""recovery_weeks"":3},{""target"":""corridor"",""magnitude"":0.5278897060560316,""start_week"":21,""duration_weeks"":2,""recovery_weeks"":2},{""target"":""T2P"",""magnitude"":0.2688359469436795,""start_week"":41,""duration_weeks"":2,""recovery_weeks"":4}]"
A,2026,811,Supplier-cluster shock,False,,False,Non-failure,Unclassified,Unclassified,1,1.0,0.0,False,False,True,False,False,"[{""target"":""S1A"",""magnitude"":0.19995342790898982,""start_week"":27,""duration_weeks"":3,""recovery_weeks"":1}]"
A,2026,812,Supplier-cluster shock,False,,False,Non-failure,Unclassified,Unclassified,4,0.9116568643473109,169.5091522646336,True,False,False,True,True,"[{""target"":""T2P"",""magnitude"":0.3742014925917454,""start_week"":37,""duration_weeks"":1,""recovery_weeks"":2},{""target"":""S1C"",""magnitude"":0.26099193879350463,""start_week"":41,""duration_weeks"":4,""recovery_weeks"":3},{""target"":""T2P"",""magnitude"":0.24738198993376767,""start_week"":44,""duration_weeks"":2,""recovery_weeks"":3},{""target"":""S1B"",""magnitude"":0.38575097343411224,""start_week"":47,""duration_weeks"":1,""recovery_weeks"":4}]"
A,2026,813,Supplier-cluster shock,False,,False,Non-failure,Unclassified,Unclassified,5,0.8051965829202318,494.5339786597092,False,False,True,True,True,"[{""target"":""S1C"",""magnitude"":0.20647648103632632,""start_week"":1,""duration_weeks"":4,""recovery_weeks"":4},{""target"":""S1A"",""magnitude"":0.4389389388268753,""start_week"":18,""duration_weeks"":1,""recovery_weeks"":4},{""target"":""S1B"",""magnitude"":0.3243313458150724,""start_week"":23,""duration_weeks"":15,""recovery_weeks"":3},{""target"":""S1C"",""magnitude"":0.263191447489202,""start_week"":36,""duration_weeks"":3,""recovery_weeks"":4},{""target"":""demand"",""magnitude"":0.29256467434629496,""start_week"":43,""duration_weeks"":3,""recovery_weeks"":4}]"
A,2026,814,Supplier-cluster shock,True,False,False,Adaptation-limited,Concentrated dependency,Concentrated dependency,2,0.6978779932293024,543.8196121872556,False,True,False,True,False,"[{""target"":""corridor"",""magnitude"":0.4765915050780233,""start_week"":15,""duration_weeks"":1,""recovery_weeks"":2},{""target"":""S1B"",""magnitude"":0.45863053238181384,""start_week"":18,""duration_weeks"":4,""recovery_weeks"":1}]"
A,2026,815,Supplier-cluster shock,False,,False,Non-failure,Unclassified,Unclassified,1,0.8522112218374746,156.07621319452574,False,False,False,False,False,"[{""target"":""demand"",""magnitude"":0.17341801466058418,""start_week"":23,""duration_weeks"":2,""recovery_weeks"":2}]"
A,2026,816,Supplier-cluster shock,True,False,False,Adaptation-limited,Concentrated dependency; Hidden convergent dependency; Propagation-amplified cascade,Hidden convergent dependency,2,0.7388378228306756,534.5672389336473,True,True,False,False,False,"[{""target"":""corridor"",""magnitude"":0.3091828567965145,""start_week"":32,""duration_weeks"":3,""recovery_weeks"":3},{""target"":""T2P"",""magnitude"":0.44672794593652276,""start_week"":33,""duration_weeks"":1,""recovery_weeks"":4}]"
A,2026,817,Supplier-cluster shock,False,,False,Non-failure,Unclassified,Unclassified,1,1.0,0.0,False,True,False,False,False,"[{""target"":""corridor"",""magnitude"":0.23899288163417304,""start_week"":21,""duration_weeks"":11,""recovery_weeks"":4}]"
A,2026,818,Supplier-cluster shock,True,True,True,Structural,Hidden convergent dependency; Compounding moderate disturbance; Propagation-amplified cascade,Hidden convergent dependency,5,0.6379340884810598,1461.6751753378724,True,True,False,False,False,"[{""target"":""T2P"",""magnitude"":0.2776547997750664,""start_week"":16,""duration_weeks"":1,""recovery_weeks"":3},{""target"":""T2P"",""magnitude"":0.3179490014943662,""start_week"":23,""duration_weeks"":2,""recovery_weeks"":3},{""target"":""T2P"",""magnitude"":0.2735707770626345,""start_week"":27,""duration_weeks"":1,""recovery_weeks"":4},{""target"":""demand"",""magnitude"":0.26524604283704306,""start_week"":32,""duration_weeks"":1,""recovery_weeks"":2},{""target"":""corridor"",""magnitude"":0.2296289663154355,""start_week"":50,""duration_weeks"":4,""recovery_weeks"":4}]"
A,2026,819,Supplier-cluster shock,True,True,False,Structural,Concentrated dependency,Concentrated dependency,1,0.8899041113990105,198.17259948178116,False,True,False,False,False,"[{""target"":""corridor"",""magnitude"":0.3325719164507422,""start_week"":37,""duration_weeks"":1,""recovery_weeks"":4}]"
A,2026,820,Supplier-cluster shock,False,,False,Non-failure,Unclassified,Unclassified,1,1.0,0.0,False,True,False,False,False,"[{""target"":""corridor"",""magnitude"":0.21334326269102927,""start_week"":44,""duration_weeks"":2,""recovery_weeks"":4}]"
A,2026,821,Supplier-cluster shock,True,True,False,Structural,Concentrated dependency; Hidden convergent dependency; Propagation-amplified cascade,Hidden convergent dependency,3,0.5167923609185541,835.8826141429917,True,False,False,True,False,"[{""target"":""T2P"",""magnitude"":0.4881060741123846,""start_week"":14,""duration_weeks"":2,""recovery_weeks"":1},{""target"":""S1B"",""magnitude"":0.20242780839259833,""start_week"":15,""duration_weeks"":1,""recovery_weeks"":3},{""target"":""demand"",""magnitude"":0.1005794043725326,""start_week"":18,""duration_weeks"":13,""recovery_weeks"":4}]"
A,2026,822,Supplier-cluster shock,False,,False,Non-failure,Unclassified,Unclassified,2,0.8128832047194128,264.11700233481884,False,False,True,False,False,"[{""target"":""demand"",""magnitude"":0.23018902862579804,""start_week"":48,""duration_weeks"":3,""recovery_weeks"":2},{""target"":""S1A"",""magnitude"":0.26123301967421514,""start_week"":50,""duration_weeks"":2,""recovery_weeks"":1}]"
A,2026,823,Supplier-cluster shock,False,,False,Non-failure,Unclassified,Unclassified,2,0.9681006380318753,66.98866013306201,False,False,True,True,False,"[{""target"":""S1B"",""magnitude"":0.32177356442828065,""start_week"":7,""duration_weeks"":3,""recovery_weeks"":1},{""target"":""S1A"",""magnitude"":0.19133098114865774,""start_week"":14,""duration_weeks"":1,""recovery_weeks"":3}]"
A,2026,824,Supplier-cluster shock,False,,False,Non-failure,Unclassified,Unclassified,0,1.0,0.0,False,False,False,False,False,[]
A,2026,825,Supplier-cluster shock,False,,False,Non-failure,Unclassified,Unclassified,2,0.8470426148127675,137.6616466685092,True,True,False,False,False,"[{""target"":""T2P"",""magnitude"":0.17368228959246088,""start_week"":16,""duration_weeks"":1,""recovery_weeks"":4},{""target"":""corridor"",""magnitude"":0.3647180388904243,""start_week"":50,""duration_weeks"":2,""recovery_weeks"":1}]"
A,2026,826,Supplier-cluster shock,False,,False,Non-failure,Unclassified,Unclassified,2,0.9825000890333492,31.49983973997155,False,True,False,True,False,"[{""target"":""corridor"",""magnitude"":0.19520868652045467,""start_week"":28,""duration_weeks"":2,""recovery_weeks"":1},{""target"":""S1B"",""magnitude"":0.2893747996749644,""start_week"":49,""duration_weeks"":4,""recovery_weeks"":1}]"
A,2026,827,Supplier-cluster shock,True,True,True,Structural,Concentrated dependency,Concentrated dependency,6,0.7166817448476684,834.950242002694,False,True,True,True,True,"[{""target"":""corridor"",""magnitude"":0.46248869136424864,""start_week"":18,""duration_weeks"":2,""recovery_weeks"":3},{""target"":""demand"",""magnitude"":0.2768539773652983,""start_week"":32,""duration_weeks"":3,""recovery_weeks"":2},{""target"":""S1B"",""magnitude"":0.3910407440010686,""start_week"":34,""duration_weeks"":1,""recovery_weeks"":3},{""target"":""S1A"",""magnitude"":0.22962635775436868,""start_week"":37,""duration_weeks"":1,""recovery_weeks"":3},{""target"":""S1C"",""magnitude"":0.20201513295830387,""start_week"":40,""duration_weeks"":2,""recovery_weeks"":4},{""target"":""S1A"",""magnitude"":0.391552520728218,""start_week"":48,""duration_weeks"":2,""recovery_weeks"":1}]"
A,2026,828,Supplier-cluster shock,False,,False,Non-failure,Unclassified,Unclassified,1,0.9940811768571219,12.429528600044023,False,False,False,False,True,"[{""target"":""S1C"",""magnitude"":0.26331735207147583,""start_week"":14,""duration_weeks"":3,""recovery_weeks"":2}]"
A,2026,829,Supplier-cluster shock,True,False,False,Adaptation-limited,Concentrated dependency; Hidden convergent dependency; Propagation-amplified cascade; Recovery lag and temporal overlap,Hidden convergent dependency,3,0.7006569833134879,517.4357199471664,True,True,True,False,False,"[{""target"":""corridor"",""magnitude"":0.2008743939800816,""start_week"":39,""duration_weeks"":3,""recovery_weeks"":4},{""target"":""S1A"",""magnitude"":0.2708729978083958,""start_week"":42,""duration_weeks"":6,""recovery_weeks"":1},{""target"":""T2P"",""magnitude"":0.40019661912011983,""start_week"":44,""duration_weeks"":2,""recovery_weeks"":4}]"
A,2026,830,Supplier-cluster shock,True,True,True,Structural,Concentrated dependency; Propagation-amplified cascade,Propagation-amplified cascade,3,0.7742241098739939,847.4437231574416,True,True,False,False,False,"[{""target"":""T2P"",""magnitude"":0.2575214093700517,""start_week"":5,""duration_weeks"":3,""recovery_weeks"":3},{""target"":""corridor"",""magnitude"":0.36279091942350494,""start_week"":19,""duration_weeks"":6,""recovery_weeks"":1},{""target"":""corridor"",""magnitude"":0.4193319175945045,""start_week"":30,""duration_weeks"":1,""recovery_weeks"":2}]"
A,2026,831,Supplier-cluster shock,False,,False,Non-failure,Unclassified,Unclassified,1,0.9848776863111187,27.22016463998625,False,False,False,True,False,"[{""target"":""S1B"",""magnitude"":0.2840252057999829,""start_week"":25,""duration_weeks"":1,""recovery_weeks"":3}]"
A,2026,832,Supplier-cluster shock,True,True,True,Structural,Concentrated dependency,Concentrated dependency,6,0.6823498178228543,2113.9920979700464,True,True,False,False,False,"[{""target"":""demand"",""magnitude"":0.2576059749418098,""start_week"":3,""duration_weeks"":1,""recovery_weeks"":4},{""target"":""corridor"",""magnitude"":0.47755398040729846,""start_week"":11,""duration_weeks"":3,""recovery_weeks"":3},{""target"":""corridor"",""magnitude"":0.33484241017561356,""start_week"":31,""duration_weeks"":4,""recovery_weeks"":4},{""target"":""demand"",""magnitude"":0.1417453474903971,""start_week"":33,""duration_weeks"":7,""recovery_weeks"":4},{""target"":""T2P"",""magnitude"":0.3205992233342472,""start_week"":35,""duration_weeks"":3,""recovery_weeks"":3},{""target"":""corridor"",""magnitude"":0.3032860253924917,""start_week"":44,""duration_weeks"":2,""recovery_weeks"":4}]"
A,2026,833,Supplier-cluster shock,False,,False,Non-failure,Unclassified,Unclassified,5,0.9161678175947676,96.41794110698811,True,True,False,False,False,"[{""target"":""demand"",""magnitude"":0.091503085783256,""start_week"":4,""duration_weeks"":6,""recovery_weeks"":2},{""target"":""demand"",""magnitude"":0.18198219871742155,""start_week"":8,""duration_weeks"":1,""recovery_weeks"":1},{""target"":""demand"",""magnitude"":0.11519124084294956,""start_week"":15,""duration_weeks"":2,""recovery_weeks"":2},{""target"":""corridor"",""magnitude"":0.20731877246840516,""start_week"":43,""duration_weeks"":2,""recovery_weeks"":2},{""target"":""T2P"",""magnitude"":0.5409552503227665,""start_week"":50,""duration_weeks"":8,""recovery_weeks"":4}]"
A,2026,834,Supplier-cluster shock,False,,False,Non-failure,Unclassified,Unclassified,3,0.8683801764506396,136.41241982123688,False,True,True,False,False,"[{""target"":""demand"",""magnitude"":0.15156935535693006,""start_week"":6,""duration_weeks"":1,""recovery_weeks"":1},{""target"":""S1A"",""magnitude"":0.18679417240876017,""start_week"":36,""duration_weeks"":1,""recovery_weeks"":2},{""target"":""corridor"",""magnitude"":0.21566425570791004,""start_week"":46,""duration_weeks"":13,""recovery_weeks"":1}]"
A,2026,835,Supplier-cluster shock,False,,False,Non-failure,Unclassified,Unclassified,3,0.9186554689421158,79.69263823836093,True,True,False,False,False,"[{""target"":""demand"",""magnitude"":0.08854737582040104,""start_week"":9,""duration_weeks"":3,""recovery_weeks"":1},{""target"":""corridor"",""magnitude"":0.26099995076413574,""start_week"":30,""duration_weeks"":4,""recovery_weeks"":1},{""target"":""T2P"",""magnitude"":0.18339548945625983,""start_week"":41,""duration_weeks"":3,""recovery_weeks"":2}]"
A,2026,836,Supplier-cluster shock,False,,False,Non-failure,Unclassified,Unclassified,5,0.6428789269510785,389.6048137124408,True,False,True,False,False,"[{""target"":""S1A"",""magnitude"":0.33206929881403663,""start_week"":11,""duration_weeks"":2,""recovery_weeks"":2},{""target"":""T2P"",""magnitude"":0.39923516571519074,""start_week"":24,""duration_weeks"":1,""recovery_weeks"":1},{""target"":""demand"",""magnitude"":0.12186230071563389,""start_week"":26,""duration_weeks"":6,""recovery_weeks"":2},{""target"":""demand"",""magnitude"":0.10790943561574787,""start_week"":42,""duration_weeks"":2,""recovery_weeks"":4},{""target"":""T2P"",""magnitude"":0.3742625660279668,""start_week"":48,""duration_weeks"":3,""recovery_weeks"":1}]"
A,2026,837,Supplier-cluster shock,True,False,False,Adaptation-limited,Concentrated dependency,Concentrated dependency,1,0.7615561298456527,515.1485786320095,False,True,False,False,False,"[{""target"":""corridor"",""magnitude"":0.42883290261576046,""start_week"":25,""duration_weeks"":1,""recovery_weeks"":4}]"
A,2026,838,Supplier-cluster shock,False,,False,Non-failure,Unclassified,Unclassified,5,0.8742366691629976,255.06513138390392,False,False,True,True,True,"[{""target"":""S1A"",""magnitude"":0.3708835430625913,""start_week"":14,""duration_weeks"":1,""recovery_weeks"":4},{""target"":""S1B"",""magnitude"":0.37748462524803184,""start_week"":34,""duration_weeks"":4,""recovery_weeks"":2},{""target"":""S1A"",""magnitude"":0.23133253222301248,""start_week"":35,""duration_weeks"":1,""recovery_weeks"":1},{""target"":""S1B"",""magnitude"":0.28107179244954805,""start_week"":37,""duration_weeks"":3,""recovery_weeks"":3},{""target"":""S1C"",""magnitude"":0.16622234010163633,""start_week"":43,""duration_weeks"":5,""recovery_weeks"":1}]"
A,2026,839,Supplier-cluster shock,False,,False,Non-failure,Unclassified,Unclassified,1,1.0,0.0,True,False,False,False,False,"[{""target"":""T2P"",""magnitude"":0.23460105272375678,""start_week"":9,""duration_weeks"":1,""recovery_weeks"":2}]"
A,2026,840,Supplier-cluster shock,False,,False,Non-failure,Unclassified,Unclassified,3,0.9527036618331659,99.32231015035154,False,False,False,True,True,"[{""target"":""S1B"",""magnitude"":0.3564167608753765,""start_week"":15,""duration_weeks"":3,""recovery_weeks"":1},{""target"":""demand"",""magnitude"":0.108005746797989,""start_week"":28,""duration_weeks"":11,""recovery_weeks"":1},{""target"":""S1C"",""magnitude"":0.3232043196126194,""start_week"":42,""duration_weeks"":2,""recovery_weeks"":4}]"
A,2026,841,Supplier-cluster shock,True,True,False,Structural,Compounding moderate disturbance; Recovery lag and temporal overlap,Compounding moderate disturbance,5,0.8300390100521424,690.7158870026358,True,True,False,False,False,"[{""target"":""corridor"",""magnitude"":0.19290515786762424,""start_week"":3,""duration_weeks"":6,""recovery_weeks"":2},{""target"":""demand"",""magnitude"":0.13911511936329585,""start_week"":4,""duration_weeks"":3,""recovery_weeks"":2},{""target"":""demand"",""magnitude"":0.21216193815220874,""start_week"":8,""duration_weeks"":1,""recovery_weeks"":4},{""target"":""corridor"",""magnitude"":0.3561835636896687,""start_week"":43,""duration_weeks"":4,""recovery_weeks"":2},{""target"":""T2P"",""magnitude"":0.1620068257581436,""start_week"":49,""duration_weeks"":9,""recovery_weeks"":3}]"
A,2026,842,Supplier-cluster shock,True,True,True,Structural,Concentrated dependency,Concentrated dependency,6,0.6789373896214206,1952.2368219508508,True,True,True,False,True,"[{""target"":""S1A"",""magnitude"":0.3791314522136457,""start_week"":7,""duration_weeks"":6,""recovery_weeks"":4},{""target"":""S1C"",""magnitude"":0.48134661046508886,""start_week"":14,""duration_weeks"":12,""recovery_weeks"":4},{""target"":""demand"",""magnitude"":0.16914933975183233,""start_week"":17,""duration_weeks"":2,""recovery_weeks"":1},{""target"":""corridor"",""magnitude"":0.4046655993934626,""start_week"":18,""duration_weeks"":3,""recovery_weeks"":3},{""target"":""T2P"",""magnitude"":0.3685018844754622,""start_week"":23,""duration_weeks"":3,""recovery_weeks"":3},{""target"":""corridor"",""magnitude"":0.17763422341203802,""start_week"":45,""duration_weeks"":3,""recovery_weeks"":3}]"
A,2026,843,Supplier-cluster shock,False,,False,Non-failure,Unclassified,Unclassified,6,0.9107313453022664,98.29860110308448,True,False,True,True,True,"[{""target"":""T2P"",""magnitude"":0.38796500642604514,""start_week"":14,""duration_weeks"":1,""recovery_weeks"":2},{""target"":""S1C"",""magnitude"":0.21055841672643105,""start_week"":21,""duration_weeks"":2,""recovery_weeks"":2},{""target"":""S1A"",""magnitude"":0.24254708828505256,""start_week"":30,""duration_weeks"":3,""recovery_weeks"":1},{""target"":""S1B"",""magnitude"":0.45085447306990056,""start_week"":38,""duration_weeks"":1,""recovery_weeks"":1},{""target"":""S1C"",""magnitude"":0.25145348524489636,""start_week"":42,""duration_weeks"":1,""recovery_weeks"":2},{""target"":""T2P"",""magnitude"":0.37987773516726486,""start_week"":48,""duration_weeks"":4,""recovery_weeks"":2}]"
A,2026,844,Supplier-cluster shock,True,True,True,Structural,Concentrated dependency; Hidden convergent dependency; Propagation-amplified cascade,Hidden convergent dependency,4,0.5858453737788608,2791.02205419074,True,True,False,False,False,"[{""target"":""T2P"",""magnitude"":0.47273916359902524,""start_week"":11,""duration_weeks"":7,""recovery_weeks"":4},{""target"":""corridor"",""magnitude"":0.2804104195799,""start_week"":18,""duration_weeks"":2,""recovery_weeks"":1},{""target"":""corridor"",""magnitude"":0.36357099789187286,""start_week"":44,""duration_weeks"":4,""recovery_weeks"":2},{""target"":""demand"",""magnitude"":0.07280474023069022,""start_week"":48,""duration_weeks"":2,""recovery_weeks"":3}]"
A,2026,845,Supplier-cluster shock,False,,False,Non-failure,Unclassified,Unclassified,1,0.924828191711046,157.86079740680339,False,False,False,False,True,"[{""target"":""S1C"",""magnitude"":0.41913656865014637,""start_week"":1,""duration_weeks"":4,""recovery_weeks"":3}]"
A,2026,846,Supplier-cluster shock,True,False,True,Adaptation-limited,Concentrated dependency,Concentrated dependency,4,0.6819949659268881,2575.840775992205,True,True,False,False,False,"[{""target"":""corridor"",""magnitude"":0.48850377555483393,""start_week"":31,""duration_weeks"":8,""recovery_weeks"":2},{""target"":""T2P"",""magnitude"":0.2424508513301447,""start_week"":35,""duration_weeks"":2,""recovery_weeks"":3},{""target"":""corridor"",""magnitude"":0.29723397825270254,""start_week"":47,""duration_weeks"":20,""recovery_weeks"":4},{""target"":""T2P"",""magnitude"":0.3307153028625729,""start_week"":49,""duration_weeks"":6,""recovery_weeks"":1}]"
A,2026,847,Supplier-cluster shock,True,True,False,Structural,Concentrated dependency,Concentrated dependency,4,0.8796091542367779,252.82077610276656,False,False,True,True,True,"[{""target"":""S1A"",""magnitude"":0.5208794029672499,""start_week"":3,""duration_weeks"":3,""recovery_weeks"":4},{""target"":""S1B"",""magnitude"":0.27124004970410326,""start_week"":9,""duration_weeks"":1,""recovery_weeks"":4},{""target"":""S1C"",""magnitude"":0.3972384565340638,""start_week"":42,""duration_weeks"":1,""recovery_weeks"":2},{""target"":""S1B"",""magnitude"":0.21588796027146556,""start_week"":43,""duration_weeks"":3,""recovery_weeks"":1}]"
A,2026,848,Supplier-cluster shock,False,,False,Non-failure,Unclassified,Unclassified,3,0.9602081683647036,71.62529694353361,False,False,True,True,True,"[{""target"":""S1A"",""magnitude"":0.2226974663671179,""start_week"":6,""duration_weeks"":1,""recovery_weeks"":2},{""target"":""S1C"",""magnitude"":0.33953162117941704,""start_week"":8,""duration_weeks"":1,""recovery_weeks"":1},{""target"":""S1B"",""magnitude"":0.20727239230660655,""start_week"":28,""duration_weeks"":1,""recovery_weeks"":2}]"
A,2026,849,Supplier-cluster shock,False,,False,Non-failure,Unclassified,Unclassified,0,1.0,0.0,False,False,False,False,False,[]
A,2026,850,Supplier-cluster shock,True,True,True,Structural,Concentrated dependency; Propagation-amplified cascade; Recovery lag and temporal overlap,Propagation-amplified cascade,5,0.4263201298171372,1686.575044397271,True,True,False,False,False,"[{""target"":""corridor"",""magnitude"":0.2973157302444494,""start_week"":16,""duration_weeks"":3,""recovery_weeks"":1},{""target"":""T2P"",""magnitude"":0.35768183597402536,""start_week"":17,""duration_weeks"":1,""recovery_weeks"":3},{""target"":""corridor"",""magnitude"":0.39296556781497166,""start_week"":19,""duration_weeks"":6,""recovery_weeks"":4},{""target"":""T2P"",""magnitude"":0.5167201431440354,""start_week"":44,""duration_weeks"":3,""recovery_weeks"":3},{""target"":""demand"",""magnitude"":0.25956430666123387,""start_week"":49,""duration_weeks"":1,""recovery_weeks"":4}]"
A,2026,851,Supplier-cluster shock,False,,False,Non-failure,Unclassified,Unclassified,1,0.936573337082906,133.19599212589742,False,False,False,True,False,"[{""target"":""S1B"",""magnitude"":0.39270999156346154,""start_week"":29,""duration_weeks"":2,""recovery_weeks"":4}]"
A,2026,852,Supplier-cluster shock,False,,False,Non-failure,Unclassified,Unclassified,1,0.9825599970738026,36.62400614501462,False,False,False,True,False,"[{""target"":""S1B"",""magnitude"":0.2892400065839443,""start_week"":22,""duration_weeks"":2,""recovery_weeks"":4}]"
A,2026,853,Supplier-cluster shock,False,,False,Non-failure,Unclassified,Unclassified,1,0.956638676982989,91.05877833572322,False,False,True,False,False,"[{""target"":""S1A"",""magnitude"":0.34756297678827486,""start_week"":5,""duration_weeks"":3,""recovery_weeks"":2}]"
A,2026,854,Supplier-cluster shock,True,True,False,Structural,Hidden convergent dependency; Compounding moderate disturbance,Hidden convergent dependency,3,0.6698542259683925,554.3716021727387,True,False,False,False,False,"[{""target"":""demand"",""magnitude"":0.13364517385891347,""start_week"":26,""duration_weeks"":4,""recovery_weeks"":2},{""target"":""T2P"",""magnitude"":0.39713119662844676,""start_week"":28,""duration_weeks"":1,""recovery_weeks"":2},{""target"":""T2P"",""magnitude"":0.33878054376212363,""start_week"":42,""duration_weeks"":3,""recovery_weeks"":1}]"
A,2026,855,Supplier-cluster shock,False,,False,Non-failure,Unclassified,Unclassified,2,1.0,0.0,True,False,False,False,False,"[{""target"":""T2P"",""magnitude"":0.21314286243745606,""start_week"":7,""duration_weeks"":2,""recovery_weeks"":1},{""target"":""T2P"",""magnitude"":0.27292610623655983,""start_week"":28,""duration_weeks"":1,""recovery_weeks"":4}]"
A,2026,856,Supplier-cluster shock,False,,False,Non-failure,Unclassified,Unclassified,3,0.9390519477392811,58.413431937075984,True,False,False,False,False,"[{""target"":""T2P"",""magnitude"":0.2857814196686028,""start_week"":21,""duration_weeks"":1,""recovery_weeks"":2},{""target"":""T2P"",""magnitude"":0.235297538735125,""start_week"":32,""duration_weeks"":1,""recovery_weeks"":2},{""target"":""demand"",""magnitude"":0.06490381326341767,""start_week"":36,""duration_weeks"":3,""recovery_weeks"":1}]"
A,2026,857,Supplier-cluster shock,False,,False,Non-failure,Unclassified,Unclassified,0,1.0,0.0,False,False,False,False,False,[]
A,2026,858,Supplier-cluster shock,False,,False,Non-failure,Unclassified,Unclassified,2,0.9982842568926558,3.0883375932196486,False,False,True,False,True,"[{""target"":""S1A"",""magnitude"":0.2538604219915246,""start_week"":23,""duration_weeks"":1,""recovery_weeks"":3},{""target"":""S1C"",""magnitude"":0.40836322966477634,""start_week"":51,""duration_weeks"":2,""recovery_weeks"":3}]"
A,2026,859,Supplier-cluster shock,True,False,True,Adaptation-limited,Concentrated dependency,Concentrated dependency,1,0.7561119881193301,1097.4960534630145,False,True,False,False,False,"[{""target"":""corridor"",""magnitude"":0.4329160089105023,""start_week"":14,""duration_weeks"":4,""recovery_weeks"":2}]"
A,2026,860,Supplier-cluster shock,False,,False,Non-failure,Unclassified,Unclassified,2,0.9527061934415052,99.31699377283917,False,False,False,True,True,"[{""target"":""S1C"",""magnitude"":0.35641106475661344,""start_week"":42,""duration_weeks"":12,""recovery_weeks"":4},{""target"":""S1B"",""magnitude"":0.4685668626283599,""start_week"":51,""duration_weeks"":1,""recovery_weeks"":3}]"
A,2026,861,Supplier-cluster shock,False,,False,Non-failure,Unclassified,Unclassified,2,0.9888580545112594,60.166505639199386,False,True,False,False,False,"[{""target"":""corridor"",""magnitude"":0.25835645911655547,""start_week"":31,""duration_weeks"":5,""recovery_weeks"":4},{""target"":""corridor"",""magnitude"":0.2544575925725513,""start_week"":43,""duration_weeks"":2,""recovery_weeks"":3}]"
A,2026,862,Supplier-cluster shock,True,True,True,Structural,Concentrated dependency; Hidden convergent dependency; Propagation-amplified cascade,Hidden convergent dependency,3,0.5629067811379537,1964.988546477136,True,True,False,False,False,"[{""target"":""T2P"",""magnitude"":0.2620882918845159,""start_week"":12,""duration_weeks"":5,""recovery_weeks"":4},{""target"":""corridor"",""magnitude"":0.29086210899913645,""start_week"":31,""duration_weeks"":1,""recovery_weeks"":1},{""target"":""corridor"",""magnitude"":0.5778199141465348,""start_week"":35,""duration_weeks"":4,""recovery_weeks"":1}]"
A,2026,863,Supplier-cluster shock,False,,False,Non-failure,Unclassified,Unclassified,1,0.8872489033669441,183.56253005515964,True,False,False,False,False,"[{""target"":""T2P"",""magnitude"":0.36417308617081834,""start_week"":21,""duration_weeks"":1,""recovery_weeks"":4}]"
A,2026,864,Supplier-cluster shock,True,False,False,Adaptation-limited,Concentrated dependency; Hidden convergent dependency; Propagation-amplified cascade; Recovery lag and temporal overlap,Hidden convergent dependency,4,0.5023698675128497,927.2636401309433,True,True,False,False,False,"[{""target"":""corridor"",""magnitude"":0.1755821364369233,""start_week"":2,""duration_weeks"":1,""recovery_weeks"":3},{""target"":""demand"",""magnitude"":0.07980812644231128,""start_week"":15,""duration_weeks"":9,""recovery_weeks"":3},{""target"":""T2P"",""magnitude"":0.4785241708455603,""start_week"":43,""duration_weeks"":1,""recovery_weeks"":3},{""target"":""T2P"",""magnitude"":0.3360593547242826,""start_week"":45,""duration_weeks"":1,""recovery_weeks"":3}]"
A,2026,865,Supplier-cluster shock,False,,False,Non-failure,Unclassified,Unclassified,4,0.8653014910167339,200.9990661462415,True,False,True,False,False,"[{""target"":""T2P"",""magnitude"":0.20764586506206115,""start_week"":5,""duration_weeks"":2,""recovery_weeks"":3},{""target"":""demand"",""magnitude"":0.15566656290513783,""start_week"":29,""duration_weeks"":9,""recovery_weeks"":1},{""target"":""T2P"",""magnitude"":0.22828500513365396,""start_week"":43,""duration_weeks"":2,""recovery_weeks"":1},{""target"":""S1A"",""magnitude"":0.3597334279346339,""start_week"":50,""duration_weeks"":1,""recovery_weeks"":3}]"
A,2026,866,Supplier-cluster shock,False,,False,Non-failure,Unclassified,Unclassified,4,0.9531273906983764,98.4324795334096,False,False,True,True,True,"[{""target"":""S1C"",""magnitude"":0.35546337092865316,""start_week"":1,""duration_weeks"":7,""recovery_weeks"":1},{""target"":""S1A"",""magnitude"":0.2143946446810575,""start_week"":12,""duration_weeks"":5,""recovery_weeks"":1},{""target"":""S1B"",""magnitude"":0.29971126652144664,""start_week"":18,""duration_weeks"":12,""recovery_weeks"":2},{""target"":""S1A"",""magnitude"":0.34486581247324527,""start_week"":37,""duration_weeks"":4,""recovery_weeks"":1}]"
A,2026,867,Supplier-cluster shock,True,False,True,Adaptation-limited,Concentrated dependency; Propagation-amplified cascade,Propagation-amplified cascade,6,0.7708774790836173,960.53389116037,True,True,True,False,False,"[{""target"":""T2P"",""magnitude"":0.20621848346170157,""start_week"":2,""duration_weeks"":5,""recovery_weeks"":4},{""target"":""S1A"",""magnitude"":0.44051472817104553,""start_week"":16,""duration_weeks"":3,""recovery_weeks"":2},{""target"":""T2P"",""magnitude"":0.2869108461624158,""start_week"":29,""duration_weeks"":1,""recovery_weeks"":1},{""target"":""corridor"",""magnitude"":0.3390116012143602,""start_week"":37,""duration_weeks"":1,""recovery_weeks"":3},{""target"":""corridor"",""magnitude"":0.42184189068728695,""start_week"":41,""duration_weeks"":3,""recovery_weeks"":2},{""target"":""demand"",""magnitude"":0.20287520161002226,""start_week"":46,""duration_weeks"":2,""recovery_weeks"":3}]"
A,2026,868,Supplier-cluster shock,False,,False,Non-failure,Unclassified,Unclassified,1,0.9157981309074426,75.78168218330165,True,False,False,False,False,"[{""target"":""T2P"",""magnitude"":0.2689454205458254,""start_week"":15,""duration_weeks"":3,""recovery_weeks"":1}]"
A,2026,869,Supplier-cluster shock,True,True,False,Structural,Concentrated dependency; Hidden convergent dependency; Propagation-amplified cascade,Hidden convergent dependency,4,0.8316342926965123,539.1585033692689,True,False,True,False,True,"[{""target"":""T2P"",""magnitude"":0.25152913657313886,""start_week"":6,""duration_weeks"":5,""recovery_weeks"":3},{""target"":""T2P"",""magnitude"":0.17398347176628984,""start_week"":14,""duration_weeks"":1,""recovery_weeks"":4},{""target"":""S1C"",""magnitude"":0.4114959387543059,""start_week"":32,""duration_weeks"":4,""recovery_weeks"":3},{""target"":""S1A"",""magnitude"":0.32845447463084376,""start_week"":48,""duration_weeks"":3,""recovery_weeks"":1}]"
A,2026,870,Supplier-cluster shock,True,True,True,Structural,Concentrated dependency; Hidden convergent dependency; Propagation-amplified cascade,Hidden convergent dependency,2,0.6131293680019558,2185.4685503859178,True,False,False,False,False,"[{""target"":""T2P"",""magnitude"":0.4481835687982396,""start_week"":3,""duration_weeks"":7,""recovery_weeks"":1},{""target"":""demand"",""magnitude"":0.10694738098106563,""start_week"":39,""duration_weeks"":5,""recovery_weeks"":1}]"
A,2026,871,Supplier-cluster shock,False,,False,Non-failure,Unclassified,Unclassified,3,0.9401914650238519,103.63518345142461,False,False,True,False,True,"[{""target"":""S1A"",""magnitude"":0.36103769655509765,""start_week"":4,""duration_weeks"":6,""recovery_weeks"":2},{""target"":""S1C"",""magnitude"":0.3845692036963334,""start_week"":40,""duration_weeks"":1,""recovery_weeks"":3},{""target"":""S1A"",""magnitude"":0.18155108331746714,""start_week"":50,""duration_weeks"":2,""recovery_weeks"":4}]"
A,2026,872,Supplier-cluster shock,True,True,True,Structural,Concentrated dependency; Hidden convergent dependency; Propagation-amplified cascade,Hidden convergent dependency,2,0.7032489118334171,2237.8357728491706,True,False,False,False,False,"[{""target"":""T2P"",""magnitude"":0.36707597934992464,""start_week"":8,""duration_weeks"":9,""recovery_weeks"":3},{""target"":""T2P"",""magnitude"":0.17950184192237223,""start_week"":34,""duration_weeks"":5,""recovery_weeks"":1}]"
A,2026,873,Supplier-cluster shock,True,True,True,Structural,Concentrated dependency; Hidden convergent dependency; Propagation-amplified cascade,Hidden convergent dependency,4,0.7339953908259037,2617.1627180699384,True,False,True,True,False,"[{""target"":""T2P"",""magnitude"":0.3121177105475733,""start_week"":18,""duration_weeks"":13,""recovery_weeks"":2},{""target"":""S1A"",""magnitude"":0.4949808530624277,""start_week"":29,""duration_weeks"":6,""recovery_weeks"":2},{""target"":""S1B"",""magnitude"":0.19537786758945158,""start_week"":39,""duration_weeks"":1,""recovery_weeks"":3},{""target"":""S1A"",""magnitude"":0.27798184876822885,""start_week"":43,""duration_weeks"":4,""recovery_weeks"":4}]"
A,2026,874,Supplier-cluster shock,False,,False,Non-failure,Unclassified,Unclassified,2,0.8569166720623971,150.2771498585871,True,False,False,False,False,"[{""target"":""demand"",""magnitude"":0.16697461095398564,""start_week"":1,""duration_weeks"":2,""recovery_weeks"":4},{""target"":""T2P"",""magnitude"":0.26123055539323825,""start_week"":26,""duration_weeks"":1,""recovery_weeks"":1}]"
A,2026,875,Supplier-cluster shock,False,,False,Non-failure,Unclassified,Unclassified,2,0.8364175650886876,269.66907982762734,False,False,False,False,False,"[{""target"":""demand"",""magnitude"":0.19557508323485195,""start_week"":11,""duration_weeks"":1,""recovery_weeks"":2},{""target"":""demand"",""magnitude"":0.19855904757627935,""start_week"":28,""duration_weeks"":7,""recovery_weeks"":1}]"
A,2026,876,Supplier-cluster shock,True,False,True,Adaptation-limited,Compounding moderate disturbance,Compounding moderate disturbance,2,0.7514817639738001,2238.7773949533284,False,True,False,False,False,"[{""target"":""demand"",""magnitude"":0.20712758305970497,""start_week"":30,""duration_weeks"":13,""recovery_weeks"":4},{""target"":""corridor"",""magnitude"":0.31964922590564726,""start_week"":37,""duration_weeks"":5,""recovery_weeks"":4}]"
A,2026,877,Supplier-cluster shock,True,True,True,Structural,Compounding moderate disturbance,Compounding moderate disturbance,4,0.7367972902641238,1234.502305755335,True,False,False,False,False,"[{""target"":""demand"",""magnitude"":0.18149139992271518,""start_week"":8,""duration_weeks"":3,""recovery_weeks"":3},{""target"":""demand"",""magnitude"":0.11575368282128405,""start_week"":9,""duration_weeks"":3,""recovery_weeks"":1},{""target"":""T2P"",""magnitude"":0.3368824387622887,""start_week"":12,""duration_weeks"":2,""recovery_weeks"":4},{""target"":""demand"",""magnitude"":0.235866893866573,""start_week"":51,""duration_weeks"":1,""recovery_weeks"":3}]"
A,2026,878,Supplier-cluster shock,False,,False,Non-failure,Unclassified,Unclassified,0,1.0,0.0,False,False,False,False,False,[]
A,2026,879,Supplier-cluster shock,False,,False,Non-failure,Unclassified,Unclassified,2,0.9108626214001267,88.07435814697351,False,False,False,True,False,"[{""target"":""demand"",""magnitude"":0.09786039794108173,""start_week"":3,""duration_weeks"":1,""recovery_weeks"":4},{""target"":""S1B"",""magnitude"":0.20277501584261004,""start_week"":24,""duration_weeks"":1,""recovery_weeks"":1}]"
A,2026,880,Supplier-cluster shock,True,False,True,Adaptation-limited,Concentrated dependency,Concentrated dependency,2,0.7404101491387793,3489.4060447009524,False,True,False,False,False,"[{""target"":""demand"",""magnitude"":0.1463800801247389,""start_week"":8,""duration_weeks"":1,""recovery_weeks"":3},{""target"":""corridor"",""magnitude"":0.4446923881459155,""start_week"":32,""duration_weeks"":15,""recovery_weeks"":1}]"
A,2026,881,Supplier-cluster shock,True,False,False,Adaptation-limited,Concentrated dependency,Concentrated dependency,2,0.7617073475017619,514.7743149331391,False,True,True,False,False,"[{""target"":""corridor"",""magnitude"":0.42871948937367854,""start_week"":4,""duration_weeks"":1,""recovery_weeks"":4},{""target"":""S1A"",""magnitude"":0.3480005550678983,""start_week"":48,""duration_weeks"":1,""recovery_weeks"":4}]"
A,2026,882,Supplier-cluster shock,False,,False,Non-failure,Unclassified,Unclassified,4,0.8916717338667367,101.41999771501969,False,True,True,True,False,"[{""target"":""demand"",""magnitude"":0.10614795602488407,""start_week"":1,""duration_weeks"":3,""recovery_weeks"":4},{""target"":""corridor"",""magnitude"":0.3312461995999475,""start_week"":20,""duration_weeks"":2,""recovery_weeks"":2},{""target"":""S1A"",""magnitude"":0.25357332164337876,""start_week"":24,""duration_weeks"":1,""recovery_weeks"":2},{""target"":""S1B"",""magnitude"":0.3033026094716202,""start_week"":38,""duration_weeks"":1,""recovery_weeks"":4}]"
A,2026,883,Supplier-cluster shock,False,,False,Non-failure,Unclassified,Unclassified,3,0.8997324080330964,122.72845746300493,False,False,False,True,True,"[{""target"":""S1B"",""magnitude"":0.20711934340877225,""start_week"":17,""duration_weeks"":1,""recovery_weeks"":3},{""target"":""S1C"",""magnitude"":0.2811746827133813,""start_week"":35,""duration_weeks"":8,""recovery_weeks"":2},{""target"":""demand"",""magnitude"":0.13311491722745822,""start_week"":45,""duration_weeks"":3,""recovery_weeks"":2}]"
A,2026,884,Supplier-cluster shock,True,False,False,Adaptation-limited,Compounding moderate disturbance,Compounding moderate disturbance,5,0.869934688900714,488.46235951435233,True,False,True,True,True,"[{""target"":""S1C"",""magnitude"":0.31885544547292444,""start_week"":5,""duration_weeks"":10,""recovery_weeks"":4},{""target"":""S1A"",""magnitude"":0.2491641791712829,""start_week"":10,""duration_weeks"":5,""recovery_weeks"":4},{""target"":""S1B"",""magnitude"":0.47462732532918617,""start_week"":13,""duration_weeks"":5,""recovery_weeks"":1},{""target"":""S1A"",""magnitude"":0.33632895463283397,""start_week"":47,""duration_weeks"":5,""recovery_weeks"":3},{""target"":""T2P"",""magnitude"":0.21381164654564871,""start_week"":48,""duration_weeks"":4,""recovery_weeks"":4}]"
A,2026,885,Supplier-cluster shock,False,,False,Non-failure,Unclassified,Unclassified,2,0.8294243548147568,185.0899117870797,True,False,False,False,False,"[{""target"":""demand"",""magnitude"":0.2056554575411998,""start_week"":15,""duration_weeks"":2,""recovery_weeks"":2},{""target"":""T2P"",""magnitude"":0.25955959177958987,""start_week"":50,""duration_weeks"":1,""recovery_weeks"":1}]"
A,2026,886,Supplier-cluster shock,False,,False,Non-failure,Unclassified,Unclassified,1,0.9433576386324354,118.94895887188568,False,False,True,False,False,"[{""target"":""S1A"",""magnitude"":0.3774453130770204,""start_week"":15,""duration_weeks"":3,""recovery_weeks"":4}]"
A,2026,887,Supplier-cluster shock,False,,False,Non-failure,Unclassified,Unclassified,0,1.0,0.0,False,False,False,False,False,[]
A,2026,888,Supplier-cluster shock,False,,False,Non-failure,Unclassified,Unclassified,0,1.0,0.0,False,False,False,False,False,[]
A,2026,889,Supplier-cluster shock,False,,False,Non-failure,Unclassified,Unclassified,2,0.9796760593482199,42.680275368738194,False,False,True,False,True,"[{""target"":""S1C"",""magnitude"":0.2957288664665052,""start_week"":3,""duration_weeks"":7,""recovery_weeks"":3},{""target"":""S1A"",""magnitude"":0.2784627448374901,""start_week"":43,""duration_weeks"":1,""recovery_weeks"":4}]"
A,2026,890,Supplier-cluster shock,True,True,True,Structural,Concentrated dependency; Hidden convergent dependency; Propagation-amplified cascade,Hidden convergent dependency,2,0.38570564585078554,5432.220367297761,True,False,False,False,False,"[{""target"":""T2P"",""magnitude"":0.6053289057250733,""start_week"":23,""duration_weeks"":8,""recovery_weeks"":3},{""target"":""demand"",""magnitude"":0.13693808426361354,""start_week"":30,""duration_weeks"":11,""recovery_weeks"":4}]"
A,2026,891,Supplier-cluster shock,False,,False,Non-failure,Unclassified,Unclassified,1,1.0,0.0,False,False,False,False,True,"[{""target"":""S1C"",""magnitude"":0.19782518153676892,""start_week"":25,""duration_weeks"":2,""recovery_weeks"":4}]"
A,2026,892,Supplier-cluster shock,True,True,False,Structural,Concentrated dependency,Concentrated dependency,2,0.566894972085377,779.5890502463216,False,True,True,False,False,"[{""target"":""corridor"",""magnitude"":0.5748287709359673,""start_week"":31,""duration_weeks"":1,""recovery_weeks"":1},{""target"":""S1A"",""magnitude"":0.233045434802574,""start_week"":46,""duration_weeks"":2,""recovery_weeks"":4}]"
A,2026,893,Supplier-cluster shock,True,False,False,Adaptation-limited,Compounding moderate disturbance; Recovery lag and temporal overlap,Compounding moderate disturbance,7,0.7939889076633041,546.2201224247918,True,True,True,True,True,"[{""target"":""T2P"",""magnitude"":0.33564125565326347,""start_week"":18,""duration_weeks"":1,""recovery_weeks"":1},{""target"":""S1B"",""magnitude"":0.42450436321475304,""start_week"":28,""duration_weeks"":10,""recovery_weeks"":2},{""target"":""S1A"",""magnitude"":0.24538643128507354,""start_week"":31,""duration_weeks"":1,""recovery_weeks"":4},{""target"":""S1C"",""magnitude"":0.3752281620593242,""start_week"":32,""duration_weeks"":1,""recovery_weeks"":1},{""target"":""demand"",""magnitude"":0.1286066715666463,""start_week"":34,""duration_weeks"":1,""recovery_weeks"":1},{""target"":""corridor"",""magnitude"":0.20955329213653592,""start_week"":35,""duration_weeks"":1,""recovery_weeks"":3},{""target"":""demand"",""magnitude"":0.21385564574280785,""start_week"":47,""duration_weeks"":4,""recovery_weeks"":3}]"
A,2026,894,Supplier-cluster shock,False,,False,Non-failure,Unclassified,Unclassified,1,0.8438368678429845,166.55685985915693,False,False,False,False,False,"[{""target"":""demand"",""magnitude"":0.1850631776212855,""start_week"":47,""duration_weeks"":3,""recovery_weeks"":1}]"
A,2026,895,Supplier-cluster shock,False,,False,Non-failure,Unclassified,Unclassified,3,0.8797461699662907,150.0894869249738,False,True,True,False,False,"[{""target"":""S1A"",""magnitude"":0.26607565559545626,""start_week"":2,""duration_weeks"":1,""recovery_weeks"":4},{""target"":""demand"",""magnitude"":0.10414243257911439,""start_week"":13,""duration_weeks"":2,""recovery_weeks"":3},{""target"":""corridor"",""magnitude"":0.34019037252528195,""start_week"":31,""duration_weeks"":2,""recovery_weeks"":3}]"
A,2026,896,Supplier-cluster shock,True,False,False,Adaptation-limited,Concentrated dependency,Concentrated dependency,1,0.6608605300407153,713.9347279022832,False,True,False,False,False,"[{""target"":""corridor"",""magnitude"":0.5043546024694635,""start_week"":6,""duration_weeks"":1,""recovery_weeks"":3}]"
A,2026,897,Supplier-cluster shock,True,True,False,Structural,Concentrated dependency; Hidden convergent dependency; Propagation-amplified cascade,Hidden convergent dependency,4,0.5459826512966738,800.4805750650186,True,False,False,False,False,"[{""target"":""T2P"",""magnitude"":0.3289224155434423,""start_week"":26,""duration_weeks"":4,""recovery_weeks"":1},{""target"":""demand"",""magnitude"":0.05628365362859236,""start_week"":32,""duration_weeks"":1,""recovery_weeks"":4},{""target"":""demand"",""magnitude"":0.06171956420196676,""start_week"":33,""duration_weeks"":5,""recovery_weeks"":4},{""target"":""T2P"",""magnitude"":0.5086156138329937,""start_week"":46,""duration_weeks"":1,""recovery_weeks"":2}]"
A,2026,898,Supplier-cluster shock,False,,False,Non-failure,Unclassified,Unclassified,0,1.0,0.0,False,False,False,False,False,[]
A,2026,899,Supplier-cluster shock,True,True,True,Structural,Concentrated dependency,Concentrated dependency,4,0.38914817259345913,4449.808821016812,False,True,False,True,True,"[{""target"":""corridor"",""magnitude"":0.5552184550708871,""start_week"":23,""duration_weeks"":8,""recovery_weeks"":3},{""target"":""corridor"",""magnitude"":0.34381016305069556,""start_week"":24,""duration_weeks"":3,""recovery_weeks"":4},{""target"":""S1B"",""magnitude"":0.3350245568961213,""start_week"":31,""duration_weeks"":1,""recovery_weeks"":4},{""target"":""S1C"",""magnitude"":0.30524827410749966,""start_week"":49,""duration_weeks"":14,""recovery_weeks"":1}]"
A,2026,900,Supplier-cluster shock,False,,False,Non-failure,Unclassified,Unclassified,3,0.92977029547257,126.41346814937401,False,False,True,True,True,"[{""target"":""S1A"",""magnitude"":0.23815885045166535,""start_week"":21,""duration_weeks"":9,""recovery_weeks"":1},{""target"":""S1B"",""magnitude"":0.4080168351867176,""start_week"":31,""duration_weeks"":1,""recovery_weeks"":3},{""target"":""S1C"",""magnitude"":0.3982397330503747,""start_week"":41,""duration_weeks"":3,""recovery_weeks"":1}]"
A,2026,901,Supplier-cluster shock,False,,False,Non-failure,Unclassified,Unclassified,1,0.9342113412382383,63.3794413233162,False,False,False,False,False,"[{""target"":""demand"",""magnitude"":0.07042160147035136,""start_week"":18,""duration_weeks"":2,""recovery_weeks"":3}]"
A,2026,902,Supplier-cluster shock,True,True,True,Structural,Concentrated dependency,Concentrated dependency,3,0.7816682588648075,859.7999171572505,False,True,False,False,False,"[{""target"":""corridor"",""magnitude"":0.3854782488633697,""start_week"":36,""duration_weeks"":4,""recovery_weeks"":4},{""target"":""corridor"",""magnitude"":0.2555477795194617,""start_week"":46,""duration_weeks"":25,""recovery_weeks"":4},{""target"":""corridor"",""magnitude"":0.21250662162014264,""start_week"":50,""duration_weeks"":4,""recovery_weeks"":1}]"
A,2026,903,Supplier-cluster shock,True,False,True,Adaptation-limited,Concentrated dependency,Concentrated dependency,2,0.5465700705616034,1101.2825436073101,False,True,True,False,False,"[{""target"":""corridor"",""magnitude"":0.5900724470787975,""start_week"":24,""duration_weeks"":1,""recovery_weeks"":4},{""target"":""S1A"",""magnitude"":0.45240552411954327,""start_week"":26,""duration_weeks"":1,""recovery_weeks"":1}]"
A,2026,904,Supplier-cluster shock,False,,False,Non-failure,Unclassified,Unclassified,2,0.9698217025367166,60.600466643286154,False,False,True,True,False,"[{""target"":""S1A"",""magnitude"":0.2943529272572274,""start_week"":7,""duration_weeks"":1,""recovery_weeks"":4},{""target"":""S1B"",""magnitude"":0.3179011692923876,""start_week"":20,""duration_weeks"":4,""recovery_weeks"":4}]"
A,2026,905,Supplier-cluster shock,True,False,True,Adaptation-limited,Concentrated dependency,Concentrated dependency,2,0.7275889886374113,1534.466068175532,False,True,False,False,False,"[{""target"":""corridor"",""magnitude"":0.45430825852194157,""start_week"":14,""duration_weeks"":5,""recovery_weeks"":3},{""target"":""corridor"",""magnitude"":0.25814256173832617,""start_week"":22,""duration_weeks"":3,""recovery_weeks"":3}]"
A,2026,906,Supplier-cluster shock,True,True,False,Structural,Concentrated dependency,Concentrated dependency,4,0.8388901289349455,274.9941118458637,True,False,False,True,True,"[{""target"":""S1C"",""magnitude"":0.3470479351402923,""start_week"":2,""duration_weeks"":1,""recovery_weeks"":1},{""target"":""S1B"",""magnitude"":0.5613933280938987,""start_week"":7,""duration_weeks"":3,""recovery_weeks"":3},{""target"":""T2P"",""magnitude"":0.3870510664542709,""start_week"":44,""duration_weeks"":1,""recovery_weeks"":2},{""target"":""demand"",""magnitude"":0.17727381557943395,""start_week"":46,""duration_weeks"":1,""recovery_weeks"":1}]"
A,2026,907,Supplier-cluster shock,True,True,False,Structural,Concentrated dependency,Concentrated dependency,4,0.8791079893230563,253.87322242158166,False,False,False,True,True,"[{""target"":""S1C"",""magnitude"":0.5220070240231233,""start_week"":20,""duration_weeks"":4,""recovery_weeks"":3},{""target"":""S1B"",""magnitude"":0.24719895426118857,""start_week"":28,""duration_weeks"":6,""recovery_weeks"":3},{""target"":""S1C"",""magnitude"":0.20538841053569573,""start_week"":34,""duration_weeks"":2,""recovery_weeks"":2},{""target"":""S1B"",""magnitude"":0.24749012254030717,""start_week"":46,""duration_weeks"":5,""recovery_weeks"":4}]"
A,2026,908,Supplier-cluster shock,True,True,True,Structural,Concentrated dependency,Concentrated dependency,4,0.5140273299650394,2491.7280583164456,True,True,False,False,False,"[{""target"":""corridor"",""magnitude"":0.280020373694149,""start_week"":29,""duration_weeks"":13,""recovery_weeks"":1},{""target"":""corridor"",""magnitude"":0.3321513375680214,""start_week"":34,""duration_weeks"":2,""recovery_weeks"":4},{""target"":""corridor"",""magnitude"":0.3579030289106154,""start_week"":38,""duration_weeks"":1,""recovery_weeks"":2},{""target"":""T2P"",""magnitude"":0.5055908776436105,""start_week"":48,""duration_weeks"":1,""recovery_weeks"":3}]"
A,2026,909,Supplier-cluster shock,False,,False,Non-failure,Unclassified,Unclassified,2,0.9054063179044401,198.64673240067555,True,False,True,False,False,"[{""target"":""S1A"",""magnitude"":0.4628357847150095,""start_week"":2,""duration_weeks"":14,""recovery_weeks"":3},{""target"":""T2P"",""magnitude"":0.4670380883744185,""start_week"":46,""duration_weeks"":3,""recovery_weeks"":1}]"
A,2026,910,Supplier-cluster shock,False,,False,Non-failure,Unclassified,Unclassified,4,0.851108980181344,179.17965775294238,False,False,True,True,True,"[{""target"":""demand"",""magnitude"":0.17493766754397566,""start_week"":16,""duration_weeks"":3,""recovery_weeks"":4},{""target"":""S1A"",""magnitude"":0.3962403754113598,""start_week"":25,""duration_weeks"":5,""recovery_weeks"":1},{""target"":""S1B"",""magnitude"":0.33796814134212605,""start_week"":32,""duration_weeks"":9,""recovery_weeks"":4},{""target"":""S1C"",""magnitude"":0.30601551220934553,""start_week"":35,""duration_weeks"":11,""recovery_weeks"":1}]"
A,2026,911,Supplier-cluster shock,False,,False,Non-failure,Unclassified,Unclassified,1,0.8629374687181494,142.94926645948658,False,False,False,False,False,"[{""target"":""demand"",""magnitude"":0.1588325182883184,""start_week"":50,""duration_weeks"":3,""recovery_weeks"":4}]"
A,2026,912,Supplier-cluster shock,True,False,False,Adaptation-limited,Concentrated dependency; Hidden convergent dependency; Propagation-amplified cascade,Hidden convergent dependency,3,0.6332797964468379,505.16864119246065,True,True,False,False,False,"[{""target"":""T2P"",""magnitude"":0.4300481831978459,""start_week"":14,""duration_weeks"":2,""recovery_weeks"":2},{""target"":""corridor"",""magnitude"":0.3179539740939846,""start_week"":33,""duration_weeks"":1,""recovery_weeks"":1},{""target"":""demand"",""magnitude"":0.1327450469036275,""start_week"":42,""duration_weeks"":1,""recovery_weeks"":4}]"
A,2026,913,Supplier-cluster shock,False,,False,Non-failure,Unclassified,Unclassified,1,0.9041133063755025,95.45045256330513,False,False,False,False,False,"[{""target"":""demand"",""magnitude"":0.10605605840367227,""start_week"":3,""duration_weeks"":1,""recovery_weeks"":2}]"
A,2026,914,Supplier-cluster shock,True,True,True,Structural,Concentrated dependency,Concentrated dependency,3,0.5728621339340224,3002.8119046559377,False,True,False,False,False,"[{""target"":""demand"",""magnitude"":0.3141162971298617,""start_week"":4,""duration_weeks"":13,""recovery_weeks"":2},{""target"":""corridor"",""magnitude"":0.43539440034153365,""start_week"":15,""duration_weeks"":1,""recovery_weeks"":1},{""target"":""corridor"",""magnitude"":0.22891946787969264,""start_week"":33,""duration_weeks"":1,""recovery_weeks"":2}]"
A,2026,915,Supplier-cluster shock,False,,False,Non-failure,Unclassified,Unclassified,3,0.8345520330707239,148.90317023634861,True,False,True,False,False,"[{""target"":""T2P"",""magnitude"":0.3496343900787829,""start_week"":9,""duration_weeks"":2,""recovery_weeks"":1},{""target"":""S1A"",""magnitude"":0.26843781575643944,""start_week"":27,""duration_weeks"":8,""recovery_weeks"":4},{""target"":""T2P"",""magnitude"":0.21325698761097445,""start_week"":46,""duration_weeks"":5,""recovery_weeks"":3}]"
A,2026,916,Supplier-cluster shock,True,True,True,Structural,Concentrated dependency,Concentrated dependency,4,0.8411140956006241,461.23992734789385,False,True,True,True,True,"[{""target"":""corridor"",""magnitude"":0.369164428299532,""start_week"":16,""duration_weeks"":2,""recovery_weeks"":4},{""target"":""S1C"",""magnitude"":0.35980722436265344,""start_week"":31,""duration_weeks"":1,""recovery_weeks"":3},{""target"":""S1B"",""magnitude"":0.4333450483452461,""start_week"":44,""duration_weeks"":2,""recovery_weeks"":3},{""target"":""S1A"",""magnitude"":0.39685143659793043,""start_week"":48,""duration_weeks"":3,""recovery_weeks"":1}]"
A,2026,917,Supplier-cluster shock,False,,False,Non-failure,Unclassified,Unclassified,0,1.0,0.0,False,False,False,False,False,[]
A,2026,918,Supplier-cluster shock,True,True,True,Structural,Concentrated dependency; Hidden convergent dependency,Hidden convergent dependency,4,0.762518372056962,945.8276451988019,True,False,False,True,False,"[{""target"":""S1B"",""magnitude"":0.41254236009770684,""start_week"":7,""duration_weeks"":4,""recovery_weeks"":3},{""target"":""demand"",""magnitude"":0.13517895035621696,""start_week"":12,""duration_weeks"":7,""recovery_weeks"":4},{""target"":""T2P"",""magnitude"":0.3137334651487341,""start_week"":24,""duration_weeks"":6,""recovery_weeks"":1},{""target"":""T2P"",""magnitude"":0.23313540942734212,""start_week"":43,""duration_weeks"":1,""recovery_weeks"":2}]"
A,2026,919,Supplier-cluster shock,False,,False,Non-failure,Unclassified,Unclassified,2,0.9982365540764524,3.703236439449938,False,False,False,True,True,"[{""target"":""S1B"",""magnitude"":0.25396775332798205,""start_week"":36,""duration_weeks"":7,""recovery_weeks"":2},{""target"":""S1C"",""magnitude"":0.2020666455863817,""start_week"":40,""duration_weeks"":2,""recovery_weeks"":1}]"
A,2026,920,Supplier-cluster shock,False,,False,Non-failure,Unclassified,Unclassified,1,0.879918479187515,122.82202418458996,False,False,False,False,False,"[{""target"":""demand"",""magnitude"":0.13646891576065528,""start_week"":48,""duration_weeks"":9,""recovery_weeks"":4}]"
A,2026,921,Supplier-cluster shock,False,,False,Non-failure,Unclassified,Unclassified,2,0.8158440215932384,203.1520439929384,False,False,True,False,False,"[{""target"":""demand"",""magnitude"":0.22572449332548705,""start_week"":28,""duration_weeks"":2,""recovery_weeks"":1},{""target"":""S1A"",""magnitude"":0.25880332664807376,""start_week"":38,""duration_weeks"":2,""recovery_weeks"":2}]"
A,2026,922,Supplier-cluster shock,False,,False,Non-failure,Unclassified,Unclassified,3,0.8483995101278599,209.39485609883047,True,False,False,True,False,"[{""target"":""demand"",""magnitude"":0.17868997808508036,""start_week"":21,""duration_weeks"":2,""recovery_weeks"":2},{""target"":""T2P"",""magnitude"":0.26510478713603236,""start_week"":25,""duration_weeks"":1,""recovery_weeks"":2},{""target"":""S1B"",""magnitude"":0.46252082312846243,""start_week"":28,""duration_weeks"":8,""recovery_weeks"":3}]"
A,2026,923,Supplier-cluster shock,False,,False,Non-failure,Unclassified,Unclassified,1,1.0,0.0,False,True,False,False,False,"[{""target"":""corridor"",""magnitude"":0.21175621374369544,""start_week"":10,""duration_weeks"":1,""recovery_weeks"":2}]"
A,2026,924,Supplier-cluster shock,False,,False,Non-failure,Unclassified,Unclassified,5,0.8477093200066488,336.1302893932998,True,True,False,True,False,"[{""target"":""T2P"",""magnitude"":0.2349369866973336,""start_week"":1,""duration_weeks"":3,""recovery_weeks"":4},{""target"":""demand"",""magnitude"":0.223452895849934,""start_week"":17,""duration_weeks"":3,""recovery_weeks"":4},{""target"":""demand"",""magnitude"":0.19310734795713724,""start_week"":24,""duration_weeks"":1,""recovery_weeks"":3},{""target"":""S1B"",""magnitude"":0.2709070187060284,""start_week"":33,""duration_weeks"":1,""recovery_weeks"":3},{""target"":""corridor"",""magnitude"":0.2876250860342161,""start_week"":50,""duration_weeks"":3,""recovery_weeks"":3}]"
A,2026,925,Supplier-cluster shock,True,True,True,Structural,Concentrated dependency; Propagation-amplified cascade,Propagation-amplified cascade,8,0.5006631982144205,1814.8914303635902,True,True,False,True,False,"[{""target"":""demand"",""magnitude"":0.10507368443895973,""start_week"":2,""duration_weeks"":4,""recovery_weeks"":4},{""target"":""corridor"",""magnitude"":0.3429960642910582,""start_week"":4,""duration_weeks"":8,""recovery_weeks"":2},{""target"":""T2P"",""magnitude"":0.5494031216070215,""start_week"":5,""duration_weeks"":3,""recovery_weeks"":2},{""target"":""T2P"",""magnitude"":0.3015598678670316,""start_week"":20,""duration_weeks"":2,""recovery_weeks"":4},{""target"":""corridor"",""magnitude"":0.3699059867980754,""start_week"":23,""duration_weeks"":3,""recovery_weeks"":2},{""target"":""corridor"",""magnitude"":0.29175312665040637,""start_week"":31,""duration_weeks"":1,""recovery_weeks"":2},{""target"":""demand"",""magnitude"":0.20026141677847892,""start_week"":37,""duration_weeks"":1,""recovery_weeks"":1},{""target"":""S1B"",""magnitude"":0.38023519454555255,""start_week"":42,""duration_weeks"":1,""recovery_weeks"":3}]"
A,2026,926,Supplier-cluster shock,True,True,True,Structural,Concentrated dependency; Propagation-amplified cascade,Propagation-amplified cascade,5,0.6137204445256167,1701.7649160418096,True,True,False,True,True,"[{""target"":""corridor"",""magnitude"":0.4847945485029519,""start_week"":2,""duration_weeks"":1,""recovery_weeks"":3},{""target"":""T2P"",""magnitude"":0.4476515999269449,""start_week"":4,""duration_weeks"":4,""recovery_weeks"":1},{""target"":""S1B"",""magnitude"":0.2299923895431616,""start_week"":23,""duration_weeks"":1,""recovery_weeks"":1},{""target"":""S1C"",""magnitude"":0.5289089531343669,""start_week"":31,""duration_weeks"":1,""recovery_weeks"":2},{""target"":""demand"",""magnitude"":0.2931211775228491,""start_week"":50,""duration_weeks"":5,""recovery_weeks"":3}]"
A,2026,927,Supplier-cluster shock,False,,False,Non-failure,Unclassified,Unclassified,5,0.7355000887872833,290.21809259937254,True,False,False,True,True,"[{""target"":""S1C"",""magnitude"":0.3176613831548135,""start_week"":5,""duration_weeks"":1,""recovery_weeks"":1},{""target"":""S1B"",""magnitude"":0.45466796044892077,""start_week"":16,""duration_weeks"":4,""recovery_weeks"":4},{""target"":""demand"",""magnitude"":0.09047446509818627,""start_week"":30,""duration_weeks"":1,""recovery_weeks"":1},{""target"":""S1C"",""magnitude"":0.2883064196848795,""start_week"":41,""duration_weeks"":3,""recovery_weeks"":1},{""target"":""T2P"",""magnitude"":0.33804992009144497,""start_week"":44,""duration_weeks"":4,""recovery_weeks"":1}]"
A,2026,928,Supplier-cluster shock,True,True,True,Structural,Concentrated dependency; Hidden convergent dependency; Propagation-amplified cascade,Hidden convergent dependency,1,0.5363805000285033,1544.9165248589088,True,False,False,False,False,"[{""target"":""T2P"",""magnitude"":0.5172575499743469,""start_week"":27,""duration_weeks"":3,""recovery_weeks"":4}]"
A,2026,929,Supplier-cluster shock,True,True,True,Structural,Concentrated dependency,Concentrated dependency,6,0.658602610209851,1353.6345679914584,False,True,False,True,False,"[{""target"":""corridor"",""magnitude"":0.1939276977695339,""start_week"":9,""duration_weeks"":3,""recovery_weeks"":4},{""target"":""demand"",""magnitude"":0.11126490274797589,""start_week"":12,""duration_weeks"":1,""recovery_weeks"":1},{""target"":""S1B"",""magnitude"":0.5047575330198005,""start_week"":31,""duration_weeks"":1,""recovery_weeks"":2},{""target"":""corridor"",""magnitude"":0.3813925080863767,""start_week"":41,""duration_weeks"":2,""recovery_weeks"":4},{""target"":""demand"",""magnitude"":0.21546499552031972,""start_week"":44,""duration_weeks"":1,""recovery_weeks"":3},{""target"":""demand"",""magnitude"":0.18917028609201963,""start_week"":45,""duration_weeks"":5,""recovery_weeks"":1}]"
A,2026,930,Supplier-cluster shock,True,True,True,Structural,Concentrated dependency,Concentrated dependency,2,0.8367667275125258,916.6421303614056,False,True,False,True,False,"[{""target"":""corridor"",""magnitude"":0.3724249543656055,""start_week"":13,""duration_weeks"":5,""recovery_weeks"":4},{""target"":""S1B"",""magnitude"":0.4136980467875281,""start_week"":51,""duration_weeks"":2,""recovery_weeks"":4}]"
A,2026,931,Supplier-cluster shock,True,True,True,Structural,Concentrated dependency; Hidden convergent dependency; Propagation-amplified cascade,Hidden convergent dependency,3,0.8291039143863659,549.5160000368123,True,False,True,False,False,"[{""target"":""T2P"",""magnitude"":0.25380647705227055,""start_week"":26,""duration_weeks"":6,""recovery_weeks"":1},{""target"":""demand"",""magnitude"":0.22550116998866215,""start_week"":44,""duration_weeks"":6,""recovery_weeks"":4},{""target"":""S1A"",""magnitude"":0.24533904615476781,""start_week"":45,""duration_weeks"":1,""recovery_weeks"":3}]"
A,2026,932,Supplier-cluster shock,True,True,False,Structural,Concentrated dependency,Concentrated dependency,2,0.884528096359535,242.4909976449767,False,False,True,True,False,"[{""target"":""S1A"",""magnitude"":0.5098117831910464,""start_week"":19,""duration_weeks"":3,""recovery_weeks"":4},{""target"":""S1B"",""magnitude"":0.24011256526788194,""start_week"":38,""duration_weeks"":4,""recovery_weeks"":2}]"
A,2026,933,Supplier-cluster shock,True,True,True,Structural,Concentrated dependency; Hidden convergent dependency; Propagation-amplified cascade,Hidden convergent dependency,2,0.66294228476994,1122.9474714988369,True,False,False,False,False,"[{""target"":""T2P"",""magnitude"":0.24429643239353738,""start_week"":34,""duration_weeks"":5,""recovery_weeks"":1},{""target"":""T2P"",""magnitude"":0.21047341594177282,""start_week"":36,""duration_weeks"":5,""recovery_weeks"":1}]"
A,2026,934,Supplier-cluster shock,True,False,True,Adaptation-limited,Concentrated dependency,Concentrated dependency,1,0.7828101956159546,616.7263544673499,False,True,False,False,False,"[{""target"":""corridor"",""magnitude"":0.4128923532880341,""start_week"":1,""duration_weeks"":2,""recovery_weeks"":3}]"
A,2026,935,Supplier-cluster shock,False,,False,Non-failure,Unclassified,Unclassified,0,1.0,0.0,False,False,False,False,False,[]
A,2026,936,Supplier-cluster shock,False,,False,Non-failure,Unclassified,Unclassified,4,0.8525960327969727,184.31023519817063,True,False,False,True,True,"[{""target"":""demand"",""magnitude"":0.17288840380767806,""start_week"":4,""duration_weeks"":5,""recovery_weeks"":4},{""target"":""S1C"",""magnitude"":0.4480262281229671,""start_week"":13,""duration_weeks"":3,""recovery_weeks"":3},{""target"":""T2P"",""magnitude"":0.24151995440122698,""start_week"":40,""duration_weeks"":3,""recovery_weeks"":1},{""target"":""S1B"",""magnitude"":0.2602913098683104,""start_week"":45,""duration_weeks"":12,""recovery_weeks"":4}]"
A,2026,937,Supplier-cluster shock,False,,False,Non-failure,Unclassified,Unclassified,2,1.0,0.0,False,False,True,False,True,"[{""target"":""S1A"",""magnitude"":0.2497120392572072,""start_week"":49,""duration_weeks"":8,""recovery_weeks"":1},{""target"":""S1C"",""magnitude"":0.28983977986241144,""start_week"":51,""duration_weeks"":1,""recovery_weeks"":2}]"
A,2026,938,Supplier-cluster shock,False,,False,Non-failure,Unclassified,Unclassified,0,1.0,0.0,False,False,False,False,False,[]
A,2026,939,Supplier-cluster shock,True,False,False,Adaptation-limited,Compounding moderate disturbance,Compounding moderate disturbance,7,0.8714817919843985,330.4974885958818,False,False,True,True,True,"[{""target"":""S1C"",""magnitude"":0.4154034201882867,""start_week"":3,""duration_weeks"":3,""recovery_weeks"":1},{""target"":""S1A"",""magnitude"":0.3737625478468167,""start_week"":4,""duration_weeks"":4,""recovery_weeks"":3},{""target"":""S1C"",""magnitude"":0.3061415922384856,""start_week"":12,""duration_weeks"":1,""recovery_weeks"":3},{""target"":""S1B"",""magnitude"":0.4456631460206455,""start_week"":15,""duration_weeks"":1,""recovery_weeks"":4},{""target"":""S1C"",""magnitude"":0.334947701238988,""start_week"":25,""duration_weeks"":3,""recovery_weeks"":1},{""target"":""S1A"",""magnitude"":0.2825948712573628,""start_week"":43,""duration_weeks"":10,""recovery_weeks"":4},{""target"":""S1B"",""magnitude"":0.43310219233917446,""start_week"":50,""duration_weeks"":1,""recovery_weeks"":3}]"
A,2026,940,Supplier-cluster shock,False,,False,Non-failure,Unclassified,Unclassified,4,0.8616333056560667,144.52786828466446,False,True,False,True,True,"[{""target"":""corridor"",""magnitude"":0.2430873357820867,""start_week"":16,""duration_weeks"":1,""recovery_weeks"":3},{""target"":""demand"",""magnitude"":0.16058652031629383,""start_week"":40,""duration_weeks"":3,""recovery_weeks"":2},{""target"":""S1C"",""magnitude"":0.30057258372260165,""start_week"":45,""duration_weeks"":2,""recovery_weeks"":1},{""target"":""S1B"",""magnitude"":0.30228360780504326,""start_week"":47,""duration_weeks"":3,""recovery_weeks"":2}]"
A,2026,941,Supplier-cluster shock,False,,False,Non-failure,Unclassified,Unclassified,1,0.8533529250579766,154.66328593044227,False,False,False,False,False,"[{""target"":""demand"",""magnitude"":0.17184809547826907,""start_week"":19,""duration_weeks"":3,""recovery_weeks"":2}]"
A,2026,942,Supplier-cluster shock,False,,False,Non-failure,Unclassified,Unclassified,1,0.8328406646537918,180.6388763139057,False,False,False,False,False,"[{""target"":""demand"",""magnitude"":0.20070986257100648,""start_week"":48,""duration_weeks"":1,""recovery_weeks"":3}]"
A,2026,943,Supplier-cluster shock,True,True,False,Structural,Concentrated dependency,Concentrated dependency,1,0.8895296634986595,231.98770665281518,False,False,True,False,False,"[{""target"":""S1A"",""magnitude"":0.49855825712801627,""start_week"":46,""duration_weeks"":3,""recovery_weeks"":1}]"
A,2026,944,Supplier-cluster shock,True,True,False,Structural,Concentrated dependency,Concentrated dependency,4,0.860679396137324,250.77708695281672,False,True,False,True,True,"[{""target"":""corridor"",""magnitude"":0.2395088881336027,""start_week"":23,""duration_weeks"":3,""recovery_weeks"":1},{""target"":""S1C"",""magnitude"":0.563471358691021,""start_week"":31,""duration_weeks"":1,""recovery_weeks"":1},{""target"":""S1B"",""magnitude"":0.43163590155268194,""start_week"":44,""duration_weeks"":8,""recovery_weeks"":4},{""target"":""S1C"",""magnitude"":0.5252349083095912,""start_week"":51,""duration_weeks"":1,""recovery_weeks"":3}]"
A,2026,945,Supplier-cluster shock,True,True,True,Structural,Concentrated dependency,Concentrated dependency,2,0.5912604761239337,1960.9499121054446,False,True,False,False,False,"[{""target"":""corridor"",""magnitude"":0.49167140042387636,""start_week"":29,""duration_weeks"":3,""recovery_weeks"":4},{""target"":""demand"",""magnitude"":0.14631620659763328,""start_week"":30,""duration_weeks"":4,""recovery_weeks"":1}]"
A,2026,946,Supplier-cluster shock,False,,False,Non-failure,Unclassified,Unclassified,1,0.8368753206110343,175.42901294170815,False,False,False,False,False,"[{""target"":""demand"",""magnitude"":0.1949211254907866,""start_week"":42,""duration_weeks"":1,""recovery_weeks"":2}]"
A,2026,947,Supplier-cluster shock,False,,False,Non-failure,Unclassified,Unclassified,0,1.0,0.0,False,False,False,False,False,[]
A,2026,948,Supplier-cluster shock,False,,False,Non-failure,Unclassified,Unclassified,3,0.8271674625196342,504.40427875159,False,True,False,True,False,"[{""target"":""demand"",""magnitude"":0.20894503871549858,""start_week"":10,""duration_weeks"":7,""recovery_weeks"":2},{""target"":""S1B"",""magnitude"":0.3231105003553909,""start_week"":26,""duration_weeks"":5,""recovery_weeks"":4},{""target"":""corridor"",""magnitude"":0.35923015404781933,""start_week"":50,""duration_weeks"":6,""recovery_weeks"":4}]"
A,2026,949,Supplier-cluster shock,True,True,False,Structural,Concentrated dependency,Concentrated dependency,2,0.8854362814964376,240.58380885748102,False,False,True,False,True,"[{""target"":""S1C"",""magnitude"":0.5077683666330153,""start_week"":30,""duration_weeks"":5,""recovery_weeks"":4},{""target"":""S1A"",""magnitude"":0.47311047536644724,""start_week"":41,""duration_weeks"":4,""recovery_weeks"":2}]"
A,2026,950,Supplier-cluster shock,False,,False,Non-failure,Unclassified,Unclassified,3,0.8853511555676566,116.54580144863655,False,True,False,False,False,"[{""target"":""demand"",""magnitude"":0.1294953349429296,""start_week"":3,""duration_weeks"":1,""recovery_weeks"":3},{""target"":""corridor"",""magnitude"":0.27117266522239647,""start_week"":37,""duration_weeks"":1,""recovery_weeks"":3},{""target"":""demand"",""magnitude"":0.1294052230379361,""start_week"":39,""duration_weeks"":2,""recovery_weeks"":1}]"
A,2026,951,Supplier-cluster shock,False,,False,Non-failure,Unclassified,Unclassified,3,0.814310445990149,236.58359367654225,True,False,False,False,False,"[{""target"":""demand"",""magnitude"":0.17248946110954969,""start_week"":3,""duration_weeks"":3,""recovery_weeks"":4},{""target"":""T2P"",""magnitude"":0.38904019953628877,""start_week"":21,""duration_weeks"":2,""recovery_weeks"":1},{""target"":""demand"",""magnitude"":0.1832054750161134,""start_week"":30,""duration_weeks"":3,""recovery_weeks"":3}]"
A,2026,952,Supplier-cluster shock,True,True,True,Structural,Concentrated dependency; Hidden convergent dependency; Propagation-amplified cascade,Hidden convergent dependency,4,0.6092792246572706,1284.0678379465103,True,False,False,False,False,"[{""target"":""T2P"",""magnitude"":0.4516486978084564,""start_week"":3,""duration_weeks"":4,""recovery_weeks"":2},{""target"":""T2P"",""magnitude"":0.3076703785494094,""start_week"":36,""duration_weeks"":5,""recovery_weeks"":4},{""target"":""demand"",""magnitude"":0.11192958542924537,""start_week"":39,""duration_weeks"":1,""recovery_weeks"":1},{""target"":""demand"",""magnitude"":0.16714319566710845,""start_week"":48,""duration_weeks"":11,""recovery_weeks"":3}]"
A,2026,953,Supplier-cluster shock,False,,False,Non-failure,Unclassified,Unclassified,3,0.8888492017753964,112.54520812116493,False,False,False,True,True,"[{""target"":""demand"",""magnitude"":0.1250502312457386,""start_week"":23,""duration_weeks"":1,""recovery_weeks"":2},{""target"":""S1C"",""magnitude"":0.33539176833640616,""start_week"":35,""duration_weeks"":5,""recovery_weeks"":2},{""target"":""S1B"",""magnitude"":0.22993399432757808,""start_week"":45,""duration_weeks"":1,""recovery_weeks"":1}]"
A,2026,954,Supplier-cluster shock,False,,False,Non-failure,Unclassified,Unclassified,2,0.8828845143065761,119.38587144306939,True,False,False,False,False,"[{""target"":""demand"",""magnitude"":0.13265096827007705,""start_week"":21,""duration_weeks"":3,""recovery_weeks"":4},{""target"":""T2P"",""magnitude"":0.27451134864961146,""start_week"":49,""duration_weeks"":7,""recovery_weeks"":3}]"
A,2026,955,Supplier-cluster shock,True,True,False,Structural,Concentrated dependency; Hidden convergent dependency; Propagation-amplified cascade,Hidden convergent dependency,2,0.8827964810812777,246.60691972822633,True,False,True,False,False,"[{""target"":""T2P"",""magnitude"":0.20548316702685024,""start_week"":7,""duration_weeks"":7,""recovery_weeks"":2},{""target"":""S1A"",""magnitude"":0.2979446205526936,""start_week"":42,""duration_weeks"":2,""recovery_weeks"":3}]"
A,2026,956,Supplier-cluster shock,False,,False,Non-failure,Unclassified,Unclassified,3,0.935871935139636,134.66893620676444,False,False,True,True,True,"[{""target"":""S1C"",""magnitude"":0.3942881459358189,""start_week"":13,""duration_weeks"":4,""recovery_weeks"":4},{""target"":""S1A"",""magnitude"":0.32145443836442655,""start_week"":30,""duration_weeks"":5,""recovery_weeks"":2},{""target"":""S1B"",""magnitude"":0.33749164552536265,""start_week"":49,""duration_weeks"":1,""recovery_weeks"":1}]"
A,2026,957,Supplier-cluster shock,True,True,True,Structural,Concentrated dependency; Hidden convergent dependency,Hidden convergent dependency,7,0.2999355241569438,9545.658059885147,True,False,False,False,False,"[{""target"":""T2P"",""magnitude"":0.4101864209904289,""start_week"":5,""duration_weeks"":1,""recovery_weeks"":4},{""target"":""demand"",""magnitude"":0.31696066501537107,""start_week"":8,""duration_weeks"":2,""recovery_weeks"":3},{""target"":""T2P"",""magnitude"":0.4683023363219444,""start_week"":11,""duration_weeks"":2,""recovery_weeks"":4},{""target"":""T2P"",""magnitude"":0.5839193852800237,""start_week"":14,""duration_weeks"":8,""recovery_weeks"":2},{""target"":""demand"",""magnitude"":0.19723098408823292,""start_week"":25,""duration_weeks"":3,""recovery_weeks"":4},{""target"":""T2P"",""magnitude"":0.48149733928055405,""start_week"":32,""duration_weeks"":4,""recovery_weeks"":2},{""target"":""T2P"",""magnitude"":0.3802430668264386,""start_week"":50,""duration_weeks"":2,""recovery_weeks"":3}]"
A,2026,958,Supplier-cluster shock,True,True,True,Structural,Concentrated dependency,Concentrated dependency,4,0.464866879016742,4830.85515897695,False,True,False,False,False,"[{""target"":""corridor"",""magnitude"":0.4848598791468578,""start_week"":6,""duration_weeks"":5,""recovery_weeks"":3},{""target"":""demand"",""magnitude"":0.23700593204812465,""start_week"":7,""duration_weeks"":6,""recovery_weeks"":4},{""target"":""demand"",""magnitude"":0.19443831262495387,""start_week"":8,""duration_weeks"":6,""recovery_weeks"":1},{""target"":""corridor"",""magnitude"":0.24638387331998196,""start_week"":26,""duration_weeks"":5,""recovery_weeks"":4}]"
A,2026,959,Supplier-cluster shock,True,True,False,Structural,Concentrated dependency,Concentrated dependency,5,0.8741164507090722,284.1637606694794,True,False,True,True,True,"[{""target"":""S1B"",""magnitude"":0.5332379859045875,""start_week"":3,""duration_weeks"":2,""recovery_weeks"":4},{""target"":""S1A"",""magnitude"":0.33841760240427854,""start_week"":6,""duration_weeks"":1,""recovery_weeks"":1},{""target"":""S1C"",""magnitude"":0.3138995752679951,""start_week"":10,""duration_weeks"":2,""recovery_weeks"":3},{""target"":""S1B"",""magnitude"":0.20951683546338024,""start_week"":30,""duration_weeks"":1,""recovery_weeks"":2},{""target"":""T2P"",""magnitude"":0.38025485866002917,""start_week"":41,""duration_weeks"":1,""recovery_weeks"":3}]"
A,2026,960,Supplier-cluster shock,False,,False,Non-failure,Unclassified,Unclassified,1,1.0,0.0,True,False,False,False,False,"[{""target"":""T2P"",""magnitude"":0.2757389930398,""start_week"":38,""duration_weeks"":2,""recovery_weeks"":1}]"
A,2026,961,Supplier-cluster shock,True,True,False,Structural,Concentrated dependency; Hidden convergent dependency; Propagation-amplified cascade,Hidden convergent dependency,2,0.6000810945926361,869.6715668998231,True,False,False,False,False,"[{""target"":""T2P"",""magnitude"":0.3486569405240357,""start_week"":12,""duration_weeks"":1,""recovery_weeks"":2},{""target"":""T2P"",""magnitude"":0.45992701486662746,""start_week"":21,""duration_weeks"":2,""recovery_weeks"":4}]"
A,2026,962,Supplier-cluster shock,False,,False,Non-failure,Unclassified,Unclassified,1,0.9226583234626559,75.44234643912273,False,False,False,False,False,"[{""target"":""demand"",""magnitude"":0.08382482937680287,""start_week"":14,""duration_weeks"":1,""recovery_weeks"":4}]"
A,2026,963,Supplier-cluster shock,True,True,False,Structural,Concentrated dependency; Hidden convergent dependency; Propagation-amplified cascade,Hidden convergent dependency,1,0.8855047776025371,774.9579021554599,True,False,False,False,False,"[{""target"":""T2P"",""magnitude"":0.20304570015771659,""start_week"":4,""duration_weeks"":12,""recovery_weeks"":3}]"
A,2026,964,Supplier-cluster shock,False,,False,Non-failure,Unclassified,Unclassified,2,0.9504122189265966,103.04965235476516,False,False,True,True,False,"[{""target"":""S1B"",""magnitude"":0.3328745384572866,""start_week"":13,""duration_weeks"":5,""recovery_weeks"":2},{""target"":""S1A"",""magnitude"":0.36157250741515795,""start_week"":40,""duration_weeks"":5,""recovery_weeks"":4}]"
A,2026,965,Supplier-cluster shock,True,False,False,Adaptation-limited,Concentrated dependency; Hidden convergent dependency; Propagation-amplified cascade,Hidden convergent dependency,4,0.7943614413207573,615.259843207318,True,False,True,True,True,"[{""target"":""T2P"",""magnitude"":0.3335125154176769,""start_week"":10,""duration_weeks"":4,""recovery_weeks"":1},{""target"":""S1B"",""magnitude"":0.39412741525670425,""start_week"":11,""duration_weeks"":5,""recovery_weeks"":4},{""target"":""S1A"",""magnitude"":0.20143023279433103,""start_week"":26,""duration_weeks"":3,""recovery_weeks"":3},{""target"":""S1C"",""magnitude"":0.37126997454102006,""start_week"":31,""duration_weeks"":3,""recovery_weeks"":3}]"
A,2026,966,Supplier-cluster shock,False,,False,Non-failure,Unclassified,Unclassified,4,0.9443933650189222,100.09194296594,False,False,True,True,True,"[{""target"":""S1C"",""magnitude"":0.375114928707425,""start_week"":2,""duration_weeks"":1,""recovery_weeks"":1},{""target"":""S1B"",""magnitude"":0.17553260627365674,""start_week"":6,""duration_weeks"":1,""recovery_weeks"":3},{""target"":""S1A"",""magnitude"":0.25761818615805643,""start_week"":25,""duration_weeks"":5,""recovery_weeks"":3},{""target"":""S1B"",""magnitude"":0.3378841993748898,""start_week"":39,""duration_weeks"":1,""recovery_weeks"":3}]"
A,2026,967,Supplier-cluster shock,True,True,False,Structural,Concentrated dependency,Concentrated dependency,2,0.896180741644682,218.02044254616794,False,False,False,True,True,"[{""target"":""S1C"",""magnitude"":0.24515844050728003,""start_week"":11,""duration_weeks"":1,""recovery_weeks"":1},{""target"":""S1B"",""magnitude"":0.4835933312994656,""start_week"":35,""duration_weeks"":3,""recovery_weeks"":1}]"
A,2026,968,Supplier-cluster shock,False,,False,Non-failure,Unclassified,Unclassified,2,0.9171844055442914,173.91274835698823,False,False,True,True,False,"[{""target"":""S1B"",""magnitude"":0.43633508752534467,""start_week"":17,""duration_weeks"":7,""recovery_weeks"":4},{""target"":""S1A"",""magnitude"":0.25027371601973625,""start_week"":42,""duration_weeks"":1,""recovery_weeks"":3}]"
A,2026,969,Supplier-cluster shock,False,,False,Non-failure,Unclassified,Unclassified,4,0.9421237676653524,84.36547762110513,False,True,False,True,False,"[{""target"":""corridor"",""magnitude"":0.27343485489475144,""start_week"":8,""duration_weeks"":2,""recovery_weeks"":4},{""target"":""demand"",""magnitude"":0.16092965395551725,""start_week"":27,""duration_weeks"":2,""recovery_weeks"":3},{""target"":""demand"",""magnitude"":0.1592853483725058,""start_week"":37,""duration_weeks"":7,""recovery_weeks"":4},{""target"":""S1B"",""magnitude"":0.24326989769723795,""start_week"":41,""duration_weeks"":2,""recovery_weeks"":4}]"
A,2026,970,Supplier-cluster shock,False,,False,Non-failure,Unclassified,Unclassified,1,0.9002565824743889,99.71498961586758,False,False,False,False,False,"[{""target"":""demand"",""magnitude"":0.11079443290651947,""start_week"":29,""duration_weeks"":1,""recovery_weeks"":2}]"
A,2026,971,Supplier-cluster shock,False,,False,Non-failure,Unclassified,Unclassified,2,0.8728040950739049,131.1592315842563,False,False,True,False,False,"[{""target"":""demand"",""magnitude"":0.14573247953806254,""start_week"":9,""duration_weeks"":2,""recovery_weeks"":1},{""target"":""S1A"",""magnitude"":0.38166457930726605,""start_week"":11,""duration_weeks"":1,""recovery_weeks"":4}]"
A,2026,972,Supplier-cluster shock,False,,False,Non-failure,Unclassified,Unclassified,1,0.8785127115094136,124.45871096579594,False,False,False,False,False,"[{""target"":""demand"",""magnitude"":0.1382874566286621,""start_week"":26,""duration_weeks"":2,""recovery_weeks"":1}]"
A,2026,973,Supplier-cluster shock,True,True,False,Structural,Concentrated dependency,Concentrated dependency,2,0.8808967692459975,214.3858153572046,True,True,False,False,False,"[{""target"":""corridor"",""magnitude"":0.3393274230655019,""start_week"":6,""duration_weeks"":1,""recovery_weeks"":1},{""target"":""T2P"",""magnitude"":0.20176791636914193,""start_week"":29,""duration_weeks"":4,""recovery_weeks"":4}]"
A,2026,974,Supplier-cluster shock,True,True,True,Structural,Concentrated dependency; Hidden convergent dependency,Hidden convergent dependency,4,0.6088420008677763,2578.024570721311,True,False,True,True,False,"[{""target"":""T2P"",""magnitude"":0.45204219921900124,""start_week"":11,""duration_weeks"":6,""recovery_weeks"":3},{""target"":""demand"",""magnitude"":0.17099517665529662,""start_week"":14,""duration_weeks"":2,""recovery_weeks"":1},{""target"":""S1A"",""magnitude"":0.1912040753314444,""start_week"":20,""duration_weeks"":3,""recovery_weeks"":4},{""target"":""S1B"",""magnitude"":0.5597993253267096,""start_week"":32,""duration_weeks"":2,""recovery_weeks"":2}]"
A,2026,975,Supplier-cluster shock,False,,False,Non-failure,Unclassified,Unclassified,2,0.8086654918238232,212.94473314322568,False,True,False,False,False,"[{""target"":""demand"",""magnitude"":0.23660525904802832,""start_week"":5,""duration_weeks"":2,""recovery_weeks"":4},{""target"":""corridor"",""magnitude"":0.1955120739160114,""start_week"":28,""duration_weeks"":1,""recovery_weeks"":1}]"
A,2026,976,Supplier-cluster shock,True,False,True,Adaptation-limited,Concentrated dependency; Hidden convergent dependency; Propagation-amplified cascade,Hidden convergent dependency,1,0.7691724929584685,700.3409161929596,True,False,False,False,False,"[{""target"":""T2P"",""magnitude"":0.3077447563373784,""start_week"":33,""duration_weeks"":5,""recovery_weeks"":2}]"
A,2026,977,Supplier-cluster shock,True,True,True,Structural,Concentrated dependency; Hidden convergent dependency; Propagation-amplified cascade,Hidden convergent dependency,3,0.4912375033830342,2505.2037286868845,True,False,False,True,True,"[{""target"":""S1C"",""magnitude"":0.2492036027981166,""start_week"":3,""duration_weeks"":2,""recovery_weeks"":3},{""target"":""T2P"",""magnitude"":0.5578862469552692,""start_week"":28,""duration_weeks"":5,""recovery_weeks"":3},{""target"":""S1B"",""magnitude"":0.3737904518005859,""start_week"":50,""duration_weeks"":2,""recovery_weeks"":3}]"
A,2026,978,Supplier-cluster shock,False,,False,Non-failure,Unclassified,Unclassified,3,0.8689288830163004,135.75795164713918,False,False,True,False,True,"[{""target"":""demand"",""magnitude"":0.15084216849682136,""start_week"":10,""duration_weeks"":5,""recovery_weeks"":4},{""target"":""S1A"",""magnitude"":0.23507910365540008,""start_week"":26,""duration_weeks"":1,""recovery_weeks"":3},{""target"":""S1C"",""magnitude"":0.3813653236946253,""start_week"":33,""duration_weeks"":8,""recovery_weeks"":3}]"
A,2026,979,Supplier-cluster shock,False,,False,Non-failure,Unclassified,Unclassified,3,0.9317130207662087,153.3809995804594,False,False,True,True,True,"[{""target"":""S1A"",""magnitude"":0.40364570327603044,""start_week"":12,""duration_weeks"":1,""recovery_weeks"":3},{""target"":""S1B"",""magnitude"":0.35827919130707725,""start_week"":14,""duration_weeks"":2,""recovery_weeks"":3},{""target"":""S1C"",""magnitude"":0.21528878467569598,""start_week"":39,""duration_weeks"":2,""recovery_weeks"":3}]"
A,2026,980,Supplier-cluster shock,True,False,False,Adaptation-limited,Concentrated dependency; Hidden convergent dependency; Propagation-amplified cascade,Hidden convergent dependency,1,0.7716018103602857,325.9390631534667,True,False,False,False,False,"[{""target"":""T2P"",""magnitude"":0.4074111609009905,""start_week"":3,""duration_weeks"":1,""recovery_weeks"":4}]"
A,2026,981,Supplier-cluster shock,False,,False,Non-failure,Unclassified,Unclassified,3,0.9196651235253429,135.5413980136558,True,False,True,False,True,"[{""target"":""T2P"",""magnitude"":0.2574695052908733,""start_week"":4,""duration_weeks"":1,""recovery_weeks"":1},{""target"":""S1C"",""magnitude"":0.35170346058489804,""start_week"":9,""duration_weeks"":1,""recovery_weeks"":4},{""target"":""S1A"",""magnitude"":0.4307534720679784,""start_week"":43,""duration_weeks"":2,""recovery_weeks"":2}]"
A,2026,982,Supplier-cluster shock,False,,False,Non-failure,Unclassified,Unclassified,4,0.9490665010007375,150.72316263534208,True,True,True,False,True,"[{""target"":""S1A"",""magnitude"":0.3646003727483407,""start_week"":4,""duration_weeks"":5,""recovery_weeks"":4},{""target"":""corridor"",""magnitude"":0.27800786967147295,""start_week"":17,""duration_weeks"":5,""recovery_weeks"":4},{""target"":""S1C"",""magnitude"":0.21111969713272044,""start_week"":33,""duration_weeks"":5,""recovery_weeks"":2},{""target"":""T2P"",""magnitude"":0.31465300921362627,""start_week"":50,""duration_weeks"":1,""recovery_weeks"":4}]"
A,2026,983,Supplier-cluster shock,False,,False,Non-failure,Unclassified,Unclassified,0,1.0,0.0,False,False,False,False,False,[]
A,2026,984,Supplier-cluster shock,False,,False,Non-failure,Unclassified,Unclassified,0,1.0,0.0,False,False,False,False,False,[]
A,2026,985,Supplier-cluster shock,True,True,False,Structural,Concentrated dependency,Concentrated dependency,1,0.8117403761814401,351.8230971645438,False,True,False,False,False,"[{""target"":""corridor"",""magnitude"":0.39119471786392,""start_week"":46,""duration_weeks"":1,""recovery_weeks"":3}]"
A,2026,986,Supplier-cluster shock,False,,False,Non-failure,Unclassified,Unclassified,1,0.829779921177833,307.74966009656873,False,False,False,False,False,"[{""target"":""demand"",""magnitude"":0.20513882594380894,""start_week"":17,""duration_weeks"":5,""recovery_weeks"":1}]"
A,2026,987,Supplier-cluster shock,False,,False,Non-failure,Unclassified,Unclassified,1,1.0,0.0,True,False,False,False,False,"[{""target"":""T2P"",""magnitude"":0.23537915299148915,""start_week"":46,""duration_weeks"":4,""recovery_weeks"":4}]"
A,2026,988,Supplier-cluster shock,True,False,True,Adaptation-limited,Concentrated dependency,Concentrated dependency,2,0.7585367596988473,1518.880233016894,False,True,False,False,False,"[{""target"":""corridor"",""magnitude"":0.43109743022586455,""start_week"":35,""duration_weeks"":3,""recovery_weeks"":1},{""target"":""corridor"",""magnitude"":0.43044793553687344,""start_week"":39,""duration_weeks"":2,""recovery_weeks"":1}]"
A,2026,989,Supplier-cluster shock,True,True,True,Structural,Concentrated dependency,Concentrated dependency,3,0.833786618686785,448.77612954568065,True,True,False,False,True,"[{""target"":""corridor"",""magnitude"":0.3746600359849113,""start_week"":10,""duration_weeks"":2,""recovery_weeks"":1},{""target"":""S1C"",""magnitude"":0.2475603349203443,""start_week"":14,""duration_weeks"":9,""recovery_weeks"":2},{""target"":""T2P"",""magnitude"":0.18575736351577288,""start_week"":24,""duration_weeks"":6,""recovery_weeks"":3}]"
A,2026,990,Supplier-cluster shock,False,,False,Non-failure,Unclassified,Unclassified,0,1.0,0.0,False,False,False,False,False,[]
A,2026,991,Supplier-cluster shock,False,,False,Non-failure,Unclassified,Unclassified,0,1.0,0.0,False,False,False,False,False,[]
A,2026,992,Supplier-cluster shock,True,False,True,Adaptation-limited,Concentrated dependency; Propagation-amplified cascade,Propagation-amplified cascade,3,0.729467324674332,1159.8777095790344,True,True,False,False,True,"[{""target"":""T2P"",""magnitude"":0.3021483798247062,""start_week"":3,""duration_weeks"":2,""recovery_weeks"":2},{""target"":""corridor"",""magnitude"":0.45289950649425104,""start_week"":27,""duration_weeks"":4,""recovery_weeks"":2},{""target"":""S1C"",""magnitude"":0.3117602258977547,""start_week"":38,""duration_weeks"":1,""recovery_weeks"":3}]"
A,2026,993,Supplier-cluster shock,False,,False,Non-failure,Unclassified,Unclassified,3,0.9219836121528597,76.15617906534453,False,False,False,False,False,"[{""target"":""demand"",""magnitude"":0.08461797673927157,""start_week"":16,""duration_weeks"":5,""recovery_weeks"":4},{""target"":""demand"",""magnitude"":0.1946952105987642,""start_week"":32,""duration_weeks"":3,""recovery_weeks"":2},{""target"":""demand"",""magnitude"":0.1282851714348887,""start_week"":38,""duration_weeks"":3,""recovery_weeks"":2}]"
A,2026,994,Supplier-cluster shock,False,,False,Non-failure,Unclassified,Unclassified,6,0.8475157891899047,176.65870773101358,True,True,True,True,False,"[{""target"":""demand"",""magnitude"":0.1799190206896878,""start_week"":5,""duration_weeks"":1,""recovery_weeks"":3},{""target"":""S1A"",""magnitude"":0.5858841191465014,""start_week"":7,""duration_weeks"":1,""recovery_weeks"":3},{""target"":""S1B"",""magnitude"":0.16938571794859583,""start_week"":15,""duration_weeks"":1,""recovery_weeks"":4},{""target"":""S1A"",""magnitude"":0.4126844091527593,""start_week"":25,""duration_weeks"":2,""recovery_weeks"":2},{""target"":""T2P"",""magnitude"":0.2805389050315894,""start_week"":27,""duration_weeks"":1,""recovery_weeks"":1},{""target"":""corridor"",""magnitude"":0.23584351807447357,""start_week"":45,""duration_weeks"":1,""recovery_weeks"":3}]"
A,2026,995,Supplier-cluster shock,False,,False,Non-failure,Unclassified,Unclassified,5,0.8871422886594077,209.22825372152738,False,True,True,True,True,"[{""target"":""S1B"",""magnitude"":0.35267379958027845,""start_week"":12,""duration_weeks"":5,""recovery_weeks"":2},{""target"":""S1A"",""magnitude"":0.46970525065624014,""start_week"":17,""duration_weeks"":1,""recovery_weeks"":2},{""target"":""S1B"",""magnitude"":0.28468379681242695,""start_week"":25,""duration_weeks"":5,""recovery_weeks"":3},{""target"":""S1C"",""magnitude"":0.3631272168893155,""start_week"":46,""duration_weeks"":1,""recovery_weeks"":4},{""target"":""corridor"",""magnitude"":0.29221886896187,""start_week"":48,""duration_weeks"":5,""recovery_weeks"":2}]"
A,2026,996,Supplier-cluster shock,False,,False,Non-failure,Unclassified,Unclassified,2,0.9597320814413557,84.5626289731531,False,False,True,True,False,"[{""target"":""S1A"",""magnitude"":0.34060281675694964,""start_week"":16,""duration_weeks"":2,""recovery_weeks"":3},{""target"":""S1B"",""magnitude"":0.26981155830633125,""start_week"":41,""duration_weeks"":1,""recovery_weeks"":4}]"
A,2026,997,Supplier-cluster shock,False,,False,Non-failure,Unclassified,Unclassified,5,0.925495243063606,107.45889110946962,False,False,True,True,True,"[{""target"":""S1C"",""magnitude"":0.2036322238285615,""start_week"":25,""duration_weeks"":1,""recovery_weeks"":1},{""target"":""S1A"",""magnitude"":0.2996560642550693,""start_week"":30,""duration_weeks"":4,""recovery_weeks"":2},{""target"":""S1B"",""magnitude"":0.31982214537281806,""start_week"":37,""duration_weeks"":3,""recovery_weeks"":3},{""target"":""S1A"",""magnitude"":0.253807430653721,""start_week"":41,""duration_weeks"":4,""recovery_weeks"":1},{""target"":""S1B"",""magnitude"":0.41382827245316567,""start_week"":44,""duration_weeks"":1,""recovery_weeks"":3}]"
A,2026,998,Supplier-cluster shock,False,,False,Non-failure,Unclassified,Unclassified,1,1.0,0.0,False,True,False,False,False,"[{""target"":""corridor"",""magnitude"":0.1893844310725599,""start_week"":39,""duration_weeks"":2,""recovery_weeks"":4}]"
A,2026,999,Supplier-cluster shock,False,,False,Non-failure,Unclassified,Unclassified,1,1.0,0.0,False,False,True,False,False,"[{""target"":""S1A"",""magnitude"":0.24416513411856722,""start_week"":23,""duration_weeks"":1,""recovery_weeks"":3}]"
A,2026,1000,Supplier-cluster shock,True,True,False,Structural,Concentrated dependency; Hidden convergent dependency; Propagation-amplified cascade,Hidden convergent dependency,4,0.8011001401883032,260.32290808378707,True,False,True,True,False,"[{""target"":""T2P"",""magnitude"":0.33461173797320615,""start_week"":1,""duration_weeks"":2,""recovery_weeks"":3},{""target"":""S1A"",""magnitude"":0.5337369684380672,""start_week"":17,""duration_weeks"":5,""recovery_weeks"":2},{""target"":""S1B"",""magnitude"":0.30595182568178125,""start_week"":25,""duration_weeks"":2,""recovery_weeks"":2},{""target"":""S1A"",""magnitude"":0.6415728588945365,""start_week"":26,""duration_weeks"":1,""recovery_weeks"":2}]"
