request_id,method,candidate_id,threshold,purpose,active,direct_impact,event_indices,event_specification,cache_hit,elapsed_seconds,topology
1,FST-original,FST-01,all,candidate_passive,False,False,,"[{""target"":""S1A"",""magnitude"":0.3,""start_week"":12,""duration_weeks"":2,""recovery_weeks"":3}]",False,0.006658900005277246,A
2,FST-original,FST-02,all,candidate_passive,False,False,,"[{""target"":""S1A"",""magnitude"":0.3,""start_week"":12,""duration_weeks"":4,""recovery_weeks"":3}]",False,0.005771600001025945,A
3,FST-original,FST-03,all,candidate_passive,False,False,,"[{""target"":""S1A"",""magnitude"":0.3,""start_week"":12,""duration_weeks"":6,""recovery_weeks"":3}]",False,0.005164300033356994,A
4,FST-original,FST-04,all,candidate_passive,False,False,,"[{""target"":""S1A"",""magnitude"":0.5,""start_week"":12,""duration_weeks"":2,""recovery_weeks"":3}]",False,0.005235699994955212,A
5,FST-original,FST-04,all,candidate_active,True,False,,"[{""target"":""S1A"",""magnitude"":0.5,""start_week"":12,""duration_weeks"":2,""recovery_weeks"":3}]",False,0.00569229997927323,A
6,FST-original,FST-04,moderate,singleton,False,False,0,"[{""target"":""S1A"",""magnitude"":0.5,""start_week"":12,""duration_weeks"":2,""recovery_weeks"":3}]",True,0.0,A
7,FST-original,FST-05,all,candidate_passive,False,False,,"[{""target"":""S1A"",""magnitude"":0.5,""start_week"":12,""duration_weeks"":4,""recovery_weeks"":3}]",False,0.006225000019185245,A
8,FST-original,FST-05,all,candidate_active,True,False,,"[{""target"":""S1A"",""magnitude"":0.5,""start_week"":12,""duration_weeks"":4,""recovery_weeks"":3}]",False,0.005002700025215745,A
9,FST-original,FST-05,moderate,singleton,False,False,0,"[{""target"":""S1A"",""magnitude"":0.5,""start_week"":12,""duration_weeks"":4,""recovery_weeks"":3}]",True,0.0,A
10,FST-original,FST-06,all,candidate_passive,False,False,,"[{""target"":""S1A"",""magnitude"":0.5,""start_week"":12,""duration_weeks"":6,""recovery_weeks"":3}]",False,0.005061600008048117,A
11,FST-original,FST-06,all,candidate_active,True,False,,"[{""target"":""S1A"",""magnitude"":0.5,""start_week"":12,""duration_weeks"":6,""recovery_weeks"":3}]",False,0.006177599949296564,A
12,FST-original,FST-06,moderate,singleton,False,False,0,"[{""target"":""S1A"",""magnitude"":0.5,""start_week"":12,""duration_weeks"":6,""recovery_weeks"":3}]",True,0.0,A
13,FST-original,FST-07,all,candidate_passive,False,False,,"[{""target"":""S1A"",""magnitude"":0.7,""start_week"":12,""duration_weeks"":2,""recovery_weeks"":3}]",False,0.004739900003187358,A
14,FST-original,FST-07,all,candidate_active,True,False,,"[{""target"":""S1A"",""magnitude"":0.7,""start_week"":12,""duration_weeks"":2,""recovery_weeks"":3}]",False,0.0035388999967835844,A
15,FST-original,FST-07,moderate,singleton,False,False,0,"[{""target"":""S1A"",""magnitude"":0.7,""start_week"":12,""duration_weeks"":2,""recovery_weeks"":3}]",True,0.0,A
16,FST-original,FST-08,all,candidate_passive,False,False,,"[{""target"":""S1A"",""magnitude"":0.7,""start_week"":12,""duration_weeks"":4,""recovery_weeks"":3}]",False,0.004093899973668158,A
17,FST-original,FST-08,all,candidate_active,True,False,,"[{""target"":""S1A"",""magnitude"":0.7,""start_week"":12,""duration_weeks"":4,""recovery_weeks"":3}]",False,0.0038040000363253057,A
18,FST-original,FST-08,moderate,singleton,False,False,0,"[{""target"":""S1A"",""magnitude"":0.7,""start_week"":12,""duration_weeks"":4,""recovery_weeks"":3}]",True,0.0,A
19,FST-original,FST-09,all,candidate_passive,False,False,,"[{""target"":""S1A"",""magnitude"":0.7,""start_week"":12,""duration_weeks"":6,""recovery_weeks"":3}]",False,0.0071965999668464065,A
20,FST-original,FST-09,all,candidate_active,True,False,,"[{""target"":""S1A"",""magnitude"":0.7,""start_week"":12,""duration_weeks"":6,""recovery_weeks"":3}]",False,0.004886200011242181,A
21,FST-original,FST-09,moderate,singleton,False,False,0,"[{""target"":""S1A"",""magnitude"":0.7,""start_week"":12,""duration_weeks"":6,""recovery_weeks"":3}]",True,0.0,A
22,FST-original,FST-10,all,candidate_passive,False,False,,"[{""target"":""S1B"",""magnitude"":0.3,""start_week"":12,""duration_weeks"":2,""recovery_weeks"":3}]",False,0.004908699949737638,A
23,FST-original,FST-11,all,candidate_passive,False,False,,"[{""target"":""S1B"",""magnitude"":0.3,""start_week"":12,""duration_weeks"":4,""recovery_weeks"":3}]",False,0.006482400000095367,A
24,FST-original,FST-12,all,candidate_passive,False,False,,"[{""target"":""S1B"",""magnitude"":0.3,""start_week"":12,""duration_weeks"":6,""recovery_weeks"":3}]",False,0.003445299982558936,A
25,FST-original,FST-13,all,candidate_passive,False,False,,"[{""target"":""S1B"",""magnitude"":0.5,""start_week"":12,""duration_weeks"":2,""recovery_weeks"":3}]",False,0.004875799990259111,A
26,FST-original,FST-13,all,candidate_active,True,False,,"[{""target"":""S1B"",""magnitude"":0.5,""start_week"":12,""duration_weeks"":2,""recovery_weeks"":3}]",False,0.01712580001913011,A
27,FST-original,FST-13,moderate,singleton,False,False,0,"[{""target"":""S1B"",""magnitude"":0.5,""start_week"":12,""duration_weeks"":2,""recovery_weeks"":3}]",True,0.0,A
28,FST-original,FST-14,all,candidate_passive,False,False,,"[{""target"":""S1B"",""magnitude"":0.5,""start_week"":12,""duration_weeks"":4,""recovery_weeks"":3}]",False,0.006548899982590228,A
29,FST-original,FST-14,all,candidate_active,True,False,,"[{""target"":""S1B"",""magnitude"":0.5,""start_week"":12,""duration_weeks"":4,""recovery_weeks"":3}]",False,0.005979100009426475,A
30,FST-original,FST-14,moderate,singleton,False,False,0,"[{""target"":""S1B"",""magnitude"":0.5,""start_week"":12,""duration_weeks"":4,""recovery_weeks"":3}]",True,0.0,A
31,FST-original,FST-15,all,candidate_passive,False,False,,"[{""target"":""S1B"",""magnitude"":0.5,""start_week"":12,""duration_weeks"":6,""recovery_weeks"":3}]",False,0.004085000022314489,A
32,FST-original,FST-15,all,candidate_active,True,False,,"[{""target"":""S1B"",""magnitude"":0.5,""start_week"":12,""duration_weeks"":6,""recovery_weeks"":3}]",False,0.005140599969308823,A
33,FST-original,FST-15,moderate,singleton,False,False,0,"[{""target"":""S1B"",""magnitude"":0.5,""start_week"":12,""duration_weeks"":6,""recovery_weeks"":3}]",True,0.0,A
34,FST-original,FST-16,all,candidate_passive,False,False,,"[{""target"":""S1B"",""magnitude"":0.7,""start_week"":12,""duration_weeks"":2,""recovery_weeks"":3}]",False,0.00692060001892969,A
35,FST-original,FST-16,all,candidate_active,True,False,,"[{""target"":""S1B"",""magnitude"":0.7,""start_week"":12,""duration_weeks"":2,""recovery_weeks"":3}]",False,0.006975499971304089,A
36,FST-original,FST-16,moderate,singleton,False,False,0,"[{""target"":""S1B"",""magnitude"":0.7,""start_week"":12,""duration_weeks"":2,""recovery_weeks"":3}]",True,0.0,A
37,FST-original,FST-17,all,candidate_passive,False,False,,"[{""target"":""S1B"",""magnitude"":0.7,""start_week"":12,""duration_weeks"":4,""recovery_weeks"":3}]",False,0.0066918000229634345,A
38,FST-original,FST-17,all,candidate_active,True,False,,"[{""target"":""S1B"",""magnitude"":0.7,""start_week"":12,""duration_weeks"":4,""recovery_weeks"":3}]",False,0.0064067000057548285,A
39,FST-original,FST-17,moderate,singleton,False,False,0,"[{""target"":""S1B"",""magnitude"":0.7,""start_week"":12,""duration_weeks"":4,""recovery_weeks"":3}]",True,0.0,A
40,FST-original,FST-18,all,candidate_passive,False,False,,"[{""target"":""S1B"",""magnitude"":0.7,""start_week"":12,""duration_weeks"":6,""recovery_weeks"":3}]",False,0.006958000012673438,A
41,FST-original,FST-18,all,candidate_active,True,False,,"[{""target"":""S1B"",""magnitude"":0.7,""start_week"":12,""duration_weeks"":6,""recovery_weeks"":3}]",False,0.006203199969604611,A
42,FST-original,FST-18,moderate,singleton,False,False,0,"[{""target"":""S1B"",""magnitude"":0.7,""start_week"":12,""duration_weeks"":6,""recovery_weeks"":3}]",True,0.0,A
43,FST-original,FST-19,all,candidate_passive,False,False,,"[{""target"":""S1C"",""magnitude"":0.3,""start_week"":12,""duration_weeks"":2,""recovery_weeks"":3}]",False,0.006574300001375377,A
44,FST-original,FST-20,all,candidate_passive,False,False,,"[{""target"":""S1C"",""magnitude"":0.3,""start_week"":12,""duration_weeks"":4,""recovery_weeks"":3}]",False,0.007333999965339899,A
45,FST-original,FST-21,all,candidate_passive,False,False,,"[{""target"":""S1C"",""magnitude"":0.3,""start_week"":12,""duration_weeks"":6,""recovery_weeks"":3}]",False,0.008585400006268173,A
46,FST-original,FST-22,all,candidate_passive,False,False,,"[{""target"":""S1C"",""magnitude"":0.5,""start_week"":12,""duration_weeks"":2,""recovery_weeks"":3}]",False,0.006398300000000745,A
47,FST-original,FST-22,all,candidate_active,True,False,,"[{""target"":""S1C"",""magnitude"":0.5,""start_week"":12,""duration_weeks"":2,""recovery_weeks"":3}]",False,0.0069355000159703195,A
48,FST-original,FST-22,moderate,singleton,False,False,0,"[{""target"":""S1C"",""magnitude"":0.5,""start_week"":12,""duration_weeks"":2,""recovery_weeks"":3}]",True,0.0,A
49,FST-original,FST-23,all,candidate_passive,False,False,,"[{""target"":""S1C"",""magnitude"":0.5,""start_week"":12,""duration_weeks"":4,""recovery_weeks"":3}]",False,0.00732059997972101,A
50,FST-original,FST-23,all,candidate_active,True,False,,"[{""target"":""S1C"",""magnitude"":0.5,""start_week"":12,""duration_weeks"":4,""recovery_weeks"":3}]",False,0.006179399963002652,A
51,FST-original,FST-23,moderate,singleton,False,False,0,"[{""target"":""S1C"",""magnitude"":0.5,""start_week"":12,""duration_weeks"":4,""recovery_weeks"":3}]",True,0.0,A
52,FST-original,FST-24,all,candidate_passive,False,False,,"[{""target"":""S1C"",""magnitude"":0.5,""start_week"":12,""duration_weeks"":6,""recovery_weeks"":3}]",False,0.0037650999729521573,A
53,FST-original,FST-24,all,candidate_active,True,False,,"[{""target"":""S1C"",""magnitude"":0.5,""start_week"":12,""duration_weeks"":6,""recovery_weeks"":3}]",False,0.00358249997952953,A
54,FST-original,FST-24,moderate,singleton,False,False,0,"[{""target"":""S1C"",""magnitude"":0.5,""start_week"":12,""duration_weeks"":6,""recovery_weeks"":3}]",True,0.0,A
55,FST-original,FST-25,all,candidate_passive,False,False,,"[{""target"":""S1C"",""magnitude"":0.7,""start_week"":12,""duration_weeks"":2,""recovery_weeks"":3}]",False,0.0034146999823860824,A
56,FST-original,FST-25,all,candidate_active,True,False,,"[{""target"":""S1C"",""magnitude"":0.7,""start_week"":12,""duration_weeks"":2,""recovery_weeks"":3}]",False,0.004340899991802871,A
57,FST-original,FST-25,moderate,singleton,False,False,0,"[{""target"":""S1C"",""magnitude"":0.7,""start_week"":12,""duration_weeks"":2,""recovery_weeks"":3}]",True,0.0,A
58,FST-original,FST-26,all,candidate_passive,False,False,,"[{""target"":""S1C"",""magnitude"":0.7,""start_week"":12,""duration_weeks"":4,""recovery_weeks"":3}]",False,0.006563099974300712,A
59,FST-original,FST-26,all,candidate_active,True,False,,"[{""target"":""S1C"",""magnitude"":0.7,""start_week"":12,""duration_weeks"":4,""recovery_weeks"":3}]",False,0.006362999964039773,A
60,FST-original,FST-26,moderate,singleton,False,False,0,"[{""target"":""S1C"",""magnitude"":0.7,""start_week"":12,""duration_weeks"":4,""recovery_weeks"":3}]",True,0.0,A
61,FST-original,FST-27,all,candidate_passive,False,False,,"[{""target"":""S1C"",""magnitude"":0.7,""start_week"":12,""duration_weeks"":6,""recovery_weeks"":3}]",False,0.0064971999963745475,A
62,FST-original,FST-27,all,candidate_active,True,False,,"[{""target"":""S1C"",""magnitude"":0.7,""start_week"":12,""duration_weeks"":6,""recovery_weeks"":3}]",False,0.006629600015003234,A
63,FST-original,FST-27,moderate,singleton,False,False,0,"[{""target"":""S1C"",""magnitude"":0.7,""start_week"":12,""duration_weeks"":6,""recovery_weeks"":3}]",True,0.0,A
64,FST-original,FST-28,all,candidate_passive,False,False,,"[{""target"":""T2P"",""magnitude"":0.2,""start_week"":12,""duration_weeks"":3,""recovery_weeks"":3}]",False,0.006411799986381084,A
65,FST-original,FST-29,all,candidate_passive,False,False,,"[{""target"":""T2P"",""magnitude"":0.2,""start_week"":12,""duration_weeks"":6,""recovery_weeks"":3}]",False,0.00684489996638149,A
66,FST-original,FST-30,all,candidate_passive,False,False,,"[{""target"":""T2P"",""magnitude"":0.35,""start_week"":12,""duration_weeks"":3,""recovery_weeks"":3}]",False,0.006096000026445836,A
67,FST-original,FST-30,all,candidate_active,True,False,,"[{""target"":""T2P"",""magnitude"":0.35,""start_week"":12,""duration_weeks"":3,""recovery_weeks"":3}]",False,0.006284800008870661,A
68,FST-original,FST-30,moderate,singleton,False,False,0,"[{""target"":""T2P"",""magnitude"":0.35,""start_week"":12,""duration_weeks"":3,""recovery_weeks"":3}]",True,0.0,A
69,FST-original,FST-30,moderate,upstream_node_deletion,False,False,,[],False,0.005545000021811575,A
70,FST-original,FST-30,moderate,direct_impact,False,True,0,"[{""target"":""T2P"",""magnitude"":0.35,""start_week"":12,""duration_weeks"":3,""recovery_weeks"":3}]",False,0.0037459000013768673,A
71,FST-original,FST-31,all,candidate_passive,False,False,,"[{""target"":""T2P"",""magnitude"":0.35,""start_week"":12,""duration_weeks"":6,""recovery_weeks"":3}]",False,0.003290100023150444,A
72,FST-original,FST-31,all,candidate_active,True,False,,"[{""target"":""T2P"",""magnitude"":0.35,""start_week"":12,""duration_weeks"":6,""recovery_weeks"":3}]",False,0.0034209000295959413,A
73,FST-original,FST-31,moderate,singleton,False,False,0,"[{""target"":""T2P"",""magnitude"":0.35,""start_week"":12,""duration_weeks"":6,""recovery_weeks"":3}]",True,0.0,A
74,FST-original,FST-31,moderate,upstream_node_deletion,False,False,,[],True,0.0,A
75,FST-original,FST-31,moderate,direct_impact,False,True,0,"[{""target"":""T2P"",""magnitude"":0.35,""start_week"":12,""duration_weeks"":6,""recovery_weeks"":3}]",False,0.003614199988078326,A
76,FST-original,FST-31,severe,singleton,False,False,0,"[{""target"":""T2P"",""magnitude"":0.35,""start_week"":12,""duration_weeks"":6,""recovery_weeks"":3}]",True,0.0,A
77,FST-original,FST-31,severe,upstream_node_deletion,False,False,,[],True,0.0,A
78,FST-original,FST-31,severe,direct_impact,False,True,0,"[{""target"":""T2P"",""magnitude"":0.35,""start_week"":12,""duration_weeks"":6,""recovery_weeks"":3}]",True,0.0,A
79,FST-original,FST-32,all,candidate_passive,False,False,,"[{""target"":""T2P"",""magnitude"":0.5,""start_week"":12,""duration_weeks"":3,""recovery_weeks"":3}]",False,0.003297799965366721,A
80,FST-original,FST-32,all,candidate_active,True,False,,"[{""target"":""T2P"",""magnitude"":0.5,""start_week"":12,""duration_weeks"":3,""recovery_weeks"":3}]",False,0.0032887000124901533,A
81,FST-original,FST-32,moderate,singleton,False,False,0,"[{""target"":""T2P"",""magnitude"":0.5,""start_week"":12,""duration_weeks"":3,""recovery_weeks"":3}]",True,0.0,A
82,FST-original,FST-32,moderate,upstream_node_deletion,False,False,,[],True,0.0,A
83,FST-original,FST-32,moderate,direct_impact,False,True,0,"[{""target"":""T2P"",""magnitude"":0.5,""start_week"":12,""duration_weeks"":3,""recovery_weeks"":3}]",False,0.006676900025922805,A
84,FST-original,FST-32,severe,singleton,False,False,0,"[{""target"":""T2P"",""magnitude"":0.5,""start_week"":12,""duration_weeks"":3,""recovery_weeks"":3}]",True,0.0,A
85,FST-original,FST-32,severe,upstream_node_deletion,False,False,,[],True,0.0,A
86,FST-original,FST-32,severe,direct_impact,False,True,0,"[{""target"":""T2P"",""magnitude"":0.5,""start_week"":12,""duration_weeks"":3,""recovery_weeks"":3}]",True,0.0,A
87,FST-original,FST-33,all,candidate_passive,False,False,,"[{""target"":""T2P"",""magnitude"":0.5,""start_week"":12,""duration_weeks"":6,""recovery_weeks"":3}]",False,0.006542299990542233,A
88,FST-original,FST-33,all,candidate_active,True,False,,"[{""target"":""T2P"",""magnitude"":0.5,""start_week"":12,""duration_weeks"":6,""recovery_weeks"":3}]",False,0.006471699976827949,A
89,FST-original,FST-33,moderate,singleton,False,False,0,"[{""target"":""T2P"",""magnitude"":0.5,""start_week"":12,""duration_weeks"":6,""recovery_weeks"":3}]",True,0.0,A
90,FST-original,FST-33,moderate,upstream_node_deletion,False,False,,[],True,0.0,A
91,FST-original,FST-33,moderate,direct_impact,False,True,0,"[{""target"":""T2P"",""magnitude"":0.5,""start_week"":12,""duration_weeks"":6,""recovery_weeks"":3}]",False,0.006681700004264712,A
92,FST-original,FST-33,severe,singleton,False,False,0,"[{""target"":""T2P"",""magnitude"":0.5,""start_week"":12,""duration_weeks"":6,""recovery_weeks"":3}]",True,0.0,A
93,FST-original,FST-33,severe,upstream_node_deletion,False,False,,[],True,0.0,A
94,FST-original,FST-33,severe,direct_impact,False,True,0,"[{""target"":""T2P"",""magnitude"":0.5,""start_week"":12,""duration_weeks"":6,""recovery_weeks"":3}]",True,0.0,A
95,FST-original,FST-34,all,candidate_passive,False,False,,"[{""target"":""T2P"",""magnitude"":0.65,""start_week"":12,""duration_weeks"":3,""recovery_weeks"":3}]",False,0.006461600016336888,A
96,FST-original,FST-34,all,candidate_active,True,False,,"[{""target"":""T2P"",""magnitude"":0.65,""start_week"":12,""duration_weeks"":3,""recovery_weeks"":3}]",False,0.006530499958898872,A
97,FST-original,FST-34,moderate,singleton,False,False,0,"[{""target"":""T2P"",""magnitude"":0.65,""start_week"":12,""duration_weeks"":3,""recovery_weeks"":3}]",True,0.0,A
98,FST-original,FST-34,moderate,upstream_node_deletion,False,False,,[],True,0.0,A
99,FST-original,FST-34,moderate,direct_impact,False,True,0,"[{""target"":""T2P"",""magnitude"":0.65,""start_week"":12,""duration_weeks"":3,""recovery_weeks"":3}]",False,0.00656499998876825,A
100,FST-original,FST-34,severe,singleton,False,False,0,"[{""target"":""T2P"",""magnitude"":0.65,""start_week"":12,""duration_weeks"":3,""recovery_weeks"":3}]",True,0.0,A
101,FST-original,FST-34,severe,upstream_node_deletion,False,False,,[],True,0.0,A
102,FST-original,FST-34,severe,direct_impact,False,True,0,"[{""target"":""T2P"",""magnitude"":0.65,""start_week"":12,""duration_weeks"":3,""recovery_weeks"":3}]",True,0.0,A
103,FST-original,FST-35,all,candidate_passive,False,False,,"[{""target"":""T2P"",""magnitude"":0.65,""start_week"":12,""duration_weeks"":6,""recovery_weeks"":3}]",False,0.005912399967201054,A
104,FST-original,FST-35,all,candidate_active,True,False,,"[{""target"":""T2P"",""magnitude"":0.65,""start_week"":12,""duration_weeks"":6,""recovery_weeks"":3}]",False,0.00373220001347363,A
105,FST-original,FST-35,moderate,singleton,False,False,0,"[{""target"":""T2P"",""magnitude"":0.65,""start_week"":12,""duration_weeks"":6,""recovery_weeks"":3}]",True,0.0,A
106,FST-original,FST-35,moderate,upstream_node_deletion,False,False,,[],True,0.0,A
107,FST-original,FST-35,moderate,direct_impact,False,True,0,"[{""target"":""T2P"",""magnitude"":0.65,""start_week"":12,""duration_weeks"":6,""recovery_weeks"":3}]",False,0.003966099990066141,A
108,FST-original,FST-35,severe,singleton,False,False,0,"[{""target"":""T2P"",""magnitude"":0.65,""start_week"":12,""duration_weeks"":6,""recovery_weeks"":3}]",True,0.0,A
109,FST-original,FST-35,severe,upstream_node_deletion,False,False,,[],True,0.0,A
110,FST-original,FST-35,severe,direct_impact,False,True,0,"[{""target"":""T2P"",""magnitude"":0.65,""start_week"":12,""duration_weeks"":6,""recovery_weeks"":3}]",True,0.0,A
111,FST-original,FST-36,all,candidate_passive,False,False,,"[{""target"":""corridor"",""magnitude"":0.3,""start_week"":12,""duration_weeks"":2,""recovery_weeks"":3}]",False,0.006937100028153509,A
112,FST-original,FST-37,all,candidate_passive,False,False,,"[{""target"":""corridor"",""magnitude"":0.3,""start_week"":12,""duration_weeks"":4,""recovery_weeks"":3}]",False,0.004089699999894947,A
113,FST-original,FST-38,all,candidate_passive,False,False,,"[{""target"":""corridor"",""magnitude"":0.5,""start_week"":12,""duration_weeks"":2,""recovery_weeks"":3}]",False,0.003658900037407875,A
114,FST-original,FST-38,all,candidate_active,True,False,,"[{""target"":""corridor"",""magnitude"":0.5,""start_week"":12,""duration_weeks"":2,""recovery_weeks"":3}]",False,0.00326550001045689,A
115,FST-original,FST-38,moderate,singleton,False,False,0,"[{""target"":""corridor"",""magnitude"":0.5,""start_week"":12,""duration_weeks"":2,""recovery_weeks"":3}]",True,0.0,A
116,FST-original,FST-38,severe,singleton,False,False,0,"[{""target"":""corridor"",""magnitude"":0.5,""start_week"":12,""duration_weeks"":2,""recovery_weeks"":3}]",True,0.0,A
117,FST-original,FST-39,all,candidate_passive,False,False,,"[{""target"":""corridor"",""magnitude"":0.5,""start_week"":12,""duration_weeks"":4,""recovery_weeks"":3}]",False,0.0037736999802291393,A
118,FST-original,FST-39,all,candidate_active,True,False,,"[{""target"":""corridor"",""magnitude"":0.5,""start_week"":12,""duration_weeks"":4,""recovery_weeks"":3}]",False,0.0038813999854028225,A
119,FST-original,FST-39,moderate,singleton,False,False,0,"[{""target"":""corridor"",""magnitude"":0.5,""start_week"":12,""duration_weeks"":4,""recovery_weeks"":3}]",True,0.0,A
120,FST-original,FST-39,severe,singleton,False,False,0,"[{""target"":""corridor"",""magnitude"":0.5,""start_week"":12,""duration_weeks"":4,""recovery_weeks"":3}]",True,0.0,A
121,FST-original,FST-40,all,candidate_passive,False,False,,"[{""target"":""corridor"",""magnitude"":0.7,""start_week"":12,""duration_weeks"":2,""recovery_weeks"":3}]",False,0.005703600007109344,A
122,FST-original,FST-40,all,candidate_active,True,False,,"[{""target"":""corridor"",""magnitude"":0.7,""start_week"":12,""duration_weeks"":2,""recovery_weeks"":3}]",False,0.0066686999634839594,A
123,FST-original,FST-40,moderate,singleton,False,False,0,"[{""target"":""corridor"",""magnitude"":0.7,""start_week"":12,""duration_weeks"":2,""recovery_weeks"":3}]",True,0.0,A
124,FST-original,FST-40,severe,singleton,False,False,0,"[{""target"":""corridor"",""magnitude"":0.7,""start_week"":12,""duration_weeks"":2,""recovery_weeks"":3}]",True,0.0,A
125,FST-original,FST-41,all,candidate_passive,False,False,,"[{""target"":""corridor"",""magnitude"":0.7,""start_week"":12,""duration_weeks"":4,""recovery_weeks"":3}]",False,0.006401799968443811,A
126,FST-original,FST-41,all,candidate_active,True,False,,"[{""target"":""corridor"",""magnitude"":0.7,""start_week"":12,""duration_weeks"":4,""recovery_weeks"":3}]",False,0.006493899971246719,A
127,FST-original,FST-41,moderate,singleton,False,False,0,"[{""target"":""corridor"",""magnitude"":0.7,""start_week"":12,""duration_weeks"":4,""recovery_weeks"":3}]",True,0.0,A
128,FST-original,FST-41,severe,singleton,False,False,0,"[{""target"":""corridor"",""magnitude"":0.7,""start_week"":12,""duration_weeks"":4,""recovery_weeks"":3}]",True,0.0,A
129,FST-original,FST-42,all,candidate_passive,False,False,,"[{""target"":""demand"",""magnitude"":0.1,""start_week"":12,""duration_weeks"":3,""recovery_weeks"":2}]",False,0.0032961999531835318,A
130,FST-original,FST-43,all,candidate_passive,False,False,,"[{""target"":""demand"",""magnitude"":0.2,""start_week"":12,""duration_weeks"":3,""recovery_weeks"":2}]",False,0.005267600005026907,A
131,FST-original,FST-44,all,candidate_passive,False,False,,"[{""target"":""demand"",""magnitude"":0.3,""start_week"":12,""duration_weeks"":3,""recovery_weeks"":2}]",False,0.0028688000165857375,A
132,FST-original,FST-45,all,candidate_passive,False,False,,"[{""target"":""demand"",""magnitude"":0.4,""start_week"":12,""duration_weeks"":3,""recovery_weeks"":2}]",False,0.003291299974080175,A
133,FST-original,FST-46,all,candidate_passive,False,False,,"[{""target"":""T2P"",""magnitude"":0.3,""start_week"":12,""duration_weeks"":3,""recovery_weeks"":3},{""target"":""corridor"",""magnitude"":0.3,""start_week"":12,""duration_weeks"":3,""recovery_weeks"":3}]",False,0.007499500003177673,A
134,FST-original,FST-46,all,candidate_active,True,False,,"[{""target"":""T2P"",""magnitude"":0.3,""start_week"":12,""duration_weeks"":3,""recovery_weeks"":3},{""target"":""corridor"",""magnitude"":0.3,""start_week"":12,""duration_weeks"":3,""recovery_weeks"":3}]",False,0.007484600006137043,A
135,FST-original,FST-46,moderate,singleton,False,False,0,"[{""target"":""T2P"",""magnitude"":0.3,""start_week"":12,""duration_weeks"":3,""recovery_weeks"":3}]",False,0.0035262000164948404,A
136,FST-original,FST-46,moderate,singleton,False,False,1,"[{""target"":""corridor"",""magnitude"":0.3,""start_week"":12,""duration_weeks"":3,""recovery_weeks"":3}]",False,0.006353000004310161,A
137,FST-original,FST-46,moderate,upstream_node_deletion,False,False,1,"[{""target"":""corridor"",""magnitude"":0.3,""start_week"":12,""duration_weeks"":3,""recovery_weeks"":3}]",True,0.0,A
138,FST-original,FST-46,moderate,direct_impact,False,True,0;1,"[{""target"":""T2P"",""magnitude"":0.3,""start_week"":12,""duration_weeks"":3,""recovery_weeks"":3},{""target"":""corridor"",""magnitude"":0.3,""start_week"":12,""duration_weeks"":3,""recovery_weeks"":3}]",False,0.00578120001591742,A
139,FST-original,FST-47,all,candidate_passive,False,False,,"[{""target"":""T2P"",""magnitude"":0.4,""start_week"":12,""duration_weeks"":3,""recovery_weeks"":3},{""target"":""S1A"",""magnitude"":0.4,""start_week"":12,""duration_weeks"":3,""recovery_weeks"":3}]",False,0.0039888000464998186,A
140,FST-original,FST-47,all,candidate_active,True,False,,"[{""target"":""T2P"",""magnitude"":0.4,""start_week"":12,""duration_weeks"":3,""recovery_weeks"":3},{""target"":""S1A"",""magnitude"":0.4,""start_week"":12,""duration_weeks"":3,""recovery_weeks"":3}]",False,0.007541399972978979,A
141,FST-original,FST-47,moderate,singleton,False,False,0,"[{""target"":""T2P"",""magnitude"":0.4,""start_week"":12,""duration_weeks"":3,""recovery_weeks"":3}]",False,0.006401600025128573,A
142,FST-original,FST-47,moderate,singleton,False,False,1,"[{""target"":""S1A"",""magnitude"":0.4,""start_week"":12,""duration_weeks"":3,""recovery_weeks"":3}]",False,0.006343600049149245,A
143,FST-original,FST-47,moderate,upstream_node_deletion,False,False,1,"[{""target"":""S1A"",""magnitude"":0.4,""start_week"":12,""duration_weeks"":3,""recovery_weeks"":3}]",True,0.0,A
144,FST-original,FST-47,moderate,direct_impact,False,True,0;1,"[{""target"":""T2P"",""magnitude"":0.4,""start_week"":12,""duration_weeks"":3,""recovery_weeks"":3},{""target"":""S1A"",""magnitude"":0.4,""start_week"":12,""duration_weeks"":3,""recovery_weeks"":3}]",False,0.0075736999860964715,A
145,FST-original,FST-48,all,candidate_passive,False,False,,"[{""target"":""T2P"",""magnitude"":0.4,""start_week"":12,""duration_weeks"":3,""recovery_weeks"":3},{""target"":""demand"",""magnitude"":0.2,""start_week"":12,""duration_weeks"":3,""recovery_weeks"":2}]",False,0.005148299969732761,A
146,FST-original,FST-48,all,candidate_active,True,False,,"[{""target"":""T2P"",""magnitude"":0.4,""start_week"":12,""duration_weeks"":3,""recovery_weeks"":3},{""target"":""demand"",""magnitude"":0.2,""start_week"":12,""duration_weeks"":3,""recovery_weeks"":2}]",False,0.004437899973709136,A
147,FST-original,FST-48,moderate,singleton,False,False,0,"[{""target"":""T2P"",""magnitude"":0.4,""start_week"":12,""duration_weeks"":3,""recovery_weeks"":3}]",True,0.0,A
148,FST-original,FST-48,moderate,singleton,False,False,1,"[{""target"":""demand"",""magnitude"":0.2,""start_week"":12,""duration_weeks"":3,""recovery_weeks"":2}]",True,0.0,A
149,FST-original,FST-48,moderate,upstream_node_deletion,False,False,1,"[{""target"":""demand"",""magnitude"":0.2,""start_week"":12,""duration_weeks"":3,""recovery_weeks"":2}]",True,0.0,A
150,FST-original,FST-48,moderate,direct_impact,False,True,0;1,"[{""target"":""T2P"",""magnitude"":0.4,""start_week"":12,""duration_weeks"":3,""recovery_weeks"":3},{""target"":""demand"",""magnitude"":0.2,""start_week"":12,""duration_weeks"":3,""recovery_weeks"":2}]",False,0.0039044999866746366,A
151,FST-original,FST-48,severe,singleton,False,False,0,"[{""target"":""T2P"",""magnitude"":0.4,""start_week"":12,""duration_weeks"":3,""recovery_weeks"":3}]",True,0.0,A
152,FST-original,FST-48,severe,singleton,False,False,1,"[{""target"":""demand"",""magnitude"":0.2,""start_week"":12,""duration_weeks"":3,""recovery_weeks"":2}]",True,0.0,A
153,FST-original,FST-48,severe,upstream_node_deletion,False,False,1,"[{""target"":""demand"",""magnitude"":0.2,""start_week"":12,""duration_weeks"":3,""recovery_weeks"":2}]",True,0.0,A
154,FST-original,FST-48,severe,direct_impact,False,True,0;1,"[{""target"":""T2P"",""magnitude"":0.4,""start_week"":12,""duration_weeks"":3,""recovery_weeks"":3},{""target"":""demand"",""magnitude"":0.2,""start_week"":12,""duration_weeks"":3,""recovery_weeks"":2}]",True,0.0,A
155,FST-original,FST-49,all,candidate_passive,False,False,,"[{""target"":""corridor"",""magnitude"":0.4,""start_week"":12,""duration_weeks"":3,""recovery_weeks"":3},{""target"":""demand"",""magnitude"":0.2,""start_week"":12,""duration_weeks"":3,""recovery_weeks"":2}]",False,0.00684799998998642,A
156,FST-original,FST-49,all,candidate_active,True,False,,"[{""target"":""corridor"",""magnitude"":0.4,""start_week"":12,""duration_weeks"":3,""recovery_weeks"":3},{""target"":""demand"",""magnitude"":0.2,""start_week"":12,""duration_weeks"":3,""recovery_weeks"":2}]",False,0.007717000029515475,A
157,FST-original,FST-49,moderate,singleton,False,False,0,"[{""target"":""corridor"",""magnitude"":0.4,""start_week"":12,""duration_weeks"":3,""recovery_weeks"":3}]",False,0.0037743999855592847,A
158,FST-original,FST-49,moderate,singleton,False,False,1,"[{""target"":""demand"",""magnitude"":0.2,""start_week"":12,""duration_weeks"":3,""recovery_weeks"":2}]",True,0.0,A
159,FST-original,FST-49,severe,singleton,False,False,0,"[{""target"":""corridor"",""magnitude"":0.4,""start_week"":12,""duration_weeks"":3,""recovery_weeks"":3}]",True,0.0,A
160,FST-original,FST-49,severe,singleton,False,False,1,"[{""target"":""demand"",""magnitude"":0.2,""start_week"":12,""duration_weeks"":3,""recovery_weeks"":2}]",True,0.0,A
161,FST-original,FST-50,all,candidate_passive,False,False,,"[{""target"":""S1A"",""magnitude"":0.4,""start_week"":12,""duration_weeks"":3,""recovery_weeks"":3},{""target"":""S1B"",""magnitude"":0.4,""start_week"":12,""duration_weeks"":3,""recovery_weeks"":3}]",False,0.007996800006367266,A
162,FST-original,FST-50,all,candidate_active,True,False,,"[{""target"":""S1A"",""magnitude"":0.4,""start_week"":12,""duration_weeks"":3,""recovery_weeks"":3},{""target"":""S1B"",""magnitude"":0.4,""start_week"":12,""duration_weeks"":3,""recovery_weeks"":3}]",False,0.007971400045789778,A
163,FST-original,FST-50,moderate,singleton,False,False,0,"[{""target"":""S1A"",""magnitude"":0.4,""start_week"":12,""duration_weeks"":3,""recovery_weeks"":3}]",True,0.0,A
164,FST-original,FST-50,moderate,singleton,False,False,1,"[{""target"":""S1B"",""magnitude"":0.4,""start_week"":12,""duration_weeks"":3,""recovery_weeks"":3}]",False,0.00713240000186488,A
1,MI-FST,FST-MI-01,all,candidate_passive,False,False,,"[{""target"":""S1A"",""magnitude"":0.5,""start_week"":12,""duration_weeks"":4,""recovery_weeks"":3}]",False,0.004442499950528145,A
2,MI-FST,FST-MI-01,all,candidate_active,True,False,,"[{""target"":""S1A"",""magnitude"":0.5,""start_week"":12,""duration_weeks"":4,""recovery_weeks"":3}]",False,0.003958399989642203,A
3,MI-FST,FST-MI-01,moderate,singleton,False,False,0,"[{""target"":""S1A"",""magnitude"":0.5,""start_week"":12,""duration_weeks"":4,""recovery_weeks"":3}]",True,0.0,A
4,MI-FST,FST-MI-02,all,candidate_passive,False,False,,"[{""target"":""S1A"",""magnitude"":0.7,""start_week"":12,""duration_weeks"":4,""recovery_weeks"":3}]",False,0.004033700039144605,A
5,MI-FST,FST-MI-02,all,candidate_active,True,False,,"[{""target"":""S1A"",""magnitude"":0.7,""start_week"":12,""duration_weeks"":4,""recovery_weeks"":3}]",False,0.003713899990543723,A
6,MI-FST,FST-MI-02,moderate,singleton,False,False,0,"[{""target"":""S1A"",""magnitude"":0.7,""start_week"":12,""duration_weeks"":4,""recovery_weeks"":3}]",True,0.0,A
7,MI-FST,FST-MI-03,all,candidate_passive,False,False,,"[{""target"":""S1B"",""magnitude"":0.5,""start_week"":12,""duration_weeks"":4,""recovery_weeks"":3}]",False,0.003631100000347942,A
8,MI-FST,FST-MI-03,all,candidate_active,True,False,,"[{""target"":""S1B"",""magnitude"":0.5,""start_week"":12,""duration_weeks"":4,""recovery_weeks"":3}]",False,0.003962200018577278,A
9,MI-FST,FST-MI-03,moderate,singleton,False,False,0,"[{""target"":""S1B"",""magnitude"":0.5,""start_week"":12,""duration_weeks"":4,""recovery_weeks"":3}]",True,0.0,A
10,MI-FST,FST-MI-04,all,candidate_passive,False,False,,"[{""target"":""S1B"",""magnitude"":0.7,""start_week"":12,""duration_weeks"":4,""recovery_weeks"":3}]",False,0.003569299995433539,A
11,MI-FST,FST-MI-04,all,candidate_active,True,False,,"[{""target"":""S1B"",""magnitude"":0.7,""start_week"":12,""duration_weeks"":4,""recovery_weeks"":3}]",False,0.003549100016243756,A
12,MI-FST,FST-MI-04,moderate,singleton,False,False,0,"[{""target"":""S1B"",""magnitude"":0.7,""start_week"":12,""duration_weeks"":4,""recovery_weeks"":3}]",True,0.0,A
13,MI-FST,FST-MI-05,all,candidate_passive,False,False,,"[{""target"":""S1C"",""magnitude"":0.5,""start_week"":12,""duration_weeks"":4,""recovery_weeks"":3}]",False,0.0037155000027269125,A
14,MI-FST,FST-MI-05,all,candidate_active,True,False,,"[{""target"":""S1C"",""magnitude"":0.5,""start_week"":12,""duration_weeks"":4,""recovery_weeks"":3}]",False,0.0034624999971129,A
15,MI-FST,FST-MI-05,moderate,singleton,False,False,0,"[{""target"":""S1C"",""magnitude"":0.5,""start_week"":12,""duration_weeks"":4,""recovery_weeks"":3}]",True,0.0,A
16,MI-FST,FST-MI-06,all,candidate_passive,False,False,,"[{""target"":""S1C"",""magnitude"":0.7,""start_week"":12,""duration_weeks"":4,""recovery_weeks"":3}]",False,0.003430799988564104,A
17,MI-FST,FST-MI-06,all,candidate_active,True,False,,"[{""target"":""S1C"",""magnitude"":0.7,""start_week"":12,""duration_weeks"":4,""recovery_weeks"":3}]",False,0.006336999998893589,A
18,MI-FST,FST-MI-06,moderate,singleton,False,False,0,"[{""target"":""S1C"",""magnitude"":0.7,""start_week"":12,""duration_weeks"":4,""recovery_weeks"":3}]",True,0.0,A
19,MI-FST,FST-MI-07,all,candidate_passive,False,False,,"[{""target"":""T2P"",""magnitude"":0.2,""start_week"":12,""duration_weeks"":3,""recovery_weeks"":3}]",False,0.0071202999679371715,A
20,MI-FST,FST-MI-08,all,candidate_passive,False,False,,"[{""target"":""T2P"",""magnitude"":0.2,""start_week"":12,""duration_weeks"":6,""recovery_weeks"":3}]",False,0.006376000004820526,A
21,MI-FST,FST-MI-09,all,candidate_passive,False,False,,"[{""target"":""T2P"",""magnitude"":0.35,""start_week"":12,""duration_weeks"":3,""recovery_weeks"":3}]",False,0.006114299991168082,A
22,MI-FST,FST-MI-09,all,candidate_active,True,False,,"[{""target"":""T2P"",""magnitude"":0.35,""start_week"":12,""duration_weeks"":3,""recovery_weeks"":3}]",False,0.005969000048935413,A
23,MI-FST,FST-MI-09,moderate,singleton,False,False,0,"[{""target"":""T2P"",""magnitude"":0.35,""start_week"":12,""duration_weeks"":3,""recovery_weeks"":3}]",True,0.0,A
24,MI-FST,FST-MI-09,moderate,upstream_node_deletion,False,False,,[],False,0.005330100015271455,A
25,MI-FST,FST-MI-09,moderate,direct_impact,False,True,0,"[{""target"":""T2P"",""magnitude"":0.35,""start_week"":12,""duration_weeks"":3,""recovery_weeks"":3}]",False,0.006657399993855506,A
26,MI-FST,FST-MI-10,all,candidate_passive,False,False,,"[{""target"":""T2P"",""magnitude"":0.35,""start_week"":12,""duration_weeks"":6,""recovery_weeks"":3}]",False,0.00565830001141876,A
27,MI-FST,FST-MI-10,all,candidate_active,True,False,,"[{""target"":""T2P"",""magnitude"":0.35,""start_week"":12,""duration_weeks"":6,""recovery_weeks"":3}]",False,0.0064150000107474625,A
28,MI-FST,FST-MI-10,moderate,singleton,False,False,0,"[{""target"":""T2P"",""magnitude"":0.35,""start_week"":12,""duration_weeks"":6,""recovery_weeks"":3}]",True,0.0,A
29,MI-FST,FST-MI-10,moderate,upstream_node_deletion,False,False,,[],True,0.0,A
30,MI-FST,FST-MI-10,moderate,direct_impact,False,True,0,"[{""target"":""T2P"",""magnitude"":0.35,""start_week"":12,""duration_weeks"":6,""recovery_weeks"":3}]",False,0.006515100016258657,A
31,MI-FST,FST-MI-10,severe,singleton,False,False,0,"[{""target"":""T2P"",""magnitude"":0.35,""start_week"":12,""duration_weeks"":6,""recovery_weeks"":3}]",True,0.0,A
32,MI-FST,FST-MI-10,severe,upstream_node_deletion,False,False,,[],True,0.0,A
33,MI-FST,FST-MI-10,severe,direct_impact,False,True,0,"[{""target"":""T2P"",""magnitude"":0.35,""start_week"":12,""duration_weeks"":6,""recovery_weeks"":3}]",True,0.0,A
34,MI-FST,FST-MI-11,all,candidate_passive,False,False,,"[{""target"":""T2P"",""magnitude"":0.5,""start_week"":12,""duration_weeks"":3,""recovery_weeks"":3}]",False,0.006744100013747811,A
35,MI-FST,FST-MI-11,all,candidate_active,True,False,,"[{""target"":""T2P"",""magnitude"":0.5,""start_week"":12,""duration_weeks"":3,""recovery_weeks"":3}]",False,0.0060069000464864075,A
36,MI-FST,FST-MI-11,moderate,singleton,False,False,0,"[{""target"":""T2P"",""magnitude"":0.5,""start_week"":12,""duration_weeks"":3,""recovery_weeks"":3}]",True,0.0,A
37,MI-FST,FST-MI-11,moderate,upstream_node_deletion,False,False,,[],True,0.0,A
38,MI-FST,FST-MI-11,moderate,direct_impact,False,True,0,"[{""target"":""T2P"",""magnitude"":0.5,""start_week"":12,""duration_weeks"":3,""recovery_weeks"":3}]",False,0.007085699995514005,A
39,MI-FST,FST-MI-11,severe,singleton,False,False,0,"[{""target"":""T2P"",""magnitude"":0.5,""start_week"":12,""duration_weeks"":3,""recovery_weeks"":3}]",True,0.0,A
40,MI-FST,FST-MI-11,severe,upstream_node_deletion,False,False,,[],True,0.0,A
41,MI-FST,FST-MI-11,severe,direct_impact,False,True,0,"[{""target"":""T2P"",""magnitude"":0.5,""start_week"":12,""duration_weeks"":3,""recovery_weeks"":3}]",True,0.0,A
42,MI-FST,FST-MI-12,all,candidate_passive,False,False,,"[{""target"":""T2P"",""magnitude"":0.5,""start_week"":12,""duration_weeks"":6,""recovery_weeks"":3}]",False,0.003552099980879575,A
43,MI-FST,FST-MI-12,all,candidate_active,True,False,,"[{""target"":""T2P"",""magnitude"":0.5,""start_week"":12,""duration_weeks"":6,""recovery_weeks"":3}]",False,0.0034927999950014055,A
44,MI-FST,FST-MI-12,moderate,singleton,False,False,0,"[{""target"":""T2P"",""magnitude"":0.5,""start_week"":12,""duration_weeks"":6,""recovery_weeks"":3}]",True,0.0,A
45,MI-FST,FST-MI-12,moderate,upstream_node_deletion,False,False,,[],True,0.0,A
46,MI-FST,FST-MI-12,moderate,direct_impact,False,True,0,"[{""target"":""T2P"",""magnitude"":0.5,""start_week"":12,""duration_weeks"":6,""recovery_weeks"":3}]",False,0.006803399999625981,A
47,MI-FST,FST-MI-12,severe,singleton,False,False,0,"[{""target"":""T2P"",""magnitude"":0.5,""start_week"":12,""duration_weeks"":6,""recovery_weeks"":3}]",True,0.0,A
48,MI-FST,FST-MI-12,severe,upstream_node_deletion,False,False,,[],True,0.0,A
49,MI-FST,FST-MI-12,severe,direct_impact,False,True,0,"[{""target"":""T2P"",""magnitude"":0.5,""start_week"":12,""duration_weeks"":6,""recovery_weeks"":3}]",True,0.0,A
50,MI-FST,FST-MI-13,all,candidate_passive,False,False,,"[{""target"":""T2P"",""magnitude"":0.65,""start_week"":12,""duration_weeks"":3,""recovery_weeks"":3}]",False,0.005521599960047752,A
51,MI-FST,FST-MI-13,all,candidate_active,True,False,,"[{""target"":""T2P"",""magnitude"":0.65,""start_week"":12,""duration_weeks"":3,""recovery_weeks"":3}]",False,0.004823099996428937,A
52,MI-FST,FST-MI-13,moderate,singleton,False,False,0,"[{""target"":""T2P"",""magnitude"":0.65,""start_week"":12,""duration_weeks"":3,""recovery_weeks"":3}]",True,0.0,A
53,MI-FST,FST-MI-13,moderate,upstream_node_deletion,False,False,,[],True,0.0,A
54,MI-FST,FST-MI-13,moderate,direct_impact,False,True,0,"[{""target"":""T2P"",""magnitude"":0.65,""start_week"":12,""duration_weeks"":3,""recovery_weeks"":3}]",False,0.004743699973914772,A
55,MI-FST,FST-MI-13,severe,singleton,False,False,0,"[{""target"":""T2P"",""magnitude"":0.65,""start_week"":12,""duration_weeks"":3,""recovery_weeks"":3}]",True,0.0,A
56,MI-FST,FST-MI-13,severe,upstream_node_deletion,False,False,,[],True,0.0,A
57,MI-FST,FST-MI-13,severe,direct_impact,False,True,0,"[{""target"":""T2P"",""magnitude"":0.65,""start_week"":12,""duration_weeks"":3,""recovery_weeks"":3}]",True,0.0,A
58,MI-FST,FST-MI-14,all,candidate_passive,False,False,,"[{""target"":""T2P"",""magnitude"":0.65,""start_week"":12,""duration_weeks"":6,""recovery_weeks"":3}]",False,0.006361999956425279,A
59,MI-FST,FST-MI-14,all,candidate_active,True,False,,"[{""target"":""T2P"",""magnitude"":0.65,""start_week"":12,""duration_weeks"":6,""recovery_weeks"":3}]",False,0.006285700015723705,A
60,MI-FST,FST-MI-14,moderate,singleton,False,False,0,"[{""target"":""T2P"",""magnitude"":0.65,""start_week"":12,""duration_weeks"":6,""recovery_weeks"":3}]",True,0.0,A
61,MI-FST,FST-MI-14,moderate,upstream_node_deletion,False,False,,[],True,0.0,A
62,MI-FST,FST-MI-14,moderate,direct_impact,False,True,0,"[{""target"":""T2P"",""magnitude"":0.65,""start_week"":12,""duration_weeks"":6,""recovery_weeks"":3}]",False,0.006715500028803945,A
63,MI-FST,FST-MI-14,severe,singleton,False,False,0,"[{""target"":""T2P"",""magnitude"":0.65,""start_week"":12,""duration_weeks"":6,""recovery_weeks"":3}]",True,0.0,A
64,MI-FST,FST-MI-14,severe,upstream_node_deletion,False,False,,[],True,0.0,A
65,MI-FST,FST-MI-14,severe,direct_impact,False,True,0,"[{""target"":""T2P"",""magnitude"":0.65,""start_week"":12,""duration_weeks"":6,""recovery_weeks"":3}]",True,0.0,A
66,MI-FST,FST-MI-15,all,candidate_passive,False,False,,"[{""target"":""T2P"",""magnitude"":0.8,""start_week"":12,""duration_weeks"":3,""recovery_weeks"":3}]",False,0.006524299969896674,A
67,MI-FST,FST-MI-15,all,candidate_active,True,False,,"[{""target"":""T2P"",""magnitude"":0.8,""start_week"":12,""duration_weeks"":3,""recovery_weeks"":3}]",False,0.004189400002360344,A
68,MI-FST,FST-MI-15,moderate,singleton,False,False,0,"[{""target"":""T2P"",""magnitude"":0.8,""start_week"":12,""duration_weeks"":3,""recovery_weeks"":3}]",True,0.0,A
69,MI-FST,FST-MI-15,moderate,upstream_node_deletion,False,False,,[],True,0.0,A
70,MI-FST,FST-MI-15,moderate,direct_impact,False,True,0,"[{""target"":""T2P"",""magnitude"":0.8,""start_week"":12,""duration_weeks"":3,""recovery_weeks"":3}]",False,0.006712100002914667,A
71,MI-FST,FST-MI-15,severe,singleton,False,False,0,"[{""target"":""T2P"",""magnitude"":0.8,""start_week"":12,""duration_weeks"":3,""recovery_weeks"":3}]",True,0.0,A
72,MI-FST,FST-MI-15,severe,upstream_node_deletion,False,False,,[],True,0.0,A
73,MI-FST,FST-MI-15,severe,direct_impact,False,True,0,"[{""target"":""T2P"",""magnitude"":0.8,""start_week"":12,""duration_weeks"":3,""recovery_weeks"":3}]",True,0.0,A
74,MI-FST,FST-MI-16,all,candidate_passive,False,False,,"[{""target"":""T2P"",""magnitude"":0.8,""start_week"":12,""duration_weeks"":6,""recovery_weeks"":3}]",False,0.007065600017085671,A
75,MI-FST,FST-MI-16,all,candidate_active,True,False,,"[{""target"":""T2P"",""magnitude"":0.8,""start_week"":12,""duration_weeks"":6,""recovery_weeks"":3}]",False,0.005371200037188828,A
76,MI-FST,FST-MI-16,moderate,singleton,False,False,0,"[{""target"":""T2P"",""magnitude"":0.8,""start_week"":12,""duration_weeks"":6,""recovery_weeks"":3}]",True,0.0,A
77,MI-FST,FST-MI-16,moderate,upstream_node_deletion,False,False,,[],True,0.0,A
78,MI-FST,FST-MI-16,moderate,direct_impact,False,True,0,"[{""target"":""T2P"",""magnitude"":0.8,""start_week"":12,""duration_weeks"":6,""recovery_weeks"":3}]",False,0.0036315000033937395,A
79,MI-FST,FST-MI-16,severe,singleton,False,False,0,"[{""target"":""T2P"",""magnitude"":0.8,""start_week"":12,""duration_weeks"":6,""recovery_weeks"":3}]",True,0.0,A
80,MI-FST,FST-MI-16,severe,upstream_node_deletion,False,False,,[],True,0.0,A
81,MI-FST,FST-MI-16,severe,direct_impact,False,True,0,"[{""target"":""T2P"",""magnitude"":0.8,""start_week"":12,""duration_weeks"":6,""recovery_weeks"":3}]",True,0.0,A
82,MI-FST,FST-MI-17,all,candidate_passive,False,False,,"[{""target"":""corridor"",""magnitude"":0.3,""start_week"":12,""duration_weeks"":2,""recovery_weeks"":3}]",False,0.006215600005816668,A
83,MI-FST,FST-MI-18,all,candidate_passive,False,False,,"[{""target"":""corridor"",""magnitude"":0.3,""start_week"":12,""duration_weeks"":4,""recovery_weeks"":3}]",False,0.008365500019863248,A
84,MI-FST,FST-MI-19,all,candidate_passive,False,False,,"[{""target"":""corridor"",""magnitude"":0.5,""start_week"":12,""duration_weeks"":2,""recovery_weeks"":3}]",False,0.006309799966402352,A
85,MI-FST,FST-MI-19,all,candidate_active,True,False,,"[{""target"":""corridor"",""magnitude"":0.5,""start_week"":12,""duration_weeks"":2,""recovery_weeks"":3}]",False,0.005405799951404333,A
86,MI-FST,FST-MI-19,moderate,singleton,False,False,0,"[{""target"":""corridor"",""magnitude"":0.5,""start_week"":12,""duration_weeks"":2,""recovery_weeks"":3}]",True,0.0,A
87,MI-FST,FST-MI-19,severe,singleton,False,False,0,"[{""target"":""corridor"",""magnitude"":0.5,""start_week"":12,""duration_weeks"":2,""recovery_weeks"":3}]",True,0.0,A
88,MI-FST,FST-MI-20,all,candidate_passive,False,False,,"[{""target"":""corridor"",""magnitude"":0.5,""start_week"":12,""duration_weeks"":4,""recovery_weeks"":3}]",False,0.006948599999304861,A
89,MI-FST,FST-MI-20,all,candidate_active,True,False,,"[{""target"":""corridor"",""magnitude"":0.5,""start_week"":12,""duration_weeks"":4,""recovery_weeks"":3}]",False,0.005175900005269796,A
90,MI-FST,FST-MI-20,moderate,singleton,False,False,0,"[{""target"":""corridor"",""magnitude"":0.5,""start_week"":12,""duration_weeks"":4,""recovery_weeks"":3}]",True,0.0,A
91,MI-FST,FST-MI-20,severe,singleton,False,False,0,"[{""target"":""corridor"",""magnitude"":0.5,""start_week"":12,""duration_weeks"":4,""recovery_weeks"":3}]",True,0.0,A
92,MI-FST,FST-MI-21,all,candidate_passive,False,False,,"[{""target"":""corridor"",""magnitude"":0.7,""start_week"":12,""duration_weeks"":2,""recovery_weeks"":3}]",False,0.004866899980697781,A
93,MI-FST,FST-MI-21,all,candidate_active,True,False,,"[{""target"":""corridor"",""magnitude"":0.7,""start_week"":12,""duration_weeks"":2,""recovery_weeks"":3}]",False,0.004200399969704449,A
94,MI-FST,FST-MI-21,moderate,singleton,False,False,0,"[{""target"":""corridor"",""magnitude"":0.7,""start_week"":12,""duration_weeks"":2,""recovery_weeks"":3}]",True,0.0,A
95,MI-FST,FST-MI-21,severe,singleton,False,False,0,"[{""target"":""corridor"",""magnitude"":0.7,""start_week"":12,""duration_weeks"":2,""recovery_weeks"":3}]",True,0.0,A
96,MI-FST,FST-MI-22,all,candidate_passive,False,False,,"[{""target"":""corridor"",""magnitude"":0.7,""start_week"":12,""duration_weeks"":4,""recovery_weeks"":3}]",False,0.006568600016180426,A
97,MI-FST,FST-MI-22,all,candidate_active,True,False,,"[{""target"":""corridor"",""magnitude"":0.7,""start_week"":12,""duration_weeks"":4,""recovery_weeks"":3}]",False,0.006940599996596575,A
98,MI-FST,FST-MI-22,moderate,singleton,False,False,0,"[{""target"":""corridor"",""magnitude"":0.7,""start_week"":12,""duration_weeks"":4,""recovery_weeks"":3}]",True,0.0,A
99,MI-FST,FST-MI-22,severe,singleton,False,False,0,"[{""target"":""corridor"",""magnitude"":0.7,""start_week"":12,""duration_weeks"":4,""recovery_weeks"":3}]",True,0.0,A
100,MI-FST,FST-MI-23,all,candidate_passive,False,False,,"[{""target"":""T2P"",""magnitude"":0.3,""start_week"":12,""duration_weeks"":4,""recovery_weeks"":3},{""target"":""corridor"",""magnitude"":0.3,""start_week"":12,""duration_weeks"":4,""recovery_weeks"":3}]",False,0.006171800021547824,A
101,MI-FST,FST-MI-23,all,candidate_active,True,False,,"[{""target"":""T2P"",""magnitude"":0.3,""start_week"":12,""duration_weeks"":4,""recovery_weeks"":3},{""target"":""corridor"",""magnitude"":0.3,""start_week"":12,""duration_weeks"":4,""recovery_weeks"":3}]",False,0.005563799990341067,A
102,MI-FST,FST-MI-23,moderate,singleton,False,False,0,"[{""target"":""T2P"",""magnitude"":0.3,""start_week"":12,""duration_weeks"":4,""recovery_weeks"":3}]",False,0.006604199996218085,A
103,MI-FST,FST-MI-23,moderate,singleton,False,False,1,"[{""target"":""corridor"",""magnitude"":0.3,""start_week"":12,""duration_weeks"":4,""recovery_weeks"":3}]",True,0.0,A
104,MI-FST,FST-MI-23,moderate,upstream_node_deletion,False,False,1,"[{""target"":""corridor"",""magnitude"":0.3,""start_week"":12,""duration_weeks"":4,""recovery_weeks"":3}]",True,0.0,A
105,MI-FST,FST-MI-23,moderate,direct_impact,False,True,0;1,"[{""target"":""T2P"",""magnitude"":0.3,""start_week"":12,""duration_weeks"":4,""recovery_weeks"":3},{""target"":""corridor"",""magnitude"":0.3,""start_week"":12,""duration_weeks"":4,""recovery_weeks"":3}]",False,0.007719299988821149,A
106,MI-FST,FST-MI-24,all,candidate_passive,False,False,,"[{""target"":""T2P"",""magnitude"":0.3,""start_week"":12,""duration_weeks"":4,""recovery_weeks"":3},{""target"":""corridor"",""magnitude"":0.6,""start_week"":12,""duration_weeks"":4,""recovery_weeks"":3}]",False,0.007502200023736805,A
107,MI-FST,FST-MI-24,all,candidate_active,True,False,,"[{""target"":""T2P"",""magnitude"":0.3,""start_week"":12,""duration_weeks"":4,""recovery_weeks"":3},{""target"":""corridor"",""magnitude"":0.6,""start_week"":12,""duration_weeks"":4,""recovery_weeks"":3}]",False,0.005204099987167865,A
108,MI-FST,FST-MI-24,moderate,singleton,False,False,0,"[{""target"":""T2P"",""magnitude"":0.3,""start_week"":12,""duration_weeks"":4,""recovery_weeks"":3}]",True,0.0,A
109,MI-FST,FST-MI-24,moderate,singleton,False,False,1,"[{""target"":""corridor"",""magnitude"":0.6,""start_week"":12,""duration_weeks"":4,""recovery_weeks"":3}]",False,0.0056847999803721905,A
110,MI-FST,FST-MI-24,moderate,upstream_node_deletion,False,False,1,"[{""target"":""corridor"",""magnitude"":0.6,""start_week"":12,""duration_weeks"":4,""recovery_weeks"":3}]",True,0.0,A
111,MI-FST,FST-MI-24,moderate,direct_impact,False,True,0;1,"[{""target"":""T2P"",""magnitude"":0.3,""start_week"":12,""duration_weeks"":4,""recovery_weeks"":3},{""target"":""corridor"",""magnitude"":0.6,""start_week"":12,""duration_weeks"":4,""recovery_weeks"":3}]",False,0.00759330001892522,A
112,MI-FST,FST-MI-24,severe,singleton,False,False,0,"[{""target"":""T2P"",""magnitude"":0.3,""start_week"":12,""duration_weeks"":4,""recovery_weeks"":3}]",True,0.0,A
113,MI-FST,FST-MI-24,severe,singleton,False,False,1,"[{""target"":""corridor"",""magnitude"":0.6,""start_week"":12,""duration_weeks"":4,""recovery_weeks"":3}]",True,0.0,A
114,MI-FST,FST-MI-24,severe,upstream_node_deletion,False,False,1,"[{""target"":""corridor"",""magnitude"":0.6,""start_week"":12,""duration_weeks"":4,""recovery_weeks"":3}]",True,0.0,A
115,MI-FST,FST-MI-24,severe,direct_impact,False,True,0;1,"[{""target"":""T2P"",""magnitude"":0.3,""start_week"":12,""duration_weeks"":4,""recovery_weeks"":3},{""target"":""corridor"",""magnitude"":0.6,""start_week"":12,""duration_weeks"":4,""recovery_weeks"":3}]",True,0.0,A
116,MI-FST,FST-MI-25,all,candidate_passive,False,False,,"[{""target"":""T2P"",""magnitude"":0.5,""start_week"":12,""duration_weeks"":4,""recovery_weeks"":3},{""target"":""corridor"",""magnitude"":0.3,""start_week"":12,""duration_weeks"":4,""recovery_weeks"":3}]",False,0.00719909998588264,A
117,MI-FST,FST-MI-25,all,candidate_active,True,False,,"[{""target"":""T2P"",""magnitude"":0.5,""start_week"":12,""duration_weeks"":4,""recovery_weeks"":3},{""target"":""corridor"",""magnitude"":0.3,""start_week"":12,""duration_weeks"":4,""recovery_weeks"":3}]",False,0.007699699955992401,A
118,MI-FST,FST-MI-25,moderate,singleton,False,False,0,"[{""target"":""T2P"",""magnitude"":0.5,""start_week"":12,""duration_weeks"":4,""recovery_weeks"":3}]",False,0.006646299967542291,A
119,MI-FST,FST-MI-25,moderate,singleton,False,False,1,"[{""target"":""corridor"",""magnitude"":0.3,""start_week"":12,""duration_weeks"":4,""recovery_weeks"":3}]",True,0.0,A
120,MI-FST,FST-MI-25,moderate,upstream_node_deletion,False,False,1,"[{""target"":""corridor"",""magnitude"":0.3,""start_week"":12,""duration_weeks"":4,""recovery_weeks"":3}]",True,0.0,A
121,MI-FST,FST-MI-25,moderate,direct_impact,False,True,0;1,"[{""target"":""T2P"",""magnitude"":0.5,""start_week"":12,""duration_weeks"":4,""recovery_weeks"":3},{""target"":""corridor"",""magnitude"":0.3,""start_week"":12,""duration_weeks"":4,""recovery_weeks"":3}]",False,0.00756810000166297,A
122,MI-FST,FST-MI-25,severe,singleton,False,False,0,"[{""target"":""T2P"",""magnitude"":0.5,""start_week"":12,""duration_weeks"":4,""recovery_weeks"":3}]",True,0.0,A
123,MI-FST,FST-MI-25,severe,singleton,False,False,1,"[{""target"":""corridor"",""magnitude"":0.3,""start_week"":12,""duration_weeks"":4,""recovery_weeks"":3}]",True,0.0,A
124,MI-FST,FST-MI-25,severe,upstream_node_deletion,False,False,1,"[{""target"":""corridor"",""magnitude"":0.3,""start_week"":12,""duration_weeks"":4,""recovery_weeks"":3}]",True,0.0,A
125,MI-FST,FST-MI-25,severe,direct_impact,False,True,0;1,"[{""target"":""T2P"",""magnitude"":0.5,""start_week"":12,""duration_weeks"":4,""recovery_weeks"":3},{""target"":""corridor"",""magnitude"":0.3,""start_week"":12,""duration_weeks"":4,""recovery_weeks"":3}]",True,0.0,A
126,MI-FST,FST-MI-26,all,candidate_passive,False,False,,"[{""target"":""T2P"",""magnitude"":0.5,""start_week"":12,""duration_weeks"":4,""recovery_weeks"":3},{""target"":""corridor"",""magnitude"":0.6,""start_week"":12,""duration_weeks"":4,""recovery_weeks"":3}]",False,0.00773399998433888,A
127,MI-FST,FST-MI-26,all,candidate_active,True,False,,"[{""target"":""T2P"",""magnitude"":0.5,""start_week"":12,""duration_weeks"":4,""recovery_weeks"":3},{""target"":""corridor"",""magnitude"":0.6,""start_week"":12,""duration_weeks"":4,""recovery_weeks"":3}]",False,0.006125900021288544,A
128,MI-FST,FST-MI-26,moderate,singleton,False,False,0,"[{""target"":""T2P"",""magnitude"":0.5,""start_week"":12,""duration_weeks"":4,""recovery_weeks"":3}]",True,0.0,A
129,MI-FST,FST-MI-26,moderate,singleton,False,False,1,"[{""target"":""corridor"",""magnitude"":0.6,""start_week"":12,""duration_weeks"":4,""recovery_weeks"":3}]",True,0.0,A
130,MI-FST,FST-MI-26,moderate,upstream_node_deletion,False,False,1,"[{""target"":""corridor"",""magnitude"":0.6,""start_week"":12,""duration_weeks"":4,""recovery_weeks"":3}]",True,0.0,A
131,MI-FST,FST-MI-26,moderate,direct_impact,False,True,0;1,"[{""target"":""T2P"",""magnitude"":0.5,""start_week"":12,""duration_weeks"":4,""recovery_weeks"":3},{""target"":""corridor"",""magnitude"":0.6,""start_week"":12,""duration_weeks"":4,""recovery_weeks"":3}]",False,0.007674199994653463,A
132,MI-FST,FST-MI-26,severe,singleton,False,False,0,"[{""target"":""T2P"",""magnitude"":0.5,""start_week"":12,""duration_weeks"":4,""recovery_weeks"":3}]",True,0.0,A
133,MI-FST,FST-MI-26,severe,singleton,False,False,1,"[{""target"":""corridor"",""magnitude"":0.6,""start_week"":12,""duration_weeks"":4,""recovery_weeks"":3}]",True,0.0,A
134,MI-FST,FST-MI-26,severe,upstream_node_deletion,False,False,1,"[{""target"":""corridor"",""magnitude"":0.6,""start_week"":12,""duration_weeks"":4,""recovery_weeks"":3}]",True,0.0,A
135,MI-FST,FST-MI-26,severe,direct_impact,False,True,0;1,"[{""target"":""T2P"",""magnitude"":0.5,""start_week"":12,""duration_weeks"":4,""recovery_weeks"":3},{""target"":""corridor"",""magnitude"":0.6,""start_week"":12,""duration_weeks"":4,""recovery_weeks"":3}]",True,0.0,A
136,MI-FST,FST-MI-27,all,candidate_passive,False,False,,"[{""target"":""T2P"",""magnitude"":0.7,""start_week"":12,""duration_weeks"":4,""recovery_weeks"":3},{""target"":""corridor"",""magnitude"":0.3,""start_week"":12,""duration_weeks"":4,""recovery_weeks"":3}]",False,0.007922400021925569,A
137,MI-FST,FST-MI-27,all,candidate_active,True,False,,"[{""target"":""T2P"",""magnitude"":0.7,""start_week"":12,""duration_weeks"":4,""recovery_weeks"":3},{""target"":""corridor"",""magnitude"":0.3,""start_week"":12,""duration_weeks"":4,""recovery_weeks"":3}]",False,0.0046947000082582235,A
138,MI-FST,FST-MI-27,moderate,singleton,False,False,0,"[{""target"":""T2P"",""magnitude"":0.7,""start_week"":12,""duration_weeks"":4,""recovery_weeks"":3}]",False,0.006918300001416355,A
139,MI-FST,FST-MI-27,moderate,singleton,False,False,1,"[{""target"":""corridor"",""magnitude"":0.3,""start_week"":12,""duration_weeks"":4,""recovery_weeks"":3}]",True,0.0,A
140,MI-FST,FST-MI-27,moderate,upstream_node_deletion,False,False,1,"[{""target"":""corridor"",""magnitude"":0.3,""start_week"":12,""duration_weeks"":4,""recovery_weeks"":3}]",True,0.0,A
141,MI-FST,FST-MI-27,moderate,direct_impact,False,True,0;1,"[{""target"":""T2P"",""magnitude"":0.7,""start_week"":12,""duration_weeks"":4,""recovery_weeks"":3},{""target"":""corridor"",""magnitude"":0.3,""start_week"":12,""duration_weeks"":4,""recovery_weeks"":3}]",False,0.007545500004198402,A
142,MI-FST,FST-MI-27,severe,singleton,False,False,0,"[{""target"":""T2P"",""magnitude"":0.7,""start_week"":12,""duration_weeks"":4,""recovery_weeks"":3}]",True,0.0,A
143,MI-FST,FST-MI-27,severe,singleton,False,False,1,"[{""target"":""corridor"",""magnitude"":0.3,""start_week"":12,""duration_weeks"":4,""recovery_weeks"":3}]",True,0.0,A
144,MI-FST,FST-MI-27,severe,upstream_node_deletion,False,False,1,"[{""target"":""corridor"",""magnitude"":0.3,""start_week"":12,""duration_weeks"":4,""recovery_weeks"":3}]",True,0.0,A
145,MI-FST,FST-MI-27,severe,direct_impact,False,True,0;1,"[{""target"":""T2P"",""magnitude"":0.7,""start_week"":12,""duration_weeks"":4,""recovery_weeks"":3},{""target"":""corridor"",""magnitude"":0.3,""start_week"":12,""duration_weeks"":4,""recovery_weeks"":3}]",True,0.0,A
146,MI-FST,FST-MI-28,all,candidate_passive,False,False,,"[{""target"":""T2P"",""magnitude"":0.7,""start_week"":12,""duration_weeks"":4,""recovery_weeks"":3},{""target"":""corridor"",""magnitude"":0.6,""start_week"":12,""duration_weeks"":4,""recovery_weeks"":3}]",False,0.007347500009927899,A
147,MI-FST,FST-MI-28,all,candidate_active,True,False,,"[{""target"":""T2P"",""magnitude"":0.7,""start_week"":12,""duration_weeks"":4,""recovery_weeks"":3},{""target"":""corridor"",""magnitude"":0.6,""start_week"":12,""duration_weeks"":4,""recovery_weeks"":3}]",False,0.0075882000382989645,A
148,MI-FST,FST-MI-28,moderate,singleton,False,False,0,"[{""target"":""T2P"",""magnitude"":0.7,""start_week"":12,""duration_weeks"":4,""recovery_weeks"":3}]",True,0.0,A
149,MI-FST,FST-MI-28,moderate,singleton,False,False,1,"[{""target"":""corridor"",""magnitude"":0.6,""start_week"":12,""duration_weeks"":4,""recovery_weeks"":3}]",True,0.0,A
150,MI-FST,FST-MI-28,moderate,upstream_node_deletion,False,False,1,"[{""target"":""corridor"",""magnitude"":0.6,""start_week"":12,""duration_weeks"":4,""recovery_weeks"":3}]",True,0.0,A
151,MI-FST,FST-MI-28,moderate,direct_impact,False,True,0;1,"[{""target"":""T2P"",""magnitude"":0.7,""start_week"":12,""duration_weeks"":4,""recovery_weeks"":3},{""target"":""corridor"",""magnitude"":0.6,""start_week"":12,""duration_weeks"":4,""recovery_weeks"":3}]",False,0.0071992999874055386,A
152,MI-FST,FST-MI-28,severe,singleton,False,False,0,"[{""target"":""T2P"",""magnitude"":0.7,""start_week"":12,""duration_weeks"":4,""recovery_weeks"":3}]",True,0.0,A
153,MI-FST,FST-MI-28,severe,singleton,False,False,1,"[{""target"":""corridor"",""magnitude"":0.6,""start_week"":12,""duration_weeks"":4,""recovery_weeks"":3}]",True,0.0,A
154,MI-FST,FST-MI-28,severe,upstream_node_deletion,False,False,1,"[{""target"":""corridor"",""magnitude"":0.6,""start_week"":12,""duration_weeks"":4,""recovery_weeks"":3}]",True,0.0,A
155,MI-FST,FST-MI-28,severe,direct_impact,False,True,0;1,"[{""target"":""T2P"",""magnitude"":0.7,""start_week"":12,""duration_weeks"":4,""recovery_weeks"":3},{""target"":""corridor"",""magnitude"":0.6,""start_week"":12,""duration_weeks"":4,""recovery_weeks"":3}]",True,0.0,A
156,MI-FST,FST-MI-29,all,candidate_passive,False,False,,"[{""target"":""T2P"",""magnitude"":0.8,""start_week"":12,""duration_weeks"":4,""recovery_weeks"":3},{""target"":""corridor"",""magnitude"":0.3,""start_week"":12,""duration_weeks"":4,""recovery_weeks"":3}]",False,0.005240699974820018,A
157,MI-FST,FST-MI-29,all,candidate_active,True,False,,"[{""target"":""T2P"",""magnitude"":0.8,""start_week"":12,""duration_weeks"":4,""recovery_weeks"":3},{""target"":""corridor"",""magnitude"":0.3,""start_week"":12,""duration_weeks"":4,""recovery_weeks"":3}]",False,0.004283600021153688,A
158,MI-FST,FST-MI-29,moderate,singleton,False,False,0,"[{""target"":""T2P"",""magnitude"":0.8,""start_week"":12,""duration_weeks"":4,""recovery_weeks"":3}]",False,0.005439600034151226,A
159,MI-FST,FST-MI-29,moderate,singleton,False,False,1,"[{""target"":""corridor"",""magnitude"":0.3,""start_week"":12,""duration_weeks"":4,""recovery_weeks"":3}]",True,0.0,A
160,MI-FST,FST-MI-29,moderate,upstream_node_deletion,False,False,1,"[{""target"":""corridor"",""magnitude"":0.3,""start_week"":12,""duration_weeks"":4,""recovery_weeks"":3}]",True,0.0,A
161,MI-FST,FST-MI-29,moderate,direct_impact,False,True,0;1,"[{""target"":""T2P"",""magnitude"":0.8,""start_week"":12,""duration_weeks"":4,""recovery_weeks"":3},{""target"":""corridor"",""magnitude"":0.3,""start_week"":12,""duration_weeks"":4,""recovery_weeks"":3}]",False,0.006318899977486581,A
162,MI-FST,FST-MI-29,severe,singleton,False,False,0,"[{""target"":""T2P"",""magnitude"":0.8,""start_week"":12,""duration_weeks"":4,""recovery_weeks"":3}]",True,0.0,A
163,MI-FST,FST-MI-29,severe,singleton,False,False,1,"[{""target"":""corridor"",""magnitude"":0.3,""start_week"":12,""duration_weeks"":4,""recovery_weeks"":3}]",True,0.0,A
164,MI-FST,FST-MI-29,severe,upstream_node_deletion,False,False,1,"[{""target"":""corridor"",""magnitude"":0.3,""start_week"":12,""duration_weeks"":4,""recovery_weeks"":3}]",True,0.0,A
165,MI-FST,FST-MI-29,severe,direct_impact,False,True,0;1,"[{""target"":""T2P"",""magnitude"":0.8,""start_week"":12,""duration_weeks"":4,""recovery_weeks"":3},{""target"":""corridor"",""magnitude"":0.3,""start_week"":12,""duration_weeks"":4,""recovery_weeks"":3}]",True,0.0,A
166,MI-FST,FST-MI-30,all,candidate_passive,False,False,,"[{""target"":""T2P"",""magnitude"":0.8,""start_week"":12,""duration_weeks"":4,""recovery_weeks"":3},{""target"":""corridor"",""magnitude"":0.6,""start_week"":12,""duration_weeks"":4,""recovery_weeks"":3}]",False,0.007214899989776313,A
167,MI-FST,FST-MI-30,all,candidate_active,True,False,,"[{""target"":""T2P"",""magnitude"":0.8,""start_week"":12,""duration_weeks"":4,""recovery_weeks"":3},{""target"":""corridor"",""magnitude"":0.6,""start_week"":12,""duration_weeks"":4,""recovery_weeks"":3}]",False,0.007375900051556528,A
168,MI-FST,FST-MI-30,moderate,singleton,False,False,0,"[{""target"":""T2P"",""magnitude"":0.8,""start_week"":12,""duration_weeks"":4,""recovery_weeks"":3}]",True,0.0,A
169,MI-FST,FST-MI-30,moderate,singleton,False,False,1,"[{""target"":""corridor"",""magnitude"":0.6,""start_week"":12,""duration_weeks"":4,""recovery_weeks"":3}]",True,0.0,A
170,MI-FST,FST-MI-30,moderate,upstream_node_deletion,False,False,1,"[{""target"":""corridor"",""magnitude"":0.6,""start_week"":12,""duration_weeks"":4,""recovery_weeks"":3}]",True,0.0,A
171,MI-FST,FST-MI-30,moderate,direct_impact,False,True,0;1,"[{""target"":""T2P"",""magnitude"":0.8,""start_week"":12,""duration_weeks"":4,""recovery_weeks"":3},{""target"":""corridor"",""magnitude"":0.6,""start_week"":12,""duration_weeks"":4,""recovery_weeks"":3}]",False,0.00733539997600019,A
172,MI-FST,FST-MI-30,severe,singleton,False,False,0,"[{""target"":""T2P"",""magnitude"":0.8,""start_week"":12,""duration_weeks"":4,""recovery_weeks"":3}]",True,0.0,A
173,MI-FST,FST-MI-30,severe,singleton,False,False,1,"[{""target"":""corridor"",""magnitude"":0.6,""start_week"":12,""duration_weeks"":4,""recovery_weeks"":3}]",True,0.0,A
174,MI-FST,FST-MI-30,severe,upstream_node_deletion,False,False,1,"[{""target"":""corridor"",""magnitude"":0.6,""start_week"":12,""duration_weeks"":4,""recovery_weeks"":3}]",True,0.0,A
175,MI-FST,FST-MI-30,severe,direct_impact,False,True,0;1,"[{""target"":""T2P"",""magnitude"":0.8,""start_week"":12,""duration_weeks"":4,""recovery_weeks"":3},{""target"":""corridor"",""magnitude"":0.6,""start_week"":12,""duration_weeks"":4,""recovery_weeks"":3}]",True,0.0,A
176,MI-FST,FST-MI-31,all,candidate_passive,False,False,,"[{""target"":""T2P"",""magnitude"":0.4,""start_week"":12,""duration_weeks"":4,""recovery_weeks"":3},{""target"":""S1A"",""magnitude"":0.5,""start_week"":12,""duration_weeks"":4,""recovery_weeks"":3}]",False,0.007934900000691414,A
177,MI-FST,FST-MI-31,all,candidate_active,True,False,,"[{""target"":""T2P"",""magnitude"":0.4,""start_week"":12,""duration_weeks"":4,""recovery_weeks"":3},{""target"":""S1A"",""magnitude"":0.5,""start_week"":12,""duration_weeks"":4,""recovery_weeks"":3}]",False,0.007645500008948147,A
178,MI-FST,FST-MI-31,moderate,singleton,False,False,0,"[{""target"":""T2P"",""magnitude"":0.4,""start_week"":12,""duration_weeks"":4,""recovery_weeks"":3}]",False,0.0063782999641261995,A
179,MI-FST,FST-MI-31,moderate,singleton,False,False,1,"[{""target"":""S1A"",""magnitude"":0.5,""start_week"":12,""duration_weeks"":4,""recovery_weeks"":3}]",True,0.0,A
180,MI-FST,FST-MI-31,moderate,upstream_node_deletion,False,False,1,"[{""target"":""S1A"",""magnitude"":0.5,""start_week"":12,""duration_weeks"":4,""recovery_weeks"":3}]",True,0.0,A
181,MI-FST,FST-MI-31,moderate,direct_impact,False,True,0;1,"[{""target"":""T2P"",""magnitude"":0.4,""start_week"":12,""duration_weeks"":4,""recovery_weeks"":3},{""target"":""S1A"",""magnitude"":0.5,""start_week"":12,""duration_weeks"":4,""recovery_weeks"":3}]",False,0.008210900006815791,A
182,MI-FST,FST-MI-32,all,candidate_passive,False,False,,"[{""target"":""T2P"",""magnitude"":0.6,""start_week"":12,""duration_weeks"":4,""recovery_weeks"":3},{""target"":""S1A"",""magnitude"":0.5,""start_week"":12,""duration_weeks"":4,""recovery_weeks"":3}]",False,0.007726399984676391,A
183,MI-FST,FST-MI-32,all,candidate_active,True,False,,"[{""target"":""T2P"",""magnitude"":0.6,""start_week"":12,""duration_weeks"":4,""recovery_weeks"":3},{""target"":""S1A"",""magnitude"":0.5,""start_week"":12,""duration_weeks"":4,""recovery_weeks"":3}]",False,0.00785090000135824,A
184,MI-FST,FST-MI-32,moderate,singleton,False,False,0,"[{""target"":""T2P"",""magnitude"":0.6,""start_week"":12,""duration_weeks"":4,""recovery_weeks"":3}]",False,0.006885299982968718,A
185,MI-FST,FST-MI-32,moderate,singleton,False,False,1,"[{""target"":""S1A"",""magnitude"":0.5,""start_week"":12,""duration_weeks"":4,""recovery_weeks"":3}]",True,0.0,A
186,MI-FST,FST-MI-32,moderate,upstream_node_deletion,False,False,1,"[{""target"":""S1A"",""magnitude"":0.5,""start_week"":12,""duration_weeks"":4,""recovery_weeks"":3}]",True,0.0,A
187,MI-FST,FST-MI-32,moderate,direct_impact,False,True,0;1,"[{""target"":""T2P"",""magnitude"":0.6,""start_week"":12,""duration_weeks"":4,""recovery_weeks"":3},{""target"":""S1A"",""magnitude"":0.5,""start_week"":12,""duration_weeks"":4,""recovery_weeks"":3}]",False,0.007890900014899671,A
188,MI-FST,FST-MI-32,severe,singleton,False,False,0,"[{""target"":""T2P"",""magnitude"":0.6,""start_week"":12,""duration_weeks"":4,""recovery_weeks"":3}]",True,0.0,A
189,MI-FST,FST-MI-32,severe,singleton,False,False,1,"[{""target"":""S1A"",""magnitude"":0.5,""start_week"":12,""duration_weeks"":4,""recovery_weeks"":3}]",True,0.0,A
190,MI-FST,FST-MI-32,severe,upstream_node_deletion,False,False,1,"[{""target"":""S1A"",""magnitude"":0.5,""start_week"":12,""duration_weeks"":4,""recovery_weeks"":3}]",True,0.0,A
191,MI-FST,FST-MI-32,severe,direct_impact,False,True,0;1,"[{""target"":""T2P"",""magnitude"":0.6,""start_week"":12,""duration_weeks"":4,""recovery_weeks"":3},{""target"":""S1A"",""magnitude"":0.5,""start_week"":12,""duration_weeks"":4,""recovery_weeks"":3}]",True,0.0,A
192,MI-FST,FST-MI-33,all,candidate_passive,False,False,,"[{""target"":""T2P"",""magnitude"":0.4,""start_week"":12,""duration_weeks"":4,""recovery_weeks"":3},{""target"":""S1B"",""magnitude"":0.5,""start_week"":12,""duration_weeks"":4,""recovery_weeks"":3}]",False,0.006089699978474528,A
193,MI-FST,FST-MI-33,all,candidate_active,True,False,,"[{""target"":""T2P"",""magnitude"":0.4,""start_week"":12,""duration_weeks"":4,""recovery_weeks"":3},{""target"":""S1B"",""magnitude"":0.5,""start_week"":12,""duration_weeks"":4,""recovery_weeks"":3}]",False,0.00634720001835376,A
194,MI-FST,FST-MI-33,moderate,singleton,False,False,0,"[{""target"":""T2P"",""magnitude"":0.4,""start_week"":12,""duration_weeks"":4,""recovery_weeks"":3}]",True,0.0,A
195,MI-FST,FST-MI-33,moderate,singleton,False,False,1,"[{""target"":""S1B"",""magnitude"":0.5,""start_week"":12,""duration_weeks"":4,""recovery_weeks"":3}]",True,0.0,A
196,MI-FST,FST-MI-33,moderate,upstream_node_deletion,False,False,1,"[{""target"":""S1B"",""magnitude"":0.5,""start_week"":12,""duration_weeks"":4,""recovery_weeks"":3}]",True,0.0,A
197,MI-FST,FST-MI-33,moderate,direct_impact,False,True,0;1,"[{""target"":""T2P"",""magnitude"":0.4,""start_week"":12,""duration_weeks"":4,""recovery_weeks"":3},{""target"":""S1B"",""magnitude"":0.5,""start_week"":12,""duration_weeks"":4,""recovery_weeks"":3}]",False,0.006569999968633056,A
198,MI-FST,FST-MI-34,all,candidate_passive,False,False,,"[{""target"":""T2P"",""magnitude"":0.6,""start_week"":12,""duration_weeks"":4,""recovery_weeks"":3},{""target"":""S1B"",""magnitude"":0.5,""start_week"":12,""duration_weeks"":4,""recovery_weeks"":3}]",False,0.007243999978527427,A
199,MI-FST,FST-MI-34,all,candidate_active,True,False,,"[{""target"":""T2P"",""magnitude"":0.6,""start_week"":12,""duration_weeks"":4,""recovery_weeks"":3},{""target"":""S1B"",""magnitude"":0.5,""start_week"":12,""duration_weeks"":4,""recovery_weeks"":3}]",False,0.008443600032478571,A
200,MI-FST,FST-MI-34,moderate,singleton,False,False,0,"[{""target"":""T2P"",""magnitude"":0.6,""start_week"":12,""duration_weeks"":4,""recovery_weeks"":3}]",True,0.0,A
201,MI-FST,FST-MI-34,moderate,singleton,False,False,1,"[{""target"":""S1B"",""magnitude"":0.5,""start_week"":12,""duration_weeks"":4,""recovery_weeks"":3}]",True,0.0,A
202,MI-FST,FST-MI-34,moderate,upstream_node_deletion,False,False,1,"[{""target"":""S1B"",""magnitude"":0.5,""start_week"":12,""duration_weeks"":4,""recovery_weeks"":3}]",True,0.0,A
203,MI-FST,FST-MI-34,moderate,direct_impact,False,True,0;1,"[{""target"":""T2P"",""magnitude"":0.6,""start_week"":12,""duration_weeks"":4,""recovery_weeks"":3},{""target"":""S1B"",""magnitude"":0.5,""start_week"":12,""duration_weeks"":4,""recovery_weeks"":3}]",False,0.007178100000601262,A
204,MI-FST,FST-MI-34,severe,singleton,False,False,0,"[{""target"":""T2P"",""magnitude"":0.6,""start_week"":12,""duration_weeks"":4,""recovery_weeks"":3}]",True,0.0,A
205,MI-FST,FST-MI-34,severe,singleton,False,False,1,"[{""target"":""S1B"",""magnitude"":0.5,""start_week"":12,""duration_weeks"":4,""recovery_weeks"":3}]",True,0.0,A
206,MI-FST,FST-MI-34,severe,upstream_node_deletion,False,False,1,"[{""target"":""S1B"",""magnitude"":0.5,""start_week"":12,""duration_weeks"":4,""recovery_weeks"":3}]",True,0.0,A
207,MI-FST,FST-MI-34,severe,direct_impact,False,True,0;1,"[{""target"":""T2P"",""magnitude"":0.6,""start_week"":12,""duration_weeks"":4,""recovery_weeks"":3},{""target"":""S1B"",""magnitude"":0.5,""start_week"":12,""duration_weeks"":4,""recovery_weeks"":3}]",True,0.0,A
208,MI-FST,FST-MI-35,all,candidate_passive,False,False,,"[{""target"":""T2P"",""magnitude"":0.4,""start_week"":12,""duration_weeks"":4,""recovery_weeks"":3},{""target"":""S1C"",""magnitude"":0.5,""start_week"":12,""duration_weeks"":4,""recovery_weeks"":3}]",False,0.007491000054869801,A
209,MI-FST,FST-MI-35,all,candidate_active,True,False,,"[{""target"":""T2P"",""magnitude"":0.4,""start_week"":12,""duration_weeks"":4,""recovery_weeks"":3},{""target"":""S1C"",""magnitude"":0.5,""start_week"":12,""duration_weeks"":4,""recovery_weeks"":3}]",False,0.006097000034060329,A
210,MI-FST,FST-MI-35,moderate,singleton,False,False,0,"[{""target"":""T2P"",""magnitude"":0.4,""start_week"":12,""duration_weeks"":4,""recovery_weeks"":3}]",True,0.0,A
211,MI-FST,FST-MI-35,moderate,singleton,False,False,1,"[{""target"":""S1C"",""magnitude"":0.5,""start_week"":12,""duration_weeks"":4,""recovery_weeks"":3}]",True,0.0,A
212,MI-FST,FST-MI-35,moderate,upstream_node_deletion,False,False,1,"[{""target"":""S1C"",""magnitude"":0.5,""start_week"":12,""duration_weeks"":4,""recovery_weeks"":3}]",True,0.0,A
213,MI-FST,FST-MI-35,moderate,direct_impact,False,True,0;1,"[{""target"":""T2P"",""magnitude"":0.4,""start_week"":12,""duration_weeks"":4,""recovery_weeks"":3},{""target"":""S1C"",""magnitude"":0.5,""start_week"":12,""duration_weeks"":4,""recovery_weeks"":3}]",False,0.006146200001239777,A
214,MI-FST,FST-MI-36,all,candidate_passive,False,False,,"[{""target"":""T2P"",""magnitude"":0.6,""start_week"":12,""duration_weeks"":4,""recovery_weeks"":3},{""target"":""S1C"",""magnitude"":0.5,""start_week"":12,""duration_weeks"":4,""recovery_weeks"":3}]",False,0.007690300000831485,A
215,MI-FST,FST-MI-36,all,candidate_active,True,False,,"[{""target"":""T2P"",""magnitude"":0.6,""start_week"":12,""duration_weeks"":4,""recovery_weeks"":3},{""target"":""S1C"",""magnitude"":0.5,""start_week"":12,""duration_weeks"":4,""recovery_weeks"":3}]",False,0.007267699984367937,A
216,MI-FST,FST-MI-36,moderate,singleton,False,False,0,"[{""target"":""T2P"",""magnitude"":0.6,""start_week"":12,""duration_weeks"":4,""recovery_weeks"":3}]",True,0.0,A
217,MI-FST,FST-MI-36,moderate,singleton,False,False,1,"[{""target"":""S1C"",""magnitude"":0.5,""start_week"":12,""duration_weeks"":4,""recovery_weeks"":3}]",True,0.0,A
218,MI-FST,FST-MI-36,moderate,upstream_node_deletion,False,False,1,"[{""target"":""S1C"",""magnitude"":0.5,""start_week"":12,""duration_weeks"":4,""recovery_weeks"":3}]",True,0.0,A
219,MI-FST,FST-MI-36,moderate,direct_impact,False,True,0;1,"[{""target"":""T2P"",""magnitude"":0.6,""start_week"":12,""duration_weeks"":4,""recovery_weeks"":3},{""target"":""S1C"",""magnitude"":0.5,""start_week"":12,""duration_weeks"":4,""recovery_weeks"":3}]",False,0.008703900035470724,A
220,MI-FST,FST-MI-36,severe,singleton,False,False,0,"[{""target"":""T2P"",""magnitude"":0.6,""start_week"":12,""duration_weeks"":4,""recovery_weeks"":3}]",True,0.0,A
221,MI-FST,FST-MI-36,severe,singleton,False,False,1,"[{""target"":""S1C"",""magnitude"":0.5,""start_week"":12,""duration_weeks"":4,""recovery_weeks"":3}]",True,0.0,A
222,MI-FST,FST-MI-36,severe,upstream_node_deletion,False,False,1,"[{""target"":""S1C"",""magnitude"":0.5,""start_week"":12,""duration_weeks"":4,""recovery_weeks"":3}]",True,0.0,A
223,MI-FST,FST-MI-36,severe,direct_impact,False,True,0;1,"[{""target"":""T2P"",""magnitude"":0.6,""start_week"":12,""duration_weeks"":4,""recovery_weeks"":3},{""target"":""S1C"",""magnitude"":0.5,""start_week"":12,""duration_weeks"":4,""recovery_weeks"":3}]",True,0.0,A
224,MI-FST,FST-MI-37,all,candidate_passive,False,False,,"[{""target"":""T2P"",""magnitude"":0.4,""start_week"":12,""duration_weeks"":4,""recovery_weeks"":3},{""target"":""demand"",""magnitude"":0.2,""start_week"":12,""duration_weeks"":4,""recovery_weeks"":2}]",False,0.0057357000187039375,A
225,MI-FST,FST-MI-37,all,candidate_active,True,False,,"[{""target"":""T2P"",""magnitude"":0.4,""start_week"":12,""duration_weeks"":4,""recovery_weeks"":3},{""target"":""demand"",""magnitude"":0.2,""start_week"":12,""duration_weeks"":4,""recovery_weeks"":2}]",False,0.00600049999775365,A
226,MI-FST,FST-MI-37,moderate,singleton,False,False,0,"[{""target"":""T2P"",""magnitude"":0.4,""start_week"":12,""duration_weeks"":4,""recovery_weeks"":3}]",True,0.0,A
227,MI-FST,FST-MI-37,moderate,singleton,False,False,1,"[{""target"":""demand"",""magnitude"":0.2,""start_week"":12,""duration_weeks"":4,""recovery_weeks"":2}]",False,0.004605299967806786,A
228,MI-FST,FST-MI-37,moderate,upstream_node_deletion,False,False,1,"[{""target"":""demand"",""magnitude"":0.2,""start_week"":12,""duration_weeks"":4,""recovery_weeks"":2}]",True,0.0,A
229,MI-FST,FST-MI-37,moderate,direct_impact,False,True,0;1,"[{""target"":""T2P"",""magnitude"":0.4,""start_week"":12,""duration_weeks"":4,""recovery_weeks"":3},{""target"":""demand"",""magnitude"":0.2,""start_week"":12,""duration_weeks"":4,""recovery_weeks"":2}]",False,0.00619470002129674,A
230,MI-FST,FST-MI-37,severe,singleton,False,False,0,"[{""target"":""T2P"",""magnitude"":0.4,""start_week"":12,""duration_weeks"":4,""recovery_weeks"":3}]",True,0.0,A
231,MI-FST,FST-MI-37,severe,singleton,False,False,1,"[{""target"":""demand"",""magnitude"":0.2,""start_week"":12,""duration_weeks"":4,""recovery_weeks"":2}]",True,0.0,A
232,MI-FST,FST-MI-37,severe,upstream_node_deletion,False,False,1,"[{""target"":""demand"",""magnitude"":0.2,""start_week"":12,""duration_weeks"":4,""recovery_weeks"":2}]",True,0.0,A
233,MI-FST,FST-MI-37,severe,direct_impact,False,True,0;1,"[{""target"":""T2P"",""magnitude"":0.4,""start_week"":12,""duration_weeks"":4,""recovery_weeks"":3},{""target"":""demand"",""magnitude"":0.2,""start_week"":12,""duration_weeks"":4,""recovery_weeks"":2}]",True,0.0,A
234,MI-FST,FST-MI-38,all,candidate_passive,False,False,,"[{""target"":""T2P"",""magnitude"":0.4,""start_week"":12,""duration_weeks"":4,""recovery_weeks"":3},{""target"":""demand"",""magnitude"":0.4,""start_week"":12,""duration_weeks"":4,""recovery_weeks"":2}]",False,0.0067702000378631055,A
235,MI-FST,FST-MI-38,all,candidate_active,True,False,,"[{""target"":""T2P"",""magnitude"":0.4,""start_week"":12,""duration_weeks"":4,""recovery_weeks"":3},{""target"":""demand"",""magnitude"":0.4,""start_week"":12,""duration_weeks"":4,""recovery_weeks"":2}]",False,0.004927400033921003,A
236,MI-FST,FST-MI-38,moderate,singleton,False,False,0,"[{""target"":""T2P"",""magnitude"":0.4,""start_week"":12,""duration_weeks"":4,""recovery_weeks"":3}]",True,0.0,A
237,MI-FST,FST-MI-38,moderate,singleton,False,False,1,"[{""target"":""demand"",""magnitude"":0.4,""start_week"":12,""duration_weeks"":4,""recovery_weeks"":2}]",False,0.004516899993177503,A
238,MI-FST,FST-MI-38,moderate,upstream_node_deletion,False,False,1,"[{""target"":""demand"",""magnitude"":0.4,""start_week"":12,""duration_weeks"":4,""recovery_weeks"":2}]",True,0.0,A
239,MI-FST,FST-MI-38,moderate,direct_impact,False,True,0;1,"[{""target"":""T2P"",""magnitude"":0.4,""start_week"":12,""duration_weeks"":4,""recovery_weeks"":3},{""target"":""demand"",""magnitude"":0.4,""start_week"":12,""duration_weeks"":4,""recovery_weeks"":2}]",False,0.005945000040810555,A
240,MI-FST,FST-MI-38,severe,singleton,False,False,0,"[{""target"":""T2P"",""magnitude"":0.4,""start_week"":12,""duration_weeks"":4,""recovery_weeks"":3}]",True,0.0,A
241,MI-FST,FST-MI-38,severe,singleton,False,False,1,"[{""target"":""demand"",""magnitude"":0.4,""start_week"":12,""duration_weeks"":4,""recovery_weeks"":2}]",True,0.0,A
242,MI-FST,FST-MI-38,severe,upstream_node_deletion,False,False,1,"[{""target"":""demand"",""magnitude"":0.4,""start_week"":12,""duration_weeks"":4,""recovery_weeks"":2}]",True,0.0,A
243,MI-FST,FST-MI-38,severe,direct_impact,False,True,0;1,"[{""target"":""T2P"",""magnitude"":0.4,""start_week"":12,""duration_weeks"":4,""recovery_weeks"":3},{""target"":""demand"",""magnitude"":0.4,""start_week"":12,""duration_weeks"":4,""recovery_weeks"":2}]",True,0.0,A
244,MI-FST,FST-MI-39,all,candidate_passive,False,False,,"[{""target"":""T2P"",""magnitude"":0.6,""start_week"":12,""duration_weeks"":4,""recovery_weeks"":3},{""target"":""demand"",""magnitude"":0.2,""start_week"":12,""duration_weeks"":4,""recovery_weeks"":2}]",False,0.0035114000202156603,A
245,MI-FST,FST-MI-39,all,candidate_active,True,False,,"[{""target"":""T2P"",""magnitude"":0.6,""start_week"":12,""duration_weeks"":4,""recovery_weeks"":3},{""target"":""demand"",""magnitude"":0.2,""start_week"":12,""duration_weeks"":4,""recovery_weeks"":2}]",False,0.00400759995682165,A
246,MI-FST,FST-MI-39,moderate,singleton,False,False,0,"[{""target"":""T2P"",""magnitude"":0.6,""start_week"":12,""duration_weeks"":4,""recovery_weeks"":3}]",True,0.0,A
247,MI-FST,FST-MI-39,moderate,singleton,False,False,1,"[{""target"":""demand"",""magnitude"":0.2,""start_week"":12,""duration_weeks"":4,""recovery_weeks"":2}]",True,0.0,A
248,MI-FST,FST-MI-39,moderate,upstream_node_deletion,False,False,1,"[{""target"":""demand"",""magnitude"":0.2,""start_week"":12,""duration_weeks"":4,""recovery_weeks"":2}]",True,0.0,A
249,MI-FST,FST-MI-39,moderate,direct_impact,False,True,0;1,"[{""target"":""T2P"",""magnitude"":0.6,""start_week"":12,""duration_weeks"":4,""recovery_weeks"":3},{""target"":""demand"",""magnitude"":0.2,""start_week"":12,""duration_weeks"":4,""recovery_weeks"":2}]",False,0.004214199958369136,A
250,MI-FST,FST-MI-39,severe,singleton,False,False,0,"[{""target"":""T2P"",""magnitude"":0.6,""start_week"":12,""duration_weeks"":4,""recovery_weeks"":3}]",True,0.0,A
251,MI-FST,FST-MI-39,severe,singleton,False,False,1,"[{""target"":""demand"",""magnitude"":0.2,""start_week"":12,""duration_weeks"":4,""recovery_weeks"":2}]",True,0.0,A
252,MI-FST,FST-MI-39,severe,upstream_node_deletion,False,False,1,"[{""target"":""demand"",""magnitude"":0.2,""start_week"":12,""duration_weeks"":4,""recovery_weeks"":2}]",True,0.0,A
253,MI-FST,FST-MI-39,severe,direct_impact,False,True,0;1,"[{""target"":""T2P"",""magnitude"":0.6,""start_week"":12,""duration_weeks"":4,""recovery_weeks"":3},{""target"":""demand"",""magnitude"":0.2,""start_week"":12,""duration_weeks"":4,""recovery_weeks"":2}]",True,0.0,A
254,MI-FST,FST-MI-40,all,candidate_passive,False,False,,"[{""target"":""T2P"",""magnitude"":0.6,""start_week"":12,""duration_weeks"":4,""recovery_weeks"":3},{""target"":""demand"",""magnitude"":0.4,""start_week"":12,""duration_weeks"":4,""recovery_weeks"":2}]",False,0.004955400014296174,A
255,MI-FST,FST-MI-40,all,candidate_active,True,False,,"[{""target"":""T2P"",""magnitude"":0.6,""start_week"":12,""duration_weeks"":4,""recovery_weeks"":3},{""target"":""demand"",""magnitude"":0.4,""start_week"":12,""duration_weeks"":4,""recovery_weeks"":2}]",False,0.006832199986092746,A
256,MI-FST,FST-MI-40,moderate,singleton,False,False,0,"[{""target"":""T2P"",""magnitude"":0.6,""start_week"":12,""duration_weeks"":4,""recovery_weeks"":3}]",True,0.0,A
257,MI-FST,FST-MI-40,moderate,singleton,False,False,1,"[{""target"":""demand"",""magnitude"":0.4,""start_week"":12,""duration_weeks"":4,""recovery_weeks"":2}]",True,0.0,A
258,MI-FST,FST-MI-40,moderate,upstream_node_deletion,False,False,1,"[{""target"":""demand"",""magnitude"":0.4,""start_week"":12,""duration_weeks"":4,""recovery_weeks"":2}]",True,0.0,A
259,MI-FST,FST-MI-40,moderate,direct_impact,False,True,0;1,"[{""target"":""T2P"",""magnitude"":0.6,""start_week"":12,""duration_weeks"":4,""recovery_weeks"":3},{""target"":""demand"",""magnitude"":0.4,""start_week"":12,""duration_weeks"":4,""recovery_weeks"":2}]",False,0.005403099989052862,A
260,MI-FST,FST-MI-40,severe,singleton,False,False,0,"[{""target"":""T2P"",""magnitude"":0.6,""start_week"":12,""duration_weeks"":4,""recovery_weeks"":3}]",True,0.0,A
261,MI-FST,FST-MI-40,severe,singleton,False,False,1,"[{""target"":""demand"",""magnitude"":0.4,""start_week"":12,""duration_weeks"":4,""recovery_weeks"":2}]",True,0.0,A
262,MI-FST,FST-MI-40,severe,upstream_node_deletion,False,False,1,"[{""target"":""demand"",""magnitude"":0.4,""start_week"":12,""duration_weeks"":4,""recovery_weeks"":2}]",True,0.0,A
263,MI-FST,FST-MI-40,severe,direct_impact,False,True,0;1,"[{""target"":""T2P"",""magnitude"":0.6,""start_week"":12,""duration_weeks"":4,""recovery_weeks"":3},{""target"":""demand"",""magnitude"":0.4,""start_week"":12,""duration_weeks"":4,""recovery_weeks"":2}]",True,0.0,A
264,MI-FST,FST-MI-41,all,candidate_passive,False,False,,"[{""target"":""T2P"",""magnitude"":0.3,""start_week"":12,""duration_weeks"":3,""recovery_weeks"":3},{""target"":""corridor"",""magnitude"":0.5,""start_week"":15,""duration_weeks"":2,""recovery_weeks"":3}]",False,0.00757539999904111,A
265,MI-FST,FST-MI-41,all,candidate_active,True,False,,"[{""target"":""T2P"",""magnitude"":0.3,""start_week"":12,""duration_weeks"":3,""recovery_weeks"":3},{""target"":""corridor"",""magnitude"":0.5,""start_week"":15,""duration_weeks"":2,""recovery_weeks"":3}]",False,0.007964899996295571,A
266,MI-FST,FST-MI-41,moderate,singleton,False,False,0,"[{""target"":""T2P"",""magnitude"":0.3,""start_week"":12,""duration_weeks"":3,""recovery_weeks"":3}]",False,0.007989100005943328,A
267,MI-FST,FST-MI-41,moderate,singleton,False,False,1,"[{""target"":""corridor"",""magnitude"":0.5,""start_week"":15,""duration_weeks"":2,""recovery_weeks"":3}]",False,0.006354400014970452,A
268,MI-FST,FST-MI-41,moderate,upstream_node_deletion,False,False,1,"[{""target"":""corridor"",""magnitude"":0.5,""start_week"":15,""duration_weeks"":2,""recovery_weeks"":3}]",True,0.0,A
269,MI-FST,FST-MI-41,moderate,direct_impact,False,True,0;1,"[{""target"":""T2P"",""magnitude"":0.3,""start_week"":12,""duration_weeks"":3,""recovery_weeks"":3},{""target"":""corridor"",""magnitude"":0.5,""start_week"":15,""duration_weeks"":2,""recovery_weeks"":3}]",False,0.007050300016999245,A
270,MI-FST,FST-MI-41,moderate,later_event_deletion,False,False,0,"[{""target"":""T2P"",""magnitude"":0.3,""start_week"":12,""duration_weeks"":3,""recovery_weeks"":3}]",True,0.0,A
271,MI-FST,FST-MI-41,severe,singleton,False,False,0,"[{""target"":""T2P"",""magnitude"":0.3,""start_week"":12,""duration_weeks"":3,""recovery_weeks"":3}]",True,0.0,A
272,MI-FST,FST-MI-41,severe,singleton,False,False,1,"[{""target"":""corridor"",""magnitude"":0.5,""start_week"":15,""duration_weeks"":2,""recovery_weeks"":3}]",True,0.0,A
273,MI-FST,FST-MI-41,severe,upstream_node_deletion,False,False,1,"[{""target"":""corridor"",""magnitude"":0.5,""start_week"":15,""duration_weeks"":2,""recovery_weeks"":3}]",True,0.0,A
274,MI-FST,FST-MI-41,severe,direct_impact,False,True,0;1,"[{""target"":""T2P"",""magnitude"":0.3,""start_week"":12,""duration_weeks"":3,""recovery_weeks"":3},{""target"":""corridor"",""magnitude"":0.5,""start_week"":15,""duration_weeks"":2,""recovery_weeks"":3}]",True,0.0,A
275,MI-FST,FST-MI-41,severe,later_event_deletion,False,False,0,"[{""target"":""T2P"",""magnitude"":0.3,""start_week"":12,""duration_weeks"":3,""recovery_weeks"":3}]",True,0.0,A
276,MI-FST,FST-MI-42,all,candidate_passive,False,False,,"[{""target"":""T2P"",""magnitude"":0.4,""start_week"":12,""duration_weeks"":3,""recovery_weeks"":3},{""target"":""corridor"",""magnitude"":0.5,""start_week"":15,""duration_weeks"":2,""recovery_weeks"":3}]",False,0.007840099977329373,A
277,MI-FST,FST-MI-42,all,candidate_active,True,False,,"[{""target"":""T2P"",""magnitude"":0.4,""start_week"":12,""duration_weeks"":3,""recovery_weeks"":3},{""target"":""corridor"",""magnitude"":0.5,""start_week"":15,""duration_weeks"":2,""recovery_weeks"":3}]",False,0.0073911999934352934,A
278,MI-FST,FST-MI-42,moderate,singleton,False,False,0,"[{""target"":""T2P"",""magnitude"":0.4,""start_week"":12,""duration_weeks"":3,""recovery_weeks"":3}]",False,0.0062200999818742275,A
279,MI-FST,FST-MI-42,moderate,singleton,False,False,1,"[{""target"":""corridor"",""magnitude"":0.5,""start_week"":15,""duration_weeks"":2,""recovery_weeks"":3}]",True,0.0,A
280,MI-FST,FST-MI-42,moderate,upstream_node_deletion,False,False,1,"[{""target"":""corridor"",""magnitude"":0.5,""start_week"":15,""duration_weeks"":2,""recovery_weeks"":3}]",True,0.0,A
281,MI-FST,FST-MI-42,moderate,direct_impact,False,True,0;1,"[{""target"":""T2P"",""magnitude"":0.4,""start_week"":12,""duration_weeks"":3,""recovery_weeks"":3},{""target"":""corridor"",""magnitude"":0.5,""start_week"":15,""duration_weeks"":2,""recovery_weeks"":3}]",False,0.007395299966447055,A
282,MI-FST,FST-MI-42,moderate,later_event_deletion,False,False,0,"[{""target"":""T2P"",""magnitude"":0.4,""start_week"":12,""duration_weeks"":3,""recovery_weeks"":3}]",True,0.0,A
283,MI-FST,FST-MI-42,severe,singleton,False,False,0,"[{""target"":""T2P"",""magnitude"":0.4,""start_week"":12,""duration_weeks"":3,""recovery_weeks"":3}]",True,0.0,A
284,MI-FST,FST-MI-42,severe,singleton,False,False,1,"[{""target"":""corridor"",""magnitude"":0.5,""start_week"":15,""duration_weeks"":2,""recovery_weeks"":3}]",True,0.0,A
285,MI-FST,FST-MI-42,severe,upstream_node_deletion,False,False,1,"[{""target"":""corridor"",""magnitude"":0.5,""start_week"":15,""duration_weeks"":2,""recovery_weeks"":3}]",True,0.0,A
286,MI-FST,FST-MI-42,severe,direct_impact,False,True,0;1,"[{""target"":""T2P"",""magnitude"":0.4,""start_week"":12,""duration_weeks"":3,""recovery_weeks"":3},{""target"":""corridor"",""magnitude"":0.5,""start_week"":15,""duration_weeks"":2,""recovery_weeks"":3}]",True,0.0,A
287,MI-FST,FST-MI-42,severe,later_event_deletion,False,False,0,"[{""target"":""T2P"",""magnitude"":0.4,""start_week"":12,""duration_weeks"":3,""recovery_weeks"":3}]",True,0.0,A
288,MI-FST,FST-MI-43,all,candidate_passive,False,False,,"[{""target"":""T2P"",""magnitude"":0.5,""start_week"":12,""duration_weeks"":3,""recovery_weeks"":3},{""target"":""corridor"",""magnitude"":0.5,""start_week"":15,""duration_weeks"":2,""recovery_weeks"":3}]",False,0.00729099998716265,A
289,MI-FST,FST-MI-43,all,candidate_active,True,False,,"[{""target"":""T2P"",""magnitude"":0.5,""start_week"":12,""duration_weeks"":3,""recovery_weeks"":3},{""target"":""corridor"",""magnitude"":0.5,""start_week"":15,""duration_weeks"":2,""recovery_weeks"":3}]",False,0.005470299976877868,A
290,MI-FST,FST-MI-43,moderate,singleton,False,False,0,"[{""target"":""T2P"",""magnitude"":0.5,""start_week"":12,""duration_weeks"":3,""recovery_weeks"":3}]",True,0.0,A
291,MI-FST,FST-MI-43,moderate,singleton,False,False,1,"[{""target"":""corridor"",""magnitude"":0.5,""start_week"":15,""duration_weeks"":2,""recovery_weeks"":3}]",True,0.0,A
292,MI-FST,FST-MI-43,moderate,upstream_node_deletion,False,False,1,"[{""target"":""corridor"",""magnitude"":0.5,""start_week"":15,""duration_weeks"":2,""recovery_weeks"":3}]",True,0.0,A
293,MI-FST,FST-MI-43,moderate,direct_impact,False,True,0;1,"[{""target"":""T2P"",""magnitude"":0.5,""start_week"":12,""duration_weeks"":3,""recovery_weeks"":3},{""target"":""corridor"",""magnitude"":0.5,""start_week"":15,""duration_weeks"":2,""recovery_weeks"":3}]",False,0.007543999992776662,A
294,MI-FST,FST-MI-43,moderate,later_event_deletion,False,False,0,"[{""target"":""T2P"",""magnitude"":0.5,""start_week"":12,""duration_weeks"":3,""recovery_weeks"":3}]",True,0.0,A
295,MI-FST,FST-MI-43,severe,singleton,False,False,0,"[{""target"":""T2P"",""magnitude"":0.5,""start_week"":12,""duration_weeks"":3,""recovery_weeks"":3}]",True,0.0,A
296,MI-FST,FST-MI-43,severe,singleton,False,False,1,"[{""target"":""corridor"",""magnitude"":0.5,""start_week"":15,""duration_weeks"":2,""recovery_weeks"":3}]",True,0.0,A
297,MI-FST,FST-MI-43,severe,upstream_node_deletion,False,False,1,"[{""target"":""corridor"",""magnitude"":0.5,""start_week"":15,""duration_weeks"":2,""recovery_weeks"":3}]",True,0.0,A
298,MI-FST,FST-MI-43,severe,direct_impact,False,True,0;1,"[{""target"":""T2P"",""magnitude"":0.5,""start_week"":12,""duration_weeks"":3,""recovery_weeks"":3},{""target"":""corridor"",""magnitude"":0.5,""start_week"":15,""duration_weeks"":2,""recovery_weeks"":3}]",True,0.0,A
299,MI-FST,FST-MI-43,severe,later_event_deletion,False,False,0,"[{""target"":""T2P"",""magnitude"":0.5,""start_week"":12,""duration_weeks"":3,""recovery_weeks"":3}]",True,0.0,A
300,MI-FST,FST-MI-44,all,candidate_passive,False,False,,"[{""target"":""T2P"",""magnitude"":0.6,""start_week"":12,""duration_weeks"":3,""recovery_weeks"":3},{""target"":""corridor"",""magnitude"":0.5,""start_week"":15,""duration_weeks"":2,""recovery_weeks"":3}]",False,0.007075500034261495,A
301,MI-FST,FST-MI-44,all,candidate_active,True,False,,"[{""target"":""T2P"",""magnitude"":0.6,""start_week"":12,""duration_weeks"":3,""recovery_weeks"":3},{""target"":""corridor"",""magnitude"":0.5,""start_week"":15,""duration_weeks"":2,""recovery_weeks"":3}]",False,0.007218700018711388,A
302,MI-FST,FST-MI-44,moderate,singleton,False,False,0,"[{""target"":""T2P"",""magnitude"":0.6,""start_week"":12,""duration_weeks"":3,""recovery_weeks"":3}]",False,0.006221999996341765,A
303,MI-FST,FST-MI-44,moderate,singleton,False,False,1,"[{""target"":""corridor"",""magnitude"":0.5,""start_week"":15,""duration_weeks"":2,""recovery_weeks"":3}]",True,0.0,A
304,MI-FST,FST-MI-44,moderate,upstream_node_deletion,False,False,1,"[{""target"":""corridor"",""magnitude"":0.5,""start_week"":15,""duration_weeks"":2,""recovery_weeks"":3}]",True,0.0,A
305,MI-FST,FST-MI-44,moderate,direct_impact,False,True,0;1,"[{""target"":""T2P"",""magnitude"":0.6,""start_week"":12,""duration_weeks"":3,""recovery_weeks"":3},{""target"":""corridor"",""magnitude"":0.5,""start_week"":15,""duration_weeks"":2,""recovery_weeks"":3}]",False,0.00714569998672232,A
306,MI-FST,FST-MI-44,moderate,later_event_deletion,False,False,0,"[{""target"":""T2P"",""magnitude"":0.6,""start_week"":12,""duration_weeks"":3,""recovery_weeks"":3}]",True,0.0,A
307,MI-FST,FST-MI-44,severe,singleton,False,False,0,"[{""target"":""T2P"",""magnitude"":0.6,""start_week"":12,""duration_weeks"":3,""recovery_weeks"":3}]",True,0.0,A
308,MI-FST,FST-MI-44,severe,singleton,False,False,1,"[{""target"":""corridor"",""magnitude"":0.5,""start_week"":15,""duration_weeks"":2,""recovery_weeks"":3}]",True,0.0,A
309,MI-FST,FST-MI-44,severe,upstream_node_deletion,False,False,1,"[{""target"":""corridor"",""magnitude"":0.5,""start_week"":15,""duration_weeks"":2,""recovery_weeks"":3}]",True,0.0,A
310,MI-FST,FST-MI-44,severe,direct_impact,False,True,0;1,"[{""target"":""T2P"",""magnitude"":0.6,""start_week"":12,""duration_weeks"":3,""recovery_weeks"":3},{""target"":""corridor"",""magnitude"":0.5,""start_week"":15,""duration_weeks"":2,""recovery_weeks"":3}]",True,0.0,A
311,MI-FST,FST-MI-44,severe,later_event_deletion,False,False,0,"[{""target"":""T2P"",""magnitude"":0.6,""start_week"":12,""duration_weeks"":3,""recovery_weeks"":3}]",True,0.0,A
312,MI-FST,FST-MI-45,all,candidate_passive,False,False,,"[{""target"":""T2P"",""magnitude"":0.7,""start_week"":12,""duration_weeks"":3,""recovery_weeks"":3},{""target"":""corridor"",""magnitude"":0.5,""start_week"":15,""duration_weeks"":2,""recovery_weeks"":3}]",False,0.006630199961364269,A
313,MI-FST,FST-MI-45,all,candidate_active,True,False,,"[{""target"":""T2P"",""magnitude"":0.7,""start_week"":12,""duration_weeks"":3,""recovery_weeks"":3},{""target"":""corridor"",""magnitude"":0.5,""start_week"":15,""duration_weeks"":2,""recovery_weeks"":3}]",False,0.007501100015360862,A
314,MI-FST,FST-MI-45,moderate,singleton,False,False,0,"[{""target"":""T2P"",""magnitude"":0.7,""start_week"":12,""duration_weeks"":3,""recovery_weeks"":3}]",False,0.005931699997745454,A
315,MI-FST,FST-MI-45,moderate,singleton,False,False,1,"[{""target"":""corridor"",""magnitude"":0.5,""start_week"":15,""duration_weeks"":2,""recovery_weeks"":3}]",True,0.0,A
316,MI-FST,FST-MI-45,moderate,upstream_node_deletion,False,False,1,"[{""target"":""corridor"",""magnitude"":0.5,""start_week"":15,""duration_weeks"":2,""recovery_weeks"":3}]",True,0.0,A
317,MI-FST,FST-MI-45,moderate,direct_impact,False,True,0;1,"[{""target"":""T2P"",""magnitude"":0.7,""start_week"":12,""duration_weeks"":3,""recovery_weeks"":3},{""target"":""corridor"",""magnitude"":0.5,""start_week"":15,""duration_weeks"":2,""recovery_weeks"":3}]",False,0.0045464999857358634,A
318,MI-FST,FST-MI-45,moderate,later_event_deletion,False,False,0,"[{""target"":""T2P"",""magnitude"":0.7,""start_week"":12,""duration_weeks"":3,""recovery_weeks"":3}]",True,0.0,A
319,MI-FST,FST-MI-45,severe,singleton,False,False,0,"[{""target"":""T2P"",""magnitude"":0.7,""start_week"":12,""duration_weeks"":3,""recovery_weeks"":3}]",True,0.0,A
320,MI-FST,FST-MI-45,severe,singleton,False,False,1,"[{""target"":""corridor"",""magnitude"":0.5,""start_week"":15,""duration_weeks"":2,""recovery_weeks"":3}]",True,0.0,A
321,MI-FST,FST-MI-45,severe,upstream_node_deletion,False,False,1,"[{""target"":""corridor"",""magnitude"":0.5,""start_week"":15,""duration_weeks"":2,""recovery_weeks"":3}]",True,0.0,A
322,MI-FST,FST-MI-45,severe,direct_impact,False,True,0;1,"[{""target"":""T2P"",""magnitude"":0.7,""start_week"":12,""duration_weeks"":3,""recovery_weeks"":3},{""target"":""corridor"",""magnitude"":0.5,""start_week"":15,""duration_weeks"":2,""recovery_weeks"":3}]",True,0.0,A
323,MI-FST,FST-MI-45,severe,later_event_deletion,False,False,0,"[{""target"":""T2P"",""magnitude"":0.7,""start_week"":12,""duration_weeks"":3,""recovery_weeks"":3}]",True,0.0,A
324,MI-FST,FST-MI-46,all,candidate_passive,False,False,,"[{""target"":""corridor"",""magnitude"":0.3,""start_week"":12,""duration_weeks"":3,""recovery_weeks"":3},{""target"":""T2P"",""magnitude"":0.5,""start_week"":15,""duration_weeks"":2,""recovery_weeks"":3}]",False,0.005880899960175157,A
325,MI-FST,FST-MI-46,all,candidate_active,True,False,,"[{""target"":""corridor"",""magnitude"":0.3,""start_week"":12,""duration_weeks"":3,""recovery_weeks"":3},{""target"":""T2P"",""magnitude"":0.5,""start_week"":15,""duration_weeks"":2,""recovery_weeks"":3}]",False,0.004918300022836775,A
326,MI-FST,FST-MI-46,moderate,singleton,False,False,0,"[{""target"":""corridor"",""magnitude"":0.3,""start_week"":12,""duration_weeks"":3,""recovery_weeks"":3}]",False,0.004319500003475696,A
327,MI-FST,FST-MI-46,moderate,singleton,False,False,1,"[{""target"":""T2P"",""magnitude"":0.5,""start_week"":15,""duration_weeks"":2,""recovery_weeks"":3}]",False,0.007059000025037676,A
328,MI-FST,FST-MI-46,moderate,upstream_node_deletion,False,False,0,"[{""target"":""corridor"",""magnitude"":0.3,""start_week"":12,""duration_weeks"":3,""recovery_weeks"":3}]",True,0.0,A
329,MI-FST,FST-MI-46,moderate,direct_impact,False,True,0;1,"[{""target"":""corridor"",""magnitude"":0.3,""start_week"":12,""duration_weeks"":3,""recovery_weeks"":3},{""target"":""T2P"",""magnitude"":0.5,""start_week"":15,""duration_weeks"":2,""recovery_weeks"":3}]",False,0.00838449998991564,A
330,MI-FST,FST-MI-46,moderate,later_event_deletion,False,False,0,"[{""target"":""corridor"",""magnitude"":0.3,""start_week"":12,""duration_weeks"":3,""recovery_weeks"":3}]",True,0.0,A
331,MI-FST,FST-MI-46,severe,singleton,False,False,0,"[{""target"":""corridor"",""magnitude"":0.3,""start_week"":12,""duration_weeks"":3,""recovery_weeks"":3}]",True,0.0,A
332,MI-FST,FST-MI-46,severe,singleton,False,False,1,"[{""target"":""T2P"",""magnitude"":0.5,""start_week"":15,""duration_weeks"":2,""recovery_weeks"":3}]",True,0.0,A
333,MI-FST,FST-MI-46,severe,upstream_node_deletion,False,False,0,"[{""target"":""corridor"",""magnitude"":0.3,""start_week"":12,""duration_weeks"":3,""recovery_weeks"":3}]",True,0.0,A
334,MI-FST,FST-MI-46,severe,direct_impact,False,True,0;1,"[{""target"":""corridor"",""magnitude"":0.3,""start_week"":12,""duration_weeks"":3,""recovery_weeks"":3},{""target"":""T2P"",""magnitude"":0.5,""start_week"":15,""duration_weeks"":2,""recovery_weeks"":3}]",True,0.0,A
335,MI-FST,FST-MI-46,severe,later_event_deletion,False,False,0,"[{""target"":""corridor"",""magnitude"":0.3,""start_week"":12,""duration_weeks"":3,""recovery_weeks"":3}]",True,0.0,A
336,MI-FST,FST-MI-47,all,candidate_passive,False,False,,"[{""target"":""corridor"",""magnitude"":0.4,""start_week"":12,""duration_weeks"":3,""recovery_weeks"":3},{""target"":""T2P"",""magnitude"":0.5,""start_week"":15,""duration_weeks"":2,""recovery_weeks"":3}]",False,0.007260600046720356,A
337,MI-FST,FST-MI-47,all,candidate_active,True,False,,"[{""target"":""corridor"",""magnitude"":0.4,""start_week"":12,""duration_weeks"":3,""recovery_weeks"":3},{""target"":""T2P"",""magnitude"":0.5,""start_week"":15,""duration_weeks"":2,""recovery_weeks"":3}]",False,0.007888499996624887,A
338,MI-FST,FST-MI-47,moderate,singleton,False,False,0,"[{""target"":""corridor"",""magnitude"":0.4,""start_week"":12,""duration_weeks"":3,""recovery_weeks"":3}]",False,0.007018099946435541,A
339,MI-FST,FST-MI-47,severe,singleton,False,False,0,"[{""target"":""corridor"",""magnitude"":0.4,""start_week"":12,""duration_weeks"":3,""recovery_weeks"":3}]",True,0.0,A
340,MI-FST,FST-MI-47,severe,singleton,False,False,1,"[{""target"":""T2P"",""magnitude"":0.5,""start_week"":15,""duration_weeks"":2,""recovery_weeks"":3}]",True,0.0,A
341,MI-FST,FST-MI-47,severe,upstream_node_deletion,False,False,0,"[{""target"":""corridor"",""magnitude"":0.4,""start_week"":12,""duration_weeks"":3,""recovery_weeks"":3}]",True,0.0,A
342,MI-FST,FST-MI-47,severe,direct_impact,False,True,0;1,"[{""target"":""corridor"",""magnitude"":0.4,""start_week"":12,""duration_weeks"":3,""recovery_weeks"":3},{""target"":""T2P"",""magnitude"":0.5,""start_week"":15,""duration_weeks"":2,""recovery_weeks"":3}]",False,0.005744699970819056,A
343,MI-FST,FST-MI-47,severe,later_event_deletion,False,False,0,"[{""target"":""corridor"",""magnitude"":0.4,""start_week"":12,""duration_weeks"":3,""recovery_weeks"":3}]",True,0.0,A
344,MI-FST,FST-MI-48,all,candidate_passive,False,False,,"[{""target"":""corridor"",""magnitude"":0.5,""start_week"":12,""duration_weeks"":3,""recovery_weeks"":3},{""target"":""T2P"",""magnitude"":0.5,""start_week"":15,""duration_weeks"":2,""recovery_weeks"":3}]",False,0.00774879998061806,A
345,MI-FST,FST-MI-48,all,candidate_active,True,False,,"[{""target"":""corridor"",""magnitude"":0.5,""start_week"":12,""duration_weeks"":3,""recovery_weeks"":3},{""target"":""T2P"",""magnitude"":0.5,""start_week"":15,""duration_weeks"":2,""recovery_weeks"":3}]",False,0.007041300006676465,A
346,MI-FST,FST-MI-48,moderate,singleton,False,False,0,"[{""target"":""corridor"",""magnitude"":0.5,""start_week"":12,""duration_weeks"":3,""recovery_weeks"":3}]",False,0.006222900003194809,A
347,MI-FST,FST-MI-48,severe,singleton,False,False,0,"[{""target"":""corridor"",""magnitude"":0.5,""start_week"":12,""duration_weeks"":3,""recovery_weeks"":3}]",True,0.0,A
348,MI-FST,FST-MI-48,severe,singleton,False,False,1,"[{""target"":""T2P"",""magnitude"":0.5,""start_week"":15,""duration_weeks"":2,""recovery_weeks"":3}]",True,0.0,A
349,MI-FST,FST-MI-48,severe,upstream_node_deletion,False,False,0,"[{""target"":""corridor"",""magnitude"":0.5,""start_week"":12,""duration_weeks"":3,""recovery_weeks"":3}]",True,0.0,A
350,MI-FST,FST-MI-48,severe,direct_impact,False,True,0;1,"[{""target"":""corridor"",""magnitude"":0.5,""start_week"":12,""duration_weeks"":3,""recovery_weeks"":3},{""target"":""T2P"",""magnitude"":0.5,""start_week"":15,""duration_weeks"":2,""recovery_weeks"":3}]",False,0.007425400021020323,A
351,MI-FST,FST-MI-48,severe,later_event_deletion,False,False,0,"[{""target"":""corridor"",""magnitude"":0.5,""start_week"":12,""duration_weeks"":3,""recovery_weeks"":3}]",True,0.0,A
352,MI-FST,FST-MI-49,all,candidate_passive,False,False,,"[{""target"":""corridor"",""magnitude"":0.6,""start_week"":12,""duration_weeks"":3,""recovery_weeks"":3},{""target"":""T2P"",""magnitude"":0.5,""start_week"":15,""duration_weeks"":2,""recovery_weeks"":3}]",False,0.007369700004346669,A
353,MI-FST,FST-MI-49,all,candidate_active,True,False,,"[{""target"":""corridor"",""magnitude"":0.6,""start_week"":12,""duration_weeks"":3,""recovery_weeks"":3},{""target"":""T2P"",""magnitude"":0.5,""start_week"":15,""duration_weeks"":2,""recovery_weeks"":3}]",False,0.00908230000641197,A
354,MI-FST,FST-MI-49,moderate,singleton,False,False,0,"[{""target"":""corridor"",""magnitude"":0.6,""start_week"":12,""duration_weeks"":3,""recovery_weeks"":3}]",False,0.011071200016885996,A
355,MI-FST,FST-MI-49,severe,singleton,False,False,0,"[{""target"":""corridor"",""magnitude"":0.6,""start_week"":12,""duration_weeks"":3,""recovery_weeks"":3}]",True,0.0,A
356,MI-FST,FST-MI-49,severe,singleton,False,False,1,"[{""target"":""T2P"",""magnitude"":0.5,""start_week"":15,""duration_weeks"":2,""recovery_weeks"":3}]",True,0.0,A
357,MI-FST,FST-MI-49,severe,upstream_node_deletion,False,False,0,"[{""target"":""corridor"",""magnitude"":0.6,""start_week"":12,""duration_weeks"":3,""recovery_weeks"":3}]",True,0.0,A
358,MI-FST,FST-MI-49,severe,direct_impact,False,True,0;1,"[{""target"":""corridor"",""magnitude"":0.6,""start_week"":12,""duration_weeks"":3,""recovery_weeks"":3},{""target"":""T2P"",""magnitude"":0.5,""start_week"":15,""duration_weeks"":2,""recovery_weeks"":3}]",False,0.008539800008293241,A
359,MI-FST,FST-MI-49,severe,later_event_deletion,False,False,0,"[{""target"":""corridor"",""magnitude"":0.6,""start_week"":12,""duration_weeks"":3,""recovery_weeks"":3}]",True,0.0,A
360,MI-FST,FST-MI-50,all,candidate_passive,False,False,,"[{""target"":""corridor"",""magnitude"":0.7,""start_week"":12,""duration_weeks"":3,""recovery_weeks"":3},{""target"":""T2P"",""magnitude"":0.5,""start_week"":15,""duration_weeks"":2,""recovery_weeks"":3}]",False,0.008260099973995239,A
361,MI-FST,FST-MI-50,all,candidate_active,True,False,,"[{""target"":""corridor"",""magnitude"":0.7,""start_week"":12,""duration_weeks"":3,""recovery_weeks"":3},{""target"":""T2P"",""magnitude"":0.5,""start_week"":15,""duration_weeks"":2,""recovery_weeks"":3}]",False,0.007550000038463622,A
362,MI-FST,FST-MI-50,moderate,singleton,False,False,0,"[{""target"":""corridor"",""magnitude"":0.7,""start_week"":12,""duration_weeks"":3,""recovery_weeks"":3}]",False,0.0063862999668344855,A
363,MI-FST,FST-MI-50,severe,singleton,False,False,0,"[{""target"":""corridor"",""magnitude"":0.7,""start_week"":12,""duration_weeks"":3,""recovery_weeks"":3}]",True,0.0,A
364,MI-FST,FST-MI-50,severe,singleton,False,False,1,"[{""target"":""T2P"",""magnitude"":0.5,""start_week"":15,""duration_weeks"":2,""recovery_weeks"":3}]",True,0.0,A
365,MI-FST,FST-MI-50,severe,upstream_node_deletion,False,False,0,"[{""target"":""corridor"",""magnitude"":0.7,""start_week"":12,""duration_weeks"":3,""recovery_weeks"":3}]",True,0.0,A
366,MI-FST,FST-MI-50,severe,direct_impact,False,True,0;1,"[{""target"":""corridor"",""magnitude"":0.7,""start_week"":12,""duration_weeks"":3,""recovery_weeks"":3},{""target"":""T2P"",""magnitude"":0.5,""start_week"":15,""duration_weeks"":2,""recovery_weeks"":3}]",False,0.009195099992211908,A
367,MI-FST,FST-MI-50,severe,later_event_deletion,False,False,0,"[{""target"":""corridor"",""magnitude"":0.7,""start_week"":12,""duration_weeks"":3,""recovery_weeks"":3}]",True,0.0,A
1,RST,RST-01,all,candidate_passive,False,False,,"[{""target"":""T2P"",""magnitude"":0.45,""start_week"":12,""duration_weeks"":2,""recovery_weeks"":3}]",False,0.00601379998261109,A
2,RST,RST-01,all,candidate_active,True,False,,"[{""target"":""T2P"",""magnitude"":0.45,""start_week"":12,""duration_weeks"":2,""recovery_weeks"":3}]",False,0.007058699964545667,A
3,RST,RST-01,moderate,singleton,False,False,0,"[{""target"":""T2P"",""magnitude"":0.45,""start_week"":12,""duration_weeks"":2,""recovery_weeks"":3}]",True,0.0,A
4,RST,RST-01,moderate,upstream_node_deletion,False,False,,[],False,0.0037669999874196947,A
5,RST,RST-01,moderate,direct_impact,False,True,0,"[{""target"":""T2P"",""magnitude"":0.45,""start_week"":12,""duration_weeks"":2,""recovery_weeks"":3}]",False,0.004508599988184869,A
6,RST,RST-02,all,candidate_passive,False,False,,"[{""target"":""T2P"",""magnitude"":0.55,""start_week"":12,""duration_weeks"":3,""recovery_weeks"":3}]",False,0.006150199973490089,A
7,RST,RST-02,all,candidate_active,True,False,,"[{""target"":""T2P"",""magnitude"":0.55,""start_week"":12,""duration_weeks"":3,""recovery_weeks"":3}]",False,0.0057968999608419836,A
8,RST,RST-02,moderate,singleton,False,False,0,"[{""target"":""T2P"",""magnitude"":0.55,""start_week"":12,""duration_weeks"":3,""recovery_weeks"":3}]",True,0.0,A
9,RST,RST-02,moderate,upstream_node_deletion,False,False,,[],True,0.0,A
10,RST,RST-02,moderate,direct_impact,False,True,0,"[{""target"":""T2P"",""magnitude"":0.55,""start_week"":12,""duration_weeks"":3,""recovery_weeks"":3}]",False,0.005376300017815083,A
11,RST,RST-02,severe,singleton,False,False,0,"[{""target"":""T2P"",""magnitude"":0.55,""start_week"":12,""duration_weeks"":3,""recovery_weeks"":3}]",True,0.0,A
12,RST,RST-02,severe,upstream_node_deletion,False,False,,[],True,0.0,A
13,RST,RST-02,severe,direct_impact,False,True,0,"[{""target"":""T2P"",""magnitude"":0.55,""start_week"":12,""duration_weeks"":3,""recovery_weeks"":3}]",True,0.0,A
14,RST,RST-03,all,candidate_passive,False,False,,"[{""target"":""T2P"",""magnitude"":0.65,""start_week"":12,""duration_weeks"":4,""recovery_weeks"":3}]",False,0.007495199970435351,A
15,RST,RST-03,all,candidate_active,True,False,,"[{""target"":""T2P"",""magnitude"":0.65,""start_week"":12,""duration_weeks"":4,""recovery_weeks"":3}]",False,0.005176000006031245,A
16,RST,RST-03,moderate,singleton,False,False,0,"[{""target"":""T2P"",""magnitude"":0.65,""start_week"":12,""duration_weeks"":4,""recovery_weeks"":3}]",True,0.0,A
17,RST,RST-03,moderate,upstream_node_deletion,False,False,,[],True,0.0,A
18,RST,RST-03,moderate,direct_impact,False,True,0,"[{""target"":""T2P"",""magnitude"":0.65,""start_week"":12,""duration_weeks"":4,""recovery_weeks"":3}]",False,0.006380899983923882,A
19,RST,RST-03,severe,singleton,False,False,0,"[{""target"":""T2P"",""magnitude"":0.65,""start_week"":12,""duration_weeks"":4,""recovery_weeks"":3}]",True,0.0,A
20,RST,RST-03,severe,upstream_node_deletion,False,False,,[],True,0.0,A
21,RST,RST-03,severe,direct_impact,False,True,0,"[{""target"":""T2P"",""magnitude"":0.65,""start_week"":12,""duration_weeks"":4,""recovery_weeks"":3}]",True,0.0,A
22,RST,RST-04,all,candidate_passive,False,False,,"[{""target"":""T2P"",""magnitude"":0.75,""start_week"":12,""duration_weeks"":5,""recovery_weeks"":3}]",False,0.005231700022704899,A
23,RST,RST-04,all,candidate_active,True,False,,"[{""target"":""T2P"",""magnitude"":0.75,""start_week"":12,""duration_weeks"":5,""recovery_weeks"":3}]",False,0.006062799948267639,A
24,RST,RST-04,moderate,singleton,False,False,0,"[{""target"":""T2P"",""magnitude"":0.75,""start_week"":12,""duration_weeks"":5,""recovery_weeks"":3}]",True,0.0,A
25,RST,RST-04,moderate,upstream_node_deletion,False,False,,[],True,0.0,A
26,RST,RST-04,moderate,direct_impact,False,True,0,"[{""target"":""T2P"",""magnitude"":0.75,""start_week"":12,""duration_weeks"":5,""recovery_weeks"":3}]",False,0.006349799979943782,A
27,RST,RST-04,severe,singleton,False,False,0,"[{""target"":""T2P"",""magnitude"":0.75,""start_week"":12,""duration_weeks"":5,""recovery_weeks"":3}]",True,0.0,A
28,RST,RST-04,severe,upstream_node_deletion,False,False,,[],True,0.0,A
29,RST,RST-04,severe,direct_impact,False,True,0,"[{""target"":""T2P"",""magnitude"":0.75,""start_week"":12,""duration_weeks"":5,""recovery_weeks"":3}]",True,0.0,A
30,RST,RST-05,all,candidate_passive,False,False,,"[{""target"":""corridor"",""magnitude"":0.45,""start_week"":12,""duration_weeks"":2,""recovery_weeks"":3}]",False,0.006426699983421713,A
31,RST,RST-05,all,candidate_active,True,False,,"[{""target"":""corridor"",""magnitude"":0.45,""start_week"":12,""duration_weeks"":2,""recovery_weeks"":3}]",False,0.006409499968867749,A
32,RST,RST-05,moderate,singleton,False,False,0,"[{""target"":""corridor"",""magnitude"":0.45,""start_week"":12,""duration_weeks"":2,""recovery_weeks"":3}]",True,0.0,A
33,RST,RST-05,severe,singleton,False,False,0,"[{""target"":""corridor"",""magnitude"":0.45,""start_week"":12,""duration_weeks"":2,""recovery_weeks"":3}]",True,0.0,A
34,RST,RST-06,all,candidate_passive,False,False,,"[{""target"":""corridor"",""magnitude"":0.55,""start_week"":12,""duration_weeks"":3,""recovery_weeks"":3}]",False,0.00636790000135079,A
35,RST,RST-06,all,candidate_active,True,False,,"[{""target"":""corridor"",""magnitude"":0.55,""start_week"":12,""duration_weeks"":3,""recovery_weeks"":3}]",False,0.006854499981272966,A
36,RST,RST-06,moderate,singleton,False,False,0,"[{""target"":""corridor"",""magnitude"":0.55,""start_week"":12,""duration_weeks"":3,""recovery_weeks"":3}]",True,0.0,A
37,RST,RST-06,severe,singleton,False,False,0,"[{""target"":""corridor"",""magnitude"":0.55,""start_week"":12,""duration_weeks"":3,""recovery_weeks"":3}]",True,0.0,A
38,RST,RST-07,all,candidate_passive,False,False,,"[{""target"":""corridor"",""magnitude"":0.65,""start_week"":12,""duration_weeks"":4,""recovery_weeks"":3}]",False,0.008125699998345226,A
39,RST,RST-07,all,candidate_active,True,False,,"[{""target"":""corridor"",""magnitude"":0.65,""start_week"":12,""duration_weeks"":4,""recovery_weeks"":3}]",False,0.006571599980816245,A
40,RST,RST-07,moderate,singleton,False,False,0,"[{""target"":""corridor"",""magnitude"":0.65,""start_week"":12,""duration_weeks"":4,""recovery_weeks"":3}]",True,0.0,A
41,RST,RST-07,severe,singleton,False,False,0,"[{""target"":""corridor"",""magnitude"":0.65,""start_week"":12,""duration_weeks"":4,""recovery_weeks"":3}]",True,0.0,A
42,RST,RST-08,all,candidate_passive,False,False,,"[{""target"":""corridor"",""magnitude"":0.75,""start_week"":12,""duration_weeks"":5,""recovery_weeks"":3}]",False,0.006350899988319725,A
43,RST,RST-08,all,candidate_active,True,False,,"[{""target"":""corridor"",""magnitude"":0.75,""start_week"":12,""duration_weeks"":5,""recovery_weeks"":3}]",False,0.0063547000172548,A
44,RST,RST-08,moderate,singleton,False,False,0,"[{""target"":""corridor"",""magnitude"":0.75,""start_week"":12,""duration_weeks"":5,""recovery_weeks"":3}]",True,0.0,A
45,RST,RST-08,severe,singleton,False,False,0,"[{""target"":""corridor"",""magnitude"":0.75,""start_week"":12,""duration_weeks"":5,""recovery_weeks"":3}]",True,0.0,A
46,RST,RST-09,all,candidate_passive,False,False,,"[{""target"":""T2P"",""magnitude"":0.2,""start_week"":12,""duration_weeks"":4,""recovery_weeks"":3}]",False,0.006204100034665316,A
47,RST,RST-10,all,candidate_passive,False,False,,"[{""target"":""T2P"",""magnitude"":0.2,""start_week"":12,""duration_weeks"":7,""recovery_weeks"":3}]",False,0.006955099990591407,A
48,RST,RST-10,all,candidate_active,True,False,,"[{""target"":""T2P"",""magnitude"":0.2,""start_week"":12,""duration_weeks"":7,""recovery_weeks"":3}]",False,0.006245900003705174,A
49,RST,RST-10,moderate,singleton,False,False,0,"[{""target"":""T2P"",""magnitude"":0.2,""start_week"":12,""duration_weeks"":7,""recovery_weeks"":3}]",True,0.0,A
50,RST,RST-10,moderate,upstream_node_deletion,False,False,,[],True,0.0,A
51,RST,RST-10,moderate,direct_impact,False,True,0,"[{""target"":""T2P"",""magnitude"":0.2,""start_week"":12,""duration_weeks"":7,""recovery_weeks"":3}]",False,0.006833799998275936,A
52,RST,RST-11,all,candidate_passive,False,False,,"[{""target"":""T2P"",""magnitude"":0.3,""start_week"":12,""duration_weeks"":4,""recovery_weeks"":3}]",False,0.00505830004112795,A
53,RST,RST-11,all,candidate_active,True,False,,"[{""target"":""T2P"",""magnitude"":0.3,""start_week"":12,""duration_weeks"":4,""recovery_weeks"":3}]",False,0.007385500008240342,A
54,RST,RST-11,moderate,singleton,False,False,0,"[{""target"":""T2P"",""magnitude"":0.3,""start_week"":12,""duration_weeks"":4,""recovery_weeks"":3}]",True,0.0,A
55,RST,RST-11,moderate,upstream_node_deletion,False,False,,[],True,0.0,A
56,RST,RST-11,moderate,direct_impact,False,True,0,"[{""target"":""T2P"",""magnitude"":0.3,""start_week"":12,""duration_weeks"":4,""recovery_weeks"":3}]",False,0.006304399983491749,A
57,RST,RST-12,all,candidate_passive,False,False,,"[{""target"":""T2P"",""magnitude"":0.3,""start_week"":12,""duration_weeks"":7,""recovery_weeks"":3}]",False,0.006008299998939037,A
58,RST,RST-12,all,candidate_active,True,False,,"[{""target"":""T2P"",""magnitude"":0.3,""start_week"":12,""duration_weeks"":7,""recovery_weeks"":3}]",False,0.006555099971592426,A
59,RST,RST-12,moderate,singleton,False,False,0,"[{""target"":""T2P"",""magnitude"":0.3,""start_week"":12,""duration_weeks"":7,""recovery_weeks"":3}]",True,0.0,A
60,RST,RST-12,moderate,upstream_node_deletion,False,False,,[],True,0.0,A
61,RST,RST-12,moderate,direct_impact,False,True,0,"[{""target"":""T2P"",""magnitude"":0.3,""start_week"":12,""duration_weeks"":7,""recovery_weeks"":3}]",False,0.0075305000063963234,A
62,RST,RST-12,severe,singleton,False,False,0,"[{""target"":""T2P"",""magnitude"":0.3,""start_week"":12,""duration_weeks"":7,""recovery_weeks"":3}]",True,0.0,A
63,RST,RST-12,severe,upstream_node_deletion,False,False,,[],True,0.0,A
64,RST,RST-12,severe,direct_impact,False,True,0,"[{""target"":""T2P"",""magnitude"":0.3,""start_week"":12,""duration_weeks"":7,""recovery_weeks"":3}]",True,0.0,A
65,RST,RST-13,all,candidate_passive,False,False,,"[{""target"":""T2P"",""magnitude"":0.4,""start_week"":12,""duration_weeks"":4,""recovery_weeks"":3}]",False,0.006204300036188215,A
66,RST,RST-13,all,candidate_active,True,False,,"[{""target"":""T2P"",""magnitude"":0.4,""start_week"":12,""duration_weeks"":4,""recovery_weeks"":3}]",False,0.0065599000081419945,A
67,RST,RST-13,moderate,singleton,False,False,0,"[{""target"":""T2P"",""magnitude"":0.4,""start_week"":12,""duration_weeks"":4,""recovery_weeks"":3}]",True,0.0,A
68,RST,RST-13,moderate,upstream_node_deletion,False,False,,[],True,0.0,A
69,RST,RST-13,moderate,direct_impact,False,True,0,"[{""target"":""T2P"",""magnitude"":0.4,""start_week"":12,""duration_weeks"":4,""recovery_weeks"":3}]",False,0.005912400025408715,A
70,RST,RST-13,severe,singleton,False,False,0,"[{""target"":""T2P"",""magnitude"":0.4,""start_week"":12,""duration_weeks"":4,""recovery_weeks"":3}]",True,0.0,A
71,RST,RST-13,severe,upstream_node_deletion,False,False,,[],True,0.0,A
72,RST,RST-13,severe,direct_impact,False,True,0,"[{""target"":""T2P"",""magnitude"":0.4,""start_week"":12,""duration_weeks"":4,""recovery_weeks"":3}]",True,0.0,A
73,RST,RST-14,all,candidate_passive,False,False,,"[{""target"":""T2P"",""magnitude"":0.4,""start_week"":12,""duration_weeks"":7,""recovery_weeks"":3}]",False,0.006034599966369569,A
74,RST,RST-14,all,candidate_active,True,False,,"[{""target"":""T2P"",""magnitude"":0.4,""start_week"":12,""duration_weeks"":7,""recovery_weeks"":3}]",False,0.010791599983349442,A
75,RST,RST-14,moderate,singleton,False,False,0,"[{""target"":""T2P"",""magnitude"":0.4,""start_week"":12,""duration_weeks"":7,""recovery_weeks"":3}]",True,0.0,A
76,RST,RST-14,moderate,upstream_node_deletion,False,False,,[],True,0.0,A
77,RST,RST-14,moderate,direct_impact,False,True,0,"[{""target"":""T2P"",""magnitude"":0.4,""start_week"":12,""duration_weeks"":7,""recovery_weeks"":3}]",False,0.006367300054989755,A
78,RST,RST-14,severe,singleton,False,False,0,"[{""target"":""T2P"",""magnitude"":0.4,""start_week"":12,""duration_weeks"":7,""recovery_weeks"":3}]",True,0.0,A
79,RST,RST-14,severe,upstream_node_deletion,False,False,,[],True,0.0,A
80,RST,RST-14,severe,direct_impact,False,True,0,"[{""target"":""T2P"",""magnitude"":0.4,""start_week"":12,""duration_weeks"":7,""recovery_weeks"":3}]",True,0.0,A
81,RST,RST-15,all,candidate_passive,False,False,,"[{""target"":""T2P"",""magnitude"":0.5,""start_week"":12,""duration_weeks"":4,""recovery_weeks"":3}]",False,0.007570700021460652,A
82,RST,RST-15,all,candidate_active,True,False,,"[{""target"":""T2P"",""magnitude"":0.5,""start_week"":12,""duration_weeks"":4,""recovery_weeks"":3}]",False,0.006181899982038885,A
83,RST,RST-15,moderate,singleton,False,False,0,"[{""target"":""T2P"",""magnitude"":0.5,""start_week"":12,""duration_weeks"":4,""recovery_weeks"":3}]",True,0.0,A
84,RST,RST-15,moderate,upstream_node_deletion,False,False,,[],True,0.0,A
85,RST,RST-15,moderate,direct_impact,False,True,0,"[{""target"":""T2P"",""magnitude"":0.5,""start_week"":12,""duration_weeks"":4,""recovery_weeks"":3}]",False,0.008367599977646023,A
86,RST,RST-15,severe,singleton,False,False,0,"[{""target"":""T2P"",""magnitude"":0.5,""start_week"":12,""duration_weeks"":4,""recovery_weeks"":3}]",True,0.0,A
87,RST,RST-15,severe,upstream_node_deletion,False,False,,[],True,0.0,A
88,RST,RST-15,severe,direct_impact,False,True,0,"[{""target"":""T2P"",""magnitude"":0.5,""start_week"":12,""duration_weeks"":4,""recovery_weeks"":3}]",True,0.0,A
89,RST,RST-16,all,candidate_passive,False,False,,"[{""target"":""T2P"",""magnitude"":0.5,""start_week"":12,""duration_weeks"":7,""recovery_weeks"":3}]",False,0.006606300012208521,A
90,RST,RST-16,all,candidate_active,True,False,,"[{""target"":""T2P"",""magnitude"":0.5,""start_week"":12,""duration_weeks"":7,""recovery_weeks"":3}]",False,0.009099199960473925,A
91,RST,RST-16,moderate,singleton,False,False,0,"[{""target"":""T2P"",""magnitude"":0.5,""start_week"":12,""duration_weeks"":7,""recovery_weeks"":3}]",True,0.0,A
92,RST,RST-16,moderate,upstream_node_deletion,False,False,,[],True,0.0,A
93,RST,RST-16,moderate,direct_impact,False,True,0,"[{""target"":""T2P"",""magnitude"":0.5,""start_week"":12,""duration_weeks"":7,""recovery_weeks"":3}]",False,0.006629000010434538,A
94,RST,RST-16,severe,singleton,False,False,0,"[{""target"":""T2P"",""magnitude"":0.5,""start_week"":12,""duration_weeks"":7,""recovery_weeks"":3}]",True,0.0,A
95,RST,RST-16,severe,upstream_node_deletion,False,False,,[],True,0.0,A
96,RST,RST-16,severe,direct_impact,False,True,0,"[{""target"":""T2P"",""magnitude"":0.5,""start_week"":12,""duration_weeks"":7,""recovery_weeks"":3}]",True,0.0,A
97,RST,RST-17,all,candidate_passive,False,False,,"[{""target"":""T2P"",""magnitude"":0.6,""start_week"":12,""duration_weeks"":4,""recovery_weeks"":3}]",False,0.0065379999577999115,A
98,RST,RST-17,all,candidate_active,True,False,,"[{""target"":""T2P"",""magnitude"":0.6,""start_week"":12,""duration_weeks"":4,""recovery_weeks"":3}]",False,0.006281699985265732,A
99,RST,RST-17,moderate,singleton,False,False,0,"[{""target"":""T2P"",""magnitude"":0.6,""start_week"":12,""duration_weeks"":4,""recovery_weeks"":3}]",True,0.0,A
100,RST,RST-17,moderate,upstream_node_deletion,False,False,,[],True,0.0,A
101,RST,RST-17,moderate,direct_impact,False,True,0,"[{""target"":""T2P"",""magnitude"":0.6,""start_week"":12,""duration_weeks"":4,""recovery_weeks"":3}]",False,0.006527299992740154,A
102,RST,RST-17,severe,singleton,False,False,0,"[{""target"":""T2P"",""magnitude"":0.6,""start_week"":12,""duration_weeks"":4,""recovery_weeks"":3}]",True,0.0,A
103,RST,RST-17,severe,upstream_node_deletion,False,False,,[],True,0.0,A
104,RST,RST-17,severe,direct_impact,False,True,0,"[{""target"":""T2P"",""magnitude"":0.6,""start_week"":12,""duration_weeks"":4,""recovery_weeks"":3}]",True,0.0,A
105,RST,RST-18,all,candidate_passive,False,False,,"[{""target"":""T2P"",""magnitude"":0.6,""start_week"":12,""duration_weeks"":7,""recovery_weeks"":3}]",False,0.006579599983524531,A
106,RST,RST-18,all,candidate_active,True,False,,"[{""target"":""T2P"",""magnitude"":0.6,""start_week"":12,""duration_weeks"":7,""recovery_weeks"":3}]",False,0.0063928000163286924,A
107,RST,RST-18,moderate,singleton,False,False,0,"[{""target"":""T2P"",""magnitude"":0.6,""start_week"":12,""duration_weeks"":7,""recovery_weeks"":3}]",True,0.0,A
108,RST,RST-18,moderate,upstream_node_deletion,False,False,,[],True,0.0,A
109,RST,RST-18,moderate,direct_impact,False,True,0,"[{""target"":""T2P"",""magnitude"":0.6,""start_week"":12,""duration_weeks"":7,""recovery_weeks"":3}]",False,0.006458399991970509,A
110,RST,RST-18,severe,singleton,False,False,0,"[{""target"":""T2P"",""magnitude"":0.6,""start_week"":12,""duration_weeks"":7,""recovery_weeks"":3}]",True,0.0,A
111,RST,RST-18,severe,upstream_node_deletion,False,False,,[],True,0.0,A
112,RST,RST-18,severe,direct_impact,False,True,0,"[{""target"":""T2P"",""magnitude"":0.6,""start_week"":12,""duration_weeks"":7,""recovery_weeks"":3}]",True,0.0,A
113,RST,RST-19,all,candidate_passive,False,False,,"[{""target"":""T2P"",""magnitude"":0.25,""start_week"":12,""duration_weeks"":3,""recovery_weeks"":3},{""target"":""corridor"",""magnitude"":0.25,""start_week"":12,""duration_weeks"":3,""recovery_weeks"":3}]",False,0.006839499983470887,A
114,RST,RST-20,all,candidate_passive,False,False,,"[{""target"":""T2P"",""magnitude"":0.25,""start_week"":12,""duration_weeks"":3,""recovery_weeks"":3},{""target"":""corridor"",""magnitude"":0.35,""start_week"":12,""duration_weeks"":3,""recovery_weeks"":3}]",False,0.007942199998069555,A
115,RST,RST-20,all,candidate_active,True,False,,"[{""target"":""T2P"",""magnitude"":0.25,""start_week"":12,""duration_weeks"":3,""recovery_weeks"":3},{""target"":""corridor"",""magnitude"":0.35,""start_week"":12,""duration_weeks"":3,""recovery_weeks"":3}]",False,0.006290699995588511,A
116,RST,RST-20,moderate,singleton,False,False,0,"[{""target"":""T2P"",""magnitude"":0.25,""start_week"":12,""duration_weeks"":3,""recovery_weeks"":3}]",False,0.006295500032138079,A
117,RST,RST-20,moderate,singleton,False,False,1,"[{""target"":""corridor"",""magnitude"":0.35,""start_week"":12,""duration_weeks"":3,""recovery_weeks"":3}]",False,0.007964899996295571,A
118,RST,RST-20,moderate,upstream_node_deletion,False,False,1,"[{""target"":""corridor"",""magnitude"":0.35,""start_week"":12,""duration_weeks"":3,""recovery_weeks"":3}]",True,0.0,A
119,RST,RST-20,moderate,direct_impact,False,True,0;1,"[{""target"":""T2P"",""magnitude"":0.25,""start_week"":12,""duration_weeks"":3,""recovery_weeks"":3},{""target"":""corridor"",""magnitude"":0.35,""start_week"":12,""duration_weeks"":3,""recovery_weeks"":3}]",False,0.006650199997238815,A
120,RST,RST-21,all,candidate_passive,False,False,,"[{""target"":""T2P"",""magnitude"":0.35,""start_week"":12,""duration_weeks"":3,""recovery_weeks"":3},{""target"":""corridor"",""magnitude"":0.25,""start_week"":12,""duration_weeks"":3,""recovery_weeks"":3}]",False,0.004029499948956072,A
121,RST,RST-21,all,candidate_active,True,False,,"[{""target"":""T2P"",""magnitude"":0.35,""start_week"":12,""duration_weeks"":3,""recovery_weeks"":3},{""target"":""corridor"",""magnitude"":0.25,""start_week"":12,""duration_weeks"":3,""recovery_weeks"":3}]",False,0.00980230001732707,A
122,RST,RST-21,moderate,singleton,False,False,0,"[{""target"":""T2P"",""magnitude"":0.35,""start_week"":12,""duration_weeks"":3,""recovery_weeks"":3}]",False,0.006797000009100884,A
123,RST,RST-21,moderate,singleton,False,False,1,"[{""target"":""corridor"",""magnitude"":0.25,""start_week"":12,""duration_weeks"":3,""recovery_weeks"":3}]",False,0.006711099995300174,A
124,RST,RST-21,moderate,upstream_node_deletion,False,False,1,"[{""target"":""corridor"",""magnitude"":0.25,""start_week"":12,""duration_weeks"":3,""recovery_weeks"":3}]",True,0.0,A
125,RST,RST-21,moderate,direct_impact,False,True,0;1,"[{""target"":""T2P"",""magnitude"":0.35,""start_week"":12,""duration_weeks"":3,""recovery_weeks"":3},{""target"":""corridor"",""magnitude"":0.25,""start_week"":12,""duration_weeks"":3,""recovery_weeks"":3}]",False,0.0073176000150851905,A
126,RST,RST-22,all,candidate_passive,False,False,,"[{""target"":""T2P"",""magnitude"":0.35,""start_week"":12,""duration_weeks"":3,""recovery_weeks"":3},{""target"":""corridor"",""magnitude"":0.35,""start_week"":12,""duration_weeks"":3,""recovery_weeks"":3}]",False,0.0040463999612256885,A
127,RST,RST-22,all,candidate_active,True,False,,"[{""target"":""T2P"",""magnitude"":0.35,""start_week"":12,""duration_weeks"":3,""recovery_weeks"":3},{""target"":""corridor"",""magnitude"":0.35,""start_week"":12,""duration_weeks"":3,""recovery_weeks"":3}]",False,0.005218299978878349,A
128,RST,RST-22,moderate,singleton,False,False,0,"[{""target"":""T2P"",""magnitude"":0.35,""start_week"":12,""duration_weeks"":3,""recovery_weeks"":3}]",True,0.0,A
129,RST,RST-22,moderate,singleton,False,False,1,"[{""target"":""corridor"",""magnitude"":0.35,""start_week"":12,""duration_weeks"":3,""recovery_weeks"":3}]",True,0.0,A
130,RST,RST-22,moderate,upstream_node_deletion,False,False,1,"[{""target"":""corridor"",""magnitude"":0.35,""start_week"":12,""duration_weeks"":3,""recovery_weeks"":3}]",True,0.0,A
131,RST,RST-22,moderate,direct_impact,False,True,0;1,"[{""target"":""T2P"",""magnitude"":0.35,""start_week"":12,""duration_weeks"":3,""recovery_weeks"":3},{""target"":""corridor"",""magnitude"":0.35,""start_week"":12,""duration_weeks"":3,""recovery_weeks"":3}]",False,0.007419699977617711,A
132,RST,RST-23,all,candidate_passive,False,False,,"[{""target"":""T2P"",""magnitude"":0.25,""start_week"":12,""duration_weeks"":3,""recovery_weeks"":3},{""target"":""demand"",""magnitude"":0.15,""start_week"":12,""duration_weeks"":3,""recovery_weeks"":2}]",False,0.006577200023457408,A
133,RST,RST-23,all,candidate_active,True,False,,"[{""target"":""T2P"",""magnitude"":0.25,""start_week"":12,""duration_weeks"":3,""recovery_weeks"":3},{""target"":""demand"",""magnitude"":0.15,""start_week"":12,""duration_weeks"":3,""recovery_weeks"":2}]",False,0.005292200017720461,A
134,RST,RST-23,moderate,singleton,False,False,0,"[{""target"":""T2P"",""magnitude"":0.25,""start_week"":12,""duration_weeks"":3,""recovery_weeks"":3}]",True,0.0,A
135,RST,RST-23,moderate,singleton,False,False,1,"[{""target"":""demand"",""magnitude"":0.15,""start_week"":12,""duration_weeks"":3,""recovery_weeks"":2}]",False,0.005305799946654588,A
136,RST,RST-23,moderate,upstream_node_deletion,False,False,1,"[{""target"":""demand"",""magnitude"":0.15,""start_week"":12,""duration_weeks"":3,""recovery_weeks"":2}]",True,0.0,A
137,RST,RST-23,moderate,direct_impact,False,True,0;1,"[{""target"":""T2P"",""magnitude"":0.25,""start_week"":12,""duration_weeks"":3,""recovery_weeks"":3},{""target"":""demand"",""magnitude"":0.15,""start_week"":12,""duration_weeks"":3,""recovery_weeks"":2}]",False,0.0064901000005193055,A
138,RST,RST-23,severe,singleton,False,False,0,"[{""target"":""T2P"",""magnitude"":0.25,""start_week"":12,""duration_weeks"":3,""recovery_weeks"":3}]",True,0.0,A
139,RST,RST-23,severe,singleton,False,False,1,"[{""target"":""demand"",""magnitude"":0.15,""start_week"":12,""duration_weeks"":3,""recovery_weeks"":2}]",True,0.0,A
140,RST,RST-23,severe,upstream_node_deletion,False,False,1,"[{""target"":""demand"",""magnitude"":0.15,""start_week"":12,""duration_weeks"":3,""recovery_weeks"":2}]",True,0.0,A
141,RST,RST-23,severe,direct_impact,False,True,0;1,"[{""target"":""T2P"",""magnitude"":0.25,""start_week"":12,""duration_weeks"":3,""recovery_weeks"":3},{""target"":""demand"",""magnitude"":0.15,""start_week"":12,""duration_weeks"":3,""recovery_weeks"":2}]",True,0.0,A
142,RST,RST-24,all,candidate_passive,False,False,,"[{""target"":""T2P"",""magnitude"":0.25,""start_week"":12,""duration_weeks"":3,""recovery_weeks"":3},{""target"":""demand"",""magnitude"":0.25,""start_week"":12,""duration_weeks"":3,""recovery_weeks"":2}]",False,0.006404399988241494,A
143,RST,RST-24,all,candidate_active,True,False,,"[{""target"":""T2P"",""magnitude"":0.25,""start_week"":12,""duration_weeks"":3,""recovery_weeks"":3},{""target"":""demand"",""magnitude"":0.25,""start_week"":12,""duration_weeks"":3,""recovery_weeks"":2}]",False,0.006589800002984703,A
144,RST,RST-24,moderate,singleton,False,False,0,"[{""target"":""T2P"",""magnitude"":0.25,""start_week"":12,""duration_weeks"":3,""recovery_weeks"":3}]",True,0.0,A
145,RST,RST-24,moderate,singleton,False,False,1,"[{""target"":""demand"",""magnitude"":0.25,""start_week"":12,""duration_weeks"":3,""recovery_weeks"":2}]",False,0.005749500007368624,A
146,RST,RST-24,moderate,upstream_node_deletion,False,False,1,"[{""target"":""demand"",""magnitude"":0.25,""start_week"":12,""duration_weeks"":3,""recovery_weeks"":2}]",True,0.0,A
147,RST,RST-24,moderate,direct_impact,False,True,0;1,"[{""target"":""T2P"",""magnitude"":0.25,""start_week"":12,""duration_weeks"":3,""recovery_weeks"":3},{""target"":""demand"",""magnitude"":0.25,""start_week"":12,""duration_weeks"":3,""recovery_weeks"":2}]",False,0.00403729995014146,A
148,RST,RST-24,severe,singleton,False,False,0,"[{""target"":""T2P"",""magnitude"":0.25,""start_week"":12,""duration_weeks"":3,""recovery_weeks"":3}]",True,0.0,A
149,RST,RST-24,severe,singleton,False,False,1,"[{""target"":""demand"",""magnitude"":0.25,""start_week"":12,""duration_weeks"":3,""recovery_weeks"":2}]",True,0.0,A
150,RST,RST-24,severe,upstream_node_deletion,False,False,1,"[{""target"":""demand"",""magnitude"":0.25,""start_week"":12,""duration_weeks"":3,""recovery_weeks"":2}]",True,0.0,A
151,RST,RST-24,severe,direct_impact,False,True,0;1,"[{""target"":""T2P"",""magnitude"":0.25,""start_week"":12,""duration_weeks"":3,""recovery_weeks"":3},{""target"":""demand"",""magnitude"":0.25,""start_week"":12,""duration_weeks"":3,""recovery_weeks"":2}]",True,0.0,A
152,RST,RST-25,all,candidate_passive,False,False,,"[{""target"":""T2P"",""magnitude"":0.35,""start_week"":12,""duration_weeks"":3,""recovery_weeks"":3},{""target"":""demand"",""magnitude"":0.15,""start_week"":12,""duration_weeks"":3,""recovery_weeks"":2}]",False,0.004690899979323149,A
153,RST,RST-25,all,candidate_active,True,False,,"[{""target"":""T2P"",""magnitude"":0.35,""start_week"":12,""duration_weeks"":3,""recovery_weeks"":3},{""target"":""demand"",""magnitude"":0.15,""start_week"":12,""duration_weeks"":3,""recovery_weeks"":2}]",False,0.006795499997679144,A
154,RST,RST-25,moderate,singleton,False,False,0,"[{""target"":""T2P"",""magnitude"":0.35,""start_week"":12,""duration_weeks"":3,""recovery_weeks"":3}]",True,0.0,A
155,RST,RST-25,moderate,singleton,False,False,1,"[{""target"":""demand"",""magnitude"":0.15,""start_week"":12,""duration_weeks"":3,""recovery_weeks"":2}]",True,0.0,A
156,RST,RST-25,moderate,upstream_node_deletion,False,False,1,"[{""target"":""demand"",""magnitude"":0.15,""start_week"":12,""duration_weeks"":3,""recovery_weeks"":2}]",True,0.0,A
157,RST,RST-25,moderate,direct_impact,False,True,0;1,"[{""target"":""T2P"",""magnitude"":0.35,""start_week"":12,""duration_weeks"":3,""recovery_weeks"":3},{""target"":""demand"",""magnitude"":0.15,""start_week"":12,""duration_weeks"":3,""recovery_weeks"":2}]",False,0.006955499993637204,A
158,RST,RST-25,severe,singleton,False,False,0,"[{""target"":""T2P"",""magnitude"":0.35,""start_week"":12,""duration_weeks"":3,""recovery_weeks"":3}]",True,0.0,A
159,RST,RST-25,severe,singleton,False,False,1,"[{""target"":""demand"",""magnitude"":0.15,""start_week"":12,""duration_weeks"":3,""recovery_weeks"":2}]",True,0.0,A
160,RST,RST-25,severe,upstream_node_deletion,False,False,1,"[{""target"":""demand"",""magnitude"":0.15,""start_week"":12,""duration_weeks"":3,""recovery_weeks"":2}]",True,0.0,A
161,RST,RST-25,severe,direct_impact,False,True,0;1,"[{""target"":""T2P"",""magnitude"":0.35,""start_week"":12,""duration_weeks"":3,""recovery_weeks"":3},{""target"":""demand"",""magnitude"":0.15,""start_week"":12,""duration_weeks"":3,""recovery_weeks"":2}]",True,0.0,A
162,RST,RST-26,all,candidate_passive,False,False,,"[{""target"":""T2P"",""magnitude"":0.35,""start_week"":12,""duration_weeks"":3,""recovery_weeks"":3},{""target"":""demand"",""magnitude"":0.25,""start_week"":12,""duration_weeks"":3,""recovery_weeks"":2}]",False,0.0037802999722771347,A
163,RST,RST-26,all,candidate_active,True,False,,"[{""target"":""T2P"",""magnitude"":0.35,""start_week"":12,""duration_weeks"":3,""recovery_weeks"":3},{""target"":""demand"",""magnitude"":0.25,""start_week"":12,""duration_weeks"":3,""recovery_weeks"":2}]",False,0.006555800035130233,A
164,RST,RST-26,moderate,singleton,False,False,0,"[{""target"":""T2P"",""magnitude"":0.35,""start_week"":12,""duration_weeks"":3,""recovery_weeks"":3}]",True,0.0,A
165,RST,RST-26,moderate,singleton,False,False,1,"[{""target"":""demand"",""magnitude"":0.25,""start_week"":12,""duration_weeks"":3,""recovery_weeks"":2}]",True,0.0,A
166,RST,RST-26,moderate,upstream_node_deletion,False,False,1,"[{""target"":""demand"",""magnitude"":0.25,""start_week"":12,""duration_weeks"":3,""recovery_weeks"":2}]",True,0.0,A
167,RST,RST-26,moderate,direct_impact,False,True,0;1,"[{""target"":""T2P"",""magnitude"":0.35,""start_week"":12,""duration_weeks"":3,""recovery_weeks"":3},{""target"":""demand"",""magnitude"":0.25,""start_week"":12,""duration_weeks"":3,""recovery_weeks"":2}]",False,0.004734500020276755,A
168,RST,RST-26,severe,singleton,False,False,0,"[{""target"":""T2P"",""magnitude"":0.35,""start_week"":12,""duration_weeks"":3,""recovery_weeks"":3}]",True,0.0,A
169,RST,RST-26,severe,singleton,False,False,1,"[{""target"":""demand"",""magnitude"":0.25,""start_week"":12,""duration_weeks"":3,""recovery_weeks"":2}]",True,0.0,A
170,RST,RST-26,severe,upstream_node_deletion,False,False,1,"[{""target"":""demand"",""magnitude"":0.25,""start_week"":12,""duration_weeks"":3,""recovery_weeks"":2}]",True,0.0,A
171,RST,RST-26,severe,direct_impact,False,True,0;1,"[{""target"":""T2P"",""magnitude"":0.35,""start_week"":12,""duration_weeks"":3,""recovery_weeks"":3},{""target"":""demand"",""magnitude"":0.25,""start_week"":12,""duration_weeks"":3,""recovery_weeks"":2}]",True,0.0,A
172,RST,RST-27,all,candidate_passive,False,False,,"[{""target"":""T2P"",""magnitude"":0.3,""start_week"":12,""duration_weeks"":3,""recovery_weeks"":3},{""target"":""S1A"",""magnitude"":0.4,""start_week"":12,""duration_weeks"":3,""recovery_weeks"":3}]",False,0.006109600013587624,A
173,RST,RST-27,all,candidate_active,True,False,,"[{""target"":""T2P"",""magnitude"":0.3,""start_week"":12,""duration_weeks"":3,""recovery_weeks"":3},{""target"":""S1A"",""magnitude"":0.4,""start_week"":12,""duration_weeks"":3,""recovery_weeks"":3}]",False,0.004118999990168959,A
174,RST,RST-27,moderate,singleton,False,False,0,"[{""target"":""T2P"",""magnitude"":0.3,""start_week"":12,""duration_weeks"":3,""recovery_weeks"":3}]",False,0.007246199995279312,A
175,RST,RST-27,moderate,singleton,False,False,1,"[{""target"":""S1A"",""magnitude"":0.4,""start_week"":12,""duration_weeks"":3,""recovery_weeks"":3}]",False,0.005646300036460161,A
176,RST,RST-27,moderate,upstream_node_deletion,False,False,1,"[{""target"":""S1A"",""magnitude"":0.4,""start_week"":12,""duration_weeks"":3,""recovery_weeks"":3}]",True,0.0,A
177,RST,RST-27,moderate,direct_impact,False,True,0;1,"[{""target"":""T2P"",""magnitude"":0.3,""start_week"":12,""duration_weeks"":3,""recovery_weeks"":3},{""target"":""S1A"",""magnitude"":0.4,""start_week"":12,""duration_weeks"":3,""recovery_weeks"":3}]",False,0.00421220000134781,A
178,RST,RST-28,all,candidate_passive,False,False,,"[{""target"":""T2P"",""magnitude"":0.3,""start_week"":12,""duration_weeks"":3,""recovery_weeks"":3},{""target"":""S1B"",""magnitude"":0.4,""start_week"":12,""duration_weeks"":3,""recovery_weeks"":3}]",False,0.006065400026272982,A
179,RST,RST-28,all,candidate_active,True,False,,"[{""target"":""T2P"",""magnitude"":0.3,""start_week"":12,""duration_weeks"":3,""recovery_weeks"":3},{""target"":""S1B"",""magnitude"":0.4,""start_week"":12,""duration_weeks"":3,""recovery_weeks"":3}]",False,0.005092000006698072,A
180,RST,RST-28,moderate,singleton,False,False,0,"[{""target"":""T2P"",""magnitude"":0.3,""start_week"":12,""duration_weeks"":3,""recovery_weeks"":3}]",True,0.0,A
181,RST,RST-28,moderate,singleton,False,False,1,"[{""target"":""S1B"",""magnitude"":0.4,""start_week"":12,""duration_weeks"":3,""recovery_weeks"":3}]",False,0.005819900019560009,A
182,RST,RST-28,moderate,upstream_node_deletion,False,False,1,"[{""target"":""S1B"",""magnitude"":0.4,""start_week"":12,""duration_weeks"":3,""recovery_weeks"":3}]",True,0.0,A
183,RST,RST-28,moderate,direct_impact,False,True,0;1,"[{""target"":""T2P"",""magnitude"":0.3,""start_week"":12,""duration_weeks"":3,""recovery_weeks"":3},{""target"":""S1B"",""magnitude"":0.4,""start_week"":12,""duration_weeks"":3,""recovery_weeks"":3}]",False,0.0077120999922044575,A
184,RST,RST-29,all,candidate_passive,False,False,,"[{""target"":""T2P"",""magnitude"":0.3,""start_week"":12,""duration_weeks"":3,""recovery_weeks"":3},{""target"":""S1C"",""magnitude"":0.4,""start_week"":12,""duration_weeks"":3,""recovery_weeks"":3}]",False,0.007778700033668429,A
185,RST,RST-29,all,candidate_active,True,False,,"[{""target"":""T2P"",""magnitude"":0.3,""start_week"":12,""duration_weeks"":3,""recovery_weeks"":3},{""target"":""S1C"",""magnitude"":0.4,""start_week"":12,""duration_weeks"":3,""recovery_weeks"":3}]",False,0.007632199965883046,A
186,RST,RST-29,moderate,singleton,False,False,0,"[{""target"":""T2P"",""magnitude"":0.3,""start_week"":12,""duration_weeks"":3,""recovery_weeks"":3}]",True,0.0,A
187,RST,RST-29,moderate,singleton,False,False,1,"[{""target"":""S1C"",""magnitude"":0.4,""start_week"":12,""duration_weeks"":3,""recovery_weeks"":3}]",False,0.005587299994658679,A
188,RST,RST-29,moderate,upstream_node_deletion,False,False,1,"[{""target"":""S1C"",""magnitude"":0.4,""start_week"":12,""duration_weeks"":3,""recovery_weeks"":3}]",True,0.0,A
189,RST,RST-29,moderate,direct_impact,False,True,0;1,"[{""target"":""T2P"",""magnitude"":0.3,""start_week"":12,""duration_weeks"":3,""recovery_weeks"":3},{""target"":""S1C"",""magnitude"":0.4,""start_week"":12,""duration_weeks"":3,""recovery_weeks"":3}]",False,0.007420099980663508,A
190,RST,RST-30,all,candidate_passive,False,False,,"[{""target"":""corridor"",""magnitude"":0.3,""start_week"":12,""duration_weeks"":3,""recovery_weeks"":3},{""target"":""demand"",""magnitude"":0.2,""start_week"":12,""duration_weeks"":3,""recovery_weeks"":2}]",False,0.006555700034368783,A
191,RST,RST-30,all,candidate_active,True,False,,"[{""target"":""corridor"",""magnitude"":0.3,""start_week"":12,""duration_weeks"":3,""recovery_weeks"":3},{""target"":""demand"",""magnitude"":0.2,""start_week"":12,""duration_weeks"":3,""recovery_weeks"":2}]",False,0.005235199991147965,A
192,RST,RST-30,moderate,singleton,False,False,0,"[{""target"":""corridor"",""magnitude"":0.3,""start_week"":12,""duration_weeks"":3,""recovery_weeks"":3}]",False,0.0033031999482773244,A
193,RST,RST-30,moderate,singleton,False,False,1,"[{""target"":""demand"",""magnitude"":0.2,""start_week"":12,""duration_weeks"":3,""recovery_weeks"":2}]",False,0.003896100039128214,A
194,RST,RST-30,severe,singleton,False,False,0,"[{""target"":""corridor"",""magnitude"":0.3,""start_week"":12,""duration_weeks"":3,""recovery_weeks"":3}]",True,0.0,A
195,RST,RST-30,severe,singleton,False,False,1,"[{""target"":""demand"",""magnitude"":0.2,""start_week"":12,""duration_weeks"":3,""recovery_weeks"":2}]",True,0.0,A
196,RST,RST-31,all,candidate_passive,False,False,,"[{""target"":""T2P"",""magnitude"":0.25,""start_week"":12,""duration_weeks"":6,""recovery_weeks"":4}]",False,0.005660100025124848,A
197,RST,RST-31,all,candidate_active,True,False,,"[{""target"":""T2P"",""magnitude"":0.25,""start_week"":12,""duration_weeks"":6,""recovery_weeks"":4}]",False,0.006480599986389279,A
198,RST,RST-31,moderate,singleton,False,False,0,"[{""target"":""T2P"",""magnitude"":0.25,""start_week"":12,""duration_weeks"":6,""recovery_weeks"":4}]",True,0.0,A
199,RST,RST-31,moderate,upstream_node_deletion,False,False,,[],True,0.0,A
200,RST,RST-31,moderate,direct_impact,False,True,0,"[{""target"":""T2P"",""magnitude"":0.25,""start_week"":12,""duration_weeks"":6,""recovery_weeks"":4}]",False,0.005884000041987747,A
201,RST,RST-31,severe,singleton,False,False,0,"[{""target"":""T2P"",""magnitude"":0.25,""start_week"":12,""duration_weeks"":6,""recovery_weeks"":4}]",True,0.0,A
202,RST,RST-31,severe,upstream_node_deletion,False,False,,[],True,0.0,A
203,RST,RST-31,severe,direct_impact,False,True,0,"[{""target"":""T2P"",""magnitude"":0.25,""start_week"":12,""duration_weeks"":6,""recovery_weeks"":4}]",True,0.0,A
204,RST,RST-32,all,candidate_passive,False,False,,"[{""target"":""T2P"",""magnitude"":0.35,""start_week"":12,""duration_weeks"":6,""recovery_weeks"":4}]",False,0.006323400011751801,A
205,RST,RST-32,all,candidate_active,True,False,,"[{""target"":""T2P"",""magnitude"":0.35,""start_week"":12,""duration_weeks"":6,""recovery_weeks"":4}]",False,0.007300199999008328,A
206,RST,RST-32,moderate,singleton,False,False,0,"[{""target"":""T2P"",""magnitude"":0.35,""start_week"":12,""duration_weeks"":6,""recovery_weeks"":4}]",True,0.0,A
207,RST,RST-32,moderate,upstream_node_deletion,False,False,,[],True,0.0,A
208,RST,RST-32,moderate,direct_impact,False,True,0,"[{""target"":""T2P"",""magnitude"":0.35,""start_week"":12,""duration_weeks"":6,""recovery_weeks"":4}]",False,0.005232000024989247,A
209,RST,RST-32,severe,singleton,False,False,0,"[{""target"":""T2P"",""magnitude"":0.35,""start_week"":12,""duration_weeks"":6,""recovery_weeks"":4}]",True,0.0,A
210,RST,RST-32,severe,upstream_node_deletion,False,False,,[],True,0.0,A
211,RST,RST-32,severe,direct_impact,False,True,0,"[{""target"":""T2P"",""magnitude"":0.35,""start_week"":12,""duration_weeks"":6,""recovery_weeks"":4}]",True,0.0,A
212,RST,RST-33,all,candidate_passive,False,False,,"[{""target"":""T2P"",""magnitude"":0.45,""start_week"":12,""duration_weeks"":6,""recovery_weeks"":4}]",False,0.003513299976475537,A
213,RST,RST-33,all,candidate_active,True,False,,"[{""target"":""T2P"",""magnitude"":0.45,""start_week"":12,""duration_weeks"":6,""recovery_weeks"":4}]",False,0.003978300024755299,A
214,RST,RST-33,moderate,singleton,False,False,0,"[{""target"":""T2P"",""magnitude"":0.45,""start_week"":12,""duration_weeks"":6,""recovery_weeks"":4}]",True,0.0,A
215,RST,RST-33,moderate,upstream_node_deletion,False,False,,[],True,0.0,A
216,RST,RST-33,moderate,direct_impact,False,True,0,"[{""target"":""T2P"",""magnitude"":0.45,""start_week"":12,""duration_weeks"":6,""recovery_weeks"":4}]",False,0.00672660005511716,A
217,RST,RST-33,severe,singleton,False,False,0,"[{""target"":""T2P"",""magnitude"":0.45,""start_week"":12,""duration_weeks"":6,""recovery_weeks"":4}]",True,0.0,A
218,RST,RST-33,severe,upstream_node_deletion,False,False,,[],True,0.0,A
219,RST,RST-33,severe,direct_impact,False,True,0,"[{""target"":""T2P"",""magnitude"":0.45,""start_week"":12,""duration_weeks"":6,""recovery_weeks"":4}]",True,0.0,A
220,RST,RST-34,all,candidate_passive,False,False,,"[{""target"":""T2P"",""magnitude"":0.55,""start_week"":12,""duration_weeks"":6,""recovery_weeks"":4}]",False,0.006820300011895597,A
221,RST,RST-34,all,candidate_active,True,False,,"[{""target"":""T2P"",""magnitude"":0.55,""start_week"":12,""duration_weeks"":6,""recovery_weeks"":4}]",False,0.006707100023049861,A
222,RST,RST-34,moderate,singleton,False,False,0,"[{""target"":""T2P"",""magnitude"":0.55,""start_week"":12,""duration_weeks"":6,""recovery_weeks"":4}]",True,0.0,A
223,RST,RST-34,moderate,upstream_node_deletion,False,False,,[],True,0.0,A
224,RST,RST-34,moderate,direct_impact,False,True,0,"[{""target"":""T2P"",""magnitude"":0.55,""start_week"":12,""duration_weeks"":6,""recovery_weeks"":4}]",False,0.006816800043452531,A
225,RST,RST-34,severe,singleton,False,False,0,"[{""target"":""T2P"",""magnitude"":0.55,""start_week"":12,""duration_weeks"":6,""recovery_weeks"":4}]",True,0.0,A
226,RST,RST-34,severe,upstream_node_deletion,False,False,,[],True,0.0,A
227,RST,RST-34,severe,direct_impact,False,True,0,"[{""target"":""T2P"",""magnitude"":0.55,""start_week"":12,""duration_weeks"":6,""recovery_weeks"":4}]",True,0.0,A
228,RST,RST-35,all,candidate_passive,False,False,,"[{""target"":""T2P"",""magnitude"":0.65,""start_week"":12,""duration_weeks"":6,""recovery_weeks"":4}]",False,0.006772900000214577,A
229,RST,RST-35,all,candidate_active,True,False,,"[{""target"":""T2P"",""magnitude"":0.65,""start_week"":12,""duration_weeks"":6,""recovery_weeks"":4}]",False,0.0068928999826312065,A
230,RST,RST-35,moderate,singleton,False,False,0,"[{""target"":""T2P"",""magnitude"":0.65,""start_week"":12,""duration_weeks"":6,""recovery_weeks"":4}]",True,0.0,A
231,RST,RST-35,moderate,upstream_node_deletion,False,False,,[],True,0.0,A
232,RST,RST-35,moderate,direct_impact,False,True,0,"[{""target"":""T2P"",""magnitude"":0.65,""start_week"":12,""duration_weeks"":6,""recovery_weeks"":4}]",False,0.005786900001112372,A
233,RST,RST-35,severe,singleton,False,False,0,"[{""target"":""T2P"",""magnitude"":0.65,""start_week"":12,""duration_weeks"":6,""recovery_weeks"":4}]",True,0.0,A
234,RST,RST-35,severe,upstream_node_deletion,False,False,,[],True,0.0,A
235,RST,RST-35,severe,direct_impact,False,True,0,"[{""target"":""T2P"",""magnitude"":0.65,""start_week"":12,""duration_weeks"":6,""recovery_weeks"":4}]",True,0.0,A
236,RST,RST-36,all,candidate_passive,False,False,,"[{""target"":""T2P"",""magnitude"":0.25,""start_week"":12,""duration_weeks"":5,""recovery_weeks"":4},{""target"":""demand"",""magnitude"":0.15,""start_week"":14,""duration_weeks"":4,""recovery_weeks"":2}]",False,0.005618700000923127,A
237,RST,RST-36,all,candidate_active,True,False,,"[{""target"":""T2P"",""magnitude"":0.25,""start_week"":12,""duration_weeks"":5,""recovery_weeks"":4},{""target"":""demand"",""magnitude"":0.15,""start_week"":14,""duration_weeks"":4,""recovery_weeks"":2}]",False,0.007162000052630901,A
238,RST,RST-36,moderate,singleton,False,False,0,"[{""target"":""T2P"",""magnitude"":0.25,""start_week"":12,""duration_weeks"":5,""recovery_weeks"":4}]",False,0.006556199979968369,A
239,RST,RST-36,moderate,singleton,False,False,1,"[{""target"":""demand"",""magnitude"":0.15,""start_week"":14,""duration_weeks"":4,""recovery_weeks"":2}]",False,0.004090000002179295,A
240,RST,RST-36,moderate,upstream_node_deletion,False,False,1,"[{""target"":""demand"",""magnitude"":0.15,""start_week"":14,""duration_weeks"":4,""recovery_weeks"":2}]",True,0.0,A
241,RST,RST-36,moderate,direct_impact,False,True,0;1,"[{""target"":""T2P"",""magnitude"":0.25,""start_week"":12,""duration_weeks"":5,""recovery_weeks"":4},{""target"":""demand"",""magnitude"":0.15,""start_week"":14,""duration_weeks"":4,""recovery_weeks"":2}]",False,0.004295299993827939,A
242,RST,RST-36,severe,singleton,False,False,0,"[{""target"":""T2P"",""magnitude"":0.25,""start_week"":12,""duration_weeks"":5,""recovery_weeks"":4}]",True,0.0,A
243,RST,RST-36,severe,singleton,False,False,1,"[{""target"":""demand"",""magnitude"":0.15,""start_week"":14,""duration_weeks"":4,""recovery_weeks"":2}]",True,0.0,A
244,RST,RST-36,severe,upstream_node_deletion,False,False,1,"[{""target"":""demand"",""magnitude"":0.15,""start_week"":14,""duration_weeks"":4,""recovery_weeks"":2}]",True,0.0,A
245,RST,RST-36,severe,direct_impact,False,True,0;1,"[{""target"":""T2P"",""magnitude"":0.25,""start_week"":12,""duration_weeks"":5,""recovery_weeks"":4},{""target"":""demand"",""magnitude"":0.15,""start_week"":14,""duration_weeks"":4,""recovery_weeks"":2}]",True,0.0,A
246,RST,RST-37,all,candidate_passive,False,False,,"[{""target"":""T2P"",""magnitude"":0.35,""start_week"":12,""duration_weeks"":5,""recovery_weeks"":4},{""target"":""demand"",""magnitude"":0.15,""start_week"":14,""duration_weeks"":4,""recovery_weeks"":2}]",False,0.0066386000253260136,A
247,RST,RST-37,all,candidate_active,True,False,,"[{""target"":""T2P"",""magnitude"":0.35,""start_week"":12,""duration_weeks"":5,""recovery_weeks"":4},{""target"":""demand"",""magnitude"":0.15,""start_week"":14,""duration_weeks"":4,""recovery_weeks"":2}]",False,0.006287999975029379,A
248,RST,RST-37,moderate,singleton,False,False,0,"[{""target"":""T2P"",""magnitude"":0.35,""start_week"":12,""duration_weeks"":5,""recovery_weeks"":4}]",False,0.006609699979890138,A
249,RST,RST-37,moderate,singleton,False,False,1,"[{""target"":""demand"",""magnitude"":0.15,""start_week"":14,""duration_weeks"":4,""recovery_weeks"":2}]",True,0.0,A
250,RST,RST-37,moderate,upstream_node_deletion,False,False,1,"[{""target"":""demand"",""magnitude"":0.15,""start_week"":14,""duration_weeks"":4,""recovery_weeks"":2}]",True,0.0,A
251,RST,RST-37,moderate,direct_impact,False,True,0;1,"[{""target"":""T2P"",""magnitude"":0.35,""start_week"":12,""duration_weeks"":5,""recovery_weeks"":4},{""target"":""demand"",""magnitude"":0.15,""start_week"":14,""duration_weeks"":4,""recovery_weeks"":2}]",False,0.0053743000025860965,A
252,RST,RST-37,severe,singleton,False,False,0,"[{""target"":""T2P"",""magnitude"":0.35,""start_week"":12,""duration_weeks"":5,""recovery_weeks"":4}]",True,0.0,A
253,RST,RST-37,severe,singleton,False,False,1,"[{""target"":""demand"",""magnitude"":0.15,""start_week"":14,""duration_weeks"":4,""recovery_weeks"":2}]",True,0.0,A
254,RST,RST-37,severe,upstream_node_deletion,False,False,1,"[{""target"":""demand"",""magnitude"":0.15,""start_week"":14,""duration_weeks"":4,""recovery_weeks"":2}]",True,0.0,A
255,RST,RST-37,severe,direct_impact,False,True,0;1,"[{""target"":""T2P"",""magnitude"":0.35,""start_week"":12,""duration_weeks"":5,""recovery_weeks"":4},{""target"":""demand"",""magnitude"":0.15,""start_week"":14,""duration_weeks"":4,""recovery_weeks"":2}]",True,0.0,A
256,RST,RST-38,all,candidate_passive,False,False,,"[{""target"":""T2P"",""magnitude"":0.45,""start_week"":12,""duration_weeks"":5,""recovery_weeks"":4},{""target"":""demand"",""magnitude"":0.15,""start_week"":14,""duration_weeks"":4,""recovery_weeks"":2}]",False,0.0037793999654240906,A
257,RST,RST-38,all,candidate_active,True,False,,"[{""target"":""T2P"",""magnitude"":0.45,""start_week"":12,""duration_weeks"":5,""recovery_weeks"":4},{""target"":""demand"",""magnitude"":0.15,""start_week"":14,""duration_weeks"":4,""recovery_weeks"":2}]",False,0.004602300003170967,A
258,RST,RST-38,moderate,singleton,False,False,0,"[{""target"":""T2P"",""magnitude"":0.45,""start_week"":12,""duration_weeks"":5,""recovery_weeks"":4}]",False,0.006916599988471717,A
259,RST,RST-38,moderate,singleton,False,False,1,"[{""target"":""demand"",""magnitude"":0.15,""start_week"":14,""duration_weeks"":4,""recovery_weeks"":2}]",True,0.0,A
260,RST,RST-38,moderate,upstream_node_deletion,False,False,1,"[{""target"":""demand"",""magnitude"":0.15,""start_week"":14,""duration_weeks"":4,""recovery_weeks"":2}]",True,0.0,A
261,RST,RST-38,moderate,direct_impact,False,True,0;1,"[{""target"":""T2P"",""magnitude"":0.45,""start_week"":12,""duration_weeks"":5,""recovery_weeks"":4},{""target"":""demand"",""magnitude"":0.15,""start_week"":14,""duration_weeks"":4,""recovery_weeks"":2}]",False,0.006091899995226413,A
262,RST,RST-38,severe,singleton,False,False,0,"[{""target"":""T2P"",""magnitude"":0.45,""start_week"":12,""duration_weeks"":5,""recovery_weeks"":4}]",True,0.0,A
263,RST,RST-38,severe,singleton,False,False,1,"[{""target"":""demand"",""magnitude"":0.15,""start_week"":14,""duration_weeks"":4,""recovery_weeks"":2}]",True,0.0,A
264,RST,RST-38,severe,upstream_node_deletion,False,False,1,"[{""target"":""demand"",""magnitude"":0.15,""start_week"":14,""duration_weeks"":4,""recovery_weeks"":2}]",True,0.0,A
265,RST,RST-38,severe,direct_impact,False,True,0;1,"[{""target"":""T2P"",""magnitude"":0.45,""start_week"":12,""duration_weeks"":5,""recovery_weeks"":4},{""target"":""demand"",""magnitude"":0.15,""start_week"":14,""duration_weeks"":4,""recovery_weeks"":2}]",True,0.0,A
266,RST,RST-39,all,candidate_passive,False,False,,"[{""target"":""T2P"",""magnitude"":0.55,""start_week"":12,""duration_weeks"":5,""recovery_weeks"":4},{""target"":""demand"",""magnitude"":0.15,""start_week"":14,""duration_weeks"":4,""recovery_weeks"":2}]",False,0.006338299950584769,A
267,RST,RST-39,all,candidate_active,True,False,,"[{""target"":""T2P"",""magnitude"":0.55,""start_week"":12,""duration_weeks"":5,""recovery_weeks"":4},{""target"":""demand"",""magnitude"":0.15,""start_week"":14,""duration_weeks"":4,""recovery_weeks"":2}]",False,0.007769500021822751,A
268,RST,RST-39,moderate,singleton,False,False,0,"[{""target"":""T2P"",""magnitude"":0.55,""start_week"":12,""duration_weeks"":5,""recovery_weeks"":4}]",False,0.006711299996823072,A
269,RST,RST-39,moderate,singleton,False,False,1,"[{""target"":""demand"",""magnitude"":0.15,""start_week"":14,""duration_weeks"":4,""recovery_weeks"":2}]",True,0.0,A
270,RST,RST-39,moderate,upstream_node_deletion,False,False,1,"[{""target"":""demand"",""magnitude"":0.15,""start_week"":14,""duration_weeks"":4,""recovery_weeks"":2}]",True,0.0,A
271,RST,RST-39,moderate,direct_impact,False,True,0;1,"[{""target"":""T2P"",""magnitude"":0.55,""start_week"":12,""duration_weeks"":5,""recovery_weeks"":4},{""target"":""demand"",""magnitude"":0.15,""start_week"":14,""duration_weeks"":4,""recovery_weeks"":2}]",False,0.004449900006875396,A
272,RST,RST-39,severe,singleton,False,False,0,"[{""target"":""T2P"",""magnitude"":0.55,""start_week"":12,""duration_weeks"":5,""recovery_weeks"":4}]",True,0.0,A
273,RST,RST-39,severe,singleton,False,False,1,"[{""target"":""demand"",""magnitude"":0.15,""start_week"":14,""duration_weeks"":4,""recovery_weeks"":2}]",True,0.0,A
274,RST,RST-39,severe,upstream_node_deletion,False,False,1,"[{""target"":""demand"",""magnitude"":0.15,""start_week"":14,""duration_weeks"":4,""recovery_weeks"":2}]",True,0.0,A
275,RST,RST-39,severe,direct_impact,False,True,0;1,"[{""target"":""T2P"",""magnitude"":0.55,""start_week"":12,""duration_weeks"":5,""recovery_weeks"":4},{""target"":""demand"",""magnitude"":0.15,""start_week"":14,""duration_weeks"":4,""recovery_weeks"":2}]",True,0.0,A
276,RST,RST-40,all,candidate_passive,False,False,,"[{""target"":""T2P"",""magnitude"":0.65,""start_week"":12,""duration_weeks"":5,""recovery_weeks"":4},{""target"":""demand"",""magnitude"":0.15,""start_week"":14,""duration_weeks"":4,""recovery_weeks"":2}]",False,0.00639910000609234,A
277,RST,RST-40,all,candidate_active,True,False,,"[{""target"":""T2P"",""magnitude"":0.65,""start_week"":12,""duration_weeks"":5,""recovery_weeks"":4},{""target"":""demand"",""magnitude"":0.15,""start_week"":14,""duration_weeks"":4,""recovery_weeks"":2}]",False,0.005525599990505725,A
278,RST,RST-40,moderate,singleton,False,False,0,"[{""target"":""T2P"",""magnitude"":0.65,""start_week"":12,""duration_weeks"":5,""recovery_weeks"":4}]",False,0.005044399993494153,A
279,RST,RST-40,moderate,singleton,False,False,1,"[{""target"":""demand"",""magnitude"":0.15,""start_week"":14,""duration_weeks"":4,""recovery_weeks"":2}]",True,0.0,A
280,RST,RST-40,moderate,upstream_node_deletion,False,False,1,"[{""target"":""demand"",""magnitude"":0.15,""start_week"":14,""duration_weeks"":4,""recovery_weeks"":2}]",True,0.0,A
281,RST,RST-40,moderate,direct_impact,False,True,0;1,"[{""target"":""T2P"",""magnitude"":0.65,""start_week"":12,""duration_weeks"":5,""recovery_weeks"":4},{""target"":""demand"",""magnitude"":0.15,""start_week"":14,""duration_weeks"":4,""recovery_weeks"":2}]",False,0.005952899984549731,A
282,RST,RST-40,severe,singleton,False,False,0,"[{""target"":""T2P"",""magnitude"":0.65,""start_week"":12,""duration_weeks"":5,""recovery_weeks"":4}]",True,0.0,A
283,RST,RST-40,severe,singleton,False,False,1,"[{""target"":""demand"",""magnitude"":0.15,""start_week"":14,""duration_weeks"":4,""recovery_weeks"":2}]",True,0.0,A
284,RST,RST-40,severe,upstream_node_deletion,False,False,1,"[{""target"":""demand"",""magnitude"":0.15,""start_week"":14,""duration_weeks"":4,""recovery_weeks"":2}]",True,0.0,A
285,RST,RST-40,severe,direct_impact,False,True,0;1,"[{""target"":""T2P"",""magnitude"":0.65,""start_week"":12,""duration_weeks"":5,""recovery_weeks"":4},{""target"":""demand"",""magnitude"":0.15,""start_week"":14,""duration_weeks"":4,""recovery_weeks"":2}]",True,0.0,A
286,RST,RST-41,all,candidate_passive,False,False,,"[{""target"":""T2P"",""magnitude"":0.3,""start_week"":12,""duration_weeks"":3,""recovery_weeks"":4},{""target"":""corridor"",""magnitude"":0.5,""start_week"":16,""duration_weeks"":2,""recovery_weeks"":3}]",False,0.0063325000228360295,A
287,RST,RST-41,all,candidate_active,True,False,,"[{""target"":""T2P"",""magnitude"":0.3,""start_week"":12,""duration_weeks"":3,""recovery_weeks"":4},{""target"":""corridor"",""magnitude"":0.5,""start_week"":16,""duration_weeks"":2,""recovery_weeks"":3}]",False,0.005790199968032539,A
288,RST,RST-41,moderate,singleton,False,False,0,"[{""target"":""T2P"",""magnitude"":0.3,""start_week"":12,""duration_weeks"":3,""recovery_weeks"":4}]",False,0.011454600025899708,A
289,RST,RST-41,moderate,singleton,False,False,1,"[{""target"":""corridor"",""magnitude"":0.5,""start_week"":16,""duration_weeks"":2,""recovery_weeks"":3}]",False,0.005205399997066706,A
290,RST,RST-41,moderate,upstream_node_deletion,False,False,1,"[{""target"":""corridor"",""magnitude"":0.5,""start_week"":16,""duration_weeks"":2,""recovery_weeks"":3}]",True,0.0,A
291,RST,RST-41,moderate,direct_impact,False,True,0;1,"[{""target"":""T2P"",""magnitude"":0.3,""start_week"":12,""duration_weeks"":3,""recovery_weeks"":4},{""target"":""corridor"",""magnitude"":0.5,""start_week"":16,""duration_weeks"":2,""recovery_weeks"":3}]",False,0.005640999996103346,A
292,RST,RST-41,moderate,later_event_deletion,False,False,0,"[{""target"":""T2P"",""magnitude"":0.3,""start_week"":12,""duration_weeks"":3,""recovery_weeks"":4}]",True,0.0,A
293,RST,RST-41,severe,singleton,False,False,0,"[{""target"":""T2P"",""magnitude"":0.3,""start_week"":12,""duration_weeks"":3,""recovery_weeks"":4}]",True,0.0,A
294,RST,RST-41,severe,singleton,False,False,1,"[{""target"":""corridor"",""magnitude"":0.5,""start_week"":16,""duration_weeks"":2,""recovery_weeks"":3}]",True,0.0,A
295,RST,RST-41,severe,upstream_node_deletion,False,False,1,"[{""target"":""corridor"",""magnitude"":0.5,""start_week"":16,""duration_weeks"":2,""recovery_weeks"":3}]",True,0.0,A
296,RST,RST-41,severe,direct_impact,False,True,0;1,"[{""target"":""T2P"",""magnitude"":0.3,""start_week"":12,""duration_weeks"":3,""recovery_weeks"":4},{""target"":""corridor"",""magnitude"":0.5,""start_week"":16,""duration_weeks"":2,""recovery_weeks"":3}]",True,0.0,A
297,RST,RST-41,severe,later_event_deletion,False,False,0,"[{""target"":""T2P"",""magnitude"":0.3,""start_week"":12,""duration_weeks"":3,""recovery_weeks"":4}]",True,0.0,A
298,RST,RST-42,all,candidate_passive,False,False,,"[{""target"":""T2P"",""magnitude"":0.4,""start_week"":12,""duration_weeks"":3,""recovery_weeks"":4},{""target"":""corridor"",""magnitude"":0.5,""start_week"":16,""duration_weeks"":2,""recovery_weeks"":3}]",False,0.004052300006151199,A
299,RST,RST-42,all,candidate_active,True,False,,"[{""target"":""T2P"",""magnitude"":0.4,""start_week"":12,""duration_weeks"":3,""recovery_weeks"":4},{""target"":""corridor"",""magnitude"":0.5,""start_week"":16,""duration_weeks"":2,""recovery_weeks"":3}]",False,0.004461399978026748,A
300,RST,RST-42,moderate,singleton,False,False,0,"[{""target"":""T2P"",""magnitude"":0.4,""start_week"":12,""duration_weeks"":3,""recovery_weeks"":4}]",False,0.004370799986645579,A
301,RST,RST-42,moderate,singleton,False,False,1,"[{""target"":""corridor"",""magnitude"":0.5,""start_week"":16,""duration_weeks"":2,""recovery_weeks"":3}]",True,0.0,A
302,RST,RST-42,moderate,upstream_node_deletion,False,False,1,"[{""target"":""corridor"",""magnitude"":0.5,""start_week"":16,""duration_weeks"":2,""recovery_weeks"":3}]",True,0.0,A
303,RST,RST-42,moderate,direct_impact,False,True,0;1,"[{""target"":""T2P"",""magnitude"":0.4,""start_week"":12,""duration_weeks"":3,""recovery_weeks"":4},{""target"":""corridor"",""magnitude"":0.5,""start_week"":16,""duration_weeks"":2,""recovery_weeks"":3}]",False,0.006260099995415658,A
304,RST,RST-42,moderate,later_event_deletion,False,False,0,"[{""target"":""T2P"",""magnitude"":0.4,""start_week"":12,""duration_weeks"":3,""recovery_weeks"":4}]",True,0.0,A
305,RST,RST-42,severe,singleton,False,False,0,"[{""target"":""T2P"",""magnitude"":0.4,""start_week"":12,""duration_weeks"":3,""recovery_weeks"":4}]",True,0.0,A
306,RST,RST-42,severe,singleton,False,False,1,"[{""target"":""corridor"",""magnitude"":0.5,""start_week"":16,""duration_weeks"":2,""recovery_weeks"":3}]",True,0.0,A
307,RST,RST-42,severe,upstream_node_deletion,False,False,1,"[{""target"":""corridor"",""magnitude"":0.5,""start_week"":16,""duration_weeks"":2,""recovery_weeks"":3}]",True,0.0,A
308,RST,RST-42,severe,direct_impact,False,True,0;1,"[{""target"":""T2P"",""magnitude"":0.4,""start_week"":12,""duration_weeks"":3,""recovery_weeks"":4},{""target"":""corridor"",""magnitude"":0.5,""start_week"":16,""duration_weeks"":2,""recovery_weeks"":3}]",True,0.0,A
309,RST,RST-42,severe,later_event_deletion,False,False,0,"[{""target"":""T2P"",""magnitude"":0.4,""start_week"":12,""duration_weeks"":3,""recovery_weeks"":4}]",True,0.0,A
310,RST,RST-43,all,candidate_passive,False,False,,"[{""target"":""T2P"",""magnitude"":0.5,""start_week"":12,""duration_weeks"":3,""recovery_weeks"":4},{""target"":""corridor"",""magnitude"":0.5,""start_week"":16,""duration_weeks"":2,""recovery_weeks"":3}]",False,0.003907200007233769,A
311,RST,RST-43,all,candidate_active,True,False,,"[{""target"":""T2P"",""magnitude"":0.5,""start_week"":12,""duration_weeks"":3,""recovery_weeks"":4},{""target"":""corridor"",""magnitude"":0.5,""start_week"":16,""duration_weeks"":2,""recovery_weeks"":3}]",False,0.003915700013749301,A
312,RST,RST-43,moderate,singleton,False,False,0,"[{""target"":""T2P"",""magnitude"":0.5,""start_week"":12,""duration_weeks"":3,""recovery_weeks"":4}]",False,0.003375799977220595,A
313,RST,RST-43,moderate,singleton,False,False,1,"[{""target"":""corridor"",""magnitude"":0.5,""start_week"":16,""duration_weeks"":2,""recovery_weeks"":3}]",True,0.0,A
314,RST,RST-43,moderate,upstream_node_deletion,False,False,1,"[{""target"":""corridor"",""magnitude"":0.5,""start_week"":16,""duration_weeks"":2,""recovery_weeks"":3}]",True,0.0,A
315,RST,RST-43,moderate,direct_impact,False,True,0;1,"[{""target"":""T2P"",""magnitude"":0.5,""start_week"":12,""duration_weeks"":3,""recovery_weeks"":4},{""target"":""corridor"",""magnitude"":0.5,""start_week"":16,""duration_weeks"":2,""recovery_weeks"":3}]",False,0.004641200008336455,A
316,RST,RST-43,moderate,later_event_deletion,False,False,0,"[{""target"":""T2P"",""magnitude"":0.5,""start_week"":12,""duration_weeks"":3,""recovery_weeks"":4}]",True,0.0,A
317,RST,RST-43,severe,singleton,False,False,0,"[{""target"":""T2P"",""magnitude"":0.5,""start_week"":12,""duration_weeks"":3,""recovery_weeks"":4}]",True,0.0,A
318,RST,RST-43,severe,singleton,False,False,1,"[{""target"":""corridor"",""magnitude"":0.5,""start_week"":16,""duration_weeks"":2,""recovery_weeks"":3}]",True,0.0,A
319,RST,RST-43,severe,upstream_node_deletion,False,False,1,"[{""target"":""corridor"",""magnitude"":0.5,""start_week"":16,""duration_weeks"":2,""recovery_weeks"":3}]",True,0.0,A
320,RST,RST-43,severe,direct_impact,False,True,0;1,"[{""target"":""T2P"",""magnitude"":0.5,""start_week"":12,""duration_weeks"":3,""recovery_weeks"":4},{""target"":""corridor"",""magnitude"":0.5,""start_week"":16,""duration_weeks"":2,""recovery_weeks"":3}]",True,0.0,A
321,RST,RST-43,severe,later_event_deletion,False,False,0,"[{""target"":""T2P"",""magnitude"":0.5,""start_week"":12,""duration_weeks"":3,""recovery_weeks"":4}]",True,0.0,A
322,RST,RST-44,all,candidate_passive,False,False,,"[{""target"":""T2P"",""magnitude"":0.6,""start_week"":12,""duration_weeks"":3,""recovery_weeks"":4},{""target"":""corridor"",""magnitude"":0.5,""start_week"":16,""duration_weeks"":2,""recovery_weeks"":3}]",False,0.0038799999747425318,A
323,RST,RST-44,all,candidate_active,True,False,,"[{""target"":""T2P"",""magnitude"":0.6,""start_week"":12,""duration_weeks"":3,""recovery_weeks"":4},{""target"":""corridor"",""magnitude"":0.5,""start_week"":16,""duration_weeks"":2,""recovery_weeks"":3}]",False,0.0047414000146090984,A
324,RST,RST-44,moderate,singleton,False,False,0,"[{""target"":""T2P"",""magnitude"":0.6,""start_week"":12,""duration_weeks"":3,""recovery_weeks"":4}]",False,0.004913799988571554,A
325,RST,RST-44,moderate,singleton,False,False,1,"[{""target"":""corridor"",""magnitude"":0.5,""start_week"":16,""duration_weeks"":2,""recovery_weeks"":3}]",True,0.0,A
326,RST,RST-44,moderate,upstream_node_deletion,False,False,1,"[{""target"":""corridor"",""magnitude"":0.5,""start_week"":16,""duration_weeks"":2,""recovery_weeks"":3}]",True,0.0,A
327,RST,RST-44,moderate,direct_impact,False,True,0;1,"[{""target"":""T2P"",""magnitude"":0.6,""start_week"":12,""duration_weeks"":3,""recovery_weeks"":4},{""target"":""corridor"",""magnitude"":0.5,""start_week"":16,""duration_weeks"":2,""recovery_weeks"":3}]",False,0.005872200010344386,A
328,RST,RST-44,moderate,later_event_deletion,False,False,0,"[{""target"":""T2P"",""magnitude"":0.6,""start_week"":12,""duration_weeks"":3,""recovery_weeks"":4}]",True,0.0,A
329,RST,RST-44,severe,singleton,False,False,0,"[{""target"":""T2P"",""magnitude"":0.6,""start_week"":12,""duration_weeks"":3,""recovery_weeks"":4}]",True,0.0,A
330,RST,RST-44,severe,singleton,False,False,1,"[{""target"":""corridor"",""magnitude"":0.5,""start_week"":16,""duration_weeks"":2,""recovery_weeks"":3}]",True,0.0,A
331,RST,RST-44,severe,upstream_node_deletion,False,False,1,"[{""target"":""corridor"",""magnitude"":0.5,""start_week"":16,""duration_weeks"":2,""recovery_weeks"":3}]",True,0.0,A
332,RST,RST-44,severe,direct_impact,False,True,0;1,"[{""target"":""T2P"",""magnitude"":0.6,""start_week"":12,""duration_weeks"":3,""recovery_weeks"":4},{""target"":""corridor"",""magnitude"":0.5,""start_week"":16,""duration_weeks"":2,""recovery_weeks"":3}]",True,0.0,A
333,RST,RST-44,severe,later_event_deletion,False,False,0,"[{""target"":""T2P"",""magnitude"":0.6,""start_week"":12,""duration_weeks"":3,""recovery_weeks"":4}]",True,0.0,A
334,RST,RST-45,all,candidate_passive,False,False,,"[{""target"":""T2P"",""magnitude"":0.7,""start_week"":12,""duration_weeks"":3,""recovery_weeks"":4},{""target"":""corridor"",""magnitude"":0.5,""start_week"":16,""duration_weeks"":2,""recovery_weeks"":3}]",False,0.006043699977453798,A
335,RST,RST-45,all,candidate_active,True,False,,"[{""target"":""T2P"",""magnitude"":0.7,""start_week"":12,""duration_weeks"":3,""recovery_weeks"":4},{""target"":""corridor"",""magnitude"":0.5,""start_week"":16,""duration_weeks"":2,""recovery_weeks"":3}]",False,0.00414249999448657,A
336,RST,RST-45,moderate,singleton,False,False,0,"[{""target"":""T2P"",""magnitude"":0.7,""start_week"":12,""duration_weeks"":3,""recovery_weeks"":4}]",False,0.0033920000423677266,A
337,RST,RST-45,moderate,singleton,False,False,1,"[{""target"":""corridor"",""magnitude"":0.5,""start_week"":16,""duration_weeks"":2,""recovery_weeks"":3}]",True,0.0,A
338,RST,RST-45,moderate,upstream_node_deletion,False,False,1,"[{""target"":""corridor"",""magnitude"":0.5,""start_week"":16,""duration_weeks"":2,""recovery_weeks"":3}]",True,0.0,A
339,RST,RST-45,moderate,direct_impact,False,True,0;1,"[{""target"":""T2P"",""magnitude"":0.7,""start_week"":12,""duration_weeks"":3,""recovery_weeks"":4},{""target"":""corridor"",""magnitude"":0.5,""start_week"":16,""duration_weeks"":2,""recovery_weeks"":3}]",False,0.004115700023248792,A
340,RST,RST-45,moderate,later_event_deletion,False,False,0,"[{""target"":""T2P"",""magnitude"":0.7,""start_week"":12,""duration_weeks"":3,""recovery_weeks"":4}]",True,0.0,A
341,RST,RST-45,severe,singleton,False,False,0,"[{""target"":""T2P"",""magnitude"":0.7,""start_week"":12,""duration_weeks"":3,""recovery_weeks"":4}]",True,0.0,A
342,RST,RST-45,severe,singleton,False,False,1,"[{""target"":""corridor"",""magnitude"":0.5,""start_week"":16,""duration_weeks"":2,""recovery_weeks"":3}]",True,0.0,A
343,RST,RST-45,severe,upstream_node_deletion,False,False,1,"[{""target"":""corridor"",""magnitude"":0.5,""start_week"":16,""duration_weeks"":2,""recovery_weeks"":3}]",True,0.0,A
344,RST,RST-45,severe,direct_impact,False,True,0;1,"[{""target"":""T2P"",""magnitude"":0.7,""start_week"":12,""duration_weeks"":3,""recovery_weeks"":4},{""target"":""corridor"",""magnitude"":0.5,""start_week"":16,""duration_weeks"":2,""recovery_weeks"":3}]",True,0.0,A
345,RST,RST-45,severe,later_event_deletion,False,False,0,"[{""target"":""T2P"",""magnitude"":0.7,""start_week"":12,""duration_weeks"":3,""recovery_weeks"":4}]",True,0.0,A
346,RST,RST-46,all,candidate_passive,False,False,,"[{""target"":""corridor"",""magnitude"":0.3,""start_week"":12,""duration_weeks"":3,""recovery_weeks"":4},{""target"":""T2P"",""magnitude"":0.5,""start_week"":16,""duration_weeks"":2,""recovery_weeks"":3}]",False,0.004779300012160093,A
347,RST,RST-46,all,candidate_active,True,False,,"[{""target"":""corridor"",""magnitude"":0.3,""start_week"":12,""duration_weeks"":3,""recovery_weeks"":4},{""target"":""T2P"",""magnitude"":0.5,""start_week"":16,""duration_weeks"":2,""recovery_weeks"":3}]",False,0.007523200009018183,A
348,RST,RST-46,moderate,singleton,False,False,0,"[{""target"":""corridor"",""magnitude"":0.3,""start_week"":12,""duration_weeks"":3,""recovery_weeks"":4}]",False,0.007784800021909177,A
349,RST,RST-46,moderate,singleton,False,False,1,"[{""target"":""T2P"",""magnitude"":0.5,""start_week"":16,""duration_weeks"":2,""recovery_weeks"":3}]",False,0.006839500041678548,A
350,RST,RST-46,moderate,upstream_node_deletion,False,False,0,"[{""target"":""corridor"",""magnitude"":0.3,""start_week"":12,""duration_weeks"":3,""recovery_weeks"":4}]",True,0.0,A
351,RST,RST-46,moderate,direct_impact,False,True,0;1,"[{""target"":""corridor"",""magnitude"":0.3,""start_week"":12,""duration_weeks"":3,""recovery_weeks"":4},{""target"":""T2P"",""magnitude"":0.5,""start_week"":16,""duration_weeks"":2,""recovery_weeks"":3}]",False,0.007291500049177557,A
352,RST,RST-46,moderate,later_event_deletion,False,False,0,"[{""target"":""corridor"",""magnitude"":0.3,""start_week"":12,""duration_weeks"":3,""recovery_weeks"":4}]",True,0.0,A
353,RST,RST-46,severe,singleton,False,False,0,"[{""target"":""corridor"",""magnitude"":0.3,""start_week"":12,""duration_weeks"":3,""recovery_weeks"":4}]",True,0.0,A
354,RST,RST-46,severe,singleton,False,False,1,"[{""target"":""T2P"",""magnitude"":0.5,""start_week"":16,""duration_weeks"":2,""recovery_weeks"":3}]",True,0.0,A
355,RST,RST-46,severe,upstream_node_deletion,False,False,0,"[{""target"":""corridor"",""magnitude"":0.3,""start_week"":12,""duration_weeks"":3,""recovery_weeks"":4}]",True,0.0,A
356,RST,RST-46,severe,direct_impact,False,True,0;1,"[{""target"":""corridor"",""magnitude"":0.3,""start_week"":12,""duration_weeks"":3,""recovery_weeks"":4},{""target"":""T2P"",""magnitude"":0.5,""start_week"":16,""duration_weeks"":2,""recovery_weeks"":3}]",True,0.0,A
357,RST,RST-46,severe,later_event_deletion,False,False,0,"[{""target"":""corridor"",""magnitude"":0.3,""start_week"":12,""duration_weeks"":3,""recovery_weeks"":4}]",True,0.0,A
358,RST,RST-47,all,candidate_passive,False,False,,"[{""target"":""corridor"",""magnitude"":0.4,""start_week"":12,""duration_weeks"":3,""recovery_weeks"":4},{""target"":""T2P"",""magnitude"":0.5,""start_week"":16,""duration_weeks"":2,""recovery_weeks"":3}]",False,0.004031100019346923,A
359,RST,RST-47,all,candidate_active,True,False,,"[{""target"":""corridor"",""magnitude"":0.4,""start_week"":12,""duration_weeks"":3,""recovery_weeks"":4},{""target"":""T2P"",""magnitude"":0.5,""start_week"":16,""duration_weeks"":2,""recovery_weeks"":3}]",False,0.006460700009483844,A
360,RST,RST-47,moderate,singleton,False,False,0,"[{""target"":""corridor"",""magnitude"":0.4,""start_week"":12,""duration_weeks"":3,""recovery_weeks"":4}]",False,0.006347799964714795,A
361,RST,RST-47,severe,singleton,False,False,0,"[{""target"":""corridor"",""magnitude"":0.4,""start_week"":12,""duration_weeks"":3,""recovery_weeks"":4}]",True,0.0,A
362,RST,RST-48,all,candidate_passive,False,False,,"[{""target"":""corridor"",""magnitude"":0.5,""start_week"":12,""duration_weeks"":3,""recovery_weeks"":4},{""target"":""T2P"",""magnitude"":0.5,""start_week"":16,""duration_weeks"":2,""recovery_weeks"":3}]",False,0.00720799999544397,A
363,RST,RST-48,all,candidate_active,True,False,,"[{""target"":""corridor"",""magnitude"":0.5,""start_week"":12,""duration_weeks"":3,""recovery_weeks"":4},{""target"":""T2P"",""magnitude"":0.5,""start_week"":16,""duration_weeks"":2,""recovery_weeks"":3}]",False,0.007249000016599894,A
364,RST,RST-48,moderate,singleton,False,False,0,"[{""target"":""corridor"",""magnitude"":0.5,""start_week"":12,""duration_weeks"":3,""recovery_weeks"":4}]",False,0.006186299957334995,A
365,RST,RST-48,severe,singleton,False,False,0,"[{""target"":""corridor"",""magnitude"":0.5,""start_week"":12,""duration_weeks"":3,""recovery_weeks"":4}]",True,0.0,A
366,RST,RST-49,all,candidate_passive,False,False,,"[{""target"":""corridor"",""magnitude"":0.6,""start_week"":12,""duration_weeks"":3,""recovery_weeks"":4},{""target"":""T2P"",""magnitude"":0.5,""start_week"":16,""duration_weeks"":2,""recovery_weeks"":3}]",False,0.007861799967940897,A
367,RST,RST-49,all,candidate_active,True,False,,"[{""target"":""corridor"",""magnitude"":0.6,""start_week"":12,""duration_weeks"":3,""recovery_weeks"":4},{""target"":""T2P"",""magnitude"":0.5,""start_week"":16,""duration_weeks"":2,""recovery_weeks"":3}]",False,0.008718000026419759,A
368,RST,RST-49,moderate,singleton,False,False,0,"[{""target"":""corridor"",""magnitude"":0.6,""start_week"":12,""duration_weeks"":3,""recovery_weeks"":4}]",False,0.006721199955791235,A
369,RST,RST-49,severe,singleton,False,False,0,"[{""target"":""corridor"",""magnitude"":0.6,""start_week"":12,""duration_weeks"":3,""recovery_weeks"":4}]",True,0.0,A
370,RST,RST-50,all,candidate_passive,False,False,,"[{""target"":""corridor"",""magnitude"":0.7,""start_week"":12,""duration_weeks"":3,""recovery_weeks"":4},{""target"":""T2P"",""magnitude"":0.5,""start_week"":16,""duration_weeks"":2,""recovery_weeks"":3}]",False,0.00559299997985363,A
371,RST,RST-50,all,candidate_active,True,False,,"[{""target"":""corridor"",""magnitude"":0.7,""start_week"":12,""duration_weeks"":3,""recovery_weeks"":4},{""target"":""T2P"",""magnitude"":0.5,""start_week"":16,""duration_weeks"":2,""recovery_weeks"":3}]",False,0.0046526999794878066,A
372,RST,RST-50,moderate,singleton,False,False,0,"[{""target"":""corridor"",""magnitude"":0.7,""start_week"":12,""duration_weeks"":3,""recovery_weeks"":4}]",False,0.006768199964426458,A
373,RST,RST-50,severe,singleton,False,False,0,"[{""target"":""corridor"",""magnitude"":0.7,""start_week"":12,""duration_weeks"":3,""recovery_weeks"":4}]",True,0.0,A
1,MI-C,FST-MI-01,all,candidate_passive,False,False,,"[{""target"":""S1A"",""magnitude"":0.5,""start_week"":12,""duration_weeks"":4,""recovery_weeks"":3}]",False,0.006388000037986785,A
2,MI-C,FST-MI-01,all,candidate_active,True,False,,"[{""target"":""S1A"",""magnitude"":0.5,""start_week"":12,""duration_weeks"":4,""recovery_weeks"":3}]",False,0.0060273000271990895,A
3,MI-C,FST-MI-01,moderate,singleton,False,False,0,"[{""target"":""S1A"",""magnitude"":0.5,""start_week"":12,""duration_weeks"":4,""recovery_weeks"":3}]",True,0.0,A
4,MI-C,FST-MI-02,all,candidate_passive,False,False,,"[{""target"":""S1A"",""magnitude"":0.7,""start_week"":12,""duration_weeks"":4,""recovery_weeks"":3}]",False,0.006297899992205203,A
5,MI-C,FST-MI-02,all,candidate_active,True,False,,"[{""target"":""S1A"",""magnitude"":0.7,""start_week"":12,""duration_weeks"":4,""recovery_weeks"":3}]",False,0.004365800006780773,A
6,MI-C,FST-MI-02,moderate,singleton,False,False,0,"[{""target"":""S1A"",""magnitude"":0.7,""start_week"":12,""duration_weeks"":4,""recovery_weeks"":3}]",True,0.0,A
7,MI-C,FST-MI-03,all,candidate_passive,False,False,,"[{""target"":""S1B"",""magnitude"":0.5,""start_week"":12,""duration_weeks"":4,""recovery_weeks"":3}]",False,0.007528999994974583,A
8,MI-C,FST-MI-03,all,candidate_active,True,False,,"[{""target"":""S1B"",""magnitude"":0.5,""start_week"":12,""duration_weeks"":4,""recovery_weeks"":3}]",False,0.006330500007607043,A
9,MI-C,FST-MI-03,moderate,singleton,False,False,0,"[{""target"":""S1B"",""magnitude"":0.5,""start_week"":12,""duration_weeks"":4,""recovery_weeks"":3}]",True,0.0,A
10,MI-C,FST-MI-04,all,candidate_passive,False,False,,"[{""target"":""S1B"",""magnitude"":0.7,""start_week"":12,""duration_weeks"":4,""recovery_weeks"":3}]",False,0.0061993999988771975,A
11,MI-C,FST-MI-04,all,candidate_active,True,False,,"[{""target"":""S1B"",""magnitude"":0.7,""start_week"":12,""duration_weeks"":4,""recovery_weeks"":3}]",False,0.007274899980984628,A
12,MI-C,FST-MI-04,moderate,singleton,False,False,0,"[{""target"":""S1B"",""magnitude"":0.7,""start_week"":12,""duration_weeks"":4,""recovery_weeks"":3}]",True,0.0,A
13,MI-C,FST-MI-05,all,candidate_passive,False,False,,"[{""target"":""S1C"",""magnitude"":0.5,""start_week"":12,""duration_weeks"":4,""recovery_weeks"":3}]",False,0.006212799984496087,A
14,MI-C,FST-MI-05,all,candidate_active,True,False,,"[{""target"":""S1C"",""magnitude"":0.5,""start_week"":12,""duration_weeks"":4,""recovery_weeks"":3}]",False,0.006110899965278804,A
15,MI-C,FST-MI-05,moderate,singleton,False,False,0,"[{""target"":""S1C"",""magnitude"":0.5,""start_week"":12,""duration_weeks"":4,""recovery_weeks"":3}]",True,0.0,A
16,MI-C,FST-MI-06,all,candidate_passive,False,False,,"[{""target"":""S1C"",""magnitude"":0.7,""start_week"":12,""duration_weeks"":4,""recovery_weeks"":3}]",False,0.005688100005500019,A
17,MI-C,FST-MI-06,all,candidate_active,True,False,,"[{""target"":""S1C"",""magnitude"":0.7,""start_week"":12,""duration_weeks"":4,""recovery_weeks"":3}]",False,0.004863100009970367,A
18,MI-C,FST-MI-06,moderate,singleton,False,False,0,"[{""target"":""S1C"",""magnitude"":0.7,""start_week"":12,""duration_weeks"":4,""recovery_weeks"":3}]",True,0.0,A
19,MI-C,FST-MI-07,all,candidate_passive,False,False,,"[{""target"":""T2P"",""magnitude"":0.2,""start_week"":12,""duration_weeks"":3,""recovery_weeks"":3}]",False,0.0043947999947704375,A
20,MI-C,FST-MI-08,all,candidate_passive,False,False,,"[{""target"":""T2P"",""magnitude"":0.2,""start_week"":12,""duration_weeks"":6,""recovery_weeks"":3}]",False,0.004226800054311752,A
21,MI-C,FST-MI-09,all,candidate_passive,False,False,,"[{""target"":""T2P"",""magnitude"":0.35,""start_week"":12,""duration_weeks"":3,""recovery_weeks"":3}]",False,0.00620489998254925,A
22,MI-C,FST-MI-09,all,candidate_active,True,False,,"[{""target"":""T2P"",""magnitude"":0.35,""start_week"":12,""duration_weeks"":3,""recovery_weeks"":3}]",False,0.005919799965340644,A
23,MI-C,FST-MI-09,moderate,singleton,False,False,0,"[{""target"":""T2P"",""magnitude"":0.35,""start_week"":12,""duration_weeks"":3,""recovery_weeks"":3}]",True,0.0,A
24,MI-C,FST-MI-09,moderate,upstream_node_deletion,False,False,,[],False,0.005297800002153963,A
25,MI-C,FST-MI-09,moderate,direct_impact,False,True,0,"[{""target"":""T2P"",""magnitude"":0.35,""start_week"":12,""duration_weeks"":3,""recovery_weeks"":3}]",False,0.006459500000346452,A
26,MI-C,FST-MI-10,all,candidate_passive,False,False,,"[{""target"":""T2P"",""magnitude"":0.35,""start_week"":12,""duration_weeks"":6,""recovery_weeks"":3}]",False,0.006267799995839596,A
27,MI-C,FST-MI-10,all,candidate_active,True,False,,"[{""target"":""T2P"",""magnitude"":0.35,""start_week"":12,""duration_weeks"":6,""recovery_weeks"":3}]",False,0.006462700024712831,A
28,MI-C,FST-MI-10,moderate,singleton,False,False,0,"[{""target"":""T2P"",""magnitude"":0.35,""start_week"":12,""duration_weeks"":6,""recovery_weeks"":3}]",True,0.0,A
29,MI-C,FST-MI-10,moderate,upstream_node_deletion,False,False,,[],True,0.0,A
30,MI-C,FST-MI-10,moderate,direct_impact,False,True,0,"[{""target"":""T2P"",""magnitude"":0.35,""start_week"":12,""duration_weeks"":6,""recovery_weeks"":3}]",False,0.004685699997935444,A
31,MI-C,FST-MI-10,severe,singleton,False,False,0,"[{""target"":""T2P"",""magnitude"":0.35,""start_week"":12,""duration_weeks"":6,""recovery_weeks"":3}]",True,0.0,A
32,MI-C,FST-MI-10,severe,upstream_node_deletion,False,False,,[],True,0.0,A
33,MI-C,FST-MI-10,severe,direct_impact,False,True,0,"[{""target"":""T2P"",""magnitude"":0.35,""start_week"":12,""duration_weeks"":6,""recovery_weeks"":3}]",True,0.0,A
34,MI-C,FST-MI-11,all,candidate_passive,False,False,,"[{""target"":""T2P"",""magnitude"":0.5,""start_week"":12,""duration_weeks"":3,""recovery_weeks"":3}]",False,0.005978900007903576,A
35,MI-C,FST-MI-11,all,candidate_active,True,False,,"[{""target"":""T2P"",""magnitude"":0.5,""start_week"":12,""duration_weeks"":3,""recovery_weeks"":3}]",False,0.006432800029870123,A
36,MI-C,FST-MI-11,moderate,singleton,False,False,0,"[{""target"":""T2P"",""magnitude"":0.5,""start_week"":12,""duration_weeks"":3,""recovery_weeks"":3}]",True,0.0,A
37,MI-C,FST-MI-11,moderate,upstream_node_deletion,False,False,,[],True,0.0,A
38,MI-C,FST-MI-11,moderate,direct_impact,False,True,0,"[{""target"":""T2P"",""magnitude"":0.5,""start_week"":12,""duration_weeks"":3,""recovery_weeks"":3}]",False,0.008001299982424825,A
39,MI-C,FST-MI-11,severe,singleton,False,False,0,"[{""target"":""T2P"",""magnitude"":0.5,""start_week"":12,""duration_weeks"":3,""recovery_weeks"":3}]",True,0.0,A
40,MI-C,FST-MI-11,severe,upstream_node_deletion,False,False,,[],True,0.0,A
41,MI-C,FST-MI-11,severe,direct_impact,False,True,0,"[{""target"":""T2P"",""magnitude"":0.5,""start_week"":12,""duration_weeks"":3,""recovery_weeks"":3}]",True,0.0,A
42,MI-C,FST-MI-12,all,candidate_passive,False,False,,"[{""target"":""T2P"",""magnitude"":0.5,""start_week"":12,""duration_weeks"":6,""recovery_weeks"":3}]",False,0.00634130003163591,A
43,MI-C,FST-MI-12,all,candidate_active,True,False,,"[{""target"":""T2P"",""magnitude"":0.5,""start_week"":12,""duration_weeks"":6,""recovery_weeks"":3}]",False,0.0063593999948352575,A
44,MI-C,FST-MI-12,moderate,singleton,False,False,0,"[{""target"":""T2P"",""magnitude"":0.5,""start_week"":12,""duration_weeks"":6,""recovery_weeks"":3}]",True,0.0,A
45,MI-C,FST-MI-12,moderate,upstream_node_deletion,False,False,,[],True,0.0,A
46,MI-C,FST-MI-12,moderate,direct_impact,False,True,0,"[{""target"":""T2P"",""magnitude"":0.5,""start_week"":12,""duration_weeks"":6,""recovery_weeks"":3}]",False,0.004249399993568659,A
47,MI-C,FST-MI-12,severe,singleton,False,False,0,"[{""target"":""T2P"",""magnitude"":0.5,""start_week"":12,""duration_weeks"":6,""recovery_weeks"":3}]",True,0.0,A
48,MI-C,FST-MI-12,severe,upstream_node_deletion,False,False,,[],True,0.0,A
49,MI-C,FST-MI-12,severe,direct_impact,False,True,0,"[{""target"":""T2P"",""magnitude"":0.5,""start_week"":12,""duration_weeks"":6,""recovery_weeks"":3}]",True,0.0,A
50,MI-C,FST-MI-13,all,candidate_passive,False,False,,"[{""target"":""T2P"",""magnitude"":0.65,""start_week"":12,""duration_weeks"":3,""recovery_weeks"":3}]",False,0.0055945999920368195,A
51,MI-C,FST-MI-13,all,candidate_active,True,False,,"[{""target"":""T2P"",""magnitude"":0.65,""start_week"":12,""duration_weeks"":3,""recovery_weeks"":3}]",False,0.005984200048260391,A
52,MI-C,FST-MI-13,moderate,singleton,False,False,0,"[{""target"":""T2P"",""magnitude"":0.65,""start_week"":12,""duration_weeks"":3,""recovery_weeks"":3}]",True,0.0,A
53,MI-C,FST-MI-13,moderate,upstream_node_deletion,False,False,,[],True,0.0,A
54,MI-C,FST-MI-13,moderate,direct_impact,False,True,0,"[{""target"":""T2P"",""magnitude"":0.65,""start_week"":12,""duration_weeks"":3,""recovery_weeks"":3}]",False,0.006303599977400154,A
55,MI-C,FST-MI-13,severe,singleton,False,False,0,"[{""target"":""T2P"",""magnitude"":0.65,""start_week"":12,""duration_weeks"":3,""recovery_weeks"":3}]",True,0.0,A
56,MI-C,FST-MI-13,severe,upstream_node_deletion,False,False,,[],True,0.0,A
57,MI-C,FST-MI-13,severe,direct_impact,False,True,0,"[{""target"":""T2P"",""magnitude"":0.65,""start_week"":12,""duration_weeks"":3,""recovery_weeks"":3}]",True,0.0,A
58,MI-C,FST-MI-14,all,candidate_passive,False,False,,"[{""target"":""T2P"",""magnitude"":0.65,""start_week"":12,""duration_weeks"":6,""recovery_weeks"":3}]",False,0.005759700026828796,A
59,MI-C,FST-MI-14,all,candidate_active,True,False,,"[{""target"":""T2P"",""magnitude"":0.65,""start_week"":12,""duration_weeks"":6,""recovery_weeks"":3}]",False,0.006976400036364794,A
60,MI-C,FST-MI-14,moderate,singleton,False,False,0,"[{""target"":""T2P"",""magnitude"":0.65,""start_week"":12,""duration_weeks"":6,""recovery_weeks"":3}]",True,0.0,A
61,MI-C,FST-MI-14,moderate,upstream_node_deletion,False,False,,[],True,0.0,A
62,MI-C,FST-MI-14,moderate,direct_impact,False,True,0,"[{""target"":""T2P"",""magnitude"":0.65,""start_week"":12,""duration_weeks"":6,""recovery_weeks"":3}]",False,0.006473399989772588,A
63,MI-C,FST-MI-14,severe,singleton,False,False,0,"[{""target"":""T2P"",""magnitude"":0.65,""start_week"":12,""duration_weeks"":6,""recovery_weeks"":3}]",True,0.0,A
64,MI-C,FST-MI-14,severe,upstream_node_deletion,False,False,,[],True,0.0,A
65,MI-C,FST-MI-14,severe,direct_impact,False,True,0,"[{""target"":""T2P"",""magnitude"":0.65,""start_week"":12,""duration_weeks"":6,""recovery_weeks"":3}]",True,0.0,A
66,MI-C,FST-MI-15,all,candidate_passive,False,False,,"[{""target"":""T2P"",""magnitude"":0.8,""start_week"":12,""duration_weeks"":3,""recovery_weeks"":3}]",False,0.006981000013183802,A
67,MI-C,FST-MI-15,all,candidate_active,True,False,,"[{""target"":""T2P"",""magnitude"":0.8,""start_week"":12,""duration_weeks"":3,""recovery_weeks"":3}]",False,0.0059519000351428986,A
68,MI-C,FST-MI-15,moderate,singleton,False,False,0,"[{""target"":""T2P"",""magnitude"":0.8,""start_week"":12,""duration_weeks"":3,""recovery_weeks"":3}]",True,0.0,A
69,MI-C,FST-MI-15,moderate,upstream_node_deletion,False,False,,[],True,0.0,A
70,MI-C,FST-MI-15,moderate,direct_impact,False,True,0,"[{""target"":""T2P"",""magnitude"":0.8,""start_week"":12,""duration_weeks"":3,""recovery_weeks"":3}]",False,0.006898999970871955,A
71,MI-C,FST-MI-15,severe,singleton,False,False,0,"[{""target"":""T2P"",""magnitude"":0.8,""start_week"":12,""duration_weeks"":3,""recovery_weeks"":3}]",True,0.0,A
72,MI-C,FST-MI-15,severe,upstream_node_deletion,False,False,,[],True,0.0,A
73,MI-C,FST-MI-15,severe,direct_impact,False,True,0,"[{""target"":""T2P"",""magnitude"":0.8,""start_week"":12,""duration_weeks"":3,""recovery_weeks"":3}]",True,0.0,A
74,MI-C,FST-MI-16,all,candidate_passive,False,False,,"[{""target"":""T2P"",""magnitude"":0.8,""start_week"":12,""duration_weeks"":6,""recovery_weeks"":3}]",False,0.006138400000054389,A
75,MI-C,FST-MI-16,all,candidate_active,True,False,,"[{""target"":""T2P"",""magnitude"":0.8,""start_week"":12,""duration_weeks"":6,""recovery_weeks"":3}]",False,0.00726440001744777,A
76,MI-C,FST-MI-16,moderate,singleton,False,False,0,"[{""target"":""T2P"",""magnitude"":0.8,""start_week"":12,""duration_weeks"":6,""recovery_weeks"":3}]",True,0.0,A
77,MI-C,FST-MI-16,moderate,upstream_node_deletion,False,False,,[],True,0.0,A
78,MI-C,FST-MI-16,moderate,direct_impact,False,True,0,"[{""target"":""T2P"",""magnitude"":0.8,""start_week"":12,""duration_weeks"":6,""recovery_weeks"":3}]",False,0.007165900024119765,A
79,MI-C,FST-MI-16,severe,singleton,False,False,0,"[{""target"":""T2P"",""magnitude"":0.8,""start_week"":12,""duration_weeks"":6,""recovery_weeks"":3}]",True,0.0,A
80,MI-C,FST-MI-16,severe,upstream_node_deletion,False,False,,[],True,0.0,A
81,MI-C,FST-MI-16,severe,direct_impact,False,True,0,"[{""target"":""T2P"",""magnitude"":0.8,""start_week"":12,""duration_weeks"":6,""recovery_weeks"":3}]",True,0.0,A
82,MI-C,FST-MI-17,all,candidate_passive,False,False,,"[{""target"":""corridor"",""magnitude"":0.3,""start_week"":12,""duration_weeks"":2,""recovery_weeks"":3}]",False,0.005622799973934889,A
83,MI-C,FST-MI-18,all,candidate_passive,False,False,,"[{""target"":""corridor"",""magnitude"":0.3,""start_week"":12,""duration_weeks"":4,""recovery_weeks"":3}]",False,0.008971000032033771,A
84,MI-C,FST-MI-19,all,candidate_passive,False,False,,"[{""target"":""corridor"",""magnitude"":0.5,""start_week"":12,""duration_weeks"":2,""recovery_weeks"":3}]",False,0.003443799971137196,A
85,MI-C,FST-MI-19,all,candidate_active,True,False,,"[{""target"":""corridor"",""magnitude"":0.5,""start_week"":12,""duration_weeks"":2,""recovery_weeks"":3}]",False,0.0050110999727621675,A
86,MI-C,FST-MI-19,moderate,singleton,False,False,0,"[{""target"":""corridor"",""magnitude"":0.5,""start_week"":12,""duration_weeks"":2,""recovery_weeks"":3}]",True,0.0,A
87,MI-C,FST-MI-19,severe,singleton,False,False,0,"[{""target"":""corridor"",""magnitude"":0.5,""start_week"":12,""duration_weeks"":2,""recovery_weeks"":3}]",True,0.0,A
88,MI-C,FST-MI-20,all,candidate_passive,False,False,,"[{""target"":""corridor"",""magnitude"":0.5,""start_week"":12,""duration_weeks"":4,""recovery_weeks"":3}]",False,0.004843999980948865,A
89,MI-C,FST-MI-20,all,candidate_active,True,False,,"[{""target"":""corridor"",""magnitude"":0.5,""start_week"":12,""duration_weeks"":4,""recovery_weeks"":3}]",False,0.006753999972715974,A
90,MI-C,FST-MI-20,moderate,singleton,False,False,0,"[{""target"":""corridor"",""magnitude"":0.5,""start_week"":12,""duration_weeks"":4,""recovery_weeks"":3}]",True,0.0,A
91,MI-C,FST-MI-20,severe,singleton,False,False,0,"[{""target"":""corridor"",""magnitude"":0.5,""start_week"":12,""duration_weeks"":4,""recovery_weeks"":3}]",True,0.0,A
92,MI-C,FST-MI-21,all,candidate_passive,False,False,,"[{""target"":""corridor"",""magnitude"":0.7,""start_week"":12,""duration_weeks"":2,""recovery_weeks"":3}]",False,0.006338600011076778,A
93,MI-C,FST-MI-21,all,candidate_active,True,False,,"[{""target"":""corridor"",""magnitude"":0.7,""start_week"":12,""duration_weeks"":2,""recovery_weeks"":3}]",False,0.005709299992304295,A
94,MI-C,FST-MI-21,moderate,singleton,False,False,0,"[{""target"":""corridor"",""magnitude"":0.7,""start_week"":12,""duration_weeks"":2,""recovery_weeks"":3}]",True,0.0,A
95,MI-C,FST-MI-21,severe,singleton,False,False,0,"[{""target"":""corridor"",""magnitude"":0.7,""start_week"":12,""duration_weeks"":2,""recovery_weeks"":3}]",True,0.0,A
96,MI-C,FST-MI-22,all,candidate_passive,False,False,,"[{""target"":""corridor"",""magnitude"":0.7,""start_week"":12,""duration_weeks"":4,""recovery_weeks"":3}]",False,0.00570859998697415,A
97,MI-C,FST-MI-22,all,candidate_active,True,False,,"[{""target"":""corridor"",""magnitude"":0.7,""start_week"":12,""duration_weeks"":4,""recovery_weeks"":3}]",False,0.0049233000027015805,A
98,MI-C,FST-MI-22,moderate,singleton,False,False,0,"[{""target"":""corridor"",""magnitude"":0.7,""start_week"":12,""duration_weeks"":4,""recovery_weeks"":3}]",True,0.0,A
99,MI-C,FST-MI-22,severe,singleton,False,False,0,"[{""target"":""corridor"",""magnitude"":0.7,""start_week"":12,""duration_weeks"":4,""recovery_weeks"":3}]",True,0.0,A
100,MI-C,FST-MI-23,all,candidate_passive,False,False,,"[{""target"":""T2P"",""magnitude"":0.25,""start_week"":12,""duration_weeks"":4,""recovery_weeks"":3},{""target"":""corridor"",""magnitude"":0.25,""start_week"":12,""duration_weeks"":4,""recovery_weeks"":3}]",False,0.0056573000038042665,A
101,MI-C,FST-MI-24,all,candidate_passive,False,False,,"[{""target"":""T2P"",""magnitude"":0.25,""start_week"":12,""duration_weeks"":4,""recovery_weeks"":3},{""target"":""corridor"",""magnitude"":0.35,""start_week"":12,""duration_weeks"":4,""recovery_weeks"":3}]",False,0.007615099952090532,A
102,MI-C,FST-MI-24,all,candidate_active,True,False,,"[{""target"":""T2P"",""magnitude"":0.25,""start_week"":12,""duration_weeks"":4,""recovery_weeks"":3},{""target"":""corridor"",""magnitude"":0.35,""start_week"":12,""duration_weeks"":4,""recovery_weeks"":3}]",False,0.04263879999052733,A
103,MI-C,FST-MI-24,moderate,singleton,False,False,0,"[{""target"":""T2P"",""magnitude"":0.25,""start_week"":12,""duration_weeks"":4,""recovery_weeks"":3}]",False,0.006345600006170571,A
104,MI-C,FST-MI-24,moderate,singleton,False,False,1,"[{""target"":""corridor"",""magnitude"":0.35,""start_week"":12,""duration_weeks"":4,""recovery_weeks"":3}]",False,0.00635310000507161,A
105,MI-C,FST-MI-24,moderate,upstream_node_deletion,False,False,1,"[{""target"":""corridor"",""magnitude"":0.35,""start_week"":12,""duration_weeks"":4,""recovery_weeks"":3}]",True,0.0,A
106,MI-C,FST-MI-24,moderate,direct_impact,False,True,0;1,"[{""target"":""T2P"",""magnitude"":0.25,""start_week"":12,""duration_weeks"":4,""recovery_weeks"":3},{""target"":""corridor"",""magnitude"":0.35,""start_week"":12,""duration_weeks"":4,""recovery_weeks"":3}]",False,0.007034400012344122,A
107,MI-C,FST-MI-25,all,candidate_passive,False,False,,"[{""target"":""T2P"",""magnitude"":0.35,""start_week"":12,""duration_weeks"":4,""recovery_weeks"":3},{""target"":""corridor"",""magnitude"":0.25,""start_week"":12,""duration_weeks"":4,""recovery_weeks"":3}]",False,0.0073512999806553125,A
108,MI-C,FST-MI-25,all,candidate_active,True,False,,"[{""target"":""T2P"",""magnitude"":0.35,""start_week"":12,""duration_weeks"":4,""recovery_weeks"":3},{""target"":""corridor"",""magnitude"":0.25,""start_week"":12,""duration_weeks"":4,""recovery_weeks"":3}]",False,0.006854800041764975,A
109,MI-C,FST-MI-25,moderate,singleton,False,False,0,"[{""target"":""T2P"",""magnitude"":0.35,""start_week"":12,""duration_weeks"":4,""recovery_weeks"":3}]",False,0.006871399993542582,A
110,MI-C,FST-MI-25,moderate,singleton,False,False,1,"[{""target"":""corridor"",""magnitude"":0.25,""start_week"":12,""duration_weeks"":4,""recovery_weeks"":3}]",False,0.00623020000057295,A
111,MI-C,FST-MI-25,moderate,upstream_node_deletion,False,False,1,"[{""target"":""corridor"",""magnitude"":0.25,""start_week"":12,""duration_weeks"":4,""recovery_weeks"":3}]",True,0.0,A
112,MI-C,FST-MI-25,moderate,direct_impact,False,True,0;1,"[{""target"":""T2P"",""magnitude"":0.35,""start_week"":12,""duration_weeks"":4,""recovery_weeks"":3},{""target"":""corridor"",""magnitude"":0.25,""start_week"":12,""duration_weeks"":4,""recovery_weeks"":3}]",False,0.00821120000910014,A
113,MI-C,FST-MI-25,severe,singleton,False,False,0,"[{""target"":""T2P"",""magnitude"":0.35,""start_week"":12,""duration_weeks"":4,""recovery_weeks"":3}]",True,0.0,A
114,MI-C,FST-MI-25,severe,singleton,False,False,1,"[{""target"":""corridor"",""magnitude"":0.25,""start_week"":12,""duration_weeks"":4,""recovery_weeks"":3}]",True,0.0,A
115,MI-C,FST-MI-25,severe,upstream_node_deletion,False,False,1,"[{""target"":""corridor"",""magnitude"":0.25,""start_week"":12,""duration_weeks"":4,""recovery_weeks"":3}]",True,0.0,A
116,MI-C,FST-MI-25,severe,direct_impact,False,True,0;1,"[{""target"":""T2P"",""magnitude"":0.35,""start_week"":12,""duration_weeks"":4,""recovery_weeks"":3},{""target"":""corridor"",""magnitude"":0.25,""start_week"":12,""duration_weeks"":4,""recovery_weeks"":3}]",True,0.0,A
117,MI-C,FST-MI-26,all,candidate_passive,False,False,,"[{""target"":""T2P"",""magnitude"":0.35,""start_week"":12,""duration_weeks"":4,""recovery_weeks"":3},{""target"":""corridor"",""magnitude"":0.35,""start_week"":12,""duration_weeks"":4,""recovery_weeks"":3}]",False,0.007722599955741316,A
118,MI-C,FST-MI-26,all,candidate_active,True,False,,"[{""target"":""T2P"",""magnitude"":0.35,""start_week"":12,""duration_weeks"":4,""recovery_weeks"":3},{""target"":""corridor"",""magnitude"":0.35,""start_week"":12,""duration_weeks"":4,""recovery_weeks"":3}]",False,0.005026899976655841,A
119,MI-C,FST-MI-26,moderate,singleton,False,False,0,"[{""target"":""T2P"",""magnitude"":0.35,""start_week"":12,""duration_weeks"":4,""recovery_weeks"":3}]",True,0.0,A
120,MI-C,FST-MI-26,moderate,singleton,False,False,1,"[{""target"":""corridor"",""magnitude"":0.35,""start_week"":12,""duration_weeks"":4,""recovery_weeks"":3}]",True,0.0,A
121,MI-C,FST-MI-26,moderate,upstream_node_deletion,False,False,1,"[{""target"":""corridor"",""magnitude"":0.35,""start_week"":12,""duration_weeks"":4,""recovery_weeks"":3}]",True,0.0,A
122,MI-C,FST-MI-26,moderate,direct_impact,False,True,0;1,"[{""target"":""T2P"",""magnitude"":0.35,""start_week"":12,""duration_weeks"":4,""recovery_weeks"":3},{""target"":""corridor"",""magnitude"":0.35,""start_week"":12,""duration_weeks"":4,""recovery_weeks"":3}]",False,0.005084999953396618,A
123,MI-C,FST-MI-27,all,candidate_passive,False,False,,"[{""target"":""T2P"",""magnitude"":0.7,""start_week"":12,""duration_weeks"":4,""recovery_weeks"":3},{""target"":""corridor"",""magnitude"":0.3,""start_week"":12,""duration_weeks"":4,""recovery_weeks"":3}]",False,0.0066003999672830105,A
124,MI-C,FST-MI-27,all,candidate_active,True,False,,"[{""target"":""T2P"",""magnitude"":0.7,""start_week"":12,""duration_weeks"":4,""recovery_weeks"":3},{""target"":""corridor"",""magnitude"":0.3,""start_week"":12,""duration_weeks"":4,""recovery_weeks"":3}]",False,0.009250399947632104,A
125,MI-C,FST-MI-27,moderate,singleton,False,False,0,"[{""target"":""T2P"",""magnitude"":0.7,""start_week"":12,""duration_weeks"":4,""recovery_weeks"":3}]",False,0.005539900041185319,A
126,MI-C,FST-MI-27,moderate,singleton,False,False,1,"[{""target"":""corridor"",""magnitude"":0.3,""start_week"":12,""duration_weeks"":4,""recovery_weeks"":3}]",True,0.0,A
127,MI-C,FST-MI-27,moderate,upstream_node_deletion,False,False,1,"[{""target"":""corridor"",""magnitude"":0.3,""start_week"":12,""duration_weeks"":4,""recovery_weeks"":3}]",True,0.0,A
128,MI-C,FST-MI-27,moderate,direct_impact,False,True,0;1,"[{""target"":""T2P"",""magnitude"":0.7,""start_week"":12,""duration_weeks"":4,""recovery_weeks"":3},{""target"":""corridor"",""magnitude"":0.3,""start_week"":12,""duration_weeks"":4,""recovery_weeks"":3}]",False,0.005061800009571016,A
129,MI-C,FST-MI-27,severe,singleton,False,False,0,"[{""target"":""T2P"",""magnitude"":0.7,""start_week"":12,""duration_weeks"":4,""recovery_weeks"":3}]",True,0.0,A
130,MI-C,FST-MI-27,severe,singleton,False,False,1,"[{""target"":""corridor"",""magnitude"":0.3,""start_week"":12,""duration_weeks"":4,""recovery_weeks"":3}]",True,0.0,A
131,MI-C,FST-MI-27,severe,upstream_node_deletion,False,False,1,"[{""target"":""corridor"",""magnitude"":0.3,""start_week"":12,""duration_weeks"":4,""recovery_weeks"":3}]",True,0.0,A
132,MI-C,FST-MI-27,severe,direct_impact,False,True,0;1,"[{""target"":""T2P"",""magnitude"":0.7,""start_week"":12,""duration_weeks"":4,""recovery_weeks"":3},{""target"":""corridor"",""magnitude"":0.3,""start_week"":12,""duration_weeks"":4,""recovery_weeks"":3}]",True,0.0,A
133,MI-C,FST-MI-28,all,candidate_passive,False,False,,"[{""target"":""T2P"",""magnitude"":0.7,""start_week"":12,""duration_weeks"":4,""recovery_weeks"":3},{""target"":""corridor"",""magnitude"":0.6,""start_week"":12,""duration_weeks"":4,""recovery_weeks"":3}]",False,0.005128299992065877,A
134,MI-C,FST-MI-28,all,candidate_active,True,False,,"[{""target"":""T2P"",""magnitude"":0.7,""start_week"":12,""duration_weeks"":4,""recovery_weeks"":3},{""target"":""corridor"",""magnitude"":0.6,""start_week"":12,""duration_weeks"":4,""recovery_weeks"":3}]",False,0.007166099967435002,A
135,MI-C,FST-MI-28,moderate,singleton,False,False,0,"[{""target"":""T2P"",""magnitude"":0.7,""start_week"":12,""duration_weeks"":4,""recovery_weeks"":3}]",True,0.0,A
136,MI-C,FST-MI-28,moderate,singleton,False,False,1,"[{""target"":""corridor"",""magnitude"":0.6,""start_week"":12,""duration_weeks"":4,""recovery_weeks"":3}]",False,0.006591800018213689,A
137,MI-C,FST-MI-28,moderate,upstream_node_deletion,False,False,1,"[{""target"":""corridor"",""magnitude"":0.6,""start_week"":12,""duration_weeks"":4,""recovery_weeks"":3}]",True,0.0,A
138,MI-C,FST-MI-28,moderate,direct_impact,False,True,0;1,"[{""target"":""T2P"",""magnitude"":0.7,""start_week"":12,""duration_weeks"":4,""recovery_weeks"":3},{""target"":""corridor"",""magnitude"":0.6,""start_week"":12,""duration_weeks"":4,""recovery_weeks"":3}]",False,0.0049649000284262,A
139,MI-C,FST-MI-28,severe,singleton,False,False,0,"[{""target"":""T2P"",""magnitude"":0.7,""start_week"":12,""duration_weeks"":4,""recovery_weeks"":3}]",True,0.0,A
140,MI-C,FST-MI-28,severe,singleton,False,False,1,"[{""target"":""corridor"",""magnitude"":0.6,""start_week"":12,""duration_weeks"":4,""recovery_weeks"":3}]",True,0.0,A
141,MI-C,FST-MI-28,severe,upstream_node_deletion,False,False,1,"[{""target"":""corridor"",""magnitude"":0.6,""start_week"":12,""duration_weeks"":4,""recovery_weeks"":3}]",True,0.0,A
142,MI-C,FST-MI-28,severe,direct_impact,False,True,0;1,"[{""target"":""T2P"",""magnitude"":0.7,""start_week"":12,""duration_weeks"":4,""recovery_weeks"":3},{""target"":""corridor"",""magnitude"":0.6,""start_week"":12,""duration_weeks"":4,""recovery_weeks"":3}]",True,0.0,A
143,MI-C,FST-MI-29,all,candidate_passive,False,False,,"[{""target"":""T2P"",""magnitude"":0.8,""start_week"":12,""duration_weeks"":4,""recovery_weeks"":3},{""target"":""corridor"",""magnitude"":0.3,""start_week"":12,""duration_weeks"":4,""recovery_weeks"":3}]",False,0.005262399965431541,A
144,MI-C,FST-MI-29,all,candidate_active,True,False,,"[{""target"":""T2P"",""magnitude"":0.8,""start_week"":12,""duration_weeks"":4,""recovery_weeks"":3},{""target"":""corridor"",""magnitude"":0.3,""start_week"":12,""duration_weeks"":4,""recovery_weeks"":3}]",False,0.006833699997514486,A
145,MI-C,FST-MI-29,moderate,singleton,False,False,0,"[{""target"":""T2P"",""magnitude"":0.8,""start_week"":12,""duration_weeks"":4,""recovery_weeks"":3}]",False,0.007024999998975545,A
146,MI-C,FST-MI-29,moderate,singleton,False,False,1,"[{""target"":""corridor"",""magnitude"":0.3,""start_week"":12,""duration_weeks"":4,""recovery_weeks"":3}]",True,0.0,A
147,MI-C,FST-MI-29,moderate,upstream_node_deletion,False,False,1,"[{""target"":""corridor"",""magnitude"":0.3,""start_week"":12,""duration_weeks"":4,""recovery_weeks"":3}]",True,0.0,A
148,MI-C,FST-MI-29,moderate,direct_impact,False,True,0;1,"[{""target"":""T2P"",""magnitude"":0.8,""start_week"":12,""duration_weeks"":4,""recovery_weeks"":3},{""target"":""corridor"",""magnitude"":0.3,""start_week"":12,""duration_weeks"":4,""recovery_weeks"":3}]",False,0.006814899970777333,A
149,MI-C,FST-MI-29,severe,singleton,False,False,0,"[{""target"":""T2P"",""magnitude"":0.8,""start_week"":12,""duration_weeks"":4,""recovery_weeks"":3}]",True,0.0,A
150,MI-C,FST-MI-29,severe,singleton,False,False,1,"[{""target"":""corridor"",""magnitude"":0.3,""start_week"":12,""duration_weeks"":4,""recovery_weeks"":3}]",True,0.0,A
151,MI-C,FST-MI-29,severe,upstream_node_deletion,False,False,1,"[{""target"":""corridor"",""magnitude"":0.3,""start_week"":12,""duration_weeks"":4,""recovery_weeks"":3}]",True,0.0,A
152,MI-C,FST-MI-29,severe,direct_impact,False,True,0;1,"[{""target"":""T2P"",""magnitude"":0.8,""start_week"":12,""duration_weeks"":4,""recovery_weeks"":3},{""target"":""corridor"",""magnitude"":0.3,""start_week"":12,""duration_weeks"":4,""recovery_weeks"":3}]",True,0.0,A
153,MI-C,FST-MI-30,all,candidate_passive,False,False,,"[{""target"":""T2P"",""magnitude"":0.8,""start_week"":12,""duration_weeks"":4,""recovery_weeks"":3},{""target"":""corridor"",""magnitude"":0.6,""start_week"":12,""duration_weeks"":4,""recovery_weeks"":3}]",False,0.010144900006707758,A
154,MI-C,FST-MI-30,all,candidate_active,True,False,,"[{""target"":""T2P"",""magnitude"":0.8,""start_week"":12,""duration_weeks"":4,""recovery_weeks"":3},{""target"":""corridor"",""magnitude"":0.6,""start_week"":12,""duration_weeks"":4,""recovery_weeks"":3}]",False,0.007896600000094622,A
155,MI-C,FST-MI-30,moderate,singleton,False,False,0,"[{""target"":""T2P"",""magnitude"":0.8,""start_week"":12,""duration_weeks"":4,""recovery_weeks"":3}]",True,0.0,A
156,MI-C,FST-MI-30,moderate,singleton,False,False,1,"[{""target"":""corridor"",""magnitude"":0.6,""start_week"":12,""duration_weeks"":4,""recovery_weeks"":3}]",True,0.0,A
157,MI-C,FST-MI-30,moderate,upstream_node_deletion,False,False,1,"[{""target"":""corridor"",""magnitude"":0.6,""start_week"":12,""duration_weeks"":4,""recovery_weeks"":3}]",True,0.0,A
158,MI-C,FST-MI-30,moderate,direct_impact,False,True,0;1,"[{""target"":""T2P"",""magnitude"":0.8,""start_week"":12,""duration_weeks"":4,""recovery_weeks"":3},{""target"":""corridor"",""magnitude"":0.6,""start_week"":12,""duration_weeks"":4,""recovery_weeks"":3}]",False,0.00638730003265664,A
159,MI-C,FST-MI-30,severe,singleton,False,False,0,"[{""target"":""T2P"",""magnitude"":0.8,""start_week"":12,""duration_weeks"":4,""recovery_weeks"":3}]",True,0.0,A
160,MI-C,FST-MI-30,severe,singleton,False,False,1,"[{""target"":""corridor"",""magnitude"":0.6,""start_week"":12,""duration_weeks"":4,""recovery_weeks"":3}]",True,0.0,A
161,MI-C,FST-MI-30,severe,upstream_node_deletion,False,False,1,"[{""target"":""corridor"",""magnitude"":0.6,""start_week"":12,""duration_weeks"":4,""recovery_weeks"":3}]",True,0.0,A
162,MI-C,FST-MI-30,severe,direct_impact,False,True,0;1,"[{""target"":""T2P"",""magnitude"":0.8,""start_week"":12,""duration_weeks"":4,""recovery_weeks"":3},{""target"":""corridor"",""magnitude"":0.6,""start_week"":12,""duration_weeks"":4,""recovery_weeks"":3}]",True,0.0,A
163,MI-C,FST-MI-31,all,candidate_passive,False,False,,"[{""target"":""T2P"",""magnitude"":0.4,""start_week"":12,""duration_weeks"":4,""recovery_weeks"":3},{""target"":""S1A"",""magnitude"":0.5,""start_week"":12,""duration_weeks"":4,""recovery_weeks"":3}]",False,0.009383200027514249,A
164,MI-C,FST-MI-31,all,candidate_active,True,False,,"[{""target"":""T2P"",""magnitude"":0.4,""start_week"":12,""duration_weeks"":4,""recovery_weeks"":3},{""target"":""S1A"",""magnitude"":0.5,""start_week"":12,""duration_weeks"":4,""recovery_weeks"":3}]",False,0.010054599959403276,A
165,MI-C,FST-MI-31,moderate,singleton,False,False,0,"[{""target"":""T2P"",""magnitude"":0.4,""start_week"":12,""duration_weeks"":4,""recovery_weeks"":3}]",False,0.006374899996444583,A
166,MI-C,FST-MI-31,moderate,singleton,False,False,1,"[{""target"":""S1A"",""magnitude"":0.5,""start_week"":12,""duration_weeks"":4,""recovery_weeks"":3}]",True,0.0,A
167,MI-C,FST-MI-31,moderate,upstream_node_deletion,False,False,1,"[{""target"":""S1A"",""magnitude"":0.5,""start_week"":12,""duration_weeks"":4,""recovery_weeks"":3}]",True,0.0,A
168,MI-C,FST-MI-31,moderate,direct_impact,False,True,0;1,"[{""target"":""T2P"",""magnitude"":0.4,""start_week"":12,""duration_weeks"":4,""recovery_weeks"":3},{""target"":""S1A"",""magnitude"":0.5,""start_week"":12,""duration_weeks"":4,""recovery_weeks"":3}]",False,0.0070532000390812755,A
169,MI-C,FST-MI-32,all,candidate_passive,False,False,,"[{""target"":""T2P"",""magnitude"":0.6,""start_week"":12,""duration_weeks"":4,""recovery_weeks"":3},{""target"":""S1A"",""magnitude"":0.5,""start_week"":12,""duration_weeks"":4,""recovery_weeks"":3}]",False,0.006302200024947524,A
170,MI-C,FST-MI-32,all,candidate_active,True,False,,"[{""target"":""T2P"",""magnitude"":0.6,""start_week"":12,""duration_weeks"":4,""recovery_weeks"":3},{""target"":""S1A"",""magnitude"":0.5,""start_week"":12,""duration_weeks"":4,""recovery_weeks"":3}]",False,0.007706800010055304,A
171,MI-C,FST-MI-32,moderate,singleton,False,False,0,"[{""target"":""T2P"",""magnitude"":0.6,""start_week"":12,""duration_weeks"":4,""recovery_weeks"":3}]",False,0.006591900018975139,A
172,MI-C,FST-MI-32,moderate,singleton,False,False,1,"[{""target"":""S1A"",""magnitude"":0.5,""start_week"":12,""duration_weeks"":4,""recovery_weeks"":3}]",True,0.0,A
173,MI-C,FST-MI-32,moderate,upstream_node_deletion,False,False,1,"[{""target"":""S1A"",""magnitude"":0.5,""start_week"":12,""duration_weeks"":4,""recovery_weeks"":3}]",True,0.0,A
174,MI-C,FST-MI-32,moderate,direct_impact,False,True,0;1,"[{""target"":""T2P"",""magnitude"":0.6,""start_week"":12,""duration_weeks"":4,""recovery_weeks"":3},{""target"":""S1A"",""magnitude"":0.5,""start_week"":12,""duration_weeks"":4,""recovery_weeks"":3}]",False,0.007941899995785207,A
175,MI-C,FST-MI-32,severe,singleton,False,False,0,"[{""target"":""T2P"",""magnitude"":0.6,""start_week"":12,""duration_weeks"":4,""recovery_weeks"":3}]",True,0.0,A
176,MI-C,FST-MI-32,severe,singleton,False,False,1,"[{""target"":""S1A"",""magnitude"":0.5,""start_week"":12,""duration_weeks"":4,""recovery_weeks"":3}]",True,0.0,A
177,MI-C,FST-MI-32,severe,upstream_node_deletion,False,False,1,"[{""target"":""S1A"",""magnitude"":0.5,""start_week"":12,""duration_weeks"":4,""recovery_weeks"":3}]",True,0.0,A
178,MI-C,FST-MI-32,severe,direct_impact,False,True,0;1,"[{""target"":""T2P"",""magnitude"":0.6,""start_week"":12,""duration_weeks"":4,""recovery_weeks"":3},{""target"":""S1A"",""magnitude"":0.5,""start_week"":12,""duration_weeks"":4,""recovery_weeks"":3}]",True,0.0,A
179,MI-C,FST-MI-33,all,candidate_passive,False,False,,"[{""target"":""T2P"",""magnitude"":0.4,""start_week"":12,""duration_weeks"":4,""recovery_weeks"":3},{""target"":""S1B"",""magnitude"":0.5,""start_week"":12,""duration_weeks"":4,""recovery_weeks"":3}]",False,0.008183899975847453,A
180,MI-C,FST-MI-33,all,candidate_active,True,False,,"[{""target"":""T2P"",""magnitude"":0.4,""start_week"":12,""duration_weeks"":4,""recovery_weeks"":3},{""target"":""S1B"",""magnitude"":0.5,""start_week"":12,""duration_weeks"":4,""recovery_weeks"":3}]",False,0.008490099979098886,A
181,MI-C,FST-MI-33,moderate,singleton,False,False,0,"[{""target"":""T2P"",""magnitude"":0.4,""start_week"":12,""duration_weeks"":4,""recovery_weeks"":3}]",True,0.0,A
182,MI-C,FST-MI-33,moderate,singleton,False,False,1,"[{""target"":""S1B"",""magnitude"":0.5,""start_week"":12,""duration_weeks"":4,""recovery_weeks"":3}]",True,0.0,A
183,MI-C,FST-MI-33,moderate,upstream_node_deletion,False,False,1,"[{""target"":""S1B"",""magnitude"":0.5,""start_week"":12,""duration_weeks"":4,""recovery_weeks"":3}]",True,0.0,A
184,MI-C,FST-MI-33,moderate,direct_impact,False,True,0;1,"[{""target"":""T2P"",""magnitude"":0.4,""start_week"":12,""duration_weeks"":4,""recovery_weeks"":3},{""target"":""S1B"",""magnitude"":0.5,""start_week"":12,""duration_weeks"":4,""recovery_weeks"":3}]",False,0.007646799960639328,A
185,MI-C,FST-MI-34,all,candidate_passive,False,False,,"[{""target"":""T2P"",""magnitude"":0.6,""start_week"":12,""duration_weeks"":4,""recovery_weeks"":3},{""target"":""S1B"",""magnitude"":0.5,""start_week"":12,""duration_weeks"":4,""recovery_weeks"":3}]",False,0.007147700001951307,A
186,MI-C,FST-MI-34,all,candidate_active,True,False,,"[{""target"":""T2P"",""magnitude"":0.6,""start_week"":12,""duration_weeks"":4,""recovery_weeks"":3},{""target"":""S1B"",""magnitude"":0.5,""start_week"":12,""duration_weeks"":4,""recovery_weeks"":3}]",False,0.0072354000294581056,A
187,MI-C,FST-MI-34,moderate,singleton,False,False,0,"[{""target"":""T2P"",""magnitude"":0.6,""start_week"":12,""duration_weeks"":4,""recovery_weeks"":3}]",True,0.0,A
188,MI-C,FST-MI-34,moderate,singleton,False,False,1,"[{""target"":""S1B"",""magnitude"":0.5,""start_week"":12,""duration_weeks"":4,""recovery_weeks"":3}]",True,0.0,A
189,MI-C,FST-MI-34,moderate,upstream_node_deletion,False,False,1,"[{""target"":""S1B"",""magnitude"":0.5,""start_week"":12,""duration_weeks"":4,""recovery_weeks"":3}]",True,0.0,A
190,MI-C,FST-MI-34,moderate,direct_impact,False,True,0;1,"[{""target"":""T2P"",""magnitude"":0.6,""start_week"":12,""duration_weeks"":4,""recovery_weeks"":3},{""target"":""S1B"",""magnitude"":0.5,""start_week"":12,""duration_weeks"":4,""recovery_weeks"":3}]",False,0.008117999997921288,A
191,MI-C,FST-MI-34,severe,singleton,False,False,0,"[{""target"":""T2P"",""magnitude"":0.6,""start_week"":12,""duration_weeks"":4,""recovery_weeks"":3}]",True,0.0,A
192,MI-C,FST-MI-34,severe,singleton,False,False,1,"[{""target"":""S1B"",""magnitude"":0.5,""start_week"":12,""duration_weeks"":4,""recovery_weeks"":3}]",True,0.0,A
193,MI-C,FST-MI-34,severe,upstream_node_deletion,False,False,1,"[{""target"":""S1B"",""magnitude"":0.5,""start_week"":12,""duration_weeks"":4,""recovery_weeks"":3}]",True,0.0,A
194,MI-C,FST-MI-34,severe,direct_impact,False,True,0;1,"[{""target"":""T2P"",""magnitude"":0.6,""start_week"":12,""duration_weeks"":4,""recovery_weeks"":3},{""target"":""S1B"",""magnitude"":0.5,""start_week"":12,""duration_weeks"":4,""recovery_weeks"":3}]",True,0.0,A
195,MI-C,FST-MI-35,all,candidate_passive,False,False,,"[{""target"":""T2P"",""magnitude"":0.4,""start_week"":12,""duration_weeks"":4,""recovery_weeks"":3},{""target"":""S1C"",""magnitude"":0.5,""start_week"":12,""duration_weeks"":4,""recovery_weeks"":3}]",False,0.0070801000110805035,A
196,MI-C,FST-MI-35,all,candidate_active,True,False,,"[{""target"":""T2P"",""magnitude"":0.4,""start_week"":12,""duration_weeks"":4,""recovery_weeks"":3},{""target"":""S1C"",""magnitude"":0.5,""start_week"":12,""duration_weeks"":4,""recovery_weeks"":3}]",False,0.008204600017052144,A
197,MI-C,FST-MI-35,moderate,singleton,False,False,0,"[{""target"":""T2P"",""magnitude"":0.4,""start_week"":12,""duration_weeks"":4,""recovery_weeks"":3}]",True,0.0,A
198,MI-C,FST-MI-35,moderate,singleton,False,False,1,"[{""target"":""S1C"",""magnitude"":0.5,""start_week"":12,""duration_weeks"":4,""recovery_weeks"":3}]",True,0.0,A
199,MI-C,FST-MI-35,moderate,upstream_node_deletion,False,False,1,"[{""target"":""S1C"",""magnitude"":0.5,""start_week"":12,""duration_weeks"":4,""recovery_weeks"":3}]",True,0.0,A
200,MI-C,FST-MI-35,moderate,direct_impact,False,True,0;1,"[{""target"":""T2P"",""magnitude"":0.4,""start_week"":12,""duration_weeks"":4,""recovery_weeks"":3},{""target"":""S1C"",""magnitude"":0.5,""start_week"":12,""duration_weeks"":4,""recovery_weeks"":3}]",False,0.008319400018081069,A
201,MI-C,FST-MI-36,all,candidate_passive,False,False,,"[{""target"":""T2P"",""magnitude"":0.6,""start_week"":12,""duration_weeks"":4,""recovery_weeks"":3},{""target"":""S1C"",""magnitude"":0.5,""start_week"":12,""duration_weeks"":4,""recovery_weeks"":3}]",False,0.00590580003336072,A
202,MI-C,FST-MI-36,all,candidate_active,True,False,,"[{""target"":""T2P"",""magnitude"":0.6,""start_week"":12,""duration_weeks"":4,""recovery_weeks"":3},{""target"":""S1C"",""magnitude"":0.5,""start_week"":12,""duration_weeks"":4,""recovery_weeks"":3}]",False,0.006403399980627,A
203,MI-C,FST-MI-36,moderate,singleton,False,False,0,"[{""target"":""T2P"",""magnitude"":0.6,""start_week"":12,""duration_weeks"":4,""recovery_weeks"":3}]",True,0.0,A
204,MI-C,FST-MI-36,moderate,singleton,False,False,1,"[{""target"":""S1C"",""magnitude"":0.5,""start_week"":12,""duration_weeks"":4,""recovery_weeks"":3}]",True,0.0,A
205,MI-C,FST-MI-36,moderate,upstream_node_deletion,False,False,1,"[{""target"":""S1C"",""magnitude"":0.5,""start_week"":12,""duration_weeks"":4,""recovery_weeks"":3}]",True,0.0,A
206,MI-C,FST-MI-36,moderate,direct_impact,False,True,0;1,"[{""target"":""T2P"",""magnitude"":0.6,""start_week"":12,""duration_weeks"":4,""recovery_weeks"":3},{""target"":""S1C"",""magnitude"":0.5,""start_week"":12,""duration_weeks"":4,""recovery_weeks"":3}]",False,0.006170200009364635,A
207,MI-C,FST-MI-36,severe,singleton,False,False,0,"[{""target"":""T2P"",""magnitude"":0.6,""start_week"":12,""duration_weeks"":4,""recovery_weeks"":3}]",True,0.0,A
208,MI-C,FST-MI-36,severe,singleton,False,False,1,"[{""target"":""S1C"",""magnitude"":0.5,""start_week"":12,""duration_weeks"":4,""recovery_weeks"":3}]",True,0.0,A
209,MI-C,FST-MI-36,severe,upstream_node_deletion,False,False,1,"[{""target"":""S1C"",""magnitude"":0.5,""start_week"":12,""duration_weeks"":4,""recovery_weeks"":3}]",True,0.0,A
210,MI-C,FST-MI-36,severe,direct_impact,False,True,0;1,"[{""target"":""T2P"",""magnitude"":0.6,""start_week"":12,""duration_weeks"":4,""recovery_weeks"":3},{""target"":""S1C"",""magnitude"":0.5,""start_week"":12,""duration_weeks"":4,""recovery_weeks"":3}]",True,0.0,A
211,MI-C,FST-MI-37,all,candidate_passive,False,False,,"[{""target"":""T2P"",""magnitude"":0.4,""start_week"":12,""duration_weeks"":4,""recovery_weeks"":3},{""target"":""demand"",""magnitude"":0.2,""start_week"":12,""duration_weeks"":4,""recovery_weeks"":2}]",False,0.0056220999686047435,A
212,MI-C,FST-MI-37,all,candidate_active,True,False,,"[{""target"":""T2P"",""magnitude"":0.4,""start_week"":12,""duration_weeks"":4,""recovery_weeks"":3},{""target"":""demand"",""magnitude"":0.2,""start_week"":12,""duration_weeks"":4,""recovery_weeks"":2}]",False,0.006679899990558624,A
213,MI-C,FST-MI-37,moderate,singleton,False,False,0,"[{""target"":""T2P"",""magnitude"":0.4,""start_week"":12,""duration_weeks"":4,""recovery_weeks"":3}]",True,0.0,A
214,MI-C,FST-MI-37,moderate,singleton,False,False,1,"[{""target"":""demand"",""magnitude"":0.2,""start_week"":12,""duration_weeks"":4,""recovery_weeks"":2}]",False,0.0041343000484630466,A
215,MI-C,FST-MI-37,moderate,upstream_node_deletion,False,False,1,"[{""target"":""demand"",""magnitude"":0.2,""start_week"":12,""duration_weeks"":4,""recovery_weeks"":2}]",True,0.0,A
216,MI-C,FST-MI-37,moderate,direct_impact,False,True,0;1,"[{""target"":""T2P"",""magnitude"":0.4,""start_week"":12,""duration_weeks"":4,""recovery_weeks"":3},{""target"":""demand"",""magnitude"":0.2,""start_week"":12,""duration_weeks"":4,""recovery_weeks"":2}]",False,0.0035287999780848622,A
217,MI-C,FST-MI-37,severe,singleton,False,False,0,"[{""target"":""T2P"",""magnitude"":0.4,""start_week"":12,""duration_weeks"":4,""recovery_weeks"":3}]",True,0.0,A
218,MI-C,FST-MI-37,severe,singleton,False,False,1,"[{""target"":""demand"",""magnitude"":0.2,""start_week"":12,""duration_weeks"":4,""recovery_weeks"":2}]",True,0.0,A
219,MI-C,FST-MI-37,severe,upstream_node_deletion,False,False,1,"[{""target"":""demand"",""magnitude"":0.2,""start_week"":12,""duration_weeks"":4,""recovery_weeks"":2}]",True,0.0,A
220,MI-C,FST-MI-37,severe,direct_impact,False,True,0;1,"[{""target"":""T2P"",""magnitude"":0.4,""start_week"":12,""duration_weeks"":4,""recovery_weeks"":3},{""target"":""demand"",""magnitude"":0.2,""start_week"":12,""duration_weeks"":4,""recovery_weeks"":2}]",True,0.0,A
221,MI-C,FST-MI-38,all,candidate_passive,False,False,,"[{""target"":""T2P"",""magnitude"":0.4,""start_week"":12,""duration_weeks"":4,""recovery_weeks"":3},{""target"":""demand"",""magnitude"":0.4,""start_week"":12,""duration_weeks"":4,""recovery_weeks"":2}]",False,0.010540299990680069,A
222,MI-C,FST-MI-38,all,candidate_active,True,False,,"[{""target"":""T2P"",""magnitude"":0.4,""start_week"":12,""duration_weeks"":4,""recovery_weeks"":3},{""target"":""demand"",""magnitude"":0.4,""start_week"":12,""duration_weeks"":4,""recovery_weeks"":2}]",False,0.007657299982383847,A
223,MI-C,FST-MI-38,moderate,singleton,False,False,0,"[{""target"":""T2P"",""magnitude"":0.4,""start_week"":12,""duration_weeks"":4,""recovery_weeks"":3}]",True,0.0,A
224,MI-C,FST-MI-38,moderate,singleton,False,False,1,"[{""target"":""demand"",""magnitude"":0.4,""start_week"":12,""duration_weeks"":4,""recovery_weeks"":2}]",False,0.005851200025063008,A
225,MI-C,FST-MI-38,moderate,upstream_node_deletion,False,False,1,"[{""target"":""demand"",""magnitude"":0.4,""start_week"":12,""duration_weeks"":4,""recovery_weeks"":2}]",True,0.0,A
226,MI-C,FST-MI-38,moderate,direct_impact,False,True,0;1,"[{""target"":""T2P"",""magnitude"":0.4,""start_week"":12,""duration_weeks"":4,""recovery_weeks"":3},{""target"":""demand"",""magnitude"":0.4,""start_week"":12,""duration_weeks"":4,""recovery_weeks"":2}]",False,0.006893699988722801,A
227,MI-C,FST-MI-38,severe,singleton,False,False,0,"[{""target"":""T2P"",""magnitude"":0.4,""start_week"":12,""duration_weeks"":4,""recovery_weeks"":3}]",True,0.0,A
228,MI-C,FST-MI-38,severe,singleton,False,False,1,"[{""target"":""demand"",""magnitude"":0.4,""start_week"":12,""duration_weeks"":4,""recovery_weeks"":2}]",True,0.0,A
229,MI-C,FST-MI-38,severe,upstream_node_deletion,False,False,1,"[{""target"":""demand"",""magnitude"":0.4,""start_week"":12,""duration_weeks"":4,""recovery_weeks"":2}]",True,0.0,A
230,MI-C,FST-MI-38,severe,direct_impact,False,True,0;1,"[{""target"":""T2P"",""magnitude"":0.4,""start_week"":12,""duration_weeks"":4,""recovery_weeks"":3},{""target"":""demand"",""magnitude"":0.4,""start_week"":12,""duration_weeks"":4,""recovery_weeks"":2}]",True,0.0,A
231,MI-C,FST-MI-39,all,candidate_passive,False,False,,"[{""target"":""T2P"",""magnitude"":0.6,""start_week"":12,""duration_weeks"":4,""recovery_weeks"":3},{""target"":""demand"",""magnitude"":0.2,""start_week"":12,""duration_weeks"":4,""recovery_weeks"":2}]",False,0.007512299984227866,A
232,MI-C,FST-MI-39,all,candidate_active,True,False,,"[{""target"":""T2P"",""magnitude"":0.6,""start_week"":12,""duration_weeks"":4,""recovery_weeks"":3},{""target"":""demand"",""magnitude"":0.2,""start_week"":12,""duration_weeks"":4,""recovery_weeks"":2}]",False,0.006358599988743663,A
233,MI-C,FST-MI-39,moderate,singleton,False,False,0,"[{""target"":""T2P"",""magnitude"":0.6,""start_week"":12,""duration_weeks"":4,""recovery_weeks"":3}]",True,0.0,A
234,MI-C,FST-MI-39,moderate,singleton,False,False,1,"[{""target"":""demand"",""magnitude"":0.2,""start_week"":12,""duration_weeks"":4,""recovery_weeks"":2}]",True,0.0,A
235,MI-C,FST-MI-39,moderate,upstream_node_deletion,False,False,1,"[{""target"":""demand"",""magnitude"":0.2,""start_week"":12,""duration_weeks"":4,""recovery_weeks"":2}]",True,0.0,A
236,MI-C,FST-MI-39,moderate,direct_impact,False,True,0;1,"[{""target"":""T2P"",""magnitude"":0.6,""start_week"":12,""duration_weeks"":4,""recovery_weeks"":3},{""target"":""demand"",""magnitude"":0.2,""start_week"":12,""duration_weeks"":4,""recovery_weeks"":2}]",False,0.007472599972970784,A
237,MI-C,FST-MI-39,severe,singleton,False,False,0,"[{""target"":""T2P"",""magnitude"":0.6,""start_week"":12,""duration_weeks"":4,""recovery_weeks"":3}]",True,0.0,A
238,MI-C,FST-MI-39,severe,singleton,False,False,1,"[{""target"":""demand"",""magnitude"":0.2,""start_week"":12,""duration_weeks"":4,""recovery_weeks"":2}]",True,0.0,A
239,MI-C,FST-MI-39,severe,upstream_node_deletion,False,False,1,"[{""target"":""demand"",""magnitude"":0.2,""start_week"":12,""duration_weeks"":4,""recovery_weeks"":2}]",True,0.0,A
240,MI-C,FST-MI-39,severe,direct_impact,False,True,0;1,"[{""target"":""T2P"",""magnitude"":0.6,""start_week"":12,""duration_weeks"":4,""recovery_weeks"":3},{""target"":""demand"",""magnitude"":0.2,""start_week"":12,""duration_weeks"":4,""recovery_weeks"":2}]",True,0.0,A
241,MI-C,FST-MI-40,all,candidate_passive,False,False,,"[{""target"":""T2P"",""magnitude"":0.6,""start_week"":12,""duration_weeks"":4,""recovery_weeks"":3},{""target"":""demand"",""magnitude"":0.4,""start_week"":12,""duration_weeks"":4,""recovery_weeks"":2}]",False,0.004635200020857155,A
242,MI-C,FST-MI-40,all,candidate_active,True,False,,"[{""target"":""T2P"",""magnitude"":0.6,""start_week"":12,""duration_weeks"":4,""recovery_weeks"":3},{""target"":""demand"",""magnitude"":0.4,""start_week"":12,""duration_weeks"":4,""recovery_weeks"":2}]",False,0.0071217999793589115,A
243,MI-C,FST-MI-40,moderate,singleton,False,False,0,"[{""target"":""T2P"",""magnitude"":0.6,""start_week"":12,""duration_weeks"":4,""recovery_weeks"":3}]",True,0.0,A
244,MI-C,FST-MI-40,moderate,singleton,False,False,1,"[{""target"":""demand"",""magnitude"":0.4,""start_week"":12,""duration_weeks"":4,""recovery_weeks"":2}]",True,0.0,A
245,MI-C,FST-MI-40,moderate,upstream_node_deletion,False,False,1,"[{""target"":""demand"",""magnitude"":0.4,""start_week"":12,""duration_weeks"":4,""recovery_weeks"":2}]",True,0.0,A
246,MI-C,FST-MI-40,moderate,direct_impact,False,True,0;1,"[{""target"":""T2P"",""magnitude"":0.6,""start_week"":12,""duration_weeks"":4,""recovery_weeks"":3},{""target"":""demand"",""magnitude"":0.4,""start_week"":12,""duration_weeks"":4,""recovery_weeks"":2}]",False,0.007622000004630536,A
247,MI-C,FST-MI-40,severe,singleton,False,False,0,"[{""target"":""T2P"",""magnitude"":0.6,""start_week"":12,""duration_weeks"":4,""recovery_weeks"":3}]",True,0.0,A
248,MI-C,FST-MI-40,severe,singleton,False,False,1,"[{""target"":""demand"",""magnitude"":0.4,""start_week"":12,""duration_weeks"":4,""recovery_weeks"":2}]",True,0.0,A
249,MI-C,FST-MI-40,severe,upstream_node_deletion,False,False,1,"[{""target"":""demand"",""magnitude"":0.4,""start_week"":12,""duration_weeks"":4,""recovery_weeks"":2}]",True,0.0,A
250,MI-C,FST-MI-40,severe,direct_impact,False,True,0;1,"[{""target"":""T2P"",""magnitude"":0.6,""start_week"":12,""duration_weeks"":4,""recovery_weeks"":3},{""target"":""demand"",""magnitude"":0.4,""start_week"":12,""duration_weeks"":4,""recovery_weeks"":2}]",True,0.0,A
251,MI-C,FST-MI-41,all,candidate_passive,False,False,,"[{""target"":""T2P"",""magnitude"":0.3,""start_week"":12,""duration_weeks"":3,""recovery_weeks"":3},{""target"":""corridor"",""magnitude"":0.5,""start_week"":15,""duration_weeks"":2,""recovery_weeks"":3}]",False,0.0070875000092200935,A
252,MI-C,FST-MI-41,all,candidate_active,True,False,,"[{""target"":""T2P"",""magnitude"":0.3,""start_week"":12,""duration_weeks"":3,""recovery_weeks"":3},{""target"":""corridor"",""magnitude"":0.5,""start_week"":15,""duration_weeks"":2,""recovery_weeks"":3}]",False,0.009924099955242127,A
253,MI-C,FST-MI-41,moderate,singleton,False,False,0,"[{""target"":""T2P"",""magnitude"":0.3,""start_week"":12,""duration_weeks"":3,""recovery_weeks"":3}]",False,0.005736299965064973,A
254,MI-C,FST-MI-41,moderate,singleton,False,False,1,"[{""target"":""corridor"",""magnitude"":0.5,""start_week"":15,""duration_weeks"":2,""recovery_weeks"":3}]",False,0.003428499971050769,A
255,MI-C,FST-MI-41,moderate,upstream_node_deletion,False,False,1,"[{""target"":""corridor"",""magnitude"":0.5,""start_week"":15,""duration_weeks"":2,""recovery_weeks"":3}]",True,0.0,A
256,MI-C,FST-MI-41,moderate,direct_impact,False,True,0;1,"[{""target"":""T2P"",""magnitude"":0.3,""start_week"":12,""duration_weeks"":3,""recovery_weeks"":3},{""target"":""corridor"",""magnitude"":0.5,""start_week"":15,""duration_weeks"":2,""recovery_weeks"":3}]",False,0.005803000007290393,A
257,MI-C,FST-MI-41,moderate,later_event_deletion,False,False,0,"[{""target"":""T2P"",""magnitude"":0.3,""start_week"":12,""duration_weeks"":3,""recovery_weeks"":3}]",True,0.0,A
258,MI-C,FST-MI-41,severe,singleton,False,False,0,"[{""target"":""T2P"",""magnitude"":0.3,""start_week"":12,""duration_weeks"":3,""recovery_weeks"":3}]",True,0.0,A
259,MI-C,FST-MI-41,severe,singleton,False,False,1,"[{""target"":""corridor"",""magnitude"":0.5,""start_week"":15,""duration_weeks"":2,""recovery_weeks"":3}]",True,0.0,A
260,MI-C,FST-MI-41,severe,upstream_node_deletion,False,False,1,"[{""target"":""corridor"",""magnitude"":0.5,""start_week"":15,""duration_weeks"":2,""recovery_weeks"":3}]",True,0.0,A
261,MI-C,FST-MI-41,severe,direct_impact,False,True,0;1,"[{""target"":""T2P"",""magnitude"":0.3,""start_week"":12,""duration_weeks"":3,""recovery_weeks"":3},{""target"":""corridor"",""magnitude"":0.5,""start_week"":15,""duration_weeks"":2,""recovery_weeks"":3}]",True,0.0,A
262,MI-C,FST-MI-41,severe,later_event_deletion,False,False,0,"[{""target"":""T2P"",""magnitude"":0.3,""start_week"":12,""duration_weeks"":3,""recovery_weeks"":3}]",True,0.0,A
263,MI-C,FST-MI-42,all,candidate_passive,False,False,,"[{""target"":""T2P"",""magnitude"":0.4,""start_week"":12,""duration_weeks"":3,""recovery_weeks"":3},{""target"":""corridor"",""magnitude"":0.5,""start_week"":15,""duration_weeks"":2,""recovery_weeks"":3}]",False,0.005881700024474412,A
264,MI-C,FST-MI-42,all,candidate_active,True,False,,"[{""target"":""T2P"",""magnitude"":0.4,""start_week"":12,""duration_weeks"":3,""recovery_weeks"":3},{""target"":""corridor"",""magnitude"":0.5,""start_week"":15,""duration_weeks"":2,""recovery_weeks"":3}]",False,0.007069799990858883,A
265,MI-C,FST-MI-42,moderate,singleton,False,False,0,"[{""target"":""T2P"",""magnitude"":0.4,""start_week"":12,""duration_weeks"":3,""recovery_weeks"":3}]",False,0.006334499979857355,A
266,MI-C,FST-MI-42,moderate,singleton,False,False,1,"[{""target"":""corridor"",""magnitude"":0.5,""start_week"":15,""duration_weeks"":2,""recovery_weeks"":3}]",True,0.0,A
267,MI-C,FST-MI-42,moderate,upstream_node_deletion,False,False,1,"[{""target"":""corridor"",""magnitude"":0.5,""start_week"":15,""duration_weeks"":2,""recovery_weeks"":3}]",True,0.0,A
268,MI-C,FST-MI-42,moderate,direct_impact,False,True,0;1,"[{""target"":""T2P"",""magnitude"":0.4,""start_week"":12,""duration_weeks"":3,""recovery_weeks"":3},{""target"":""corridor"",""magnitude"":0.5,""start_week"":15,""duration_weeks"":2,""recovery_weeks"":3}]",False,0.007655099965631962,A
269,MI-C,FST-MI-42,moderate,later_event_deletion,False,False,0,"[{""target"":""T2P"",""magnitude"":0.4,""start_week"":12,""duration_weeks"":3,""recovery_weeks"":3}]",True,0.0,A
270,MI-C,FST-MI-42,severe,singleton,False,False,0,"[{""target"":""T2P"",""magnitude"":0.4,""start_week"":12,""duration_weeks"":3,""recovery_weeks"":3}]",True,0.0,A
271,MI-C,FST-MI-42,severe,singleton,False,False,1,"[{""target"":""corridor"",""magnitude"":0.5,""start_week"":15,""duration_weeks"":2,""recovery_weeks"":3}]",True,0.0,A
272,MI-C,FST-MI-42,severe,upstream_node_deletion,False,False,1,"[{""target"":""corridor"",""magnitude"":0.5,""start_week"":15,""duration_weeks"":2,""recovery_weeks"":3}]",True,0.0,A
273,MI-C,FST-MI-42,severe,direct_impact,False,True,0;1,"[{""target"":""T2P"",""magnitude"":0.4,""start_week"":12,""duration_weeks"":3,""recovery_weeks"":3},{""target"":""corridor"",""magnitude"":0.5,""start_week"":15,""duration_weeks"":2,""recovery_weeks"":3}]",True,0.0,A
274,MI-C,FST-MI-42,severe,later_event_deletion,False,False,0,"[{""target"":""T2P"",""magnitude"":0.4,""start_week"":12,""duration_weeks"":3,""recovery_weeks"":3}]",True,0.0,A
275,MI-C,FST-MI-43,all,candidate_passive,False,False,,"[{""target"":""T2P"",""magnitude"":0.5,""start_week"":12,""duration_weeks"":3,""recovery_weeks"":3},{""target"":""corridor"",""magnitude"":0.5,""start_week"":15,""duration_weeks"":2,""recovery_weeks"":3}]",False,0.006062600004952401,A
276,MI-C,FST-MI-43,all,candidate_active,True,False,,"[{""target"":""T2P"",""magnitude"":0.5,""start_week"":12,""duration_weeks"":3,""recovery_weeks"":3},{""target"":""corridor"",""magnitude"":0.5,""start_week"":15,""duration_weeks"":2,""recovery_weeks"":3}]",False,0.006970699992962182,A
277,MI-C,FST-MI-43,moderate,singleton,False,False,0,"[{""target"":""T2P"",""magnitude"":0.5,""start_week"":12,""duration_weeks"":3,""recovery_weeks"":3}]",True,0.0,A
278,MI-C,FST-MI-43,moderate,singleton,False,False,1,"[{""target"":""corridor"",""magnitude"":0.5,""start_week"":15,""duration_weeks"":2,""recovery_weeks"":3}]",True,0.0,A
279,MI-C,FST-MI-43,moderate,upstream_node_deletion,False,False,1,"[{""target"":""corridor"",""magnitude"":0.5,""start_week"":15,""duration_weeks"":2,""recovery_weeks"":3}]",True,0.0,A
280,MI-C,FST-MI-43,moderate,direct_impact,False,True,0;1,"[{""target"":""T2P"",""magnitude"":0.5,""start_week"":12,""duration_weeks"":3,""recovery_weeks"":3},{""target"":""corridor"",""magnitude"":0.5,""start_week"":15,""duration_weeks"":2,""recovery_weeks"":3}]",False,0.006605500006116927,A
281,MI-C,FST-MI-43,moderate,later_event_deletion,False,False,0,"[{""target"":""T2P"",""magnitude"":0.5,""start_week"":12,""duration_weeks"":3,""recovery_weeks"":3}]",True,0.0,A
282,MI-C,FST-MI-43,severe,singleton,False,False,0,"[{""target"":""T2P"",""magnitude"":0.5,""start_week"":12,""duration_weeks"":3,""recovery_weeks"":3}]",True,0.0,A
283,MI-C,FST-MI-43,severe,singleton,False,False,1,"[{""target"":""corridor"",""magnitude"":0.5,""start_week"":15,""duration_weeks"":2,""recovery_weeks"":3}]",True,0.0,A
284,MI-C,FST-MI-43,severe,upstream_node_deletion,False,False,1,"[{""target"":""corridor"",""magnitude"":0.5,""start_week"":15,""duration_weeks"":2,""recovery_weeks"":3}]",True,0.0,A
285,MI-C,FST-MI-43,severe,direct_impact,False,True,0;1,"[{""target"":""T2P"",""magnitude"":0.5,""start_week"":12,""duration_weeks"":3,""recovery_weeks"":3},{""target"":""corridor"",""magnitude"":0.5,""start_week"":15,""duration_weeks"":2,""recovery_weeks"":3}]",True,0.0,A
286,MI-C,FST-MI-43,severe,later_event_deletion,False,False,0,"[{""target"":""T2P"",""magnitude"":0.5,""start_week"":12,""duration_weeks"":3,""recovery_weeks"":3}]",True,0.0,A
287,MI-C,FST-MI-44,all,candidate_passive,False,False,,"[{""target"":""T2P"",""magnitude"":0.6,""start_week"":12,""duration_weeks"":3,""recovery_weeks"":3},{""target"":""corridor"",""magnitude"":0.5,""start_week"":15,""duration_weeks"":2,""recovery_weeks"":3}]",False,0.007383099989965558,A
288,MI-C,FST-MI-44,all,candidate_active,True,False,,"[{""target"":""T2P"",""magnitude"":0.6,""start_week"":12,""duration_weeks"":3,""recovery_weeks"":3},{""target"":""corridor"",""magnitude"":0.5,""start_week"":15,""duration_weeks"":2,""recovery_weeks"":3}]",False,0.00760220002848655,A
289,MI-C,FST-MI-44,moderate,singleton,False,False,0,"[{""target"":""T2P"",""magnitude"":0.6,""start_week"":12,""duration_weeks"":3,""recovery_weeks"":3}]",False,0.007469400006812066,A
290,MI-C,FST-MI-44,moderate,singleton,False,False,1,"[{""target"":""corridor"",""magnitude"":0.5,""start_week"":15,""duration_weeks"":2,""recovery_weeks"":3}]",True,0.0,A
291,MI-C,FST-MI-44,moderate,upstream_node_deletion,False,False,1,"[{""target"":""corridor"",""magnitude"":0.5,""start_week"":15,""duration_weeks"":2,""recovery_weeks"":3}]",True,0.0,A
292,MI-C,FST-MI-44,moderate,direct_impact,False,True,0;1,"[{""target"":""T2P"",""magnitude"":0.6,""start_week"":12,""duration_weeks"":3,""recovery_weeks"":3},{""target"":""corridor"",""magnitude"":0.5,""start_week"":15,""duration_weeks"":2,""recovery_weeks"":3}]",False,0.007384199998341501,A
293,MI-C,FST-MI-44,moderate,later_event_deletion,False,False,0,"[{""target"":""T2P"",""magnitude"":0.6,""start_week"":12,""duration_weeks"":3,""recovery_weeks"":3}]",True,0.0,A
294,MI-C,FST-MI-44,severe,singleton,False,False,0,"[{""target"":""T2P"",""magnitude"":0.6,""start_week"":12,""duration_weeks"":3,""recovery_weeks"":3}]",True,0.0,A
295,MI-C,FST-MI-44,severe,singleton,False,False,1,"[{""target"":""corridor"",""magnitude"":0.5,""start_week"":15,""duration_weeks"":2,""recovery_weeks"":3}]",True,0.0,A
296,MI-C,FST-MI-44,severe,upstream_node_deletion,False,False,1,"[{""target"":""corridor"",""magnitude"":0.5,""start_week"":15,""duration_weeks"":2,""recovery_weeks"":3}]",True,0.0,A
297,MI-C,FST-MI-44,severe,direct_impact,False,True,0;1,"[{""target"":""T2P"",""magnitude"":0.6,""start_week"":12,""duration_weeks"":3,""recovery_weeks"":3},{""target"":""corridor"",""magnitude"":0.5,""start_week"":15,""duration_weeks"":2,""recovery_weeks"":3}]",True,0.0,A
298,MI-C,FST-MI-44,severe,later_event_deletion,False,False,0,"[{""target"":""T2P"",""magnitude"":0.6,""start_week"":12,""duration_weeks"":3,""recovery_weeks"":3}]",True,0.0,A
299,MI-C,FST-MI-45,all,candidate_passive,False,False,,"[{""target"":""T2P"",""magnitude"":0.7,""start_week"":12,""duration_weeks"":3,""recovery_weeks"":3},{""target"":""corridor"",""magnitude"":0.5,""start_week"":15,""duration_weeks"":2,""recovery_weeks"":3}]",False,0.007527200039476156,A
300,MI-C,FST-MI-45,all,candidate_active,True,False,,"[{""target"":""T2P"",""magnitude"":0.7,""start_week"":12,""duration_weeks"":3,""recovery_weeks"":3},{""target"":""corridor"",""magnitude"":0.5,""start_week"":15,""duration_weeks"":2,""recovery_weeks"":3}]",False,0.007449000026099384,A
301,MI-C,FST-MI-45,moderate,singleton,False,False,0,"[{""target"":""T2P"",""magnitude"":0.7,""start_week"":12,""duration_weeks"":3,""recovery_weeks"":3}]",False,0.006443899997975677,A
302,MI-C,FST-MI-45,moderate,singleton,False,False,1,"[{""target"":""corridor"",""magnitude"":0.5,""start_week"":15,""duration_weeks"":2,""recovery_weeks"":3}]",True,0.0,A
303,MI-C,FST-MI-45,moderate,upstream_node_deletion,False,False,1,"[{""target"":""corridor"",""magnitude"":0.5,""start_week"":15,""duration_weeks"":2,""recovery_weeks"":3}]",True,0.0,A
304,MI-C,FST-MI-45,moderate,direct_impact,False,True,0;1,"[{""target"":""T2P"",""magnitude"":0.7,""start_week"":12,""duration_weeks"":3,""recovery_weeks"":3},{""target"":""corridor"",""magnitude"":0.5,""start_week"":15,""duration_weeks"":2,""recovery_weeks"":3}]",False,0.004431199980899692,A
305,MI-C,FST-MI-45,moderate,later_event_deletion,False,False,0,"[{""target"":""T2P"",""magnitude"":0.7,""start_week"":12,""duration_weeks"":3,""recovery_weeks"":3}]",True,0.0,A
306,MI-C,FST-MI-45,severe,singleton,False,False,0,"[{""target"":""T2P"",""magnitude"":0.7,""start_week"":12,""duration_weeks"":3,""recovery_weeks"":3}]",True,0.0,A
307,MI-C,FST-MI-45,severe,singleton,False,False,1,"[{""target"":""corridor"",""magnitude"":0.5,""start_week"":15,""duration_weeks"":2,""recovery_weeks"":3}]",True,0.0,A
308,MI-C,FST-MI-45,severe,upstream_node_deletion,False,False,1,"[{""target"":""corridor"",""magnitude"":0.5,""start_week"":15,""duration_weeks"":2,""recovery_weeks"":3}]",True,0.0,A
309,MI-C,FST-MI-45,severe,direct_impact,False,True,0;1,"[{""target"":""T2P"",""magnitude"":0.7,""start_week"":12,""duration_weeks"":3,""recovery_weeks"":3},{""target"":""corridor"",""magnitude"":0.5,""start_week"":15,""duration_weeks"":2,""recovery_weeks"":3}]",True,0.0,A
310,MI-C,FST-MI-45,severe,later_event_deletion,False,False,0,"[{""target"":""T2P"",""magnitude"":0.7,""start_week"":12,""duration_weeks"":3,""recovery_weeks"":3}]",True,0.0,A
311,MI-C,FST-MI-46,all,candidate_passive,False,False,,"[{""target"":""corridor"",""magnitude"":0.3,""start_week"":12,""duration_weeks"":3,""recovery_weeks"":3},{""target"":""T2P"",""magnitude"":0.5,""start_week"":15,""duration_weeks"":2,""recovery_weeks"":3}]",False,0.007197500031907111,A
312,MI-C,FST-MI-46,all,candidate_active,True,False,,"[{""target"":""corridor"",""magnitude"":0.3,""start_week"":12,""duration_weeks"":3,""recovery_weeks"":3},{""target"":""T2P"",""magnitude"":0.5,""start_week"":15,""duration_weeks"":2,""recovery_weeks"":3}]",False,0.007283999992068857,A
313,MI-C,FST-MI-46,moderate,singleton,False,False,0,"[{""target"":""corridor"",""magnitude"":0.3,""start_week"":12,""duration_weeks"":3,""recovery_weeks"":3}]",False,0.006917099992278963,A
314,MI-C,FST-MI-46,moderate,singleton,False,False,1,"[{""target"":""T2P"",""magnitude"":0.5,""start_week"":15,""duration_weeks"":2,""recovery_weeks"":3}]",False,0.007982300012372434,A
315,MI-C,FST-MI-46,moderate,upstream_node_deletion,False,False,0,"[{""target"":""corridor"",""magnitude"":0.3,""start_week"":12,""duration_weeks"":3,""recovery_weeks"":3}]",True,0.0,A
316,MI-C,FST-MI-46,moderate,direct_impact,False,True,0;1,"[{""target"":""corridor"",""magnitude"":0.3,""start_week"":12,""duration_weeks"":3,""recovery_weeks"":3},{""target"":""T2P"",""magnitude"":0.5,""start_week"":15,""duration_weeks"":2,""recovery_weeks"":3}]",False,0.007286700012627989,A
317,MI-C,FST-MI-46,moderate,later_event_deletion,False,False,0,"[{""target"":""corridor"",""magnitude"":0.3,""start_week"":12,""duration_weeks"":3,""recovery_weeks"":3}]",True,0.0,A
318,MI-C,FST-MI-46,severe,singleton,False,False,0,"[{""target"":""corridor"",""magnitude"":0.3,""start_week"":12,""duration_weeks"":3,""recovery_weeks"":3}]",True,0.0,A
319,MI-C,FST-MI-46,severe,singleton,False,False,1,"[{""target"":""T2P"",""magnitude"":0.5,""start_week"":15,""duration_weeks"":2,""recovery_weeks"":3}]",True,0.0,A
320,MI-C,FST-MI-46,severe,upstream_node_deletion,False,False,0,"[{""target"":""corridor"",""magnitude"":0.3,""start_week"":12,""duration_weeks"":3,""recovery_weeks"":3}]",True,0.0,A
321,MI-C,FST-MI-46,severe,direct_impact,False,True,0;1,"[{""target"":""corridor"",""magnitude"":0.3,""start_week"":12,""duration_weeks"":3,""recovery_weeks"":3},{""target"":""T2P"",""magnitude"":0.5,""start_week"":15,""duration_weeks"":2,""recovery_weeks"":3}]",True,0.0,A
322,MI-C,FST-MI-46,severe,later_event_deletion,False,False,0,"[{""target"":""corridor"",""magnitude"":0.3,""start_week"":12,""duration_weeks"":3,""recovery_weeks"":3}]",True,0.0,A
323,MI-C,FST-MI-47,all,candidate_passive,False,False,,"[{""target"":""corridor"",""magnitude"":0.4,""start_week"":12,""duration_weeks"":3,""recovery_weeks"":3},{""target"":""T2P"",""magnitude"":0.5,""start_week"":15,""duration_weeks"":2,""recovery_weeks"":3}]",False,0.008496200025547296,A
324,MI-C,FST-MI-47,all,candidate_active,True,False,,"[{""target"":""corridor"",""magnitude"":0.4,""start_week"":12,""duration_weeks"":3,""recovery_weeks"":3},{""target"":""T2P"",""magnitude"":0.5,""start_week"":15,""duration_weeks"":2,""recovery_weeks"":3}]",False,0.007111100014299154,A
325,MI-C,FST-MI-47,moderate,singleton,False,False,0,"[{""target"":""corridor"",""magnitude"":0.4,""start_week"":12,""duration_weeks"":3,""recovery_weeks"":3}]",False,0.0048044000286608934,A
326,MI-C,FST-MI-47,severe,singleton,False,False,0,"[{""target"":""corridor"",""magnitude"":0.4,""start_week"":12,""duration_weeks"":3,""recovery_weeks"":3}]",True,0.0,A
327,MI-C,FST-MI-47,severe,singleton,False,False,1,"[{""target"":""T2P"",""magnitude"":0.5,""start_week"":15,""duration_weeks"":2,""recovery_weeks"":3}]",True,0.0,A
328,MI-C,FST-MI-47,severe,upstream_node_deletion,False,False,0,"[{""target"":""corridor"",""magnitude"":0.4,""start_week"":12,""duration_weeks"":3,""recovery_weeks"":3}]",True,0.0,A
329,MI-C,FST-MI-47,severe,direct_impact,False,True,0;1,"[{""target"":""corridor"",""magnitude"":0.4,""start_week"":12,""duration_weeks"":3,""recovery_weeks"":3},{""target"":""T2P"",""magnitude"":0.5,""start_week"":15,""duration_weeks"":2,""recovery_weeks"":3}]",False,0.007846300024539232,A
330,MI-C,FST-MI-47,severe,later_event_deletion,False,False,0,"[{""target"":""corridor"",""magnitude"":0.4,""start_week"":12,""duration_weeks"":3,""recovery_weeks"":3}]",True,0.0,A
331,MI-C,FST-MI-48,all,candidate_passive,False,False,,"[{""target"":""corridor"",""magnitude"":0.5,""start_week"":12,""duration_weeks"":3,""recovery_weeks"":3},{""target"":""T2P"",""magnitude"":0.5,""start_week"":15,""duration_weeks"":2,""recovery_weeks"":3}]",False,0.006118400022387505,A
332,MI-C,FST-MI-48,all,candidate_active,True,False,,"[{""target"":""corridor"",""magnitude"":0.5,""start_week"":12,""duration_weeks"":3,""recovery_weeks"":3},{""target"":""T2P"",""magnitude"":0.5,""start_week"":15,""duration_weeks"":2,""recovery_weeks"":3}]",False,0.005830399983096868,A
333,MI-C,FST-MI-48,moderate,singleton,False,False,0,"[{""target"":""corridor"",""magnitude"":0.5,""start_week"":12,""duration_weeks"":3,""recovery_weeks"":3}]",False,0.004276500025298446,A
334,MI-C,FST-MI-48,severe,singleton,False,False,0,"[{""target"":""corridor"",""magnitude"":0.5,""start_week"":12,""duration_weeks"":3,""recovery_weeks"":3}]",True,0.0,A
335,MI-C,FST-MI-48,severe,singleton,False,False,1,"[{""target"":""T2P"",""magnitude"":0.5,""start_week"":15,""duration_weeks"":2,""recovery_weeks"":3}]",True,0.0,A
336,MI-C,FST-MI-48,severe,upstream_node_deletion,False,False,0,"[{""target"":""corridor"",""magnitude"":0.5,""start_week"":12,""duration_weeks"":3,""recovery_weeks"":3}]",True,0.0,A
337,MI-C,FST-MI-48,severe,direct_impact,False,True,0;1,"[{""target"":""corridor"",""magnitude"":0.5,""start_week"":12,""duration_weeks"":3,""recovery_weeks"":3},{""target"":""T2P"",""magnitude"":0.5,""start_week"":15,""duration_weeks"":2,""recovery_weeks"":3}]",False,0.006169500004034489,A
338,MI-C,FST-MI-48,severe,later_event_deletion,False,False,0,"[{""target"":""corridor"",""magnitude"":0.5,""start_week"":12,""duration_weeks"":3,""recovery_weeks"":3}]",True,0.0,A
339,MI-C,FST-MI-49,all,candidate_passive,False,False,,"[{""target"":""corridor"",""magnitude"":0.6,""start_week"":12,""duration_weeks"":3,""recovery_weeks"":3},{""target"":""T2P"",""magnitude"":0.5,""start_week"":15,""duration_weeks"":2,""recovery_weeks"":3}]",False,0.005241000035312027,A
340,MI-C,FST-MI-49,all,candidate_active,True,False,,"[{""target"":""corridor"",""magnitude"":0.6,""start_week"":12,""duration_weeks"":3,""recovery_weeks"":3},{""target"":""T2P"",""magnitude"":0.5,""start_week"":15,""duration_weeks"":2,""recovery_weeks"":3}]",False,0.004239999980200082,A
341,MI-C,FST-MI-49,moderate,singleton,False,False,0,"[{""target"":""corridor"",""magnitude"":0.6,""start_week"":12,""duration_weeks"":3,""recovery_weeks"":3}]",False,0.005290100001730025,A
342,MI-C,FST-MI-49,severe,singleton,False,False,0,"[{""target"":""corridor"",""magnitude"":0.6,""start_week"":12,""duration_weeks"":3,""recovery_weeks"":3}]",True,0.0,A
343,MI-C,FST-MI-49,severe,singleton,False,False,1,"[{""target"":""T2P"",""magnitude"":0.5,""start_week"":15,""duration_weeks"":2,""recovery_weeks"":3}]",True,0.0,A
344,MI-C,FST-MI-49,severe,upstream_node_deletion,False,False,0,"[{""target"":""corridor"",""magnitude"":0.6,""start_week"":12,""duration_weeks"":3,""recovery_weeks"":3}]",True,0.0,A
345,MI-C,FST-MI-49,severe,direct_impact,False,True,0;1,"[{""target"":""corridor"",""magnitude"":0.6,""start_week"":12,""duration_weeks"":3,""recovery_weeks"":3},{""target"":""T2P"",""magnitude"":0.5,""start_week"":15,""duration_weeks"":2,""recovery_weeks"":3}]",False,0.006451299996115267,A
346,MI-C,FST-MI-49,severe,later_event_deletion,False,False,0,"[{""target"":""corridor"",""magnitude"":0.6,""start_week"":12,""duration_weeks"":3,""recovery_weeks"":3}]",True,0.0,A
347,MI-C,FST-MI-50,all,candidate_passive,False,False,,"[{""target"":""corridor"",""magnitude"":0.7,""start_week"":12,""duration_weeks"":3,""recovery_weeks"":3},{""target"":""T2P"",""magnitude"":0.5,""start_week"":15,""duration_weeks"":2,""recovery_weeks"":3}]",False,0.006500400020740926,A
348,MI-C,FST-MI-50,all,candidate_active,True,False,,"[{""target"":""corridor"",""magnitude"":0.7,""start_week"":12,""duration_weeks"":3,""recovery_weeks"":3},{""target"":""T2P"",""magnitude"":0.5,""start_week"":15,""duration_weeks"":2,""recovery_weeks"":3}]",False,0.006493200024124235,A
349,MI-C,FST-MI-50,moderate,singleton,False,False,0,"[{""target"":""corridor"",""magnitude"":0.7,""start_week"":12,""duration_weeks"":3,""recovery_weeks"":3}]",False,0.004858500033151358,A
350,MI-C,FST-MI-50,severe,singleton,False,False,0,"[{""target"":""corridor"",""magnitude"":0.7,""start_week"":12,""duration_weeks"":3,""recovery_weeks"":3}]",True,0.0,A
351,MI-C,FST-MI-50,severe,singleton,False,False,1,"[{""target"":""T2P"",""magnitude"":0.5,""start_week"":15,""duration_weeks"":2,""recovery_weeks"":3}]",True,0.0,A
352,MI-C,FST-MI-50,severe,upstream_node_deletion,False,False,0,"[{""target"":""corridor"",""magnitude"":0.7,""start_week"":12,""duration_weeks"":3,""recovery_weeks"":3}]",True,0.0,A
353,MI-C,FST-MI-50,severe,direct_impact,False,True,0;1,"[{""target"":""corridor"",""magnitude"":0.7,""start_week"":12,""duration_weeks"":3,""recovery_weeks"":3},{""target"":""T2P"",""magnitude"":0.5,""start_week"":15,""duration_weeks"":2,""recovery_weeks"":3}]",False,0.006958400015719235,A
354,MI-C,FST-MI-50,severe,later_event_deletion,False,False,0,"[{""target"":""corridor"",""magnitude"":0.7,""start_week"":12,""duration_weeks"":3,""recovery_weeks"":3}]",True,0.0,A
1,MI-M,FST-MI-01,all,candidate_passive,False,False,,"[{""target"":""S1A"",""magnitude"":0.5,""start_week"":12,""duration_weeks"":4,""recovery_weeks"":3}]",False,0.007599300006404519,A
2,MI-M,FST-MI-01,all,candidate_active,True,False,,"[{""target"":""S1A"",""magnitude"":0.5,""start_week"":12,""duration_weeks"":4,""recovery_weeks"":3}]",False,0.005069600010756403,A
3,MI-M,FST-MI-01,moderate,singleton,False,False,0,"[{""target"":""S1A"",""magnitude"":0.5,""start_week"":12,""duration_weeks"":4,""recovery_weeks"":3}]",True,0.0,A
4,MI-M,FST-MI-02,all,candidate_passive,False,False,,"[{""target"":""S1A"",""magnitude"":0.7,""start_week"":12,""duration_weeks"":4,""recovery_weeks"":3}]",False,0.006045499991159886,A
5,MI-M,FST-MI-02,all,candidate_active,True,False,,"[{""target"":""S1A"",""magnitude"":0.7,""start_week"":12,""duration_weeks"":4,""recovery_weeks"":3}]",False,0.004499699978623539,A
6,MI-M,FST-MI-02,moderate,singleton,False,False,0,"[{""target"":""S1A"",""magnitude"":0.7,""start_week"":12,""duration_weeks"":4,""recovery_weeks"":3}]",True,0.0,A
7,MI-M,FST-MI-03,all,candidate_passive,False,False,,"[{""target"":""S1B"",""magnitude"":0.5,""start_week"":12,""duration_weeks"":4,""recovery_weeks"":3}]",False,0.0062756999977864325,A
8,MI-M,FST-MI-03,all,candidate_active,True,False,,"[{""target"":""S1B"",""magnitude"":0.5,""start_week"":12,""duration_weeks"":4,""recovery_weeks"":3}]",False,0.0062494000303559005,A
9,MI-M,FST-MI-03,moderate,singleton,False,False,0,"[{""target"":""S1B"",""magnitude"":0.5,""start_week"":12,""duration_weeks"":4,""recovery_weeks"":3}]",True,0.0,A
10,MI-M,FST-MI-04,all,candidate_passive,False,False,,"[{""target"":""S1B"",""magnitude"":0.7,""start_week"":12,""duration_weeks"":4,""recovery_weeks"":3}]",False,0.0044927000417374074,A
11,MI-M,FST-MI-04,all,candidate_active,True,False,,"[{""target"":""S1B"",""magnitude"":0.7,""start_week"":12,""duration_weeks"":4,""recovery_weeks"":3}]",False,0.00454410002566874,A
12,MI-M,FST-MI-04,moderate,singleton,False,False,0,"[{""target"":""S1B"",""magnitude"":0.7,""start_week"":12,""duration_weeks"":4,""recovery_weeks"":3}]",True,0.0,A
13,MI-M,FST-MI-05,all,candidate_passive,False,False,,"[{""target"":""S1C"",""magnitude"":0.5,""start_week"":12,""duration_weeks"":4,""recovery_weeks"":3}]",False,0.004656299948692322,A
14,MI-M,FST-MI-05,all,candidate_active,True,False,,"[{""target"":""S1C"",""magnitude"":0.5,""start_week"":12,""duration_weeks"":4,""recovery_weeks"":3}]",False,0.006314099999144673,A
15,MI-M,FST-MI-05,moderate,singleton,False,False,0,"[{""target"":""S1C"",""magnitude"":0.5,""start_week"":12,""duration_weeks"":4,""recovery_weeks"":3}]",True,0.0,A
16,MI-M,FST-MI-06,all,candidate_passive,False,False,,"[{""target"":""S1C"",""magnitude"":0.7,""start_week"":12,""duration_weeks"":4,""recovery_weeks"":3}]",False,0.005460100015625358,A
17,MI-M,FST-MI-06,all,candidate_active,True,False,,"[{""target"":""S1C"",""magnitude"":0.7,""start_week"":12,""duration_weeks"":4,""recovery_weeks"":3}]",False,0.007002600003033876,A
18,MI-M,FST-MI-06,moderate,singleton,False,False,0,"[{""target"":""S1C"",""magnitude"":0.7,""start_week"":12,""duration_weeks"":4,""recovery_weeks"":3}]",True,0.0,A
19,MI-M,FST-MI-07,all,candidate_passive,False,False,,"[{""target"":""T2P"",""magnitude"":0.2,""start_week"":12,""duration_weeks"":3,""recovery_weeks"":3}]",False,0.006532599974889308,A
20,MI-M,FST-MI-08,all,candidate_passive,False,False,,"[{""target"":""T2P"",""magnitude"":0.2,""start_week"":12,""duration_weeks"":6,""recovery_weeks"":3}]",False,0.005278600030578673,A
21,MI-M,FST-MI-09,all,candidate_passive,False,False,,"[{""target"":""T2P"",""magnitude"":0.35,""start_week"":12,""duration_weeks"":3,""recovery_weeks"":3}]",False,0.006061699998099357,A
22,MI-M,FST-MI-09,all,candidate_active,True,False,,"[{""target"":""T2P"",""magnitude"":0.35,""start_week"":12,""duration_weeks"":3,""recovery_weeks"":3}]",False,0.00633830000879243,A
23,MI-M,FST-MI-09,moderate,singleton,False,False,0,"[{""target"":""T2P"",""magnitude"":0.35,""start_week"":12,""duration_weeks"":3,""recovery_weeks"":3}]",True,0.0,A
24,MI-M,FST-MI-09,moderate,upstream_node_deletion,False,False,,[],False,0.0039650999824516475,A
25,MI-M,FST-MI-09,moderate,direct_impact,False,True,0,"[{""target"":""T2P"",""magnitude"":0.35,""start_week"":12,""duration_weeks"":3,""recovery_weeks"":3}]",False,0.00652649998664856,A
26,MI-M,FST-MI-10,all,candidate_passive,False,False,,"[{""target"":""T2P"",""magnitude"":0.35,""start_week"":12,""duration_weeks"":6,""recovery_weeks"":3}]",False,0.005918300012126565,A
27,MI-M,FST-MI-10,all,candidate_active,True,False,,"[{""target"":""T2P"",""magnitude"":0.35,""start_week"":12,""duration_weeks"":6,""recovery_weeks"":3}]",False,0.003839900018647313,A
28,MI-M,FST-MI-10,moderate,singleton,False,False,0,"[{""target"":""T2P"",""magnitude"":0.35,""start_week"":12,""duration_weeks"":6,""recovery_weeks"":3}]",True,0.0,A
29,MI-M,FST-MI-10,moderate,upstream_node_deletion,False,False,,[],True,0.0,A
30,MI-M,FST-MI-10,moderate,direct_impact,False,True,0,"[{""target"":""T2P"",""magnitude"":0.35,""start_week"":12,""duration_weeks"":6,""recovery_weeks"":3}]",False,0.00360029999865219,A
31,MI-M,FST-MI-10,severe,singleton,False,False,0,"[{""target"":""T2P"",""magnitude"":0.35,""start_week"":12,""duration_weeks"":6,""recovery_weeks"":3}]",True,0.0,A
32,MI-M,FST-MI-10,severe,upstream_node_deletion,False,False,,[],True,0.0,A
33,MI-M,FST-MI-10,severe,direct_impact,False,True,0,"[{""target"":""T2P"",""magnitude"":0.35,""start_week"":12,""duration_weeks"":6,""recovery_weeks"":3}]",True,0.0,A
34,MI-M,FST-MI-11,all,candidate_passive,False,False,,"[{""target"":""T2P"",""magnitude"":0.5,""start_week"":12,""duration_weeks"":3,""recovery_weeks"":3}]",False,0.006392000010237098,A
35,MI-M,FST-MI-11,all,candidate_active,True,False,,"[{""target"":""T2P"",""magnitude"":0.5,""start_week"":12,""duration_weeks"":3,""recovery_weeks"":3}]",False,0.0062895999872125685,A
36,MI-M,FST-MI-11,moderate,singleton,False,False,0,"[{""target"":""T2P"",""magnitude"":0.5,""start_week"":12,""duration_weeks"":3,""recovery_weeks"":3}]",True,0.0,A
37,MI-M,FST-MI-11,moderate,upstream_node_deletion,False,False,,[],True,0.0,A
38,MI-M,FST-MI-11,moderate,direct_impact,False,True,0,"[{""target"":""T2P"",""magnitude"":0.5,""start_week"":12,""duration_weeks"":3,""recovery_weeks"":3}]",False,0.00645240000449121,A
39,MI-M,FST-MI-11,severe,singleton,False,False,0,"[{""target"":""T2P"",""magnitude"":0.5,""start_week"":12,""duration_weeks"":3,""recovery_weeks"":3}]",True,0.0,A
40,MI-M,FST-MI-11,severe,upstream_node_deletion,False,False,,[],True,0.0,A
41,MI-M,FST-MI-11,severe,direct_impact,False,True,0,"[{""target"":""T2P"",""magnitude"":0.5,""start_week"":12,""duration_weeks"":3,""recovery_weeks"":3}]",True,0.0,A
42,MI-M,FST-MI-12,all,candidate_passive,False,False,,"[{""target"":""T2P"",""magnitude"":0.5,""start_week"":12,""duration_weeks"":6,""recovery_weeks"":3}]",False,0.007057600014377385,A
43,MI-M,FST-MI-12,all,candidate_active,True,False,,"[{""target"":""T2P"",""magnitude"":0.5,""start_week"":12,""duration_weeks"":6,""recovery_weeks"":3}]",False,0.005124999966938049,A
44,MI-M,FST-MI-12,moderate,singleton,False,False,0,"[{""target"":""T2P"",""magnitude"":0.5,""start_week"":12,""duration_weeks"":6,""recovery_weeks"":3}]",True,0.0,A
45,MI-M,FST-MI-12,moderate,upstream_node_deletion,False,False,,[],True,0.0,A
46,MI-M,FST-MI-12,moderate,direct_impact,False,True,0,"[{""target"":""T2P"",""magnitude"":0.5,""start_week"":12,""duration_weeks"":6,""recovery_weeks"":3}]",False,0.006614200014155358,A
47,MI-M,FST-MI-12,severe,singleton,False,False,0,"[{""target"":""T2P"",""magnitude"":0.5,""start_week"":12,""duration_weeks"":6,""recovery_weeks"":3}]",True,0.0,A
48,MI-M,FST-MI-12,severe,upstream_node_deletion,False,False,,[],True,0.0,A
49,MI-M,FST-MI-12,severe,direct_impact,False,True,0,"[{""target"":""T2P"",""magnitude"":0.5,""start_week"":12,""duration_weeks"":6,""recovery_weeks"":3}]",True,0.0,A
50,MI-M,FST-MI-13,all,candidate_passive,False,False,,"[{""target"":""T2P"",""magnitude"":0.65,""start_week"":12,""duration_weeks"":3,""recovery_weeks"":3}]",False,0.006383600004483014,A
51,MI-M,FST-MI-13,all,candidate_active,True,False,,"[{""target"":""T2P"",""magnitude"":0.65,""start_week"":12,""duration_weeks"":3,""recovery_weeks"":3}]",False,0.0064830000046640635,A
52,MI-M,FST-MI-13,moderate,singleton,False,False,0,"[{""target"":""T2P"",""magnitude"":0.65,""start_week"":12,""duration_weeks"":3,""recovery_weeks"":3}]",True,0.0,A
53,MI-M,FST-MI-13,moderate,upstream_node_deletion,False,False,,[],True,0.0,A
54,MI-M,FST-MI-13,moderate,direct_impact,False,True,0,"[{""target"":""T2P"",""magnitude"":0.65,""start_week"":12,""duration_weeks"":3,""recovery_weeks"":3}]",False,0.004299400025047362,A
55,MI-M,FST-MI-13,severe,singleton,False,False,0,"[{""target"":""T2P"",""magnitude"":0.65,""start_week"":12,""duration_weeks"":3,""recovery_weeks"":3}]",True,0.0,A
56,MI-M,FST-MI-13,severe,upstream_node_deletion,False,False,,[],True,0.0,A
57,MI-M,FST-MI-13,severe,direct_impact,False,True,0,"[{""target"":""T2P"",""magnitude"":0.65,""start_week"":12,""duration_weeks"":3,""recovery_weeks"":3}]",True,0.0,A
58,MI-M,FST-MI-14,all,candidate_passive,False,False,,"[{""target"":""T2P"",""magnitude"":0.65,""start_week"":12,""duration_weeks"":6,""recovery_weeks"":3}]",False,0.0050537000061012805,A
59,MI-M,FST-MI-14,all,candidate_active,True,False,,"[{""target"":""T2P"",""magnitude"":0.65,""start_week"":12,""duration_weeks"":6,""recovery_weeks"":3}]",False,0.00394850003067404,A
60,MI-M,FST-MI-14,moderate,singleton,False,False,0,"[{""target"":""T2P"",""magnitude"":0.65,""start_week"":12,""duration_weeks"":6,""recovery_weeks"":3}]",True,0.0,A
61,MI-M,FST-MI-14,moderate,upstream_node_deletion,False,False,,[],True,0.0,A
62,MI-M,FST-MI-14,moderate,direct_impact,False,True,0,"[{""target"":""T2P"",""magnitude"":0.65,""start_week"":12,""duration_weeks"":6,""recovery_weeks"":3}]",False,0.006460100004915148,A
63,MI-M,FST-MI-14,severe,singleton,False,False,0,"[{""target"":""T2P"",""magnitude"":0.65,""start_week"":12,""duration_weeks"":6,""recovery_weeks"":3}]",True,0.0,A
64,MI-M,FST-MI-14,severe,upstream_node_deletion,False,False,,[],True,0.0,A
65,MI-M,FST-MI-14,severe,direct_impact,False,True,0,"[{""target"":""T2P"",""magnitude"":0.65,""start_week"":12,""duration_weeks"":6,""recovery_weeks"":3}]",True,0.0,A
66,MI-M,FST-MI-15,all,candidate_passive,False,False,,"[{""target"":""T2P"",""magnitude"":0.8,""start_week"":12,""duration_weeks"":3,""recovery_weeks"":3}]",False,0.0033833999768830836,A
67,MI-M,FST-MI-15,all,candidate_active,True,False,,"[{""target"":""T2P"",""magnitude"":0.8,""start_week"":12,""duration_weeks"":3,""recovery_weeks"":3}]",False,0.0033134999684989452,A
68,MI-M,FST-MI-15,moderate,singleton,False,False,0,"[{""target"":""T2P"",""magnitude"":0.8,""start_week"":12,""duration_weeks"":3,""recovery_weeks"":3}]",True,0.0,A
69,MI-M,FST-MI-15,moderate,upstream_node_deletion,False,False,,[],True,0.0,A
70,MI-M,FST-MI-15,moderate,direct_impact,False,True,0,"[{""target"":""T2P"",""magnitude"":0.8,""start_week"":12,""duration_weeks"":3,""recovery_weeks"":3}]",False,0.004299899970646948,A
71,MI-M,FST-MI-15,severe,singleton,False,False,0,"[{""target"":""T2P"",""magnitude"":0.8,""start_week"":12,""duration_weeks"":3,""recovery_weeks"":3}]",True,0.0,A
72,MI-M,FST-MI-15,severe,upstream_node_deletion,False,False,,[],True,0.0,A
73,MI-M,FST-MI-15,severe,direct_impact,False,True,0,"[{""target"":""T2P"",""magnitude"":0.8,""start_week"":12,""duration_weeks"":3,""recovery_weeks"":3}]",True,0.0,A
74,MI-M,FST-MI-16,all,candidate_passive,False,False,,"[{""target"":""T2P"",""magnitude"":0.8,""start_week"":12,""duration_weeks"":6,""recovery_weeks"":3}]",False,0.009887600026559085,A
75,MI-M,FST-MI-16,all,candidate_active,True,False,,"[{""target"":""T2P"",""magnitude"":0.8,""start_week"":12,""duration_weeks"":6,""recovery_weeks"":3}]",False,0.008973799995146692,A
76,MI-M,FST-MI-16,moderate,singleton,False,False,0,"[{""target"":""T2P"",""magnitude"":0.8,""start_week"":12,""duration_weeks"":6,""recovery_weeks"":3}]",True,0.0,A
77,MI-M,FST-MI-16,moderate,upstream_node_deletion,False,False,,[],True,0.0,A
78,MI-M,FST-MI-16,moderate,direct_impact,False,True,0,"[{""target"":""T2P"",""magnitude"":0.8,""start_week"":12,""duration_weeks"":6,""recovery_weeks"":3}]",False,0.006146300002001226,A
79,MI-M,FST-MI-16,severe,singleton,False,False,0,"[{""target"":""T2P"",""magnitude"":0.8,""start_week"":12,""duration_weeks"":6,""recovery_weeks"":3}]",True,0.0,A
80,MI-M,FST-MI-16,severe,upstream_node_deletion,False,False,,[],True,0.0,A
81,MI-M,FST-MI-16,severe,direct_impact,False,True,0,"[{""target"":""T2P"",""magnitude"":0.8,""start_week"":12,""duration_weeks"":6,""recovery_weeks"":3}]",True,0.0,A
82,MI-M,FST-MI-17,all,candidate_passive,False,False,,"[{""target"":""corridor"",""magnitude"":0.3,""start_week"":12,""duration_weeks"":2,""recovery_weeks"":3}]",False,0.00669090001611039,A
83,MI-M,FST-MI-18,all,candidate_passive,False,False,,"[{""target"":""corridor"",""magnitude"":0.3,""start_week"":12,""duration_weeks"":4,""recovery_weeks"":3}]",False,0.006866700015962124,A
84,MI-M,FST-MI-19,all,candidate_passive,False,False,,"[{""target"":""corridor"",""magnitude"":0.5,""start_week"":12,""duration_weeks"":2,""recovery_weeks"":3}]",False,0.006619300052989274,A
85,MI-M,FST-MI-19,all,candidate_active,True,False,,"[{""target"":""corridor"",""magnitude"":0.5,""start_week"":12,""duration_weeks"":2,""recovery_weeks"":3}]",False,0.0036905999877490103,A
86,MI-M,FST-MI-19,moderate,singleton,False,False,0,"[{""target"":""corridor"",""magnitude"":0.5,""start_week"":12,""duration_weeks"":2,""recovery_weeks"":3}]",True,0.0,A
87,MI-M,FST-MI-19,severe,singleton,False,False,0,"[{""target"":""corridor"",""magnitude"":0.5,""start_week"":12,""duration_weeks"":2,""recovery_weeks"":3}]",True,0.0,A
88,MI-M,FST-MI-20,all,candidate_passive,False,False,,"[{""target"":""corridor"",""magnitude"":0.5,""start_week"":12,""duration_weeks"":4,""recovery_weeks"":3}]",False,0.004061899962835014,A
89,MI-M,FST-MI-20,all,candidate_active,True,False,,"[{""target"":""corridor"",""magnitude"":0.5,""start_week"":12,""duration_weeks"":4,""recovery_weeks"":3}]",False,0.006058499973732978,A
90,MI-M,FST-MI-20,moderate,singleton,False,False,0,"[{""target"":""corridor"",""magnitude"":0.5,""start_week"":12,""duration_weeks"":4,""recovery_weeks"":3}]",True,0.0,A
91,MI-M,FST-MI-20,severe,singleton,False,False,0,"[{""target"":""corridor"",""magnitude"":0.5,""start_week"":12,""duration_weeks"":4,""recovery_weeks"":3}]",True,0.0,A
92,MI-M,FST-MI-21,all,candidate_passive,False,False,,"[{""target"":""corridor"",""magnitude"":0.7,""start_week"":12,""duration_weeks"":2,""recovery_weeks"":3}]",False,0.005171700031496584,A
93,MI-M,FST-MI-21,all,candidate_active,True,False,,"[{""target"":""corridor"",""magnitude"":0.7,""start_week"":12,""duration_weeks"":2,""recovery_weeks"":3}]",False,0.005742999957874417,A
94,MI-M,FST-MI-21,moderate,singleton,False,False,0,"[{""target"":""corridor"",""magnitude"":0.7,""start_week"":12,""duration_weeks"":2,""recovery_weeks"":3}]",True,0.0,A
95,MI-M,FST-MI-21,severe,singleton,False,False,0,"[{""target"":""corridor"",""magnitude"":0.7,""start_week"":12,""duration_weeks"":2,""recovery_weeks"":3}]",True,0.0,A
96,MI-M,FST-MI-22,all,candidate_passive,False,False,,"[{""target"":""corridor"",""magnitude"":0.7,""start_week"":12,""duration_weeks"":4,""recovery_weeks"":3}]",False,0.004885499947704375,A
97,MI-M,FST-MI-22,all,candidate_active,True,False,,"[{""target"":""corridor"",""magnitude"":0.7,""start_week"":12,""duration_weeks"":4,""recovery_weeks"":3}]",False,0.006245099997613579,A
98,MI-M,FST-MI-22,moderate,singleton,False,False,0,"[{""target"":""corridor"",""magnitude"":0.7,""start_week"":12,""duration_weeks"":4,""recovery_weeks"":3}]",True,0.0,A
99,MI-M,FST-MI-22,severe,singleton,False,False,0,"[{""target"":""corridor"",""magnitude"":0.7,""start_week"":12,""duration_weeks"":4,""recovery_weeks"":3}]",True,0.0,A
100,MI-M,FST-MI-23,all,candidate_passive,False,False,,"[{""target"":""T2P"",""magnitude"":0.25,""start_week"":12,""duration_weeks"":4,""recovery_weeks"":3},{""target"":""corridor"",""magnitude"":0.25,""start_week"":12,""duration_weeks"":4,""recovery_weeks"":3}]",False,0.004797499976120889,A
101,MI-M,FST-MI-24,all,candidate_passive,False,False,,"[{""target"":""T2P"",""magnitude"":0.25,""start_week"":12,""duration_weeks"":4,""recovery_weeks"":3},{""target"":""corridor"",""magnitude"":0.35,""start_week"":12,""duration_weeks"":4,""recovery_weeks"":3}]",False,0.0039783999673090875,A
102,MI-M,FST-MI-24,all,candidate_active,True,False,,"[{""target"":""T2P"",""magnitude"":0.25,""start_week"":12,""duration_weeks"":4,""recovery_weeks"":3},{""target"":""corridor"",""magnitude"":0.35,""start_week"":12,""duration_weeks"":4,""recovery_weeks"":3}]",False,0.004425699997227639,A
103,MI-M,FST-MI-24,moderate,singleton,False,False,0,"[{""target"":""T2P"",""magnitude"":0.25,""start_week"":12,""duration_weeks"":4,""recovery_weeks"":3}]",False,0.006515199958812445,A
104,MI-M,FST-MI-24,moderate,singleton,False,False,1,"[{""target"":""corridor"",""magnitude"":0.35,""start_week"":12,""duration_weeks"":4,""recovery_weeks"":3}]",False,0.0063090999610722065,A
105,MI-M,FST-MI-24,moderate,upstream_node_deletion,False,False,1,"[{""target"":""corridor"",""magnitude"":0.35,""start_week"":12,""duration_weeks"":4,""recovery_weeks"":3}]",True,0.0,A
106,MI-M,FST-MI-24,moderate,direct_impact,False,True,0;1,"[{""target"":""T2P"",""magnitude"":0.25,""start_week"":12,""duration_weeks"":4,""recovery_weeks"":3},{""target"":""corridor"",""magnitude"":0.35,""start_week"":12,""duration_weeks"":4,""recovery_weeks"":3}]",False,0.007623200013767928,A
107,MI-M,FST-MI-25,all,candidate_passive,False,False,,"[{""target"":""T2P"",""magnitude"":0.35,""start_week"":12,""duration_weeks"":4,""recovery_weeks"":3},{""target"":""corridor"",""magnitude"":0.25,""start_week"":12,""duration_weeks"":4,""recovery_weeks"":3}]",False,0.005816700053401291,A
108,MI-M,FST-MI-25,all,candidate_active,True,False,,"[{""target"":""T2P"",""magnitude"":0.35,""start_week"":12,""duration_weeks"":4,""recovery_weeks"":3},{""target"":""corridor"",""magnitude"":0.25,""start_week"":12,""duration_weeks"":4,""recovery_weeks"":3}]",False,0.0038761000032536685,A
109,MI-M,FST-MI-25,moderate,singleton,False,False,0,"[{""target"":""T2P"",""magnitude"":0.35,""start_week"":12,""duration_weeks"":4,""recovery_weeks"":3}]",False,0.003224800049792975,A
110,MI-M,FST-MI-25,moderate,singleton,False,False,1,"[{""target"":""corridor"",""magnitude"":0.25,""start_week"":12,""duration_weeks"":4,""recovery_weeks"":3}]",False,0.003791600000113249,A
111,MI-M,FST-MI-25,moderate,upstream_node_deletion,False,False,1,"[{""target"":""corridor"",""magnitude"":0.25,""start_week"":12,""duration_weeks"":4,""recovery_weeks"":3}]",True,0.0,A
112,MI-M,FST-MI-25,moderate,direct_impact,False,True,0;1,"[{""target"":""T2P"",""magnitude"":0.35,""start_week"":12,""duration_weeks"":4,""recovery_weeks"":3},{""target"":""corridor"",""magnitude"":0.25,""start_week"":12,""duration_weeks"":4,""recovery_weeks"":3}]",False,0.004426400002557784,A
113,MI-M,FST-MI-25,severe,singleton,False,False,0,"[{""target"":""T2P"",""magnitude"":0.35,""start_week"":12,""duration_weeks"":4,""recovery_weeks"":3}]",True,0.0,A
114,MI-M,FST-MI-25,severe,singleton,False,False,1,"[{""target"":""corridor"",""magnitude"":0.25,""start_week"":12,""duration_weeks"":4,""recovery_weeks"":3}]",True,0.0,A
115,MI-M,FST-MI-25,severe,upstream_node_deletion,False,False,1,"[{""target"":""corridor"",""magnitude"":0.25,""start_week"":12,""duration_weeks"":4,""recovery_weeks"":3}]",True,0.0,A
116,MI-M,FST-MI-25,severe,direct_impact,False,True,0;1,"[{""target"":""T2P"",""magnitude"":0.35,""start_week"":12,""duration_weeks"":4,""recovery_weeks"":3},{""target"":""corridor"",""magnitude"":0.25,""start_week"":12,""duration_weeks"":4,""recovery_weeks"":3}]",True,0.0,A
117,MI-M,FST-MI-26,all,candidate_passive,False,False,,"[{""target"":""T2P"",""magnitude"":0.35,""start_week"":12,""duration_weeks"":4,""recovery_weeks"":3},{""target"":""corridor"",""magnitude"":0.35,""start_week"":12,""duration_weeks"":4,""recovery_weeks"":3}]",False,0.003879500029142946,A
118,MI-M,FST-MI-26,all,candidate_active,True,False,,"[{""target"":""T2P"",""magnitude"":0.35,""start_week"":12,""duration_weeks"":4,""recovery_weeks"":3},{""target"":""corridor"",""magnitude"":0.35,""start_week"":12,""duration_weeks"":4,""recovery_weeks"":3}]",False,0.005023000005166978,A
119,MI-M,FST-MI-26,moderate,singleton,False,False,0,"[{""target"":""T2P"",""magnitude"":0.35,""start_week"":12,""duration_weeks"":4,""recovery_weeks"":3}]",True,0.0,A
120,MI-M,FST-MI-26,moderate,singleton,False,False,1,"[{""target"":""corridor"",""magnitude"":0.35,""start_week"":12,""duration_weeks"":4,""recovery_weeks"":3}]",True,0.0,A
121,MI-M,FST-MI-26,moderate,upstream_node_deletion,False,False,1,"[{""target"":""corridor"",""magnitude"":0.35,""start_week"":12,""duration_weeks"":4,""recovery_weeks"":3}]",True,0.0,A
122,MI-M,FST-MI-26,moderate,direct_impact,False,True,0;1,"[{""target"":""T2P"",""magnitude"":0.35,""start_week"":12,""duration_weeks"":4,""recovery_weeks"":3},{""target"":""corridor"",""magnitude"":0.35,""start_week"":12,""duration_weeks"":4,""recovery_weeks"":3}]",False,0.003967099997680634,A
123,MI-M,FST-MI-27,all,candidate_passive,False,False,,"[{""target"":""T2P"",""magnitude"":0.7,""start_week"":12,""duration_weeks"":4,""recovery_weeks"":3},{""target"":""corridor"",""magnitude"":0.3,""start_week"":12,""duration_weeks"":4,""recovery_weeks"":3}]",False,0.0038240000139921904,A
124,MI-M,FST-MI-27,all,candidate_active,True,False,,"[{""target"":""T2P"",""magnitude"":0.7,""start_week"":12,""duration_weeks"":4,""recovery_weeks"":3},{""target"":""corridor"",""magnitude"":0.3,""start_week"":12,""duration_weeks"":4,""recovery_weeks"":3}]",False,0.004435400012880564,A
125,MI-M,FST-MI-27,moderate,singleton,False,False,0,"[{""target"":""T2P"",""magnitude"":0.7,""start_week"":12,""duration_weeks"":4,""recovery_weeks"":3}]",False,0.003228899964597076,A
126,MI-M,FST-MI-27,moderate,singleton,False,False,1,"[{""target"":""corridor"",""magnitude"":0.3,""start_week"":12,""duration_weeks"":4,""recovery_weeks"":3}]",True,0.0,A
127,MI-M,FST-MI-27,moderate,upstream_node_deletion,False,False,1,"[{""target"":""corridor"",""magnitude"":0.3,""start_week"":12,""duration_weeks"":4,""recovery_weeks"":3}]",True,0.0,A
128,MI-M,FST-MI-27,moderate,direct_impact,False,True,0;1,"[{""target"":""T2P"",""magnitude"":0.7,""start_week"":12,""duration_weeks"":4,""recovery_weeks"":3},{""target"":""corridor"",""magnitude"":0.3,""start_week"":12,""duration_weeks"":4,""recovery_weeks"":3}]",False,0.003980799985583872,A
129,MI-M,FST-MI-27,severe,singleton,False,False,0,"[{""target"":""T2P"",""magnitude"":0.7,""start_week"":12,""duration_weeks"":4,""recovery_weeks"":3}]",True,0.0,A
130,MI-M,FST-MI-27,severe,singleton,False,False,1,"[{""target"":""corridor"",""magnitude"":0.3,""start_week"":12,""duration_weeks"":4,""recovery_weeks"":3}]",True,0.0,A
131,MI-M,FST-MI-27,severe,upstream_node_deletion,False,False,1,"[{""target"":""corridor"",""magnitude"":0.3,""start_week"":12,""duration_weeks"":4,""recovery_weeks"":3}]",True,0.0,A
132,MI-M,FST-MI-27,severe,direct_impact,False,True,0;1,"[{""target"":""T2P"",""magnitude"":0.7,""start_week"":12,""duration_weeks"":4,""recovery_weeks"":3},{""target"":""corridor"",""magnitude"":0.3,""start_week"":12,""duration_weeks"":4,""recovery_weeks"":3}]",True,0.0,A
133,MI-M,FST-MI-28,all,candidate_passive,False,False,,"[{""target"":""T2P"",""magnitude"":0.7,""start_week"":12,""duration_weeks"":4,""recovery_weeks"":3},{""target"":""corridor"",""magnitude"":0.6,""start_week"":12,""duration_weeks"":4,""recovery_weeks"":3}]",False,0.007426800031680614,A
134,MI-M,FST-MI-28,all,candidate_active,True,False,,"[{""target"":""T2P"",""magnitude"":0.7,""start_week"":12,""duration_weeks"":4,""recovery_weeks"":3},{""target"":""corridor"",""magnitude"":0.6,""start_week"":12,""duration_weeks"":4,""recovery_weeks"":3}]",False,0.0075607000035233796,A
135,MI-M,FST-MI-28,moderate,singleton,False,False,0,"[{""target"":""T2P"",""magnitude"":0.7,""start_week"":12,""duration_weeks"":4,""recovery_weeks"":3}]",True,0.0,A
136,MI-M,FST-MI-28,moderate,singleton,False,False,1,"[{""target"":""corridor"",""magnitude"":0.6,""start_week"":12,""duration_weeks"":4,""recovery_weeks"":3}]",False,0.006435799994505942,A
137,MI-M,FST-MI-28,moderate,upstream_node_deletion,False,False,1,"[{""target"":""corridor"",""magnitude"":0.6,""start_week"":12,""duration_weeks"":4,""recovery_weeks"":3}]",True,0.0,A
138,MI-M,FST-MI-28,moderate,direct_impact,False,True,0;1,"[{""target"":""T2P"",""magnitude"":0.7,""start_week"":12,""duration_weeks"":4,""recovery_weeks"":3},{""target"":""corridor"",""magnitude"":0.6,""start_week"":12,""duration_weeks"":4,""recovery_weeks"":3}]",False,0.0076302000088617206,A
139,MI-M,FST-MI-28,severe,singleton,False,False,0,"[{""target"":""T2P"",""magnitude"":0.7,""start_week"":12,""duration_weeks"":4,""recovery_weeks"":3}]",True,0.0,A
140,MI-M,FST-MI-28,severe,singleton,False,False,1,"[{""target"":""corridor"",""magnitude"":0.6,""start_week"":12,""duration_weeks"":4,""recovery_weeks"":3}]",True,0.0,A
141,MI-M,FST-MI-28,severe,upstream_node_deletion,False,False,1,"[{""target"":""corridor"",""magnitude"":0.6,""start_week"":12,""duration_weeks"":4,""recovery_weeks"":3}]",True,0.0,A
142,MI-M,FST-MI-28,severe,direct_impact,False,True,0;1,"[{""target"":""T2P"",""magnitude"":0.7,""start_week"":12,""duration_weeks"":4,""recovery_weeks"":3},{""target"":""corridor"",""magnitude"":0.6,""start_week"":12,""duration_weeks"":4,""recovery_weeks"":3}]",True,0.0,A
143,MI-M,FST-MI-29,all,candidate_passive,False,False,,"[{""target"":""T2P"",""magnitude"":0.8,""start_week"":12,""duration_weeks"":4,""recovery_weeks"":3},{""target"":""corridor"",""magnitude"":0.3,""start_week"":12,""duration_weeks"":4,""recovery_weeks"":3}]",False,0.007451399986166507,A
144,MI-M,FST-MI-29,all,candidate_active,True,False,,"[{""target"":""T2P"",""magnitude"":0.8,""start_week"":12,""duration_weeks"":4,""recovery_weeks"":3},{""target"":""corridor"",""magnitude"":0.3,""start_week"":12,""duration_weeks"":4,""recovery_weeks"":3}]",False,0.007499300001654774,A
145,MI-M,FST-MI-29,moderate,singleton,False,False,0,"[{""target"":""T2P"",""magnitude"":0.8,""start_week"":12,""duration_weeks"":4,""recovery_weeks"":3}]",False,0.00604790000943467,A
146,MI-M,FST-MI-29,moderate,singleton,False,False,1,"[{""target"":""corridor"",""magnitude"":0.3,""start_week"":12,""duration_weeks"":4,""recovery_weeks"":3}]",True,0.0,A
147,MI-M,FST-MI-29,moderate,upstream_node_deletion,False,False,1,"[{""target"":""corridor"",""magnitude"":0.3,""start_week"":12,""duration_weeks"":4,""recovery_weeks"":3}]",True,0.0,A
148,MI-M,FST-MI-29,moderate,direct_impact,False,True,0;1,"[{""target"":""T2P"",""magnitude"":0.8,""start_week"":12,""duration_weeks"":4,""recovery_weeks"":3},{""target"":""corridor"",""magnitude"":0.3,""start_week"":12,""duration_weeks"":4,""recovery_weeks"":3}]",False,0.0056721000000834465,A
149,MI-M,FST-MI-29,severe,singleton,False,False,0,"[{""target"":""T2P"",""magnitude"":0.8,""start_week"":12,""duration_weeks"":4,""recovery_weeks"":3}]",True,0.0,A
150,MI-M,FST-MI-29,severe,singleton,False,False,1,"[{""target"":""corridor"",""magnitude"":0.3,""start_week"":12,""duration_weeks"":4,""recovery_weeks"":3}]",True,0.0,A
151,MI-M,FST-MI-29,severe,upstream_node_deletion,False,False,1,"[{""target"":""corridor"",""magnitude"":0.3,""start_week"":12,""duration_weeks"":4,""recovery_weeks"":3}]",True,0.0,A
152,MI-M,FST-MI-29,severe,direct_impact,False,True,0;1,"[{""target"":""T2P"",""magnitude"":0.8,""start_week"":12,""duration_weeks"":4,""recovery_weeks"":3},{""target"":""corridor"",""magnitude"":0.3,""start_week"":12,""duration_weeks"":4,""recovery_weeks"":3}]",True,0.0,A
153,MI-M,FST-MI-30,all,candidate_passive,False,False,,"[{""target"":""T2P"",""magnitude"":0.8,""start_week"":12,""duration_weeks"":4,""recovery_weeks"":3},{""target"":""corridor"",""magnitude"":0.6,""start_week"":12,""duration_weeks"":4,""recovery_weeks"":3}]",False,0.0074486000230535865,A
154,MI-M,FST-MI-30,all,candidate_active,True,False,,"[{""target"":""T2P"",""magnitude"":0.8,""start_week"":12,""duration_weeks"":4,""recovery_weeks"":3},{""target"":""corridor"",""magnitude"":0.6,""start_week"":12,""duration_weeks"":4,""recovery_weeks"":3}]",False,0.007493400014936924,A
155,MI-M,FST-MI-30,moderate,singleton,False,False,0,"[{""target"":""T2P"",""magnitude"":0.8,""start_week"":12,""duration_weeks"":4,""recovery_weeks"":3}]",True,0.0,A
156,MI-M,FST-MI-30,moderate,singleton,False,False,1,"[{""target"":""corridor"",""magnitude"":0.6,""start_week"":12,""duration_weeks"":4,""recovery_weeks"":3}]",True,0.0,A
157,MI-M,FST-MI-30,moderate,upstream_node_deletion,False,False,1,"[{""target"":""corridor"",""magnitude"":0.6,""start_week"":12,""duration_weeks"":4,""recovery_weeks"":3}]",True,0.0,A
158,MI-M,FST-MI-30,moderate,direct_impact,False,True,0;1,"[{""target"":""T2P"",""magnitude"":0.8,""start_week"":12,""duration_weeks"":4,""recovery_weeks"":3},{""target"":""corridor"",""magnitude"":0.6,""start_week"":12,""duration_weeks"":4,""recovery_weeks"":3}]",False,0.007480799977201968,A
159,MI-M,FST-MI-30,severe,singleton,False,False,0,"[{""target"":""T2P"",""magnitude"":0.8,""start_week"":12,""duration_weeks"":4,""recovery_weeks"":3}]",True,0.0,A
160,MI-M,FST-MI-30,severe,singleton,False,False,1,"[{""target"":""corridor"",""magnitude"":0.6,""start_week"":12,""duration_weeks"":4,""recovery_weeks"":3}]",True,0.0,A
161,MI-M,FST-MI-30,severe,upstream_node_deletion,False,False,1,"[{""target"":""corridor"",""magnitude"":0.6,""start_week"":12,""duration_weeks"":4,""recovery_weeks"":3}]",True,0.0,A
162,MI-M,FST-MI-30,severe,direct_impact,False,True,0;1,"[{""target"":""T2P"",""magnitude"":0.8,""start_week"":12,""duration_weeks"":4,""recovery_weeks"":3},{""target"":""corridor"",""magnitude"":0.6,""start_week"":12,""duration_weeks"":4,""recovery_weeks"":3}]",True,0.0,A
163,MI-M,FST-MI-31,all,candidate_passive,False,False,,"[{""target"":""T2P"",""magnitude"":0.25,""start_week"":12,""duration_weeks"":4,""recovery_weeks"":3},{""target"":""S1A"",""magnitude"":0.4,""start_week"":12,""duration_weeks"":4,""recovery_weeks"":3}]",False,0.007435400038957596,A
164,MI-M,FST-MI-32,all,candidate_passive,False,False,,"[{""target"":""T2P"",""magnitude"":0.35,""start_week"":12,""duration_weeks"":4,""recovery_weeks"":3},{""target"":""S1A"",""magnitude"":0.4,""start_week"":12,""duration_weeks"":4,""recovery_weeks"":3}]",False,0.007442300033289939,A
165,MI-M,FST-MI-32,all,candidate_active,True,False,,"[{""target"":""T2P"",""magnitude"":0.35,""start_week"":12,""duration_weeks"":4,""recovery_weeks"":3},{""target"":""S1A"",""magnitude"":0.4,""start_week"":12,""duration_weeks"":4,""recovery_weeks"":3}]",False,0.007493400014936924,A
166,MI-M,FST-MI-32,moderate,singleton,False,False,0,"[{""target"":""T2P"",""magnitude"":0.35,""start_week"":12,""duration_weeks"":4,""recovery_weeks"":3}]",True,0.0,A
167,MI-M,FST-MI-32,moderate,singleton,False,False,1,"[{""target"":""S1A"",""magnitude"":0.4,""start_week"":12,""duration_weeks"":4,""recovery_weeks"":3}]",False,0.004542300011962652,A
168,MI-M,FST-MI-32,moderate,upstream_node_deletion,False,False,1,"[{""target"":""S1A"",""magnitude"":0.4,""start_week"":12,""duration_weeks"":4,""recovery_weeks"":3}]",True,0.0,A
169,MI-M,FST-MI-32,moderate,direct_impact,False,True,0;1,"[{""target"":""T2P"",""magnitude"":0.35,""start_week"":12,""duration_weeks"":4,""recovery_weeks"":3},{""target"":""S1A"",""magnitude"":0.4,""start_week"":12,""duration_weeks"":4,""recovery_weeks"":3}]",False,0.0038860999629832804,A
170,MI-M,FST-MI-33,all,candidate_passive,False,False,,"[{""target"":""T2P"",""magnitude"":0.25,""start_week"":12,""duration_weeks"":4,""recovery_weeks"":3},{""target"":""S1B"",""magnitude"":0.4,""start_week"":12,""duration_weeks"":4,""recovery_weeks"":3}]",False,0.003909900027792901,A
171,MI-M,FST-MI-34,all,candidate_passive,False,False,,"[{""target"":""T2P"",""magnitude"":0.35,""start_week"":12,""duration_weeks"":4,""recovery_weeks"":3},{""target"":""S1B"",""magnitude"":0.4,""start_week"":12,""duration_weeks"":4,""recovery_weeks"":3}]",False,0.007280200021341443,A
172,MI-M,FST-MI-34,all,candidate_active,True,False,,"[{""target"":""T2P"",""magnitude"":0.35,""start_week"":12,""duration_weeks"":4,""recovery_weeks"":3},{""target"":""S1B"",""magnitude"":0.4,""start_week"":12,""duration_weeks"":4,""recovery_weeks"":3}]",False,0.007513699994888157,A
173,MI-M,FST-MI-34,moderate,singleton,False,False,0,"[{""target"":""T2P"",""magnitude"":0.35,""start_week"":12,""duration_weeks"":4,""recovery_weeks"":3}]",True,0.0,A
174,MI-M,FST-MI-34,moderate,singleton,False,False,1,"[{""target"":""S1B"",""magnitude"":0.4,""start_week"":12,""duration_weeks"":4,""recovery_weeks"":3}]",False,0.0032930999877862632,A
175,MI-M,FST-MI-34,moderate,upstream_node_deletion,False,False,1,"[{""target"":""S1B"",""magnitude"":0.4,""start_week"":12,""duration_weeks"":4,""recovery_weeks"":3}]",True,0.0,A
176,MI-M,FST-MI-34,moderate,direct_impact,False,True,0;1,"[{""target"":""T2P"",""magnitude"":0.35,""start_week"":12,""duration_weeks"":4,""recovery_weeks"":3},{""target"":""S1B"",""magnitude"":0.4,""start_week"":12,""duration_weeks"":4,""recovery_weeks"":3}]",False,0.0038580000400543213,A
177,MI-M,FST-MI-35,all,candidate_passive,False,False,,"[{""target"":""T2P"",""magnitude"":0.25,""start_week"":12,""duration_weeks"":4,""recovery_weeks"":3},{""target"":""S1C"",""magnitude"":0.4,""start_week"":12,""duration_weeks"":4,""recovery_weeks"":3}]",False,0.00477970001520589,A
178,MI-M,FST-MI-36,all,candidate_passive,False,False,,"[{""target"":""T2P"",""magnitude"":0.35,""start_week"":12,""duration_weeks"":4,""recovery_weeks"":3},{""target"":""S1C"",""magnitude"":0.4,""start_week"":12,""duration_weeks"":4,""recovery_weeks"":3}]",False,0.007432800019159913,A
179,MI-M,FST-MI-36,all,candidate_active,True,False,,"[{""target"":""T2P"",""magnitude"":0.35,""start_week"":12,""duration_weeks"":4,""recovery_weeks"":3},{""target"":""S1C"",""magnitude"":0.4,""start_week"":12,""duration_weeks"":4,""recovery_weeks"":3}]",False,0.005579200049396604,A
180,MI-M,FST-MI-36,moderate,singleton,False,False,0,"[{""target"":""T2P"",""magnitude"":0.35,""start_week"":12,""duration_weeks"":4,""recovery_weeks"":3}]",True,0.0,A
181,MI-M,FST-MI-36,moderate,singleton,False,False,1,"[{""target"":""S1C"",""magnitude"":0.4,""start_week"":12,""duration_weeks"":4,""recovery_weeks"":3}]",False,0.003264099999796599,A
182,MI-M,FST-MI-36,moderate,upstream_node_deletion,False,False,1,"[{""target"":""S1C"",""magnitude"":0.4,""start_week"":12,""duration_weeks"":4,""recovery_weeks"":3}]",True,0.0,A
183,MI-M,FST-MI-36,moderate,direct_impact,False,True,0;1,"[{""target"":""T2P"",""magnitude"":0.35,""start_week"":12,""duration_weeks"":4,""recovery_weeks"":3},{""target"":""S1C"",""magnitude"":0.4,""start_week"":12,""duration_weeks"":4,""recovery_weeks"":3}]",False,0.004108100023586303,A
184,MI-M,FST-MI-37,all,candidate_passive,False,False,,"[{""target"":""T2P"",""magnitude"":0.25,""start_week"":12,""duration_weeks"":4,""recovery_weeks"":3},{""target"":""demand"",""magnitude"":0.15,""start_week"":12,""duration_weeks"":4,""recovery_weeks"":2}]",False,0.005697100015822798,A
185,MI-M,FST-MI-37,all,candidate_active,True,False,,"[{""target"":""T2P"",""magnitude"":0.25,""start_week"":12,""duration_weeks"":4,""recovery_weeks"":3},{""target"":""demand"",""magnitude"":0.15,""start_week"":12,""duration_weeks"":4,""recovery_weeks"":2}]",False,0.006160099990665913,A
186,MI-M,FST-MI-37,moderate,singleton,False,False,0,"[{""target"":""T2P"",""magnitude"":0.25,""start_week"":12,""duration_weeks"":4,""recovery_weeks"":3}]",True,0.0,A
187,MI-M,FST-MI-37,moderate,singleton,False,False,1,"[{""target"":""demand"",""magnitude"":0.15,""start_week"":12,""duration_weeks"":4,""recovery_weeks"":2}]",False,0.0049359999829903245,A
188,MI-M,FST-MI-37,moderate,upstream_node_deletion,False,False,1,"[{""target"":""demand"",""magnitude"":0.15,""start_week"":12,""duration_weeks"":4,""recovery_weeks"":2}]",True,0.0,A
189,MI-M,FST-MI-37,moderate,direct_impact,False,True,0;1,"[{""target"":""T2P"",""magnitude"":0.25,""start_week"":12,""duration_weeks"":4,""recovery_weeks"":3},{""target"":""demand"",""magnitude"":0.15,""start_week"":12,""duration_weeks"":4,""recovery_weeks"":2}]",False,0.006663199979811907,A
190,MI-M,FST-MI-37,severe,singleton,False,False,0,"[{""target"":""T2P"",""magnitude"":0.25,""start_week"":12,""duration_weeks"":4,""recovery_weeks"":3}]",True,0.0,A
191,MI-M,FST-MI-37,severe,singleton,False,False,1,"[{""target"":""demand"",""magnitude"":0.15,""start_week"":12,""duration_weeks"":4,""recovery_weeks"":2}]",True,0.0,A
192,MI-M,FST-MI-37,severe,upstream_node_deletion,False,False,1,"[{""target"":""demand"",""magnitude"":0.15,""start_week"":12,""duration_weeks"":4,""recovery_weeks"":2}]",True,0.0,A
193,MI-M,FST-MI-37,severe,direct_impact,False,True,0;1,"[{""target"":""T2P"",""magnitude"":0.25,""start_week"":12,""duration_weeks"":4,""recovery_weeks"":3},{""target"":""demand"",""magnitude"":0.15,""start_week"":12,""duration_weeks"":4,""recovery_weeks"":2}]",True,0.0,A
194,MI-M,FST-MI-38,all,candidate_passive,False,False,,"[{""target"":""T2P"",""magnitude"":0.25,""start_week"":12,""duration_weeks"":4,""recovery_weeks"":3},{""target"":""demand"",""magnitude"":0.25,""start_week"":12,""duration_weeks"":4,""recovery_weeks"":2}]",False,0.0066494999919086695,A
195,MI-M,FST-MI-38,all,candidate_active,True,False,,"[{""target"":""T2P"",""magnitude"":0.25,""start_week"":12,""duration_weeks"":4,""recovery_weeks"":3},{""target"":""demand"",""magnitude"":0.25,""start_week"":12,""duration_weeks"":4,""recovery_weeks"":2}]",False,0.006594200036488473,A
196,MI-M,FST-MI-38,moderate,singleton,False,False,0,"[{""target"":""T2P"",""magnitude"":0.25,""start_week"":12,""duration_weeks"":4,""recovery_weeks"":3}]",True,0.0,A
197,MI-M,FST-MI-38,moderate,singleton,False,False,1,"[{""target"":""demand"",""magnitude"":0.25,""start_week"":12,""duration_weeks"":4,""recovery_weeks"":2}]",False,0.0055272000026889145,A
198,MI-M,FST-MI-38,moderate,upstream_node_deletion,False,False,1,"[{""target"":""demand"",""magnitude"":0.25,""start_week"":12,""duration_weeks"":4,""recovery_weeks"":2}]",True,0.0,A
199,MI-M,FST-MI-38,moderate,direct_impact,False,True,0;1,"[{""target"":""T2P"",""magnitude"":0.25,""start_week"":12,""duration_weeks"":4,""recovery_weeks"":3},{""target"":""demand"",""magnitude"":0.25,""start_week"":12,""duration_weeks"":4,""recovery_weeks"":2}]",False,0.006756199989467859,A
200,MI-M,FST-MI-38,severe,singleton,False,False,0,"[{""target"":""T2P"",""magnitude"":0.25,""start_week"":12,""duration_weeks"":4,""recovery_weeks"":3}]",True,0.0,A
201,MI-M,FST-MI-38,severe,singleton,False,False,1,"[{""target"":""demand"",""magnitude"":0.25,""start_week"":12,""duration_weeks"":4,""recovery_weeks"":2}]",True,0.0,A
202,MI-M,FST-MI-38,severe,upstream_node_deletion,False,False,1,"[{""target"":""demand"",""magnitude"":0.25,""start_week"":12,""duration_weeks"":4,""recovery_weeks"":2}]",True,0.0,A
203,MI-M,FST-MI-38,severe,direct_impact,False,True,0;1,"[{""target"":""T2P"",""magnitude"":0.25,""start_week"":12,""duration_weeks"":4,""recovery_weeks"":3},{""target"":""demand"",""magnitude"":0.25,""start_week"":12,""duration_weeks"":4,""recovery_weeks"":2}]",True,0.0,A
204,MI-M,FST-MI-39,all,candidate_passive,False,False,,"[{""target"":""T2P"",""magnitude"":0.35,""start_week"":12,""duration_weeks"":4,""recovery_weeks"":3},{""target"":""demand"",""magnitude"":0.15,""start_week"":12,""duration_weeks"":4,""recovery_weeks"":2}]",False,0.006260800000745803,A
205,MI-M,FST-MI-39,all,candidate_active,True,False,,"[{""target"":""T2P"",""magnitude"":0.35,""start_week"":12,""duration_weeks"":4,""recovery_weeks"":3},{""target"":""demand"",""magnitude"":0.15,""start_week"":12,""duration_weeks"":4,""recovery_weeks"":2}]",False,0.006728300009854138,A
206,MI-M,FST-MI-39,moderate,singleton,False,False,0,"[{""target"":""T2P"",""magnitude"":0.35,""start_week"":12,""duration_weeks"":4,""recovery_weeks"":3}]",True,0.0,A
207,MI-M,FST-MI-39,moderate,singleton,False,False,1,"[{""target"":""demand"",""magnitude"":0.15,""start_week"":12,""duration_weeks"":4,""recovery_weeks"":2}]",True,0.0,A
208,MI-M,FST-MI-39,moderate,upstream_node_deletion,False,False,1,"[{""target"":""demand"",""magnitude"":0.15,""start_week"":12,""duration_weeks"":4,""recovery_weeks"":2}]",True,0.0,A
209,MI-M,FST-MI-39,moderate,direct_impact,False,True,0;1,"[{""target"":""T2P"",""magnitude"":0.35,""start_week"":12,""duration_weeks"":4,""recovery_weeks"":3},{""target"":""demand"",""magnitude"":0.15,""start_week"":12,""duration_weeks"":4,""recovery_weeks"":2}]",False,0.006731399975251406,A
210,MI-M,FST-MI-39,severe,singleton,False,False,0,"[{""target"":""T2P"",""magnitude"":0.35,""start_week"":12,""duration_weeks"":4,""recovery_weeks"":3}]",True,0.0,A
211,MI-M,FST-MI-39,severe,singleton,False,False,1,"[{""target"":""demand"",""magnitude"":0.15,""start_week"":12,""duration_weeks"":4,""recovery_weeks"":2}]",True,0.0,A
212,MI-M,FST-MI-39,severe,upstream_node_deletion,False,False,1,"[{""target"":""demand"",""magnitude"":0.15,""start_week"":12,""duration_weeks"":4,""recovery_weeks"":2}]",True,0.0,A
213,MI-M,FST-MI-39,severe,direct_impact,False,True,0;1,"[{""target"":""T2P"",""magnitude"":0.35,""start_week"":12,""duration_weeks"":4,""recovery_weeks"":3},{""target"":""demand"",""magnitude"":0.15,""start_week"":12,""duration_weeks"":4,""recovery_weeks"":2}]",True,0.0,A
214,MI-M,FST-MI-40,all,candidate_passive,False,False,,"[{""target"":""T2P"",""magnitude"":0.35,""start_week"":12,""duration_weeks"":4,""recovery_weeks"":3},{""target"":""demand"",""magnitude"":0.25,""start_week"":12,""duration_weeks"":4,""recovery_weeks"":2}]",False,0.006606200011447072,A
215,MI-M,FST-MI-40,all,candidate_active,True,False,,"[{""target"":""T2P"",""magnitude"":0.35,""start_week"":12,""duration_weeks"":4,""recovery_weeks"":3},{""target"":""demand"",""magnitude"":0.25,""start_week"":12,""duration_weeks"":4,""recovery_weeks"":2}]",False,0.00670719996560365,A
216,MI-M,FST-MI-40,moderate,singleton,False,False,0,"[{""target"":""T2P"",""magnitude"":0.35,""start_week"":12,""duration_weeks"":4,""recovery_weeks"":3}]",True,0.0,A
217,MI-M,FST-MI-40,moderate,singleton,False,False,1,"[{""target"":""demand"",""magnitude"":0.25,""start_week"":12,""duration_weeks"":4,""recovery_weeks"":2}]",True,0.0,A
218,MI-M,FST-MI-40,moderate,upstream_node_deletion,False,False,1,"[{""target"":""demand"",""magnitude"":0.25,""start_week"":12,""duration_weeks"":4,""recovery_weeks"":2}]",True,0.0,A
219,MI-M,FST-MI-40,moderate,direct_impact,False,True,0;1,"[{""target"":""T2P"",""magnitude"":0.35,""start_week"":12,""duration_weeks"":4,""recovery_weeks"":3},{""target"":""demand"",""magnitude"":0.25,""start_week"":12,""duration_weeks"":4,""recovery_weeks"":2}]",False,0.006736400013323873,A
220,MI-M,FST-MI-40,severe,singleton,False,False,0,"[{""target"":""T2P"",""magnitude"":0.35,""start_week"":12,""duration_weeks"":4,""recovery_weeks"":3}]",True,0.0,A
221,MI-M,FST-MI-40,severe,singleton,False,False,1,"[{""target"":""demand"",""magnitude"":0.25,""start_week"":12,""duration_weeks"":4,""recovery_weeks"":2}]",True,0.0,A
222,MI-M,FST-MI-40,severe,upstream_node_deletion,False,False,1,"[{""target"":""demand"",""magnitude"":0.25,""start_week"":12,""duration_weeks"":4,""recovery_weeks"":2}]",True,0.0,A
223,MI-M,FST-MI-40,severe,direct_impact,False,True,0;1,"[{""target"":""T2P"",""magnitude"":0.35,""start_week"":12,""duration_weeks"":4,""recovery_weeks"":3},{""target"":""demand"",""magnitude"":0.25,""start_week"":12,""duration_weeks"":4,""recovery_weeks"":2}]",True,0.0,A
224,MI-M,FST-MI-41,all,candidate_passive,False,False,,"[{""target"":""T2P"",""magnitude"":0.3,""start_week"":12,""duration_weeks"":3,""recovery_weeks"":3},{""target"":""corridor"",""magnitude"":0.5,""start_week"":15,""duration_weeks"":2,""recovery_weeks"":3}]",False,0.00400630000513047,A
225,MI-M,FST-MI-41,all,candidate_active,True,False,,"[{""target"":""T2P"",""magnitude"":0.3,""start_week"":12,""duration_weeks"":3,""recovery_weeks"":3},{""target"":""corridor"",""magnitude"":0.5,""start_week"":15,""duration_weeks"":2,""recovery_weeks"":3}]",False,0.0038786999648436904,A
226,MI-M,FST-MI-41,moderate,singleton,False,False,0,"[{""target"":""T2P"",""magnitude"":0.3,""start_week"":12,""duration_weeks"":3,""recovery_weeks"":3}]",False,0.0032804000074975193,A
227,MI-M,FST-MI-41,moderate,singleton,False,False,1,"[{""target"":""corridor"",""magnitude"":0.5,""start_week"":15,""duration_weeks"":2,""recovery_weeks"":3}]",False,0.00490559998434037,A
228,MI-M,FST-MI-41,moderate,upstream_node_deletion,False,False,1,"[{""target"":""corridor"",""magnitude"":0.5,""start_week"":15,""duration_weeks"":2,""recovery_weeks"":3}]",True,0.0,A
229,MI-M,FST-MI-41,moderate,direct_impact,False,True,0;1,"[{""target"":""T2P"",""magnitude"":0.3,""start_week"":12,""duration_weeks"":3,""recovery_weeks"":3},{""target"":""corridor"",""magnitude"":0.5,""start_week"":15,""duration_weeks"":2,""recovery_weeks"":3}]",False,0.004141900048125535,A
230,MI-M,FST-MI-41,moderate,later_event_deletion,False,False,0,"[{""target"":""T2P"",""magnitude"":0.3,""start_week"":12,""duration_weeks"":3,""recovery_weeks"":3}]",True,0.0,A
231,MI-M,FST-MI-41,severe,singleton,False,False,0,"[{""target"":""T2P"",""magnitude"":0.3,""start_week"":12,""duration_weeks"":3,""recovery_weeks"":3}]",True,0.0,A
232,MI-M,FST-MI-41,severe,singleton,False,False,1,"[{""target"":""corridor"",""magnitude"":0.5,""start_week"":15,""duration_weeks"":2,""recovery_weeks"":3}]",True,0.0,A
233,MI-M,FST-MI-41,severe,upstream_node_deletion,False,False,1,"[{""target"":""corridor"",""magnitude"":0.5,""start_week"":15,""duration_weeks"":2,""recovery_weeks"":3}]",True,0.0,A
234,MI-M,FST-MI-41,severe,direct_impact,False,True,0;1,"[{""target"":""T2P"",""magnitude"":0.3,""start_week"":12,""duration_weeks"":3,""recovery_weeks"":3},{""target"":""corridor"",""magnitude"":0.5,""start_week"":15,""duration_weeks"":2,""recovery_weeks"":3}]",True,0.0,A
235,MI-M,FST-MI-41,severe,later_event_deletion,False,False,0,"[{""target"":""T2P"",""magnitude"":0.3,""start_week"":12,""duration_weeks"":3,""recovery_weeks"":3}]",True,0.0,A
236,MI-M,FST-MI-42,all,candidate_passive,False,False,,"[{""target"":""T2P"",""magnitude"":0.4,""start_week"":12,""duration_weeks"":3,""recovery_weeks"":3},{""target"":""corridor"",""magnitude"":0.5,""start_week"":15,""duration_weeks"":2,""recovery_weeks"":3}]",False,0.0038937999634072185,A
237,MI-M,FST-MI-42,all,candidate_active,True,False,,"[{""target"":""T2P"",""magnitude"":0.4,""start_week"":12,""duration_weeks"":3,""recovery_weeks"":3},{""target"":""corridor"",""magnitude"":0.5,""start_week"":15,""duration_weeks"":2,""recovery_weeks"":3}]",False,0.004559100023470819,A
238,MI-M,FST-MI-42,moderate,singleton,False,False,0,"[{""target"":""T2P"",""magnitude"":0.4,""start_week"":12,""duration_weeks"":3,""recovery_weeks"":3}]",False,0.003487000009045005,A
239,MI-M,FST-MI-42,moderate,singleton,False,False,1,"[{""target"":""corridor"",""magnitude"":0.5,""start_week"":15,""duration_weeks"":2,""recovery_weeks"":3}]",True,0.0,A
240,MI-M,FST-MI-42,moderate,upstream_node_deletion,False,False,1,"[{""target"":""corridor"",""magnitude"":0.5,""start_week"":15,""duration_weeks"":2,""recovery_weeks"":3}]",True,0.0,A
241,MI-M,FST-MI-42,moderate,direct_impact,False,True,0;1,"[{""target"":""T2P"",""magnitude"":0.4,""start_week"":12,""duration_weeks"":3,""recovery_weeks"":3},{""target"":""corridor"",""magnitude"":0.5,""start_week"":15,""duration_weeks"":2,""recovery_weeks"":3}]",False,0.003970600024331361,A
242,MI-M,FST-MI-42,moderate,later_event_deletion,False,False,0,"[{""target"":""T2P"",""magnitude"":0.4,""start_week"":12,""duration_weeks"":3,""recovery_weeks"":3}]",True,0.0,A
243,MI-M,FST-MI-42,severe,singleton,False,False,0,"[{""target"":""T2P"",""magnitude"":0.4,""start_week"":12,""duration_weeks"":3,""recovery_weeks"":3}]",True,0.0,A
244,MI-M,FST-MI-42,severe,singleton,False,False,1,"[{""target"":""corridor"",""magnitude"":0.5,""start_week"":15,""duration_weeks"":2,""recovery_weeks"":3}]",True,0.0,A
245,MI-M,FST-MI-42,severe,upstream_node_deletion,False,False,1,"[{""target"":""corridor"",""magnitude"":0.5,""start_week"":15,""duration_weeks"":2,""recovery_weeks"":3}]",True,0.0,A
246,MI-M,FST-MI-42,severe,direct_impact,False,True,0;1,"[{""target"":""T2P"",""magnitude"":0.4,""start_week"":12,""duration_weeks"":3,""recovery_weeks"":3},{""target"":""corridor"",""magnitude"":0.5,""start_week"":15,""duration_weeks"":2,""recovery_weeks"":3}]",True,0.0,A
247,MI-M,FST-MI-42,severe,later_event_deletion,False,False,0,"[{""target"":""T2P"",""magnitude"":0.4,""start_week"":12,""duration_weeks"":3,""recovery_weeks"":3}]",True,0.0,A
248,MI-M,FST-MI-43,all,candidate_passive,False,False,,"[{""target"":""T2P"",""magnitude"":0.5,""start_week"":12,""duration_weeks"":3,""recovery_weeks"":3},{""target"":""corridor"",""magnitude"":0.5,""start_week"":15,""duration_weeks"":2,""recovery_weeks"":3}]",False,0.004093100025784224,A
249,MI-M,FST-MI-43,all,candidate_active,True,False,,"[{""target"":""T2P"",""magnitude"":0.5,""start_week"":12,""duration_weeks"":3,""recovery_weeks"":3},{""target"":""corridor"",""magnitude"":0.5,""start_week"":15,""duration_weeks"":2,""recovery_weeks"":3}]",False,0.004379999998491257,A
250,MI-M,FST-MI-43,moderate,singleton,False,False,0,"[{""target"":""T2P"",""magnitude"":0.5,""start_week"":12,""duration_weeks"":3,""recovery_weeks"":3}]",True,0.0,A
251,MI-M,FST-MI-43,moderate,singleton,False,False,1,"[{""target"":""corridor"",""magnitude"":0.5,""start_week"":15,""duration_weeks"":2,""recovery_weeks"":3}]",True,0.0,A
252,MI-M,FST-MI-43,moderate,upstream_node_deletion,False,False,1,"[{""target"":""corridor"",""magnitude"":0.5,""start_week"":15,""duration_weeks"":2,""recovery_weeks"":3}]",True,0.0,A
253,MI-M,FST-MI-43,moderate,direct_impact,False,True,0;1,"[{""target"":""T2P"",""magnitude"":0.5,""start_week"":12,""duration_weeks"":3,""recovery_weeks"":3},{""target"":""corridor"",""magnitude"":0.5,""start_week"":15,""duration_weeks"":2,""recovery_weeks"":3}]",False,0.006220599985681474,A
254,MI-M,FST-MI-43,moderate,later_event_deletion,False,False,0,"[{""target"":""T2P"",""magnitude"":0.5,""start_week"":12,""duration_weeks"":3,""recovery_weeks"":3}]",True,0.0,A
255,MI-M,FST-MI-43,severe,singleton,False,False,0,"[{""target"":""T2P"",""magnitude"":0.5,""start_week"":12,""duration_weeks"":3,""recovery_weeks"":3}]",True,0.0,A
256,MI-M,FST-MI-43,severe,singleton,False,False,1,"[{""target"":""corridor"",""magnitude"":0.5,""start_week"":15,""duration_weeks"":2,""recovery_weeks"":3}]",True,0.0,A
257,MI-M,FST-MI-43,severe,upstream_node_deletion,False,False,1,"[{""target"":""corridor"",""magnitude"":0.5,""start_week"":15,""duration_weeks"":2,""recovery_weeks"":3}]",True,0.0,A
258,MI-M,FST-MI-43,severe,direct_impact,False,True,0;1,"[{""target"":""T2P"",""magnitude"":0.5,""start_week"":12,""duration_weeks"":3,""recovery_weeks"":3},{""target"":""corridor"",""magnitude"":0.5,""start_week"":15,""duration_weeks"":2,""recovery_weeks"":3}]",True,0.0,A
259,MI-M,FST-MI-43,severe,later_event_deletion,False,False,0,"[{""target"":""T2P"",""magnitude"":0.5,""start_week"":12,""duration_weeks"":3,""recovery_weeks"":3}]",True,0.0,A
260,MI-M,FST-MI-44,all,candidate_passive,False,False,,"[{""target"":""T2P"",""magnitude"":0.6,""start_week"":12,""duration_weeks"":3,""recovery_weeks"":3},{""target"":""corridor"",""magnitude"":0.5,""start_week"":15,""duration_weeks"":2,""recovery_weeks"":3}]",False,0.0051105000311508775,A
261,MI-M,FST-MI-44,all,candidate_active,True,False,,"[{""target"":""T2P"",""magnitude"":0.6,""start_week"":12,""duration_weeks"":3,""recovery_weeks"":3},{""target"":""corridor"",""magnitude"":0.5,""start_week"":15,""duration_weeks"":2,""recovery_weeks"":3}]",False,0.008095800003502518,A
262,MI-M,FST-MI-44,moderate,singleton,False,False,0,"[{""target"":""T2P"",""magnitude"":0.6,""start_week"":12,""duration_weeks"":3,""recovery_weeks"":3}]",False,0.006232100015040487,A
263,MI-M,FST-MI-44,moderate,singleton,False,False,1,"[{""target"":""corridor"",""magnitude"":0.5,""start_week"":15,""duration_weeks"":2,""recovery_weeks"":3}]",True,0.0,A
264,MI-M,FST-MI-44,moderate,upstream_node_deletion,False,False,1,"[{""target"":""corridor"",""magnitude"":0.5,""start_week"":15,""duration_weeks"":2,""recovery_weeks"":3}]",True,0.0,A
265,MI-M,FST-MI-44,moderate,direct_impact,False,True,0;1,"[{""target"":""T2P"",""magnitude"":0.6,""start_week"":12,""duration_weeks"":3,""recovery_weeks"":3},{""target"":""corridor"",""magnitude"":0.5,""start_week"":15,""duration_weeks"":2,""recovery_weeks"":3}]",False,0.006677199969999492,A
266,MI-M,FST-MI-44,moderate,later_event_deletion,False,False,0,"[{""target"":""T2P"",""magnitude"":0.6,""start_week"":12,""duration_weeks"":3,""recovery_weeks"":3}]",True,0.0,A
267,MI-M,FST-MI-44,severe,singleton,False,False,0,"[{""target"":""T2P"",""magnitude"":0.6,""start_week"":12,""duration_weeks"":3,""recovery_weeks"":3}]",True,0.0,A
268,MI-M,FST-MI-44,severe,singleton,False,False,1,"[{""target"":""corridor"",""magnitude"":0.5,""start_week"":15,""duration_weeks"":2,""recovery_weeks"":3}]",True,0.0,A
269,MI-M,FST-MI-44,severe,upstream_node_deletion,False,False,1,"[{""target"":""corridor"",""magnitude"":0.5,""start_week"":15,""duration_weeks"":2,""recovery_weeks"":3}]",True,0.0,A
270,MI-M,FST-MI-44,severe,direct_impact,False,True,0;1,"[{""target"":""T2P"",""magnitude"":0.6,""start_week"":12,""duration_weeks"":3,""recovery_weeks"":3},{""target"":""corridor"",""magnitude"":0.5,""start_week"":15,""duration_weeks"":2,""recovery_weeks"":3}]",True,0.0,A
271,MI-M,FST-MI-44,severe,later_event_deletion,False,False,0,"[{""target"":""T2P"",""magnitude"":0.6,""start_week"":12,""duration_weeks"":3,""recovery_weeks"":3}]",True,0.0,A
272,MI-M,FST-MI-45,all,candidate_passive,False,False,,"[{""target"":""T2P"",""magnitude"":0.7,""start_week"":12,""duration_weeks"":3,""recovery_weeks"":3},{""target"":""corridor"",""magnitude"":0.5,""start_week"":15,""duration_weeks"":2,""recovery_weeks"":3}]",False,0.007293500006198883,A
273,MI-M,FST-MI-45,all,candidate_active,True,False,,"[{""target"":""T2P"",""magnitude"":0.7,""start_week"":12,""duration_weeks"":3,""recovery_weeks"":3},{""target"":""corridor"",""magnitude"":0.5,""start_week"":15,""duration_weeks"":2,""recovery_weeks"":3}]",False,0.007998800021596253,A
274,MI-M,FST-MI-45,moderate,singleton,False,False,0,"[{""target"":""T2P"",""magnitude"":0.7,""start_week"":12,""duration_weeks"":3,""recovery_weeks"":3}]",False,0.003861800010781735,A
275,MI-M,FST-MI-45,moderate,singleton,False,False,1,"[{""target"":""corridor"",""magnitude"":0.5,""start_week"":15,""duration_weeks"":2,""recovery_weeks"":3}]",True,0.0,A
276,MI-M,FST-MI-45,moderate,upstream_node_deletion,False,False,1,"[{""target"":""corridor"",""magnitude"":0.5,""start_week"":15,""duration_weeks"":2,""recovery_weeks"":3}]",True,0.0,A
277,MI-M,FST-MI-45,moderate,direct_impact,False,True,0;1,"[{""target"":""T2P"",""magnitude"":0.7,""start_week"":12,""duration_weeks"":3,""recovery_weeks"":3},{""target"":""corridor"",""magnitude"":0.5,""start_week"":15,""duration_weeks"":2,""recovery_weeks"":3}]",False,0.00429209996946156,A
278,MI-M,FST-MI-45,moderate,later_event_deletion,False,False,0,"[{""target"":""T2P"",""magnitude"":0.7,""start_week"":12,""duration_weeks"":3,""recovery_weeks"":3}]",True,0.0,A
279,MI-M,FST-MI-45,severe,singleton,False,False,0,"[{""target"":""T2P"",""magnitude"":0.7,""start_week"":12,""duration_weeks"":3,""recovery_weeks"":3}]",True,0.0,A
280,MI-M,FST-MI-45,severe,singleton,False,False,1,"[{""target"":""corridor"",""magnitude"":0.5,""start_week"":15,""duration_weeks"":2,""recovery_weeks"":3}]",True,0.0,A
281,MI-M,FST-MI-45,severe,upstream_node_deletion,False,False,1,"[{""target"":""corridor"",""magnitude"":0.5,""start_week"":15,""duration_weeks"":2,""recovery_weeks"":3}]",True,0.0,A
282,MI-M,FST-MI-45,severe,direct_impact,False,True,0;1,"[{""target"":""T2P"",""magnitude"":0.7,""start_week"":12,""duration_weeks"":3,""recovery_weeks"":3},{""target"":""corridor"",""magnitude"":0.5,""start_week"":15,""duration_weeks"":2,""recovery_weeks"":3}]",True,0.0,A
283,MI-M,FST-MI-45,severe,later_event_deletion,False,False,0,"[{""target"":""T2P"",""magnitude"":0.7,""start_week"":12,""duration_weeks"":3,""recovery_weeks"":3}]",True,0.0,A
284,MI-M,FST-MI-46,all,candidate_passive,False,False,,"[{""target"":""corridor"",""magnitude"":0.3,""start_week"":12,""duration_weeks"":3,""recovery_weeks"":3},{""target"":""T2P"",""magnitude"":0.5,""start_week"":15,""duration_weeks"":2,""recovery_weeks"":3}]",False,0.004815699998289347,A
285,MI-M,FST-MI-46,all,candidate_active,True,False,,"[{""target"":""corridor"",""magnitude"":0.3,""start_week"":12,""duration_weeks"":3,""recovery_weeks"":3},{""target"":""T2P"",""magnitude"":0.5,""start_week"":15,""duration_weeks"":2,""recovery_weeks"":3}]",False,0.0069679999724030495,A
286,MI-M,FST-MI-46,moderate,singleton,False,False,0,"[{""target"":""corridor"",""magnitude"":0.3,""start_week"":12,""duration_weeks"":3,""recovery_weeks"":3}]",False,0.006688699999358505,A
287,MI-M,FST-MI-46,moderate,singleton,False,False,1,"[{""target"":""T2P"",""magnitude"":0.5,""start_week"":15,""duration_weeks"":2,""recovery_weeks"":3}]",False,0.006342399981804192,A
288,MI-M,FST-MI-46,moderate,upstream_node_deletion,False,False,0,"[{""target"":""corridor"",""magnitude"":0.3,""start_week"":12,""duration_weeks"":3,""recovery_weeks"":3}]",True,0.0,A
289,MI-M,FST-MI-46,moderate,direct_impact,False,True,0;1,"[{""target"":""corridor"",""magnitude"":0.3,""start_week"":12,""duration_weeks"":3,""recovery_weeks"":3},{""target"":""T2P"",""magnitude"":0.5,""start_week"":15,""duration_weeks"":2,""recovery_weeks"":3}]",False,0.007133200007956475,A
290,MI-M,FST-MI-46,moderate,later_event_deletion,False,False,0,"[{""target"":""corridor"",""magnitude"":0.3,""start_week"":12,""duration_weeks"":3,""recovery_weeks"":3}]",True,0.0,A
291,MI-M,FST-MI-46,severe,singleton,False,False,0,"[{""target"":""corridor"",""magnitude"":0.3,""start_week"":12,""duration_weeks"":3,""recovery_weeks"":3}]",True,0.0,A
292,MI-M,FST-MI-46,severe,singleton,False,False,1,"[{""target"":""T2P"",""magnitude"":0.5,""start_week"":15,""duration_weeks"":2,""recovery_weeks"":3}]",True,0.0,A
293,MI-M,FST-MI-46,severe,upstream_node_deletion,False,False,0,"[{""target"":""corridor"",""magnitude"":0.3,""start_week"":12,""duration_weeks"":3,""recovery_weeks"":3}]",True,0.0,A
294,MI-M,FST-MI-46,severe,direct_impact,False,True,0;1,"[{""target"":""corridor"",""magnitude"":0.3,""start_week"":12,""duration_weeks"":3,""recovery_weeks"":3},{""target"":""T2P"",""magnitude"":0.5,""start_week"":15,""duration_weeks"":2,""recovery_weeks"":3}]",True,0.0,A
295,MI-M,FST-MI-46,severe,later_event_deletion,False,False,0,"[{""target"":""corridor"",""magnitude"":0.3,""start_week"":12,""duration_weeks"":3,""recovery_weeks"":3}]",True,0.0,A
296,MI-M,FST-MI-47,all,candidate_passive,False,False,,"[{""target"":""corridor"",""magnitude"":0.4,""start_week"":12,""duration_weeks"":3,""recovery_weeks"":3},{""target"":""T2P"",""magnitude"":0.5,""start_week"":15,""duration_weeks"":2,""recovery_weeks"":3}]",False,0.007264299958478659,A
297,MI-M,FST-MI-47,all,candidate_active,True,False,,"[{""target"":""corridor"",""magnitude"":0.4,""start_week"":12,""duration_weeks"":3,""recovery_weeks"":3},{""target"":""T2P"",""magnitude"":0.5,""start_week"":15,""duration_weeks"":2,""recovery_weeks"":3}]",False,0.005931599996984005,A
298,MI-M,FST-MI-47,moderate,singleton,False,False,0,"[{""target"":""corridor"",""magnitude"":0.4,""start_week"":12,""duration_weeks"":3,""recovery_weeks"":3}]",False,0.006769400031771511,A
299,MI-M,FST-MI-47,severe,singleton,False,False,0,"[{""target"":""corridor"",""magnitude"":0.4,""start_week"":12,""duration_weeks"":3,""recovery_weeks"":3}]",True,0.0,A
300,MI-M,FST-MI-47,severe,singleton,False,False,1,"[{""target"":""T2P"",""magnitude"":0.5,""start_week"":15,""duration_weeks"":2,""recovery_weeks"":3}]",True,0.0,A
301,MI-M,FST-MI-47,severe,upstream_node_deletion,False,False,0,"[{""target"":""corridor"",""magnitude"":0.4,""start_week"":12,""duration_weeks"":3,""recovery_weeks"":3}]",True,0.0,A
302,MI-M,FST-MI-47,severe,direct_impact,False,True,0;1,"[{""target"":""corridor"",""magnitude"":0.4,""start_week"":12,""duration_weeks"":3,""recovery_weeks"":3},{""target"":""T2P"",""magnitude"":0.5,""start_week"":15,""duration_weeks"":2,""recovery_weeks"":3}]",False,0.0055624000378884375,A
303,MI-M,FST-MI-47,severe,later_event_deletion,False,False,0,"[{""target"":""corridor"",""magnitude"":0.4,""start_week"":12,""duration_weeks"":3,""recovery_weeks"":3}]",True,0.0,A
304,MI-M,FST-MI-48,all,candidate_passive,False,False,,"[{""target"":""corridor"",""magnitude"":0.5,""start_week"":12,""duration_weeks"":3,""recovery_weeks"":3},{""target"":""T2P"",""magnitude"":0.5,""start_week"":15,""duration_weeks"":2,""recovery_weeks"":3}]",False,0.003941099974326789,A
305,MI-M,FST-MI-48,all,candidate_active,True,False,,"[{""target"":""corridor"",""magnitude"":0.5,""start_week"":12,""duration_weeks"":3,""recovery_weeks"":3},{""target"":""T2P"",""magnitude"":0.5,""start_week"":15,""duration_weeks"":2,""recovery_weeks"":3}]",False,0.004194699984509498,A
306,MI-M,FST-MI-48,moderate,singleton,False,False,0,"[{""target"":""corridor"",""magnitude"":0.5,""start_week"":12,""duration_weeks"":3,""recovery_weeks"":3}]",False,0.0035033999592997134,A
307,MI-M,FST-MI-48,severe,singleton,False,False,0,"[{""target"":""corridor"",""magnitude"":0.5,""start_week"":12,""duration_weeks"":3,""recovery_weeks"":3}]",True,0.0,A
308,MI-M,FST-MI-48,severe,singleton,False,False,1,"[{""target"":""T2P"",""magnitude"":0.5,""start_week"":15,""duration_weeks"":2,""recovery_weeks"":3}]",True,0.0,A
309,MI-M,FST-MI-48,severe,upstream_node_deletion,False,False,0,"[{""target"":""corridor"",""magnitude"":0.5,""start_week"":12,""duration_weeks"":3,""recovery_weeks"":3}]",True,0.0,A
310,MI-M,FST-MI-48,severe,direct_impact,False,True,0;1,"[{""target"":""corridor"",""magnitude"":0.5,""start_week"":12,""duration_weeks"":3,""recovery_weeks"":3},{""target"":""T2P"",""magnitude"":0.5,""start_week"":15,""duration_weeks"":2,""recovery_weeks"":3}]",False,0.004057799989823252,A
311,MI-M,FST-MI-48,severe,later_event_deletion,False,False,0,"[{""target"":""corridor"",""magnitude"":0.5,""start_week"":12,""duration_weeks"":3,""recovery_weeks"":3}]",True,0.0,A
312,MI-M,FST-MI-49,all,candidate_passive,False,False,,"[{""target"":""corridor"",""magnitude"":0.6,""start_week"":12,""duration_weeks"":3,""recovery_weeks"":3},{""target"":""T2P"",""magnitude"":0.5,""start_week"":15,""duration_weeks"":2,""recovery_weeks"":3}]",False,0.0052896999986842275,A
313,MI-M,FST-MI-49,all,candidate_active,True,False,,"[{""target"":""corridor"",""magnitude"":0.6,""start_week"":12,""duration_weeks"":3,""recovery_weeks"":3},{""target"":""T2P"",""magnitude"":0.5,""start_week"":15,""duration_weeks"":2,""recovery_weeks"":3}]",False,0.006904600013513118,A
314,MI-M,FST-MI-49,moderate,singleton,False,False,0,"[{""target"":""corridor"",""magnitude"":0.6,""start_week"":12,""duration_weeks"":3,""recovery_weeks"":3}]",False,0.005933600012212992,A
315,MI-M,FST-MI-49,severe,singleton,False,False,0,"[{""target"":""corridor"",""magnitude"":0.6,""start_week"":12,""duration_weeks"":3,""recovery_weeks"":3}]",True,0.0,A
316,MI-M,FST-MI-49,severe,singleton,False,False,1,"[{""target"":""T2P"",""magnitude"":0.5,""start_week"":15,""duration_weeks"":2,""recovery_weeks"":3}]",True,0.0,A
317,MI-M,FST-MI-49,severe,upstream_node_deletion,False,False,0,"[{""target"":""corridor"",""magnitude"":0.6,""start_week"":12,""duration_weeks"":3,""recovery_weeks"":3}]",True,0.0,A
318,MI-M,FST-MI-49,severe,direct_impact,False,True,0;1,"[{""target"":""corridor"",""magnitude"":0.6,""start_week"":12,""duration_weeks"":3,""recovery_weeks"":3},{""target"":""T2P"",""magnitude"":0.5,""start_week"":15,""duration_weeks"":2,""recovery_weeks"":3}]",False,0.007476900005713105,A
319,MI-M,FST-MI-49,severe,later_event_deletion,False,False,0,"[{""target"":""corridor"",""magnitude"":0.6,""start_week"":12,""duration_weeks"":3,""recovery_weeks"":3}]",True,0.0,A
320,MI-M,FST-MI-50,all,candidate_passive,False,False,,"[{""target"":""corridor"",""magnitude"":0.7,""start_week"":12,""duration_weeks"":3,""recovery_weeks"":3},{""target"":""T2P"",""magnitude"":0.5,""start_week"":15,""duration_weeks"":2,""recovery_weeks"":3}]",False,0.006410600035451353,A
321,MI-M,FST-MI-50,all,candidate_active,True,False,,"[{""target"":""corridor"",""magnitude"":0.7,""start_week"":12,""duration_weeks"":3,""recovery_weeks"":3},{""target"":""T2P"",""magnitude"":0.5,""start_week"":15,""duration_weeks"":2,""recovery_weeks"":3}]",False,0.0042749999556690454,A
322,MI-M,FST-MI-50,moderate,singleton,False,False,0,"[{""target"":""corridor"",""magnitude"":0.7,""start_week"":12,""duration_weeks"":3,""recovery_weeks"":3}]",False,0.00540640001418069,A
323,MI-M,FST-MI-50,severe,singleton,False,False,0,"[{""target"":""corridor"",""magnitude"":0.7,""start_week"":12,""duration_weeks"":3,""recovery_weeks"":3}]",True,0.0,A
324,MI-M,FST-MI-50,severe,singleton,False,False,1,"[{""target"":""T2P"",""magnitude"":0.5,""start_week"":15,""duration_weeks"":2,""recovery_weeks"":3}]",True,0.0,A
325,MI-M,FST-MI-50,severe,upstream_node_deletion,False,False,0,"[{""target"":""corridor"",""magnitude"":0.7,""start_week"":12,""duration_weeks"":3,""recovery_weeks"":3}]",True,0.0,A
326,MI-M,FST-MI-50,severe,direct_impact,False,True,0;1,"[{""target"":""corridor"",""magnitude"":0.7,""start_week"":12,""duration_weeks"":3,""recovery_weeks"":3},{""target"":""T2P"",""magnitude"":0.5,""start_week"":15,""duration_weeks"":2,""recovery_weeks"":3}]",False,0.0074838000000454485,A
327,MI-M,FST-MI-50,severe,later_event_deletion,False,False,0,"[{""target"":""corridor"",""magnitude"":0.7,""start_week"":12,""duration_weeks"":3,""recovery_weeks"":3}]",True,0.0,A
1,MI-MD,FST-MI-01,all,candidate_passive,False,False,,"[{""target"":""S1A"",""magnitude"":0.5,""start_week"":12,""duration_weeks"":4,""recovery_weeks"":3}]",False,0.00519439997151494,A
2,MI-MD,FST-MI-01,all,candidate_active,True,False,,"[{""target"":""S1A"",""magnitude"":0.5,""start_week"":12,""duration_weeks"":4,""recovery_weeks"":3}]",False,0.00518269999884069,A
3,MI-MD,FST-MI-01,moderate,singleton,False,False,0,"[{""target"":""S1A"",""magnitude"":0.5,""start_week"":12,""duration_weeks"":4,""recovery_weeks"":3}]",True,0.0,A
4,MI-MD,FST-MI-02,all,candidate_passive,False,False,,"[{""target"":""S1A"",""magnitude"":0.7,""start_week"":12,""duration_weeks"":4,""recovery_weeks"":3}]",False,0.007069999992381781,A
5,MI-MD,FST-MI-02,all,candidate_active,True,False,,"[{""target"":""S1A"",""magnitude"":0.7,""start_week"":12,""duration_weeks"":4,""recovery_weeks"":3}]",False,0.006953000032808632,A
6,MI-MD,FST-MI-02,moderate,singleton,False,False,0,"[{""target"":""S1A"",""magnitude"":0.7,""start_week"":12,""duration_weeks"":4,""recovery_weeks"":3}]",True,0.0,A
7,MI-MD,FST-MI-03,all,candidate_passive,False,False,,"[{""target"":""S1B"",""magnitude"":0.5,""start_week"":12,""duration_weeks"":4,""recovery_weeks"":3}]",False,0.0035607999889180064,A
8,MI-MD,FST-MI-03,all,candidate_active,True,False,,"[{""target"":""S1B"",""magnitude"":0.5,""start_week"":12,""duration_weeks"":4,""recovery_weeks"":3}]",False,0.005199300008825958,A
9,MI-MD,FST-MI-03,moderate,singleton,False,False,0,"[{""target"":""S1B"",""magnitude"":0.5,""start_week"":12,""duration_weeks"":4,""recovery_weeks"":3}]",True,0.0,A
10,MI-MD,FST-MI-04,all,candidate_passive,False,False,,"[{""target"":""S1B"",""magnitude"":0.7,""start_week"":12,""duration_weeks"":4,""recovery_weeks"":3}]",False,0.005759999970905483,A
11,MI-MD,FST-MI-04,all,candidate_active,True,False,,"[{""target"":""S1B"",""magnitude"":0.7,""start_week"":12,""duration_weeks"":4,""recovery_weeks"":3}]",False,0.006574300001375377,A
12,MI-MD,FST-MI-04,moderate,singleton,False,False,0,"[{""target"":""S1B"",""magnitude"":0.7,""start_week"":12,""duration_weeks"":4,""recovery_weeks"":3}]",True,0.0,A
13,MI-MD,FST-MI-05,all,candidate_passive,False,False,,"[{""target"":""S1C"",""magnitude"":0.5,""start_week"":12,""duration_weeks"":4,""recovery_weeks"":3}]",False,0.006262500013690442,A
14,MI-MD,FST-MI-05,all,candidate_active,True,False,,"[{""target"":""S1C"",""magnitude"":0.5,""start_week"":12,""duration_weeks"":4,""recovery_weeks"":3}]",False,0.008069100033026189,A
15,MI-MD,FST-MI-05,moderate,singleton,False,False,0,"[{""target"":""S1C"",""magnitude"":0.5,""start_week"":12,""duration_weeks"":4,""recovery_weeks"":3}]",True,0.0,A
16,MI-MD,FST-MI-06,all,candidate_passive,False,False,,"[{""target"":""S1C"",""magnitude"":0.7,""start_week"":12,""duration_weeks"":4,""recovery_weeks"":3}]",False,0.006380799983162433,A
17,MI-MD,FST-MI-06,all,candidate_active,True,False,,"[{""target"":""S1C"",""magnitude"":0.7,""start_week"":12,""duration_weeks"":4,""recovery_weeks"":3}]",False,0.006010200013406575,A
18,MI-MD,FST-MI-06,moderate,singleton,False,False,0,"[{""target"":""S1C"",""magnitude"":0.7,""start_week"":12,""duration_weeks"":4,""recovery_weeks"":3}]",True,0.0,A
19,MI-MD,FST-MI-07,all,candidate_passive,False,False,,"[{""target"":""T2P"",""magnitude"":0.2,""start_week"":12,""duration_weeks"":3,""recovery_weeks"":3}]",False,0.00552929996047169,A
20,MI-MD,FST-MI-08,all,candidate_passive,False,False,,"[{""target"":""T2P"",""magnitude"":0.2,""start_week"":12,""duration_weeks"":6,""recovery_weeks"":3}]",False,0.0062559000216424465,A
21,MI-MD,FST-MI-09,all,candidate_passive,False,False,,"[{""target"":""T2P"",""magnitude"":0.35,""start_week"":12,""duration_weeks"":3,""recovery_weeks"":3}]",False,0.005409599980339408,A
22,MI-MD,FST-MI-09,all,candidate_active,True,False,,"[{""target"":""T2P"",""magnitude"":0.35,""start_week"":12,""duration_weeks"":3,""recovery_weeks"":3}]",False,0.003417500003706664,A
23,MI-MD,FST-MI-09,moderate,singleton,False,False,0,"[{""target"":""T2P"",""magnitude"":0.35,""start_week"":12,""duration_weeks"":3,""recovery_weeks"":3}]",True,0.0,A
24,MI-MD,FST-MI-09,moderate,upstream_node_deletion,False,False,,[],False,0.004022700013592839,A
25,MI-MD,FST-MI-09,moderate,direct_impact,False,True,0,"[{""target"":""T2P"",""magnitude"":0.35,""start_week"":12,""duration_weeks"":3,""recovery_weeks"":3}]",False,0.006567400007043034,A
26,MI-MD,FST-MI-10,all,candidate_passive,False,False,,"[{""target"":""T2P"",""magnitude"":0.35,""start_week"":12,""duration_weeks"":6,""recovery_weeks"":3}]",False,0.005686700053047389,A
27,MI-MD,FST-MI-10,all,candidate_active,True,False,,"[{""target"":""T2P"",""magnitude"":0.35,""start_week"":12,""duration_weeks"":6,""recovery_weeks"":3}]",False,0.005612500011920929,A
28,MI-MD,FST-MI-10,moderate,singleton,False,False,0,"[{""target"":""T2P"",""magnitude"":0.35,""start_week"":12,""duration_weeks"":6,""recovery_weeks"":3}]",True,0.0,A
29,MI-MD,FST-MI-10,moderate,upstream_node_deletion,False,False,,[],True,0.0,A
30,MI-MD,FST-MI-10,moderate,direct_impact,False,True,0,"[{""target"":""T2P"",""magnitude"":0.35,""start_week"":12,""duration_weeks"":6,""recovery_weeks"":3}]",False,0.0064833000069484115,A
31,MI-MD,FST-MI-10,severe,singleton,False,False,0,"[{""target"":""T2P"",""magnitude"":0.35,""start_week"":12,""duration_weeks"":6,""recovery_weeks"":3}]",True,0.0,A
32,MI-MD,FST-MI-10,severe,upstream_node_deletion,False,False,,[],True,0.0,A
33,MI-MD,FST-MI-10,severe,direct_impact,False,True,0,"[{""target"":""T2P"",""magnitude"":0.35,""start_week"":12,""duration_weeks"":6,""recovery_weeks"":3}]",True,0.0,A
34,MI-MD,FST-MI-11,all,candidate_passive,False,False,,"[{""target"":""T2P"",""magnitude"":0.5,""start_week"":12,""duration_weeks"":3,""recovery_weeks"":3}]",False,0.006627900002058595,A
35,MI-MD,FST-MI-11,all,candidate_active,True,False,,"[{""target"":""T2P"",""magnitude"":0.5,""start_week"":12,""duration_weeks"":3,""recovery_weeks"":3}]",False,0.005098000052385032,A
36,MI-MD,FST-MI-11,moderate,singleton,False,False,0,"[{""target"":""T2P"",""magnitude"":0.5,""start_week"":12,""duration_weeks"":3,""recovery_weeks"":3}]",True,0.0,A
37,MI-MD,FST-MI-11,moderate,upstream_node_deletion,False,False,,[],True,0.0,A
38,MI-MD,FST-MI-11,moderate,direct_impact,False,True,0,"[{""target"":""T2P"",""magnitude"":0.5,""start_week"":12,""duration_weeks"":3,""recovery_weeks"":3}]",False,0.003966999996919185,A
39,MI-MD,FST-MI-11,severe,singleton,False,False,0,"[{""target"":""T2P"",""magnitude"":0.5,""start_week"":12,""duration_weeks"":3,""recovery_weeks"":3}]",True,0.0,A
40,MI-MD,FST-MI-11,severe,upstream_node_deletion,False,False,,[],True,0.0,A
41,MI-MD,FST-MI-11,severe,direct_impact,False,True,0,"[{""target"":""T2P"",""magnitude"":0.5,""start_week"":12,""duration_weeks"":3,""recovery_weeks"":3}]",True,0.0,A
42,MI-MD,FST-MI-12,all,candidate_passive,False,False,,"[{""target"":""T2P"",""magnitude"":0.5,""start_week"":12,""duration_weeks"":6,""recovery_weeks"":3}]",False,0.00342989998171106,A
43,MI-MD,FST-MI-12,all,candidate_active,True,False,,"[{""target"":""T2P"",""magnitude"":0.5,""start_week"":12,""duration_weeks"":6,""recovery_weeks"":3}]",False,0.0037884999765083194,A
44,MI-MD,FST-MI-12,moderate,singleton,False,False,0,"[{""target"":""T2P"",""magnitude"":0.5,""start_week"":12,""duration_weeks"":6,""recovery_weeks"":3}]",True,0.0,A
45,MI-MD,FST-MI-12,moderate,upstream_node_deletion,False,False,,[],True,0.0,A
46,MI-MD,FST-MI-12,moderate,direct_impact,False,True,0,"[{""target"":""T2P"",""magnitude"":0.5,""start_week"":12,""duration_weeks"":6,""recovery_weeks"":3}]",False,0.004069100017659366,A
47,MI-MD,FST-MI-12,severe,singleton,False,False,0,"[{""target"":""T2P"",""magnitude"":0.5,""start_week"":12,""duration_weeks"":6,""recovery_weeks"":3}]",True,0.0,A
48,MI-MD,FST-MI-12,severe,upstream_node_deletion,False,False,,[],True,0.0,A
49,MI-MD,FST-MI-12,severe,direct_impact,False,True,0,"[{""target"":""T2P"",""magnitude"":0.5,""start_week"":12,""duration_weeks"":6,""recovery_weeks"":3}]",True,0.0,A
50,MI-MD,FST-MI-13,all,candidate_passive,False,False,,"[{""target"":""T2P"",""magnitude"":0.65,""start_week"":12,""duration_weeks"":3,""recovery_weeks"":3}]",False,0.005039599956944585,A
51,MI-MD,FST-MI-13,all,candidate_active,True,False,,"[{""target"":""T2P"",""magnitude"":0.65,""start_week"":12,""duration_weeks"":3,""recovery_weeks"":3}]",False,0.00332770001841709,A
52,MI-MD,FST-MI-13,moderate,singleton,False,False,0,"[{""target"":""T2P"",""magnitude"":0.65,""start_week"":12,""duration_weeks"":3,""recovery_weeks"":3}]",True,0.0,A
53,MI-MD,FST-MI-13,moderate,upstream_node_deletion,False,False,,[],True,0.0,A
54,MI-MD,FST-MI-13,moderate,direct_impact,False,True,0,"[{""target"":""T2P"",""magnitude"":0.65,""start_week"":12,""duration_weeks"":3,""recovery_weeks"":3}]",False,0.0034979000338353217,A
55,MI-MD,FST-MI-13,severe,singleton,False,False,0,"[{""target"":""T2P"",""magnitude"":0.65,""start_week"":12,""duration_weeks"":3,""recovery_weeks"":3}]",True,0.0,A
56,MI-MD,FST-MI-13,severe,upstream_node_deletion,False,False,,[],True,0.0,A
57,MI-MD,FST-MI-13,severe,direct_impact,False,True,0,"[{""target"":""T2P"",""magnitude"":0.65,""start_week"":12,""duration_weeks"":3,""recovery_weeks"":3}]",True,0.0,A
58,MI-MD,FST-MI-14,all,candidate_passive,False,False,,"[{""target"":""T2P"",""magnitude"":0.65,""start_week"":12,""duration_weeks"":6,""recovery_weeks"":3}]",False,0.00450549996457994,A
59,MI-MD,FST-MI-14,all,candidate_active,True,False,,"[{""target"":""T2P"",""magnitude"":0.65,""start_week"":12,""duration_weeks"":6,""recovery_weeks"":3}]",False,0.00377070001559332,A
60,MI-MD,FST-MI-14,moderate,singleton,False,False,0,"[{""target"":""T2P"",""magnitude"":0.65,""start_week"":12,""duration_weeks"":6,""recovery_weeks"":3}]",True,0.0,A
61,MI-MD,FST-MI-14,moderate,upstream_node_deletion,False,False,,[],True,0.0,A
62,MI-MD,FST-MI-14,moderate,direct_impact,False,True,0,"[{""target"":""T2P"",""magnitude"":0.65,""start_week"":12,""duration_weeks"":6,""recovery_weeks"":3}]",False,0.005164999980479479,A
63,MI-MD,FST-MI-14,severe,singleton,False,False,0,"[{""target"":""T2P"",""magnitude"":0.65,""start_week"":12,""duration_weeks"":6,""recovery_weeks"":3}]",True,0.0,A
64,MI-MD,FST-MI-14,severe,upstream_node_deletion,False,False,,[],True,0.0,A
65,MI-MD,FST-MI-14,severe,direct_impact,False,True,0,"[{""target"":""T2P"",""magnitude"":0.65,""start_week"":12,""duration_weeks"":6,""recovery_weeks"":3}]",True,0.0,A
66,MI-MD,FST-MI-15,all,candidate_passive,False,False,,"[{""target"":""T2P"",""magnitude"":0.8,""start_week"":12,""duration_weeks"":3,""recovery_weeks"":3}]",False,0.003684900002554059,A
67,MI-MD,FST-MI-15,all,candidate_active,True,False,,"[{""target"":""T2P"",""magnitude"":0.8,""start_week"":12,""duration_weeks"":3,""recovery_weeks"":3}]",False,0.00584639998851344,A
68,MI-MD,FST-MI-15,moderate,singleton,False,False,0,"[{""target"":""T2P"",""magnitude"":0.8,""start_week"":12,""duration_weeks"":3,""recovery_weeks"":3}]",True,0.0,A
69,MI-MD,FST-MI-15,moderate,upstream_node_deletion,False,False,,[],True,0.0,A
70,MI-MD,FST-MI-15,moderate,direct_impact,False,True,0,"[{""target"":""T2P"",""magnitude"":0.8,""start_week"":12,""duration_weeks"":3,""recovery_weeks"":3}]",False,0.006021299981512129,A
71,MI-MD,FST-MI-15,severe,singleton,False,False,0,"[{""target"":""T2P"",""magnitude"":0.8,""start_week"":12,""duration_weeks"":3,""recovery_weeks"":3}]",True,0.0,A
72,MI-MD,FST-MI-15,severe,upstream_node_deletion,False,False,,[],True,0.0,A
73,MI-MD,FST-MI-15,severe,direct_impact,False,True,0,"[{""target"":""T2P"",""magnitude"":0.8,""start_week"":12,""duration_weeks"":3,""recovery_weeks"":3}]",True,0.0,A
74,MI-MD,FST-MI-16,all,candidate_passive,False,False,,"[{""target"":""T2P"",""magnitude"":0.8,""start_week"":12,""duration_weeks"":6,""recovery_weeks"":3}]",False,0.004690500034485012,A
75,MI-MD,FST-MI-16,all,candidate_active,True,False,,"[{""target"":""T2P"",""magnitude"":0.8,""start_week"":12,""duration_weeks"":6,""recovery_weeks"":3}]",False,0.0036073000519536436,A
76,MI-MD,FST-MI-16,moderate,singleton,False,False,0,"[{""target"":""T2P"",""magnitude"":0.8,""start_week"":12,""duration_weeks"":6,""recovery_weeks"":3}]",True,0.0,A
77,MI-MD,FST-MI-16,moderate,upstream_node_deletion,False,False,,[],True,0.0,A
78,MI-MD,FST-MI-16,moderate,direct_impact,False,True,0,"[{""target"":""T2P"",""magnitude"":0.8,""start_week"":12,""duration_weeks"":6,""recovery_weeks"":3}]",False,0.005641700001433492,A
79,MI-MD,FST-MI-16,severe,singleton,False,False,0,"[{""target"":""T2P"",""magnitude"":0.8,""start_week"":12,""duration_weeks"":6,""recovery_weeks"":3}]",True,0.0,A
80,MI-MD,FST-MI-16,severe,upstream_node_deletion,False,False,,[],True,0.0,A
81,MI-MD,FST-MI-16,severe,direct_impact,False,True,0,"[{""target"":""T2P"",""magnitude"":0.8,""start_week"":12,""duration_weeks"":6,""recovery_weeks"":3}]",True,0.0,A
82,MI-MD,FST-MI-17,all,candidate_passive,False,False,,"[{""target"":""corridor"",""magnitude"":0.3,""start_week"":12,""duration_weeks"":2,""recovery_weeks"":3}]",False,0.006776300026103854,A
83,MI-MD,FST-MI-18,all,candidate_passive,False,False,,"[{""target"":""corridor"",""magnitude"":0.3,""start_week"":12,""duration_weeks"":4,""recovery_weeks"":3}]",False,0.003416399995330721,A
84,MI-MD,FST-MI-19,all,candidate_passive,False,False,,"[{""target"":""corridor"",""magnitude"":0.5,""start_week"":12,""duration_weeks"":2,""recovery_weeks"":3}]",False,0.004124400031287223,A
85,MI-MD,FST-MI-19,all,candidate_active,True,False,,"[{""target"":""corridor"",""magnitude"":0.5,""start_week"":12,""duration_weeks"":2,""recovery_weeks"":3}]",False,0.005327999999281019,A
86,MI-MD,FST-MI-19,moderate,singleton,False,False,0,"[{""target"":""corridor"",""magnitude"":0.5,""start_week"":12,""duration_weeks"":2,""recovery_weeks"":3}]",True,0.0,A
87,MI-MD,FST-MI-19,severe,singleton,False,False,0,"[{""target"":""corridor"",""magnitude"":0.5,""start_week"":12,""duration_weeks"":2,""recovery_weeks"":3}]",True,0.0,A
88,MI-MD,FST-MI-20,all,candidate_passive,False,False,,"[{""target"":""corridor"",""magnitude"":0.5,""start_week"":12,""duration_weeks"":4,""recovery_weeks"":3}]",False,0.005931299994699657,A
89,MI-MD,FST-MI-20,all,candidate_active,True,False,,"[{""target"":""corridor"",""magnitude"":0.5,""start_week"":12,""duration_weeks"":4,""recovery_weeks"":3}]",False,0.0059077999903820455,A
90,MI-MD,FST-MI-20,moderate,singleton,False,False,0,"[{""target"":""corridor"",""magnitude"":0.5,""start_week"":12,""duration_weeks"":4,""recovery_weeks"":3}]",True,0.0,A
91,MI-MD,FST-MI-20,severe,singleton,False,False,0,"[{""target"":""corridor"",""magnitude"":0.5,""start_week"":12,""duration_weeks"":4,""recovery_weeks"":3}]",True,0.0,A
92,MI-MD,FST-MI-21,all,candidate_passive,False,False,,"[{""target"":""corridor"",""magnitude"":0.7,""start_week"":12,""duration_weeks"":2,""recovery_weeks"":3}]",False,0.00485959998331964,A
93,MI-MD,FST-MI-21,all,candidate_active,True,False,,"[{""target"":""corridor"",""magnitude"":0.7,""start_week"":12,""duration_weeks"":2,""recovery_weeks"":3}]",False,0.003367300028912723,A
94,MI-MD,FST-MI-21,moderate,singleton,False,False,0,"[{""target"":""corridor"",""magnitude"":0.7,""start_week"":12,""duration_weeks"":2,""recovery_weeks"":3}]",True,0.0,A
95,MI-MD,FST-MI-21,severe,singleton,False,False,0,"[{""target"":""corridor"",""magnitude"":0.7,""start_week"":12,""duration_weeks"":2,""recovery_weeks"":3}]",True,0.0,A
96,MI-MD,FST-MI-22,all,candidate_passive,False,False,,"[{""target"":""corridor"",""magnitude"":0.7,""start_week"":12,""duration_weeks"":4,""recovery_weeks"":3}]",False,0.0033629999961704016,A
97,MI-MD,FST-MI-22,all,candidate_active,True,False,,"[{""target"":""corridor"",""magnitude"":0.7,""start_week"":12,""duration_weeks"":4,""recovery_weeks"":3}]",False,0.004393199982587248,A
98,MI-MD,FST-MI-22,moderate,singleton,False,False,0,"[{""target"":""corridor"",""magnitude"":0.7,""start_week"":12,""duration_weeks"":4,""recovery_weeks"":3}]",True,0.0,A
99,MI-MD,FST-MI-22,severe,singleton,False,False,0,"[{""target"":""corridor"",""magnitude"":0.7,""start_week"":12,""duration_weeks"":4,""recovery_weeks"":3}]",True,0.0,A
100,MI-MD,FST-MI-23,all,candidate_passive,False,False,,"[{""target"":""T2P"",""magnitude"":0.25,""start_week"":12,""duration_weeks"":3,""recovery_weeks"":3},{""target"":""corridor"",""magnitude"":0.25,""start_week"":12,""duration_weeks"":3,""recovery_weeks"":3}]",False,0.0064585000509396195,A
101,MI-MD,FST-MI-24,all,candidate_passive,False,False,,"[{""target"":""T2P"",""magnitude"":0.25,""start_week"":12,""duration_weeks"":3,""recovery_weeks"":3},{""target"":""corridor"",""magnitude"":0.35,""start_week"":12,""duration_weeks"":3,""recovery_weeks"":3}]",False,0.0038940999656915665,A
102,MI-MD,FST-MI-24,all,candidate_active,True,False,,"[{""target"":""T2P"",""magnitude"":0.25,""start_week"":12,""duration_weeks"":3,""recovery_weeks"":3},{""target"":""corridor"",""magnitude"":0.35,""start_week"":12,""duration_weeks"":3,""recovery_weeks"":3}]",False,0.007050100015476346,A
103,MI-MD,FST-MI-24,moderate,singleton,False,False,0,"[{""target"":""T2P"",""magnitude"":0.25,""start_week"":12,""duration_weeks"":3,""recovery_weeks"":3}]",False,0.003344200027640909,A
104,MI-MD,FST-MI-24,moderate,singleton,False,False,1,"[{""target"":""corridor"",""magnitude"":0.35,""start_week"":12,""duration_weeks"":3,""recovery_weeks"":3}]",False,0.0032904999679885805,A
105,MI-MD,FST-MI-24,moderate,upstream_node_deletion,False,False,1,"[{""target"":""corridor"",""magnitude"":0.35,""start_week"":12,""duration_weeks"":3,""recovery_weeks"":3}]",True,0.0,A
106,MI-MD,FST-MI-24,moderate,direct_impact,False,True,0;1,"[{""target"":""T2P"",""magnitude"":0.25,""start_week"":12,""duration_weeks"":3,""recovery_weeks"":3},{""target"":""corridor"",""magnitude"":0.35,""start_week"":12,""duration_weeks"":3,""recovery_weeks"":3}]",False,0.003891000000294298,A
107,MI-MD,FST-MI-25,all,candidate_passive,False,False,,"[{""target"":""T2P"",""magnitude"":0.35,""start_week"":12,""duration_weeks"":3,""recovery_weeks"":3},{""target"":""corridor"",""magnitude"":0.25,""start_week"":12,""duration_weeks"":3,""recovery_weeks"":3}]",False,0.007205099973361939,A
108,MI-MD,FST-MI-25,all,candidate_active,True,False,,"[{""target"":""T2P"",""magnitude"":0.35,""start_week"":12,""duration_weeks"":3,""recovery_weeks"":3},{""target"":""corridor"",""magnitude"":0.25,""start_week"":12,""duration_weeks"":3,""recovery_weeks"":3}]",False,0.00741089996881783,A
109,MI-MD,FST-MI-25,moderate,singleton,False,False,0,"[{""target"":""T2P"",""magnitude"":0.35,""start_week"":12,""duration_weeks"":3,""recovery_weeks"":3}]",True,0.0,A
110,MI-MD,FST-MI-25,moderate,singleton,False,False,1,"[{""target"":""corridor"",""magnitude"":0.25,""start_week"":12,""duration_weeks"":3,""recovery_weeks"":3}]",False,0.006250100035686046,A
111,MI-MD,FST-MI-25,moderate,upstream_node_deletion,False,False,1,"[{""target"":""corridor"",""magnitude"":0.25,""start_week"":12,""duration_weeks"":3,""recovery_weeks"":3}]",True,0.0,A
112,MI-MD,FST-MI-25,moderate,direct_impact,False,True,0;1,"[{""target"":""T2P"",""magnitude"":0.35,""start_week"":12,""duration_weeks"":3,""recovery_weeks"":3},{""target"":""corridor"",""magnitude"":0.25,""start_week"":12,""duration_weeks"":3,""recovery_weeks"":3}]",False,0.007404600037261844,A
113,MI-MD,FST-MI-26,all,candidate_passive,False,False,,"[{""target"":""T2P"",""magnitude"":0.35,""start_week"":12,""duration_weeks"":3,""recovery_weeks"":3},{""target"":""corridor"",""magnitude"":0.35,""start_week"":12,""duration_weeks"":3,""recovery_weeks"":3}]",False,0.0039326000260189176,A
114,MI-MD,FST-MI-26,all,candidate_active,True,False,,"[{""target"":""T2P"",""magnitude"":0.35,""start_week"":12,""duration_weeks"":3,""recovery_weeks"":3},{""target"":""corridor"",""magnitude"":0.35,""start_week"":12,""duration_weeks"":3,""recovery_weeks"":3}]",False,0.0038047999842092395,A
115,MI-MD,FST-MI-26,moderate,singleton,False,False,0,"[{""target"":""T2P"",""magnitude"":0.35,""start_week"":12,""duration_weeks"":3,""recovery_weeks"":3}]",True,0.0,A
116,MI-MD,FST-MI-26,moderate,singleton,False,False,1,"[{""target"":""corridor"",""magnitude"":0.35,""start_week"":12,""duration_weeks"":3,""recovery_weeks"":3}]",True,0.0,A
117,MI-MD,FST-MI-26,moderate,upstream_node_deletion,False,False,1,"[{""target"":""corridor"",""magnitude"":0.35,""start_week"":12,""duration_weeks"":3,""recovery_weeks"":3}]",True,0.0,A
118,MI-MD,FST-MI-26,moderate,direct_impact,False,True,0;1,"[{""target"":""T2P"",""magnitude"":0.35,""start_week"":12,""duration_weeks"":3,""recovery_weeks"":3},{""target"":""corridor"",""magnitude"":0.35,""start_week"":12,""duration_weeks"":3,""recovery_weeks"":3}]",False,0.004649500013329089,A
119,MI-MD,FST-MI-27,all,candidate_passive,False,False,,"[{""target"":""T2P"",""magnitude"":0.7,""start_week"":12,""duration_weeks"":3,""recovery_weeks"":3},{""target"":""corridor"",""magnitude"":0.3,""start_week"":12,""duration_weeks"":3,""recovery_weeks"":3}]",False,0.007436599989887327,A
120,MI-MD,FST-MI-27,all,candidate_active,True,False,,"[{""target"":""T2P"",""magnitude"":0.7,""start_week"":12,""duration_weeks"":3,""recovery_weeks"":3},{""target"":""corridor"",""magnitude"":0.3,""start_week"":12,""duration_weeks"":3,""recovery_weeks"":3}]",False,0.006346200010739267,A
121,MI-MD,FST-MI-27,moderate,singleton,False,False,0,"[{""target"":""T2P"",""magnitude"":0.7,""start_week"":12,""duration_weeks"":3,""recovery_weeks"":3}]",False,0.005685299984179437,A
122,MI-MD,FST-MI-27,moderate,singleton,False,False,1,"[{""target"":""corridor"",""magnitude"":0.3,""start_week"":12,""duration_weeks"":3,""recovery_weeks"":3}]",False,0.005502499989233911,A
123,MI-MD,FST-MI-27,moderate,upstream_node_deletion,False,False,1,"[{""target"":""corridor"",""magnitude"":0.3,""start_week"":12,""duration_weeks"":3,""recovery_weeks"":3}]",True,0.0,A
124,MI-MD,FST-MI-27,moderate,direct_impact,False,True,0;1,"[{""target"":""T2P"",""magnitude"":0.7,""start_week"":12,""duration_weeks"":3,""recovery_weeks"":3},{""target"":""corridor"",""magnitude"":0.3,""start_week"":12,""duration_weeks"":3,""recovery_weeks"":3}]",False,0.0041526000131852925,A
125,MI-MD,FST-MI-27,severe,singleton,False,False,0,"[{""target"":""T2P"",""magnitude"":0.7,""start_week"":12,""duration_weeks"":3,""recovery_weeks"":3}]",True,0.0,A
126,MI-MD,FST-MI-27,severe,singleton,False,False,1,"[{""target"":""corridor"",""magnitude"":0.3,""start_week"":12,""duration_weeks"":3,""recovery_weeks"":3}]",True,0.0,A
127,MI-MD,FST-MI-27,severe,upstream_node_deletion,False,False,1,"[{""target"":""corridor"",""magnitude"":0.3,""start_week"":12,""duration_weeks"":3,""recovery_weeks"":3}]",True,0.0,A
128,MI-MD,FST-MI-27,severe,direct_impact,False,True,0;1,"[{""target"":""T2P"",""magnitude"":0.7,""start_week"":12,""duration_weeks"":3,""recovery_weeks"":3},{""target"":""corridor"",""magnitude"":0.3,""start_week"":12,""duration_weeks"":3,""recovery_weeks"":3}]",True,0.0,A
129,MI-MD,FST-MI-28,all,candidate_passive,False,False,,"[{""target"":""T2P"",""magnitude"":0.7,""start_week"":12,""duration_weeks"":3,""recovery_weeks"":3},{""target"":""corridor"",""magnitude"":0.6,""start_week"":12,""duration_weeks"":3,""recovery_weeks"":3}]",False,0.0038985999999567866,A
130,MI-MD,FST-MI-28,all,candidate_active,True,False,,"[{""target"":""T2P"",""magnitude"":0.7,""start_week"":12,""duration_weeks"":3,""recovery_weeks"":3},{""target"":""corridor"",""magnitude"":0.6,""start_week"":12,""duration_weeks"":3,""recovery_weeks"":3}]",False,0.003993699967395514,A
131,MI-MD,FST-MI-28,moderate,singleton,False,False,0,"[{""target"":""T2P"",""magnitude"":0.7,""start_week"":12,""duration_weeks"":3,""recovery_weeks"":3}]",True,0.0,A
132,MI-MD,FST-MI-28,moderate,singleton,False,False,1,"[{""target"":""corridor"",""magnitude"":0.6,""start_week"":12,""duration_weeks"":3,""recovery_weeks"":3}]",False,0.0064224000088870525,A
133,MI-MD,FST-MI-28,moderate,upstream_node_deletion,False,False,1,"[{""target"":""corridor"",""magnitude"":0.6,""start_week"":12,""duration_weeks"":3,""recovery_weeks"":3}]",True,0.0,A
134,MI-MD,FST-MI-28,moderate,direct_impact,False,True,0;1,"[{""target"":""T2P"",""magnitude"":0.7,""start_week"":12,""duration_weeks"":3,""recovery_weeks"":3},{""target"":""corridor"",""magnitude"":0.6,""start_week"":12,""duration_weeks"":3,""recovery_weeks"":3}]",False,0.007390799990389496,A
135,MI-MD,FST-MI-28,severe,singleton,False,False,0,"[{""target"":""T2P"",""magnitude"":0.7,""start_week"":12,""duration_weeks"":3,""recovery_weeks"":3}]",True,0.0,A
136,MI-MD,FST-MI-28,severe,singleton,False,False,1,"[{""target"":""corridor"",""magnitude"":0.6,""start_week"":12,""duration_weeks"":3,""recovery_weeks"":3}]",True,0.0,A
137,MI-MD,FST-MI-28,severe,upstream_node_deletion,False,False,1,"[{""target"":""corridor"",""magnitude"":0.6,""start_week"":12,""duration_weeks"":3,""recovery_weeks"":3}]",True,0.0,A
138,MI-MD,FST-MI-28,severe,direct_impact,False,True,0;1,"[{""target"":""T2P"",""magnitude"":0.7,""start_week"":12,""duration_weeks"":3,""recovery_weeks"":3},{""target"":""corridor"",""magnitude"":0.6,""start_week"":12,""duration_weeks"":3,""recovery_weeks"":3}]",True,0.0,A
139,MI-MD,FST-MI-29,all,candidate_passive,False,False,,"[{""target"":""T2P"",""magnitude"":0.8,""start_week"":12,""duration_weeks"":3,""recovery_weeks"":3},{""target"":""corridor"",""magnitude"":0.3,""start_week"":12,""duration_weeks"":3,""recovery_weeks"":3}]",False,0.004241099988576025,A
140,MI-MD,FST-MI-29,all,candidate_active,True,False,,"[{""target"":""T2P"",""magnitude"":0.8,""start_week"":12,""duration_weeks"":3,""recovery_weeks"":3},{""target"":""corridor"",""magnitude"":0.3,""start_week"":12,""duration_weeks"":3,""recovery_weeks"":3}]",False,0.004072399984579533,A
141,MI-MD,FST-MI-29,moderate,singleton,False,False,0,"[{""target"":""T2P"",""magnitude"":0.8,""start_week"":12,""duration_weeks"":3,""recovery_weeks"":3}]",True,0.0,A
142,MI-MD,FST-MI-29,moderate,singleton,False,False,1,"[{""target"":""corridor"",""magnitude"":0.3,""start_week"":12,""duration_weeks"":3,""recovery_weeks"":3}]",True,0.0,A
143,MI-MD,FST-MI-29,moderate,upstream_node_deletion,False,False,1,"[{""target"":""corridor"",""magnitude"":0.3,""start_week"":12,""duration_weeks"":3,""recovery_weeks"":3}]",True,0.0,A
144,MI-MD,FST-MI-29,moderate,direct_impact,False,True,0;1,"[{""target"":""T2P"",""magnitude"":0.8,""start_week"":12,""duration_weeks"":3,""recovery_weeks"":3},{""target"":""corridor"",""magnitude"":0.3,""start_week"":12,""duration_weeks"":3,""recovery_weeks"":3}]",False,0.00408619997324422,A
145,MI-MD,FST-MI-29,severe,singleton,False,False,0,"[{""target"":""T2P"",""magnitude"":0.8,""start_week"":12,""duration_weeks"":3,""recovery_weeks"":3}]",True,0.0,A
146,MI-MD,FST-MI-29,severe,singleton,False,False,1,"[{""target"":""corridor"",""magnitude"":0.3,""start_week"":12,""duration_weeks"":3,""recovery_weeks"":3}]",True,0.0,A
147,MI-MD,FST-MI-29,severe,upstream_node_deletion,False,False,1,"[{""target"":""corridor"",""magnitude"":0.3,""start_week"":12,""duration_weeks"":3,""recovery_weeks"":3}]",True,0.0,A
148,MI-MD,FST-MI-29,severe,direct_impact,False,True,0;1,"[{""target"":""T2P"",""magnitude"":0.8,""start_week"":12,""duration_weeks"":3,""recovery_weeks"":3},{""target"":""corridor"",""magnitude"":0.3,""start_week"":12,""duration_weeks"":3,""recovery_weeks"":3}]",True,0.0,A
149,MI-MD,FST-MI-30,all,candidate_passive,False,False,,"[{""target"":""T2P"",""magnitude"":0.8,""start_week"":12,""duration_weeks"":3,""recovery_weeks"":3},{""target"":""corridor"",""magnitude"":0.6,""start_week"":12,""duration_weeks"":3,""recovery_weeks"":3}]",False,0.006362699961755425,A
150,MI-MD,FST-MI-30,all,candidate_active,True,False,,"[{""target"":""T2P"",""magnitude"":0.8,""start_week"":12,""duration_weeks"":3,""recovery_weeks"":3},{""target"":""corridor"",""magnitude"":0.6,""start_week"":12,""duration_weeks"":3,""recovery_weeks"":3}]",False,0.00759759999345988,A
151,MI-MD,FST-MI-30,moderate,singleton,False,False,0,"[{""target"":""T2P"",""magnitude"":0.8,""start_week"":12,""duration_weeks"":3,""recovery_weeks"":3}]",True,0.0,A
152,MI-MD,FST-MI-30,moderate,singleton,False,False,1,"[{""target"":""corridor"",""magnitude"":0.6,""start_week"":12,""duration_weeks"":3,""recovery_weeks"":3}]",True,0.0,A
153,MI-MD,FST-MI-30,moderate,upstream_node_deletion,False,False,1,"[{""target"":""corridor"",""magnitude"":0.6,""start_week"":12,""duration_weeks"":3,""recovery_weeks"":3}]",True,0.0,A
154,MI-MD,FST-MI-30,moderate,direct_impact,False,True,0;1,"[{""target"":""T2P"",""magnitude"":0.8,""start_week"":12,""duration_weeks"":3,""recovery_weeks"":3},{""target"":""corridor"",""magnitude"":0.6,""start_week"":12,""duration_weeks"":3,""recovery_weeks"":3}]",False,0.007600400014780462,A
155,MI-MD,FST-MI-30,severe,singleton,False,False,0,"[{""target"":""T2P"",""magnitude"":0.8,""start_week"":12,""duration_weeks"":3,""recovery_weeks"":3}]",True,0.0,A
156,MI-MD,FST-MI-30,severe,singleton,False,False,1,"[{""target"":""corridor"",""magnitude"":0.6,""start_week"":12,""duration_weeks"":3,""recovery_weeks"":3}]",True,0.0,A
157,MI-MD,FST-MI-30,severe,upstream_node_deletion,False,False,1,"[{""target"":""corridor"",""magnitude"":0.6,""start_week"":12,""duration_weeks"":3,""recovery_weeks"":3}]",True,0.0,A
158,MI-MD,FST-MI-30,severe,direct_impact,False,True,0;1,"[{""target"":""T2P"",""magnitude"":0.8,""start_week"":12,""duration_weeks"":3,""recovery_weeks"":3},{""target"":""corridor"",""magnitude"":0.6,""start_week"":12,""duration_weeks"":3,""recovery_weeks"":3}]",True,0.0,A
159,MI-MD,FST-MI-31,all,candidate_passive,False,False,,"[{""target"":""T2P"",""magnitude"":0.25,""start_week"":12,""duration_weeks"":3,""recovery_weeks"":3},{""target"":""S1A"",""magnitude"":0.4,""start_week"":12,""duration_weeks"":3,""recovery_weeks"":3}]",False,0.007128800032660365,A
160,MI-MD,FST-MI-32,all,candidate_passive,False,False,,"[{""target"":""T2P"",""magnitude"":0.35,""start_week"":12,""duration_weeks"":3,""recovery_weeks"":3},{""target"":""S1A"",""magnitude"":0.4,""start_week"":12,""duration_weeks"":3,""recovery_weeks"":3}]",False,0.007561400008853525,A
161,MI-MD,FST-MI-32,all,candidate_active,True,False,,"[{""target"":""T2P"",""magnitude"":0.35,""start_week"":12,""duration_weeks"":3,""recovery_weeks"":3},{""target"":""S1A"",""magnitude"":0.4,""start_week"":12,""duration_weeks"":3,""recovery_weeks"":3}]",False,0.005583399964962155,A
162,MI-MD,FST-MI-32,moderate,singleton,False,False,0,"[{""target"":""T2P"",""magnitude"":0.35,""start_week"":12,""duration_weeks"":3,""recovery_weeks"":3}]",True,0.0,A
163,MI-MD,FST-MI-32,moderate,singleton,False,False,1,"[{""target"":""S1A"",""magnitude"":0.4,""start_week"":12,""duration_weeks"":3,""recovery_weeks"":3}]",False,0.0032819999614730477,A
164,MI-MD,FST-MI-32,moderate,upstream_node_deletion,False,False,1,"[{""target"":""S1A"",""magnitude"":0.4,""start_week"":12,""duration_weeks"":3,""recovery_weeks"":3}]",True,0.0,A
165,MI-MD,FST-MI-32,moderate,direct_impact,False,True,0;1,"[{""target"":""T2P"",""magnitude"":0.35,""start_week"":12,""duration_weeks"":3,""recovery_weeks"":3},{""target"":""S1A"",""magnitude"":0.4,""start_week"":12,""duration_weeks"":3,""recovery_weeks"":3}]",False,0.00408330000936985,A
166,MI-MD,FST-MI-33,all,candidate_passive,False,False,,"[{""target"":""T2P"",""magnitude"":0.25,""start_week"":12,""duration_weeks"":3,""recovery_weeks"":3},{""target"":""S1B"",""magnitude"":0.4,""start_week"":12,""duration_weeks"":3,""recovery_weeks"":3}]",False,0.004760999989230186,A
167,MI-MD,FST-MI-34,all,candidate_passive,False,False,,"[{""target"":""T2P"",""magnitude"":0.35,""start_week"":12,""duration_weeks"":3,""recovery_weeks"":3},{""target"":""S1B"",""magnitude"":0.4,""start_week"":12,""duration_weeks"":3,""recovery_weeks"":3}]",False,0.003984200011473149,A
168,MI-MD,FST-MI-34,all,candidate_active,True,False,,"[{""target"":""T2P"",""magnitude"":0.35,""start_week"":12,""duration_weeks"":3,""recovery_weeks"":3},{""target"":""S1B"",""magnitude"":0.4,""start_week"":12,""duration_weeks"":3,""recovery_weeks"":3}]",False,0.00405069999396801,A
169,MI-MD,FST-MI-34,moderate,singleton,False,False,0,"[{""target"":""T2P"",""magnitude"":0.35,""start_week"":12,""duration_weeks"":3,""recovery_weeks"":3}]",True,0.0,A
170,MI-MD,FST-MI-34,moderate,singleton,False,False,1,"[{""target"":""S1B"",""magnitude"":0.4,""start_week"":12,""duration_weeks"":3,""recovery_weeks"":3}]",False,0.006402899976819754,A
171,MI-MD,FST-MI-34,moderate,upstream_node_deletion,False,False,1,"[{""target"":""S1B"",""magnitude"":0.4,""start_week"":12,""duration_weeks"":3,""recovery_weeks"":3}]",True,0.0,A
172,MI-MD,FST-MI-34,moderate,direct_impact,False,True,0;1,"[{""target"":""T2P"",""magnitude"":0.35,""start_week"":12,""duration_weeks"":3,""recovery_weeks"":3},{""target"":""S1B"",""magnitude"":0.4,""start_week"":12,""duration_weeks"":3,""recovery_weeks"":3}]",False,0.007880799996200949,A
173,MI-MD,FST-MI-35,all,candidate_passive,False,False,,"[{""target"":""T2P"",""magnitude"":0.25,""start_week"":12,""duration_weeks"":3,""recovery_weeks"":3},{""target"":""S1C"",""magnitude"":0.4,""start_week"":12,""duration_weeks"":3,""recovery_weeks"":3}]",False,0.007859700010158122,A
174,MI-MD,FST-MI-36,all,candidate_passive,False,False,,"[{""target"":""T2P"",""magnitude"":0.35,""start_week"":12,""duration_weeks"":3,""recovery_weeks"":3},{""target"":""S1C"",""magnitude"":0.4,""start_week"":12,""duration_weeks"":3,""recovery_weeks"":3}]",False,0.007336699985899031,A
175,MI-MD,FST-MI-36,all,candidate_active,True,False,,"[{""target"":""T2P"",""magnitude"":0.35,""start_week"":12,""duration_weeks"":3,""recovery_weeks"":3},{""target"":""S1C"",""magnitude"":0.4,""start_week"":12,""duration_weeks"":3,""recovery_weeks"":3}]",False,0.006300100008957088,A
176,MI-MD,FST-MI-36,moderate,singleton,False,False,0,"[{""target"":""T2P"",""magnitude"":0.35,""start_week"":12,""duration_weeks"":3,""recovery_weeks"":3}]",True,0.0,A
177,MI-MD,FST-MI-36,moderate,singleton,False,False,1,"[{""target"":""S1C"",""magnitude"":0.4,""start_week"":12,""duration_weeks"":3,""recovery_weeks"":3}]",False,0.006500899966340512,A
178,MI-MD,FST-MI-36,moderate,upstream_node_deletion,False,False,1,"[{""target"":""S1C"",""magnitude"":0.4,""start_week"":12,""duration_weeks"":3,""recovery_weeks"":3}]",True,0.0,A
179,MI-MD,FST-MI-36,moderate,direct_impact,False,True,0;1,"[{""target"":""T2P"",""magnitude"":0.35,""start_week"":12,""duration_weeks"":3,""recovery_weeks"":3},{""target"":""S1C"",""magnitude"":0.4,""start_week"":12,""duration_weeks"":3,""recovery_weeks"":3}]",False,0.007857099990360439,A
180,MI-MD,FST-MI-37,all,candidate_passive,False,False,,"[{""target"":""T2P"",""magnitude"":0.25,""start_week"":12,""duration_weeks"":3,""recovery_weeks"":3},{""target"":""demand"",""magnitude"":0.15,""start_week"":12,""duration_weeks"":3,""recovery_weeks"":2}]",False,0.006778000039048493,A
181,MI-MD,FST-MI-37,all,candidate_active,True,False,,"[{""target"":""T2P"",""magnitude"":0.25,""start_week"":12,""duration_weeks"":3,""recovery_weeks"":3},{""target"":""demand"",""magnitude"":0.15,""start_week"":12,""duration_weeks"":3,""recovery_weeks"":2}]",False,0.006659000006038696,A
182,MI-MD,FST-MI-37,moderate,singleton,False,False,0,"[{""target"":""T2P"",""magnitude"":0.25,""start_week"":12,""duration_weeks"":3,""recovery_weeks"":3}]",True,0.0,A
183,MI-MD,FST-MI-37,moderate,singleton,False,False,1,"[{""target"":""demand"",""magnitude"":0.15,""start_week"":12,""duration_weeks"":3,""recovery_weeks"":2}]",False,0.006153199996333569,A
184,MI-MD,FST-MI-37,moderate,upstream_node_deletion,False,False,1,"[{""target"":""demand"",""magnitude"":0.15,""start_week"":12,""duration_weeks"":3,""recovery_weeks"":2}]",True,0.0,A
185,MI-MD,FST-MI-37,moderate,direct_impact,False,True,0;1,"[{""target"":""T2P"",""magnitude"":0.25,""start_week"":12,""duration_weeks"":3,""recovery_weeks"":3},{""target"":""demand"",""magnitude"":0.15,""start_week"":12,""duration_weeks"":3,""recovery_weeks"":2}]",False,0.005388099991250783,A
186,MI-MD,FST-MI-37,severe,singleton,False,False,0,"[{""target"":""T2P"",""magnitude"":0.25,""start_week"":12,""duration_weeks"":3,""recovery_weeks"":3}]",True,0.0,A
187,MI-MD,FST-MI-37,severe,singleton,False,False,1,"[{""target"":""demand"",""magnitude"":0.15,""start_week"":12,""duration_weeks"":3,""recovery_weeks"":2}]",True,0.0,A
188,MI-MD,FST-MI-37,severe,upstream_node_deletion,False,False,1,"[{""target"":""demand"",""magnitude"":0.15,""start_week"":12,""duration_weeks"":3,""recovery_weeks"":2}]",True,0.0,A
189,MI-MD,FST-MI-37,severe,direct_impact,False,True,0;1,"[{""target"":""T2P"",""magnitude"":0.25,""start_week"":12,""duration_weeks"":3,""recovery_weeks"":3},{""target"":""demand"",""magnitude"":0.15,""start_week"":12,""duration_weeks"":3,""recovery_weeks"":2}]",True,0.0,A
190,MI-MD,FST-MI-38,all,candidate_passive,False,False,,"[{""target"":""T2P"",""magnitude"":0.25,""start_week"":12,""duration_weeks"":3,""recovery_weeks"":3},{""target"":""demand"",""magnitude"":0.25,""start_week"":12,""duration_weeks"":3,""recovery_weeks"":2}]",False,0.0036368999863043427,A
191,MI-MD,FST-MI-38,all,candidate_active,True,False,,"[{""target"":""T2P"",""magnitude"":0.25,""start_week"":12,""duration_weeks"":3,""recovery_weeks"":3},{""target"":""demand"",""magnitude"":0.25,""start_week"":12,""duration_weeks"":3,""recovery_weeks"":2}]",False,0.005408200027886778,A
192,MI-MD,FST-MI-38,moderate,singleton,False,False,0,"[{""target"":""T2P"",""magnitude"":0.25,""start_week"":12,""duration_weeks"":3,""recovery_weeks"":3}]",True,0.0,A
193,MI-MD,FST-MI-38,moderate,singleton,False,False,1,"[{""target"":""demand"",""magnitude"":0.25,""start_week"":12,""duration_weeks"":3,""recovery_weeks"":2}]",False,0.005199900013394654,A
194,MI-MD,FST-MI-38,moderate,upstream_node_deletion,False,False,1,"[{""target"":""demand"",""magnitude"":0.25,""start_week"":12,""duration_weeks"":3,""recovery_weeks"":2}]",True,0.0,A
195,MI-MD,FST-MI-38,moderate,direct_impact,False,True,0;1,"[{""target"":""T2P"",""magnitude"":0.25,""start_week"":12,""duration_weeks"":3,""recovery_weeks"":3},{""target"":""demand"",""magnitude"":0.25,""start_week"":12,""duration_weeks"":3,""recovery_weeks"":2}]",False,0.006350600044243038,A
196,MI-MD,FST-MI-38,severe,singleton,False,False,0,"[{""target"":""T2P"",""magnitude"":0.25,""start_week"":12,""duration_weeks"":3,""recovery_weeks"":3}]",True,0.0,A
197,MI-MD,FST-MI-38,severe,singleton,False,False,1,"[{""target"":""demand"",""magnitude"":0.25,""start_week"":12,""duration_weeks"":3,""recovery_weeks"":2}]",True,0.0,A
198,MI-MD,FST-MI-38,severe,upstream_node_deletion,False,False,1,"[{""target"":""demand"",""magnitude"":0.25,""start_week"":12,""duration_weeks"":3,""recovery_weeks"":2}]",True,0.0,A
199,MI-MD,FST-MI-38,severe,direct_impact,False,True,0;1,"[{""target"":""T2P"",""magnitude"":0.25,""start_week"":12,""duration_weeks"":3,""recovery_weeks"":3},{""target"":""demand"",""magnitude"":0.25,""start_week"":12,""duration_weeks"":3,""recovery_weeks"":2}]",True,0.0,A
200,MI-MD,FST-MI-39,all,candidate_passive,False,False,,"[{""target"":""T2P"",""magnitude"":0.35,""start_week"":12,""duration_weeks"":3,""recovery_weeks"":3},{""target"":""demand"",""magnitude"":0.15,""start_week"":12,""duration_weeks"":3,""recovery_weeks"":2}]",False,0.006884100032038987,A
201,MI-MD,FST-MI-39,all,candidate_active,True,False,,"[{""target"":""T2P"",""magnitude"":0.35,""start_week"":12,""duration_weeks"":3,""recovery_weeks"":3},{""target"":""demand"",""magnitude"":0.15,""start_week"":12,""duration_weeks"":3,""recovery_weeks"":2}]",False,0.007696700049564242,A
202,MI-MD,FST-MI-39,moderate,singleton,False,False,0,"[{""target"":""T2P"",""magnitude"":0.35,""start_week"":12,""duration_weeks"":3,""recovery_weeks"":3}]",True,0.0,A
203,MI-MD,FST-MI-39,moderate,singleton,False,False,1,"[{""target"":""demand"",""magnitude"":0.15,""start_week"":12,""duration_weeks"":3,""recovery_weeks"":2}]",True,0.0,A
204,MI-MD,FST-MI-39,moderate,upstream_node_deletion,False,False,1,"[{""target"":""demand"",""magnitude"":0.15,""start_week"":12,""duration_weeks"":3,""recovery_weeks"":2}]",True,0.0,A
205,MI-MD,FST-MI-39,moderate,direct_impact,False,True,0;1,"[{""target"":""T2P"",""magnitude"":0.35,""start_week"":12,""duration_weeks"":3,""recovery_weeks"":3},{""target"":""demand"",""magnitude"":0.15,""start_week"":12,""duration_weeks"":3,""recovery_weeks"":2}]",False,0.005548099987208843,A
206,MI-MD,FST-MI-39,severe,singleton,False,False,0,"[{""target"":""T2P"",""magnitude"":0.35,""start_week"":12,""duration_weeks"":3,""recovery_weeks"":3}]",True,0.0,A
207,MI-MD,FST-MI-39,severe,singleton,False,False,1,"[{""target"":""demand"",""magnitude"":0.15,""start_week"":12,""duration_weeks"":3,""recovery_weeks"":2}]",True,0.0,A
208,MI-MD,FST-MI-39,severe,upstream_node_deletion,False,False,1,"[{""target"":""demand"",""magnitude"":0.15,""start_week"":12,""duration_weeks"":3,""recovery_weeks"":2}]",True,0.0,A
209,MI-MD,FST-MI-39,severe,direct_impact,False,True,0;1,"[{""target"":""T2P"",""magnitude"":0.35,""start_week"":12,""duration_weeks"":3,""recovery_weeks"":3},{""target"":""demand"",""magnitude"":0.15,""start_week"":12,""duration_weeks"":3,""recovery_weeks"":2}]",True,0.0,A
210,MI-MD,FST-MI-40,all,candidate_passive,False,False,,"[{""target"":""T2P"",""magnitude"":0.35,""start_week"":12,""duration_weeks"":3,""recovery_weeks"":3},{""target"":""demand"",""magnitude"":0.25,""start_week"":12,""duration_weeks"":3,""recovery_weeks"":2}]",False,0.003672800026834011,A
211,MI-MD,FST-MI-40,all,candidate_active,True,False,,"[{""target"":""T2P"",""magnitude"":0.35,""start_week"":12,""duration_weeks"":3,""recovery_weeks"":3},{""target"":""demand"",""magnitude"":0.25,""start_week"":12,""duration_weeks"":3,""recovery_weeks"":2}]",False,0.003599399991799146,A
212,MI-MD,FST-MI-40,moderate,singleton,False,False,0,"[{""target"":""T2P"",""magnitude"":0.35,""start_week"":12,""duration_weeks"":3,""recovery_weeks"":3}]",True,0.0,A
213,MI-MD,FST-MI-40,moderate,singleton,False,False,1,"[{""target"":""demand"",""magnitude"":0.25,""start_week"":12,""duration_weeks"":3,""recovery_weeks"":2}]",True,0.0,A
214,MI-MD,FST-MI-40,moderate,upstream_node_deletion,False,False,1,"[{""target"":""demand"",""magnitude"":0.25,""start_week"":12,""duration_weeks"":3,""recovery_weeks"":2}]",True,0.0,A
215,MI-MD,FST-MI-40,moderate,direct_impact,False,True,0;1,"[{""target"":""T2P"",""magnitude"":0.35,""start_week"":12,""duration_weeks"":3,""recovery_weeks"":3},{""target"":""demand"",""magnitude"":0.25,""start_week"":12,""duration_weeks"":3,""recovery_weeks"":2}]",False,0.004146199964452535,A
216,MI-MD,FST-MI-40,severe,singleton,False,False,0,"[{""target"":""T2P"",""magnitude"":0.35,""start_week"":12,""duration_weeks"":3,""recovery_weeks"":3}]",True,0.0,A
217,MI-MD,FST-MI-40,severe,singleton,False,False,1,"[{""target"":""demand"",""magnitude"":0.25,""start_week"":12,""duration_weeks"":3,""recovery_weeks"":2}]",True,0.0,A
218,MI-MD,FST-MI-40,severe,upstream_node_deletion,False,False,1,"[{""target"":""demand"",""magnitude"":0.25,""start_week"":12,""duration_weeks"":3,""recovery_weeks"":2}]",True,0.0,A
219,MI-MD,FST-MI-40,severe,direct_impact,False,True,0;1,"[{""target"":""T2P"",""magnitude"":0.35,""start_week"":12,""duration_weeks"":3,""recovery_weeks"":3},{""target"":""demand"",""magnitude"":0.25,""start_week"":12,""duration_weeks"":3,""recovery_weeks"":2}]",True,0.0,A
220,MI-MD,FST-MI-41,all,candidate_passive,False,False,,"[{""target"":""T2P"",""magnitude"":0.3,""start_week"":12,""duration_weeks"":3,""recovery_weeks"":3},{""target"":""corridor"",""magnitude"":0.5,""start_week"":15,""duration_weeks"":2,""recovery_weeks"":3}]",False,0.003968199947848916,A
221,MI-MD,FST-MI-41,all,candidate_active,True,False,,"[{""target"":""T2P"",""magnitude"":0.3,""start_week"":12,""duration_weeks"":3,""recovery_weeks"":3},{""target"":""corridor"",""magnitude"":0.5,""start_week"":15,""duration_weeks"":2,""recovery_weeks"":3}]",False,0.003900500014424324,A
222,MI-MD,FST-MI-41,moderate,singleton,False,False,0,"[{""target"":""T2P"",""magnitude"":0.3,""start_week"":12,""duration_weeks"":3,""recovery_weeks"":3}]",False,0.006433700036723167,A
223,MI-MD,FST-MI-41,moderate,singleton,False,False,1,"[{""target"":""corridor"",""magnitude"":0.5,""start_week"":15,""duration_weeks"":2,""recovery_weeks"":3}]",False,0.006678399979136884,A
224,MI-MD,FST-MI-41,moderate,upstream_node_deletion,False,False,1,"[{""target"":""corridor"",""magnitude"":0.5,""start_week"":15,""duration_weeks"":2,""recovery_weeks"":3}]",True,0.0,A
225,MI-MD,FST-MI-41,moderate,direct_impact,False,True,0;1,"[{""target"":""T2P"",""magnitude"":0.3,""start_week"":12,""duration_weeks"":3,""recovery_weeks"":3},{""target"":""corridor"",""magnitude"":0.5,""start_week"":15,""duration_weeks"":2,""recovery_weeks"":3}]",False,0.004682100028730929,A
226,MI-MD,FST-MI-41,moderate,later_event_deletion,False,False,0,"[{""target"":""T2P"",""magnitude"":0.3,""start_week"":12,""duration_weeks"":3,""recovery_weeks"":3}]",True,0.0,A
227,MI-MD,FST-MI-41,severe,singleton,False,False,0,"[{""target"":""T2P"",""magnitude"":0.3,""start_week"":12,""duration_weeks"":3,""recovery_weeks"":3}]",True,0.0,A
228,MI-MD,FST-MI-41,severe,singleton,False,False,1,"[{""target"":""corridor"",""magnitude"":0.5,""start_week"":15,""duration_weeks"":2,""recovery_weeks"":3}]",True,0.0,A
229,MI-MD,FST-MI-41,severe,upstream_node_deletion,False,False,1,"[{""target"":""corridor"",""magnitude"":0.5,""start_week"":15,""duration_weeks"":2,""recovery_weeks"":3}]",True,0.0,A
230,MI-MD,FST-MI-41,severe,direct_impact,False,True,0;1,"[{""target"":""T2P"",""magnitude"":0.3,""start_week"":12,""duration_weeks"":3,""recovery_weeks"":3},{""target"":""corridor"",""magnitude"":0.5,""start_week"":15,""duration_weeks"":2,""recovery_weeks"":3}]",True,0.0,A
231,MI-MD,FST-MI-41,severe,later_event_deletion,False,False,0,"[{""target"":""T2P"",""magnitude"":0.3,""start_week"":12,""duration_weeks"":3,""recovery_weeks"":3}]",True,0.0,A
232,MI-MD,FST-MI-42,all,candidate_passive,False,False,,"[{""target"":""T2P"",""magnitude"":0.4,""start_week"":12,""duration_weeks"":3,""recovery_weeks"":3},{""target"":""corridor"",""magnitude"":0.5,""start_week"":15,""duration_weeks"":2,""recovery_weeks"":3}]",False,0.0038695000112056732,A
233,MI-MD,FST-MI-42,all,candidate_active,True,False,,"[{""target"":""T2P"",""magnitude"":0.4,""start_week"":12,""duration_weeks"":3,""recovery_weeks"":3},{""target"":""corridor"",""magnitude"":0.5,""start_week"":15,""duration_weeks"":2,""recovery_weeks"":3}]",False,0.005717599997296929,A
234,MI-MD,FST-MI-42,moderate,singleton,False,False,0,"[{""target"":""T2P"",""magnitude"":0.4,""start_week"":12,""duration_weeks"":3,""recovery_weeks"":3}]",False,0.0034423000179231167,A
235,MI-MD,FST-MI-42,moderate,singleton,False,False,1,"[{""target"":""corridor"",""magnitude"":0.5,""start_week"":15,""duration_weeks"":2,""recovery_weeks"":3}]",True,0.0,A
236,MI-MD,FST-MI-42,moderate,upstream_node_deletion,False,False,1,"[{""target"":""corridor"",""magnitude"":0.5,""start_week"":15,""duration_weeks"":2,""recovery_weeks"":3}]",True,0.0,A
237,MI-MD,FST-MI-42,moderate,direct_impact,False,True,0;1,"[{""target"":""T2P"",""magnitude"":0.4,""start_week"":12,""duration_weeks"":3,""recovery_weeks"":3},{""target"":""corridor"",""magnitude"":0.5,""start_week"":15,""duration_weeks"":2,""recovery_weeks"":3}]",False,0.003944199997931719,A
238,MI-MD,FST-MI-42,moderate,later_event_deletion,False,False,0,"[{""target"":""T2P"",""magnitude"":0.4,""start_week"":12,""duration_weeks"":3,""recovery_weeks"":3}]",True,0.0,A
239,MI-MD,FST-MI-42,severe,singleton,False,False,0,"[{""target"":""T2P"",""magnitude"":0.4,""start_week"":12,""duration_weeks"":3,""recovery_weeks"":3}]",True,0.0,A
240,MI-MD,FST-MI-42,severe,singleton,False,False,1,"[{""target"":""corridor"",""magnitude"":0.5,""start_week"":15,""duration_weeks"":2,""recovery_weeks"":3}]",True,0.0,A
241,MI-MD,FST-MI-42,severe,upstream_node_deletion,False,False,1,"[{""target"":""corridor"",""magnitude"":0.5,""start_week"":15,""duration_weeks"":2,""recovery_weeks"":3}]",True,0.0,A
242,MI-MD,FST-MI-42,severe,direct_impact,False,True,0;1,"[{""target"":""T2P"",""magnitude"":0.4,""start_week"":12,""duration_weeks"":3,""recovery_weeks"":3},{""target"":""corridor"",""magnitude"":0.5,""start_week"":15,""duration_weeks"":2,""recovery_weeks"":3}]",True,0.0,A
243,MI-MD,FST-MI-42,severe,later_event_deletion,False,False,0,"[{""target"":""T2P"",""magnitude"":0.4,""start_week"":12,""duration_weeks"":3,""recovery_weeks"":3}]",True,0.0,A
244,MI-MD,FST-MI-43,all,candidate_passive,False,False,,"[{""target"":""T2P"",""magnitude"":0.5,""start_week"":12,""duration_weeks"":3,""recovery_weeks"":3},{""target"":""corridor"",""magnitude"":0.5,""start_week"":15,""duration_weeks"":2,""recovery_weeks"":3}]",False,0.006372800038661808,A
245,MI-MD,FST-MI-43,all,candidate_active,True,False,,"[{""target"":""T2P"",""magnitude"":0.5,""start_week"":12,""duration_weeks"":3,""recovery_weeks"":3},{""target"":""corridor"",""magnitude"":0.5,""start_week"":15,""duration_weeks"":2,""recovery_weeks"":3}]",False,0.007488300034310669,A
246,MI-MD,FST-MI-43,moderate,singleton,False,False,0,"[{""target"":""T2P"",""magnitude"":0.5,""start_week"":12,""duration_weeks"":3,""recovery_weeks"":3}]",True,0.0,A
247,MI-MD,FST-MI-43,moderate,singleton,False,False,1,"[{""target"":""corridor"",""magnitude"":0.5,""start_week"":15,""duration_weeks"":2,""recovery_weeks"":3}]",True,0.0,A
248,MI-MD,FST-MI-43,moderate,upstream_node_deletion,False,False,1,"[{""target"":""corridor"",""magnitude"":0.5,""start_week"":15,""duration_weeks"":2,""recovery_weeks"":3}]",True,0.0,A
249,MI-MD,FST-MI-43,moderate,direct_impact,False,True,0;1,"[{""target"":""T2P"",""magnitude"":0.5,""start_week"":12,""duration_weeks"":3,""recovery_weeks"":3},{""target"":""corridor"",""magnitude"":0.5,""start_week"":15,""duration_weeks"":2,""recovery_weeks"":3}]",False,0.00752649997593835,A
250,MI-MD,FST-MI-43,moderate,later_event_deletion,False,False,0,"[{""target"":""T2P"",""magnitude"":0.5,""start_week"":12,""duration_weeks"":3,""recovery_weeks"":3}]",True,0.0,A
251,MI-MD,FST-MI-43,severe,singleton,False,False,0,"[{""target"":""T2P"",""magnitude"":0.5,""start_week"":12,""duration_weeks"":3,""recovery_weeks"":3}]",True,0.0,A
252,MI-MD,FST-MI-43,severe,singleton,False,False,1,"[{""target"":""corridor"",""magnitude"":0.5,""start_week"":15,""duration_weeks"":2,""recovery_weeks"":3}]",True,0.0,A
253,MI-MD,FST-MI-43,severe,upstream_node_deletion,False,False,1,"[{""target"":""corridor"",""magnitude"":0.5,""start_week"":15,""duration_weeks"":2,""recovery_weeks"":3}]",True,0.0,A
254,MI-MD,FST-MI-43,severe,direct_impact,False,True,0;1,"[{""target"":""T2P"",""magnitude"":0.5,""start_week"":12,""duration_weeks"":3,""recovery_weeks"":3},{""target"":""corridor"",""magnitude"":0.5,""start_week"":15,""duration_weeks"":2,""recovery_weeks"":3}]",True,0.0,A
255,MI-MD,FST-MI-43,severe,later_event_deletion,False,False,0,"[{""target"":""T2P"",""magnitude"":0.5,""start_week"":12,""duration_weeks"":3,""recovery_weeks"":3}]",True,0.0,A
256,MI-MD,FST-MI-44,all,candidate_passive,False,False,,"[{""target"":""T2P"",""magnitude"":0.6,""start_week"":12,""duration_weeks"":3,""recovery_weeks"":3},{""target"":""corridor"",""magnitude"":0.5,""start_week"":15,""duration_weeks"":2,""recovery_weeks"":3}]",False,0.0055253999889828265,A
257,MI-MD,FST-MI-44,all,candidate_active,True,False,,"[{""target"":""T2P"",""magnitude"":0.6,""start_week"":12,""duration_weeks"":3,""recovery_weeks"":3},{""target"":""corridor"",""magnitude"":0.5,""start_week"":15,""duration_weeks"":2,""recovery_weeks"":3}]",False,0.0069139000261202455,A
258,MI-MD,FST-MI-44,moderate,singleton,False,False,0,"[{""target"":""T2P"",""magnitude"":0.6,""start_week"":12,""duration_weeks"":3,""recovery_weeks"":3}]",False,0.006452900008298457,A
259,MI-MD,FST-MI-44,moderate,singleton,False,False,1,"[{""target"":""corridor"",""magnitude"":0.5,""start_week"":15,""duration_weeks"":2,""recovery_weeks"":3}]",True,0.0,A
260,MI-MD,FST-MI-44,moderate,upstream_node_deletion,False,False,1,"[{""target"":""corridor"",""magnitude"":0.5,""start_week"":15,""duration_weeks"":2,""recovery_weeks"":3}]",True,0.0,A
261,MI-MD,FST-MI-44,moderate,direct_impact,False,True,0;1,"[{""target"":""T2P"",""magnitude"":0.6,""start_week"":12,""duration_weeks"":3,""recovery_weeks"":3},{""target"":""corridor"",""magnitude"":0.5,""start_week"":15,""duration_weeks"":2,""recovery_weeks"":3}]",False,0.007594199967570603,A
262,MI-MD,FST-MI-44,moderate,later_event_deletion,False,False,0,"[{""target"":""T2P"",""magnitude"":0.6,""start_week"":12,""duration_weeks"":3,""recovery_weeks"":3}]",True,0.0,A
263,MI-MD,FST-MI-44,severe,singleton,False,False,0,"[{""target"":""T2P"",""magnitude"":0.6,""start_week"":12,""duration_weeks"":3,""recovery_weeks"":3}]",True,0.0,A
264,MI-MD,FST-MI-44,severe,singleton,False,False,1,"[{""target"":""corridor"",""magnitude"":0.5,""start_week"":15,""duration_weeks"":2,""recovery_weeks"":3}]",True,0.0,A
265,MI-MD,FST-MI-44,severe,upstream_node_deletion,False,False,1,"[{""target"":""corridor"",""magnitude"":0.5,""start_week"":15,""duration_weeks"":2,""recovery_weeks"":3}]",True,0.0,A
266,MI-MD,FST-MI-44,severe,direct_impact,False,True,0;1,"[{""target"":""T2P"",""magnitude"":0.6,""start_week"":12,""duration_weeks"":3,""recovery_weeks"":3},{""target"":""corridor"",""magnitude"":0.5,""start_week"":15,""duration_weeks"":2,""recovery_weeks"":3}]",True,0.0,A
267,MI-MD,FST-MI-44,severe,later_event_deletion,False,False,0,"[{""target"":""T2P"",""magnitude"":0.6,""start_week"":12,""duration_weeks"":3,""recovery_weeks"":3}]",True,0.0,A
268,MI-MD,FST-MI-45,all,candidate_passive,False,False,,"[{""target"":""T2P"",""magnitude"":0.7,""start_week"":12,""duration_weeks"":3,""recovery_weeks"":3},{""target"":""corridor"",""magnitude"":0.5,""start_week"":15,""duration_weeks"":2,""recovery_weeks"":3}]",False,0.004865200025960803,A
269,MI-MD,FST-MI-45,all,candidate_active,True,False,,"[{""target"":""T2P"",""magnitude"":0.7,""start_week"":12,""duration_weeks"":3,""recovery_weeks"":3},{""target"":""corridor"",""magnitude"":0.5,""start_week"":15,""duration_weeks"":2,""recovery_weeks"":3}]",False,0.007001299993135035,A
270,MI-MD,FST-MI-45,moderate,singleton,False,False,0,"[{""target"":""T2P"",""magnitude"":0.7,""start_week"":12,""duration_weeks"":3,""recovery_weeks"":3}]",True,0.0,A
271,MI-MD,FST-MI-45,moderate,singleton,False,False,1,"[{""target"":""corridor"",""magnitude"":0.5,""start_week"":15,""duration_weeks"":2,""recovery_weeks"":3}]",True,0.0,A
272,MI-MD,FST-MI-45,moderate,upstream_node_deletion,False,False,1,"[{""target"":""corridor"",""magnitude"":0.5,""start_week"":15,""duration_weeks"":2,""recovery_weeks"":3}]",True,0.0,A
273,MI-MD,FST-MI-45,moderate,direct_impact,False,True,0;1,"[{""target"":""T2P"",""magnitude"":0.7,""start_week"":12,""duration_weeks"":3,""recovery_weeks"":3},{""target"":""corridor"",""magnitude"":0.5,""start_week"":15,""duration_weeks"":2,""recovery_weeks"":3}]",False,0.006368900008965284,A
274,MI-MD,FST-MI-45,moderate,later_event_deletion,False,False,0,"[{""target"":""T2P"",""magnitude"":0.7,""start_week"":12,""duration_weeks"":3,""recovery_weeks"":3}]",True,0.0,A
275,MI-MD,FST-MI-45,severe,singleton,False,False,0,"[{""target"":""T2P"",""magnitude"":0.7,""start_week"":12,""duration_weeks"":3,""recovery_weeks"":3}]",True,0.0,A
276,MI-MD,FST-MI-45,severe,singleton,False,False,1,"[{""target"":""corridor"",""magnitude"":0.5,""start_week"":15,""duration_weeks"":2,""recovery_weeks"":3}]",True,0.0,A
277,MI-MD,FST-MI-45,severe,upstream_node_deletion,False,False,1,"[{""target"":""corridor"",""magnitude"":0.5,""start_week"":15,""duration_weeks"":2,""recovery_weeks"":3}]",True,0.0,A
278,MI-MD,FST-MI-45,severe,direct_impact,False,True,0;1,"[{""target"":""T2P"",""magnitude"":0.7,""start_week"":12,""duration_weeks"":3,""recovery_weeks"":3},{""target"":""corridor"",""magnitude"":0.5,""start_week"":15,""duration_weeks"":2,""recovery_weeks"":3}]",True,0.0,A
279,MI-MD,FST-MI-45,severe,later_event_deletion,False,False,0,"[{""target"":""T2P"",""magnitude"":0.7,""start_week"":12,""duration_weeks"":3,""recovery_weeks"":3}]",True,0.0,A
280,MI-MD,FST-MI-46,all,candidate_passive,False,False,,"[{""target"":""corridor"",""magnitude"":0.3,""start_week"":12,""duration_weeks"":3,""recovery_weeks"":3},{""target"":""T2P"",""magnitude"":0.5,""start_week"":15,""duration_weeks"":2,""recovery_weeks"":3}]",False,0.004392500035464764,A
281,MI-MD,FST-MI-46,all,candidate_active,True,False,,"[{""target"":""corridor"",""magnitude"":0.3,""start_week"":12,""duration_weeks"":3,""recovery_weeks"":3},{""target"":""T2P"",""magnitude"":0.5,""start_week"":15,""duration_weeks"":2,""recovery_weeks"":3}]",False,0.0072950999601744115,A
282,MI-MD,FST-MI-46,moderate,singleton,False,False,0,"[{""target"":""corridor"",""magnitude"":0.3,""start_week"":12,""duration_weeks"":3,""recovery_weeks"":3}]",True,0.0,A
283,MI-MD,FST-MI-46,moderate,singleton,False,False,1,"[{""target"":""T2P"",""magnitude"":0.5,""start_week"":15,""duration_weeks"":2,""recovery_weeks"":3}]",False,0.006914799974765629,A
284,MI-MD,FST-MI-46,moderate,upstream_node_deletion,False,False,0,"[{""target"":""corridor"",""magnitude"":0.3,""start_week"":12,""duration_weeks"":3,""recovery_weeks"":3}]",True,0.0,A
285,MI-MD,FST-MI-46,moderate,direct_impact,False,True,0;1,"[{""target"":""corridor"",""magnitude"":0.3,""start_week"":12,""duration_weeks"":3,""recovery_weeks"":3},{""target"":""T2P"",""magnitude"":0.5,""start_week"":15,""duration_weeks"":2,""recovery_weeks"":3}]",False,0.007722000009380281,A
286,MI-MD,FST-MI-46,moderate,later_event_deletion,False,False,0,"[{""target"":""corridor"",""magnitude"":0.3,""start_week"":12,""duration_weeks"":3,""recovery_weeks"":3}]",True,0.0,A
287,MI-MD,FST-MI-46,severe,singleton,False,False,0,"[{""target"":""corridor"",""magnitude"":0.3,""start_week"":12,""duration_weeks"":3,""recovery_weeks"":3}]",True,0.0,A
288,MI-MD,FST-MI-46,severe,singleton,False,False,1,"[{""target"":""T2P"",""magnitude"":0.5,""start_week"":15,""duration_weeks"":2,""recovery_weeks"":3}]",True,0.0,A
289,MI-MD,FST-MI-46,severe,upstream_node_deletion,False,False,0,"[{""target"":""corridor"",""magnitude"":0.3,""start_week"":12,""duration_weeks"":3,""recovery_weeks"":3}]",True,0.0,A
290,MI-MD,FST-MI-46,severe,direct_impact,False,True,0;1,"[{""target"":""corridor"",""magnitude"":0.3,""start_week"":12,""duration_weeks"":3,""recovery_weeks"":3},{""target"":""T2P"",""magnitude"":0.5,""start_week"":15,""duration_weeks"":2,""recovery_weeks"":3}]",True,0.0,A
291,MI-MD,FST-MI-46,severe,later_event_deletion,False,False,0,"[{""target"":""corridor"",""magnitude"":0.3,""start_week"":12,""duration_weeks"":3,""recovery_weeks"":3}]",True,0.0,A
292,MI-MD,FST-MI-47,all,candidate_passive,False,False,,"[{""target"":""corridor"",""magnitude"":0.4,""start_week"":12,""duration_weeks"":3,""recovery_weeks"":3},{""target"":""T2P"",""magnitude"":0.5,""start_week"":15,""duration_weeks"":2,""recovery_weeks"":3}]",False,0.006473599991295487,A
293,MI-MD,FST-MI-47,all,candidate_active,True,False,,"[{""target"":""corridor"",""magnitude"":0.4,""start_week"":12,""duration_weeks"":3,""recovery_weeks"":3},{""target"":""T2P"",""magnitude"":0.5,""start_week"":15,""duration_weeks"":2,""recovery_weeks"":3}]",False,0.004461299977265298,A
294,MI-MD,FST-MI-47,moderate,singleton,False,False,0,"[{""target"":""corridor"",""magnitude"":0.4,""start_week"":12,""duration_weeks"":3,""recovery_weeks"":3}]",False,0.005114100000355393,A
295,MI-MD,FST-MI-47,severe,singleton,False,False,0,"[{""target"":""corridor"",""magnitude"":0.4,""start_week"":12,""duration_weeks"":3,""recovery_weeks"":3}]",True,0.0,A
296,MI-MD,FST-MI-47,severe,singleton,False,False,1,"[{""target"":""T2P"",""magnitude"":0.5,""start_week"":15,""duration_weeks"":2,""recovery_weeks"":3}]",True,0.0,A
297,MI-MD,FST-MI-47,severe,upstream_node_deletion,False,False,0,"[{""target"":""corridor"",""magnitude"":0.4,""start_week"":12,""duration_weeks"":3,""recovery_weeks"":3}]",True,0.0,A
298,MI-MD,FST-MI-47,severe,direct_impact,False,True,0;1,"[{""target"":""corridor"",""magnitude"":0.4,""start_week"":12,""duration_weeks"":3,""recovery_weeks"":3},{""target"":""T2P"",""magnitude"":0.5,""start_week"":15,""duration_weeks"":2,""recovery_weeks"":3}]",False,0.004768799990415573,A
299,MI-MD,FST-MI-47,severe,later_event_deletion,False,False,0,"[{""target"":""corridor"",""magnitude"":0.4,""start_week"":12,""duration_weeks"":3,""recovery_weeks"":3}]",True,0.0,A
300,MI-MD,FST-MI-48,all,candidate_passive,False,False,,"[{""target"":""corridor"",""magnitude"":0.5,""start_week"":12,""duration_weeks"":3,""recovery_weeks"":3},{""target"":""T2P"",""magnitude"":0.5,""start_week"":15,""duration_weeks"":2,""recovery_weeks"":3}]",False,0.005145900009665638,A
301,MI-MD,FST-MI-48,all,candidate_active,True,False,,"[{""target"":""corridor"",""magnitude"":0.5,""start_week"":12,""duration_weeks"":3,""recovery_weeks"":3},{""target"":""T2P"",""magnitude"":0.5,""start_week"":15,""duration_weeks"":2,""recovery_weeks"":3}]",False,0.0046236999914981425,A
302,MI-MD,FST-MI-48,moderate,singleton,False,False,0,"[{""target"":""corridor"",""magnitude"":0.5,""start_week"":12,""duration_weeks"":3,""recovery_weeks"":3}]",False,0.003393599996343255,A
303,MI-MD,FST-MI-48,severe,singleton,False,False,0,"[{""target"":""corridor"",""magnitude"":0.5,""start_week"":12,""duration_weeks"":3,""recovery_weeks"":3}]",True,0.0,A
304,MI-MD,FST-MI-48,severe,singleton,False,False,1,"[{""target"":""T2P"",""magnitude"":0.5,""start_week"":15,""duration_weeks"":2,""recovery_weeks"":3}]",True,0.0,A
305,MI-MD,FST-MI-48,severe,upstream_node_deletion,False,False,0,"[{""target"":""corridor"",""magnitude"":0.5,""start_week"":12,""duration_weeks"":3,""recovery_weeks"":3}]",True,0.0,A
306,MI-MD,FST-MI-48,severe,direct_impact,False,True,0;1,"[{""target"":""corridor"",""magnitude"":0.5,""start_week"":12,""duration_weeks"":3,""recovery_weeks"":3},{""target"":""T2P"",""magnitude"":0.5,""start_week"":15,""duration_weeks"":2,""recovery_weeks"":3}]",False,0.0061648000264540315,A
307,MI-MD,FST-MI-48,severe,later_event_deletion,False,False,0,"[{""target"":""corridor"",""magnitude"":0.5,""start_week"":12,""duration_weeks"":3,""recovery_weeks"":3}]",True,0.0,A
308,MI-MD,FST-MI-49,all,candidate_passive,False,False,,"[{""target"":""corridor"",""magnitude"":0.6,""start_week"":12,""duration_weeks"":3,""recovery_weeks"":3},{""target"":""T2P"",""magnitude"":0.5,""start_week"":15,""duration_weeks"":2,""recovery_weeks"":3}]",False,0.007544499996583909,A
309,MI-MD,FST-MI-49,all,candidate_active,True,False,,"[{""target"":""corridor"",""magnitude"":0.6,""start_week"":12,""duration_weeks"":3,""recovery_weeks"":3},{""target"":""T2P"",""magnitude"":0.5,""start_week"":15,""duration_weeks"":2,""recovery_weeks"":3}]",False,0.007824699976481497,A
310,MI-MD,FST-MI-49,moderate,singleton,False,False,0,"[{""target"":""corridor"",""magnitude"":0.6,""start_week"":12,""duration_weeks"":3,""recovery_weeks"":3}]",True,0.0,A
311,MI-MD,FST-MI-49,severe,singleton,False,False,0,"[{""target"":""corridor"",""magnitude"":0.6,""start_week"":12,""duration_weeks"":3,""recovery_weeks"":3}]",True,0.0,A
312,MI-MD,FST-MI-49,severe,singleton,False,False,1,"[{""target"":""T2P"",""magnitude"":0.5,""start_week"":15,""duration_weeks"":2,""recovery_weeks"":3}]",True,0.0,A
313,MI-MD,FST-MI-49,severe,upstream_node_deletion,False,False,0,"[{""target"":""corridor"",""magnitude"":0.6,""start_week"":12,""duration_weeks"":3,""recovery_weeks"":3}]",True,0.0,A
314,MI-MD,FST-MI-49,severe,direct_impact,False,True,0;1,"[{""target"":""corridor"",""magnitude"":0.6,""start_week"":12,""duration_weeks"":3,""recovery_weeks"":3},{""target"":""T2P"",""magnitude"":0.5,""start_week"":15,""duration_weeks"":2,""recovery_weeks"":3}]",False,0.008252900035586208,A
315,MI-MD,FST-MI-49,severe,later_event_deletion,False,False,0,"[{""target"":""corridor"",""magnitude"":0.6,""start_week"":12,""duration_weeks"":3,""recovery_weeks"":3}]",True,0.0,A
316,MI-MD,FST-MI-50,all,candidate_passive,False,False,,"[{""target"":""corridor"",""magnitude"":0.7,""start_week"":12,""duration_weeks"":3,""recovery_weeks"":3},{""target"":""T2P"",""magnitude"":0.5,""start_week"":15,""duration_weeks"":2,""recovery_weeks"":3}]",False,0.007210000010672957,A
317,MI-MD,FST-MI-50,all,candidate_active,True,False,,"[{""target"":""corridor"",""magnitude"":0.7,""start_week"":12,""duration_weeks"":3,""recovery_weeks"":3},{""target"":""T2P"",""magnitude"":0.5,""start_week"":15,""duration_weeks"":2,""recovery_weeks"":3}]",False,0.007940199982840568,A
318,MI-MD,FST-MI-50,moderate,singleton,False,False,0,"[{""target"":""corridor"",""magnitude"":0.7,""start_week"":12,""duration_weeks"":3,""recovery_weeks"":3}]",False,0.006236999994143844,A
319,MI-MD,FST-MI-50,severe,singleton,False,False,0,"[{""target"":""corridor"",""magnitude"":0.7,""start_week"":12,""duration_weeks"":3,""recovery_weeks"":3}]",True,0.0,A
320,MI-MD,FST-MI-50,severe,singleton,False,False,1,"[{""target"":""T2P"",""magnitude"":0.5,""start_week"":15,""duration_weeks"":2,""recovery_weeks"":3}]",True,0.0,A
321,MI-MD,FST-MI-50,severe,upstream_node_deletion,False,False,0,"[{""target"":""corridor"",""magnitude"":0.7,""start_week"":12,""duration_weeks"":3,""recovery_weeks"":3}]",True,0.0,A
322,MI-MD,FST-MI-50,severe,direct_impact,False,True,0;1,"[{""target"":""corridor"",""magnitude"":0.7,""start_week"":12,""duration_weeks"":3,""recovery_weeks"":3},{""target"":""T2P"",""magnitude"":0.5,""start_week"":15,""duration_weeks"":2,""recovery_weeks"":3}]",False,0.00572489999467507,A
323,MI-MD,FST-MI-50,severe,later_event_deletion,False,False,0,"[{""target"":""corridor"",""magnitude"":0.7,""start_week"":12,""duration_weeks"":3,""recovery_weeks"":3}]",True,0.0,A
1,MI-MDA,FST-MI-01,all,candidate_passive,False,False,,"[{""target"":""S1A"",""magnitude"":0.5,""start_week"":12,""duration_weeks"":4,""recovery_weeks"":3}]",False,0.0066642999881878495,A
2,MI-MDA,FST-MI-01,all,candidate_active,True,False,,"[{""target"":""S1A"",""magnitude"":0.5,""start_week"":12,""duration_weeks"":4,""recovery_weeks"":3}]",False,0.004118100041523576,A
3,MI-MDA,FST-MI-01,moderate,singleton,False,False,0,"[{""target"":""S1A"",""magnitude"":0.5,""start_week"":12,""duration_weeks"":4,""recovery_weeks"":3}]",True,0.0,A
4,MI-MDA,FST-MI-02,all,candidate_passive,False,False,,"[{""target"":""S1A"",""magnitude"":0.7,""start_week"":12,""duration_weeks"":4,""recovery_weeks"":3}]",False,0.0035374999861232936,A
5,MI-MDA,FST-MI-02,all,candidate_active,True,False,,"[{""target"":""S1A"",""magnitude"":0.7,""start_week"":12,""duration_weeks"":4,""recovery_weeks"":3}]",False,0.0041467000264674425,A
6,MI-MDA,FST-MI-02,moderate,singleton,False,False,0,"[{""target"":""S1A"",""magnitude"":0.7,""start_week"":12,""duration_weeks"":4,""recovery_weeks"":3}]",True,0.0,A
7,MI-MDA,FST-MI-03,all,candidate_passive,False,False,,"[{""target"":""S1B"",""magnitude"":0.5,""start_week"":12,""duration_weeks"":4,""recovery_weeks"":3}]",False,0.006707899970933795,A
8,MI-MDA,FST-MI-03,all,candidate_active,True,False,,"[{""target"":""S1B"",""magnitude"":0.5,""start_week"":12,""duration_weeks"":4,""recovery_weeks"":3}]",False,0.004697700031101704,A
9,MI-MDA,FST-MI-03,moderate,singleton,False,False,0,"[{""target"":""S1B"",""magnitude"":0.5,""start_week"":12,""duration_weeks"":4,""recovery_weeks"":3}]",True,0.0,A
10,MI-MDA,FST-MI-04,all,candidate_passive,False,False,,"[{""target"":""S1B"",""magnitude"":0.7,""start_week"":12,""duration_weeks"":4,""recovery_weeks"":3}]",False,0.005389500001911074,A
11,MI-MDA,FST-MI-04,all,candidate_active,True,False,,"[{""target"":""S1B"",""magnitude"":0.7,""start_week"":12,""duration_weeks"":4,""recovery_weeks"":3}]",False,0.0033514999668113887,A
12,MI-MDA,FST-MI-04,moderate,singleton,False,False,0,"[{""target"":""S1B"",""magnitude"":0.7,""start_week"":12,""duration_weeks"":4,""recovery_weeks"":3}]",True,0.0,A
13,MI-MDA,FST-MI-05,all,candidate_passive,False,False,,"[{""target"":""S1C"",""magnitude"":0.5,""start_week"":12,""duration_weeks"":4,""recovery_weeks"":3}]",False,0.003208999987691641,A
14,MI-MDA,FST-MI-05,all,candidate_active,True,False,,"[{""target"":""S1C"",""magnitude"":0.5,""start_week"":12,""duration_weeks"":4,""recovery_weeks"":3}]",False,0.004269800032489002,A
15,MI-MDA,FST-MI-05,moderate,singleton,False,False,0,"[{""target"":""S1C"",""magnitude"":0.5,""start_week"":12,""duration_weeks"":4,""recovery_weeks"":3}]",True,0.0,A
16,MI-MDA,FST-MI-06,all,candidate_passive,False,False,,"[{""target"":""S1C"",""magnitude"":0.7,""start_week"":12,""duration_weeks"":4,""recovery_weeks"":3}]",False,0.006819200003519654,A
17,MI-MDA,FST-MI-06,all,candidate_active,True,False,,"[{""target"":""S1C"",""magnitude"":0.7,""start_week"":12,""duration_weeks"":4,""recovery_weeks"":3}]",False,0.0053393999696709216,A
18,MI-MDA,FST-MI-06,moderate,singleton,False,False,0,"[{""target"":""S1C"",""magnitude"":0.7,""start_week"":12,""duration_weeks"":4,""recovery_weeks"":3}]",True,0.0,A
19,MI-MDA,FST-MI-07,all,candidate_passive,False,False,,"[{""target"":""T2P"",""magnitude"":0.2,""start_week"":12,""duration_weeks"":3,""recovery_weeks"":3}]",False,0.0033905000309459865,A
20,MI-MDA,FST-MI-08,all,candidate_passive,False,False,,"[{""target"":""T2P"",""magnitude"":0.2,""start_week"":12,""duration_weeks"":6,""recovery_weeks"":3}]",False,0.004781400028150529,A
21,MI-MDA,FST-MI-09,all,candidate_passive,False,False,,"[{""target"":""T2P"",""magnitude"":0.35,""start_week"":12,""duration_weeks"":3,""recovery_weeks"":3}]",False,0.004625000001396984,A
22,MI-MDA,FST-MI-09,all,candidate_active,True,False,,"[{""target"":""T2P"",""magnitude"":0.35,""start_week"":12,""duration_weeks"":3,""recovery_weeks"":3}]",False,0.004391100024804473,A
23,MI-MDA,FST-MI-09,moderate,singleton,False,False,0,"[{""target"":""T2P"",""magnitude"":0.35,""start_week"":12,""duration_weeks"":3,""recovery_weeks"":3}]",True,0.0,A
24,MI-MDA,FST-MI-09,moderate,upstream_node_deletion,False,False,,[],False,0.00491289998171851,A
25,MI-MDA,FST-MI-09,moderate,direct_impact,False,True,0,"[{""target"":""T2P"",""magnitude"":0.35,""start_week"":12,""duration_weeks"":3,""recovery_weeks"":3}]",False,0.006280899979174137,A
26,MI-MDA,FST-MI-10,all,candidate_passive,False,False,,"[{""target"":""T2P"",""magnitude"":0.35,""start_week"":12,""duration_weeks"":6,""recovery_weeks"":3}]",False,0.005550000001676381,A
27,MI-MDA,FST-MI-10,all,candidate_active,True,False,,"[{""target"":""T2P"",""magnitude"":0.35,""start_week"":12,""duration_weeks"":6,""recovery_weeks"":3}]",False,0.0036116999690420926,A
28,MI-MDA,FST-MI-10,moderate,singleton,False,False,0,"[{""target"":""T2P"",""magnitude"":0.35,""start_week"":12,""duration_weeks"":6,""recovery_weeks"":3}]",True,0.0,A
29,MI-MDA,FST-MI-10,moderate,upstream_node_deletion,False,False,,[],True,0.0,A
30,MI-MDA,FST-MI-10,moderate,direct_impact,False,True,0,"[{""target"":""T2P"",""magnitude"":0.35,""start_week"":12,""duration_weeks"":6,""recovery_weeks"":3}]",False,0.003376800043042749,A
31,MI-MDA,FST-MI-10,severe,singleton,False,False,0,"[{""target"":""T2P"",""magnitude"":0.35,""start_week"":12,""duration_weeks"":6,""recovery_weeks"":3}]",True,0.0,A
32,MI-MDA,FST-MI-10,severe,upstream_node_deletion,False,False,,[],True,0.0,A
33,MI-MDA,FST-MI-10,severe,direct_impact,False,True,0,"[{""target"":""T2P"",""magnitude"":0.35,""start_week"":12,""duration_weeks"":6,""recovery_weeks"":3}]",True,0.0,A
34,MI-MDA,FST-MI-11,all,candidate_passive,False,False,,"[{""target"":""T2P"",""magnitude"":0.5,""start_week"":12,""duration_weeks"":3,""recovery_weeks"":3}]",False,0.003468400042038411,A
35,MI-MDA,FST-MI-11,all,candidate_active,True,False,,"[{""target"":""T2P"",""magnitude"":0.5,""start_week"":12,""duration_weeks"":3,""recovery_weeks"":3}]",False,0.003505100030452013,A
36,MI-MDA,FST-MI-11,moderate,singleton,False,False,0,"[{""target"":""T2P"",""magnitude"":0.5,""start_week"":12,""duration_weeks"":3,""recovery_weeks"":3}]",True,0.0,A
37,MI-MDA,FST-MI-11,moderate,upstream_node_deletion,False,False,,[],True,0.0,A
38,MI-MDA,FST-MI-11,moderate,direct_impact,False,True,0,"[{""target"":""T2P"",""magnitude"":0.5,""start_week"":12,""duration_weeks"":3,""recovery_weeks"":3}]",False,0.003359300026204437,A
39,MI-MDA,FST-MI-11,severe,singleton,False,False,0,"[{""target"":""T2P"",""magnitude"":0.5,""start_week"":12,""duration_weeks"":3,""recovery_weeks"":3}]",True,0.0,A
40,MI-MDA,FST-MI-11,severe,upstream_node_deletion,False,False,,[],True,0.0,A
41,MI-MDA,FST-MI-11,severe,direct_impact,False,True,0,"[{""target"":""T2P"",""magnitude"":0.5,""start_week"":12,""duration_weeks"":3,""recovery_weeks"":3}]",True,0.0,A
42,MI-MDA,FST-MI-12,all,candidate_passive,False,False,,"[{""target"":""T2P"",""magnitude"":0.5,""start_week"":12,""duration_weeks"":6,""recovery_weeks"":3}]",False,0.004215899971313775,A
43,MI-MDA,FST-MI-12,all,candidate_active,True,False,,"[{""target"":""T2P"",""magnitude"":0.5,""start_week"":12,""duration_weeks"":6,""recovery_weeks"":3}]",False,0.0033919999841600657,A
44,MI-MDA,FST-MI-12,moderate,singleton,False,False,0,"[{""target"":""T2P"",""magnitude"":0.5,""start_week"":12,""duration_weeks"":6,""recovery_weeks"":3}]",True,0.0,A
45,MI-MDA,FST-MI-12,moderate,upstream_node_deletion,False,False,,[],True,0.0,A
46,MI-MDA,FST-MI-12,moderate,direct_impact,False,True,0,"[{""target"":""T2P"",""magnitude"":0.5,""start_week"":12,""duration_weeks"":6,""recovery_weeks"":3}]",False,0.0033453000360168517,A
47,MI-MDA,FST-MI-12,severe,singleton,False,False,0,"[{""target"":""T2P"",""magnitude"":0.5,""start_week"":12,""duration_weeks"":6,""recovery_weeks"":3}]",True,0.0,A
48,MI-MDA,FST-MI-12,severe,upstream_node_deletion,False,False,,[],True,0.0,A
49,MI-MDA,FST-MI-12,severe,direct_impact,False,True,0,"[{""target"":""T2P"",""magnitude"":0.5,""start_week"":12,""duration_weeks"":6,""recovery_weeks"":3}]",True,0.0,A
50,MI-MDA,FST-MI-13,all,candidate_passive,False,False,,"[{""target"":""corridor"",""magnitude"":0.25,""start_week"":12,""duration_weeks"":4,""recovery_weeks"":3},{""target"":""demand"",""magnitude"":0.15,""start_week"":12,""duration_weeks"":3,""recovery_weeks"":2}]",False,0.006786000041756779,A
51,MI-MDA,FST-MI-13,all,candidate_active,True,False,,"[{""target"":""corridor"",""magnitude"":0.25,""start_week"":12,""duration_weeks"":4,""recovery_weeks"":3},{""target"":""demand"",""magnitude"":0.15,""start_week"":12,""duration_weeks"":3,""recovery_weeks"":2}]",False,0.006641599989961833,A
52,MI-MDA,FST-MI-13,moderate,singleton,False,False,0,"[{""target"":""corridor"",""magnitude"":0.25,""start_week"":12,""duration_weeks"":4,""recovery_weeks"":3}]",False,0.0033038000110536814,A
53,MI-MDA,FST-MI-13,moderate,singleton,False,False,1,"[{""target"":""demand"",""magnitude"":0.15,""start_week"":12,""duration_weeks"":3,""recovery_weeks"":2}]",False,0.0028223000117577612,A
54,MI-MDA,FST-MI-14,all,candidate_passive,False,False,,"[{""target"":""corridor"",""magnitude"":0.25,""start_week"":12,""duration_weeks"":4,""recovery_weeks"":3},{""target"":""demand"",""magnitude"":0.25,""start_week"":12,""duration_weeks"":3,""recovery_weeks"":2}]",False,0.003411400015465915,A
55,MI-MDA,FST-MI-14,all,candidate_active,True,False,,"[{""target"":""corridor"",""magnitude"":0.25,""start_week"":12,""duration_weeks"":4,""recovery_weeks"":3},{""target"":""demand"",""magnitude"":0.25,""start_week"":12,""duration_weeks"":3,""recovery_weeks"":2}]",False,0.0044787999941036105,A
56,MI-MDA,FST-MI-14,moderate,singleton,False,False,0,"[{""target"":""corridor"",""magnitude"":0.25,""start_week"":12,""duration_weeks"":4,""recovery_weeks"":3}]",True,0.0,A
57,MI-MDA,FST-MI-14,moderate,singleton,False,False,1,"[{""target"":""demand"",""magnitude"":0.25,""start_week"":12,""duration_weeks"":3,""recovery_weeks"":2}]",False,0.0027849000180140138,A
58,MI-MDA,FST-MI-14,severe,singleton,False,False,0,"[{""target"":""corridor"",""magnitude"":0.25,""start_week"":12,""duration_weeks"":4,""recovery_weeks"":3}]",True,0.0,A
59,MI-MDA,FST-MI-14,severe,singleton,False,False,1,"[{""target"":""demand"",""magnitude"":0.25,""start_week"":12,""duration_weeks"":3,""recovery_weeks"":2}]",True,0.0,A
60,MI-MDA,FST-MI-15,all,candidate_passive,False,False,,"[{""target"":""corridor"",""magnitude"":0.35,""start_week"":12,""duration_weeks"":4,""recovery_weeks"":3},{""target"":""demand"",""magnitude"":0.15,""start_week"":12,""duration_weeks"":3,""recovery_weeks"":2}]",False,0.0033875000081025064,A
61,MI-MDA,FST-MI-15,all,candidate_active,True,False,,"[{""target"":""corridor"",""magnitude"":0.35,""start_week"":12,""duration_weeks"":4,""recovery_weeks"":3},{""target"":""demand"",""magnitude"":0.15,""start_week"":12,""duration_weeks"":3,""recovery_weeks"":2}]",False,0.003862900019157678,A
62,MI-MDA,FST-MI-15,moderate,singleton,False,False,0,"[{""target"":""corridor"",""magnitude"":0.35,""start_week"":12,""duration_weeks"":4,""recovery_weeks"":3}]",False,0.003303599951323122,A
63,MI-MDA,FST-MI-15,moderate,singleton,False,False,1,"[{""target"":""demand"",""magnitude"":0.15,""start_week"":12,""duration_weeks"":3,""recovery_weeks"":2}]",True,0.0,A
64,MI-MDA,FST-MI-15,severe,singleton,False,False,0,"[{""target"":""corridor"",""magnitude"":0.35,""start_week"":12,""duration_weeks"":4,""recovery_weeks"":3}]",True,0.0,A
65,MI-MDA,FST-MI-15,severe,singleton,False,False,1,"[{""target"":""demand"",""magnitude"":0.15,""start_week"":12,""duration_weeks"":3,""recovery_weeks"":2}]",True,0.0,A
66,MI-MDA,FST-MI-16,all,candidate_passive,False,False,,"[{""target"":""corridor"",""magnitude"":0.35,""start_week"":12,""duration_weeks"":4,""recovery_weeks"":3},{""target"":""demand"",""magnitude"":0.25,""start_week"":12,""duration_weeks"":3,""recovery_weeks"":2}]",False,0.003471700008958578,A
67,MI-MDA,FST-MI-16,all,candidate_active,True,False,,"[{""target"":""corridor"",""magnitude"":0.35,""start_week"":12,""duration_weeks"":4,""recovery_weeks"":3},{""target"":""demand"",""magnitude"":0.25,""start_week"":12,""duration_weeks"":3,""recovery_weeks"":2}]",False,0.004345000023022294,A
68,MI-MDA,FST-MI-16,moderate,singleton,False,False,0,"[{""target"":""corridor"",""magnitude"":0.35,""start_week"":12,""duration_weeks"":4,""recovery_weeks"":3}]",True,0.0,A
69,MI-MDA,FST-MI-16,moderate,singleton,False,False,1,"[{""target"":""demand"",""magnitude"":0.25,""start_week"":12,""duration_weeks"":3,""recovery_weeks"":2}]",True,0.0,A
70,MI-MDA,FST-MI-16,severe,singleton,False,False,0,"[{""target"":""corridor"",""magnitude"":0.35,""start_week"":12,""duration_weeks"":4,""recovery_weeks"":3}]",True,0.0,A
71,MI-MDA,FST-MI-16,severe,singleton,False,False,1,"[{""target"":""demand"",""magnitude"":0.25,""start_week"":12,""duration_weeks"":3,""recovery_weeks"":2}]",True,0.0,A
72,MI-MDA,FST-MI-17,all,candidate_passive,False,False,,"[{""target"":""corridor"",""magnitude"":0.3,""start_week"":12,""duration_weeks"":2,""recovery_weeks"":3}]",False,0.003442899964284152,A
73,MI-MDA,FST-MI-18,all,candidate_passive,False,False,,"[{""target"":""corridor"",""magnitude"":0.3,""start_week"":12,""duration_weeks"":4,""recovery_weeks"":3}]",False,0.003757900034543127,A
74,MI-MDA,FST-MI-19,all,candidate_passive,False,False,,"[{""target"":""corridor"",""magnitude"":0.5,""start_week"":12,""duration_weeks"":2,""recovery_weeks"":3}]",False,0.006478700030129403,A
75,MI-MDA,FST-MI-19,all,candidate_active,True,False,,"[{""target"":""corridor"",""magnitude"":0.5,""start_week"":12,""duration_weeks"":2,""recovery_weeks"":3}]",False,0.006537300010677427,A
76,MI-MDA,FST-MI-19,moderate,singleton,False,False,0,"[{""target"":""corridor"",""magnitude"":0.5,""start_week"":12,""duration_weeks"":2,""recovery_weeks"":3}]",True,0.0,A
77,MI-MDA,FST-MI-19,severe,singleton,False,False,0,"[{""target"":""corridor"",""magnitude"":0.5,""start_week"":12,""duration_weeks"":2,""recovery_weeks"":3}]",True,0.0,A
78,MI-MDA,FST-MI-20,all,candidate_passive,False,False,,"[{""target"":""corridor"",""magnitude"":0.5,""start_week"":12,""duration_weeks"":4,""recovery_weeks"":3}]",False,0.00641540001379326,A
79,MI-MDA,FST-MI-20,all,candidate_active,True,False,,"[{""target"":""corridor"",""magnitude"":0.5,""start_week"":12,""duration_weeks"":4,""recovery_weeks"":3}]",False,0.005655099987052381,A
80,MI-MDA,FST-MI-20,moderate,singleton,False,False,0,"[{""target"":""corridor"",""magnitude"":0.5,""start_week"":12,""duration_weeks"":4,""recovery_weeks"":3}]",True,0.0,A
81,MI-MDA,FST-MI-20,severe,singleton,False,False,0,"[{""target"":""corridor"",""magnitude"":0.5,""start_week"":12,""duration_weeks"":4,""recovery_weeks"":3}]",True,0.0,A
82,MI-MDA,FST-MI-21,all,candidate_passive,False,False,,"[{""target"":""corridor"",""magnitude"":0.7,""start_week"":12,""duration_weeks"":2,""recovery_weeks"":3}]",False,0.005500499974004924,A
83,MI-MDA,FST-MI-21,all,candidate_active,True,False,,"[{""target"":""corridor"",""magnitude"":0.7,""start_week"":12,""duration_weeks"":2,""recovery_weeks"":3}]",False,0.00336930004414171,A
84,MI-MDA,FST-MI-21,moderate,singleton,False,False,0,"[{""target"":""corridor"",""magnitude"":0.7,""start_week"":12,""duration_weeks"":2,""recovery_weeks"":3}]",True,0.0,A
85,MI-MDA,FST-MI-21,severe,singleton,False,False,0,"[{""target"":""corridor"",""magnitude"":0.7,""start_week"":12,""duration_weeks"":2,""recovery_weeks"":3}]",True,0.0,A
86,MI-MDA,FST-MI-22,all,candidate_passive,False,False,,"[{""target"":""corridor"",""magnitude"":0.7,""start_week"":12,""duration_weeks"":4,""recovery_weeks"":3}]",False,0.0032830999698489904,A
87,MI-MDA,FST-MI-22,all,candidate_active,True,False,,"[{""target"":""corridor"",""magnitude"":0.7,""start_week"":12,""duration_weeks"":4,""recovery_weeks"":3}]",False,0.0038209999911487103,A
88,MI-MDA,FST-MI-22,moderate,singleton,False,False,0,"[{""target"":""corridor"",""magnitude"":0.7,""start_week"":12,""duration_weeks"":4,""recovery_weeks"":3}]",True,0.0,A
89,MI-MDA,FST-MI-22,severe,singleton,False,False,0,"[{""target"":""corridor"",""magnitude"":0.7,""start_week"":12,""duration_weeks"":4,""recovery_weeks"":3}]",True,0.0,A
90,MI-MDA,FST-MI-23,all,candidate_passive,False,False,,"[{""target"":""T2P"",""magnitude"":0.25,""start_week"":12,""duration_weeks"":3,""recovery_weeks"":3},{""target"":""corridor"",""magnitude"":0.25,""start_week"":12,""duration_weeks"":3,""recovery_weeks"":3}]",False,0.007355700014159083,A
91,MI-MDA,FST-MI-24,all,candidate_passive,False,False,,"[{""target"":""T2P"",""magnitude"":0.25,""start_week"":12,""duration_weeks"":3,""recovery_weeks"":3},{""target"":""corridor"",""magnitude"":0.35,""start_week"":12,""duration_weeks"":3,""recovery_weeks"":3}]",False,0.0039190000388771296,A
92,MI-MDA,FST-MI-24,all,candidate_active,True,False,,"[{""target"":""T2P"",""magnitude"":0.25,""start_week"":12,""duration_weeks"":3,""recovery_weeks"":3},{""target"":""corridor"",""magnitude"":0.35,""start_week"":12,""duration_weeks"":3,""recovery_weeks"":3}]",False,0.003827999986242503,A
93,MI-MDA,FST-MI-24,moderate,singleton,False,False,0,"[{""target"":""T2P"",""magnitude"":0.25,""start_week"":12,""duration_weeks"":3,""recovery_weeks"":3}]",False,0.004863900016061962,A
94,MI-MDA,FST-MI-24,moderate,singleton,False,False,1,"[{""target"":""corridor"",""magnitude"":0.35,""start_week"":12,""duration_weeks"":3,""recovery_weeks"":3}]",False,0.00625829998170957,A
95,MI-MDA,FST-MI-24,moderate,upstream_node_deletion,False,False,1,"[{""target"":""corridor"",""magnitude"":0.35,""start_week"":12,""duration_weeks"":3,""recovery_weeks"":3}]",True,0.0,A
96,MI-MDA,FST-MI-24,moderate,direct_impact,False,True,0;1,"[{""target"":""T2P"",""magnitude"":0.25,""start_week"":12,""duration_weeks"":3,""recovery_weeks"":3},{""target"":""corridor"",""magnitude"":0.35,""start_week"":12,""duration_weeks"":3,""recovery_weeks"":3}]",False,0.007753599958959967,A
97,MI-MDA,FST-MI-25,all,candidate_passive,False,False,,"[{""target"":""T2P"",""magnitude"":0.35,""start_week"":12,""duration_weeks"":3,""recovery_weeks"":3},{""target"":""corridor"",""magnitude"":0.25,""start_week"":12,""duration_weeks"":3,""recovery_weeks"":3}]",False,0.007425500021781772,A
98,MI-MDA,FST-MI-25,all,candidate_active,True,False,,"[{""target"":""T2P"",""magnitude"":0.35,""start_week"":12,""duration_weeks"":3,""recovery_weeks"":3},{""target"":""corridor"",""magnitude"":0.25,""start_week"":12,""duration_weeks"":3,""recovery_weeks"":3}]",False,0.006532800034619868,A
99,MI-MDA,FST-MI-25,moderate,singleton,False,False,0,"[{""target"":""T2P"",""magnitude"":0.35,""start_week"":12,""duration_weeks"":3,""recovery_weeks"":3}]",True,0.0,A
100,MI-MDA,FST-MI-25,moderate,singleton,False,False,1,"[{""target"":""corridor"",""magnitude"":0.25,""start_week"":12,""duration_weeks"":3,""recovery_weeks"":3}]",False,0.0032607000321149826,A
101,MI-MDA,FST-MI-25,moderate,upstream_node_deletion,False,False,1,"[{""target"":""corridor"",""magnitude"":0.25,""start_week"":12,""duration_weeks"":3,""recovery_weeks"":3}]",True,0.0,A
102,MI-MDA,FST-MI-25,moderate,direct_impact,False,True,0;1,"[{""target"":""T2P"",""magnitude"":0.35,""start_week"":12,""duration_weeks"":3,""recovery_weeks"":3},{""target"":""corridor"",""magnitude"":0.25,""start_week"":12,""duration_weeks"":3,""recovery_weeks"":3}]",False,0.0038751999964006245,A
103,MI-MDA,FST-MI-26,all,candidate_passive,False,False,,"[{""target"":""T2P"",""magnitude"":0.35,""start_week"":12,""duration_weeks"":3,""recovery_weeks"":3},{""target"":""corridor"",""magnitude"":0.35,""start_week"":12,""duration_weeks"":3,""recovery_weeks"":3}]",False,0.0067610000260174274,A
104,MI-MDA,FST-MI-26,all,candidate_active,True,False,,"[{""target"":""T2P"",""magnitude"":0.35,""start_week"":12,""duration_weeks"":3,""recovery_weeks"":3},{""target"":""corridor"",""magnitude"":0.35,""start_week"":12,""duration_weeks"":3,""recovery_weeks"":3}]",False,0.00750730000436306,A
105,MI-MDA,FST-MI-26,moderate,singleton,False,False,0,"[{""target"":""T2P"",""magnitude"":0.35,""start_week"":12,""duration_weeks"":3,""recovery_weeks"":3}]",True,0.0,A
106,MI-MDA,FST-MI-26,moderate,singleton,False,False,1,"[{""target"":""corridor"",""magnitude"":0.35,""start_week"":12,""duration_weeks"":3,""recovery_weeks"":3}]",True,0.0,A
107,MI-MDA,FST-MI-26,moderate,upstream_node_deletion,False,False,1,"[{""target"":""corridor"",""magnitude"":0.35,""start_week"":12,""duration_weeks"":3,""recovery_weeks"":3}]",True,0.0,A
108,MI-MDA,FST-MI-26,moderate,direct_impact,False,True,0;1,"[{""target"":""T2P"",""magnitude"":0.35,""start_week"":12,""duration_weeks"":3,""recovery_weeks"":3},{""target"":""corridor"",""magnitude"":0.35,""start_week"":12,""duration_weeks"":3,""recovery_weeks"":3}]",False,0.007529200054705143,A
109,MI-MDA,FST-MI-27,all,candidate_passive,False,False,,"[{""target"":""T2P"",""magnitude"":0.7,""start_week"":12,""duration_weeks"":3,""recovery_weeks"":3},{""target"":""corridor"",""magnitude"":0.3,""start_week"":12,""duration_weeks"":3,""recovery_weeks"":3}]",False,0.004957799974363297,A
110,MI-MDA,FST-MI-27,all,candidate_active,True,False,,"[{""target"":""T2P"",""magnitude"":0.7,""start_week"":12,""duration_weeks"":3,""recovery_weeks"":3},{""target"":""corridor"",""magnitude"":0.3,""start_week"":12,""duration_weeks"":3,""recovery_weeks"":3}]",False,0.0047911000438034534,A
111,MI-MDA,FST-MI-27,moderate,singleton,False,False,0,"[{""target"":""T2P"",""magnitude"":0.7,""start_week"":12,""duration_weeks"":3,""recovery_weeks"":3}]",False,0.0032968000159598887,A
112,MI-MDA,FST-MI-27,moderate,singleton,False,False,1,"[{""target"":""corridor"",""magnitude"":0.3,""start_week"":12,""duration_weeks"":3,""recovery_weeks"":3}]",False,0.00389370002085343,A
113,MI-MDA,FST-MI-27,moderate,upstream_node_deletion,False,False,1,"[{""target"":""corridor"",""magnitude"":0.3,""start_week"":12,""duration_weeks"":3,""recovery_weeks"":3}]",True,0.0,A
114,MI-MDA,FST-MI-27,moderate,direct_impact,False,True,0;1,"[{""target"":""T2P"",""magnitude"":0.7,""start_week"":12,""duration_weeks"":3,""recovery_weeks"":3},{""target"":""corridor"",""magnitude"":0.3,""start_week"":12,""duration_weeks"":3,""recovery_weeks"":3}]",False,0.007576200005132705,A
115,MI-MDA,FST-MI-27,severe,singleton,False,False,0,"[{""target"":""T2P"",""magnitude"":0.7,""start_week"":12,""duration_weeks"":3,""recovery_weeks"":3}]",True,0.0,A
116,MI-MDA,FST-MI-27,severe,singleton,False,False,1,"[{""target"":""corridor"",""magnitude"":0.3,""start_week"":12,""duration_weeks"":3,""recovery_weeks"":3}]",True,0.0,A
117,MI-MDA,FST-MI-27,severe,upstream_node_deletion,False,False,1,"[{""target"":""corridor"",""magnitude"":0.3,""start_week"":12,""duration_weeks"":3,""recovery_weeks"":3}]",True,0.0,A
118,MI-MDA,FST-MI-27,severe,direct_impact,False,True,0;1,"[{""target"":""T2P"",""magnitude"":0.7,""start_week"":12,""duration_weeks"":3,""recovery_weeks"":3},{""target"":""corridor"",""magnitude"":0.3,""start_week"":12,""duration_weeks"":3,""recovery_weeks"":3}]",True,0.0,A
119,MI-MDA,FST-MI-28,all,candidate_passive,False,False,,"[{""target"":""T2P"",""magnitude"":0.7,""start_week"":12,""duration_weeks"":3,""recovery_weeks"":3},{""target"":""corridor"",""magnitude"":0.6,""start_week"":12,""duration_weeks"":3,""recovery_weeks"":3}]",False,0.005233099975157529,A
120,MI-MDA,FST-MI-28,all,candidate_active,True,False,,"[{""target"":""T2P"",""magnitude"":0.7,""start_week"":12,""duration_weeks"":3,""recovery_weeks"":3},{""target"":""corridor"",""magnitude"":0.6,""start_week"":12,""duration_weeks"":3,""recovery_weeks"":3}]",False,0.004066299996338785,A
121,MI-MDA,FST-MI-28,moderate,singleton,False,False,0,"[{""target"":""T2P"",""magnitude"":0.7,""start_week"":12,""duration_weeks"":3,""recovery_weeks"":3}]",True,0.0,A
122,MI-MDA,FST-MI-28,moderate,singleton,False,False,1,"[{""target"":""corridor"",""magnitude"":0.6,""start_week"":12,""duration_weeks"":3,""recovery_weeks"":3}]",False,0.003387899952940643,A
123,MI-MDA,FST-MI-28,moderate,upstream_node_deletion,False,False,1,"[{""target"":""corridor"",""magnitude"":0.6,""start_week"":12,""duration_weeks"":3,""recovery_weeks"":3}]",True,0.0,A
124,MI-MDA,FST-MI-28,moderate,direct_impact,False,True,0;1,"[{""target"":""T2P"",""magnitude"":0.7,""start_week"":12,""duration_weeks"":3,""recovery_weeks"":3},{""target"":""corridor"",""magnitude"":0.6,""start_week"":12,""duration_weeks"":3,""recovery_weeks"":3}]",False,0.007070099993143231,A
125,MI-MDA,FST-MI-28,severe,singleton,False,False,0,"[{""target"":""T2P"",""magnitude"":0.7,""start_week"":12,""duration_weeks"":3,""recovery_weeks"":3}]",True,0.0,A
126,MI-MDA,FST-MI-28,severe,singleton,False,False,1,"[{""target"":""corridor"",""magnitude"":0.6,""start_week"":12,""duration_weeks"":3,""recovery_weeks"":3}]",True,0.0,A
127,MI-MDA,FST-MI-28,severe,upstream_node_deletion,False,False,1,"[{""target"":""corridor"",""magnitude"":0.6,""start_week"":12,""duration_weeks"":3,""recovery_weeks"":3}]",True,0.0,A
128,MI-MDA,FST-MI-28,severe,direct_impact,False,True,0;1,"[{""target"":""T2P"",""magnitude"":0.7,""start_week"":12,""duration_weeks"":3,""recovery_weeks"":3},{""target"":""corridor"",""magnitude"":0.6,""start_week"":12,""duration_weeks"":3,""recovery_weeks"":3}]",True,0.0,A
129,MI-MDA,FST-MI-29,all,candidate_passive,False,False,,"[{""target"":""T2P"",""magnitude"":0.8,""start_week"":12,""duration_weeks"":3,""recovery_weeks"":3},{""target"":""corridor"",""magnitude"":0.3,""start_week"":12,""duration_weeks"":3,""recovery_weeks"":3}]",False,0.0062698000110685825,A
130,MI-MDA,FST-MI-29,all,candidate_active,True,False,,"[{""target"":""T2P"",""magnitude"":0.8,""start_week"":12,""duration_weeks"":3,""recovery_weeks"":3},{""target"":""corridor"",""magnitude"":0.3,""start_week"":12,""duration_weeks"":3,""recovery_weeks"":3}]",False,0.006060799991246313,A
131,MI-MDA,FST-MI-29,moderate,singleton,False,False,0,"[{""target"":""T2P"",""magnitude"":0.8,""start_week"":12,""duration_weeks"":3,""recovery_weeks"":3}]",False,0.005433199985418469,A
132,MI-MDA,FST-MI-29,moderate,singleton,False,False,1,"[{""target"":""corridor"",""magnitude"":0.3,""start_week"":12,""duration_weeks"":3,""recovery_weeks"":3}]",True,0.0,A
133,MI-MDA,FST-MI-29,moderate,upstream_node_deletion,False,False,1,"[{""target"":""corridor"",""magnitude"":0.3,""start_week"":12,""duration_weeks"":3,""recovery_weeks"":3}]",True,0.0,A
134,MI-MDA,FST-MI-29,moderate,direct_impact,False,True,0;1,"[{""target"":""T2P"",""magnitude"":0.8,""start_week"":12,""duration_weeks"":3,""recovery_weeks"":3},{""target"":""corridor"",""magnitude"":0.3,""start_week"":12,""duration_weeks"":3,""recovery_weeks"":3}]",False,0.005614300025627017,A
135,MI-MDA,FST-MI-29,severe,singleton,False,False,0,"[{""target"":""T2P"",""magnitude"":0.8,""start_week"":12,""duration_weeks"":3,""recovery_weeks"":3}]",True,0.0,A
136,MI-MDA,FST-MI-29,severe,singleton,False,False,1,"[{""target"":""corridor"",""magnitude"":0.3,""start_week"":12,""duration_weeks"":3,""recovery_weeks"":3}]",True,0.0,A
137,MI-MDA,FST-MI-29,severe,upstream_node_deletion,False,False,1,"[{""target"":""corridor"",""magnitude"":0.3,""start_week"":12,""duration_weeks"":3,""recovery_weeks"":3}]",True,0.0,A
138,MI-MDA,FST-MI-29,severe,direct_impact,False,True,0;1,"[{""target"":""T2P"",""magnitude"":0.8,""start_week"":12,""duration_weeks"":3,""recovery_weeks"":3},{""target"":""corridor"",""magnitude"":0.3,""start_week"":12,""duration_weeks"":3,""recovery_weeks"":3}]",True,0.0,A
139,MI-MDA,FST-MI-30,all,candidate_passive,False,False,,"[{""target"":""T2P"",""magnitude"":0.8,""start_week"":12,""duration_weeks"":3,""recovery_weeks"":3},{""target"":""corridor"",""magnitude"":0.6,""start_week"":12,""duration_weeks"":3,""recovery_weeks"":3}]",False,0.0039447000017389655,A
140,MI-MDA,FST-MI-30,all,candidate_active,True,False,,"[{""target"":""T2P"",""magnitude"":0.8,""start_week"":12,""duration_weeks"":3,""recovery_weeks"":3},{""target"":""corridor"",""magnitude"":0.6,""start_week"":12,""duration_weeks"":3,""recovery_weeks"":3}]",False,0.005397900007665157,A
141,MI-MDA,FST-MI-30,moderate,singleton,False,False,0,"[{""target"":""T2P"",""magnitude"":0.8,""start_week"":12,""duration_weeks"":3,""recovery_weeks"":3}]",True,0.0,A
142,MI-MDA,FST-MI-30,moderate,singleton,False,False,1,"[{""target"":""corridor"",""magnitude"":0.6,""start_week"":12,""duration_weeks"":3,""recovery_weeks"":3}]",True,0.0,A
143,MI-MDA,FST-MI-30,moderate,upstream_node_deletion,False,False,1,"[{""target"":""corridor"",""magnitude"":0.6,""start_week"":12,""duration_weeks"":3,""recovery_weeks"":3}]",True,0.0,A
144,MI-MDA,FST-MI-30,moderate,direct_impact,False,True,0;1,"[{""target"":""T2P"",""magnitude"":0.8,""start_week"":12,""duration_weeks"":3,""recovery_weeks"":3},{""target"":""corridor"",""magnitude"":0.6,""start_week"":12,""duration_weeks"":3,""recovery_weeks"":3}]",False,0.0062865000218153,A
145,MI-MDA,FST-MI-30,severe,singleton,False,False,0,"[{""target"":""T2P"",""magnitude"":0.8,""start_week"":12,""duration_weeks"":3,""recovery_weeks"":3}]",True,0.0,A
146,MI-MDA,FST-MI-30,severe,singleton,False,False,1,"[{""target"":""corridor"",""magnitude"":0.6,""start_week"":12,""duration_weeks"":3,""recovery_weeks"":3}]",True,0.0,A
147,MI-MDA,FST-MI-30,severe,upstream_node_deletion,False,False,1,"[{""target"":""corridor"",""magnitude"":0.6,""start_week"":12,""duration_weeks"":3,""recovery_weeks"":3}]",True,0.0,A
148,MI-MDA,FST-MI-30,severe,direct_impact,False,True,0;1,"[{""target"":""T2P"",""magnitude"":0.8,""start_week"":12,""duration_weeks"":3,""recovery_weeks"":3},{""target"":""corridor"",""magnitude"":0.6,""start_week"":12,""duration_weeks"":3,""recovery_weeks"":3}]",True,0.0,A
149,MI-MDA,FST-MI-31,all,candidate_passive,False,False,,"[{""target"":""T2P"",""magnitude"":0.25,""start_week"":12,""duration_weeks"":3,""recovery_weeks"":3},{""target"":""S1A"",""magnitude"":0.4,""start_week"":12,""duration_weeks"":3,""recovery_weeks"":3}]",False,0.007335699978284538,A
150,MI-MDA,FST-MI-32,all,candidate_passive,False,False,,"[{""target"":""T2P"",""magnitude"":0.35,""start_week"":12,""duration_weeks"":3,""recovery_weeks"":3},{""target"":""S1A"",""magnitude"":0.4,""start_week"":12,""duration_weeks"":3,""recovery_weeks"":3}]",False,0.007017500000074506,A
151,MI-MDA,FST-MI-32,all,candidate_active,True,False,,"[{""target"":""T2P"",""magnitude"":0.35,""start_week"":12,""duration_weeks"":3,""recovery_weeks"":3},{""target"":""S1A"",""magnitude"":0.4,""start_week"":12,""duration_weeks"":3,""recovery_weeks"":3}]",False,0.00677089998498559,A
152,MI-MDA,FST-MI-32,moderate,singleton,False,False,0,"[{""target"":""T2P"",""magnitude"":0.35,""start_week"":12,""duration_weeks"":3,""recovery_weeks"":3}]",True,0.0,A
153,MI-MDA,FST-MI-32,moderate,singleton,False,False,1,"[{""target"":""S1A"",""magnitude"":0.4,""start_week"":12,""duration_weeks"":3,""recovery_weeks"":3}]",False,0.006247399956919253,A
154,MI-MDA,FST-MI-32,moderate,upstream_node_deletion,False,False,1,"[{""target"":""S1A"",""magnitude"":0.4,""start_week"":12,""duration_weeks"":3,""recovery_weeks"":3}]",True,0.0,A
155,MI-MDA,FST-MI-32,moderate,direct_impact,False,True,0;1,"[{""target"":""T2P"",""magnitude"":0.35,""start_week"":12,""duration_weeks"":3,""recovery_weeks"":3},{""target"":""S1A"",""magnitude"":0.4,""start_week"":12,""duration_weeks"":3,""recovery_weeks"":3}]",False,0.006275799998547882,A
156,MI-MDA,FST-MI-33,all,candidate_passive,False,False,,"[{""target"":""T2P"",""magnitude"":0.25,""start_week"":12,""duration_weeks"":3,""recovery_weeks"":3},{""target"":""S1B"",""magnitude"":0.4,""start_week"":12,""duration_weeks"":3,""recovery_weeks"":3}]",False,0.004109499976038933,A
157,MI-MDA,FST-MI-34,all,candidate_passive,False,False,,"[{""target"":""T2P"",""magnitude"":0.35,""start_week"":12,""duration_weeks"":3,""recovery_weeks"":3},{""target"":""S1B"",""magnitude"":0.4,""start_week"":12,""duration_weeks"":3,""recovery_weeks"":3}]",False,0.0038024000241421163,A
158,MI-MDA,FST-MI-34,all,candidate_active,True,False,,"[{""target"":""T2P"",""magnitude"":0.35,""start_week"":12,""duration_weeks"":3,""recovery_weeks"":3},{""target"":""S1B"",""magnitude"":0.4,""start_week"":12,""duration_weeks"":3,""recovery_weeks"":3}]",False,0.005902699951548129,A
159,MI-MDA,FST-MI-34,moderate,singleton,False,False,0,"[{""target"":""T2P"",""magnitude"":0.35,""start_week"":12,""duration_weeks"":3,""recovery_weeks"":3}]",True,0.0,A
160,MI-MDA,FST-MI-34,moderate,singleton,False,False,1,"[{""target"":""S1B"",""magnitude"":0.4,""start_week"":12,""duration_weeks"":3,""recovery_weeks"":3}]",False,0.006005500035826117,A
161,MI-MDA,FST-MI-34,moderate,upstream_node_deletion,False,False,1,"[{""target"":""S1B"",""magnitude"":0.4,""start_week"":12,""duration_weeks"":3,""recovery_weeks"":3}]",True,0.0,A
162,MI-MDA,FST-MI-34,moderate,direct_impact,False,True,0;1,"[{""target"":""T2P"",""magnitude"":0.35,""start_week"":12,""duration_weeks"":3,""recovery_weeks"":3},{""target"":""S1B"",""magnitude"":0.4,""start_week"":12,""duration_weeks"":3,""recovery_weeks"":3}]",False,0.00528060004580766,A
163,MI-MDA,FST-MI-35,all,candidate_passive,False,False,,"[{""target"":""T2P"",""magnitude"":0.25,""start_week"":12,""duration_weeks"":3,""recovery_weeks"":3},{""target"":""S1C"",""magnitude"":0.4,""start_week"":12,""duration_weeks"":3,""recovery_weeks"":3}]",False,0.0039110000361688435,A
164,MI-MDA,FST-MI-36,all,candidate_passive,False,False,,"[{""target"":""T2P"",""magnitude"":0.35,""start_week"":12,""duration_weeks"":3,""recovery_weeks"":3},{""target"":""S1C"",""magnitude"":0.4,""start_week"":12,""duration_weeks"":3,""recovery_weeks"":3}]",False,0.004483899974729866,A
165,MI-MDA,FST-MI-36,all,candidate_active,True,False,,"[{""target"":""T2P"",""magnitude"":0.35,""start_week"":12,""duration_weeks"":3,""recovery_weeks"":3},{""target"":""S1C"",""magnitude"":0.4,""start_week"":12,""duration_weeks"":3,""recovery_weeks"":3}]",False,0.003858199983369559,A
166,MI-MDA,FST-MI-36,moderate,singleton,False,False,0,"[{""target"":""T2P"",""magnitude"":0.35,""start_week"":12,""duration_weeks"":3,""recovery_weeks"":3}]",True,0.0,A
167,MI-MDA,FST-MI-36,moderate,singleton,False,False,1,"[{""target"":""S1C"",""magnitude"":0.4,""start_week"":12,""duration_weeks"":3,""recovery_weeks"":3}]",False,0.0032134000211954117,A
168,MI-MDA,FST-MI-36,moderate,upstream_node_deletion,False,False,1,"[{""target"":""S1C"",""magnitude"":0.4,""start_week"":12,""duration_weeks"":3,""recovery_weeks"":3}]",True,0.0,A
169,MI-MDA,FST-MI-36,moderate,direct_impact,False,True,0;1,"[{""target"":""T2P"",""magnitude"":0.35,""start_week"":12,""duration_weeks"":3,""recovery_weeks"":3},{""target"":""S1C"",""magnitude"":0.4,""start_week"":12,""duration_weeks"":3,""recovery_weeks"":3}]",False,0.004891699994914234,A
170,MI-MDA,FST-MI-37,all,candidate_passive,False,False,,"[{""target"":""T2P"",""magnitude"":0.25,""start_week"":12,""duration_weeks"":3,""recovery_weeks"":3},{""target"":""demand"",""magnitude"":0.15,""start_week"":12,""duration_weeks"":3,""recovery_weeks"":2}]",False,0.007121599977836013,A
171,MI-MDA,FST-MI-37,all,candidate_active,True,False,,"[{""target"":""T2P"",""magnitude"":0.25,""start_week"":12,""duration_weeks"":3,""recovery_weeks"":3},{""target"":""demand"",""magnitude"":0.15,""start_week"":12,""duration_weeks"":3,""recovery_weeks"":2}]",False,0.006539400026667863,A
172,MI-MDA,FST-MI-37,moderate,singleton,False,False,0,"[{""target"":""T2P"",""magnitude"":0.25,""start_week"":12,""duration_weeks"":3,""recovery_weeks"":3}]",True,0.0,A
173,MI-MDA,FST-MI-37,moderate,singleton,False,False,1,"[{""target"":""demand"",""magnitude"":0.15,""start_week"":12,""duration_weeks"":3,""recovery_weeks"":2}]",True,0.0,A
174,MI-MDA,FST-MI-37,moderate,upstream_node_deletion,False,False,1,"[{""target"":""demand"",""magnitude"":0.15,""start_week"":12,""duration_weeks"":3,""recovery_weeks"":2}]",True,0.0,A
175,MI-MDA,FST-MI-37,moderate,direct_impact,False,True,0;1,"[{""target"":""T2P"",""magnitude"":0.25,""start_week"":12,""duration_weeks"":3,""recovery_weeks"":3},{""target"":""demand"",""magnitude"":0.15,""start_week"":12,""duration_weeks"":3,""recovery_weeks"":2}]",False,0.0067211000132374465,A
176,MI-MDA,FST-MI-37,severe,singleton,False,False,0,"[{""target"":""T2P"",""magnitude"":0.25,""start_week"":12,""duration_weeks"":3,""recovery_weeks"":3}]",True,0.0,A
177,MI-MDA,FST-MI-37,severe,singleton,False,False,1,"[{""target"":""demand"",""magnitude"":0.15,""start_week"":12,""duration_weeks"":3,""recovery_weeks"":2}]",True,0.0,A
178,MI-MDA,FST-MI-37,severe,upstream_node_deletion,False,False,1,"[{""target"":""demand"",""magnitude"":0.15,""start_week"":12,""duration_weeks"":3,""recovery_weeks"":2}]",True,0.0,A
179,MI-MDA,FST-MI-37,severe,direct_impact,False,True,0;1,"[{""target"":""T2P"",""magnitude"":0.25,""start_week"":12,""duration_weeks"":3,""recovery_weeks"":3},{""target"":""demand"",""magnitude"":0.15,""start_week"":12,""duration_weeks"":3,""recovery_weeks"":2}]",True,0.0,A
180,MI-MDA,FST-MI-38,all,candidate_passive,False,False,,"[{""target"":""T2P"",""magnitude"":0.25,""start_week"":12,""duration_weeks"":3,""recovery_weeks"":3},{""target"":""demand"",""magnitude"":0.25,""start_week"":12,""duration_weeks"":3,""recovery_weeks"":2}]",False,0.0065119999926537275,A
181,MI-MDA,FST-MI-38,all,candidate_active,True,False,,"[{""target"":""T2P"",""magnitude"":0.25,""start_week"":12,""duration_weeks"":3,""recovery_weeks"":3},{""target"":""demand"",""magnitude"":0.25,""start_week"":12,""duration_weeks"":3,""recovery_weeks"":2}]",False,0.006681300001218915,A
182,MI-MDA,FST-MI-38,moderate,singleton,False,False,0,"[{""target"":""T2P"",""magnitude"":0.25,""start_week"":12,""duration_weeks"":3,""recovery_weeks"":3}]",True,0.0,A
183,MI-MDA,FST-MI-38,moderate,singleton,False,False,1,"[{""target"":""demand"",""magnitude"":0.25,""start_week"":12,""duration_weeks"":3,""recovery_weeks"":2}]",True,0.0,A
184,MI-MDA,FST-MI-38,moderate,upstream_node_deletion,False,False,1,"[{""target"":""demand"",""magnitude"":0.25,""start_week"":12,""duration_weeks"":3,""recovery_weeks"":2}]",True,0.0,A
185,MI-MDA,FST-MI-38,moderate,direct_impact,False,True,0;1,"[{""target"":""T2P"",""magnitude"":0.25,""start_week"":12,""duration_weeks"":3,""recovery_weeks"":3},{""target"":""demand"",""magnitude"":0.25,""start_week"":12,""duration_weeks"":3,""recovery_weeks"":2}]",False,0.006717299984302372,A
186,MI-MDA,FST-MI-38,severe,singleton,False,False,0,"[{""target"":""T2P"",""magnitude"":0.25,""start_week"":12,""duration_weeks"":3,""recovery_weeks"":3}]",True,0.0,A
187,MI-MDA,FST-MI-38,severe,singleton,False,False,1,"[{""target"":""demand"",""magnitude"":0.25,""start_week"":12,""duration_weeks"":3,""recovery_weeks"":2}]",True,0.0,A
188,MI-MDA,FST-MI-38,severe,upstream_node_deletion,False,False,1,"[{""target"":""demand"",""magnitude"":0.25,""start_week"":12,""duration_weeks"":3,""recovery_weeks"":2}]",True,0.0,A
189,MI-MDA,FST-MI-38,severe,direct_impact,False,True,0;1,"[{""target"":""T2P"",""magnitude"":0.25,""start_week"":12,""duration_weeks"":3,""recovery_weeks"":3},{""target"":""demand"",""magnitude"":0.25,""start_week"":12,""duration_weeks"":3,""recovery_weeks"":2}]",True,0.0,A
190,MI-MDA,FST-MI-39,all,candidate_passive,False,False,,"[{""target"":""T2P"",""magnitude"":0.35,""start_week"":12,""duration_weeks"":3,""recovery_weeks"":3},{""target"":""demand"",""magnitude"":0.15,""start_week"":12,""duration_weeks"":3,""recovery_weeks"":2}]",False,0.006488299986813217,A
191,MI-MDA,FST-MI-39,all,candidate_active,True,False,,"[{""target"":""T2P"",""magnitude"":0.35,""start_week"":12,""duration_weeks"":3,""recovery_weeks"":3},{""target"":""demand"",""magnitude"":0.15,""start_week"":12,""duration_weeks"":3,""recovery_weeks"":2}]",False,0.00661829998716712,A
192,MI-MDA,FST-MI-39,moderate,singleton,False,False,0,"[{""target"":""T2P"",""magnitude"":0.35,""start_week"":12,""duration_weeks"":3,""recovery_weeks"":3}]",True,0.0,A
193,MI-MDA,FST-MI-39,moderate,singleton,False,False,1,"[{""target"":""demand"",""magnitude"":0.15,""start_week"":12,""duration_weeks"":3,""recovery_weeks"":2}]",True,0.0,A
194,MI-MDA,FST-MI-39,moderate,upstream_node_deletion,False,False,1,"[{""target"":""demand"",""magnitude"":0.15,""start_week"":12,""duration_weeks"":3,""recovery_weeks"":2}]",True,0.0,A
195,MI-MDA,FST-MI-39,moderate,direct_impact,False,True,0;1,"[{""target"":""T2P"",""magnitude"":0.35,""start_week"":12,""duration_weeks"":3,""recovery_weeks"":3},{""target"":""demand"",""magnitude"":0.15,""start_week"":12,""duration_weeks"":3,""recovery_weeks"":2}]",False,0.006758800009265542,A
196,MI-MDA,FST-MI-39,severe,singleton,False,False,0,"[{""target"":""T2P"",""magnitude"":0.35,""start_week"":12,""duration_weeks"":3,""recovery_weeks"":3}]",True,0.0,A
197,MI-MDA,FST-MI-39,severe,singleton,False,False,1,"[{""target"":""demand"",""magnitude"":0.15,""start_week"":12,""duration_weeks"":3,""recovery_weeks"":2}]",True,0.0,A
198,MI-MDA,FST-MI-39,severe,upstream_node_deletion,False,False,1,"[{""target"":""demand"",""magnitude"":0.15,""start_week"":12,""duration_weeks"":3,""recovery_weeks"":2}]",True,0.0,A
199,MI-MDA,FST-MI-39,severe,direct_impact,False,True,0;1,"[{""target"":""T2P"",""magnitude"":0.35,""start_week"":12,""duration_weeks"":3,""recovery_weeks"":3},{""target"":""demand"",""magnitude"":0.15,""start_week"":12,""duration_weeks"":3,""recovery_weeks"":2}]",True,0.0,A
200,MI-MDA,FST-MI-40,all,candidate_passive,False,False,,"[{""target"":""T2P"",""magnitude"":0.35,""start_week"":12,""duration_weeks"":3,""recovery_weeks"":3},{""target"":""demand"",""magnitude"":0.25,""start_week"":12,""duration_weeks"":3,""recovery_weeks"":2}]",False,0.00470560003304854,A
201,MI-MDA,FST-MI-40,all,candidate_active,True,False,,"[{""target"":""T2P"",""magnitude"":0.35,""start_week"":12,""duration_weeks"":3,""recovery_weeks"":3},{""target"":""demand"",""magnitude"":0.25,""start_week"":12,""duration_weeks"":3,""recovery_weeks"":2}]",False,0.0034153999877162278,A
202,MI-MDA,FST-MI-40,moderate,singleton,False,False,0,"[{""target"":""T2P"",""magnitude"":0.35,""start_week"":12,""duration_weeks"":3,""recovery_weeks"":3}]",True,0.0,A
203,MI-MDA,FST-MI-40,moderate,singleton,False,False,1,"[{""target"":""demand"",""magnitude"":0.25,""start_week"":12,""duration_weeks"":3,""recovery_weeks"":2}]",True,0.0,A
204,MI-MDA,FST-MI-40,moderate,upstream_node_deletion,False,False,1,"[{""target"":""demand"",""magnitude"":0.25,""start_week"":12,""duration_weeks"":3,""recovery_weeks"":2}]",True,0.0,A
205,MI-MDA,FST-MI-40,moderate,direct_impact,False,True,0;1,"[{""target"":""T2P"",""magnitude"":0.35,""start_week"":12,""duration_weeks"":3,""recovery_weeks"":3},{""target"":""demand"",""magnitude"":0.25,""start_week"":12,""duration_weeks"":3,""recovery_weeks"":2}]",False,0.003489399969112128,A
206,MI-MDA,FST-MI-40,severe,singleton,False,False,0,"[{""target"":""T2P"",""magnitude"":0.35,""start_week"":12,""duration_weeks"":3,""recovery_weeks"":3}]",True,0.0,A
207,MI-MDA,FST-MI-40,severe,singleton,False,False,1,"[{""target"":""demand"",""magnitude"":0.25,""start_week"":12,""duration_weeks"":3,""recovery_weeks"":2}]",True,0.0,A
208,MI-MDA,FST-MI-40,severe,upstream_node_deletion,False,False,1,"[{""target"":""demand"",""magnitude"":0.25,""start_week"":12,""duration_weeks"":3,""recovery_weeks"":2}]",True,0.0,A
209,MI-MDA,FST-MI-40,severe,direct_impact,False,True,0;1,"[{""target"":""T2P"",""magnitude"":0.35,""start_week"":12,""duration_weeks"":3,""recovery_weeks"":3},{""target"":""demand"",""magnitude"":0.25,""start_week"":12,""duration_weeks"":3,""recovery_weeks"":2}]",True,0.0,A
210,MI-MDA,FST-MI-41,all,candidate_passive,False,False,,"[{""target"":""T2P"",""magnitude"":0.3,""start_week"":12,""duration_weeks"":3,""recovery_weeks"":3},{""target"":""corridor"",""magnitude"":0.5,""start_week"":15,""duration_weeks"":2,""recovery_weeks"":3}]",False,0.007399599999189377,A
211,MI-MDA,FST-MI-41,all,candidate_active,True,False,,"[{""target"":""T2P"",""magnitude"":0.3,""start_week"":12,""duration_weeks"":3,""recovery_weeks"":3},{""target"":""corridor"",""magnitude"":0.5,""start_week"":15,""duration_weeks"":2,""recovery_weeks"":3}]",False,0.007467200048267841,A
212,MI-MDA,FST-MI-41,moderate,singleton,False,False,0,"[{""target"":""T2P"",""magnitude"":0.3,""start_week"":12,""duration_weeks"":3,""recovery_weeks"":3}]",False,0.0032888000132516026,A
213,MI-MDA,FST-MI-41,moderate,singleton,False,False,1,"[{""target"":""corridor"",""magnitude"":0.5,""start_week"":15,""duration_weeks"":2,""recovery_weeks"":3}]",False,0.0032339999452233315,A
214,MI-MDA,FST-MI-41,moderate,upstream_node_deletion,False,False,1,"[{""target"":""corridor"",""magnitude"":0.5,""start_week"":15,""duration_weeks"":2,""recovery_weeks"":3}]",True,0.0,A
215,MI-MDA,FST-MI-41,moderate,direct_impact,False,True,0;1,"[{""target"":""T2P"",""magnitude"":0.3,""start_week"":12,""duration_weeks"":3,""recovery_weeks"":3},{""target"":""corridor"",""magnitude"":0.5,""start_week"":15,""duration_weeks"":2,""recovery_weeks"":3}]",False,0.004093999974429607,A
216,MI-MDA,FST-MI-41,moderate,later_event_deletion,False,False,0,"[{""target"":""T2P"",""magnitude"":0.3,""start_week"":12,""duration_weeks"":3,""recovery_weeks"":3}]",True,0.0,A
217,MI-MDA,FST-MI-41,severe,singleton,False,False,0,"[{""target"":""T2P"",""magnitude"":0.3,""start_week"":12,""duration_weeks"":3,""recovery_weeks"":3}]",True,0.0,A
218,MI-MDA,FST-MI-41,severe,singleton,False,False,1,"[{""target"":""corridor"",""magnitude"":0.5,""start_week"":15,""duration_weeks"":2,""recovery_weeks"":3}]",True,0.0,A
219,MI-MDA,FST-MI-41,severe,upstream_node_deletion,False,False,1,"[{""target"":""corridor"",""magnitude"":0.5,""start_week"":15,""duration_weeks"":2,""recovery_weeks"":3}]",True,0.0,A
220,MI-MDA,FST-MI-41,severe,direct_impact,False,True,0;1,"[{""target"":""T2P"",""magnitude"":0.3,""start_week"":12,""duration_weeks"":3,""recovery_weeks"":3},{""target"":""corridor"",""magnitude"":0.5,""start_week"":15,""duration_weeks"":2,""recovery_weeks"":3}]",True,0.0,A
221,MI-MDA,FST-MI-41,severe,later_event_deletion,False,False,0,"[{""target"":""T2P"",""magnitude"":0.3,""start_week"":12,""duration_weeks"":3,""recovery_weeks"":3}]",True,0.0,A
222,MI-MDA,FST-MI-42,all,candidate_passive,False,False,,"[{""target"":""T2P"",""magnitude"":0.4,""start_week"":12,""duration_weeks"":3,""recovery_weeks"":3},{""target"":""corridor"",""magnitude"":0.5,""start_week"":15,""duration_weeks"":2,""recovery_weeks"":3}]",False,0.0038583000423386693,A
223,MI-MDA,FST-MI-42,all,candidate_active,True,False,,"[{""target"":""T2P"",""magnitude"":0.4,""start_week"":12,""duration_weeks"":3,""recovery_weeks"":3},{""target"":""corridor"",""magnitude"":0.5,""start_week"":15,""duration_weeks"":2,""recovery_weeks"":3}]",False,0.003823000006377697,A
224,MI-MDA,FST-MI-42,moderate,singleton,False,False,0,"[{""target"":""T2P"",""magnitude"":0.4,""start_week"":12,""duration_weeks"":3,""recovery_weeks"":3}]",False,0.003358400019351393,A
225,MI-MDA,FST-MI-42,moderate,singleton,False,False,1,"[{""target"":""corridor"",""magnitude"":0.5,""start_week"":15,""duration_weeks"":2,""recovery_weeks"":3}]",True,0.0,A
226,MI-MDA,FST-MI-42,moderate,upstream_node_deletion,False,False,1,"[{""target"":""corridor"",""magnitude"":0.5,""start_week"":15,""duration_weeks"":2,""recovery_weeks"":3}]",True,0.0,A
227,MI-MDA,FST-MI-42,moderate,direct_impact,False,True,0;1,"[{""target"":""T2P"",""magnitude"":0.4,""start_week"":12,""duration_weeks"":3,""recovery_weeks"":3},{""target"":""corridor"",""magnitude"":0.5,""start_week"":15,""duration_weeks"":2,""recovery_weeks"":3}]",False,0.004711700021289289,A
228,MI-MDA,FST-MI-42,moderate,later_event_deletion,False,False,0,"[{""target"":""T2P"",""magnitude"":0.4,""start_week"":12,""duration_weeks"":3,""recovery_weeks"":3}]",True,0.0,A
229,MI-MDA,FST-MI-42,severe,singleton,False,False,0,"[{""target"":""T2P"",""magnitude"":0.4,""start_week"":12,""duration_weeks"":3,""recovery_weeks"":3}]",True,0.0,A
230,MI-MDA,FST-MI-42,severe,singleton,False,False,1,"[{""target"":""corridor"",""magnitude"":0.5,""start_week"":15,""duration_weeks"":2,""recovery_weeks"":3}]",True,0.0,A
231,MI-MDA,FST-MI-42,severe,upstream_node_deletion,False,False,1,"[{""target"":""corridor"",""magnitude"":0.5,""start_week"":15,""duration_weeks"":2,""recovery_weeks"":3}]",True,0.0,A
232,MI-MDA,FST-MI-42,severe,direct_impact,False,True,0;1,"[{""target"":""T2P"",""magnitude"":0.4,""start_week"":12,""duration_weeks"":3,""recovery_weeks"":3},{""target"":""corridor"",""magnitude"":0.5,""start_week"":15,""duration_weeks"":2,""recovery_weeks"":3}]",True,0.0,A
233,MI-MDA,FST-MI-42,severe,later_event_deletion,False,False,0,"[{""target"":""T2P"",""magnitude"":0.4,""start_week"":12,""duration_weeks"":3,""recovery_weeks"":3}]",True,0.0,A
234,MI-MDA,FST-MI-43,all,candidate_passive,False,False,,"[{""target"":""T2P"",""magnitude"":0.5,""start_week"":12,""duration_weeks"":3,""recovery_weeks"":3},{""target"":""corridor"",""magnitude"":0.5,""start_week"":15,""duration_weeks"":2,""recovery_weeks"":3}]",False,0.003804299980401993,A
235,MI-MDA,FST-MI-43,all,candidate_active,True,False,,"[{""target"":""T2P"",""magnitude"":0.5,""start_week"":12,""duration_weeks"":3,""recovery_weeks"":3},{""target"":""corridor"",""magnitude"":0.5,""start_week"":15,""duration_weeks"":2,""recovery_weeks"":3}]",False,0.003912100044544786,A
236,MI-MDA,FST-MI-43,moderate,singleton,False,False,0,"[{""target"":""T2P"",""magnitude"":0.5,""start_week"":12,""duration_weeks"":3,""recovery_weeks"":3}]",True,0.0,A
237,MI-MDA,FST-MI-43,moderate,singleton,False,False,1,"[{""target"":""corridor"",""magnitude"":0.5,""start_week"":15,""duration_weeks"":2,""recovery_weeks"":3}]",True,0.0,A
238,MI-MDA,FST-MI-43,moderate,upstream_node_deletion,False,False,1,"[{""target"":""corridor"",""magnitude"":0.5,""start_week"":15,""duration_weeks"":2,""recovery_weeks"":3}]",True,0.0,A
239,MI-MDA,FST-MI-43,moderate,direct_impact,False,True,0;1,"[{""target"":""T2P"",""magnitude"":0.5,""start_week"":12,""duration_weeks"":3,""recovery_weeks"":3},{""target"":""corridor"",""magnitude"":0.5,""start_week"":15,""duration_weeks"":2,""recovery_weeks"":3}]",False,0.003960799949709326,A
240,MI-MDA,FST-MI-43,moderate,later_event_deletion,False,False,0,"[{""target"":""T2P"",""magnitude"":0.5,""start_week"":12,""duration_weeks"":3,""recovery_weeks"":3}]",True,0.0,A
241,MI-MDA,FST-MI-43,severe,singleton,False,False,0,"[{""target"":""T2P"",""magnitude"":0.5,""start_week"":12,""duration_weeks"":3,""recovery_weeks"":3}]",True,0.0,A
242,MI-MDA,FST-MI-43,severe,singleton,False,False,1,"[{""target"":""corridor"",""magnitude"":0.5,""start_week"":15,""duration_weeks"":2,""recovery_weeks"":3}]",True,0.0,A
243,MI-MDA,FST-MI-43,severe,upstream_node_deletion,False,False,1,"[{""target"":""corridor"",""magnitude"":0.5,""start_week"":15,""duration_weeks"":2,""recovery_weeks"":3}]",True,0.0,A
244,MI-MDA,FST-MI-43,severe,direct_impact,False,True,0;1,"[{""target"":""T2P"",""magnitude"":0.5,""start_week"":12,""duration_weeks"":3,""recovery_weeks"":3},{""target"":""corridor"",""magnitude"":0.5,""start_week"":15,""duration_weeks"":2,""recovery_weeks"":3}]",True,0.0,A
245,MI-MDA,FST-MI-43,severe,later_event_deletion,False,False,0,"[{""target"":""T2P"",""magnitude"":0.5,""start_week"":12,""duration_weeks"":3,""recovery_weeks"":3}]",True,0.0,A
246,MI-MDA,FST-MI-44,all,candidate_passive,False,False,,"[{""target"":""T2P"",""magnitude"":0.6,""start_week"":12,""duration_weeks"":3,""recovery_weeks"":3},{""target"":""corridor"",""magnitude"":0.5,""start_week"":15,""duration_weeks"":2,""recovery_weeks"":3}]",False,0.004156599985435605,A
247,MI-MDA,FST-MI-44,all,candidate_active,True,False,,"[{""target"":""T2P"",""magnitude"":0.6,""start_week"":12,""duration_weeks"":3,""recovery_weeks"":3},{""target"":""corridor"",""magnitude"":0.5,""start_week"":15,""duration_weeks"":2,""recovery_weeks"":3}]",False,0.007566799991764128,A
248,MI-MDA,FST-MI-44,moderate,singleton,False,False,0,"[{""target"":""T2P"",""magnitude"":0.6,""start_week"":12,""duration_weeks"":3,""recovery_weeks"":3}]",False,0.006589900003746152,A
249,MI-MDA,FST-MI-44,moderate,singleton,False,False,1,"[{""target"":""corridor"",""magnitude"":0.5,""start_week"":15,""duration_weeks"":2,""recovery_weeks"":3}]",True,0.0,A
250,MI-MDA,FST-MI-44,moderate,upstream_node_deletion,False,False,1,"[{""target"":""corridor"",""magnitude"":0.5,""start_week"":15,""duration_weeks"":2,""recovery_weeks"":3}]",True,0.0,A
251,MI-MDA,FST-MI-44,moderate,direct_impact,False,True,0;1,"[{""target"":""T2P"",""magnitude"":0.6,""start_week"":12,""duration_weeks"":3,""recovery_weeks"":3},{""target"":""corridor"",""magnitude"":0.5,""start_week"":15,""duration_weeks"":2,""recovery_weeks"":3}]",False,0.007655600027646869,A
252,MI-MDA,FST-MI-44,moderate,later_event_deletion,False,False,0,"[{""target"":""T2P"",""magnitude"":0.6,""start_week"":12,""duration_weeks"":3,""recovery_weeks"":3}]",True,0.0,A
253,MI-MDA,FST-MI-44,severe,singleton,False,False,0,"[{""target"":""T2P"",""magnitude"":0.6,""start_week"":12,""duration_weeks"":3,""recovery_weeks"":3}]",True,0.0,A
254,MI-MDA,FST-MI-44,severe,singleton,False,False,1,"[{""target"":""corridor"",""magnitude"":0.5,""start_week"":15,""duration_weeks"":2,""recovery_weeks"":3}]",True,0.0,A
255,MI-MDA,FST-MI-44,severe,upstream_node_deletion,False,False,1,"[{""target"":""corridor"",""magnitude"":0.5,""start_week"":15,""duration_weeks"":2,""recovery_weeks"":3}]",True,0.0,A
256,MI-MDA,FST-MI-44,severe,direct_impact,False,True,0;1,"[{""target"":""T2P"",""magnitude"":0.6,""start_week"":12,""duration_weeks"":3,""recovery_weeks"":3},{""target"":""corridor"",""magnitude"":0.5,""start_week"":15,""duration_weeks"":2,""recovery_weeks"":3}]",True,0.0,A
257,MI-MDA,FST-MI-44,severe,later_event_deletion,False,False,0,"[{""target"":""T2P"",""magnitude"":0.6,""start_week"":12,""duration_weeks"":3,""recovery_weeks"":3}]",True,0.0,A
258,MI-MDA,FST-MI-45,all,candidate_passive,False,False,,"[{""target"":""T2P"",""magnitude"":0.7,""start_week"":12,""duration_weeks"":3,""recovery_weeks"":3},{""target"":""corridor"",""magnitude"":0.5,""start_week"":15,""duration_weeks"":2,""recovery_weeks"":3}]",False,0.0059782000025734305,A
259,MI-MDA,FST-MI-45,all,candidate_active,True,False,,"[{""target"":""T2P"",""magnitude"":0.7,""start_week"":12,""duration_weeks"":3,""recovery_weeks"":3},{""target"":""corridor"",""magnitude"":0.5,""start_week"":15,""duration_weeks"":2,""recovery_weeks"":3}]",False,0.0039511999930255115,A
260,MI-MDA,FST-MI-45,moderate,singleton,False,False,0,"[{""target"":""T2P"",""magnitude"":0.7,""start_week"":12,""duration_weeks"":3,""recovery_weeks"":3}]",True,0.0,A
261,MI-MDA,FST-MI-45,moderate,singleton,False,False,1,"[{""target"":""corridor"",""magnitude"":0.5,""start_week"":15,""duration_weeks"":2,""recovery_weeks"":3}]",True,0.0,A
262,MI-MDA,FST-MI-45,moderate,upstream_node_deletion,False,False,1,"[{""target"":""corridor"",""magnitude"":0.5,""start_week"":15,""duration_weeks"":2,""recovery_weeks"":3}]",True,0.0,A
263,MI-MDA,FST-MI-45,moderate,direct_impact,False,True,0;1,"[{""target"":""T2P"",""magnitude"":0.7,""start_week"":12,""duration_weeks"":3,""recovery_weeks"":3},{""target"":""corridor"",""magnitude"":0.5,""start_week"":15,""duration_weeks"":2,""recovery_weeks"":3}]",False,0.003937200002837926,A
264,MI-MDA,FST-MI-45,moderate,later_event_deletion,False,False,0,"[{""target"":""T2P"",""magnitude"":0.7,""start_week"":12,""duration_weeks"":3,""recovery_weeks"":3}]",True,0.0,A
265,MI-MDA,FST-MI-45,severe,singleton,False,False,0,"[{""target"":""T2P"",""magnitude"":0.7,""start_week"":12,""duration_weeks"":3,""recovery_weeks"":3}]",True,0.0,A
266,MI-MDA,FST-MI-45,severe,singleton,False,False,1,"[{""target"":""corridor"",""magnitude"":0.5,""start_week"":15,""duration_weeks"":2,""recovery_weeks"":3}]",True,0.0,A
267,MI-MDA,FST-MI-45,severe,upstream_node_deletion,False,False,1,"[{""target"":""corridor"",""magnitude"":0.5,""start_week"":15,""duration_weeks"":2,""recovery_weeks"":3}]",True,0.0,A
268,MI-MDA,FST-MI-45,severe,direct_impact,False,True,0;1,"[{""target"":""T2P"",""magnitude"":0.7,""start_week"":12,""duration_weeks"":3,""recovery_weeks"":3},{""target"":""corridor"",""magnitude"":0.5,""start_week"":15,""duration_weeks"":2,""recovery_weeks"":3}]",True,0.0,A
269,MI-MDA,FST-MI-45,severe,later_event_deletion,False,False,0,"[{""target"":""T2P"",""magnitude"":0.7,""start_week"":12,""duration_weeks"":3,""recovery_weeks"":3}]",True,0.0,A
270,MI-MDA,FST-MI-46,all,candidate_passive,False,False,,"[{""target"":""corridor"",""magnitude"":0.3,""start_week"":12,""duration_weeks"":3,""recovery_weeks"":3},{""target"":""T2P"",""magnitude"":0.5,""start_week"":15,""duration_weeks"":2,""recovery_weeks"":3}]",False,0.007517999969422817,A
271,MI-MDA,FST-MI-46,all,candidate_active,True,False,,"[{""target"":""corridor"",""magnitude"":0.3,""start_week"":12,""duration_weeks"":3,""recovery_weeks"":3},{""target"":""T2P"",""magnitude"":0.5,""start_week"":15,""duration_weeks"":2,""recovery_weeks"":3}]",False,0.007536699995398521,A
272,MI-MDA,FST-MI-46,moderate,singleton,False,False,0,"[{""target"":""corridor"",""magnitude"":0.3,""start_week"":12,""duration_weeks"":3,""recovery_weeks"":3}]",True,0.0,A
273,MI-MDA,FST-MI-46,moderate,singleton,False,False,1,"[{""target"":""T2P"",""magnitude"":0.5,""start_week"":15,""duration_weeks"":2,""recovery_weeks"":3}]",False,0.00638119998620823,A
274,MI-MDA,FST-MI-46,moderate,upstream_node_deletion,False,False,0,"[{""target"":""corridor"",""magnitude"":0.3,""start_week"":12,""duration_weeks"":3,""recovery_weeks"":3}]",True,0.0,A
275,MI-MDA,FST-MI-46,moderate,direct_impact,False,True,0;1,"[{""target"":""corridor"",""magnitude"":0.3,""start_week"":12,""duration_weeks"":3,""recovery_weeks"":3},{""target"":""T2P"",""magnitude"":0.5,""start_week"":15,""duration_weeks"":2,""recovery_weeks"":3}]",False,0.007611899985931814,A
276,MI-MDA,FST-MI-46,moderate,later_event_deletion,False,False,0,"[{""target"":""corridor"",""magnitude"":0.3,""start_week"":12,""duration_weeks"":3,""recovery_weeks"":3}]",True,0.0,A
277,MI-MDA,FST-MI-46,severe,singleton,False,False,0,"[{""target"":""corridor"",""magnitude"":0.3,""start_week"":12,""duration_weeks"":3,""recovery_weeks"":3}]",True,0.0,A
278,MI-MDA,FST-MI-46,severe,singleton,False,False,1,"[{""target"":""T2P"",""magnitude"":0.5,""start_week"":15,""duration_weeks"":2,""recovery_weeks"":3}]",True,0.0,A
279,MI-MDA,FST-MI-46,severe,upstream_node_deletion,False,False,0,"[{""target"":""corridor"",""magnitude"":0.3,""start_week"":12,""duration_weeks"":3,""recovery_weeks"":3}]",True,0.0,A
280,MI-MDA,FST-MI-46,severe,direct_impact,False,True,0;1,"[{""target"":""corridor"",""magnitude"":0.3,""start_week"":12,""duration_weeks"":3,""recovery_weeks"":3},{""target"":""T2P"",""magnitude"":0.5,""start_week"":15,""duration_weeks"":2,""recovery_weeks"":3}]",True,0.0,A
281,MI-MDA,FST-MI-46,severe,later_event_deletion,False,False,0,"[{""target"":""corridor"",""magnitude"":0.3,""start_week"":12,""duration_weeks"":3,""recovery_weeks"":3}]",True,0.0,A
282,MI-MDA,FST-MI-47,all,candidate_passive,False,False,,"[{""target"":""corridor"",""magnitude"":0.4,""start_week"":12,""duration_weeks"":3,""recovery_weeks"":3},{""target"":""T2P"",""magnitude"":0.5,""start_week"":15,""duration_weeks"":2,""recovery_weeks"":3}]",False,0.00740960001712665,A
283,MI-MDA,FST-MI-47,all,candidate_active,True,False,,"[{""target"":""corridor"",""magnitude"":0.4,""start_week"":12,""duration_weeks"":3,""recovery_weeks"":3},{""target"":""T2P"",""magnitude"":0.5,""start_week"":15,""duration_weeks"":2,""recovery_weeks"":3}]",False,0.006611999997403473,A
284,MI-MDA,FST-MI-47,moderate,singleton,False,False,0,"[{""target"":""corridor"",""magnitude"":0.4,""start_week"":12,""duration_weeks"":3,""recovery_weeks"":3}]",False,0.0033324999967589974,A
285,MI-MDA,FST-MI-47,severe,singleton,False,False,0,"[{""target"":""corridor"",""magnitude"":0.4,""start_week"":12,""duration_weeks"":3,""recovery_weeks"":3}]",True,0.0,A
286,MI-MDA,FST-MI-47,severe,singleton,False,False,1,"[{""target"":""T2P"",""magnitude"":0.5,""start_week"":15,""duration_weeks"":2,""recovery_weeks"":3}]",True,0.0,A
287,MI-MDA,FST-MI-47,severe,upstream_node_deletion,False,False,0,"[{""target"":""corridor"",""magnitude"":0.4,""start_week"":12,""duration_weeks"":3,""recovery_weeks"":3}]",True,0.0,A
288,MI-MDA,FST-MI-47,severe,direct_impact,False,True,0;1,"[{""target"":""corridor"",""magnitude"":0.4,""start_week"":12,""duration_weeks"":3,""recovery_weeks"":3},{""target"":""T2P"",""magnitude"":0.5,""start_week"":15,""duration_weeks"":2,""recovery_weeks"":3}]",False,0.004334900004323572,A
289,MI-MDA,FST-MI-47,severe,later_event_deletion,False,False,0,"[{""target"":""corridor"",""magnitude"":0.4,""start_week"":12,""duration_weeks"":3,""recovery_weeks"":3}]",True,0.0,A
290,MI-MDA,FST-MI-48,all,candidate_passive,False,False,,"[{""target"":""corridor"",""magnitude"":0.5,""start_week"":12,""duration_weeks"":3,""recovery_weeks"":3},{""target"":""T2P"",""magnitude"":0.5,""start_week"":15,""duration_weeks"":2,""recovery_weeks"":3}]",False,0.004049900046084076,A
291,MI-MDA,FST-MI-48,all,candidate_active,True,False,,"[{""target"":""corridor"",""magnitude"":0.5,""start_week"":12,""duration_weeks"":3,""recovery_weeks"":3},{""target"":""T2P"",""magnitude"":0.5,""start_week"":15,""duration_weeks"":2,""recovery_weeks"":3}]",False,0.0039054000517353415,A
292,MI-MDA,FST-MI-48,moderate,singleton,False,False,0,"[{""target"":""corridor"",""magnitude"":0.5,""start_week"":12,""duration_weeks"":3,""recovery_weeks"":3}]",False,0.004377699980977923,A
293,MI-MDA,FST-MI-48,severe,singleton,False,False,0,"[{""target"":""corridor"",""magnitude"":0.5,""start_week"":12,""duration_weeks"":3,""recovery_weeks"":3}]",True,0.0,A
294,MI-MDA,FST-MI-48,severe,singleton,False,False,1,"[{""target"":""T2P"",""magnitude"":0.5,""start_week"":15,""duration_weeks"":2,""recovery_weeks"":3}]",True,0.0,A
295,MI-MDA,FST-MI-48,severe,upstream_node_deletion,False,False,0,"[{""target"":""corridor"",""magnitude"":0.5,""start_week"":12,""duration_weeks"":3,""recovery_weeks"":3}]",True,0.0,A
296,MI-MDA,FST-MI-48,severe,direct_impact,False,True,0;1,"[{""target"":""corridor"",""magnitude"":0.5,""start_week"":12,""duration_weeks"":3,""recovery_weeks"":3},{""target"":""T2P"",""magnitude"":0.5,""start_week"":15,""duration_weeks"":2,""recovery_weeks"":3}]",False,0.00755620002746582,A
297,MI-MDA,FST-MI-48,severe,later_event_deletion,False,False,0,"[{""target"":""corridor"",""magnitude"":0.5,""start_week"":12,""duration_weeks"":3,""recovery_weeks"":3}]",True,0.0,A
298,MI-MDA,FST-MI-49,all,candidate_passive,False,False,,"[{""target"":""corridor"",""magnitude"":0.6,""start_week"":12,""duration_weeks"":3,""recovery_weeks"":3},{""target"":""T2P"",""magnitude"":0.5,""start_week"":15,""duration_weeks"":2,""recovery_weeks"":3}]",False,0.0075113000348210335,A
299,MI-MDA,FST-MI-49,all,candidate_active,True,False,,"[{""target"":""corridor"",""magnitude"":0.6,""start_week"":12,""duration_weeks"":3,""recovery_weeks"":3},{""target"":""T2P"",""magnitude"":0.5,""start_week"":15,""duration_weeks"":2,""recovery_weeks"":3}]",False,0.007954000029712915,A
300,MI-MDA,FST-MI-49,moderate,singleton,False,False,0,"[{""target"":""corridor"",""magnitude"":0.6,""start_week"":12,""duration_weeks"":3,""recovery_weeks"":3}]",True,0.0,A
301,MI-MDA,FST-MI-49,severe,singleton,False,False,0,"[{""target"":""corridor"",""magnitude"":0.6,""start_week"":12,""duration_weeks"":3,""recovery_weeks"":3}]",True,0.0,A
302,MI-MDA,FST-MI-49,severe,singleton,False,False,1,"[{""target"":""T2P"",""magnitude"":0.5,""start_week"":15,""duration_weeks"":2,""recovery_weeks"":3}]",True,0.0,A
303,MI-MDA,FST-MI-49,severe,upstream_node_deletion,False,False,0,"[{""target"":""corridor"",""magnitude"":0.6,""start_week"":12,""duration_weeks"":3,""recovery_weeks"":3}]",True,0.0,A
304,MI-MDA,FST-MI-49,severe,direct_impact,False,True,0;1,"[{""target"":""corridor"",""magnitude"":0.6,""start_week"":12,""duration_weeks"":3,""recovery_weeks"":3},{""target"":""T2P"",""magnitude"":0.5,""start_week"":15,""duration_weeks"":2,""recovery_weeks"":3}]",False,0.007642799988389015,A
305,MI-MDA,FST-MI-49,severe,later_event_deletion,False,False,0,"[{""target"":""corridor"",""magnitude"":0.6,""start_week"":12,""duration_weeks"":3,""recovery_weeks"":3}]",True,0.0,A
306,MI-MDA,FST-MI-50,all,candidate_passive,False,False,,"[{""target"":""corridor"",""magnitude"":0.7,""start_week"":12,""duration_weeks"":3,""recovery_weeks"":3},{""target"":""T2P"",""magnitude"":0.5,""start_week"":15,""duration_weeks"":2,""recovery_weeks"":3}]",False,0.003997799998614937,A
307,MI-MDA,FST-MI-50,all,candidate_active,True,False,,"[{""target"":""corridor"",""magnitude"":0.7,""start_week"":12,""duration_weeks"":3,""recovery_weeks"":3},{""target"":""T2P"",""magnitude"":0.5,""start_week"":15,""duration_weeks"":2,""recovery_weeks"":3}]",False,0.003958000044804066,A
308,MI-MDA,FST-MI-50,moderate,singleton,False,False,0,"[{""target"":""corridor"",""magnitude"":0.7,""start_week"":12,""duration_weeks"":3,""recovery_weeks"":3}]",False,0.004079999984242022,A
309,MI-MDA,FST-MI-50,severe,singleton,False,False,0,"[{""target"":""corridor"",""magnitude"":0.7,""start_week"":12,""duration_weeks"":3,""recovery_weeks"":3}]",True,0.0,A
310,MI-MDA,FST-MI-50,severe,singleton,False,False,1,"[{""target"":""T2P"",""magnitude"":0.5,""start_week"":15,""duration_weeks"":2,""recovery_weeks"":3}]",True,0.0,A
311,MI-MDA,FST-MI-50,severe,upstream_node_deletion,False,False,0,"[{""target"":""corridor"",""magnitude"":0.7,""start_week"":12,""duration_weeks"":3,""recovery_weeks"":3}]",True,0.0,A
312,MI-MDA,FST-MI-50,severe,direct_impact,False,True,0;1,"[{""target"":""corridor"",""magnitude"":0.7,""start_week"":12,""duration_weeks"":3,""recovery_weeks"":3},{""target"":""T2P"",""magnitude"":0.5,""start_week"":15,""duration_weeks"":2,""recovery_weeks"":3}]",False,0.003947400022298098,A
313,MI-MDA,FST-MI-50,severe,later_event_deletion,False,False,0,"[{""target"":""corridor"",""magnitude"":0.7,""start_week"":12,""duration_weeks"":3,""recovery_weeks"":3}]",True,0.0,A
1,FST-original,FST-01,all,candidate_passive,False,False,,"[{""target"":""S1A"",""magnitude"":0.3,""start_week"":12,""duration_weeks"":2,""recovery_weeks"":3}]",False,0.0038936000200919807,B
2,FST-original,FST-02,all,candidate_passive,False,False,,"[{""target"":""S1A"",""magnitude"":0.3,""start_week"":12,""duration_weeks"":4,""recovery_weeks"":3}]",False,0.0034912999835796654,B
3,FST-original,FST-03,all,candidate_passive,False,False,,"[{""target"":""S1A"",""magnitude"":0.3,""start_week"":12,""duration_weeks"":6,""recovery_weeks"":3}]",False,0.0033927999902516603,B
4,FST-original,FST-04,all,candidate_passive,False,False,,"[{""target"":""S1A"",""magnitude"":0.5,""start_week"":12,""duration_weeks"":2,""recovery_weeks"":3}]",False,0.004119999997783452,B
5,FST-original,FST-04,all,candidate_active,True,False,,"[{""target"":""S1A"",""magnitude"":0.5,""start_week"":12,""duration_weeks"":2,""recovery_weeks"":3}]",False,0.0035180000122636557,B
6,FST-original,FST-04,moderate,singleton,False,False,0,"[{""target"":""S1A"",""magnitude"":0.5,""start_week"":12,""duration_weeks"":2,""recovery_weeks"":3}]",True,0.0,B
7,FST-original,FST-05,all,candidate_passive,False,False,,"[{""target"":""S1A"",""magnitude"":0.5,""start_week"":12,""duration_weeks"":4,""recovery_weeks"":3}]",False,0.0036178999580442905,B
8,FST-original,FST-05,all,candidate_active,True,False,,"[{""target"":""S1A"",""magnitude"":0.5,""start_week"":12,""duration_weeks"":4,""recovery_weeks"":3}]",False,0.004831800004467368,B
9,FST-original,FST-05,moderate,singleton,False,False,0,"[{""target"":""S1A"",""magnitude"":0.5,""start_week"":12,""duration_weeks"":4,""recovery_weeks"":3}]",True,0.0,B
10,FST-original,FST-06,all,candidate_passive,False,False,,"[{""target"":""S1A"",""magnitude"":0.5,""start_week"":12,""duration_weeks"":6,""recovery_weeks"":3}]",False,0.003602299955673516,B
11,FST-original,FST-06,all,candidate_active,True,False,,"[{""target"":""S1A"",""magnitude"":0.5,""start_week"":12,""duration_weeks"":6,""recovery_weeks"":3}]",False,0.004044200002681464,B
12,FST-original,FST-06,moderate,singleton,False,False,0,"[{""target"":""S1A"",""magnitude"":0.5,""start_week"":12,""duration_weeks"":6,""recovery_weeks"":3}]",True,0.0,B
13,FST-original,FST-07,all,candidate_passive,False,False,,"[{""target"":""S1A"",""magnitude"":0.7,""start_week"":12,""duration_weeks"":2,""recovery_weeks"":3}]",False,0.006527499994263053,B
14,FST-original,FST-07,all,candidate_active,True,False,,"[{""target"":""S1A"",""magnitude"":0.7,""start_week"":12,""duration_weeks"":2,""recovery_weeks"":3}]",False,0.0068510000128299,B
15,FST-original,FST-07,moderate,singleton,False,False,0,"[{""target"":""S1A"",""magnitude"":0.7,""start_week"":12,""duration_weeks"":2,""recovery_weeks"":3}]",True,0.0,B
16,FST-original,FST-08,all,candidate_passive,False,False,,"[{""target"":""S1A"",""magnitude"":0.7,""start_week"":12,""duration_weeks"":4,""recovery_weeks"":3}]",False,0.006484600016847253,B
17,FST-original,FST-08,all,candidate_active,True,False,,"[{""target"":""S1A"",""magnitude"":0.7,""start_week"":12,""duration_weeks"":4,""recovery_weeks"":3}]",False,0.005185399961192161,B
18,FST-original,FST-08,moderate,singleton,False,False,0,"[{""target"":""S1A"",""magnitude"":0.7,""start_week"":12,""duration_weeks"":4,""recovery_weeks"":3}]",True,0.0,B
19,FST-original,FST-09,all,candidate_passive,False,False,,"[{""target"":""S1A"",""magnitude"":0.7,""start_week"":12,""duration_weeks"":6,""recovery_weeks"":3}]",False,0.00748049997491762,B
20,FST-original,FST-09,all,candidate_active,True,False,,"[{""target"":""S1A"",""magnitude"":0.7,""start_week"":12,""duration_weeks"":6,""recovery_weeks"":3}]",False,0.006925699999555945,B
21,FST-original,FST-09,moderate,singleton,False,False,0,"[{""target"":""S1A"",""magnitude"":0.7,""start_week"":12,""duration_weeks"":6,""recovery_weeks"":3}]",True,0.0,B
22,FST-original,FST-10,all,candidate_passive,False,False,,"[{""target"":""S1B"",""magnitude"":0.3,""start_week"":12,""duration_weeks"":2,""recovery_weeks"":3}]",False,0.0043824000167660415,B
23,FST-original,FST-11,all,candidate_passive,False,False,,"[{""target"":""S1B"",""magnitude"":0.3,""start_week"":12,""duration_weeks"":4,""recovery_weeks"":3}]",False,0.007134300016332418,B
24,FST-original,FST-12,all,candidate_passive,False,False,,"[{""target"":""S1B"",""magnitude"":0.3,""start_week"":12,""duration_weeks"":6,""recovery_weeks"":3}]",False,0.0072818000335246325,B
25,FST-original,FST-13,all,candidate_passive,False,False,,"[{""target"":""S1B"",""magnitude"":0.5,""start_week"":12,""duration_weeks"":2,""recovery_weeks"":3}]",False,0.007288400025572628,B
26,FST-original,FST-13,all,candidate_active,True,False,,"[{""target"":""S1B"",""magnitude"":0.5,""start_week"":12,""duration_weeks"":2,""recovery_weeks"":3}]",False,0.007108399993740022,B
27,FST-original,FST-13,moderate,singleton,False,False,0,"[{""target"":""S1B"",""magnitude"":0.5,""start_week"":12,""duration_weeks"":2,""recovery_weeks"":3}]",True,0.0,B
28,FST-original,FST-14,all,candidate_passive,False,False,,"[{""target"":""S1B"",""magnitude"":0.5,""start_week"":12,""duration_weeks"":4,""recovery_weeks"":3}]",False,0.004036700003780425,B
29,FST-original,FST-14,all,candidate_active,True,False,,"[{""target"":""S1B"",""magnitude"":0.5,""start_week"":12,""duration_weeks"":4,""recovery_weeks"":3}]",False,0.0037364999880082905,B
30,FST-original,FST-14,moderate,singleton,False,False,0,"[{""target"":""S1B"",""magnitude"":0.5,""start_week"":12,""duration_weeks"":4,""recovery_weeks"":3}]",True,0.0,B
31,FST-original,FST-15,all,candidate_passive,False,False,,"[{""target"":""S1B"",""magnitude"":0.5,""start_week"":12,""duration_weeks"":6,""recovery_weeks"":3}]",False,0.004701700003352016,B
32,FST-original,FST-15,all,candidate_active,True,False,,"[{""target"":""S1B"",""magnitude"":0.5,""start_week"":12,""duration_weeks"":6,""recovery_weeks"":3}]",False,0.006648799986578524,B
33,FST-original,FST-15,moderate,singleton,False,False,0,"[{""target"":""S1B"",""magnitude"":0.5,""start_week"":12,""duration_weeks"":6,""recovery_weeks"":3}]",True,0.0,B
34,FST-original,FST-16,all,candidate_passive,False,False,,"[{""target"":""S1B"",""magnitude"":0.7,""start_week"":12,""duration_weeks"":2,""recovery_weeks"":3}]",False,0.0059275999665260315,B
35,FST-original,FST-16,all,candidate_active,True,False,,"[{""target"":""S1B"",""magnitude"":0.7,""start_week"":12,""duration_weeks"":2,""recovery_weeks"":3}]",False,0.006570999976247549,B
36,FST-original,FST-16,moderate,singleton,False,False,0,"[{""target"":""S1B"",""magnitude"":0.7,""start_week"":12,""duration_weeks"":2,""recovery_weeks"":3}]",True,0.0,B
37,FST-original,FST-17,all,candidate_passive,False,False,,"[{""target"":""S1B"",""magnitude"":0.7,""start_week"":12,""duration_weeks"":4,""recovery_weeks"":3}]",False,0.006501000025309622,B
38,FST-original,FST-17,all,candidate_active,True,False,,"[{""target"":""S1B"",""magnitude"":0.7,""start_week"":12,""duration_weeks"":4,""recovery_weeks"":3}]",False,0.006589700002223253,B
39,FST-original,FST-17,moderate,singleton,False,False,0,"[{""target"":""S1B"",""magnitude"":0.7,""start_week"":12,""duration_weeks"":4,""recovery_weeks"":3}]",True,0.0,B
40,FST-original,FST-18,all,candidate_passive,False,False,,"[{""target"":""S1B"",""magnitude"":0.7,""start_week"":12,""duration_weeks"":6,""recovery_weeks"":3}]",False,0.006687799992505461,B
41,FST-original,FST-18,all,candidate_active,True,False,,"[{""target"":""S1B"",""magnitude"":0.7,""start_week"":12,""duration_weeks"":6,""recovery_weeks"":3}]",False,0.007255700009409338,B
42,FST-original,FST-18,moderate,singleton,False,False,0,"[{""target"":""S1B"",""magnitude"":0.7,""start_week"":12,""duration_weeks"":6,""recovery_weeks"":3}]",True,0.0,B
43,FST-original,FST-19,all,candidate_passive,False,False,,"[{""target"":""S1C"",""magnitude"":0.3,""start_week"":12,""duration_weeks"":2,""recovery_weeks"":3}]",False,0.00699610001174733,B
44,FST-original,FST-20,all,candidate_passive,False,False,,"[{""target"":""S1C"",""magnitude"":0.3,""start_week"":12,""duration_weeks"":4,""recovery_weeks"":3}]",False,0.004302099987398833,B
45,FST-original,FST-21,all,candidate_passive,False,False,,"[{""target"":""S1C"",""magnitude"":0.3,""start_week"":12,""duration_weeks"":6,""recovery_weeks"":3}]",False,0.006299900007434189,B
46,FST-original,FST-22,all,candidate_passive,False,False,,"[{""target"":""S1C"",""magnitude"":0.5,""start_week"":12,""duration_weeks"":2,""recovery_weeks"":3}]",False,0.00822000001790002,B
47,FST-original,FST-22,all,candidate_active,True,False,,"[{""target"":""S1C"",""magnitude"":0.5,""start_week"":12,""duration_weeks"":2,""recovery_weeks"":3}]",False,0.005682500021066517,B
48,FST-original,FST-22,moderate,singleton,False,False,0,"[{""target"":""S1C"",""magnitude"":0.5,""start_week"":12,""duration_weeks"":2,""recovery_weeks"":3}]",True,0.0,B
49,FST-original,FST-23,all,candidate_passive,False,False,,"[{""target"":""S1C"",""magnitude"":0.5,""start_week"":12,""duration_weeks"":4,""recovery_weeks"":3}]",False,0.0070526000345125794,B
50,FST-original,FST-23,all,candidate_active,True,False,,"[{""target"":""S1C"",""magnitude"":0.5,""start_week"":12,""duration_weeks"":4,""recovery_weeks"":3}]",False,0.006751300010364503,B
51,FST-original,FST-23,moderate,singleton,False,False,0,"[{""target"":""S1C"",""magnitude"":0.5,""start_week"":12,""duration_weeks"":4,""recovery_weeks"":3}]",True,0.0,B
52,FST-original,FST-24,all,candidate_passive,False,False,,"[{""target"":""S1C"",""magnitude"":0.5,""start_week"":12,""duration_weeks"":6,""recovery_weeks"":3}]",False,0.006771400047000498,B
53,FST-original,FST-24,all,candidate_active,True,False,,"[{""target"":""S1C"",""magnitude"":0.5,""start_week"":12,""duration_weeks"":6,""recovery_weeks"":3}]",False,0.006969599984586239,B
54,FST-original,FST-24,moderate,singleton,False,False,0,"[{""target"":""S1C"",""magnitude"":0.5,""start_week"":12,""duration_weeks"":6,""recovery_weeks"":3}]",True,0.0,B
55,FST-original,FST-25,all,candidate_passive,False,False,,"[{""target"":""S1C"",""magnitude"":0.7,""start_week"":12,""duration_weeks"":2,""recovery_weeks"":3}]",False,0.007281099969986826,B
56,FST-original,FST-25,all,candidate_active,True,False,,"[{""target"":""S1C"",""magnitude"":0.7,""start_week"":12,""duration_weeks"":2,""recovery_weeks"":3}]",False,0.0058791000046767294,B
57,FST-original,FST-25,moderate,singleton,False,False,0,"[{""target"":""S1C"",""magnitude"":0.7,""start_week"":12,""duration_weeks"":2,""recovery_weeks"":3}]",True,0.0,B
58,FST-original,FST-26,all,candidate_passive,False,False,,"[{""target"":""S1C"",""magnitude"":0.7,""start_week"":12,""duration_weeks"":4,""recovery_weeks"":3}]",False,0.0036198999732732773,B
59,FST-original,FST-26,all,candidate_active,True,False,,"[{""target"":""S1C"",""magnitude"":0.7,""start_week"":12,""duration_weeks"":4,""recovery_weeks"":3}]",False,0.00460779998684302,B
60,FST-original,FST-26,moderate,singleton,False,False,0,"[{""target"":""S1C"",""magnitude"":0.7,""start_week"":12,""duration_weeks"":4,""recovery_weeks"":3}]",True,0.0,B
61,FST-original,FST-27,all,candidate_passive,False,False,,"[{""target"":""S1C"",""magnitude"":0.7,""start_week"":12,""duration_weeks"":6,""recovery_weeks"":3}]",False,0.0070878000115044415,B
62,FST-original,FST-27,all,candidate_active,True,False,,"[{""target"":""S1C"",""magnitude"":0.7,""start_week"":12,""duration_weeks"":6,""recovery_weeks"":3}]",False,0.007352099986746907,B
63,FST-original,FST-27,moderate,singleton,False,False,0,"[{""target"":""S1C"",""magnitude"":0.7,""start_week"":12,""duration_weeks"":6,""recovery_weeks"":3}]",True,0.0,B
64,FST-original,FST-28,all,candidate_passive,False,False,,"[{""target"":""T2P"",""magnitude"":0.2,""start_week"":12,""duration_weeks"":3,""recovery_weeks"":3}]",False,0.007265899970661849,B
65,FST-original,FST-29,all,candidate_passive,False,False,,"[{""target"":""T2P"",""magnitude"":0.2,""start_week"":12,""duration_weeks"":6,""recovery_weeks"":3}]",False,0.006268500001169741,B
66,FST-original,FST-30,all,candidate_passive,False,False,,"[{""target"":""T2P"",""magnitude"":0.35,""start_week"":12,""duration_weeks"":3,""recovery_weeks"":3}]",False,0.006434899987652898,B
67,FST-original,FST-30,all,candidate_active,True,False,,"[{""target"":""T2P"",""magnitude"":0.35,""start_week"":12,""duration_weeks"":3,""recovery_weeks"":3}]",False,0.006120699981693178,B
68,FST-original,FST-30,moderate,singleton,False,False,0,"[{""target"":""T2P"",""magnitude"":0.35,""start_week"":12,""duration_weeks"":3,""recovery_weeks"":3}]",True,0.0,B
69,FST-original,FST-30,moderate,upstream_node_deletion,False,False,,[],False,0.005545100022573024,B
70,FST-original,FST-30,moderate,direct_impact,False,True,0,"[{""target"":""T2P"",""magnitude"":0.35,""start_week"":12,""duration_weeks"":3,""recovery_weeks"":3}]",False,0.004859500040765852,B
71,FST-original,FST-31,all,candidate_passive,False,False,,"[{""target"":""T2P"",""magnitude"":0.35,""start_week"":12,""duration_weeks"":6,""recovery_weeks"":3}]",False,0.0049507999792695045,B
72,FST-original,FST-31,all,candidate_active,True,False,,"[{""target"":""T2P"",""magnitude"":0.35,""start_week"":12,""duration_weeks"":6,""recovery_weeks"":3}]",False,0.0061849000048823655,B
73,FST-original,FST-31,moderate,singleton,False,False,0,"[{""target"":""T2P"",""magnitude"":0.35,""start_week"":12,""duration_weeks"":6,""recovery_weeks"":3}]",True,0.0,B
74,FST-original,FST-31,moderate,upstream_node_deletion,False,False,,[],True,0.0,B
75,FST-original,FST-31,moderate,direct_impact,False,True,0,"[{""target"":""T2P"",""magnitude"":0.35,""start_week"":12,""duration_weeks"":6,""recovery_weeks"":3}]",False,0.0068718999973498285,B
76,FST-original,FST-32,all,candidate_passive,False,False,,"[{""target"":""T2P"",""magnitude"":0.5,""start_week"":12,""duration_weeks"":3,""recovery_weeks"":3}]",False,0.006713300012052059,B
77,FST-original,FST-32,all,candidate_active,True,False,,"[{""target"":""T2P"",""magnitude"":0.5,""start_week"":12,""duration_weeks"":3,""recovery_weeks"":3}]",False,0.006794199987780303,B
78,FST-original,FST-32,moderate,singleton,False,False,0,"[{""target"":""T2P"",""magnitude"":0.5,""start_week"":12,""duration_weeks"":3,""recovery_weeks"":3}]",True,0.0,B
79,FST-original,FST-32,moderate,upstream_node_deletion,False,False,,[],True,0.0,B
80,FST-original,FST-32,moderate,direct_impact,False,True,0,"[{""target"":""T2P"",""magnitude"":0.5,""start_week"":12,""duration_weeks"":3,""recovery_weeks"":3}]",False,0.006749099993612617,B
81,FST-original,FST-33,all,candidate_passive,False,False,,"[{""target"":""T2P"",""magnitude"":0.5,""start_week"":12,""duration_weeks"":6,""recovery_weeks"":3}]",False,0.006638899969402701,B
82,FST-original,FST-33,all,candidate_active,True,False,,"[{""target"":""T2P"",""magnitude"":0.5,""start_week"":12,""duration_weeks"":6,""recovery_weeks"":3}]",False,0.006757099996320903,B
83,FST-original,FST-33,moderate,singleton,False,False,0,"[{""target"":""T2P"",""magnitude"":0.5,""start_week"":12,""duration_weeks"":6,""recovery_weeks"":3}]",True,0.0,B
84,FST-original,FST-33,moderate,upstream_node_deletion,False,False,,[],True,0.0,B
85,FST-original,FST-33,moderate,direct_impact,False,True,0,"[{""target"":""T2P"",""magnitude"":0.5,""start_week"":12,""duration_weeks"":6,""recovery_weeks"":3}]",False,0.006909499992616475,B
86,FST-original,FST-33,severe,singleton,False,False,0,"[{""target"":""T2P"",""magnitude"":0.5,""start_week"":12,""duration_weeks"":6,""recovery_weeks"":3}]",True,0.0,B
87,FST-original,FST-33,severe,upstream_node_deletion,False,False,,[],True,0.0,B
88,FST-original,FST-33,severe,direct_impact,False,True,0,"[{""target"":""T2P"",""magnitude"":0.5,""start_week"":12,""duration_weeks"":6,""recovery_weeks"":3}]",True,0.0,B
89,FST-original,FST-34,all,candidate_passive,False,False,,"[{""target"":""T2P"",""magnitude"":0.65,""start_week"":12,""duration_weeks"":3,""recovery_weeks"":3}]",False,0.006821000017225742,B
90,FST-original,FST-34,all,candidate_active,True,False,,"[{""target"":""T2P"",""magnitude"":0.65,""start_week"":12,""duration_weeks"":3,""recovery_weeks"":3}]",False,0.008681800041813403,B
91,FST-original,FST-34,moderate,singleton,False,False,0,"[{""target"":""T2P"",""magnitude"":0.65,""start_week"":12,""duration_weeks"":3,""recovery_weeks"":3}]",True,0.0,B
92,FST-original,FST-34,moderate,upstream_node_deletion,False,False,,[],True,0.0,B
93,FST-original,FST-34,moderate,direct_impact,False,True,0,"[{""target"":""T2P"",""magnitude"":0.65,""start_week"":12,""duration_weeks"":3,""recovery_weeks"":3}]",False,0.004071799980010837,B
94,FST-original,FST-34,severe,singleton,False,False,0,"[{""target"":""T2P"",""magnitude"":0.65,""start_week"":12,""duration_weeks"":3,""recovery_weeks"":3}]",True,0.0,B
95,FST-original,FST-34,severe,upstream_node_deletion,False,False,,[],True,0.0,B
96,FST-original,FST-34,severe,direct_impact,False,True,0,"[{""target"":""T2P"",""magnitude"":0.65,""start_week"":12,""duration_weeks"":3,""recovery_weeks"":3}]",True,0.0,B
97,FST-original,FST-35,all,candidate_passive,False,False,,"[{""target"":""T2P"",""magnitude"":0.65,""start_week"":12,""duration_weeks"":6,""recovery_weeks"":3}]",False,0.005520800012163818,B
98,FST-original,FST-35,all,candidate_active,True,False,,"[{""target"":""T2P"",""magnitude"":0.65,""start_week"":12,""duration_weeks"":6,""recovery_weeks"":3}]",False,0.006350900046527386,B
99,FST-original,FST-35,moderate,singleton,False,False,0,"[{""target"":""T2P"",""magnitude"":0.65,""start_week"":12,""duration_weeks"":6,""recovery_weeks"":3}]",True,0.0,B
100,FST-original,FST-35,moderate,upstream_node_deletion,False,False,,[],True,0.0,B
101,FST-original,FST-35,moderate,direct_impact,False,True,0,"[{""target"":""T2P"",""magnitude"":0.65,""start_week"":12,""duration_weeks"":6,""recovery_weeks"":3}]",False,0.006334899982903153,B
102,FST-original,FST-35,severe,singleton,False,False,0,"[{""target"":""T2P"",""magnitude"":0.65,""start_week"":12,""duration_weeks"":6,""recovery_weeks"":3}]",True,0.0,B
103,FST-original,FST-35,severe,upstream_node_deletion,False,False,,[],True,0.0,B
104,FST-original,FST-35,severe,direct_impact,False,True,0,"[{""target"":""T2P"",""magnitude"":0.65,""start_week"":12,""duration_weeks"":6,""recovery_weeks"":3}]",True,0.0,B
105,FST-original,FST-36,all,candidate_passive,False,False,,"[{""target"":""corridor"",""magnitude"":0.3,""start_week"":12,""duration_weeks"":2,""recovery_weeks"":3}]",False,0.006616199971176684,B
106,FST-original,FST-37,all,candidate_passive,False,False,,"[{""target"":""corridor"",""magnitude"":0.3,""start_week"":12,""duration_weeks"":4,""recovery_weeks"":3}]",False,0.006592499965336174,B
107,FST-original,FST-38,all,candidate_passive,False,False,,"[{""target"":""corridor"",""magnitude"":0.5,""start_week"":12,""duration_weeks"":2,""recovery_weeks"":3}]",False,0.00641829997766763,B
108,FST-original,FST-38,all,candidate_active,True,False,,"[{""target"":""corridor"",""magnitude"":0.5,""start_week"":12,""duration_weeks"":2,""recovery_weeks"":3}]",False,0.005991699988953769,B
109,FST-original,FST-38,moderate,singleton,False,False,0,"[{""target"":""corridor"",""magnitude"":0.5,""start_week"":12,""duration_weeks"":2,""recovery_weeks"":3}]",True,0.0,B
110,FST-original,FST-38,severe,singleton,False,False,0,"[{""target"":""corridor"",""magnitude"":0.5,""start_week"":12,""duration_weeks"":2,""recovery_weeks"":3}]",True,0.0,B
111,FST-original,FST-39,all,candidate_passive,False,False,,"[{""target"":""corridor"",""magnitude"":0.5,""start_week"":12,""duration_weeks"":4,""recovery_weeks"":3}]",False,0.006794199987780303,B
112,FST-original,FST-39,all,candidate_active,True,False,,"[{""target"":""corridor"",""magnitude"":0.5,""start_week"":12,""duration_weeks"":4,""recovery_weeks"":3}]",False,0.00669389998074621,B
113,FST-original,FST-39,moderate,singleton,False,False,0,"[{""target"":""corridor"",""magnitude"":0.5,""start_week"":12,""duration_weeks"":4,""recovery_weeks"":3}]",True,0.0,B
114,FST-original,FST-39,severe,singleton,False,False,0,"[{""target"":""corridor"",""magnitude"":0.5,""start_week"":12,""duration_weeks"":4,""recovery_weeks"":3}]",True,0.0,B
115,FST-original,FST-40,all,candidate_passive,False,False,,"[{""target"":""corridor"",""magnitude"":0.7,""start_week"":12,""duration_weeks"":2,""recovery_weeks"":3}]",False,0.005785999994259328,B
116,FST-original,FST-40,all,candidate_active,True,False,,"[{""target"":""corridor"",""magnitude"":0.7,""start_week"":12,""duration_weeks"":2,""recovery_weeks"":3}]",False,0.005878700001630932,B
117,FST-original,FST-40,moderate,singleton,False,False,0,"[{""target"":""corridor"",""magnitude"":0.7,""start_week"":12,""duration_weeks"":2,""recovery_weeks"":3}]",True,0.0,B
118,FST-original,FST-40,severe,singleton,False,False,0,"[{""target"":""corridor"",""magnitude"":0.7,""start_week"":12,""duration_weeks"":2,""recovery_weeks"":3}]",True,0.0,B
119,FST-original,FST-41,all,candidate_passive,False,False,,"[{""target"":""corridor"",""magnitude"":0.7,""start_week"":12,""duration_weeks"":4,""recovery_weeks"":3}]",False,0.004415600036736578,B
120,FST-original,FST-41,all,candidate_active,True,False,,"[{""target"":""corridor"",""magnitude"":0.7,""start_week"":12,""duration_weeks"":4,""recovery_weeks"":3}]",False,0.007485500012990087,B
121,FST-original,FST-41,moderate,singleton,False,False,0,"[{""target"":""corridor"",""magnitude"":0.7,""start_week"":12,""duration_weeks"":4,""recovery_weeks"":3}]",True,0.0,B
122,FST-original,FST-41,severe,singleton,False,False,0,"[{""target"":""corridor"",""magnitude"":0.7,""start_week"":12,""duration_weeks"":4,""recovery_weeks"":3}]",True,0.0,B
123,FST-original,FST-42,all,candidate_passive,False,False,,"[{""target"":""demand"",""magnitude"":0.1,""start_week"":12,""duration_weeks"":3,""recovery_weeks"":2}]",False,0.005868999985978007,B
124,FST-original,FST-43,all,candidate_passive,False,False,,"[{""target"":""demand"",""magnitude"":0.2,""start_week"":12,""duration_weeks"":3,""recovery_weeks"":2}]",False,0.005932600004598498,B
125,FST-original,FST-44,all,candidate_passive,False,False,,"[{""target"":""demand"",""magnitude"":0.3,""start_week"":12,""duration_weeks"":3,""recovery_weeks"":2}]",False,0.006456499977502972,B
126,FST-original,FST-45,all,candidate_passive,False,False,,"[{""target"":""demand"",""magnitude"":0.4,""start_week"":12,""duration_weeks"":3,""recovery_weeks"":2}]",False,0.005785399989690632,B
127,FST-original,FST-46,all,candidate_passive,False,False,,"[{""target"":""T2P"",""magnitude"":0.3,""start_week"":12,""duration_weeks"":3,""recovery_weeks"":3},{""target"":""corridor"",""magnitude"":0.3,""start_week"":12,""duration_weeks"":3,""recovery_weeks"":3}]",False,0.008067699964158237,B
128,FST-original,FST-47,all,candidate_passive,False,False,,"[{""target"":""T2P"",""magnitude"":0.4,""start_week"":12,""duration_weeks"":3,""recovery_weeks"":3},{""target"":""S1A"",""magnitude"":0.4,""start_week"":12,""duration_weeks"":3,""recovery_weeks"":3}]",False,0.0051383000100031495,B
129,FST-original,FST-48,all,candidate_passive,False,False,,"[{""target"":""T2P"",""magnitude"":0.4,""start_week"":12,""duration_weeks"":3,""recovery_weeks"":3},{""target"":""demand"",""magnitude"":0.2,""start_week"":12,""duration_weeks"":3,""recovery_weeks"":2}]",False,0.007231399999000132,B
130,FST-original,FST-48,all,candidate_active,True,False,,"[{""target"":""T2P"",""magnitude"":0.4,""start_week"":12,""duration_weeks"":3,""recovery_weeks"":3},{""target"":""demand"",""magnitude"":0.2,""start_week"":12,""duration_weeks"":3,""recovery_weeks"":2}]",False,0.006223600008524954,B
131,FST-original,FST-48,moderate,singleton,False,False,0,"[{""target"":""T2P"",""magnitude"":0.4,""start_week"":12,""duration_weeks"":3,""recovery_weeks"":3}]",False,0.004994199960492551,B
132,FST-original,FST-48,moderate,singleton,False,False,1,"[{""target"":""demand"",""magnitude"":0.2,""start_week"":12,""duration_weeks"":3,""recovery_weeks"":2}]",True,0.0,B
133,FST-original,FST-48,moderate,upstream_node_deletion,False,False,1,"[{""target"":""demand"",""magnitude"":0.2,""start_week"":12,""duration_weeks"":3,""recovery_weeks"":2}]",True,0.0,B
134,FST-original,FST-48,moderate,direct_impact,False,True,0;1,"[{""target"":""T2P"",""magnitude"":0.4,""start_week"":12,""duration_weeks"":3,""recovery_weeks"":3},{""target"":""demand"",""magnitude"":0.2,""start_week"":12,""duration_weeks"":3,""recovery_weeks"":2}]",False,0.006754300033207983,B
135,FST-original,FST-48,severe,singleton,False,False,0,"[{""target"":""T2P"",""magnitude"":0.4,""start_week"":12,""duration_weeks"":3,""recovery_weeks"":3}]",True,0.0,B
136,FST-original,FST-48,severe,singleton,False,False,1,"[{""target"":""demand"",""magnitude"":0.2,""start_week"":12,""duration_weeks"":3,""recovery_weeks"":2}]",True,0.0,B
137,FST-original,FST-48,severe,upstream_node_deletion,False,False,1,"[{""target"":""demand"",""magnitude"":0.2,""start_week"":12,""duration_weeks"":3,""recovery_weeks"":2}]",True,0.0,B
138,FST-original,FST-48,severe,direct_impact,False,True,0;1,"[{""target"":""T2P"",""magnitude"":0.4,""start_week"":12,""duration_weeks"":3,""recovery_weeks"":3},{""target"":""demand"",""magnitude"":0.2,""start_week"":12,""duration_weeks"":3,""recovery_weeks"":2}]",True,0.0,B
139,FST-original,FST-49,all,candidate_passive,False,False,,"[{""target"":""corridor"",""magnitude"":0.4,""start_week"":12,""duration_weeks"":3,""recovery_weeks"":3},{""target"":""demand"",""magnitude"":0.2,""start_week"":12,""duration_weeks"":3,""recovery_weeks"":2}]",False,0.004917600017506629,B
140,FST-original,FST-49,all,candidate_active,True,False,,"[{""target"":""corridor"",""magnitude"":0.4,""start_week"":12,""duration_weeks"":3,""recovery_weeks"":3},{""target"":""demand"",""magnitude"":0.2,""start_week"":12,""duration_weeks"":3,""recovery_weeks"":2}]",False,0.003968900011386722,B
141,FST-original,FST-49,moderate,singleton,False,False,0,"[{""target"":""corridor"",""magnitude"":0.4,""start_week"":12,""duration_weeks"":3,""recovery_weeks"":3}]",False,0.003785100008826703,B
142,FST-original,FST-49,moderate,singleton,False,False,1,"[{""target"":""demand"",""magnitude"":0.2,""start_week"":12,""duration_weeks"":3,""recovery_weeks"":2}]",True,0.0,B
143,FST-original,FST-49,severe,singleton,False,False,0,"[{""target"":""corridor"",""magnitude"":0.4,""start_week"":12,""duration_weeks"":3,""recovery_weeks"":3}]",True,0.0,B
144,FST-original,FST-49,severe,singleton,False,False,1,"[{""target"":""demand"",""magnitude"":0.2,""start_week"":12,""duration_weeks"":3,""recovery_weeks"":2}]",True,0.0,B
145,FST-original,FST-50,all,candidate_passive,False,False,,"[{""target"":""S1A"",""magnitude"":0.4,""start_week"":12,""duration_weeks"":3,""recovery_weeks"":3},{""target"":""S1B"",""magnitude"":0.4,""start_week"":12,""duration_weeks"":3,""recovery_weeks"":3}]",False,0.0051660999888554215,B
146,FST-original,FST-50,all,candidate_active,True,False,,"[{""target"":""S1A"",""magnitude"":0.4,""start_week"":12,""duration_weeks"":3,""recovery_weeks"":3},{""target"":""S1B"",""magnitude"":0.4,""start_week"":12,""duration_weeks"":3,""recovery_weeks"":3}]",False,0.007490799995139241,B
147,FST-original,FST-50,moderate,singleton,False,False,0,"[{""target"":""S1A"",""magnitude"":0.4,""start_week"":12,""duration_weeks"":3,""recovery_weeks"":3}]",False,0.0036468999460339546,B
148,FST-original,FST-50,moderate,singleton,False,False,1,"[{""target"":""S1B"",""magnitude"":0.4,""start_week"":12,""duration_weeks"":3,""recovery_weeks"":3}]",False,0.0038733999826945364,B
1,MI-FST,FST-MI-01,all,candidate_passive,False,False,,"[{""target"":""S1A"",""magnitude"":0.5,""start_week"":12,""duration_weeks"":4,""recovery_weeks"":3}]",False,0.0058231999864801764,B
2,MI-FST,FST-MI-01,all,candidate_active,True,False,,"[{""target"":""S1A"",""magnitude"":0.5,""start_week"":12,""duration_weeks"":4,""recovery_weeks"":3}]",False,0.003632000007200986,B
3,MI-FST,FST-MI-01,moderate,singleton,False,False,0,"[{""target"":""S1A"",""magnitude"":0.5,""start_week"":12,""duration_weeks"":4,""recovery_weeks"":3}]",True,0.0,B
4,MI-FST,FST-MI-02,all,candidate_passive,False,False,,"[{""target"":""S1A"",""magnitude"":0.7,""start_week"":12,""duration_weeks"":4,""recovery_weeks"":3}]",False,0.0037765000015497208,B
5,MI-FST,FST-MI-02,all,candidate_active,True,False,,"[{""target"":""S1A"",""magnitude"":0.7,""start_week"":12,""duration_weeks"":4,""recovery_weeks"":3}]",False,0.00672789994860068,B
6,MI-FST,FST-MI-02,moderate,singleton,False,False,0,"[{""target"":""S1A"",""magnitude"":0.7,""start_week"":12,""duration_weeks"":4,""recovery_weeks"":3}]",True,0.0,B
7,MI-FST,FST-MI-03,all,candidate_passive,False,False,,"[{""target"":""S1B"",""magnitude"":0.5,""start_week"":12,""duration_weeks"":4,""recovery_weeks"":3}]",False,0.0035229999921284616,B
8,MI-FST,FST-MI-03,all,candidate_active,True,False,,"[{""target"":""S1B"",""magnitude"":0.5,""start_week"":12,""duration_weeks"":4,""recovery_weeks"":3}]",False,0.005344800010789186,B
9,MI-FST,FST-MI-03,moderate,singleton,False,False,0,"[{""target"":""S1B"",""magnitude"":0.5,""start_week"":12,""duration_weeks"":4,""recovery_weeks"":3}]",True,0.0,B
10,MI-FST,FST-MI-04,all,candidate_passive,False,False,,"[{""target"":""S1B"",""magnitude"":0.7,""start_week"":12,""duration_weeks"":4,""recovery_weeks"":3}]",False,0.005655599990859628,B
11,MI-FST,FST-MI-04,all,candidate_active,True,False,,"[{""target"":""S1B"",""magnitude"":0.7,""start_week"":12,""duration_weeks"":4,""recovery_weeks"":3}]",False,0.005294399976264685,B
12,MI-FST,FST-MI-04,moderate,singleton,False,False,0,"[{""target"":""S1B"",""magnitude"":0.7,""start_week"":12,""duration_weeks"":4,""recovery_weeks"":3}]",True,0.0,B
13,MI-FST,FST-MI-05,all,candidate_passive,False,False,,"[{""target"":""S1C"",""magnitude"":0.5,""start_week"":12,""duration_weeks"":4,""recovery_weeks"":3}]",False,0.00520769995637238,B
14,MI-FST,FST-MI-05,all,candidate_active,True,False,,"[{""target"":""S1C"",""magnitude"":0.5,""start_week"":12,""duration_weeks"":4,""recovery_weeks"":3}]",False,0.005431199970189482,B
15,MI-FST,FST-MI-05,moderate,singleton,False,False,0,"[{""target"":""S1C"",""magnitude"":0.5,""start_week"":12,""duration_weeks"":4,""recovery_weeks"":3}]",True,0.0,B
16,MI-FST,FST-MI-06,all,candidate_passive,False,False,,"[{""target"":""S1C"",""magnitude"":0.7,""start_week"":12,""duration_weeks"":4,""recovery_weeks"":3}]",False,0.005520600010640919,B
17,MI-FST,FST-MI-06,all,candidate_active,True,False,,"[{""target"":""S1C"",""magnitude"":0.7,""start_week"":12,""duration_weeks"":4,""recovery_weeks"":3}]",False,0.005829900037497282,B
18,MI-FST,FST-MI-06,moderate,singleton,False,False,0,"[{""target"":""S1C"",""magnitude"":0.7,""start_week"":12,""duration_weeks"":4,""recovery_weeks"":3}]",True,0.0,B
19,MI-FST,FST-MI-07,all,candidate_passive,False,False,,"[{""target"":""T2P"",""magnitude"":0.2,""start_week"":12,""duration_weeks"":3,""recovery_weeks"":3}]",False,0.005659499962348491,B
20,MI-FST,FST-MI-08,all,candidate_passive,False,False,,"[{""target"":""T2P"",""magnitude"":0.2,""start_week"":12,""duration_weeks"":6,""recovery_weeks"":3}]",False,0.003740500018466264,B
21,MI-FST,FST-MI-09,all,candidate_passive,False,False,,"[{""target"":""T2P"",""magnitude"":0.35,""start_week"":12,""duration_weeks"":3,""recovery_weeks"":3}]",False,0.0036609999951906502,B
22,MI-FST,FST-MI-09,all,candidate_active,True,False,,"[{""target"":""T2P"",""magnitude"":0.35,""start_week"":12,""duration_weeks"":3,""recovery_weeks"":3}]",False,0.005025900027249008,B
23,MI-FST,FST-MI-09,moderate,singleton,False,False,0,"[{""target"":""T2P"",""magnitude"":0.35,""start_week"":12,""duration_weeks"":3,""recovery_weeks"":3}]",True,0.0,B
24,MI-FST,FST-MI-09,moderate,upstream_node_deletion,False,False,,[],False,0.003167300019413233,B
25,MI-FST,FST-MI-09,moderate,direct_impact,False,True,0,"[{""target"":""T2P"",""magnitude"":0.35,""start_week"":12,""duration_weeks"":3,""recovery_weeks"":3}]",False,0.007159499975387007,B
26,MI-FST,FST-MI-10,all,candidate_passive,False,False,,"[{""target"":""T2P"",""magnitude"":0.35,""start_week"":12,""duration_weeks"":6,""recovery_weeks"":3}]",False,0.00543750001816079,B
27,MI-FST,FST-MI-10,all,candidate_active,True,False,,"[{""target"":""T2P"",""magnitude"":0.35,""start_week"":12,""duration_weeks"":6,""recovery_weeks"":3}]",False,0.0034780999994836748,B
28,MI-FST,FST-MI-10,moderate,singleton,False,False,0,"[{""target"":""T2P"",""magnitude"":0.35,""start_week"":12,""duration_weeks"":6,""recovery_weeks"":3}]",True,0.0,B
29,MI-FST,FST-MI-10,moderate,upstream_node_deletion,False,False,,[],True,0.0,B
30,MI-FST,FST-MI-10,moderate,direct_impact,False,True,0,"[{""target"":""T2P"",""magnitude"":0.35,""start_week"":12,""duration_weeks"":6,""recovery_weeks"":3}]",False,0.006361299951095134,B
31,MI-FST,FST-MI-11,all,candidate_passive,False,False,,"[{""target"":""T2P"",""magnitude"":0.5,""start_week"":12,""duration_weeks"":3,""recovery_weeks"":3}]",False,0.005985399999190122,B
32,MI-FST,FST-MI-11,all,candidate_active,True,False,,"[{""target"":""T2P"",""magnitude"":0.5,""start_week"":12,""duration_weeks"":3,""recovery_weeks"":3}]",False,0.0062340000295080245,B
33,MI-FST,FST-MI-11,moderate,singleton,False,False,0,"[{""target"":""T2P"",""magnitude"":0.5,""start_week"":12,""duration_weeks"":3,""recovery_weeks"":3}]",True,0.0,B
34,MI-FST,FST-MI-11,moderate,upstream_node_deletion,False,False,,[],True,0.0,B
35,MI-FST,FST-MI-11,moderate,direct_impact,False,True,0,"[{""target"":""T2P"",""magnitude"":0.5,""start_week"":12,""duration_weeks"":3,""recovery_weeks"":3}]",False,0.006077400001231581,B
36,MI-FST,FST-MI-12,all,candidate_passive,False,False,,"[{""target"":""T2P"",""magnitude"":0.5,""start_week"":12,""duration_weeks"":6,""recovery_weeks"":3}]",False,0.0065058000036515296,B
37,MI-FST,FST-MI-12,all,candidate_active,True,False,,"[{""target"":""T2P"",""magnitude"":0.5,""start_week"":12,""duration_weeks"":6,""recovery_weeks"":3}]",False,0.0076342999818734825,B
38,MI-FST,FST-MI-12,moderate,singleton,False,False,0,"[{""target"":""T2P"",""magnitude"":0.5,""start_week"":12,""duration_weeks"":6,""recovery_weeks"":3}]",True,0.0,B
39,MI-FST,FST-MI-12,moderate,upstream_node_deletion,False,False,,[],True,0.0,B
40,MI-FST,FST-MI-12,moderate,direct_impact,False,True,0,"[{""target"":""T2P"",""magnitude"":0.5,""start_week"":12,""duration_weeks"":6,""recovery_weeks"":3}]",False,0.004004399990662932,B
41,MI-FST,FST-MI-12,severe,singleton,False,False,0,"[{""target"":""T2P"",""magnitude"":0.5,""start_week"":12,""duration_weeks"":6,""recovery_weeks"":3}]",True,0.0,B
42,MI-FST,FST-MI-12,severe,upstream_node_deletion,False,False,,[],True,0.0,B
43,MI-FST,FST-MI-12,severe,direct_impact,False,True,0,"[{""target"":""T2P"",""magnitude"":0.5,""start_week"":12,""duration_weeks"":6,""recovery_weeks"":3}]",True,0.0,B
44,MI-FST,FST-MI-13,all,candidate_passive,False,False,,"[{""target"":""T2P"",""magnitude"":0.65,""start_week"":12,""duration_weeks"":3,""recovery_weeks"":3}]",False,0.0038641999708488584,B
45,MI-FST,FST-MI-13,all,candidate_active,True,False,,"[{""target"":""T2P"",""magnitude"":0.65,""start_week"":12,""duration_weeks"":3,""recovery_weeks"":3}]",False,0.0047144999844022095,B
46,MI-FST,FST-MI-13,moderate,singleton,False,False,0,"[{""target"":""T2P"",""magnitude"":0.65,""start_week"":12,""duration_weeks"":3,""recovery_weeks"":3}]",True,0.0,B
47,MI-FST,FST-MI-13,moderate,upstream_node_deletion,False,False,,[],True,0.0,B
48,MI-FST,FST-MI-13,moderate,direct_impact,False,True,0,"[{""target"":""T2P"",""magnitude"":0.65,""start_week"":12,""duration_weeks"":3,""recovery_weeks"":3}]",False,0.007002600003033876,B
49,MI-FST,FST-MI-13,severe,singleton,False,False,0,"[{""target"":""T2P"",""magnitude"":0.65,""start_week"":12,""duration_weeks"":3,""recovery_weeks"":3}]",True,0.0,B
50,MI-FST,FST-MI-13,severe,upstream_node_deletion,False,False,,[],True,0.0,B
51,MI-FST,FST-MI-13,severe,direct_impact,False,True,0,"[{""target"":""T2P"",""magnitude"":0.65,""start_week"":12,""duration_weeks"":3,""recovery_weeks"":3}]",True,0.0,B
52,MI-FST,FST-MI-14,all,candidate_passive,False,False,,"[{""target"":""T2P"",""magnitude"":0.65,""start_week"":12,""duration_weeks"":6,""recovery_weeks"":3}]",False,0.003934899985324591,B
53,MI-FST,FST-MI-14,all,candidate_active,True,False,,"[{""target"":""T2P"",""magnitude"":0.65,""start_week"":12,""duration_weeks"":6,""recovery_weeks"":3}]",False,0.004474000015761703,B
54,MI-FST,FST-MI-14,moderate,singleton,False,False,0,"[{""target"":""T2P"",""magnitude"":0.65,""start_week"":12,""duration_weeks"":6,""recovery_weeks"":3}]",True,0.0,B
55,MI-FST,FST-MI-14,moderate,upstream_node_deletion,False,False,,[],True,0.0,B
56,MI-FST,FST-MI-14,moderate,direct_impact,False,True,0,"[{""target"":""T2P"",""magnitude"":0.65,""start_week"":12,""duration_weeks"":6,""recovery_weeks"":3}]",False,0.0039032999775372446,B
57,MI-FST,FST-MI-14,severe,singleton,False,False,0,"[{""target"":""T2P"",""magnitude"":0.65,""start_week"":12,""duration_weeks"":6,""recovery_weeks"":3}]",True,0.0,B
58,MI-FST,FST-MI-14,severe,upstream_node_deletion,False,False,,[],True,0.0,B
59,MI-FST,FST-MI-14,severe,direct_impact,False,True,0,"[{""target"":""T2P"",""magnitude"":0.65,""start_week"":12,""duration_weeks"":6,""recovery_weeks"":3}]",True,0.0,B
60,MI-FST,FST-MI-15,all,candidate_passive,False,False,,"[{""target"":""T2P"",""magnitude"":0.8,""start_week"":12,""duration_weeks"":3,""recovery_weeks"":3}]",False,0.0036021999549120665,B
61,MI-FST,FST-MI-15,all,candidate_active,True,False,,"[{""target"":""T2P"",""magnitude"":0.8,""start_week"":12,""duration_weeks"":3,""recovery_weeks"":3}]",False,0.004178800038062036,B
62,MI-FST,FST-MI-15,moderate,singleton,False,False,0,"[{""target"":""T2P"",""magnitude"":0.8,""start_week"":12,""duration_weeks"":3,""recovery_weeks"":3}]",True,0.0,B
63,MI-FST,FST-MI-15,moderate,upstream_node_deletion,False,False,,[],True,0.0,B
64,MI-FST,FST-MI-15,moderate,direct_impact,False,True,0,"[{""target"":""T2P"",""magnitude"":0.8,""start_week"":12,""duration_weeks"":3,""recovery_weeks"":3}]",False,0.004104499996174127,B
65,MI-FST,FST-MI-15,severe,singleton,False,False,0,"[{""target"":""T2P"",""magnitude"":0.8,""start_week"":12,""duration_weeks"":3,""recovery_weeks"":3}]",True,0.0,B
66,MI-FST,FST-MI-15,severe,upstream_node_deletion,False,False,,[],True,0.0,B
67,MI-FST,FST-MI-15,severe,direct_impact,False,True,0,"[{""target"":""T2P"",""magnitude"":0.8,""start_week"":12,""duration_weeks"":3,""recovery_weeks"":3}]",True,0.0,B
68,MI-FST,FST-MI-16,all,candidate_passive,False,False,,"[{""target"":""T2P"",""magnitude"":0.8,""start_week"":12,""duration_weeks"":6,""recovery_weeks"":3}]",False,0.006684500025585294,B
69,MI-FST,FST-MI-16,all,candidate_active,True,False,,"[{""target"":""T2P"",""magnitude"":0.8,""start_week"":12,""duration_weeks"":6,""recovery_weeks"":3}]",False,0.005651899962686002,B
70,MI-FST,FST-MI-16,moderate,singleton,False,False,0,"[{""target"":""T2P"",""magnitude"":0.8,""start_week"":12,""duration_weeks"":6,""recovery_weeks"":3}]",True,0.0,B
71,MI-FST,FST-MI-16,moderate,upstream_node_deletion,False,False,,[],True,0.0,B
72,MI-FST,FST-MI-16,moderate,direct_impact,False,True,0,"[{""target"":""T2P"",""magnitude"":0.8,""start_week"":12,""duration_weeks"":6,""recovery_weeks"":3}]",False,0.006939699989743531,B
73,MI-FST,FST-MI-16,severe,singleton,False,False,0,"[{""target"":""T2P"",""magnitude"":0.8,""start_week"":12,""duration_weeks"":6,""recovery_weeks"":3}]",True,0.0,B
74,MI-FST,FST-MI-16,severe,upstream_node_deletion,False,False,,[],True,0.0,B
75,MI-FST,FST-MI-16,severe,direct_impact,False,True,0,"[{""target"":""T2P"",""magnitude"":0.8,""start_week"":12,""duration_weeks"":6,""recovery_weeks"":3}]",True,0.0,B
76,MI-FST,FST-MI-17,all,candidate_passive,False,False,,"[{""target"":""corridor"",""magnitude"":0.3,""start_week"":12,""duration_weeks"":2,""recovery_weeks"":3}]",False,0.0056582000106573105,B
77,MI-FST,FST-MI-18,all,candidate_passive,False,False,,"[{""target"":""corridor"",""magnitude"":0.3,""start_week"":12,""duration_weeks"":4,""recovery_weeks"":3}]",False,0.0035460999934002757,B
78,MI-FST,FST-MI-19,all,candidate_passive,False,False,,"[{""target"":""corridor"",""magnitude"":0.5,""start_week"":12,""duration_weeks"":2,""recovery_weeks"":3}]",False,0.0038045000401325524,B
79,MI-FST,FST-MI-19,all,candidate_active,True,False,,"[{""target"":""corridor"",""magnitude"":0.5,""start_week"":12,""duration_weeks"":2,""recovery_weeks"":3}]",False,0.005050500039942563,B
80,MI-FST,FST-MI-19,moderate,singleton,False,False,0,"[{""target"":""corridor"",""magnitude"":0.5,""start_week"":12,""duration_weeks"":2,""recovery_weeks"":3}]",True,0.0,B
81,MI-FST,FST-MI-19,severe,singleton,False,False,0,"[{""target"":""corridor"",""magnitude"":0.5,""start_week"":12,""duration_weeks"":2,""recovery_weeks"":3}]",True,0.0,B
82,MI-FST,FST-MI-20,all,candidate_passive,False,False,,"[{""target"":""corridor"",""magnitude"":0.5,""start_week"":12,""duration_weeks"":4,""recovery_weeks"":3}]",False,0.0036972000380046666,B
83,MI-FST,FST-MI-20,all,candidate_active,True,False,,"[{""target"":""corridor"",""magnitude"":0.5,""start_week"":12,""duration_weeks"":4,""recovery_weeks"":3}]",False,0.003913099993951619,B
84,MI-FST,FST-MI-20,moderate,singleton,False,False,0,"[{""target"":""corridor"",""magnitude"":0.5,""start_week"":12,""duration_weeks"":4,""recovery_weeks"":3}]",True,0.0,B
85,MI-FST,FST-MI-20,severe,singleton,False,False,0,"[{""target"":""corridor"",""magnitude"":0.5,""start_week"":12,""duration_weeks"":4,""recovery_weeks"":3}]",True,0.0,B
86,MI-FST,FST-MI-21,all,candidate_passive,False,False,,"[{""target"":""corridor"",""magnitude"":0.7,""start_week"":12,""duration_weeks"":2,""recovery_weeks"":3}]",False,0.006725599989295006,B
87,MI-FST,FST-MI-21,all,candidate_active,True,False,,"[{""target"":""corridor"",""magnitude"":0.7,""start_week"":12,""duration_weeks"":2,""recovery_weeks"":3}]",False,0.00594409997574985,B
88,MI-FST,FST-MI-21,moderate,singleton,False,False,0,"[{""target"":""corridor"",""magnitude"":0.7,""start_week"":12,""duration_weeks"":2,""recovery_weeks"":3}]",True,0.0,B
89,MI-FST,FST-MI-21,severe,singleton,False,False,0,"[{""target"":""corridor"",""magnitude"":0.7,""start_week"":12,""duration_weeks"":2,""recovery_weeks"":3}]",True,0.0,B
90,MI-FST,FST-MI-22,all,candidate_passive,False,False,,"[{""target"":""corridor"",""magnitude"":0.7,""start_week"":12,""duration_weeks"":4,""recovery_weeks"":3}]",False,0.0035046999691985548,B
91,MI-FST,FST-MI-22,all,candidate_active,True,False,,"[{""target"":""corridor"",""magnitude"":0.7,""start_week"":12,""duration_weeks"":4,""recovery_weeks"":3}]",False,0.003579900017939508,B
92,MI-FST,FST-MI-22,moderate,singleton,False,False,0,"[{""target"":""corridor"",""magnitude"":0.7,""start_week"":12,""duration_weeks"":4,""recovery_weeks"":3}]",True,0.0,B
93,MI-FST,FST-MI-22,severe,singleton,False,False,0,"[{""target"":""corridor"",""magnitude"":0.7,""start_week"":12,""duration_weeks"":4,""recovery_weeks"":3}]",True,0.0,B
94,MI-FST,FST-MI-23,all,candidate_passive,False,False,,"[{""target"":""T2P"",""magnitude"":0.3,""start_week"":12,""duration_weeks"":4,""recovery_weeks"":3},{""target"":""corridor"",""magnitude"":0.3,""start_week"":12,""duration_weeks"":4,""recovery_weeks"":3}]",False,0.0041877999901771545,B
95,MI-FST,FST-MI-24,all,candidate_passive,False,False,,"[{""target"":""T2P"",""magnitude"":0.3,""start_week"":12,""duration_weeks"":4,""recovery_weeks"":3},{""target"":""corridor"",""magnitude"":0.6,""start_week"":12,""duration_weeks"":4,""recovery_weeks"":3}]",False,0.0040330999763682485,B
96,MI-FST,FST-MI-24,all,candidate_active,True,False,,"[{""target"":""T2P"",""magnitude"":0.3,""start_week"":12,""duration_weeks"":4,""recovery_weeks"":3},{""target"":""corridor"",""magnitude"":0.6,""start_week"":12,""duration_weeks"":4,""recovery_weeks"":3}]",False,0.006223100004717708,B
97,MI-FST,FST-MI-24,moderate,singleton,False,False,0,"[{""target"":""T2P"",""magnitude"":0.3,""start_week"":12,""duration_weeks"":4,""recovery_weeks"":3}]",False,0.004325999994762242,B
98,MI-FST,FST-MI-24,moderate,singleton,False,False,1,"[{""target"":""corridor"",""magnitude"":0.6,""start_week"":12,""duration_weeks"":4,""recovery_weeks"":3}]",False,0.005768099974375218,B
99,MI-FST,FST-MI-24,moderate,upstream_node_deletion,False,False,1,"[{""target"":""corridor"",""magnitude"":0.6,""start_week"":12,""duration_weeks"":4,""recovery_weeks"":3}]",True,0.0,B
100,MI-FST,FST-MI-24,moderate,direct_impact,False,True,0;1,"[{""target"":""T2P"",""magnitude"":0.3,""start_week"":12,""duration_weeks"":4,""recovery_weeks"":3},{""target"":""corridor"",""magnitude"":0.6,""start_week"":12,""duration_weeks"":4,""recovery_weeks"":3}]",False,0.0059000999899581075,B
101,MI-FST,FST-MI-24,severe,singleton,False,False,0,"[{""target"":""T2P"",""magnitude"":0.3,""start_week"":12,""duration_weeks"":4,""recovery_weeks"":3}]",True,0.0,B
102,MI-FST,FST-MI-24,severe,singleton,False,False,1,"[{""target"":""corridor"",""magnitude"":0.6,""start_week"":12,""duration_weeks"":4,""recovery_weeks"":3}]",True,0.0,B
103,MI-FST,FST-MI-24,severe,upstream_node_deletion,False,False,1,"[{""target"":""corridor"",""magnitude"":0.6,""start_week"":12,""duration_weeks"":4,""recovery_weeks"":3}]",True,0.0,B
104,MI-FST,FST-MI-24,severe,direct_impact,False,True,0;1,"[{""target"":""T2P"",""magnitude"":0.3,""start_week"":12,""duration_weeks"":4,""recovery_weeks"":3},{""target"":""corridor"",""magnitude"":0.6,""start_week"":12,""duration_weeks"":4,""recovery_weeks"":3}]",True,0.0,B
105,MI-FST,FST-MI-25,all,candidate_passive,False,False,,"[{""target"":""T2P"",""magnitude"":0.5,""start_week"":12,""duration_weeks"":4,""recovery_weeks"":3},{""target"":""corridor"",""magnitude"":0.3,""start_week"":12,""duration_weeks"":4,""recovery_weeks"":3}]",False,0.008217700000386685,B
106,MI-FST,FST-MI-25,all,candidate_active,True,False,,"[{""target"":""T2P"",""magnitude"":0.5,""start_week"":12,""duration_weeks"":4,""recovery_weeks"":3},{""target"":""corridor"",""magnitude"":0.3,""start_week"":12,""duration_weeks"":4,""recovery_weeks"":3}]",False,0.006070900009945035,B
107,MI-FST,FST-MI-25,moderate,singleton,False,False,0,"[{""target"":""T2P"",""magnitude"":0.5,""start_week"":12,""duration_weeks"":4,""recovery_weeks"":3}]",False,0.004480500007048249,B
108,MI-FST,FST-MI-25,moderate,singleton,False,False,1,"[{""target"":""corridor"",""magnitude"":0.3,""start_week"":12,""duration_weeks"":4,""recovery_weeks"":3}]",True,0.0,B
109,MI-FST,FST-MI-25,moderate,upstream_node_deletion,False,False,1,"[{""target"":""corridor"",""magnitude"":0.3,""start_week"":12,""duration_weeks"":4,""recovery_weeks"":3}]",True,0.0,B
110,MI-FST,FST-MI-25,moderate,direct_impact,False,True,0;1,"[{""target"":""T2P"",""magnitude"":0.5,""start_week"":12,""duration_weeks"":4,""recovery_weeks"":3},{""target"":""corridor"",""magnitude"":0.3,""start_week"":12,""duration_weeks"":4,""recovery_weeks"":3}]",False,0.005031999957282096,B
111,MI-FST,FST-MI-26,all,candidate_passive,False,False,,"[{""target"":""T2P"",""magnitude"":0.5,""start_week"":12,""duration_weeks"":4,""recovery_weeks"":3},{""target"":""corridor"",""magnitude"":0.6,""start_week"":12,""duration_weeks"":4,""recovery_weeks"":3}]",False,0.004744199977722019,B
112,MI-FST,FST-MI-26,all,candidate_active,True,False,,"[{""target"":""T2P"",""magnitude"":0.5,""start_week"":12,""duration_weeks"":4,""recovery_weeks"":3},{""target"":""corridor"",""magnitude"":0.6,""start_week"":12,""duration_weeks"":4,""recovery_weeks"":3}]",False,0.008958599995821714,B
113,MI-FST,FST-MI-26,moderate,singleton,False,False,0,"[{""target"":""T2P"",""magnitude"":0.5,""start_week"":12,""duration_weeks"":4,""recovery_weeks"":3}]",True,0.0,B
114,MI-FST,FST-MI-26,moderate,singleton,False,False,1,"[{""target"":""corridor"",""magnitude"":0.6,""start_week"":12,""duration_weeks"":4,""recovery_weeks"":3}]",True,0.0,B
115,MI-FST,FST-MI-26,moderate,upstream_node_deletion,False,False,1,"[{""target"":""corridor"",""magnitude"":0.6,""start_week"":12,""duration_weeks"":4,""recovery_weeks"":3}]",True,0.0,B
116,MI-FST,FST-MI-26,moderate,direct_impact,False,True,0;1,"[{""target"":""T2P"",""magnitude"":0.5,""start_week"":12,""duration_weeks"":4,""recovery_weeks"":3},{""target"":""corridor"",""magnitude"":0.6,""start_week"":12,""duration_weeks"":4,""recovery_weeks"":3}]",False,0.007131899998057634,B
117,MI-FST,FST-MI-26,severe,singleton,False,False,0,"[{""target"":""T2P"",""magnitude"":0.5,""start_week"":12,""duration_weeks"":4,""recovery_weeks"":3}]",True,0.0,B
118,MI-FST,FST-MI-26,severe,singleton,False,False,1,"[{""target"":""corridor"",""magnitude"":0.6,""start_week"":12,""duration_weeks"":4,""recovery_weeks"":3}]",True,0.0,B
119,MI-FST,FST-MI-26,severe,upstream_node_deletion,False,False,1,"[{""target"":""corridor"",""magnitude"":0.6,""start_week"":12,""duration_weeks"":4,""recovery_weeks"":3}]",True,0.0,B
120,MI-FST,FST-MI-26,severe,direct_impact,False,True,0;1,"[{""target"":""T2P"",""magnitude"":0.5,""start_week"":12,""duration_weeks"":4,""recovery_weeks"":3},{""target"":""corridor"",""magnitude"":0.6,""start_week"":12,""duration_weeks"":4,""recovery_weeks"":3}]",True,0.0,B
121,MI-FST,FST-MI-27,all,candidate_passive,False,False,,"[{""target"":""T2P"",""magnitude"":0.7,""start_week"":12,""duration_weeks"":4,""recovery_weeks"":3},{""target"":""corridor"",""magnitude"":0.3,""start_week"":12,""duration_weeks"":4,""recovery_weeks"":3}]",False,0.007043800025712699,B
122,MI-FST,FST-MI-27,all,candidate_active,True,False,,"[{""target"":""T2P"",""magnitude"":0.7,""start_week"":12,""duration_weeks"":4,""recovery_weeks"":3},{""target"":""corridor"",""magnitude"":0.3,""start_week"":12,""duration_weeks"":4,""recovery_weeks"":3}]",False,0.00801679998403415,B
123,MI-FST,FST-MI-27,moderate,singleton,False,False,0,"[{""target"":""T2P"",""magnitude"":0.7,""start_week"":12,""duration_weeks"":4,""recovery_weeks"":3}]",False,0.007122499984689057,B
124,MI-FST,FST-MI-27,moderate,singleton,False,False,1,"[{""target"":""corridor"",""magnitude"":0.3,""start_week"":12,""duration_weeks"":4,""recovery_weeks"":3}]",True,0.0,B
125,MI-FST,FST-MI-27,moderate,upstream_node_deletion,False,False,1,"[{""target"":""corridor"",""magnitude"":0.3,""start_week"":12,""duration_weeks"":4,""recovery_weeks"":3}]",True,0.0,B
126,MI-FST,FST-MI-27,moderate,direct_impact,False,True,0;1,"[{""target"":""T2P"",""magnitude"":0.7,""start_week"":12,""duration_weeks"":4,""recovery_weeks"":3},{""target"":""corridor"",""magnitude"":0.3,""start_week"":12,""duration_weeks"":4,""recovery_weeks"":3}]",False,0.00748660002136603,B
127,MI-FST,FST-MI-27,severe,singleton,False,False,0,"[{""target"":""T2P"",""magnitude"":0.7,""start_week"":12,""duration_weeks"":4,""recovery_weeks"":3}]",True,0.0,B
128,MI-FST,FST-MI-27,severe,singleton,False,False,1,"[{""target"":""corridor"",""magnitude"":0.3,""start_week"":12,""duration_weeks"":4,""recovery_weeks"":3}]",True,0.0,B
129,MI-FST,FST-MI-27,severe,upstream_node_deletion,False,False,1,"[{""target"":""corridor"",""magnitude"":0.3,""start_week"":12,""duration_weeks"":4,""recovery_weeks"":3}]",True,0.0,B
130,MI-FST,FST-MI-27,severe,direct_impact,False,True,0;1,"[{""target"":""T2P"",""magnitude"":0.7,""start_week"":12,""duration_weeks"":4,""recovery_weeks"":3},{""target"":""corridor"",""magnitude"":0.3,""start_week"":12,""duration_weeks"":4,""recovery_weeks"":3}]",True,0.0,B
131,MI-FST,FST-MI-28,all,candidate_passive,False,False,,"[{""target"":""T2P"",""magnitude"":0.7,""start_week"":12,""duration_weeks"":4,""recovery_weeks"":3},{""target"":""corridor"",""magnitude"":0.6,""start_week"":12,""duration_weeks"":4,""recovery_weeks"":3}]",False,0.004238200024701655,B
132,MI-FST,FST-MI-28,all,candidate_active,True,False,,"[{""target"":""T2P"",""magnitude"":0.7,""start_week"":12,""duration_weeks"":4,""recovery_weeks"":3},{""target"":""corridor"",""magnitude"":0.6,""start_week"":12,""duration_weeks"":4,""recovery_weeks"":3}]",False,0.00639749999390915,B
133,MI-FST,FST-MI-28,moderate,singleton,False,False,0,"[{""target"":""T2P"",""magnitude"":0.7,""start_week"":12,""duration_weeks"":4,""recovery_weeks"":3}]",True,0.0,B
134,MI-FST,FST-MI-28,moderate,singleton,False,False,1,"[{""target"":""corridor"",""magnitude"":0.6,""start_week"":12,""duration_weeks"":4,""recovery_weeks"":3}]",True,0.0,B
135,MI-FST,FST-MI-28,moderate,upstream_node_deletion,False,False,1,"[{""target"":""corridor"",""magnitude"":0.6,""start_week"":12,""duration_weeks"":4,""recovery_weeks"":3}]",True,0.0,B
136,MI-FST,FST-MI-28,moderate,direct_impact,False,True,0;1,"[{""target"":""T2P"",""magnitude"":0.7,""start_week"":12,""duration_weeks"":4,""recovery_weeks"":3},{""target"":""corridor"",""magnitude"":0.6,""start_week"":12,""duration_weeks"":4,""recovery_weeks"":3}]",False,0.008333700010553002,B
137,MI-FST,FST-MI-28,severe,singleton,False,False,0,"[{""target"":""T2P"",""magnitude"":0.7,""start_week"":12,""duration_weeks"":4,""recovery_weeks"":3}]",True,0.0,B
138,MI-FST,FST-MI-28,severe,singleton,False,False,1,"[{""target"":""corridor"",""magnitude"":0.6,""start_week"":12,""duration_weeks"":4,""recovery_weeks"":3}]",True,0.0,B
139,MI-FST,FST-MI-28,severe,upstream_node_deletion,False,False,1,"[{""target"":""corridor"",""magnitude"":0.6,""start_week"":12,""duration_weeks"":4,""recovery_weeks"":3}]",True,0.0,B
140,MI-FST,FST-MI-28,severe,direct_impact,False,True,0;1,"[{""target"":""T2P"",""magnitude"":0.7,""start_week"":12,""duration_weeks"":4,""recovery_weeks"":3},{""target"":""corridor"",""magnitude"":0.6,""start_week"":12,""duration_weeks"":4,""recovery_weeks"":3}]",True,0.0,B
141,MI-FST,FST-MI-29,all,candidate_passive,False,False,,"[{""target"":""T2P"",""magnitude"":0.8,""start_week"":12,""duration_weeks"":4,""recovery_weeks"":3},{""target"":""corridor"",""magnitude"":0.3,""start_week"":12,""duration_weeks"":4,""recovery_weeks"":3}]",False,0.007792200020048767,B
142,MI-FST,FST-MI-29,all,candidate_active,True,False,,"[{""target"":""T2P"",""magnitude"":0.8,""start_week"":12,""duration_weeks"":4,""recovery_weeks"":3},{""target"":""corridor"",""magnitude"":0.3,""start_week"":12,""duration_weeks"":4,""recovery_weeks"":3}]",False,0.008777500013820827,B
143,MI-FST,FST-MI-29,moderate,singleton,False,False,0,"[{""target"":""T2P"",""magnitude"":0.8,""start_week"":12,""duration_weeks"":4,""recovery_weeks"":3}]",False,0.006920899963006377,B
144,MI-FST,FST-MI-29,moderate,singleton,False,False,1,"[{""target"":""corridor"",""magnitude"":0.3,""start_week"":12,""duration_weeks"":4,""recovery_weeks"":3}]",True,0.0,B
145,MI-FST,FST-MI-29,moderate,upstream_node_deletion,False,False,1,"[{""target"":""corridor"",""magnitude"":0.3,""start_week"":12,""duration_weeks"":4,""recovery_weeks"":3}]",True,0.0,B
146,MI-FST,FST-MI-29,moderate,direct_impact,False,True,0;1,"[{""target"":""T2P"",""magnitude"":0.8,""start_week"":12,""duration_weeks"":4,""recovery_weeks"":3},{""target"":""corridor"",""magnitude"":0.3,""start_week"":12,""duration_weeks"":4,""recovery_weeks"":3}]",False,0.006436700001358986,B
147,MI-FST,FST-MI-29,severe,singleton,False,False,0,"[{""target"":""T2P"",""magnitude"":0.8,""start_week"":12,""duration_weeks"":4,""recovery_weeks"":3}]",True,0.0,B
148,MI-FST,FST-MI-29,severe,singleton,False,False,1,"[{""target"":""corridor"",""magnitude"":0.3,""start_week"":12,""duration_weeks"":4,""recovery_weeks"":3}]",True,0.0,B
149,MI-FST,FST-MI-29,severe,upstream_node_deletion,False,False,1,"[{""target"":""corridor"",""magnitude"":0.3,""start_week"":12,""duration_weeks"":4,""recovery_weeks"":3}]",True,0.0,B
150,MI-FST,FST-MI-29,severe,direct_impact,False,True,0;1,"[{""target"":""T2P"",""magnitude"":0.8,""start_week"":12,""duration_weeks"":4,""recovery_weeks"":3},{""target"":""corridor"",""magnitude"":0.3,""start_week"":12,""duration_weeks"":4,""recovery_weeks"":3}]",True,0.0,B
151,MI-FST,FST-MI-30,all,candidate_passive,False,False,,"[{""target"":""T2P"",""magnitude"":0.8,""start_week"":12,""duration_weeks"":4,""recovery_weeks"":3},{""target"":""corridor"",""magnitude"":0.6,""start_week"":12,""duration_weeks"":4,""recovery_weeks"":3}]",False,0.009289400011766702,B
152,MI-FST,FST-MI-30,all,candidate_active,True,False,,"[{""target"":""T2P"",""magnitude"":0.8,""start_week"":12,""duration_weeks"":4,""recovery_weeks"":3},{""target"":""corridor"",""magnitude"":0.6,""start_week"":12,""duration_weeks"":4,""recovery_weeks"":3}]",False,0.0054422999965026975,B
153,MI-FST,FST-MI-30,moderate,singleton,False,False,0,"[{""target"":""T2P"",""magnitude"":0.8,""start_week"":12,""duration_weeks"":4,""recovery_weeks"":3}]",True,0.0,B
154,MI-FST,FST-MI-30,moderate,singleton,False,False,1,"[{""target"":""corridor"",""magnitude"":0.6,""start_week"":12,""duration_weeks"":4,""recovery_weeks"":3}]",True,0.0,B
155,MI-FST,FST-MI-30,moderate,upstream_node_deletion,False,False,1,"[{""target"":""corridor"",""magnitude"":0.6,""start_week"":12,""duration_weeks"":4,""recovery_weeks"":3}]",True,0.0,B
156,MI-FST,FST-MI-30,moderate,direct_impact,False,True,0;1,"[{""target"":""T2P"",""magnitude"":0.8,""start_week"":12,""duration_weeks"":4,""recovery_weeks"":3},{""target"":""corridor"",""magnitude"":0.6,""start_week"":12,""duration_weeks"":4,""recovery_weeks"":3}]",False,0.006666799949016422,B
157,MI-FST,FST-MI-30,severe,singleton,False,False,0,"[{""target"":""T2P"",""magnitude"":0.8,""start_week"":12,""duration_weeks"":4,""recovery_weeks"":3}]",True,0.0,B
158,MI-FST,FST-MI-30,severe,singleton,False,False,1,"[{""target"":""corridor"",""magnitude"":0.6,""start_week"":12,""duration_weeks"":4,""recovery_weeks"":3}]",True,0.0,B
159,MI-FST,FST-MI-30,severe,upstream_node_deletion,False,False,1,"[{""target"":""corridor"",""magnitude"":0.6,""start_week"":12,""duration_weeks"":4,""recovery_weeks"":3}]",True,0.0,B
160,MI-FST,FST-MI-30,severe,direct_impact,False,True,0;1,"[{""target"":""T2P"",""magnitude"":0.8,""start_week"":12,""duration_weeks"":4,""recovery_weeks"":3},{""target"":""corridor"",""magnitude"":0.6,""start_week"":12,""duration_weeks"":4,""recovery_weeks"":3}]",True,0.0,B
161,MI-FST,FST-MI-31,all,candidate_passive,False,False,,"[{""target"":""T2P"",""magnitude"":0.4,""start_week"":12,""duration_weeks"":4,""recovery_weeks"":3},{""target"":""S1A"",""magnitude"":0.5,""start_week"":12,""duration_weeks"":4,""recovery_weeks"":3}]",False,0.006882099958602339,B
162,MI-FST,FST-MI-31,all,candidate_active,True,False,,"[{""target"":""T2P"",""magnitude"":0.4,""start_week"":12,""duration_weeks"":4,""recovery_weeks"":3},{""target"":""S1A"",""magnitude"":0.5,""start_week"":12,""duration_weeks"":4,""recovery_weeks"":3}]",False,0.007534599979408085,B
163,MI-FST,FST-MI-31,moderate,singleton,False,False,0,"[{""target"":""T2P"",""magnitude"":0.4,""start_week"":12,""duration_weeks"":4,""recovery_weeks"":3}]",False,0.004949800029862672,B
164,MI-FST,FST-MI-31,moderate,singleton,False,False,1,"[{""target"":""S1A"",""magnitude"":0.5,""start_week"":12,""duration_weeks"":4,""recovery_weeks"":3}]",True,0.0,B
165,MI-FST,FST-MI-31,moderate,upstream_node_deletion,False,False,1,"[{""target"":""S1A"",""magnitude"":0.5,""start_week"":12,""duration_weeks"":4,""recovery_weeks"":3}]",True,0.0,B
166,MI-FST,FST-MI-31,moderate,direct_impact,False,True,0;1,"[{""target"":""T2P"",""magnitude"":0.4,""start_week"":12,""duration_weeks"":4,""recovery_weeks"":3},{""target"":""S1A"",""magnitude"":0.5,""start_week"":12,""duration_weeks"":4,""recovery_weeks"":3}]",False,0.008428599976468831,B
167,MI-FST,FST-MI-32,all,candidate_passive,False,False,,"[{""target"":""T2P"",""magnitude"":0.6,""start_week"":12,""duration_weeks"":4,""recovery_weeks"":3},{""target"":""S1A"",""magnitude"":0.5,""start_week"":12,""duration_weeks"":4,""recovery_weeks"":3}]",False,0.008252900035586208,B
168,MI-FST,FST-MI-32,all,candidate_active,True,False,,"[{""target"":""T2P"",""magnitude"":0.6,""start_week"":12,""duration_weeks"":4,""recovery_weeks"":3},{""target"":""S1A"",""magnitude"":0.5,""start_week"":12,""duration_weeks"":4,""recovery_weeks"":3}]",False,0.007333700021263212,B
169,MI-FST,FST-MI-32,moderate,singleton,False,False,0,"[{""target"":""T2P"",""magnitude"":0.6,""start_week"":12,""duration_weeks"":4,""recovery_weeks"":3}]",False,0.005814099975395948,B
170,MI-FST,FST-MI-32,moderate,singleton,False,False,1,"[{""target"":""S1A"",""magnitude"":0.5,""start_week"":12,""duration_weeks"":4,""recovery_weeks"":3}]",True,0.0,B
171,MI-FST,FST-MI-32,moderate,upstream_node_deletion,False,False,1,"[{""target"":""S1A"",""magnitude"":0.5,""start_week"":12,""duration_weeks"":4,""recovery_weeks"":3}]",True,0.0,B
172,MI-FST,FST-MI-32,moderate,direct_impact,False,True,0;1,"[{""target"":""T2P"",""magnitude"":0.6,""start_week"":12,""duration_weeks"":4,""recovery_weeks"":3},{""target"":""S1A"",""magnitude"":0.5,""start_week"":12,""duration_weeks"":4,""recovery_weeks"":3}]",False,0.0073093000100925565,B
173,MI-FST,FST-MI-32,severe,singleton,False,False,0,"[{""target"":""T2P"",""magnitude"":0.6,""start_week"":12,""duration_weeks"":4,""recovery_weeks"":3}]",True,0.0,B
174,MI-FST,FST-MI-32,severe,singleton,False,False,1,"[{""target"":""S1A"",""magnitude"":0.5,""start_week"":12,""duration_weeks"":4,""recovery_weeks"":3}]",True,0.0,B
175,MI-FST,FST-MI-32,severe,upstream_node_deletion,False,False,1,"[{""target"":""S1A"",""magnitude"":0.5,""start_week"":12,""duration_weeks"":4,""recovery_weeks"":3}]",True,0.0,B
176,MI-FST,FST-MI-32,severe,direct_impact,False,True,0;1,"[{""target"":""T2P"",""magnitude"":0.6,""start_week"":12,""duration_weeks"":4,""recovery_weeks"":3},{""target"":""S1A"",""magnitude"":0.5,""start_week"":12,""duration_weeks"":4,""recovery_weeks"":3}]",True,0.0,B
177,MI-FST,FST-MI-33,all,candidate_passive,False,False,,"[{""target"":""T2P"",""magnitude"":0.4,""start_week"":12,""duration_weeks"":4,""recovery_weeks"":3},{""target"":""S1B"",""magnitude"":0.5,""start_week"":12,""duration_weeks"":4,""recovery_weeks"":3}]",False,0.007773099991027266,B
178,MI-FST,FST-MI-33,all,candidate_active,True,False,,"[{""target"":""T2P"",""magnitude"":0.4,""start_week"":12,""duration_weeks"":4,""recovery_weeks"":3},{""target"":""S1B"",""magnitude"":0.5,""start_week"":12,""duration_weeks"":4,""recovery_weeks"":3}]",False,0.00707910000346601,B
179,MI-FST,FST-MI-33,moderate,singleton,False,False,0,"[{""target"":""T2P"",""magnitude"":0.4,""start_week"":12,""duration_weeks"":4,""recovery_weeks"":3}]",True,0.0,B
180,MI-FST,FST-MI-33,moderate,singleton,False,False,1,"[{""target"":""S1B"",""magnitude"":0.5,""start_week"":12,""duration_weeks"":4,""recovery_weeks"":3}]",True,0.0,B
181,MI-FST,FST-MI-33,moderate,upstream_node_deletion,False,False,1,"[{""target"":""S1B"",""magnitude"":0.5,""start_week"":12,""duration_weeks"":4,""recovery_weeks"":3}]",True,0.0,B
182,MI-FST,FST-MI-33,moderate,direct_impact,False,True,0;1,"[{""target"":""T2P"",""magnitude"":0.4,""start_week"":12,""duration_weeks"":4,""recovery_weeks"":3},{""target"":""S1B"",""magnitude"":0.5,""start_week"":12,""duration_weeks"":4,""recovery_weeks"":3}]",False,0.007806200010236353,B
183,MI-FST,FST-MI-34,all,candidate_passive,False,False,,"[{""target"":""T2P"",""magnitude"":0.6,""start_week"":12,""duration_weeks"":4,""recovery_weeks"":3},{""target"":""S1B"",""magnitude"":0.5,""start_week"":12,""duration_weeks"":4,""recovery_weeks"":3}]",False,0.0049144999939017,B
184,MI-FST,FST-MI-34,all,candidate_active,True,False,,"[{""target"":""T2P"",""magnitude"":0.6,""start_week"":12,""duration_weeks"":4,""recovery_weeks"":3},{""target"":""S1B"",""magnitude"":0.5,""start_week"":12,""duration_weeks"":4,""recovery_weeks"":3}]",False,0.004434200003743172,B
185,MI-FST,FST-MI-34,moderate,singleton,False,False,0,"[{""target"":""T2P"",""magnitude"":0.6,""start_week"":12,""duration_weeks"":4,""recovery_weeks"":3}]",True,0.0,B
186,MI-FST,FST-MI-34,moderate,singleton,False,False,1,"[{""target"":""S1B"",""magnitude"":0.5,""start_week"":12,""duration_weeks"":4,""recovery_weeks"":3}]",True,0.0,B
187,MI-FST,FST-MI-34,moderate,upstream_node_deletion,False,False,1,"[{""target"":""S1B"",""magnitude"":0.5,""start_week"":12,""duration_weeks"":4,""recovery_weeks"":3}]",True,0.0,B
188,MI-FST,FST-MI-34,moderate,direct_impact,False,True,0;1,"[{""target"":""T2P"",""magnitude"":0.6,""start_week"":12,""duration_weeks"":4,""recovery_weeks"":3},{""target"":""S1B"",""magnitude"":0.5,""start_week"":12,""duration_weeks"":4,""recovery_weeks"":3}]",False,0.006414600007701665,B
189,MI-FST,FST-MI-34,severe,singleton,False,False,0,"[{""target"":""T2P"",""magnitude"":0.6,""start_week"":12,""duration_weeks"":4,""recovery_weeks"":3}]",True,0.0,B
190,MI-FST,FST-MI-34,severe,singleton,False,False,1,"[{""target"":""S1B"",""magnitude"":0.5,""start_week"":12,""duration_weeks"":4,""recovery_weeks"":3}]",True,0.0,B
191,MI-FST,FST-MI-34,severe,upstream_node_deletion,False,False,1,"[{""target"":""S1B"",""magnitude"":0.5,""start_week"":12,""duration_weeks"":4,""recovery_weeks"":3}]",True,0.0,B
192,MI-FST,FST-MI-34,severe,direct_impact,False,True,0;1,"[{""target"":""T2P"",""magnitude"":0.6,""start_week"":12,""duration_weeks"":4,""recovery_weeks"":3},{""target"":""S1B"",""magnitude"":0.5,""start_week"":12,""duration_weeks"":4,""recovery_weeks"":3}]",True,0.0,B
193,MI-FST,FST-MI-35,all,candidate_passive,False,False,,"[{""target"":""T2P"",""magnitude"":0.4,""start_week"":12,""duration_weeks"":4,""recovery_weeks"":3},{""target"":""S1C"",""magnitude"":0.5,""start_week"":12,""duration_weeks"":4,""recovery_weeks"":3}]",False,0.0042572999955154955,B
194,MI-FST,FST-MI-35,all,candidate_active,True,False,,"[{""target"":""T2P"",""magnitude"":0.4,""start_week"":12,""duration_weeks"":4,""recovery_weeks"":3},{""target"":""S1C"",""magnitude"":0.5,""start_week"":12,""duration_weeks"":4,""recovery_weeks"":3}]",False,0.005702099995687604,B
195,MI-FST,FST-MI-35,moderate,singleton,False,False,0,"[{""target"":""T2P"",""magnitude"":0.4,""start_week"":12,""duration_weeks"":4,""recovery_weeks"":3}]",True,0.0,B
196,MI-FST,FST-MI-35,moderate,singleton,False,False,1,"[{""target"":""S1C"",""magnitude"":0.5,""start_week"":12,""duration_weeks"":4,""recovery_weeks"":3}]",True,0.0,B
197,MI-FST,FST-MI-35,moderate,upstream_node_deletion,False,False,1,"[{""target"":""S1C"",""magnitude"":0.5,""start_week"":12,""duration_weeks"":4,""recovery_weeks"":3}]",True,0.0,B
198,MI-FST,FST-MI-35,moderate,direct_impact,False,True,0;1,"[{""target"":""T2P"",""magnitude"":0.4,""start_week"":12,""duration_weeks"":4,""recovery_weeks"":3},{""target"":""S1C"",""magnitude"":0.5,""start_week"":12,""duration_weeks"":4,""recovery_weeks"":3}]",False,0.0059003999922424555,B
199,MI-FST,FST-MI-35,severe,singleton,False,False,0,"[{""target"":""T2P"",""magnitude"":0.4,""start_week"":12,""duration_weeks"":4,""recovery_weeks"":3}]",True,0.0,B
200,MI-FST,FST-MI-35,severe,singleton,False,False,1,"[{""target"":""S1C"",""magnitude"":0.5,""start_week"":12,""duration_weeks"":4,""recovery_weeks"":3}]",True,0.0,B
201,MI-FST,FST-MI-35,severe,upstream_node_deletion,False,False,1,"[{""target"":""S1C"",""magnitude"":0.5,""start_week"":12,""duration_weeks"":4,""recovery_weeks"":3}]",True,0.0,B
202,MI-FST,FST-MI-35,severe,direct_impact,False,True,0;1,"[{""target"":""T2P"",""magnitude"":0.4,""start_week"":12,""duration_weeks"":4,""recovery_weeks"":3},{""target"":""S1C"",""magnitude"":0.5,""start_week"":12,""duration_weeks"":4,""recovery_weeks"":3}]",True,0.0,B
203,MI-FST,FST-MI-36,all,candidate_passive,False,False,,"[{""target"":""T2P"",""magnitude"":0.6,""start_week"":12,""duration_weeks"":4,""recovery_weeks"":3},{""target"":""S1C"",""magnitude"":0.5,""start_week"":12,""duration_weeks"":4,""recovery_weeks"":3}]",False,0.005106500000692904,B
204,MI-FST,FST-MI-36,all,candidate_active,True,False,,"[{""target"":""T2P"",""magnitude"":0.6,""start_week"":12,""duration_weeks"":4,""recovery_weeks"":3},{""target"":""S1C"",""magnitude"":0.5,""start_week"":12,""duration_weeks"":4,""recovery_weeks"":3}]",False,0.004329000017605722,B
205,MI-FST,FST-MI-36,moderate,singleton,False,False,0,"[{""target"":""T2P"",""magnitude"":0.6,""start_week"":12,""duration_weeks"":4,""recovery_weeks"":3}]",True,0.0,B
206,MI-FST,FST-MI-36,moderate,singleton,False,False,1,"[{""target"":""S1C"",""magnitude"":0.5,""start_week"":12,""duration_weeks"":4,""recovery_weeks"":3}]",True,0.0,B
207,MI-FST,FST-MI-36,moderate,upstream_node_deletion,False,False,1,"[{""target"":""S1C"",""magnitude"":0.5,""start_week"":12,""duration_weeks"":4,""recovery_weeks"":3}]",True,0.0,B
208,MI-FST,FST-MI-36,moderate,direct_impact,False,True,0;1,"[{""target"":""T2P"",""magnitude"":0.6,""start_week"":12,""duration_weeks"":4,""recovery_weeks"":3},{""target"":""S1C"",""magnitude"":0.5,""start_week"":12,""duration_weeks"":4,""recovery_weeks"":3}]",False,0.004770600004121661,B
209,MI-FST,FST-MI-36,severe,singleton,False,False,0,"[{""target"":""T2P"",""magnitude"":0.6,""start_week"":12,""duration_weeks"":4,""recovery_weeks"":3}]",True,0.0,B
210,MI-FST,FST-MI-36,severe,singleton,False,False,1,"[{""target"":""S1C"",""magnitude"":0.5,""start_week"":12,""duration_weeks"":4,""recovery_weeks"":3}]",True,0.0,B
211,MI-FST,FST-MI-36,severe,upstream_node_deletion,False,False,1,"[{""target"":""S1C"",""magnitude"":0.5,""start_week"":12,""duration_weeks"":4,""recovery_weeks"":3}]",True,0.0,B
212,MI-FST,FST-MI-36,severe,direct_impact,False,True,0;1,"[{""target"":""T2P"",""magnitude"":0.6,""start_week"":12,""duration_weeks"":4,""recovery_weeks"":3},{""target"":""S1C"",""magnitude"":0.5,""start_week"":12,""duration_weeks"":4,""recovery_weeks"":3}]",True,0.0,B
213,MI-FST,FST-MI-37,all,candidate_passive,False,False,,"[{""target"":""T2P"",""magnitude"":0.4,""start_week"":12,""duration_weeks"":4,""recovery_weeks"":3},{""target"":""demand"",""magnitude"":0.2,""start_week"":12,""duration_weeks"":4,""recovery_weeks"":2}]",False,0.004297900013625622,B
214,MI-FST,FST-MI-37,all,candidate_active,True,False,,"[{""target"":""T2P"",""magnitude"":0.4,""start_week"":12,""duration_weeks"":4,""recovery_weeks"":3},{""target"":""demand"",""magnitude"":0.2,""start_week"":12,""duration_weeks"":4,""recovery_weeks"":2}]",False,0.007020000019110739,B
215,MI-FST,FST-MI-37,moderate,singleton,False,False,0,"[{""target"":""T2P"",""magnitude"":0.4,""start_week"":12,""duration_weeks"":4,""recovery_weeks"":3}]",True,0.0,B
216,MI-FST,FST-MI-37,moderate,singleton,False,False,1,"[{""target"":""demand"",""magnitude"":0.2,""start_week"":12,""duration_weeks"":4,""recovery_weeks"":2}]",False,0.0057125999592244625,B
217,MI-FST,FST-MI-37,moderate,upstream_node_deletion,False,False,1,"[{""target"":""demand"",""magnitude"":0.2,""start_week"":12,""duration_weeks"":4,""recovery_weeks"":2}]",True,0.0,B
218,MI-FST,FST-MI-37,moderate,direct_impact,False,True,0;1,"[{""target"":""T2P"",""magnitude"":0.4,""start_week"":12,""duration_weeks"":4,""recovery_weeks"":3},{""target"":""demand"",""magnitude"":0.2,""start_week"":12,""duration_weeks"":4,""recovery_weeks"":2}]",False,0.006194799963850528,B
219,MI-FST,FST-MI-37,severe,singleton,False,False,0,"[{""target"":""T2P"",""magnitude"":0.4,""start_week"":12,""duration_weeks"":4,""recovery_weeks"":3}]",True,0.0,B
220,MI-FST,FST-MI-37,severe,singleton,False,False,1,"[{""target"":""demand"",""magnitude"":0.2,""start_week"":12,""duration_weeks"":4,""recovery_weeks"":2}]",True,0.0,B
221,MI-FST,FST-MI-37,severe,upstream_node_deletion,False,False,1,"[{""target"":""demand"",""magnitude"":0.2,""start_week"":12,""duration_weeks"":4,""recovery_weeks"":2}]",True,0.0,B
222,MI-FST,FST-MI-37,severe,direct_impact,False,True,0;1,"[{""target"":""T2P"",""magnitude"":0.4,""start_week"":12,""duration_weeks"":4,""recovery_weeks"":3},{""target"":""demand"",""magnitude"":0.2,""start_week"":12,""duration_weeks"":4,""recovery_weeks"":2}]",True,0.0,B
223,MI-FST,FST-MI-38,all,candidate_passive,False,False,,"[{""target"":""T2P"",""magnitude"":0.4,""start_week"":12,""duration_weeks"":4,""recovery_weeks"":3},{""target"":""demand"",""magnitude"":0.4,""start_week"":12,""duration_weeks"":4,""recovery_weeks"":2}]",False,0.003936199995223433,B
224,MI-FST,FST-MI-38,all,candidate_active,True,False,,"[{""target"":""T2P"",""magnitude"":0.4,""start_week"":12,""duration_weeks"":4,""recovery_weeks"":3},{""target"":""demand"",""magnitude"":0.4,""start_week"":12,""duration_weeks"":4,""recovery_weeks"":2}]",False,0.0040422999882139266,B
225,MI-FST,FST-MI-38,moderate,singleton,False,False,0,"[{""target"":""T2P"",""magnitude"":0.4,""start_week"":12,""duration_weeks"":4,""recovery_weeks"":3}]",True,0.0,B
226,MI-FST,FST-MI-38,moderate,singleton,False,False,1,"[{""target"":""demand"",""magnitude"":0.4,""start_week"":12,""duration_weeks"":4,""recovery_weeks"":2}]",False,0.005203000036999583,B
227,MI-FST,FST-MI-38,moderate,upstream_node_deletion,False,False,1,"[{""target"":""demand"",""magnitude"":0.4,""start_week"":12,""duration_weeks"":4,""recovery_weeks"":2}]",True,0.0,B
228,MI-FST,FST-MI-38,moderate,direct_impact,False,True,0;1,"[{""target"":""T2P"",""magnitude"":0.4,""start_week"":12,""duration_weeks"":4,""recovery_weeks"":3},{""target"":""demand"",""magnitude"":0.4,""start_week"":12,""duration_weeks"":4,""recovery_weeks"":2}]",False,0.007109800004400313,B
229,MI-FST,FST-MI-38,severe,singleton,False,False,0,"[{""target"":""T2P"",""magnitude"":0.4,""start_week"":12,""duration_weeks"":4,""recovery_weeks"":3}]",True,0.0,B
230,MI-FST,FST-MI-38,severe,singleton,False,False,1,"[{""target"":""demand"",""magnitude"":0.4,""start_week"":12,""duration_weeks"":4,""recovery_weeks"":2}]",True,0.0,B
231,MI-FST,FST-MI-38,severe,upstream_node_deletion,False,False,1,"[{""target"":""demand"",""magnitude"":0.4,""start_week"":12,""duration_weeks"":4,""recovery_weeks"":2}]",True,0.0,B
232,MI-FST,FST-MI-38,severe,direct_impact,False,True,0;1,"[{""target"":""T2P"",""magnitude"":0.4,""start_week"":12,""duration_weeks"":4,""recovery_weeks"":3},{""target"":""demand"",""magnitude"":0.4,""start_week"":12,""duration_weeks"":4,""recovery_weeks"":2}]",True,0.0,B
233,MI-FST,FST-MI-39,all,candidate_passive,False,False,,"[{""target"":""T2P"",""magnitude"":0.6,""start_week"":12,""duration_weeks"":4,""recovery_weeks"":3},{""target"":""demand"",""magnitude"":0.2,""start_week"":12,""duration_weeks"":4,""recovery_weeks"":2}]",False,0.0036862000124529004,B
234,MI-FST,FST-MI-39,all,candidate_active,True,False,,"[{""target"":""T2P"",""magnitude"":0.6,""start_week"":12,""duration_weeks"":4,""recovery_weeks"":3},{""target"":""demand"",""magnitude"":0.2,""start_week"":12,""duration_weeks"":4,""recovery_weeks"":2}]",False,0.0036571999662555754,B
235,MI-FST,FST-MI-39,moderate,singleton,False,False,0,"[{""target"":""T2P"",""magnitude"":0.6,""start_week"":12,""duration_weeks"":4,""recovery_weeks"":3}]",True,0.0,B
236,MI-FST,FST-MI-39,moderate,singleton,False,False,1,"[{""target"":""demand"",""magnitude"":0.2,""start_week"":12,""duration_weeks"":4,""recovery_weeks"":2}]",True,0.0,B
237,MI-FST,FST-MI-39,moderate,upstream_node_deletion,False,False,1,"[{""target"":""demand"",""magnitude"":0.2,""start_week"":12,""duration_weeks"":4,""recovery_weeks"":2}]",True,0.0,B
238,MI-FST,FST-MI-39,moderate,direct_impact,False,True,0;1,"[{""target"":""T2P"",""magnitude"":0.6,""start_week"":12,""duration_weeks"":4,""recovery_weeks"":3},{""target"":""demand"",""magnitude"":0.2,""start_week"":12,""duration_weeks"":4,""recovery_weeks"":2}]",False,0.004001899971626699,B
239,MI-FST,FST-MI-39,severe,singleton,False,False,0,"[{""target"":""T2P"",""magnitude"":0.6,""start_week"":12,""duration_weeks"":4,""recovery_weeks"":3}]",True,0.0,B
240,MI-FST,FST-MI-39,severe,singleton,False,False,1,"[{""target"":""demand"",""magnitude"":0.2,""start_week"":12,""duration_weeks"":4,""recovery_weeks"":2}]",True,0.0,B
241,MI-FST,FST-MI-39,severe,upstream_node_deletion,False,False,1,"[{""target"":""demand"",""magnitude"":0.2,""start_week"":12,""duration_weeks"":4,""recovery_weeks"":2}]",True,0.0,B
242,MI-FST,FST-MI-39,severe,direct_impact,False,True,0;1,"[{""target"":""T2P"",""magnitude"":0.6,""start_week"":12,""duration_weeks"":4,""recovery_weeks"":3},{""target"":""demand"",""magnitude"":0.2,""start_week"":12,""duration_weeks"":4,""recovery_weeks"":2}]",True,0.0,B
243,MI-FST,FST-MI-40,all,candidate_passive,False,False,,"[{""target"":""T2P"",""magnitude"":0.6,""start_week"":12,""duration_weeks"":4,""recovery_weeks"":3},{""target"":""demand"",""magnitude"":0.4,""start_week"":12,""duration_weeks"":4,""recovery_weeks"":2}]",False,0.0037536000018008053,B
244,MI-FST,FST-MI-40,all,candidate_active,True,False,,"[{""target"":""T2P"",""magnitude"":0.6,""start_week"":12,""duration_weeks"":4,""recovery_weeks"":3},{""target"":""demand"",""magnitude"":0.4,""start_week"":12,""duration_weeks"":4,""recovery_weeks"":2}]",False,0.003629299986641854,B
245,MI-FST,FST-MI-40,moderate,singleton,False,False,0,"[{""target"":""T2P"",""magnitude"":0.6,""start_week"":12,""duration_weeks"":4,""recovery_weeks"":3}]",True,0.0,B
246,MI-FST,FST-MI-40,moderate,singleton,False,False,1,"[{""target"":""demand"",""magnitude"":0.4,""start_week"":12,""duration_weeks"":4,""recovery_weeks"":2}]",True,0.0,B
247,MI-FST,FST-MI-40,moderate,upstream_node_deletion,False,False,1,"[{""target"":""demand"",""magnitude"":0.4,""start_week"":12,""duration_weeks"":4,""recovery_weeks"":2}]",True,0.0,B
248,MI-FST,FST-MI-40,moderate,direct_impact,False,True,0;1,"[{""target"":""T2P"",""magnitude"":0.6,""start_week"":12,""duration_weeks"":4,""recovery_weeks"":3},{""target"":""demand"",""magnitude"":0.4,""start_week"":12,""duration_weeks"":4,""recovery_weeks"":2}]",False,0.005639599985443056,B
249,MI-FST,FST-MI-40,severe,singleton,False,False,0,"[{""target"":""T2P"",""magnitude"":0.6,""start_week"":12,""duration_weeks"":4,""recovery_weeks"":3}]",True,0.0,B
250,MI-FST,FST-MI-40,severe,singleton,False,False,1,"[{""target"":""demand"",""magnitude"":0.4,""start_week"":12,""duration_weeks"":4,""recovery_weeks"":2}]",True,0.0,B
251,MI-FST,FST-MI-40,severe,upstream_node_deletion,False,False,1,"[{""target"":""demand"",""magnitude"":0.4,""start_week"":12,""duration_weeks"":4,""recovery_weeks"":2}]",True,0.0,B
252,MI-FST,FST-MI-40,severe,direct_impact,False,True,0;1,"[{""target"":""T2P"",""magnitude"":0.6,""start_week"":12,""duration_weeks"":4,""recovery_weeks"":3},{""target"":""demand"",""magnitude"":0.4,""start_week"":12,""duration_weeks"":4,""recovery_weeks"":2}]",True,0.0,B
253,MI-FST,FST-MI-41,all,candidate_passive,False,False,,"[{""target"":""T2P"",""magnitude"":0.3,""start_week"":12,""duration_weeks"":3,""recovery_weeks"":3},{""target"":""corridor"",""magnitude"":0.5,""start_week"":15,""duration_weeks"":2,""recovery_weeks"":3}]",False,0.007812800002284348,B
254,MI-FST,FST-MI-41,all,candidate_active,True,False,,"[{""target"":""T2P"",""magnitude"":0.3,""start_week"":12,""duration_weeks"":3,""recovery_weeks"":3},{""target"":""corridor"",""magnitude"":0.5,""start_week"":15,""duration_weeks"":2,""recovery_weeks"":3}]",False,0.005418800050392747,B
255,MI-FST,FST-MI-41,moderate,singleton,False,False,0,"[{""target"":""T2P"",""magnitude"":0.3,""start_week"":12,""duration_weeks"":3,""recovery_weeks"":3}]",False,0.003723000001627952,B
256,MI-FST,FST-MI-41,moderate,singleton,False,False,1,"[{""target"":""corridor"",""magnitude"":0.5,""start_week"":15,""duration_weeks"":2,""recovery_weeks"":3}]",False,0.005054899957031012,B
257,MI-FST,FST-MI-41,moderate,upstream_node_deletion,False,False,1,"[{""target"":""corridor"",""magnitude"":0.5,""start_week"":15,""duration_weeks"":2,""recovery_weeks"":3}]",True,0.0,B
258,MI-FST,FST-MI-41,moderate,direct_impact,False,True,0;1,"[{""target"":""T2P"",""magnitude"":0.3,""start_week"":12,""duration_weeks"":3,""recovery_weeks"":3},{""target"":""corridor"",""magnitude"":0.5,""start_week"":15,""duration_weeks"":2,""recovery_weeks"":3}]",False,0.008494200010318309,B
259,MI-FST,FST-MI-41,moderate,later_event_deletion,False,False,0,"[{""target"":""T2P"",""magnitude"":0.3,""start_week"":12,""duration_weeks"":3,""recovery_weeks"":3}]",True,0.0,B
260,MI-FST,FST-MI-41,severe,singleton,False,False,0,"[{""target"":""T2P"",""magnitude"":0.3,""start_week"":12,""duration_weeks"":3,""recovery_weeks"":3}]",True,0.0,B
261,MI-FST,FST-MI-41,severe,singleton,False,False,1,"[{""target"":""corridor"",""magnitude"":0.5,""start_week"":15,""duration_weeks"":2,""recovery_weeks"":3}]",True,0.0,B
262,MI-FST,FST-MI-41,severe,upstream_node_deletion,False,False,1,"[{""target"":""corridor"",""magnitude"":0.5,""start_week"":15,""duration_weeks"":2,""recovery_weeks"":3}]",True,0.0,B
263,MI-FST,FST-MI-41,severe,direct_impact,False,True,0;1,"[{""target"":""T2P"",""magnitude"":0.3,""start_week"":12,""duration_weeks"":3,""recovery_weeks"":3},{""target"":""corridor"",""magnitude"":0.5,""start_week"":15,""duration_weeks"":2,""recovery_weeks"":3}]",True,0.0,B
264,MI-FST,FST-MI-41,severe,later_event_deletion,False,False,0,"[{""target"":""T2P"",""magnitude"":0.3,""start_week"":12,""duration_weeks"":3,""recovery_weeks"":3}]",True,0.0,B
265,MI-FST,FST-MI-42,all,candidate_passive,False,False,,"[{""target"":""T2P"",""magnitude"":0.4,""start_week"":12,""duration_weeks"":3,""recovery_weeks"":3},{""target"":""corridor"",""magnitude"":0.5,""start_week"":15,""duration_weeks"":2,""recovery_weeks"":3}]",False,0.004861800000071526,B
266,MI-FST,FST-MI-42,all,candidate_active,True,False,,"[{""target"":""T2P"",""magnitude"":0.4,""start_week"":12,""duration_weeks"":3,""recovery_weeks"":3},{""target"":""corridor"",""magnitude"":0.5,""start_week"":15,""duration_weeks"":2,""recovery_weeks"":3}]",False,0.004069400019943714,B
267,MI-FST,FST-MI-42,moderate,singleton,False,False,0,"[{""target"":""T2P"",""magnitude"":0.4,""start_week"":12,""duration_weeks"":3,""recovery_weeks"":3}]",False,0.0036135000409558415,B
268,MI-FST,FST-MI-42,moderate,singleton,False,False,1,"[{""target"":""corridor"",""magnitude"":0.5,""start_week"":15,""duration_weeks"":2,""recovery_weeks"":3}]",True,0.0,B
269,MI-FST,FST-MI-42,moderate,upstream_node_deletion,False,False,1,"[{""target"":""corridor"",""magnitude"":0.5,""start_week"":15,""duration_weeks"":2,""recovery_weeks"":3}]",True,0.0,B
270,MI-FST,FST-MI-42,moderate,direct_impact,False,True,0;1,"[{""target"":""T2P"",""magnitude"":0.4,""start_week"":12,""duration_weeks"":3,""recovery_weeks"":3},{""target"":""corridor"",""magnitude"":0.5,""start_week"":15,""duration_weeks"":2,""recovery_weeks"":3}]",False,0.006140700017567724,B
271,MI-FST,FST-MI-42,moderate,later_event_deletion,False,False,0,"[{""target"":""T2P"",""magnitude"":0.4,""start_week"":12,""duration_weeks"":3,""recovery_weeks"":3}]",True,0.0,B
272,MI-FST,FST-MI-42,severe,singleton,False,False,0,"[{""target"":""T2P"",""magnitude"":0.4,""start_week"":12,""duration_weeks"":3,""recovery_weeks"":3}]",True,0.0,B
273,MI-FST,FST-MI-42,severe,singleton,False,False,1,"[{""target"":""corridor"",""magnitude"":0.5,""start_week"":15,""duration_weeks"":2,""recovery_weeks"":3}]",True,0.0,B
274,MI-FST,FST-MI-42,severe,upstream_node_deletion,False,False,1,"[{""target"":""corridor"",""magnitude"":0.5,""start_week"":15,""duration_weeks"":2,""recovery_weeks"":3}]",True,0.0,B
275,MI-FST,FST-MI-42,severe,direct_impact,False,True,0;1,"[{""target"":""T2P"",""magnitude"":0.4,""start_week"":12,""duration_weeks"":3,""recovery_weeks"":3},{""target"":""corridor"",""magnitude"":0.5,""start_week"":15,""duration_weeks"":2,""recovery_weeks"":3}]",True,0.0,B
276,MI-FST,FST-MI-42,severe,later_event_deletion,False,False,0,"[{""target"":""T2P"",""magnitude"":0.4,""start_week"":12,""duration_weeks"":3,""recovery_weeks"":3}]",True,0.0,B
277,MI-FST,FST-MI-43,all,candidate_passive,False,False,,"[{""target"":""T2P"",""magnitude"":0.5,""start_week"":12,""duration_weeks"":3,""recovery_weeks"":3},{""target"":""corridor"",""magnitude"":0.5,""start_week"":15,""duration_weeks"":2,""recovery_weeks"":3}]",False,0.008154200040735304,B
278,MI-FST,FST-MI-43,all,candidate_active,True,False,,"[{""target"":""T2P"",""magnitude"":0.5,""start_week"":12,""duration_weeks"":3,""recovery_weeks"":3},{""target"":""corridor"",""magnitude"":0.5,""start_week"":15,""duration_weeks"":2,""recovery_weeks"":3}]",False,0.008354999998118728,B
279,MI-FST,FST-MI-43,moderate,singleton,False,False,0,"[{""target"":""T2P"",""magnitude"":0.5,""start_week"":12,""duration_weeks"":3,""recovery_weeks"":3}]",True,0.0,B
280,MI-FST,FST-MI-43,moderate,singleton,False,False,1,"[{""target"":""corridor"",""magnitude"":0.5,""start_week"":15,""duration_weeks"":2,""recovery_weeks"":3}]",True,0.0,B
281,MI-FST,FST-MI-43,moderate,upstream_node_deletion,False,False,1,"[{""target"":""corridor"",""magnitude"":0.5,""start_week"":15,""duration_weeks"":2,""recovery_weeks"":3}]",True,0.0,B
282,MI-FST,FST-MI-43,moderate,direct_impact,False,True,0;1,"[{""target"":""T2P"",""magnitude"":0.5,""start_week"":12,""duration_weeks"":3,""recovery_weeks"":3},{""target"":""corridor"",""magnitude"":0.5,""start_week"":15,""duration_weeks"":2,""recovery_weeks"":3}]",False,0.008108099980745465,B
283,MI-FST,FST-MI-43,moderate,later_event_deletion,False,False,0,"[{""target"":""T2P"",""magnitude"":0.5,""start_week"":12,""duration_weeks"":3,""recovery_weeks"":3}]",True,0.0,B
284,MI-FST,FST-MI-43,severe,singleton,False,False,0,"[{""target"":""T2P"",""magnitude"":0.5,""start_week"":12,""duration_weeks"":3,""recovery_weeks"":3}]",True,0.0,B
285,MI-FST,FST-MI-43,severe,singleton,False,False,1,"[{""target"":""corridor"",""magnitude"":0.5,""start_week"":15,""duration_weeks"":2,""recovery_weeks"":3}]",True,0.0,B
286,MI-FST,FST-MI-43,severe,upstream_node_deletion,False,False,1,"[{""target"":""corridor"",""magnitude"":0.5,""start_week"":15,""duration_weeks"":2,""recovery_weeks"":3}]",True,0.0,B
287,MI-FST,FST-MI-43,severe,direct_impact,False,True,0;1,"[{""target"":""T2P"",""magnitude"":0.5,""start_week"":12,""duration_weeks"":3,""recovery_weeks"":3},{""target"":""corridor"",""magnitude"":0.5,""start_week"":15,""duration_weeks"":2,""recovery_weeks"":3}]",True,0.0,B
288,MI-FST,FST-MI-43,severe,later_event_deletion,False,False,0,"[{""target"":""T2P"",""magnitude"":0.5,""start_week"":12,""duration_weeks"":3,""recovery_weeks"":3}]",True,0.0,B
289,MI-FST,FST-MI-44,all,candidate_passive,False,False,,"[{""target"":""T2P"",""magnitude"":0.6,""start_week"":12,""duration_weeks"":3,""recovery_weeks"":3},{""target"":""corridor"",""magnitude"":0.5,""start_week"":15,""duration_weeks"":2,""recovery_weeks"":3}]",False,0.007925899990368634,B
290,MI-FST,FST-MI-44,all,candidate_active,True,False,,"[{""target"":""T2P"",""magnitude"":0.6,""start_week"":12,""duration_weeks"":3,""recovery_weeks"":3},{""target"":""corridor"",""magnitude"":0.5,""start_week"":15,""duration_weeks"":2,""recovery_weeks"":3}]",False,0.008482100034598261,B
291,MI-FST,FST-MI-44,moderate,singleton,False,False,0,"[{""target"":""T2P"",""magnitude"":0.6,""start_week"":12,""duration_weeks"":3,""recovery_weeks"":3}]",False,0.004688299959525466,B
292,MI-FST,FST-MI-44,moderate,singleton,False,False,1,"[{""target"":""corridor"",""magnitude"":0.5,""start_week"":15,""duration_weeks"":2,""recovery_weeks"":3}]",True,0.0,B
293,MI-FST,FST-MI-44,moderate,upstream_node_deletion,False,False,1,"[{""target"":""corridor"",""magnitude"":0.5,""start_week"":15,""duration_weeks"":2,""recovery_weeks"":3}]",True,0.0,B
294,MI-FST,FST-MI-44,moderate,direct_impact,False,True,0;1,"[{""target"":""T2P"",""magnitude"":0.6,""start_week"":12,""duration_weeks"":3,""recovery_weeks"":3},{""target"":""corridor"",""magnitude"":0.5,""start_week"":15,""duration_weeks"":2,""recovery_weeks"":3}]",False,0.0042700000340119,B
295,MI-FST,FST-MI-44,moderate,later_event_deletion,False,False,0,"[{""target"":""T2P"",""magnitude"":0.6,""start_week"":12,""duration_weeks"":3,""recovery_weeks"":3}]",True,0.0,B
296,MI-FST,FST-MI-44,severe,singleton,False,False,0,"[{""target"":""T2P"",""magnitude"":0.6,""start_week"":12,""duration_weeks"":3,""recovery_weeks"":3}]",True,0.0,B
297,MI-FST,FST-MI-44,severe,singleton,False,False,1,"[{""target"":""corridor"",""magnitude"":0.5,""start_week"":15,""duration_weeks"":2,""recovery_weeks"":3}]",True,0.0,B
298,MI-FST,FST-MI-44,severe,upstream_node_deletion,False,False,1,"[{""target"":""corridor"",""magnitude"":0.5,""start_week"":15,""duration_weeks"":2,""recovery_weeks"":3}]",True,0.0,B
299,MI-FST,FST-MI-44,severe,direct_impact,False,True,0;1,"[{""target"":""T2P"",""magnitude"":0.6,""start_week"":12,""duration_weeks"":3,""recovery_weeks"":3},{""target"":""corridor"",""magnitude"":0.5,""start_week"":15,""duration_weeks"":2,""recovery_weeks"":3}]",True,0.0,B
300,MI-FST,FST-MI-44,severe,later_event_deletion,False,False,0,"[{""target"":""T2P"",""magnitude"":0.6,""start_week"":12,""duration_weeks"":3,""recovery_weeks"":3}]",True,0.0,B
301,MI-FST,FST-MI-45,all,candidate_passive,False,False,,"[{""target"":""T2P"",""magnitude"":0.7,""start_week"":12,""duration_weeks"":3,""recovery_weeks"":3},{""target"":""corridor"",""magnitude"":0.5,""start_week"":15,""duration_weeks"":2,""recovery_weeks"":3}]",False,0.004653799987863749,B
302,MI-FST,FST-MI-45,all,candidate_active,True,False,,"[{""target"":""T2P"",""magnitude"":0.7,""start_week"":12,""duration_weeks"":3,""recovery_weeks"":3},{""target"":""corridor"",""magnitude"":0.5,""start_week"":15,""duration_weeks"":2,""recovery_weeks"":3}]",False,0.004678199999034405,B
303,MI-FST,FST-MI-45,moderate,singleton,False,False,0,"[{""target"":""T2P"",""magnitude"":0.7,""start_week"":12,""duration_weeks"":3,""recovery_weeks"":3}]",False,0.003603000019211322,B
304,MI-FST,FST-MI-45,moderate,singleton,False,False,1,"[{""target"":""corridor"",""magnitude"":0.5,""start_week"":15,""duration_weeks"":2,""recovery_weeks"":3}]",True,0.0,B
305,MI-FST,FST-MI-45,moderate,upstream_node_deletion,False,False,1,"[{""target"":""corridor"",""magnitude"":0.5,""start_week"":15,""duration_weeks"":2,""recovery_weeks"":3}]",True,0.0,B
306,MI-FST,FST-MI-45,moderate,direct_impact,False,True,0;1,"[{""target"":""T2P"",""magnitude"":0.7,""start_week"":12,""duration_weeks"":3,""recovery_weeks"":3},{""target"":""corridor"",""magnitude"":0.5,""start_week"":15,""duration_weeks"":2,""recovery_weeks"":3}]",False,0.004869399999734014,B
307,MI-FST,FST-MI-45,moderate,later_event_deletion,False,False,0,"[{""target"":""T2P"",""magnitude"":0.7,""start_week"":12,""duration_weeks"":3,""recovery_weeks"":3}]",True,0.0,B
308,MI-FST,FST-MI-45,severe,singleton,False,False,0,"[{""target"":""T2P"",""magnitude"":0.7,""start_week"":12,""duration_weeks"":3,""recovery_weeks"":3}]",True,0.0,B
309,MI-FST,FST-MI-45,severe,singleton,False,False,1,"[{""target"":""corridor"",""magnitude"":0.5,""start_week"":15,""duration_weeks"":2,""recovery_weeks"":3}]",True,0.0,B
310,MI-FST,FST-MI-45,severe,upstream_node_deletion,False,False,1,"[{""target"":""corridor"",""magnitude"":0.5,""start_week"":15,""duration_weeks"":2,""recovery_weeks"":3}]",True,0.0,B
311,MI-FST,FST-MI-45,severe,direct_impact,False,True,0;1,"[{""target"":""T2P"",""magnitude"":0.7,""start_week"":12,""duration_weeks"":3,""recovery_weeks"":3},{""target"":""corridor"",""magnitude"":0.5,""start_week"":15,""duration_weeks"":2,""recovery_weeks"":3}]",True,0.0,B
312,MI-FST,FST-MI-45,severe,later_event_deletion,False,False,0,"[{""target"":""T2P"",""magnitude"":0.7,""start_week"":12,""duration_weeks"":3,""recovery_weeks"":3}]",True,0.0,B
313,MI-FST,FST-MI-46,all,candidate_passive,False,False,,"[{""target"":""corridor"",""magnitude"":0.3,""start_week"":12,""duration_weeks"":3,""recovery_weeks"":3},{""target"":""T2P"",""magnitude"":0.5,""start_week"":15,""duration_weeks"":2,""recovery_weeks"":3}]",False,0.0046517999726347625,B
314,MI-FST,FST-MI-46,all,candidate_active,True,False,,"[{""target"":""corridor"",""magnitude"":0.3,""start_week"":12,""duration_weeks"":3,""recovery_weeks"":3},{""target"":""T2P"",""magnitude"":0.5,""start_week"":15,""duration_weeks"":2,""recovery_weeks"":3}]",False,0.004526600008830428,B
315,MI-FST,FST-MI-46,moderate,singleton,False,False,0,"[{""target"":""corridor"",""magnitude"":0.3,""start_week"":12,""duration_weeks"":3,""recovery_weeks"":3}]",False,0.003520799975376576,B
316,MI-FST,FST-MI-46,moderate,singleton,False,False,1,"[{""target"":""T2P"",""magnitude"":0.5,""start_week"":15,""duration_weeks"":2,""recovery_weeks"":3}]",False,0.004100100020878017,B
317,MI-FST,FST-MI-46,moderate,upstream_node_deletion,False,False,0,"[{""target"":""corridor"",""magnitude"":0.3,""start_week"":12,""duration_weeks"":3,""recovery_weeks"":3}]",True,0.0,B
318,MI-FST,FST-MI-46,moderate,direct_impact,False,True,0;1,"[{""target"":""corridor"",""magnitude"":0.3,""start_week"":12,""duration_weeks"":3,""recovery_weeks"":3},{""target"":""T2P"",""magnitude"":0.5,""start_week"":15,""duration_weeks"":2,""recovery_weeks"":3}]",False,0.0041936999768950045,B
319,MI-FST,FST-MI-46,moderate,later_event_deletion,False,False,0,"[{""target"":""corridor"",""magnitude"":0.3,""start_week"":12,""duration_weeks"":3,""recovery_weeks"":3}]",True,0.0,B
320,MI-FST,FST-MI-47,all,candidate_passive,False,False,,"[{""target"":""corridor"",""magnitude"":0.4,""start_week"":12,""duration_weeks"":3,""recovery_weeks"":3},{""target"":""T2P"",""magnitude"":0.5,""start_week"":15,""duration_weeks"":2,""recovery_weeks"":3}]",False,0.005762099986895919,B
321,MI-FST,FST-MI-47,all,candidate_active,True,False,,"[{""target"":""corridor"",""magnitude"":0.4,""start_week"":12,""duration_weeks"":3,""recovery_weeks"":3},{""target"":""T2P"",""magnitude"":0.5,""start_week"":15,""duration_weeks"":2,""recovery_weeks"":3}]",False,0.008113999967463315,B
322,MI-FST,FST-MI-47,moderate,singleton,False,False,0,"[{""target"":""corridor"",""magnitude"":0.4,""start_week"":12,""duration_weeks"":3,""recovery_weeks"":3}]",False,0.006179699965287,B
323,MI-FST,FST-MI-47,severe,singleton,False,False,0,"[{""target"":""corridor"",""magnitude"":0.4,""start_week"":12,""duration_weeks"":3,""recovery_weeks"":3}]",True,0.0,B
324,MI-FST,FST-MI-47,severe,singleton,False,False,1,"[{""target"":""T2P"",""magnitude"":0.5,""start_week"":15,""duration_weeks"":2,""recovery_weeks"":3}]",True,0.0,B
325,MI-FST,FST-MI-47,severe,upstream_node_deletion,False,False,0,"[{""target"":""corridor"",""magnitude"":0.4,""start_week"":12,""duration_weeks"":3,""recovery_weeks"":3}]",True,0.0,B
326,MI-FST,FST-MI-47,severe,direct_impact,False,True,0;1,"[{""target"":""corridor"",""magnitude"":0.4,""start_week"":12,""duration_weeks"":3,""recovery_weeks"":3},{""target"":""T2P"",""magnitude"":0.5,""start_week"":15,""duration_weeks"":2,""recovery_weeks"":3}]",False,0.0067269999999552965,B
327,MI-FST,FST-MI-47,severe,later_event_deletion,False,False,0,"[{""target"":""corridor"",""magnitude"":0.4,""start_week"":12,""duration_weeks"":3,""recovery_weeks"":3}]",True,0.0,B
328,MI-FST,FST-MI-48,all,candidate_passive,False,False,,"[{""target"":""corridor"",""magnitude"":0.5,""start_week"":12,""duration_weeks"":3,""recovery_weeks"":3},{""target"":""T2P"",""magnitude"":0.5,""start_week"":15,""duration_weeks"":2,""recovery_weeks"":3}]",False,0.007208199996966869,B
329,MI-FST,FST-MI-48,all,candidate_active,True,False,,"[{""target"":""corridor"",""magnitude"":0.5,""start_week"":12,""duration_weeks"":3,""recovery_weeks"":3},{""target"":""T2P"",""magnitude"":0.5,""start_week"":15,""duration_weeks"":2,""recovery_weeks"":3}]",False,0.0073985999915748835,B
330,MI-FST,FST-MI-48,moderate,singleton,False,False,0,"[{""target"":""corridor"",""magnitude"":0.5,""start_week"":12,""duration_weeks"":3,""recovery_weeks"":3}]",False,0.006641899992246181,B
331,MI-FST,FST-MI-48,severe,singleton,False,False,0,"[{""target"":""corridor"",""magnitude"":0.5,""start_week"":12,""duration_weeks"":3,""recovery_weeks"":3}]",True,0.0,B
332,MI-FST,FST-MI-48,severe,singleton,False,False,1,"[{""target"":""T2P"",""magnitude"":0.5,""start_week"":15,""duration_weeks"":2,""recovery_weeks"":3}]",True,0.0,B
333,MI-FST,FST-MI-48,severe,upstream_node_deletion,False,False,0,"[{""target"":""corridor"",""magnitude"":0.5,""start_week"":12,""duration_weeks"":3,""recovery_weeks"":3}]",True,0.0,B
334,MI-FST,FST-MI-48,severe,direct_impact,False,True,0;1,"[{""target"":""corridor"",""magnitude"":0.5,""start_week"":12,""duration_weeks"":3,""recovery_weeks"":3},{""target"":""T2P"",""magnitude"":0.5,""start_week"":15,""duration_weeks"":2,""recovery_weeks"":3}]",False,0.007946300029288977,B
335,MI-FST,FST-MI-48,severe,later_event_deletion,False,False,0,"[{""target"":""corridor"",""magnitude"":0.5,""start_week"":12,""duration_weeks"":3,""recovery_weeks"":3}]",True,0.0,B
336,MI-FST,FST-MI-49,all,candidate_passive,False,False,,"[{""target"":""corridor"",""magnitude"":0.6,""start_week"":12,""duration_weeks"":3,""recovery_weeks"":3},{""target"":""T2P"",""magnitude"":0.5,""start_week"":15,""duration_weeks"":2,""recovery_weeks"":3}]",False,0.007800099963787943,B
337,MI-FST,FST-MI-49,all,candidate_active,True,False,,"[{""target"":""corridor"",""magnitude"":0.6,""start_week"":12,""duration_weeks"":3,""recovery_weeks"":3},{""target"":""T2P"",""magnitude"":0.5,""start_week"":15,""duration_weeks"":2,""recovery_weeks"":3}]",False,0.008045599970500916,B
338,MI-FST,FST-MI-49,moderate,singleton,False,False,0,"[{""target"":""corridor"",""magnitude"":0.6,""start_week"":12,""duration_weeks"":3,""recovery_weeks"":3}]",False,0.006713800015859306,B
339,MI-FST,FST-MI-49,severe,singleton,False,False,0,"[{""target"":""corridor"",""magnitude"":0.6,""start_week"":12,""duration_weeks"":3,""recovery_weeks"":3}]",True,0.0,B
340,MI-FST,FST-MI-49,severe,singleton,False,False,1,"[{""target"":""T2P"",""magnitude"":0.5,""start_week"":15,""duration_weeks"":2,""recovery_weeks"":3}]",True,0.0,B
341,MI-FST,FST-MI-49,severe,upstream_node_deletion,False,False,0,"[{""target"":""corridor"",""magnitude"":0.6,""start_week"":12,""duration_weeks"":3,""recovery_weeks"":3}]",True,0.0,B
342,MI-FST,FST-MI-49,severe,direct_impact,False,True,0;1,"[{""target"":""corridor"",""magnitude"":0.6,""start_week"":12,""duration_weeks"":3,""recovery_weeks"":3},{""target"":""T2P"",""magnitude"":0.5,""start_week"":15,""duration_weeks"":2,""recovery_weeks"":3}]",False,0.008009799988940358,B
343,MI-FST,FST-MI-49,severe,later_event_deletion,False,False,0,"[{""target"":""corridor"",""magnitude"":0.6,""start_week"":12,""duration_weeks"":3,""recovery_weeks"":3}]",True,0.0,B
344,MI-FST,FST-MI-50,all,candidate_passive,False,False,,"[{""target"":""corridor"",""magnitude"":0.7,""start_week"":12,""duration_weeks"":3,""recovery_weeks"":3},{""target"":""T2P"",""magnitude"":0.5,""start_week"":15,""duration_weeks"":2,""recovery_weeks"":3}]",False,0.007701800030190498,B
345,MI-FST,FST-MI-50,all,candidate_active,True,False,,"[{""target"":""corridor"",""magnitude"":0.7,""start_week"":12,""duration_weeks"":3,""recovery_weeks"":3},{""target"":""T2P"",""magnitude"":0.5,""start_week"":15,""duration_weeks"":2,""recovery_weeks"":3}]",False,0.0077803999884054065,B
346,MI-FST,FST-MI-50,moderate,singleton,False,False,0,"[{""target"":""corridor"",""magnitude"":0.7,""start_week"":12,""duration_weeks"":3,""recovery_weeks"":3}]",False,0.006828900019172579,B
347,MI-FST,FST-MI-50,severe,singleton,False,False,0,"[{""target"":""corridor"",""magnitude"":0.7,""start_week"":12,""duration_weeks"":3,""recovery_weeks"":3}]",True,0.0,B
348,MI-FST,FST-MI-50,severe,singleton,False,False,1,"[{""target"":""T2P"",""magnitude"":0.5,""start_week"":15,""duration_weeks"":2,""recovery_weeks"":3}]",True,0.0,B
349,MI-FST,FST-MI-50,severe,upstream_node_deletion,False,False,0,"[{""target"":""corridor"",""magnitude"":0.7,""start_week"":12,""duration_weeks"":3,""recovery_weeks"":3}]",True,0.0,B
350,MI-FST,FST-MI-50,severe,direct_impact,False,True,0;1,"[{""target"":""corridor"",""magnitude"":0.7,""start_week"":12,""duration_weeks"":3,""recovery_weeks"":3},{""target"":""T2P"",""magnitude"":0.5,""start_week"":15,""duration_weeks"":2,""recovery_weeks"":3}]",False,0.007936800015158951,B
351,MI-FST,FST-MI-50,severe,later_event_deletion,False,False,0,"[{""target"":""corridor"",""magnitude"":0.7,""start_week"":12,""duration_weeks"":3,""recovery_weeks"":3}]",True,0.0,B
1,RST,RST-01,all,candidate_passive,False,False,,"[{""target"":""T2P"",""magnitude"":0.45,""start_week"":12,""duration_weeks"":2,""recovery_weeks"":3}]",False,0.003633699961937964,B
2,RST,RST-01,all,candidate_active,True,False,,"[{""target"":""T2P"",""magnitude"":0.45,""start_week"":12,""duration_weeks"":2,""recovery_weeks"":3}]",False,0.0034969000262208283,B
3,RST,RST-01,moderate,singleton,False,False,0,"[{""target"":""T2P"",""magnitude"":0.45,""start_week"":12,""duration_weeks"":2,""recovery_weeks"":3}]",True,0.0,B
4,RST,RST-01,moderate,upstream_node_deletion,False,False,,[],False,0.00300019996939227,B
5,RST,RST-01,moderate,direct_impact,False,True,0,"[{""target"":""T2P"",""magnitude"":0.45,""start_week"":12,""duration_weeks"":2,""recovery_weeks"":3}]",False,0.004011999990325421,B
6,RST,RST-02,all,candidate_passive,False,False,,"[{""target"":""T2P"",""magnitude"":0.55,""start_week"":12,""duration_weeks"":3,""recovery_weeks"":3}]",False,0.003481999970972538,B
7,RST,RST-02,all,candidate_active,True,False,,"[{""target"":""T2P"",""magnitude"":0.55,""start_week"":12,""duration_weeks"":3,""recovery_weeks"":3}]",False,0.003592299995943904,B
8,RST,RST-02,moderate,singleton,False,False,0,"[{""target"":""T2P"",""magnitude"":0.55,""start_week"":12,""duration_weeks"":3,""recovery_weeks"":3}]",True,0.0,B
9,RST,RST-02,moderate,upstream_node_deletion,False,False,,[],True,0.0,B
10,RST,RST-02,moderate,direct_impact,False,True,0,"[{""target"":""T2P"",""magnitude"":0.55,""start_week"":12,""duration_weeks"":3,""recovery_weeks"":3}]",False,0.004816900007426739,B
11,RST,RST-02,severe,singleton,False,False,0,"[{""target"":""T2P"",""magnitude"":0.55,""start_week"":12,""duration_weeks"":3,""recovery_weeks"":3}]",True,0.0,B
12,RST,RST-02,severe,upstream_node_deletion,False,False,,[],True,0.0,B
13,RST,RST-02,severe,direct_impact,False,True,0,"[{""target"":""T2P"",""magnitude"":0.55,""start_week"":12,""duration_weeks"":3,""recovery_weeks"":3}]",True,0.0,B
14,RST,RST-03,all,candidate_passive,False,False,,"[{""target"":""T2P"",""magnitude"":0.65,""start_week"":12,""duration_weeks"":4,""recovery_weeks"":3}]",False,0.003544099978171289,B
15,RST,RST-03,all,candidate_active,True,False,,"[{""target"":""T2P"",""magnitude"":0.65,""start_week"":12,""duration_weeks"":4,""recovery_weeks"":3}]",False,0.003468999988399446,B
16,RST,RST-03,moderate,singleton,False,False,0,"[{""target"":""T2P"",""magnitude"":0.65,""start_week"":12,""duration_weeks"":4,""recovery_weeks"":3}]",True,0.0,B
17,RST,RST-03,moderate,upstream_node_deletion,False,False,,[],True,0.0,B
18,RST,RST-03,moderate,direct_impact,False,True,0,"[{""target"":""T2P"",""magnitude"":0.65,""start_week"":12,""duration_weeks"":4,""recovery_weeks"":3}]",False,0.0039255000301636755,B
19,RST,RST-03,severe,singleton,False,False,0,"[{""target"":""T2P"",""magnitude"":0.65,""start_week"":12,""duration_weeks"":4,""recovery_weeks"":3}]",True,0.0,B
20,RST,RST-03,severe,upstream_node_deletion,False,False,,[],True,0.0,B
21,RST,RST-03,severe,direct_impact,False,True,0,"[{""target"":""T2P"",""magnitude"":0.65,""start_week"":12,""duration_weeks"":4,""recovery_weeks"":3}]",True,0.0,B
22,RST,RST-04,all,candidate_passive,False,False,,"[{""target"":""T2P"",""magnitude"":0.75,""start_week"":12,""duration_weeks"":5,""recovery_weeks"":3}]",False,0.003478200000245124,B
23,RST,RST-04,all,candidate_active,True,False,,"[{""target"":""T2P"",""magnitude"":0.75,""start_week"":12,""duration_weeks"":5,""recovery_weeks"":3}]",False,0.0035682999878190458,B
24,RST,RST-04,moderate,singleton,False,False,0,"[{""target"":""T2P"",""magnitude"":0.75,""start_week"":12,""duration_weeks"":5,""recovery_weeks"":3}]",True,0.0,B
25,RST,RST-04,moderate,upstream_node_deletion,False,False,,[],True,0.0,B
26,RST,RST-04,moderate,direct_impact,False,True,0,"[{""target"":""T2P"",""magnitude"":0.75,""start_week"":12,""duration_weeks"":5,""recovery_weeks"":3}]",False,0.00591900001745671,B
27,RST,RST-04,severe,singleton,False,False,0,"[{""target"":""T2P"",""magnitude"":0.75,""start_week"":12,""duration_weeks"":5,""recovery_weeks"":3}]",True,0.0,B
28,RST,RST-04,severe,upstream_node_deletion,False,False,,[],True,0.0,B
29,RST,RST-04,severe,direct_impact,False,True,0,"[{""target"":""T2P"",""magnitude"":0.75,""start_week"":12,""duration_weeks"":5,""recovery_weeks"":3}]",True,0.0,B
30,RST,RST-05,all,candidate_passive,False,False,,"[{""target"":""corridor"",""magnitude"":0.45,""start_week"":12,""duration_weeks"":2,""recovery_weeks"":3}]",False,0.006786399986594915,B
31,RST,RST-05,all,candidate_active,True,False,,"[{""target"":""corridor"",""magnitude"":0.45,""start_week"":12,""duration_weeks"":2,""recovery_weeks"":3}]",False,0.0067248999839648604,B
32,RST,RST-05,moderate,singleton,False,False,0,"[{""target"":""corridor"",""magnitude"":0.45,""start_week"":12,""duration_weeks"":2,""recovery_weeks"":3}]",True,0.0,B
33,RST,RST-05,severe,singleton,False,False,0,"[{""target"":""corridor"",""magnitude"":0.45,""start_week"":12,""duration_weeks"":2,""recovery_weeks"":3}]",True,0.0,B
34,RST,RST-06,all,candidate_passive,False,False,,"[{""target"":""corridor"",""magnitude"":0.55,""start_week"":12,""duration_weeks"":3,""recovery_weeks"":3}]",False,0.006644700013566762,B
35,RST,RST-06,all,candidate_active,True,False,,"[{""target"":""corridor"",""magnitude"":0.55,""start_week"":12,""duration_weeks"":3,""recovery_weeks"":3}]",False,0.0067381999688223004,B
36,RST,RST-06,moderate,singleton,False,False,0,"[{""target"":""corridor"",""magnitude"":0.55,""start_week"":12,""duration_weeks"":3,""recovery_weeks"":3}]",True,0.0,B
37,RST,RST-06,severe,singleton,False,False,0,"[{""target"":""corridor"",""magnitude"":0.55,""start_week"":12,""duration_weeks"":3,""recovery_weeks"":3}]",True,0.0,B
38,RST,RST-07,all,candidate_passive,False,False,,"[{""target"":""corridor"",""magnitude"":0.65,""start_week"":12,""duration_weeks"":4,""recovery_weeks"":3}]",False,0.004770900006406009,B
39,RST,RST-07,all,candidate_active,True,False,,"[{""target"":""corridor"",""magnitude"":0.65,""start_week"":12,""duration_weeks"":4,""recovery_weeks"":3}]",False,0.003660599992144853,B
40,RST,RST-07,moderate,singleton,False,False,0,"[{""target"":""corridor"",""magnitude"":0.65,""start_week"":12,""duration_weeks"":4,""recovery_weeks"":3}]",True,0.0,B
41,RST,RST-07,severe,singleton,False,False,0,"[{""target"":""corridor"",""magnitude"":0.65,""start_week"":12,""duration_weeks"":4,""recovery_weeks"":3}]",True,0.0,B
42,RST,RST-08,all,candidate_passive,False,False,,"[{""target"":""corridor"",""magnitude"":0.75,""start_week"":12,""duration_weeks"":5,""recovery_weeks"":3}]",False,0.003862300014588982,B
43,RST,RST-08,all,candidate_active,True,False,,"[{""target"":""corridor"",""magnitude"":0.75,""start_week"":12,""duration_weeks"":5,""recovery_weeks"":3}]",False,0.007050299958791584,B
44,RST,RST-08,moderate,singleton,False,False,0,"[{""target"":""corridor"",""magnitude"":0.75,""start_week"":12,""duration_weeks"":5,""recovery_weeks"":3}]",True,0.0,B
45,RST,RST-08,severe,singleton,False,False,0,"[{""target"":""corridor"",""magnitude"":0.75,""start_week"":12,""duration_weeks"":5,""recovery_weeks"":3}]",True,0.0,B
46,RST,RST-09,all,candidate_passive,False,False,,"[{""target"":""T2P"",""magnitude"":0.2,""start_week"":12,""duration_weeks"":4,""recovery_weeks"":3}]",False,0.004785800003446639,B
47,RST,RST-10,all,candidate_passive,False,False,,"[{""target"":""T2P"",""magnitude"":0.2,""start_week"":12,""duration_weeks"":7,""recovery_weeks"":3}]",False,0.003542400023434311,B
48,RST,RST-11,all,candidate_passive,False,False,,"[{""target"":""T2P"",""magnitude"":0.3,""start_week"":12,""duration_weeks"":4,""recovery_weeks"":3}]",False,0.0034121000207960606,B
49,RST,RST-11,all,candidate_active,True,False,,"[{""target"":""T2P"",""magnitude"":0.3,""start_week"":12,""duration_weeks"":4,""recovery_weeks"":3}]",False,0.006309000018518418,B
50,RST,RST-11,moderate,singleton,False,False,0,"[{""target"":""T2P"",""magnitude"":0.3,""start_week"":12,""duration_weeks"":4,""recovery_weeks"":3}]",True,0.0,B
51,RST,RST-11,moderate,upstream_node_deletion,False,False,,[],True,0.0,B
52,RST,RST-11,moderate,direct_impact,False,True,0,"[{""target"":""T2P"",""magnitude"":0.3,""start_week"":12,""duration_weeks"":4,""recovery_weeks"":3}]",False,0.007115500047802925,B
53,RST,RST-12,all,candidate_passive,False,False,,"[{""target"":""T2P"",""magnitude"":0.3,""start_week"":12,""duration_weeks"":7,""recovery_weeks"":3}]",False,0.0068104000529274344,B
54,RST,RST-12,all,candidate_active,True,False,,"[{""target"":""T2P"",""magnitude"":0.3,""start_week"":12,""duration_weeks"":7,""recovery_weeks"":3}]",False,0.006916999991517514,B
55,RST,RST-12,moderate,singleton,False,False,0,"[{""target"":""T2P"",""magnitude"":0.3,""start_week"":12,""duration_weeks"":7,""recovery_weeks"":3}]",True,0.0,B
56,RST,RST-12,moderate,upstream_node_deletion,False,False,,[],True,0.0,B
57,RST,RST-12,moderate,direct_impact,False,True,0,"[{""target"":""T2P"",""magnitude"":0.3,""start_week"":12,""duration_weeks"":7,""recovery_weeks"":3}]",False,0.006940399995073676,B
58,RST,RST-13,all,candidate_passive,False,False,,"[{""target"":""T2P"",""magnitude"":0.4,""start_week"":12,""duration_weeks"":4,""recovery_weeks"":3}]",False,0.0067628000397235155,B
59,RST,RST-13,all,candidate_active,True,False,,"[{""target"":""T2P"",""magnitude"":0.4,""start_week"":12,""duration_weeks"":4,""recovery_weeks"":3}]",False,0.0067817000090144575,B
60,RST,RST-13,moderate,singleton,False,False,0,"[{""target"":""T2P"",""magnitude"":0.4,""start_week"":12,""duration_weeks"":4,""recovery_weeks"":3}]",True,0.0,B
61,RST,RST-13,moderate,upstream_node_deletion,False,False,,[],True,0.0,B
62,RST,RST-13,moderate,direct_impact,False,True,0,"[{""target"":""T2P"",""magnitude"":0.4,""start_week"":12,""duration_weeks"":4,""recovery_weeks"":3}]",False,0.006874400016386062,B
63,RST,RST-14,all,candidate_passive,False,False,,"[{""target"":""T2P"",""magnitude"":0.4,""start_week"":12,""duration_weeks"":7,""recovery_weeks"":3}]",False,0.006710700050462037,B
64,RST,RST-14,all,candidate_active,True,False,,"[{""target"":""T2P"",""magnitude"":0.4,""start_week"":12,""duration_weeks"":7,""recovery_weeks"":3}]",False,0.005622899974696338,B
65,RST,RST-14,moderate,singleton,False,False,0,"[{""target"":""T2P"",""magnitude"":0.4,""start_week"":12,""duration_weeks"":7,""recovery_weeks"":3}]",True,0.0,B
66,RST,RST-14,moderate,upstream_node_deletion,False,False,,[],True,0.0,B
67,RST,RST-14,moderate,direct_impact,False,True,0,"[{""target"":""T2P"",""magnitude"":0.4,""start_week"":12,""duration_weeks"":7,""recovery_weeks"":3}]",False,0.0054712999844923615,B
68,RST,RST-15,all,candidate_passive,False,False,,"[{""target"":""T2P"",""magnitude"":0.5,""start_week"":12,""duration_weeks"":4,""recovery_weeks"":3}]",False,0.003489700029604137,B
69,RST,RST-15,all,candidate_active,True,False,,"[{""target"":""T2P"",""magnitude"":0.5,""start_week"":12,""duration_weeks"":4,""recovery_weeks"":3}]",False,0.0034453999833203852,B
70,RST,RST-15,moderate,singleton,False,False,0,"[{""target"":""T2P"",""magnitude"":0.5,""start_week"":12,""duration_weeks"":4,""recovery_weeks"":3}]",True,0.0,B
71,RST,RST-15,moderate,upstream_node_deletion,False,False,,[],True,0.0,B
72,RST,RST-15,moderate,direct_impact,False,True,0,"[{""target"":""T2P"",""magnitude"":0.5,""start_week"":12,""duration_weeks"":4,""recovery_weeks"":3}]",False,0.004925700020976365,B
73,RST,RST-15,severe,singleton,False,False,0,"[{""target"":""T2P"",""magnitude"":0.5,""start_week"":12,""duration_weeks"":4,""recovery_weeks"":3}]",True,0.0,B
74,RST,RST-15,severe,upstream_node_deletion,False,False,,[],True,0.0,B
75,RST,RST-15,severe,direct_impact,False,True,0,"[{""target"":""T2P"",""magnitude"":0.5,""start_week"":12,""duration_weeks"":4,""recovery_weeks"":3}]",True,0.0,B
76,RST,RST-16,all,candidate_passive,False,False,,"[{""target"":""T2P"",""magnitude"":0.5,""start_week"":12,""duration_weeks"":7,""recovery_weeks"":3}]",False,0.003517200006172061,B
77,RST,RST-16,all,candidate_active,True,False,,"[{""target"":""T2P"",""magnitude"":0.5,""start_week"":12,""duration_weeks"":7,""recovery_weeks"":3}]",False,0.0035112000186927617,B
78,RST,RST-16,moderate,singleton,False,False,0,"[{""target"":""T2P"",""magnitude"":0.5,""start_week"":12,""duration_weeks"":7,""recovery_weeks"":3}]",True,0.0,B
79,RST,RST-16,moderate,upstream_node_deletion,False,False,,[],True,0.0,B
80,RST,RST-16,moderate,direct_impact,False,True,0,"[{""target"":""T2P"",""magnitude"":0.5,""start_week"":12,""duration_weeks"":7,""recovery_weeks"":3}]",False,0.005328900006134063,B
81,RST,RST-16,severe,singleton,False,False,0,"[{""target"":""T2P"",""magnitude"":0.5,""start_week"":12,""duration_weeks"":7,""recovery_weeks"":3}]",True,0.0,B
82,RST,RST-16,severe,upstream_node_deletion,False,False,,[],True,0.0,B
83,RST,RST-16,severe,direct_impact,False,True,0,"[{""target"":""T2P"",""magnitude"":0.5,""start_week"":12,""duration_weeks"":7,""recovery_weeks"":3}]",True,0.0,B
84,RST,RST-17,all,candidate_passive,False,False,,"[{""target"":""T2P"",""magnitude"":0.6,""start_week"":12,""duration_weeks"":4,""recovery_weeks"":3}]",False,0.003478399943560362,B
85,RST,RST-17,all,candidate_active,True,False,,"[{""target"":""T2P"",""magnitude"":0.6,""start_week"":12,""duration_weeks"":4,""recovery_weeks"":3}]",False,0.003431099990848452,B
86,RST,RST-17,moderate,singleton,False,False,0,"[{""target"":""T2P"",""magnitude"":0.6,""start_week"":12,""duration_weeks"":4,""recovery_weeks"":3}]",True,0.0,B
87,RST,RST-17,moderate,upstream_node_deletion,False,False,,[],True,0.0,B
88,RST,RST-17,moderate,direct_impact,False,True,0,"[{""target"":""T2P"",""magnitude"":0.6,""start_week"":12,""duration_weeks"":4,""recovery_weeks"":3}]",False,0.003934199979994446,B
89,RST,RST-17,severe,singleton,False,False,0,"[{""target"":""T2P"",""magnitude"":0.6,""start_week"":12,""duration_weeks"":4,""recovery_weeks"":3}]",True,0.0,B
90,RST,RST-17,severe,upstream_node_deletion,False,False,,[],True,0.0,B
91,RST,RST-17,severe,direct_impact,False,True,0,"[{""target"":""T2P"",""magnitude"":0.6,""start_week"":12,""duration_weeks"":4,""recovery_weeks"":3}]",True,0.0,B
92,RST,RST-18,all,candidate_passive,False,False,,"[{""target"":""T2P"",""magnitude"":0.6,""start_week"":12,""duration_weeks"":7,""recovery_weeks"":3}]",False,0.0034147999831475317,B
93,RST,RST-18,all,candidate_active,True,False,,"[{""target"":""T2P"",""magnitude"":0.6,""start_week"":12,""duration_weeks"":7,""recovery_weeks"":3}]",False,0.0035684999893419445,B
94,RST,RST-18,moderate,singleton,False,False,0,"[{""target"":""T2P"",""magnitude"":0.6,""start_week"":12,""duration_weeks"":7,""recovery_weeks"":3}]",True,0.0,B
95,RST,RST-18,moderate,upstream_node_deletion,False,False,,[],True,0.0,B
96,RST,RST-18,moderate,direct_impact,False,True,0,"[{""target"":""T2P"",""magnitude"":0.6,""start_week"":12,""duration_weeks"":7,""recovery_weeks"":3}]",False,0.0050892000435851514,B
97,RST,RST-18,severe,singleton,False,False,0,"[{""target"":""T2P"",""magnitude"":0.6,""start_week"":12,""duration_weeks"":7,""recovery_weeks"":3}]",True,0.0,B
98,RST,RST-18,severe,upstream_node_deletion,False,False,,[],True,0.0,B
99,RST,RST-18,severe,direct_impact,False,True,0,"[{""target"":""T2P"",""magnitude"":0.6,""start_week"":12,""duration_weeks"":7,""recovery_weeks"":3}]",True,0.0,B
100,RST,RST-19,all,candidate_passive,False,False,,"[{""target"":""T2P"",""magnitude"":0.25,""start_week"":12,""duration_weeks"":3,""recovery_weeks"":3},{""target"":""corridor"",""magnitude"":0.25,""start_week"":12,""duration_weeks"":3,""recovery_weeks"":3}]",False,0.006097099976614118,B
101,RST,RST-20,all,candidate_passive,False,False,,"[{""target"":""T2P"",""magnitude"":0.25,""start_week"":12,""duration_weeks"":3,""recovery_weeks"":3},{""target"":""corridor"",""magnitude"":0.35,""start_week"":12,""duration_weeks"":3,""recovery_weeks"":3}]",False,0.0063995999516919255,B
102,RST,RST-20,all,candidate_active,True,False,,"[{""target"":""T2P"",""magnitude"":0.25,""start_week"":12,""duration_weeks"":3,""recovery_weeks"":3},{""target"":""corridor"",""magnitude"":0.35,""start_week"":12,""duration_weeks"":3,""recovery_weeks"":3}]",False,0.007475699996575713,B
103,RST,RST-20,moderate,singleton,False,False,0,"[{""target"":""T2P"",""magnitude"":0.25,""start_week"":12,""duration_weeks"":3,""recovery_weeks"":3}]",False,0.0063975999946706,B
104,RST,RST-20,moderate,singleton,False,False,1,"[{""target"":""corridor"",""magnitude"":0.35,""start_week"":12,""duration_weeks"":3,""recovery_weeks"":3}]",False,0.0042993000242859125,B
105,RST,RST-20,moderate,upstream_node_deletion,False,False,1,"[{""target"":""corridor"",""magnitude"":0.35,""start_week"":12,""duration_weeks"":3,""recovery_weeks"":3}]",True,0.0,B
106,RST,RST-20,moderate,direct_impact,False,True,0;1,"[{""target"":""T2P"",""magnitude"":0.25,""start_week"":12,""duration_weeks"":3,""recovery_weeks"":3},{""target"":""corridor"",""magnitude"":0.35,""start_week"":12,""duration_weeks"":3,""recovery_weeks"":3}]",False,0.006591299956198782,B
107,RST,RST-21,all,candidate_passive,False,False,,"[{""target"":""T2P"",""magnitude"":0.35,""start_week"":12,""duration_weeks"":3,""recovery_weeks"":3},{""target"":""corridor"",""magnitude"":0.25,""start_week"":12,""duration_weeks"":3,""recovery_weeks"":3}]",False,0.005162499961443245,B
108,RST,RST-21,all,candidate_active,True,False,,"[{""target"":""T2P"",""magnitude"":0.35,""start_week"":12,""duration_weeks"":3,""recovery_weeks"":3},{""target"":""corridor"",""magnitude"":0.25,""start_week"":12,""duration_weeks"":3,""recovery_weeks"":3}]",False,0.006115800002589822,B
109,RST,RST-21,moderate,singleton,False,False,0,"[{""target"":""T2P"",""magnitude"":0.35,""start_week"":12,""duration_weeks"":3,""recovery_weeks"":3}]",False,0.006166100036352873,B
110,RST,RST-21,moderate,singleton,False,False,1,"[{""target"":""corridor"",""magnitude"":0.25,""start_week"":12,""duration_weeks"":3,""recovery_weeks"":3}]",False,0.0044513000175356865,B
111,RST,RST-21,moderate,upstream_node_deletion,False,False,1,"[{""target"":""corridor"",""magnitude"":0.25,""start_week"":12,""duration_weeks"":3,""recovery_weeks"":3}]",True,0.0,B
112,RST,RST-21,moderate,direct_impact,False,True,0;1,"[{""target"":""T2P"",""magnitude"":0.35,""start_week"":12,""duration_weeks"":3,""recovery_weeks"":3},{""target"":""corridor"",""magnitude"":0.25,""start_week"":12,""duration_weeks"":3,""recovery_weeks"":3}]",False,0.00653830001829192,B
113,RST,RST-22,all,candidate_passive,False,False,,"[{""target"":""T2P"",""magnitude"":0.35,""start_week"":12,""duration_weeks"":3,""recovery_weeks"":3},{""target"":""corridor"",""magnitude"":0.35,""start_week"":12,""duration_weeks"":3,""recovery_weeks"":3}]",False,0.005010000022593886,B
114,RST,RST-22,all,candidate_active,True,False,,"[{""target"":""T2P"",""magnitude"":0.35,""start_week"":12,""duration_weeks"":3,""recovery_weeks"":3},{""target"":""corridor"",""magnitude"":0.35,""start_week"":12,""duration_weeks"":3,""recovery_weeks"":3}]",False,0.004729499982204288,B
115,RST,RST-22,moderate,singleton,False,False,0,"[{""target"":""T2P"",""magnitude"":0.35,""start_week"":12,""duration_weeks"":3,""recovery_weeks"":3}]",True,0.0,B
116,RST,RST-22,moderate,singleton,False,False,1,"[{""target"":""corridor"",""magnitude"":0.35,""start_week"":12,""duration_weeks"":3,""recovery_weeks"":3}]",True,0.0,B
117,RST,RST-22,moderate,upstream_node_deletion,False,False,1,"[{""target"":""corridor"",""magnitude"":0.35,""start_week"":12,""duration_weeks"":3,""recovery_weeks"":3}]",True,0.0,B
118,RST,RST-22,moderate,direct_impact,False,True,0;1,"[{""target"":""T2P"",""magnitude"":0.35,""start_week"":12,""duration_weeks"":3,""recovery_weeks"":3},{""target"":""corridor"",""magnitude"":0.35,""start_week"":12,""duration_weeks"":3,""recovery_weeks"":3}]",False,0.0044772999826818705,B
119,RST,RST-23,all,candidate_passive,False,False,,"[{""target"":""T2P"",""magnitude"":0.25,""start_week"":12,""duration_weeks"":3,""recovery_weeks"":3},{""target"":""demand"",""magnitude"":0.15,""start_week"":12,""duration_weeks"":3,""recovery_weeks"":2}]",False,0.006035199970938265,B
120,RST,RST-24,all,candidate_passive,False,False,,"[{""target"":""T2P"",""magnitude"":0.25,""start_week"":12,""duration_weeks"":3,""recovery_weeks"":3},{""target"":""demand"",""magnitude"":0.25,""start_week"":12,""duration_weeks"":3,""recovery_weeks"":2}]",False,0.005255000025499612,B
121,RST,RST-24,all,candidate_active,True,False,,"[{""target"":""T2P"",""magnitude"":0.25,""start_week"":12,""duration_weeks"":3,""recovery_weeks"":3},{""target"":""demand"",""magnitude"":0.25,""start_week"":12,""duration_weeks"":3,""recovery_weeks"":2}]",False,0.0035742000327445567,B
122,RST,RST-24,moderate,singleton,False,False,0,"[{""target"":""T2P"",""magnitude"":0.25,""start_week"":12,""duration_weeks"":3,""recovery_weeks"":3}]",True,0.0,B
123,RST,RST-24,moderate,singleton,False,False,1,"[{""target"":""demand"",""magnitude"":0.25,""start_week"":12,""duration_weeks"":3,""recovery_weeks"":2}]",False,0.0029879999929107726,B
124,RST,RST-24,moderate,upstream_node_deletion,False,False,1,"[{""target"":""demand"",""magnitude"":0.25,""start_week"":12,""duration_weeks"":3,""recovery_weeks"":2}]",True,0.0,B
125,RST,RST-24,moderate,direct_impact,False,True,0;1,"[{""target"":""T2P"",""magnitude"":0.25,""start_week"":12,""duration_weeks"":3,""recovery_weeks"":3},{""target"":""demand"",""magnitude"":0.25,""start_week"":12,""duration_weeks"":3,""recovery_weeks"":2}]",False,0.004085699969436973,B
126,RST,RST-25,all,candidate_passive,False,False,,"[{""target"":""T2P"",""magnitude"":0.35,""start_week"":12,""duration_weeks"":3,""recovery_weeks"":3},{""target"":""demand"",""magnitude"":0.15,""start_week"":12,""duration_weeks"":3,""recovery_weeks"":2}]",False,0.003562700003385544,B
127,RST,RST-25,all,candidate_active,True,False,,"[{""target"":""T2P"",""magnitude"":0.35,""start_week"":12,""duration_weeks"":3,""recovery_weeks"":3},{""target"":""demand"",""magnitude"":0.15,""start_week"":12,""duration_weeks"":3,""recovery_weeks"":2}]",False,0.003598199982661754,B
128,RST,RST-25,moderate,singleton,False,False,0,"[{""target"":""T2P"",""magnitude"":0.35,""start_week"":12,""duration_weeks"":3,""recovery_weeks"":3}]",True,0.0,B
129,RST,RST-25,moderate,singleton,False,False,1,"[{""target"":""demand"",""magnitude"":0.15,""start_week"":12,""duration_weeks"":3,""recovery_weeks"":2}]",False,0.00461669999640435,B
130,RST,RST-25,moderate,upstream_node_deletion,False,False,1,"[{""target"":""demand"",""magnitude"":0.15,""start_week"":12,""duration_weeks"":3,""recovery_weeks"":2}]",True,0.0,B
131,RST,RST-25,moderate,direct_impact,False,True,0;1,"[{""target"":""T2P"",""magnitude"":0.35,""start_week"":12,""duration_weeks"":3,""recovery_weeks"":3},{""target"":""demand"",""magnitude"":0.15,""start_week"":12,""duration_weeks"":3,""recovery_weeks"":2}]",False,0.005929199978709221,B
132,RST,RST-26,all,candidate_passive,False,False,,"[{""target"":""T2P"",""magnitude"":0.35,""start_week"":12,""duration_weeks"":3,""recovery_weeks"":3},{""target"":""demand"",""magnitude"":0.25,""start_week"":12,""duration_weeks"":3,""recovery_weeks"":2}]",False,0.0075731000397354364,B
133,RST,RST-26,all,candidate_active,True,False,,"[{""target"":""T2P"",""magnitude"":0.35,""start_week"":12,""duration_weeks"":3,""recovery_weeks"":3},{""target"":""demand"",""magnitude"":0.25,""start_week"":12,""duration_weeks"":3,""recovery_weeks"":2}]",False,0.0071013999986462295,B
134,RST,RST-26,moderate,singleton,False,False,0,"[{""target"":""T2P"",""magnitude"":0.35,""start_week"":12,""duration_weeks"":3,""recovery_weeks"":3}]",True,0.0,B
135,RST,RST-26,moderate,singleton,False,False,1,"[{""target"":""demand"",""magnitude"":0.25,""start_week"":12,""duration_weeks"":3,""recovery_weeks"":2}]",True,0.0,B
136,RST,RST-26,moderate,upstream_node_deletion,False,False,1,"[{""target"":""demand"",""magnitude"":0.25,""start_week"":12,""duration_weeks"":3,""recovery_weeks"":2}]",True,0.0,B
137,RST,RST-26,moderate,direct_impact,False,True,0;1,"[{""target"":""T2P"",""magnitude"":0.35,""start_week"":12,""duration_weeks"":3,""recovery_weeks"":3},{""target"":""demand"",""magnitude"":0.25,""start_week"":12,""duration_weeks"":3,""recovery_weeks"":2}]",False,0.007057699956931174,B
138,RST,RST-27,all,candidate_passive,False,False,,"[{""target"":""T2P"",""magnitude"":0.3,""start_week"":12,""duration_weeks"":3,""recovery_weeks"":3},{""target"":""S1A"",""magnitude"":0.4,""start_week"":12,""duration_weeks"":3,""recovery_weeks"":3}]",False,0.007742399990092963,B
139,RST,RST-28,all,candidate_passive,False,False,,"[{""target"":""T2P"",""magnitude"":0.3,""start_week"":12,""duration_weeks"":3,""recovery_weeks"":3},{""target"":""S1B"",""magnitude"":0.4,""start_week"":12,""duration_weeks"":3,""recovery_weeks"":3}]",False,0.00786730000982061,B
140,RST,RST-29,all,candidate_passive,False,False,,"[{""target"":""T2P"",""magnitude"":0.3,""start_week"":12,""duration_weeks"":3,""recovery_weeks"":3},{""target"":""S1C"",""magnitude"":0.4,""start_week"":12,""duration_weeks"":3,""recovery_weeks"":3}]",False,0.006916400045156479,B
141,RST,RST-29,all,candidate_active,True,False,,"[{""target"":""T2P"",""magnitude"":0.3,""start_week"":12,""duration_weeks"":3,""recovery_weeks"":3},{""target"":""S1C"",""magnitude"":0.4,""start_week"":12,""duration_weeks"":3,""recovery_weeks"":3}]",False,0.009434899955522269,B
142,RST,RST-29,moderate,singleton,False,False,0,"[{""target"":""T2P"",""magnitude"":0.3,""start_week"":12,""duration_weeks"":3,""recovery_weeks"":3}]",False,0.007285500003490597,B
143,RST,RST-29,moderate,singleton,False,False,1,"[{""target"":""S1C"",""magnitude"":0.4,""start_week"":12,""duration_weeks"":3,""recovery_weeks"":3}]",False,0.006401900027412921,B
144,RST,RST-29,moderate,upstream_node_deletion,False,False,1,"[{""target"":""S1C"",""magnitude"":0.4,""start_week"":12,""duration_weeks"":3,""recovery_weeks"":3}]",True,0.0,B
145,RST,RST-29,moderate,direct_impact,False,True,0;1,"[{""target"":""T2P"",""magnitude"":0.3,""start_week"":12,""duration_weeks"":3,""recovery_weeks"":3},{""target"":""S1C"",""magnitude"":0.4,""start_week"":12,""duration_weeks"":3,""recovery_weeks"":3}]",False,0.008334700018167496,B
146,RST,RST-30,all,candidate_passive,False,False,,"[{""target"":""corridor"",""magnitude"":0.3,""start_week"":12,""duration_weeks"":3,""recovery_weeks"":3},{""target"":""demand"",""magnitude"":0.2,""start_week"":12,""duration_weeks"":3,""recovery_weeks"":2}]",False,0.006574999948497862,B
147,RST,RST-30,all,candidate_active,True,False,,"[{""target"":""corridor"",""magnitude"":0.3,""start_week"":12,""duration_weeks"":3,""recovery_weeks"":3},{""target"":""demand"",""magnitude"":0.2,""start_week"":12,""duration_weeks"":3,""recovery_weeks"":2}]",False,0.007050000014714897,B
148,RST,RST-30,moderate,singleton,False,False,0,"[{""target"":""corridor"",""magnitude"":0.3,""start_week"":12,""duration_weeks"":3,""recovery_weeks"":3}]",False,0.006944999971892685,B
149,RST,RST-30,moderate,singleton,False,False,1,"[{""target"":""demand"",""magnitude"":0.2,""start_week"":12,""duration_weeks"":3,""recovery_weeks"":2}]",False,0.004579200001899153,B
150,RST,RST-30,severe,singleton,False,False,0,"[{""target"":""corridor"",""magnitude"":0.3,""start_week"":12,""duration_weeks"":3,""recovery_weeks"":3}]",True,0.0,B
151,RST,RST-30,severe,singleton,False,False,1,"[{""target"":""demand"",""magnitude"":0.2,""start_week"":12,""duration_weeks"":3,""recovery_weeks"":2}]",True,0.0,B
152,RST,RST-31,all,candidate_passive,False,False,,"[{""target"":""T2P"",""magnitude"":0.25,""start_week"":12,""duration_weeks"":6,""recovery_weeks"":4}]",False,0.003900200012139976,B
153,RST,RST-31,all,candidate_active,True,False,,"[{""target"":""T2P"",""magnitude"":0.25,""start_week"":12,""duration_weeks"":6,""recovery_weeks"":4}]",False,0.004485200042836368,B
154,RST,RST-31,moderate,singleton,False,False,0,"[{""target"":""T2P"",""magnitude"":0.25,""start_week"":12,""duration_weeks"":6,""recovery_weeks"":4}]",True,0.0,B
155,RST,RST-31,moderate,upstream_node_deletion,False,False,,[],True,0.0,B
156,RST,RST-31,moderate,direct_impact,False,True,0,"[{""target"":""T2P"",""magnitude"":0.25,""start_week"":12,""duration_weeks"":6,""recovery_weeks"":4}]",False,0.006926200003363192,B
157,RST,RST-32,all,candidate_passive,False,False,,"[{""target"":""T2P"",""magnitude"":0.35,""start_week"":12,""duration_weeks"":6,""recovery_weeks"":4}]",False,0.0068147999700158834,B
158,RST,RST-32,all,candidate_active,True,False,,"[{""target"":""T2P"",""magnitude"":0.35,""start_week"":12,""duration_weeks"":6,""recovery_weeks"":4}]",False,0.006804900011047721,B
159,RST,RST-32,moderate,singleton,False,False,0,"[{""target"":""T2P"",""magnitude"":0.35,""start_week"":12,""duration_weeks"":6,""recovery_weeks"":4}]",True,0.0,B
160,RST,RST-32,moderate,upstream_node_deletion,False,False,,[],True,0.0,B
161,RST,RST-32,moderate,direct_impact,False,True,0,"[{""target"":""T2P"",""magnitude"":0.35,""start_week"":12,""duration_weeks"":6,""recovery_weeks"":4}]",False,0.006931499985512346,B
162,RST,RST-33,all,candidate_passive,False,False,,"[{""target"":""T2P"",""magnitude"":0.45,""start_week"":12,""duration_weeks"":6,""recovery_weeks"":4}]",False,0.006552700011525303,B
163,RST,RST-33,all,candidate_active,True,False,,"[{""target"":""T2P"",""magnitude"":0.45,""start_week"":12,""duration_weeks"":6,""recovery_weeks"":4}]",False,0.0067826000158675015,B
164,RST,RST-33,moderate,singleton,False,False,0,"[{""target"":""T2P"",""magnitude"":0.45,""start_week"":12,""duration_weeks"":6,""recovery_weeks"":4}]",True,0.0,B
165,RST,RST-33,moderate,upstream_node_deletion,False,False,,[],True,0.0,B
166,RST,RST-33,moderate,direct_impact,False,True,0,"[{""target"":""T2P"",""magnitude"":0.45,""start_week"":12,""duration_weeks"":6,""recovery_weeks"":4}]",False,0.00631170003907755,B
167,RST,RST-34,all,candidate_passive,False,False,,"[{""target"":""T2P"",""magnitude"":0.55,""start_week"":12,""duration_weeks"":6,""recovery_weeks"":4}]",False,0.005091400002129376,B
168,RST,RST-34,all,candidate_active,True,False,,"[{""target"":""T2P"",""magnitude"":0.55,""start_week"":12,""duration_weeks"":6,""recovery_weeks"":4}]",False,0.004970700014382601,B
169,RST,RST-34,moderate,singleton,False,False,0,"[{""target"":""T2P"",""magnitude"":0.55,""start_week"":12,""duration_weeks"":6,""recovery_weeks"":4}]",True,0.0,B
170,RST,RST-34,moderate,upstream_node_deletion,False,False,,[],True,0.0,B
171,RST,RST-34,moderate,direct_impact,False,True,0,"[{""target"":""T2P"",""magnitude"":0.55,""start_week"":12,""duration_weeks"":6,""recovery_weeks"":4}]",False,0.006837699969764799,B
172,RST,RST-34,severe,singleton,False,False,0,"[{""target"":""T2P"",""magnitude"":0.55,""start_week"":12,""duration_weeks"":6,""recovery_weeks"":4}]",True,0.0,B
173,RST,RST-34,severe,upstream_node_deletion,False,False,,[],True,0.0,B
174,RST,RST-34,severe,direct_impact,False,True,0,"[{""target"":""T2P"",""magnitude"":0.55,""start_week"":12,""duration_weeks"":6,""recovery_weeks"":4}]",True,0.0,B
175,RST,RST-35,all,candidate_passive,False,False,,"[{""target"":""T2P"",""magnitude"":0.65,""start_week"":12,""duration_weeks"":6,""recovery_weeks"":4}]",False,0.007210400013718754,B
176,RST,RST-35,all,candidate_active,True,False,,"[{""target"":""T2P"",""magnitude"":0.65,""start_week"":12,""duration_weeks"":6,""recovery_weeks"":4}]",False,0.006518599984701723,B
177,RST,RST-35,moderate,singleton,False,False,0,"[{""target"":""T2P"",""magnitude"":0.65,""start_week"":12,""duration_weeks"":6,""recovery_weeks"":4}]",True,0.0,B
178,RST,RST-35,moderate,upstream_node_deletion,False,False,,[],True,0.0,B
179,RST,RST-35,moderate,direct_impact,False,True,0,"[{""target"":""T2P"",""magnitude"":0.65,""start_week"":12,""duration_weeks"":6,""recovery_weeks"":4}]",False,0.006896700011566281,B
180,RST,RST-35,severe,singleton,False,False,0,"[{""target"":""T2P"",""magnitude"":0.65,""start_week"":12,""duration_weeks"":6,""recovery_weeks"":4}]",True,0.0,B
181,RST,RST-35,severe,upstream_node_deletion,False,False,,[],True,0.0,B
182,RST,RST-35,severe,direct_impact,False,True,0,"[{""target"":""T2P"",""magnitude"":0.65,""start_week"":12,""duration_weeks"":6,""recovery_weeks"":4}]",True,0.0,B
183,RST,RST-36,all,candidate_passive,False,False,,"[{""target"":""T2P"",""magnitude"":0.25,""start_week"":12,""duration_weeks"":5,""recovery_weeks"":4},{""target"":""demand"",""magnitude"":0.15,""start_week"":14,""duration_weeks"":4,""recovery_weeks"":2}]",False,0.007018700009211898,B
184,RST,RST-36,all,candidate_active,True,False,,"[{""target"":""T2P"",""magnitude"":0.25,""start_week"":12,""duration_weeks"":5,""recovery_weeks"":4},{""target"":""demand"",""magnitude"":0.15,""start_week"":14,""duration_weeks"":4,""recovery_weeks"":2}]",False,0.006882199959363788,B
185,RST,RST-36,moderate,singleton,False,False,0,"[{""target"":""T2P"",""magnitude"":0.25,""start_week"":12,""duration_weeks"":5,""recovery_weeks"":4}]",False,0.005973200022708625,B
186,RST,RST-36,moderate,singleton,False,False,1,"[{""target"":""demand"",""magnitude"":0.15,""start_week"":14,""duration_weeks"":4,""recovery_weeks"":2}]",False,0.0037795999669469893,B
187,RST,RST-36,moderate,upstream_node_deletion,False,False,1,"[{""target"":""demand"",""magnitude"":0.15,""start_week"":14,""duration_weeks"":4,""recovery_weeks"":2}]",True,0.0,B
188,RST,RST-36,moderate,direct_impact,False,True,0;1,"[{""target"":""T2P"",""magnitude"":0.25,""start_week"":12,""duration_weeks"":5,""recovery_weeks"":4},{""target"":""demand"",""magnitude"":0.15,""start_week"":14,""duration_weeks"":4,""recovery_weeks"":2}]",False,0.006205200043041259,B
189,RST,RST-37,all,candidate_passive,False,False,,"[{""target"":""T2P"",""magnitude"":0.35,""start_week"":12,""duration_weeks"":5,""recovery_weeks"":4},{""target"":""demand"",""magnitude"":0.15,""start_week"":14,""duration_weeks"":4,""recovery_weeks"":2}]",False,0.005995099956635386,B
190,RST,RST-37,all,candidate_active,True,False,,"[{""target"":""T2P"",""magnitude"":0.35,""start_week"":12,""duration_weeks"":5,""recovery_weeks"":4},{""target"":""demand"",""magnitude"":0.15,""start_week"":14,""duration_weeks"":4,""recovery_weeks"":2}]",False,0.00652649998664856,B
191,RST,RST-37,moderate,singleton,False,False,0,"[{""target"":""T2P"",""magnitude"":0.35,""start_week"":12,""duration_weeks"":5,""recovery_weeks"":4}]",False,0.004580200009513646,B
192,RST,RST-37,moderate,singleton,False,False,1,"[{""target"":""demand"",""magnitude"":0.15,""start_week"":14,""duration_weeks"":4,""recovery_weeks"":2}]",True,0.0,B
193,RST,RST-37,moderate,upstream_node_deletion,False,False,1,"[{""target"":""demand"",""magnitude"":0.15,""start_week"":14,""duration_weeks"":4,""recovery_weeks"":2}]",True,0.0,B
194,RST,RST-37,moderate,direct_impact,False,True,0;1,"[{""target"":""T2P"",""magnitude"":0.35,""start_week"":12,""duration_weeks"":5,""recovery_weeks"":4},{""target"":""demand"",""magnitude"":0.15,""start_week"":14,""duration_weeks"":4,""recovery_weeks"":2}]",False,0.007409699959680438,B
195,RST,RST-37,severe,singleton,False,False,0,"[{""target"":""T2P"",""magnitude"":0.35,""start_week"":12,""duration_weeks"":5,""recovery_weeks"":4}]",True,0.0,B
196,RST,RST-37,severe,singleton,False,False,1,"[{""target"":""demand"",""magnitude"":0.15,""start_week"":14,""duration_weeks"":4,""recovery_weeks"":2}]",True,0.0,B
197,RST,RST-37,severe,upstream_node_deletion,False,False,1,"[{""target"":""demand"",""magnitude"":0.15,""start_week"":14,""duration_weeks"":4,""recovery_weeks"":2}]",True,0.0,B
198,RST,RST-37,severe,direct_impact,False,True,0;1,"[{""target"":""T2P"",""magnitude"":0.35,""start_week"":12,""duration_weeks"":5,""recovery_weeks"":4},{""target"":""demand"",""magnitude"":0.15,""start_week"":14,""duration_weeks"":4,""recovery_weeks"":2}]",True,0.0,B
199,RST,RST-38,all,candidate_passive,False,False,,"[{""target"":""T2P"",""magnitude"":0.45,""start_week"":12,""duration_weeks"":5,""recovery_weeks"":4},{""target"":""demand"",""magnitude"":0.15,""start_week"":14,""duration_weeks"":4,""recovery_weeks"":2}]",False,0.006833699997514486,B
200,RST,RST-38,all,candidate_active,True,False,,"[{""target"":""T2P"",""magnitude"":0.45,""start_week"":12,""duration_weeks"":5,""recovery_weeks"":4},{""target"":""demand"",""magnitude"":0.15,""start_week"":14,""duration_weeks"":4,""recovery_weeks"":2}]",False,0.00665830000070855,B
201,RST,RST-38,moderate,singleton,False,False,0,"[{""target"":""T2P"",""magnitude"":0.45,""start_week"":12,""duration_weeks"":5,""recovery_weeks"":4}]",False,0.006748899992089719,B
202,RST,RST-38,moderate,singleton,False,False,1,"[{""target"":""demand"",""magnitude"":0.15,""start_week"":14,""duration_weeks"":4,""recovery_weeks"":2}]",True,0.0,B
203,RST,RST-38,moderate,upstream_node_deletion,False,False,1,"[{""target"":""demand"",""magnitude"":0.15,""start_week"":14,""duration_weeks"":4,""recovery_weeks"":2}]",True,0.0,B
204,RST,RST-38,moderate,direct_impact,False,True,0;1,"[{""target"":""T2P"",""magnitude"":0.45,""start_week"":12,""duration_weeks"":5,""recovery_weeks"":4},{""target"":""demand"",""magnitude"":0.15,""start_week"":14,""duration_weeks"":4,""recovery_weeks"":2}]",False,0.0073794000199995935,B
205,RST,RST-38,severe,singleton,False,False,0,"[{""target"":""T2P"",""magnitude"":0.45,""start_week"":12,""duration_weeks"":5,""recovery_weeks"":4}]",True,0.0,B
206,RST,RST-38,severe,singleton,False,False,1,"[{""target"":""demand"",""magnitude"":0.15,""start_week"":14,""duration_weeks"":4,""recovery_weeks"":2}]",True,0.0,B
207,RST,RST-38,severe,upstream_node_deletion,False,False,1,"[{""target"":""demand"",""magnitude"":0.15,""start_week"":14,""duration_weeks"":4,""recovery_weeks"":2}]",True,0.0,B
208,RST,RST-38,severe,direct_impact,False,True,0;1,"[{""target"":""T2P"",""magnitude"":0.45,""start_week"":12,""duration_weeks"":5,""recovery_weeks"":4},{""target"":""demand"",""magnitude"":0.15,""start_week"":14,""duration_weeks"":4,""recovery_weeks"":2}]",True,0.0,B
209,RST,RST-39,all,candidate_passive,False,False,,"[{""target"":""T2P"",""magnitude"":0.55,""start_week"":12,""duration_weeks"":5,""recovery_weeks"":4},{""target"":""demand"",""magnitude"":0.15,""start_week"":14,""duration_weeks"":4,""recovery_weeks"":2}]",False,0.00727619999088347,B
210,RST,RST-39,all,candidate_active,True,False,,"[{""target"":""T2P"",""magnitude"":0.55,""start_week"":12,""duration_weeks"":5,""recovery_weeks"":4},{""target"":""demand"",""magnitude"":0.15,""start_week"":14,""duration_weeks"":4,""recovery_weeks"":2}]",False,0.006995300005655736,B
211,RST,RST-39,moderate,singleton,False,False,0,"[{""target"":""T2P"",""magnitude"":0.55,""start_week"":12,""duration_weeks"":5,""recovery_weeks"":4}]",False,0.007310599961783737,B
212,RST,RST-39,moderate,singleton,False,False,1,"[{""target"":""demand"",""magnitude"":0.15,""start_week"":14,""duration_weeks"":4,""recovery_weeks"":2}]",True,0.0,B
213,RST,RST-39,moderate,upstream_node_deletion,False,False,1,"[{""target"":""demand"",""magnitude"":0.15,""start_week"":14,""duration_weeks"":4,""recovery_weeks"":2}]",True,0.0,B
214,RST,RST-39,moderate,direct_impact,False,True,0;1,"[{""target"":""T2P"",""magnitude"":0.55,""start_week"":12,""duration_weeks"":5,""recovery_weeks"":4},{""target"":""demand"",""magnitude"":0.15,""start_week"":14,""duration_weeks"":4,""recovery_weeks"":2}]",False,0.007526399975176901,B
215,RST,RST-39,severe,singleton,False,False,0,"[{""target"":""T2P"",""magnitude"":0.55,""start_week"":12,""duration_weeks"":5,""recovery_weeks"":4}]",True,0.0,B
216,RST,RST-39,severe,singleton,False,False,1,"[{""target"":""demand"",""magnitude"":0.15,""start_week"":14,""duration_weeks"":4,""recovery_weeks"":2}]",True,0.0,B
217,RST,RST-39,severe,upstream_node_deletion,False,False,1,"[{""target"":""demand"",""magnitude"":0.15,""start_week"":14,""duration_weeks"":4,""recovery_weeks"":2}]",True,0.0,B
218,RST,RST-39,severe,direct_impact,False,True,0;1,"[{""target"":""T2P"",""magnitude"":0.55,""start_week"":12,""duration_weeks"":5,""recovery_weeks"":4},{""target"":""demand"",""magnitude"":0.15,""start_week"":14,""duration_weeks"":4,""recovery_weeks"":2}]",True,0.0,B
219,RST,RST-40,all,candidate_passive,False,False,,"[{""target"":""T2P"",""magnitude"":0.65,""start_week"":12,""duration_weeks"":5,""recovery_weeks"":4},{""target"":""demand"",""magnitude"":0.15,""start_week"":14,""duration_weeks"":4,""recovery_weeks"":2}]",False,0.007194500009063631,B
220,RST,RST-40,all,candidate_active,True,False,,"[{""target"":""T2P"",""magnitude"":0.65,""start_week"":12,""duration_weeks"":5,""recovery_weeks"":4},{""target"":""demand"",""magnitude"":0.15,""start_week"":14,""duration_weeks"":4,""recovery_weeks"":2}]",False,0.005157099978532642,B
221,RST,RST-40,moderate,singleton,False,False,0,"[{""target"":""T2P"",""magnitude"":0.65,""start_week"":12,""duration_weeks"":5,""recovery_weeks"":4}]",False,0.0038419000338763,B
222,RST,RST-40,moderate,singleton,False,False,1,"[{""target"":""demand"",""magnitude"":0.15,""start_week"":14,""duration_weeks"":4,""recovery_weeks"":2}]",True,0.0,B
223,RST,RST-40,moderate,upstream_node_deletion,False,False,1,"[{""target"":""demand"",""magnitude"":0.15,""start_week"":14,""duration_weeks"":4,""recovery_weeks"":2}]",True,0.0,B
224,RST,RST-40,moderate,direct_impact,False,True,0;1,"[{""target"":""T2P"",""magnitude"":0.65,""start_week"":12,""duration_weeks"":5,""recovery_weeks"":4},{""target"":""demand"",""magnitude"":0.15,""start_week"":14,""duration_weeks"":4,""recovery_weeks"":2}]",False,0.003993899968918413,B
225,RST,RST-40,severe,singleton,False,False,0,"[{""target"":""T2P"",""magnitude"":0.65,""start_week"":12,""duration_weeks"":5,""recovery_weeks"":4}]",True,0.0,B
226,RST,RST-40,severe,singleton,False,False,1,"[{""target"":""demand"",""magnitude"":0.15,""start_week"":14,""duration_weeks"":4,""recovery_weeks"":2}]",True,0.0,B
227,RST,RST-40,severe,upstream_node_deletion,False,False,1,"[{""target"":""demand"",""magnitude"":0.15,""start_week"":14,""duration_weeks"":4,""recovery_weeks"":2}]",True,0.0,B
228,RST,RST-40,severe,direct_impact,False,True,0;1,"[{""target"":""T2P"",""magnitude"":0.65,""start_week"":12,""duration_weeks"":5,""recovery_weeks"":4},{""target"":""demand"",""magnitude"":0.15,""start_week"":14,""duration_weeks"":4,""recovery_weeks"":2}]",True,0.0,B
229,RST,RST-41,all,candidate_passive,False,False,,"[{""target"":""T2P"",""magnitude"":0.3,""start_week"":12,""duration_weeks"":3,""recovery_weeks"":4},{""target"":""corridor"",""magnitude"":0.5,""start_week"":16,""duration_weeks"":2,""recovery_weeks"":3}]",False,0.0055336999939754605,B
230,RST,RST-41,all,candidate_active,True,False,,"[{""target"":""T2P"",""magnitude"":0.3,""start_week"":12,""duration_weeks"":3,""recovery_weeks"":4},{""target"":""corridor"",""magnitude"":0.5,""start_week"":16,""duration_weeks"":2,""recovery_weeks"":3}]",False,0.007314099988434464,B
231,RST,RST-41,moderate,singleton,False,False,0,"[{""target"":""T2P"",""magnitude"":0.3,""start_week"":12,""duration_weeks"":3,""recovery_weeks"":4}]",False,0.005503000051248819,B
232,RST,RST-41,moderate,singleton,False,False,1,"[{""target"":""corridor"",""magnitude"":0.5,""start_week"":16,""duration_weeks"":2,""recovery_weeks"":3}]",False,0.005439199972897768,B
233,RST,RST-41,moderate,upstream_node_deletion,False,False,1,"[{""target"":""corridor"",""magnitude"":0.5,""start_week"":16,""duration_weeks"":2,""recovery_weeks"":3}]",True,0.0,B
234,RST,RST-41,moderate,direct_impact,False,True,0;1,"[{""target"":""T2P"",""magnitude"":0.3,""start_week"":12,""duration_weeks"":3,""recovery_weeks"":4},{""target"":""corridor"",""magnitude"":0.5,""start_week"":16,""duration_weeks"":2,""recovery_weeks"":3}]",False,0.00522709998767823,B
235,RST,RST-41,moderate,later_event_deletion,False,False,0,"[{""target"":""T2P"",""magnitude"":0.3,""start_week"":12,""duration_weeks"":3,""recovery_weeks"":4}]",True,0.0,B
236,RST,RST-41,severe,singleton,False,False,0,"[{""target"":""T2P"",""magnitude"":0.3,""start_week"":12,""duration_weeks"":3,""recovery_weeks"":4}]",True,0.0,B
237,RST,RST-41,severe,singleton,False,False,1,"[{""target"":""corridor"",""magnitude"":0.5,""start_week"":16,""duration_weeks"":2,""recovery_weeks"":3}]",True,0.0,B
238,RST,RST-41,severe,upstream_node_deletion,False,False,1,"[{""target"":""corridor"",""magnitude"":0.5,""start_week"":16,""duration_weeks"":2,""recovery_weeks"":3}]",True,0.0,B
239,RST,RST-41,severe,direct_impact,False,True,0;1,"[{""target"":""T2P"",""magnitude"":0.3,""start_week"":12,""duration_weeks"":3,""recovery_weeks"":4},{""target"":""corridor"",""magnitude"":0.5,""start_week"":16,""duration_weeks"":2,""recovery_weeks"":3}]",True,0.0,B
240,RST,RST-41,severe,later_event_deletion,False,False,0,"[{""target"":""T2P"",""magnitude"":0.3,""start_week"":12,""duration_weeks"":3,""recovery_weeks"":4}]",True,0.0,B
241,RST,RST-42,all,candidate_passive,False,False,,"[{""target"":""T2P"",""magnitude"":0.4,""start_week"":12,""duration_weeks"":3,""recovery_weeks"":4},{""target"":""corridor"",""magnitude"":0.5,""start_week"":16,""duration_weeks"":2,""recovery_weeks"":3}]",False,0.007733800041023642,B
242,RST,RST-42,all,candidate_active,True,False,,"[{""target"":""T2P"",""magnitude"":0.4,""start_week"":12,""duration_weeks"":3,""recovery_weeks"":4},{""target"":""corridor"",""magnitude"":0.5,""start_week"":16,""duration_weeks"":2,""recovery_weeks"":3}]",False,0.006169000000227243,B
243,RST,RST-42,moderate,singleton,False,False,0,"[{""target"":""T2P"",""magnitude"":0.4,""start_week"":12,""duration_weeks"":3,""recovery_weeks"":4}]",False,0.004829699988476932,B
244,RST,RST-42,moderate,singleton,False,False,1,"[{""target"":""corridor"",""magnitude"":0.5,""start_week"":16,""duration_weeks"":2,""recovery_weeks"":3}]",True,0.0,B
245,RST,RST-42,moderate,upstream_node_deletion,False,False,1,"[{""target"":""corridor"",""magnitude"":0.5,""start_week"":16,""duration_weeks"":2,""recovery_weeks"":3}]",True,0.0,B
246,RST,RST-42,moderate,direct_impact,False,True,0;1,"[{""target"":""T2P"",""magnitude"":0.4,""start_week"":12,""duration_weeks"":3,""recovery_weeks"":4},{""target"":""corridor"",""magnitude"":0.5,""start_week"":16,""duration_weeks"":2,""recovery_weeks"":3}]",False,0.007220700033940375,B
247,RST,RST-42,moderate,later_event_deletion,False,False,0,"[{""target"":""T2P"",""magnitude"":0.4,""start_week"":12,""duration_weeks"":3,""recovery_weeks"":4}]",True,0.0,B
248,RST,RST-42,severe,singleton,False,False,0,"[{""target"":""T2P"",""magnitude"":0.4,""start_week"":12,""duration_weeks"":3,""recovery_weeks"":4}]",True,0.0,B
249,RST,RST-42,severe,singleton,False,False,1,"[{""target"":""corridor"",""magnitude"":0.5,""start_week"":16,""duration_weeks"":2,""recovery_weeks"":3}]",True,0.0,B
250,RST,RST-42,severe,upstream_node_deletion,False,False,1,"[{""target"":""corridor"",""magnitude"":0.5,""start_week"":16,""duration_weeks"":2,""recovery_weeks"":3}]",True,0.0,B
251,RST,RST-42,severe,direct_impact,False,True,0;1,"[{""target"":""T2P"",""magnitude"":0.4,""start_week"":12,""duration_weeks"":3,""recovery_weeks"":4},{""target"":""corridor"",""magnitude"":0.5,""start_week"":16,""duration_weeks"":2,""recovery_weeks"":3}]",True,0.0,B
252,RST,RST-42,severe,later_event_deletion,False,False,0,"[{""target"":""T2P"",""magnitude"":0.4,""start_week"":12,""duration_weeks"":3,""recovery_weeks"":4}]",True,0.0,B
253,RST,RST-43,all,candidate_passive,False,False,,"[{""target"":""T2P"",""magnitude"":0.5,""start_week"":12,""duration_weeks"":3,""recovery_weeks"":4},{""target"":""corridor"",""magnitude"":0.5,""start_week"":16,""duration_weeks"":2,""recovery_weeks"":3}]",False,0.00578860001405701,B
254,RST,RST-43,all,candidate_active,True,False,,"[{""target"":""T2P"",""magnitude"":0.5,""start_week"":12,""duration_weeks"":3,""recovery_weeks"":4},{""target"":""corridor"",""magnitude"":0.5,""start_week"":16,""duration_weeks"":2,""recovery_weeks"":3}]",False,0.007727400050498545,B
255,RST,RST-43,moderate,singleton,False,False,0,"[{""target"":""T2P"",""magnitude"":0.5,""start_week"":12,""duration_weeks"":3,""recovery_weeks"":4}]",False,0.006693299976177514,B
256,RST,RST-43,moderate,singleton,False,False,1,"[{""target"":""corridor"",""magnitude"":0.5,""start_week"":16,""duration_weeks"":2,""recovery_weeks"":3}]",True,0.0,B
257,RST,RST-43,moderate,upstream_node_deletion,False,False,1,"[{""target"":""corridor"",""magnitude"":0.5,""start_week"":16,""duration_weeks"":2,""recovery_weeks"":3}]",True,0.0,B
258,RST,RST-43,moderate,direct_impact,False,True,0;1,"[{""target"":""T2P"",""magnitude"":0.5,""start_week"":12,""duration_weeks"":3,""recovery_weeks"":4},{""target"":""corridor"",""magnitude"":0.5,""start_week"":16,""duration_weeks"":2,""recovery_weeks"":3}]",False,0.005243499996140599,B
259,RST,RST-43,moderate,later_event_deletion,False,False,0,"[{""target"":""T2P"",""magnitude"":0.5,""start_week"":12,""duration_weeks"":3,""recovery_weeks"":4}]",True,0.0,B
260,RST,RST-43,severe,singleton,False,False,0,"[{""target"":""T2P"",""magnitude"":0.5,""start_week"":12,""duration_weeks"":3,""recovery_weeks"":4}]",True,0.0,B
261,RST,RST-43,severe,singleton,False,False,1,"[{""target"":""corridor"",""magnitude"":0.5,""start_week"":16,""duration_weeks"":2,""recovery_weeks"":3}]",True,0.0,B
262,RST,RST-43,severe,upstream_node_deletion,False,False,1,"[{""target"":""corridor"",""magnitude"":0.5,""start_week"":16,""duration_weeks"":2,""recovery_weeks"":3}]",True,0.0,B
263,RST,RST-43,severe,direct_impact,False,True,0;1,"[{""target"":""T2P"",""magnitude"":0.5,""start_week"":12,""duration_weeks"":3,""recovery_weeks"":4},{""target"":""corridor"",""magnitude"":0.5,""start_week"":16,""duration_weeks"":2,""recovery_weeks"":3}]",True,0.0,B
264,RST,RST-43,severe,later_event_deletion,False,False,0,"[{""target"":""T2P"",""magnitude"":0.5,""start_week"":12,""duration_weeks"":3,""recovery_weeks"":4}]",True,0.0,B
265,RST,RST-44,all,candidate_passive,False,False,,"[{""target"":""T2P"",""magnitude"":0.6,""start_week"":12,""duration_weeks"":3,""recovery_weeks"":4},{""target"":""corridor"",""magnitude"":0.5,""start_week"":16,""duration_weeks"":2,""recovery_weeks"":3}]",False,0.004276500025298446,B
266,RST,RST-44,all,candidate_active,True,False,,"[{""target"":""T2P"",""magnitude"":0.6,""start_week"":12,""duration_weeks"":3,""recovery_weeks"":4},{""target"":""corridor"",""magnitude"":0.5,""start_week"":16,""duration_weeks"":2,""recovery_weeks"":3}]",False,0.007021000026725233,B
267,RST,RST-44,moderate,singleton,False,False,0,"[{""target"":""T2P"",""magnitude"":0.6,""start_week"":12,""duration_weeks"":3,""recovery_weeks"":4}]",False,0.006678299978375435,B
268,RST,RST-44,moderate,singleton,False,False,1,"[{""target"":""corridor"",""magnitude"":0.5,""start_week"":16,""duration_weeks"":2,""recovery_weeks"":3}]",True,0.0,B
269,RST,RST-44,moderate,upstream_node_deletion,False,False,1,"[{""target"":""corridor"",""magnitude"":0.5,""start_week"":16,""duration_weeks"":2,""recovery_weeks"":3}]",True,0.0,B
270,RST,RST-44,moderate,direct_impact,False,True,0;1,"[{""target"":""T2P"",""magnitude"":0.6,""start_week"":12,""duration_weeks"":3,""recovery_weeks"":4},{""target"":""corridor"",""magnitude"":0.5,""start_week"":16,""duration_weeks"":2,""recovery_weeks"":3}]",False,0.007583700004033744,B
271,RST,RST-44,moderate,later_event_deletion,False,False,0,"[{""target"":""T2P"",""magnitude"":0.6,""start_week"":12,""duration_weeks"":3,""recovery_weeks"":4}]",True,0.0,B
272,RST,RST-44,severe,singleton,False,False,0,"[{""target"":""T2P"",""magnitude"":0.6,""start_week"":12,""duration_weeks"":3,""recovery_weeks"":4}]",True,0.0,B
273,RST,RST-44,severe,singleton,False,False,1,"[{""target"":""corridor"",""magnitude"":0.5,""start_week"":16,""duration_weeks"":2,""recovery_weeks"":3}]",True,0.0,B
274,RST,RST-44,severe,upstream_node_deletion,False,False,1,"[{""target"":""corridor"",""magnitude"":0.5,""start_week"":16,""duration_weeks"":2,""recovery_weeks"":3}]",True,0.0,B
275,RST,RST-44,severe,direct_impact,False,True,0;1,"[{""target"":""T2P"",""magnitude"":0.6,""start_week"":12,""duration_weeks"":3,""recovery_weeks"":4},{""target"":""corridor"",""magnitude"":0.5,""start_week"":16,""duration_weeks"":2,""recovery_weeks"":3}]",True,0.0,B
276,RST,RST-44,severe,later_event_deletion,False,False,0,"[{""target"":""T2P"",""magnitude"":0.6,""start_week"":12,""duration_weeks"":3,""recovery_weeks"":4}]",True,0.0,B
277,RST,RST-45,all,candidate_passive,False,False,,"[{""target"":""T2P"",""magnitude"":0.7,""start_week"":12,""duration_weeks"":3,""recovery_weeks"":4},{""target"":""corridor"",""magnitude"":0.5,""start_week"":16,""duration_weeks"":2,""recovery_weeks"":3}]",False,0.007523300009779632,B
278,RST,RST-45,all,candidate_active,True,False,,"[{""target"":""T2P"",""magnitude"":0.7,""start_week"":12,""duration_weeks"":3,""recovery_weeks"":4},{""target"":""corridor"",""magnitude"":0.5,""start_week"":16,""duration_weeks"":2,""recovery_weeks"":3}]",False,0.007648999977391213,B
279,RST,RST-45,moderate,singleton,False,False,0,"[{""target"":""T2P"",""magnitude"":0.7,""start_week"":12,""duration_weeks"":3,""recovery_weeks"":4}]",False,0.0063513999921269715,B
280,RST,RST-45,moderate,singleton,False,False,1,"[{""target"":""corridor"",""magnitude"":0.5,""start_week"":16,""duration_weeks"":2,""recovery_weeks"":3}]",True,0.0,B
281,RST,RST-45,moderate,upstream_node_deletion,False,False,1,"[{""target"":""corridor"",""magnitude"":0.5,""start_week"":16,""duration_weeks"":2,""recovery_weeks"":3}]",True,0.0,B
282,RST,RST-45,moderate,direct_impact,False,True,0;1,"[{""target"":""T2P"",""magnitude"":0.7,""start_week"":12,""duration_weeks"":3,""recovery_weeks"":4},{""target"":""corridor"",""magnitude"":0.5,""start_week"":16,""duration_weeks"":2,""recovery_weeks"":3}]",False,0.00811469997279346,B
283,RST,RST-45,moderate,later_event_deletion,False,False,0,"[{""target"":""T2P"",""magnitude"":0.7,""start_week"":12,""duration_weeks"":3,""recovery_weeks"":4}]",True,0.0,B
284,RST,RST-45,severe,singleton,False,False,0,"[{""target"":""T2P"",""magnitude"":0.7,""start_week"":12,""duration_weeks"":3,""recovery_weeks"":4}]",True,0.0,B
285,RST,RST-45,severe,singleton,False,False,1,"[{""target"":""corridor"",""magnitude"":0.5,""start_week"":16,""duration_weeks"":2,""recovery_weeks"":3}]",True,0.0,B
286,RST,RST-45,severe,upstream_node_deletion,False,False,1,"[{""target"":""corridor"",""magnitude"":0.5,""start_week"":16,""duration_weeks"":2,""recovery_weeks"":3}]",True,0.0,B
287,RST,RST-45,severe,direct_impact,False,True,0;1,"[{""target"":""T2P"",""magnitude"":0.7,""start_week"":12,""duration_weeks"":3,""recovery_weeks"":4},{""target"":""corridor"",""magnitude"":0.5,""start_week"":16,""duration_weeks"":2,""recovery_weeks"":3}]",True,0.0,B
288,RST,RST-45,severe,later_event_deletion,False,False,0,"[{""target"":""T2P"",""magnitude"":0.7,""start_week"":12,""duration_weeks"":3,""recovery_weeks"":4}]",True,0.0,B
289,RST,RST-46,all,candidate_passive,False,False,,"[{""target"":""corridor"",""magnitude"":0.3,""start_week"":12,""duration_weeks"":3,""recovery_weeks"":4},{""target"":""T2P"",""magnitude"":0.5,""start_week"":16,""duration_weeks"":2,""recovery_weeks"":3}]",False,0.007807000016327947,B
290,RST,RST-46,all,candidate_active,True,False,,"[{""target"":""corridor"",""magnitude"":0.3,""start_week"":12,""duration_weeks"":3,""recovery_weeks"":4},{""target"":""T2P"",""magnitude"":0.5,""start_week"":16,""duration_weeks"":2,""recovery_weeks"":3}]",False,0.008186199993360788,B
291,RST,RST-46,moderate,singleton,False,False,0,"[{""target"":""corridor"",""magnitude"":0.3,""start_week"":12,""duration_weeks"":3,""recovery_weeks"":4}]",False,0.006829700025264174,B
292,RST,RST-46,moderate,singleton,False,False,1,"[{""target"":""T2P"",""magnitude"":0.5,""start_week"":16,""duration_weeks"":2,""recovery_weeks"":3}]",False,0.003977299958933145,B
293,RST,RST-46,moderate,upstream_node_deletion,False,False,0,"[{""target"":""corridor"",""magnitude"":0.3,""start_week"":12,""duration_weeks"":3,""recovery_weeks"":4}]",True,0.0,B
294,RST,RST-46,moderate,direct_impact,False,True,0;1,"[{""target"":""corridor"",""magnitude"":0.3,""start_week"":12,""duration_weeks"":3,""recovery_weeks"":4},{""target"":""T2P"",""magnitude"":0.5,""start_week"":16,""duration_weeks"":2,""recovery_weeks"":3}]",False,0.0064004999585449696,B
295,RST,RST-46,moderate,later_event_deletion,False,False,0,"[{""target"":""corridor"",""magnitude"":0.3,""start_week"":12,""duration_weeks"":3,""recovery_weeks"":4}]",True,0.0,B
296,RST,RST-47,all,candidate_passive,False,False,,"[{""target"":""corridor"",""magnitude"":0.4,""start_week"":12,""duration_weeks"":3,""recovery_weeks"":4},{""target"":""T2P"",""magnitude"":0.5,""start_week"":16,""duration_weeks"":2,""recovery_weeks"":3}]",False,0.008449400018434972,B
297,RST,RST-47,all,candidate_active,True,False,,"[{""target"":""corridor"",""magnitude"":0.4,""start_week"":12,""duration_weeks"":3,""recovery_weeks"":4},{""target"":""T2P"",""magnitude"":0.5,""start_week"":16,""duration_weeks"":2,""recovery_weeks"":3}]",False,0.00841539999237284,B
298,RST,RST-47,moderate,singleton,False,False,0,"[{""target"":""corridor"",""magnitude"":0.4,""start_week"":12,""duration_weeks"":3,""recovery_weeks"":4}]",False,0.004827399970963597,B
299,RST,RST-47,severe,singleton,False,False,0,"[{""target"":""corridor"",""magnitude"":0.4,""start_week"":12,""duration_weeks"":3,""recovery_weeks"":4}]",True,0.0,B
300,RST,RST-48,all,candidate_passive,False,False,,"[{""target"":""corridor"",""magnitude"":0.5,""start_week"":12,""duration_weeks"":3,""recovery_weeks"":4},{""target"":""T2P"",""magnitude"":0.5,""start_week"":16,""duration_weeks"":2,""recovery_weeks"":3}]",False,0.006103200023062527,B
301,RST,RST-48,all,candidate_active,True,False,,"[{""target"":""corridor"",""magnitude"":0.5,""start_week"":12,""duration_weeks"":3,""recovery_weeks"":4},{""target"":""T2P"",""magnitude"":0.5,""start_week"":16,""duration_weeks"":2,""recovery_weeks"":3}]",False,0.004219900001771748,B
302,RST,RST-48,moderate,singleton,False,False,0,"[{""target"":""corridor"",""magnitude"":0.5,""start_week"":12,""duration_weeks"":3,""recovery_weeks"":4}]",False,0.0068706999882124364,B
303,RST,RST-48,severe,singleton,False,False,0,"[{""target"":""corridor"",""magnitude"":0.5,""start_week"":12,""duration_weeks"":3,""recovery_weeks"":4}]",True,0.0,B
304,RST,RST-49,all,candidate_passive,False,False,,"[{""target"":""corridor"",""magnitude"":0.6,""start_week"":12,""duration_weeks"":3,""recovery_weeks"":4},{""target"":""T2P"",""magnitude"":0.5,""start_week"":16,""duration_weeks"":2,""recovery_weeks"":3}]",False,0.004662000050302595,B
305,RST,RST-49,all,candidate_active,True,False,,"[{""target"":""corridor"",""magnitude"":0.6,""start_week"":12,""duration_weeks"":3,""recovery_weeks"":4},{""target"":""T2P"",""magnitude"":0.5,""start_week"":16,""duration_weeks"":2,""recovery_weeks"":3}]",False,0.004860499990172684,B
306,RST,RST-49,moderate,singleton,False,False,0,"[{""target"":""corridor"",""magnitude"":0.6,""start_week"":12,""duration_weeks"":3,""recovery_weeks"":4}]",False,0.0037954000290483236,B
307,RST,RST-49,severe,singleton,False,False,0,"[{""target"":""corridor"",""magnitude"":0.6,""start_week"":12,""duration_weeks"":3,""recovery_weeks"":4}]",True,0.0,B
308,RST,RST-50,all,candidate_passive,False,False,,"[{""target"":""corridor"",""magnitude"":0.7,""start_week"":12,""duration_weeks"":3,""recovery_weeks"":4},{""target"":""T2P"",""magnitude"":0.5,""start_week"":16,""duration_weeks"":2,""recovery_weeks"":3}]",False,0.004292999976314604,B
309,RST,RST-50,all,candidate_active,True,False,,"[{""target"":""corridor"",""magnitude"":0.7,""start_week"":12,""duration_weeks"":3,""recovery_weeks"":4},{""target"":""T2P"",""magnitude"":0.5,""start_week"":16,""duration_weeks"":2,""recovery_weeks"":3}]",False,0.004085099964868277,B
310,RST,RST-50,moderate,singleton,False,False,0,"[{""target"":""corridor"",""magnitude"":0.7,""start_week"":12,""duration_weeks"":3,""recovery_weeks"":4}]",False,0.007112100021913648,B
311,RST,RST-50,severe,singleton,False,False,0,"[{""target"":""corridor"",""magnitude"":0.7,""start_week"":12,""duration_weeks"":3,""recovery_weeks"":4}]",True,0.0,B
1,MI-C,FST-MI-01,all,candidate_passive,False,False,,"[{""target"":""S1A"",""magnitude"":0.5,""start_week"":12,""duration_weeks"":4,""recovery_weeks"":3}]",False,0.0035110999597236514,B
2,MI-C,FST-MI-01,all,candidate_active,True,False,,"[{""target"":""S1A"",""magnitude"":0.5,""start_week"":12,""duration_weeks"":4,""recovery_weeks"":3}]",False,0.0034354000235907733,B
3,MI-C,FST-MI-01,moderate,singleton,False,False,0,"[{""target"":""S1A"",""magnitude"":0.5,""start_week"":12,""duration_weeks"":4,""recovery_weeks"":3}]",True,0.0,B
4,MI-C,FST-MI-02,all,candidate_passive,False,False,,"[{""target"":""S1A"",""magnitude"":0.7,""start_week"":12,""duration_weeks"":4,""recovery_weeks"":3}]",False,0.004954400006681681,B
5,MI-C,FST-MI-02,all,candidate_active,True,False,,"[{""target"":""S1A"",""magnitude"":0.7,""start_week"":12,""duration_weeks"":4,""recovery_weeks"":3}]",False,0.0038939000223763287,B
6,MI-C,FST-MI-02,moderate,singleton,False,False,0,"[{""target"":""S1A"",""magnitude"":0.7,""start_week"":12,""duration_weeks"":4,""recovery_weeks"":3}]",True,0.0,B
7,MI-C,FST-MI-03,all,candidate_passive,False,False,,"[{""target"":""S1B"",""magnitude"":0.5,""start_week"":12,""duration_weeks"":4,""recovery_weeks"":3}]",False,0.006634399993345141,B
8,MI-C,FST-MI-03,all,candidate_active,True,False,,"[{""target"":""S1B"",""magnitude"":0.5,""start_week"":12,""duration_weeks"":4,""recovery_weeks"":3}]",False,0.006768999970518053,B
9,MI-C,FST-MI-03,moderate,singleton,False,False,0,"[{""target"":""S1B"",""magnitude"":0.5,""start_week"":12,""duration_weeks"":4,""recovery_weeks"":3}]",True,0.0,B
10,MI-C,FST-MI-04,all,candidate_passive,False,False,,"[{""target"":""S1B"",""magnitude"":0.7,""start_week"":12,""duration_weeks"":4,""recovery_weeks"":3}]",False,0.006680099992081523,B
11,MI-C,FST-MI-04,all,candidate_active,True,False,,"[{""target"":""S1B"",""magnitude"":0.7,""start_week"":12,""duration_weeks"":4,""recovery_weeks"":3}]",False,0.007844800013117492,B
12,MI-C,FST-MI-04,moderate,singleton,False,False,0,"[{""target"":""S1B"",""magnitude"":0.7,""start_week"":12,""duration_weeks"":4,""recovery_weeks"":3}]",True,0.0,B
13,MI-C,FST-MI-05,all,candidate_passive,False,False,,"[{""target"":""S1C"",""magnitude"":0.5,""start_week"":12,""duration_weeks"":4,""recovery_weeks"":3}]",False,0.007882500009145588,B
14,MI-C,FST-MI-05,all,candidate_active,True,False,,"[{""target"":""S1C"",""magnitude"":0.5,""start_week"":12,""duration_weeks"":4,""recovery_weeks"":3}]",False,0.007169200049247593,B
15,MI-C,FST-MI-05,moderate,singleton,False,False,0,"[{""target"":""S1C"",""magnitude"":0.5,""start_week"":12,""duration_weeks"":4,""recovery_weeks"":3}]",True,0.0,B
16,MI-C,FST-MI-06,all,candidate_passive,False,False,,"[{""target"":""S1C"",""magnitude"":0.7,""start_week"":12,""duration_weeks"":4,""recovery_weeks"":3}]",False,0.0063532000058330595,B
17,MI-C,FST-MI-06,all,candidate_active,True,False,,"[{""target"":""S1C"",""magnitude"":0.7,""start_week"":12,""duration_weeks"":4,""recovery_weeks"":3}]",False,0.005980400019325316,B
18,MI-C,FST-MI-06,moderate,singleton,False,False,0,"[{""target"":""S1C"",""magnitude"":0.7,""start_week"":12,""duration_weeks"":4,""recovery_weeks"":3}]",True,0.0,B
19,MI-C,FST-MI-07,all,candidate_passive,False,False,,"[{""target"":""T2P"",""magnitude"":0.2,""start_week"":12,""duration_weeks"":3,""recovery_weeks"":3}]",False,0.0035600000410340726,B
20,MI-C,FST-MI-08,all,candidate_passive,False,False,,"[{""target"":""T2P"",""magnitude"":0.2,""start_week"":12,""duration_weeks"":6,""recovery_weeks"":3}]",False,0.0035874000168405473,B
21,MI-C,FST-MI-09,all,candidate_passive,False,False,,"[{""target"":""T2P"",""magnitude"":0.35,""start_week"":12,""duration_weeks"":3,""recovery_weeks"":3}]",False,0.0073022000142373145,B
22,MI-C,FST-MI-09,all,candidate_active,True,False,,"[{""target"":""T2P"",""magnitude"":0.35,""start_week"":12,""duration_weeks"":3,""recovery_weeks"":3}]",False,0.006764399993699044,B
23,MI-C,FST-MI-09,moderate,singleton,False,False,0,"[{""target"":""T2P"",""magnitude"":0.35,""start_week"":12,""duration_weeks"":3,""recovery_weeks"":3}]",True,0.0,B
24,MI-C,FST-MI-09,moderate,upstream_node_deletion,False,False,,[],False,0.003994999977294356,B
25,MI-C,FST-MI-09,moderate,direct_impact,False,True,0,"[{""target"":""T2P"",""magnitude"":0.35,""start_week"":12,""duration_weeks"":3,""recovery_weeks"":3}]",False,0.00597240001661703,B
26,MI-C,FST-MI-10,all,candidate_passive,False,False,,"[{""target"":""T2P"",""magnitude"":0.35,""start_week"":12,""duration_weeks"":6,""recovery_weeks"":3}]",False,0.008569800003897399,B
27,MI-C,FST-MI-10,all,candidate_active,True,False,,"[{""target"":""T2P"",""magnitude"":0.35,""start_week"":12,""duration_weeks"":6,""recovery_weeks"":3}]",False,0.006843100010883063,B
28,MI-C,FST-MI-10,moderate,singleton,False,False,0,"[{""target"":""T2P"",""magnitude"":0.35,""start_week"":12,""duration_weeks"":6,""recovery_weeks"":3}]",True,0.0,B
29,MI-C,FST-MI-10,moderate,upstream_node_deletion,False,False,,[],True,0.0,B
30,MI-C,FST-MI-10,moderate,direct_impact,False,True,0,"[{""target"":""T2P"",""magnitude"":0.35,""start_week"":12,""duration_weeks"":6,""recovery_weeks"":3}]",False,0.00710129999788478,B
31,MI-C,FST-MI-11,all,candidate_passive,False,False,,"[{""target"":""T2P"",""magnitude"":0.5,""start_week"":12,""duration_weeks"":3,""recovery_weeks"":3}]",False,0.006004900031257421,B
32,MI-C,FST-MI-11,all,candidate_active,True,False,,"[{""target"":""T2P"",""magnitude"":0.5,""start_week"":12,""duration_weeks"":3,""recovery_weeks"":3}]",False,0.0067878999980166554,B
33,MI-C,FST-MI-11,moderate,singleton,False,False,0,"[{""target"":""T2P"",""magnitude"":0.5,""start_week"":12,""duration_weeks"":3,""recovery_weeks"":3}]",True,0.0,B
34,MI-C,FST-MI-11,moderate,upstream_node_deletion,False,False,,[],True,0.0,B
35,MI-C,FST-MI-11,moderate,direct_impact,False,True,0,"[{""target"":""T2P"",""magnitude"":0.5,""start_week"":12,""duration_weeks"":3,""recovery_weeks"":3}]",False,0.005690100020729005,B
36,MI-C,FST-MI-12,all,candidate_passive,False,False,,"[{""target"":""T2P"",""magnitude"":0.5,""start_week"":12,""duration_weeks"":6,""recovery_weeks"":3}]",False,0.005947700003162026,B
37,MI-C,FST-MI-12,all,candidate_active,True,False,,"[{""target"":""T2P"",""magnitude"":0.5,""start_week"":12,""duration_weeks"":6,""recovery_weeks"":3}]",False,0.005748499999754131,B
38,MI-C,FST-MI-12,moderate,singleton,False,False,0,"[{""target"":""T2P"",""magnitude"":0.5,""start_week"":12,""duration_weeks"":6,""recovery_weeks"":3}]",True,0.0,B
39,MI-C,FST-MI-12,moderate,upstream_node_deletion,False,False,,[],True,0.0,B
40,MI-C,FST-MI-12,moderate,direct_impact,False,True,0,"[{""target"":""T2P"",""magnitude"":0.5,""start_week"":12,""duration_weeks"":6,""recovery_weeks"":3}]",False,0.006902199995238334,B
41,MI-C,FST-MI-12,severe,singleton,False,False,0,"[{""target"":""T2P"",""magnitude"":0.5,""start_week"":12,""duration_weeks"":6,""recovery_weeks"":3}]",True,0.0,B
42,MI-C,FST-MI-12,severe,upstream_node_deletion,False,False,,[],True,0.0,B
43,MI-C,FST-MI-12,severe,direct_impact,False,True,0,"[{""target"":""T2P"",""magnitude"":0.5,""start_week"":12,""duration_weeks"":6,""recovery_weeks"":3}]",True,0.0,B
44,MI-C,FST-MI-13,all,candidate_passive,False,False,,"[{""target"":""T2P"",""magnitude"":0.65,""start_week"":12,""duration_weeks"":3,""recovery_weeks"":3}]",False,0.007068799983244389,B
45,MI-C,FST-MI-13,all,candidate_active,True,False,,"[{""target"":""T2P"",""magnitude"":0.65,""start_week"":12,""duration_weeks"":3,""recovery_weeks"":3}]",False,0.005678600049577653,B
46,MI-C,FST-MI-13,moderate,singleton,False,False,0,"[{""target"":""T2P"",""magnitude"":0.65,""start_week"":12,""duration_weeks"":3,""recovery_weeks"":3}]",True,0.0,B
47,MI-C,FST-MI-13,moderate,upstream_node_deletion,False,False,,[],True,0.0,B
48,MI-C,FST-MI-13,moderate,direct_impact,False,True,0,"[{""target"":""T2P"",""magnitude"":0.65,""start_week"":12,""duration_weeks"":3,""recovery_weeks"":3}]",False,0.004232799983583391,B
49,MI-C,FST-MI-13,severe,singleton,False,False,0,"[{""target"":""T2P"",""magnitude"":0.65,""start_week"":12,""duration_weeks"":3,""recovery_weeks"":3}]",True,0.0,B
50,MI-C,FST-MI-13,severe,upstream_node_deletion,False,False,,[],True,0.0,B
51,MI-C,FST-MI-13,severe,direct_impact,False,True,0,"[{""target"":""T2P"",""magnitude"":0.65,""start_week"":12,""duration_weeks"":3,""recovery_weeks"":3}]",True,0.0,B
52,MI-C,FST-MI-14,all,candidate_passive,False,False,,"[{""target"":""T2P"",""magnitude"":0.65,""start_week"":12,""duration_weeks"":6,""recovery_weeks"":3}]",False,0.004115400020964444,B
53,MI-C,FST-MI-14,all,candidate_active,True,False,,"[{""target"":""T2P"",""magnitude"":0.65,""start_week"":12,""duration_weeks"":6,""recovery_weeks"":3}]",False,0.0037262000259943306,B
54,MI-C,FST-MI-14,moderate,singleton,False,False,0,"[{""target"":""T2P"",""magnitude"":0.65,""start_week"":12,""duration_weeks"":6,""recovery_weeks"":3}]",True,0.0,B
55,MI-C,FST-MI-14,moderate,upstream_node_deletion,False,False,,[],True,0.0,B
56,MI-C,FST-MI-14,moderate,direct_impact,False,True,0,"[{""target"":""T2P"",""magnitude"":0.65,""start_week"":12,""duration_weeks"":6,""recovery_weeks"":3}]",False,0.0043830000213347375,B
57,MI-C,FST-MI-14,severe,singleton,False,False,0,"[{""target"":""T2P"",""magnitude"":0.65,""start_week"":12,""duration_weeks"":6,""recovery_weeks"":3}]",True,0.0,B
58,MI-C,FST-MI-14,severe,upstream_node_deletion,False,False,,[],True,0.0,B
59,MI-C,FST-MI-14,severe,direct_impact,False,True,0,"[{""target"":""T2P"",""magnitude"":0.65,""start_week"":12,""duration_weeks"":6,""recovery_weeks"":3}]",True,0.0,B
60,MI-C,FST-MI-15,all,candidate_passive,False,False,,"[{""target"":""T2P"",""magnitude"":0.8,""start_week"":12,""duration_weeks"":3,""recovery_weeks"":3}]",False,0.006916799989994615,B
61,MI-C,FST-MI-15,all,candidate_active,True,False,,"[{""target"":""T2P"",""magnitude"":0.8,""start_week"":12,""duration_weeks"":3,""recovery_weeks"":3}]",False,0.007410100020933896,B
62,MI-C,FST-MI-15,moderate,singleton,False,False,0,"[{""target"":""T2P"",""magnitude"":0.8,""start_week"":12,""duration_weeks"":3,""recovery_weeks"":3}]",True,0.0,B
63,MI-C,FST-MI-15,moderate,upstream_node_deletion,False,False,,[],True,0.0,B
64,MI-C,FST-MI-15,moderate,direct_impact,False,True,0,"[{""target"":""T2P"",""magnitude"":0.8,""start_week"":12,""duration_weeks"":3,""recovery_weeks"":3}]",False,0.0035985999857075512,B
65,MI-C,FST-MI-15,severe,singleton,False,False,0,"[{""target"":""T2P"",""magnitude"":0.8,""start_week"":12,""duration_weeks"":3,""recovery_weeks"":3}]",True,0.0,B
66,MI-C,FST-MI-15,severe,upstream_node_deletion,False,False,,[],True,0.0,B
67,MI-C,FST-MI-15,severe,direct_impact,False,True,0,"[{""target"":""T2P"",""magnitude"":0.8,""start_week"":12,""duration_weeks"":3,""recovery_weeks"":3}]",True,0.0,B
68,MI-C,FST-MI-16,all,candidate_passive,False,False,,"[{""target"":""T2P"",""magnitude"":0.8,""start_week"":12,""duration_weeks"":6,""recovery_weeks"":3}]",False,0.004294199985451996,B
69,MI-C,FST-MI-16,all,candidate_active,True,False,,"[{""target"":""T2P"",""magnitude"":0.8,""start_week"":12,""duration_weeks"":6,""recovery_weeks"":3}]",False,0.0037355999811552465,B
70,MI-C,FST-MI-16,moderate,singleton,False,False,0,"[{""target"":""T2P"",""magnitude"":0.8,""start_week"":12,""duration_weeks"":6,""recovery_weeks"":3}]",True,0.0,B
71,MI-C,FST-MI-16,moderate,upstream_node_deletion,False,False,,[],True,0.0,B
72,MI-C,FST-MI-16,moderate,direct_impact,False,True,0,"[{""target"":""T2P"",""magnitude"":0.8,""start_week"":12,""duration_weeks"":6,""recovery_weeks"":3}]",False,0.0036220999900251627,B
73,MI-C,FST-MI-16,severe,singleton,False,False,0,"[{""target"":""T2P"",""magnitude"":0.8,""start_week"":12,""duration_weeks"":6,""recovery_weeks"":3}]",True,0.0,B
74,MI-C,FST-MI-16,severe,upstream_node_deletion,False,False,,[],True,0.0,B
75,MI-C,FST-MI-16,severe,direct_impact,False,True,0,"[{""target"":""T2P"",""magnitude"":0.8,""start_week"":12,""duration_weeks"":6,""recovery_weeks"":3}]",True,0.0,B
76,MI-C,FST-MI-17,all,candidate_passive,False,False,,"[{""target"":""corridor"",""magnitude"":0.3,""start_week"":12,""duration_weeks"":2,""recovery_weeks"":3}]",False,0.005699200031813234,B
77,MI-C,FST-MI-18,all,candidate_passive,False,False,,"[{""target"":""corridor"",""magnitude"":0.3,""start_week"":12,""duration_weeks"":4,""recovery_weeks"":3}]",False,0.006839800043962896,B
78,MI-C,FST-MI-19,all,candidate_passive,False,False,,"[{""target"":""corridor"",""magnitude"":0.5,""start_week"":12,""duration_weeks"":2,""recovery_weeks"":3}]",False,0.0066025000414811075,B
79,MI-C,FST-MI-19,all,candidate_active,True,False,,"[{""target"":""corridor"",""magnitude"":0.5,""start_week"":12,""duration_weeks"":2,""recovery_weeks"":3}]",False,0.006628200004342943,B
80,MI-C,FST-MI-19,moderate,singleton,False,False,0,"[{""target"":""corridor"",""magnitude"":0.5,""start_week"":12,""duration_weeks"":2,""recovery_weeks"":3}]",True,0.0,B
81,MI-C,FST-MI-19,severe,singleton,False,False,0,"[{""target"":""corridor"",""magnitude"":0.5,""start_week"":12,""duration_weeks"":2,""recovery_weeks"":3}]",True,0.0,B
82,MI-C,FST-MI-20,all,candidate_passive,False,False,,"[{""target"":""corridor"",""magnitude"":0.5,""start_week"":12,""duration_weeks"":4,""recovery_weeks"":3}]",False,0.007429999997839332,B
83,MI-C,FST-MI-20,all,candidate_active,True,False,,"[{""target"":""corridor"",""magnitude"":0.5,""start_week"":12,""duration_weeks"":4,""recovery_weeks"":3}]",False,0.006732699985150248,B
84,MI-C,FST-MI-20,moderate,singleton,False,False,0,"[{""target"":""corridor"",""magnitude"":0.5,""start_week"":12,""duration_weeks"":4,""recovery_weeks"":3}]",True,0.0,B
85,MI-C,FST-MI-20,severe,singleton,False,False,0,"[{""target"":""corridor"",""magnitude"":0.5,""start_week"":12,""duration_weeks"":4,""recovery_weeks"":3}]",True,0.0,B
86,MI-C,FST-MI-21,all,candidate_passive,False,False,,"[{""target"":""corridor"",""magnitude"":0.7,""start_week"":12,""duration_weeks"":2,""recovery_weeks"":3}]",False,0.006632100034039468,B
87,MI-C,FST-MI-21,all,candidate_active,True,False,,"[{""target"":""corridor"",""magnitude"":0.7,""start_week"":12,""duration_weeks"":2,""recovery_weeks"":3}]",False,0.006186900020111352,B
88,MI-C,FST-MI-21,moderate,singleton,False,False,0,"[{""target"":""corridor"",""magnitude"":0.7,""start_week"":12,""duration_weeks"":2,""recovery_weeks"":3}]",True,0.0,B
89,MI-C,FST-MI-21,severe,singleton,False,False,0,"[{""target"":""corridor"",""magnitude"":0.7,""start_week"":12,""duration_weeks"":2,""recovery_weeks"":3}]",True,0.0,B
90,MI-C,FST-MI-22,all,candidate_passive,False,False,,"[{""target"":""corridor"",""magnitude"":0.7,""start_week"":12,""duration_weeks"":4,""recovery_weeks"":3}]",False,0.006754400033969432,B
91,MI-C,FST-MI-22,all,candidate_active,True,False,,"[{""target"":""corridor"",""magnitude"":0.7,""start_week"":12,""duration_weeks"":4,""recovery_weeks"":3}]",False,0.006502899981569499,B
92,MI-C,FST-MI-22,moderate,singleton,False,False,0,"[{""target"":""corridor"",""magnitude"":0.7,""start_week"":12,""duration_weeks"":4,""recovery_weeks"":3}]",True,0.0,B
93,MI-C,FST-MI-22,severe,singleton,False,False,0,"[{""target"":""corridor"",""magnitude"":0.7,""start_week"":12,""duration_weeks"":4,""recovery_weeks"":3}]",True,0.0,B
94,MI-C,FST-MI-23,all,candidate_passive,False,False,,"[{""target"":""T2P"",""magnitude"":0.25,""start_week"":12,""duration_weeks"":4,""recovery_weeks"":3},{""target"":""corridor"",""magnitude"":0.25,""start_week"":12,""duration_weeks"":4,""recovery_weeks"":3}]",False,0.007605199993122369,B
95,MI-C,FST-MI-24,all,candidate_passive,False,False,,"[{""target"":""T2P"",""magnitude"":0.25,""start_week"":12,""duration_weeks"":4,""recovery_weeks"":3},{""target"":""corridor"",""magnitude"":0.35,""start_week"":12,""duration_weeks"":4,""recovery_weeks"":3}]",False,0.007819599995855242,B
96,MI-C,FST-MI-24,all,candidate_active,True,False,,"[{""target"":""T2P"",""magnitude"":0.25,""start_week"":12,""duration_weeks"":4,""recovery_weeks"":3},{""target"":""corridor"",""magnitude"":0.35,""start_week"":12,""duration_weeks"":4,""recovery_weeks"":3}]",False,0.007655999972485006,B
97,MI-C,FST-MI-24,moderate,singleton,False,False,0,"[{""target"":""T2P"",""magnitude"":0.25,""start_week"":12,""duration_weeks"":4,""recovery_weeks"":3}]",False,0.006637999962549657,B
98,MI-C,FST-MI-24,moderate,singleton,False,False,1,"[{""target"":""corridor"",""magnitude"":0.35,""start_week"":12,""duration_weeks"":4,""recovery_weeks"":3}]",False,0.0056643999996595085,B
99,MI-C,FST-MI-24,moderate,upstream_node_deletion,False,False,1,"[{""target"":""corridor"",""magnitude"":0.35,""start_week"":12,""duration_weeks"":4,""recovery_weeks"":3}]",True,0.0,B
100,MI-C,FST-MI-24,moderate,direct_impact,False,True,0;1,"[{""target"":""T2P"",""magnitude"":0.25,""start_week"":12,""duration_weeks"":4,""recovery_weeks"":3},{""target"":""corridor"",""magnitude"":0.35,""start_week"":12,""duration_weeks"":4,""recovery_weeks"":3}]",False,0.007823900028597564,B
101,MI-C,FST-MI-25,all,candidate_passive,False,False,,"[{""target"":""T2P"",""magnitude"":0.35,""start_week"":12,""duration_weeks"":4,""recovery_weeks"":3},{""target"":""corridor"",""magnitude"":0.25,""start_week"":12,""duration_weeks"":4,""recovery_weeks"":3}]",False,0.0041025999817065895,B
102,MI-C,FST-MI-25,all,candidate_active,True,False,,"[{""target"":""T2P"",""magnitude"":0.35,""start_week"":12,""duration_weeks"":4,""recovery_weeks"":3},{""target"":""corridor"",""magnitude"":0.25,""start_week"":12,""duration_weeks"":4,""recovery_weeks"":3}]",False,0.004295200051274151,B
103,MI-C,FST-MI-25,moderate,singleton,False,False,0,"[{""target"":""T2P"",""magnitude"":0.35,""start_week"":12,""duration_weeks"":4,""recovery_weeks"":3}]",False,0.006884300033561885,B
104,MI-C,FST-MI-25,moderate,singleton,False,False,1,"[{""target"":""corridor"",""magnitude"":0.25,""start_week"":12,""duration_weeks"":4,""recovery_weeks"":3}]",False,0.006759900017641485,B
105,MI-C,FST-MI-25,moderate,upstream_node_deletion,False,False,1,"[{""target"":""corridor"",""magnitude"":0.25,""start_week"":12,""duration_weeks"":4,""recovery_weeks"":3}]",True,0.0,B
106,MI-C,FST-MI-25,moderate,direct_impact,False,True,0;1,"[{""target"":""T2P"",""magnitude"":0.35,""start_week"":12,""duration_weeks"":4,""recovery_weeks"":3},{""target"":""corridor"",""magnitude"":0.25,""start_week"":12,""duration_weeks"":4,""recovery_weeks"":3}]",False,0.005876399984117597,B
107,MI-C,FST-MI-26,all,candidate_passive,False,False,,"[{""target"":""T2P"",""magnitude"":0.35,""start_week"":12,""duration_weeks"":4,""recovery_weeks"":3},{""target"":""corridor"",""magnitude"":0.35,""start_week"":12,""duration_weeks"":4,""recovery_weeks"":3}]",False,0.004331100033596158,B
108,MI-C,FST-MI-26,all,candidate_active,True,False,,"[{""target"":""T2P"",""magnitude"":0.35,""start_week"":12,""duration_weeks"":4,""recovery_weeks"":3},{""target"":""corridor"",""magnitude"":0.35,""start_week"":12,""duration_weeks"":4,""recovery_weeks"":3}]",False,0.004946800007019192,B
109,MI-C,FST-MI-26,moderate,singleton,False,False,0,"[{""target"":""T2P"",""magnitude"":0.35,""start_week"":12,""duration_weeks"":4,""recovery_weeks"":3}]",True,0.0,B
110,MI-C,FST-MI-26,moderate,singleton,False,False,1,"[{""target"":""corridor"",""magnitude"":0.35,""start_week"":12,""duration_weeks"":4,""recovery_weeks"":3}]",True,0.0,B
111,MI-C,FST-MI-26,moderate,upstream_node_deletion,False,False,1,"[{""target"":""corridor"",""magnitude"":0.35,""start_week"":12,""duration_weeks"":4,""recovery_weeks"":3}]",True,0.0,B
112,MI-C,FST-MI-26,moderate,direct_impact,False,True,0;1,"[{""target"":""T2P"",""magnitude"":0.35,""start_week"":12,""duration_weeks"":4,""recovery_weeks"":3},{""target"":""corridor"",""magnitude"":0.35,""start_week"":12,""duration_weeks"":4,""recovery_weeks"":3}]",False,0.00788680004188791,B
113,MI-C,FST-MI-27,all,candidate_passive,False,False,,"[{""target"":""T2P"",""magnitude"":0.7,""start_week"":12,""duration_weeks"":4,""recovery_weeks"":3},{""target"":""corridor"",""magnitude"":0.3,""start_week"":12,""duration_weeks"":4,""recovery_weeks"":3}]",False,0.007835900003556162,B
114,MI-C,FST-MI-27,all,candidate_active,True,False,,"[{""target"":""T2P"",""magnitude"":0.7,""start_week"":12,""duration_weeks"":4,""recovery_weeks"":3},{""target"":""corridor"",""magnitude"":0.3,""start_week"":12,""duration_weeks"":4,""recovery_weeks"":3}]",False,0.007765499991364777,B
115,MI-C,FST-MI-27,moderate,singleton,False,False,0,"[{""target"":""T2P"",""magnitude"":0.7,""start_week"":12,""duration_weeks"":4,""recovery_weeks"":3}]",False,0.006626099988352507,B
116,MI-C,FST-MI-27,moderate,singleton,False,False,1,"[{""target"":""corridor"",""magnitude"":0.3,""start_week"":12,""duration_weeks"":4,""recovery_weeks"":3}]",True,0.0,B
117,MI-C,FST-MI-27,moderate,upstream_node_deletion,False,False,1,"[{""target"":""corridor"",""magnitude"":0.3,""start_week"":12,""duration_weeks"":4,""recovery_weeks"":3}]",True,0.0,B
118,MI-C,FST-MI-27,moderate,direct_impact,False,True,0;1,"[{""target"":""T2P"",""magnitude"":0.7,""start_week"":12,""duration_weeks"":4,""recovery_weeks"":3},{""target"":""corridor"",""magnitude"":0.3,""start_week"":12,""duration_weeks"":4,""recovery_weeks"":3}]",False,0.008005300012882799,B
119,MI-C,FST-MI-27,severe,singleton,False,False,0,"[{""target"":""T2P"",""magnitude"":0.7,""start_week"":12,""duration_weeks"":4,""recovery_weeks"":3}]",True,0.0,B
120,MI-C,FST-MI-27,severe,singleton,False,False,1,"[{""target"":""corridor"",""magnitude"":0.3,""start_week"":12,""duration_weeks"":4,""recovery_weeks"":3}]",True,0.0,B
121,MI-C,FST-MI-27,severe,upstream_node_deletion,False,False,1,"[{""target"":""corridor"",""magnitude"":0.3,""start_week"":12,""duration_weeks"":4,""recovery_weeks"":3}]",True,0.0,B
122,MI-C,FST-MI-27,severe,direct_impact,False,True,0;1,"[{""target"":""T2P"",""magnitude"":0.7,""start_week"":12,""duration_weeks"":4,""recovery_weeks"":3},{""target"":""corridor"",""magnitude"":0.3,""start_week"":12,""duration_weeks"":4,""recovery_weeks"":3}]",True,0.0,B
123,MI-C,FST-MI-28,all,candidate_passive,False,False,,"[{""target"":""T2P"",""magnitude"":0.7,""start_week"":12,""duration_weeks"":4,""recovery_weeks"":3},{""target"":""corridor"",""magnitude"":0.6,""start_week"":12,""duration_weeks"":4,""recovery_weeks"":3}]",False,0.004178499977570027,B
124,MI-C,FST-MI-28,all,candidate_active,True,False,,"[{""target"":""T2P"",""magnitude"":0.7,""start_week"":12,""duration_weeks"":4,""recovery_weeks"":3},{""target"":""corridor"",""magnitude"":0.6,""start_week"":12,""duration_weeks"":4,""recovery_weeks"":3}]",False,0.004103299987036735,B
125,MI-C,FST-MI-28,moderate,singleton,False,False,0,"[{""target"":""T2P"",""magnitude"":0.7,""start_week"":12,""duration_weeks"":4,""recovery_weeks"":3}]",True,0.0,B
126,MI-C,FST-MI-28,moderate,singleton,False,False,1,"[{""target"":""corridor"",""magnitude"":0.6,""start_week"":12,""duration_weeks"":4,""recovery_weeks"":3}]",False,0.005586300045251846,B
127,MI-C,FST-MI-28,moderate,upstream_node_deletion,False,False,1,"[{""target"":""corridor"",""magnitude"":0.6,""start_week"":12,""duration_weeks"":4,""recovery_weeks"":3}]",True,0.0,B
128,MI-C,FST-MI-28,moderate,direct_impact,False,True,0;1,"[{""target"":""T2P"",""magnitude"":0.7,""start_week"":12,""duration_weeks"":4,""recovery_weeks"":3},{""target"":""corridor"",""magnitude"":0.6,""start_week"":12,""duration_weeks"":4,""recovery_weeks"":3}]",False,0.00638430000981316,B
129,MI-C,FST-MI-28,severe,singleton,False,False,0,"[{""target"":""T2P"",""magnitude"":0.7,""start_week"":12,""duration_weeks"":4,""recovery_weeks"":3}]",True,0.0,B
130,MI-C,FST-MI-28,severe,singleton,False,False,1,"[{""target"":""corridor"",""magnitude"":0.6,""start_week"":12,""duration_weeks"":4,""recovery_weeks"":3}]",True,0.0,B
131,MI-C,FST-MI-28,severe,upstream_node_deletion,False,False,1,"[{""target"":""corridor"",""magnitude"":0.6,""start_week"":12,""duration_weeks"":4,""recovery_weeks"":3}]",True,0.0,B
132,MI-C,FST-MI-28,severe,direct_impact,False,True,0;1,"[{""target"":""T2P"",""magnitude"":0.7,""start_week"":12,""duration_weeks"":4,""recovery_weeks"":3},{""target"":""corridor"",""magnitude"":0.6,""start_week"":12,""duration_weeks"":4,""recovery_weeks"":3}]",True,0.0,B
133,MI-C,FST-MI-29,all,candidate_passive,False,False,,"[{""target"":""T2P"",""magnitude"":0.8,""start_week"":12,""duration_weeks"":4,""recovery_weeks"":3},{""target"":""corridor"",""magnitude"":0.3,""start_week"":12,""duration_weeks"":4,""recovery_weeks"":3}]",False,0.004283700021915138,B
134,MI-C,FST-MI-29,all,candidate_active,True,False,,"[{""target"":""T2P"",""magnitude"":0.8,""start_week"":12,""duration_weeks"":4,""recovery_weeks"":3},{""target"":""corridor"",""magnitude"":0.3,""start_week"":12,""duration_weeks"":4,""recovery_weeks"":3}]",False,0.004082300001755357,B
135,MI-C,FST-MI-29,moderate,singleton,False,False,0,"[{""target"":""T2P"",""magnitude"":0.8,""start_week"":12,""duration_weeks"":4,""recovery_weeks"":3}]",False,0.0038210999919101596,B
136,MI-C,FST-MI-29,moderate,singleton,False,False,1,"[{""target"":""corridor"",""magnitude"":0.3,""start_week"":12,""duration_weeks"":4,""recovery_weeks"":3}]",True,0.0,B
137,MI-C,FST-MI-29,moderate,upstream_node_deletion,False,False,1,"[{""target"":""corridor"",""magnitude"":0.3,""start_week"":12,""duration_weeks"":4,""recovery_weeks"":3}]",True,0.0,B
138,MI-C,FST-MI-29,moderate,direct_impact,False,True,0;1,"[{""target"":""T2P"",""magnitude"":0.8,""start_week"":12,""duration_weeks"":4,""recovery_weeks"":3},{""target"":""corridor"",""magnitude"":0.3,""start_week"":12,""duration_weeks"":4,""recovery_weeks"":3}]",False,0.004217899986542761,B
139,MI-C,FST-MI-29,severe,singleton,False,False,0,"[{""target"":""T2P"",""magnitude"":0.8,""start_week"":12,""duration_weeks"":4,""recovery_weeks"":3}]",True,0.0,B
140,MI-C,FST-MI-29,severe,singleton,False,False,1,"[{""target"":""corridor"",""magnitude"":0.3,""start_week"":12,""duration_weeks"":4,""recovery_weeks"":3}]",True,0.0,B
141,MI-C,FST-MI-29,severe,upstream_node_deletion,False,False,1,"[{""target"":""corridor"",""magnitude"":0.3,""start_week"":12,""duration_weeks"":4,""recovery_weeks"":3}]",True,0.0,B
142,MI-C,FST-MI-29,severe,direct_impact,False,True,0;1,"[{""target"":""T2P"",""magnitude"":0.8,""start_week"":12,""duration_weeks"":4,""recovery_weeks"":3},{""target"":""corridor"",""magnitude"":0.3,""start_week"":12,""duration_weeks"":4,""recovery_weeks"":3}]",True,0.0,B
143,MI-C,FST-MI-30,all,candidate_passive,False,False,,"[{""target"":""T2P"",""magnitude"":0.8,""start_week"":12,""duration_weeks"":4,""recovery_weeks"":3},{""target"":""corridor"",""magnitude"":0.6,""start_week"":12,""duration_weeks"":4,""recovery_weeks"":3}]",False,0.004035399993881583,B
144,MI-C,FST-MI-30,all,candidate_active,True,False,,"[{""target"":""T2P"",""magnitude"":0.8,""start_week"":12,""duration_weeks"":4,""recovery_weeks"":3},{""target"":""corridor"",""magnitude"":0.6,""start_week"":12,""duration_weeks"":4,""recovery_weeks"":3}]",False,0.004489000013563782,B
145,MI-C,FST-MI-30,moderate,singleton,False,False,0,"[{""target"":""T2P"",""magnitude"":0.8,""start_week"":12,""duration_weeks"":4,""recovery_weeks"":3}]",True,0.0,B
146,MI-C,FST-MI-30,moderate,singleton,False,False,1,"[{""target"":""corridor"",""magnitude"":0.6,""start_week"":12,""duration_weeks"":4,""recovery_weeks"":3}]",True,0.0,B
147,MI-C,FST-MI-30,moderate,upstream_node_deletion,False,False,1,"[{""target"":""corridor"",""magnitude"":0.6,""start_week"":12,""duration_weeks"":4,""recovery_weeks"":3}]",True,0.0,B
148,MI-C,FST-MI-30,moderate,direct_impact,False,True,0;1,"[{""target"":""T2P"",""magnitude"":0.8,""start_week"":12,""duration_weeks"":4,""recovery_weeks"":3},{""target"":""corridor"",""magnitude"":0.6,""start_week"":12,""duration_weeks"":4,""recovery_weeks"":3}]",False,0.006719699944369495,B
149,MI-C,FST-MI-30,severe,singleton,False,False,0,"[{""target"":""T2P"",""magnitude"":0.8,""start_week"":12,""duration_weeks"":4,""recovery_weeks"":3}]",True,0.0,B
150,MI-C,FST-MI-30,severe,singleton,False,False,1,"[{""target"":""corridor"",""magnitude"":0.6,""start_week"":12,""duration_weeks"":4,""recovery_weeks"":3}]",True,0.0,B
151,MI-C,FST-MI-30,severe,upstream_node_deletion,False,False,1,"[{""target"":""corridor"",""magnitude"":0.6,""start_week"":12,""duration_weeks"":4,""recovery_weeks"":3}]",True,0.0,B
152,MI-C,FST-MI-30,severe,direct_impact,False,True,0;1,"[{""target"":""T2P"",""magnitude"":0.8,""start_week"":12,""duration_weeks"":4,""recovery_weeks"":3},{""target"":""corridor"",""magnitude"":0.6,""start_week"":12,""duration_weeks"":4,""recovery_weeks"":3}]",True,0.0,B
153,MI-C,FST-MI-31,all,candidate_passive,False,False,,"[{""target"":""T2P"",""magnitude"":0.4,""start_week"":12,""duration_weeks"":4,""recovery_weeks"":3},{""target"":""S1A"",""magnitude"":0.5,""start_week"":12,""duration_weeks"":4,""recovery_weeks"":3}]",False,0.006577200023457408,B
154,MI-C,FST-MI-31,all,candidate_active,True,False,,"[{""target"":""T2P"",""magnitude"":0.4,""start_week"":12,""duration_weeks"":4,""recovery_weeks"":3},{""target"":""S1A"",""magnitude"":0.5,""start_week"":12,""duration_weeks"":4,""recovery_weeks"":3}]",False,0.006366000045090914,B
155,MI-C,FST-MI-31,moderate,singleton,False,False,0,"[{""target"":""T2P"",""magnitude"":0.4,""start_week"":12,""duration_weeks"":4,""recovery_weeks"":3}]",False,0.005243099993094802,B
156,MI-C,FST-MI-31,moderate,singleton,False,False,1,"[{""target"":""S1A"",""magnitude"":0.5,""start_week"":12,""duration_weeks"":4,""recovery_weeks"":3}]",True,0.0,B
157,MI-C,FST-MI-31,moderate,upstream_node_deletion,False,False,1,"[{""target"":""S1A"",""magnitude"":0.5,""start_week"":12,""duration_weeks"":4,""recovery_weeks"":3}]",True,0.0,B
158,MI-C,FST-MI-31,moderate,direct_impact,False,True,0;1,"[{""target"":""T2P"",""magnitude"":0.4,""start_week"":12,""duration_weeks"":4,""recovery_weeks"":3},{""target"":""S1A"",""magnitude"":0.5,""start_week"":12,""duration_weeks"":4,""recovery_weeks"":3}]",False,0.006311400036793202,B
159,MI-C,FST-MI-32,all,candidate_passive,False,False,,"[{""target"":""T2P"",""magnitude"":0.6,""start_week"":12,""duration_weeks"":4,""recovery_weeks"":3},{""target"":""S1A"",""magnitude"":0.5,""start_week"":12,""duration_weeks"":4,""recovery_weeks"":3}]",False,0.0070238999905996025,B
160,MI-C,FST-MI-32,all,candidate_active,True,False,,"[{""target"":""T2P"",""magnitude"":0.6,""start_week"":12,""duration_weeks"":4,""recovery_weeks"":3},{""target"":""S1A"",""magnitude"":0.5,""start_week"":12,""duration_weeks"":4,""recovery_weeks"":3}]",False,0.006590000004507601,B
161,MI-C,FST-MI-32,moderate,singleton,False,False,0,"[{""target"":""T2P"",""magnitude"":0.6,""start_week"":12,""duration_weeks"":4,""recovery_weeks"":3}]",False,0.0036632000119425356,B
162,MI-C,FST-MI-32,moderate,singleton,False,False,1,"[{""target"":""S1A"",""magnitude"":0.5,""start_week"":12,""duration_weeks"":4,""recovery_weeks"":3}]",True,0.0,B
163,MI-C,FST-MI-32,moderate,upstream_node_deletion,False,False,1,"[{""target"":""S1A"",""magnitude"":0.5,""start_week"":12,""duration_weeks"":4,""recovery_weeks"":3}]",True,0.0,B
164,MI-C,FST-MI-32,moderate,direct_impact,False,True,0;1,"[{""target"":""T2P"",""magnitude"":0.6,""start_week"":12,""duration_weeks"":4,""recovery_weeks"":3},{""target"":""S1A"",""magnitude"":0.5,""start_week"":12,""duration_weeks"":4,""recovery_weeks"":3}]",False,0.004117599979508668,B
165,MI-C,FST-MI-32,severe,singleton,False,False,0,"[{""target"":""T2P"",""magnitude"":0.6,""start_week"":12,""duration_weeks"":4,""recovery_weeks"":3}]",True,0.0,B
166,MI-C,FST-MI-32,severe,singleton,False,False,1,"[{""target"":""S1A"",""magnitude"":0.5,""start_week"":12,""duration_weeks"":4,""recovery_weeks"":3}]",True,0.0,B
167,MI-C,FST-MI-32,severe,upstream_node_deletion,False,False,1,"[{""target"":""S1A"",""magnitude"":0.5,""start_week"":12,""duration_weeks"":4,""recovery_weeks"":3}]",True,0.0,B
168,MI-C,FST-MI-32,severe,direct_impact,False,True,0;1,"[{""target"":""T2P"",""magnitude"":0.6,""start_week"":12,""duration_weeks"":4,""recovery_weeks"":3},{""target"":""S1A"",""magnitude"":0.5,""start_week"":12,""duration_weeks"":4,""recovery_weeks"":3}]",True,0.0,B
169,MI-C,FST-MI-33,all,candidate_passive,False,False,,"[{""target"":""T2P"",""magnitude"":0.4,""start_week"":12,""duration_weeks"":4,""recovery_weeks"":3},{""target"":""S1B"",""magnitude"":0.5,""start_week"":12,""duration_weeks"":4,""recovery_weeks"":3}]",False,0.004782699979841709,B
170,MI-C,FST-MI-33,all,candidate_active,True,False,,"[{""target"":""T2P"",""magnitude"":0.4,""start_week"":12,""duration_weeks"":4,""recovery_weeks"":3},{""target"":""S1B"",""magnitude"":0.5,""start_week"":12,""duration_weeks"":4,""recovery_weeks"":3}]",False,0.004028600000310689,B
171,MI-C,FST-MI-33,moderate,singleton,False,False,0,"[{""target"":""T2P"",""magnitude"":0.4,""start_week"":12,""duration_weeks"":4,""recovery_weeks"":3}]",True,0.0,B
172,MI-C,FST-MI-33,moderate,singleton,False,False,1,"[{""target"":""S1B"",""magnitude"":0.5,""start_week"":12,""duration_weeks"":4,""recovery_weeks"":3}]",True,0.0,B
173,MI-C,FST-MI-33,moderate,upstream_node_deletion,False,False,1,"[{""target"":""S1B"",""magnitude"":0.5,""start_week"":12,""duration_weeks"":4,""recovery_weeks"":3}]",True,0.0,B
174,MI-C,FST-MI-33,moderate,direct_impact,False,True,0;1,"[{""target"":""T2P"",""magnitude"":0.4,""start_week"":12,""duration_weeks"":4,""recovery_weeks"":3},{""target"":""S1B"",""magnitude"":0.5,""start_week"":12,""duration_weeks"":4,""recovery_weeks"":3}]",False,0.004104599996935576,B
175,MI-C,FST-MI-34,all,candidate_passive,False,False,,"[{""target"":""T2P"",""magnitude"":0.6,""start_week"":12,""duration_weeks"":4,""recovery_weeks"":3},{""target"":""S1B"",""magnitude"":0.5,""start_week"":12,""duration_weeks"":4,""recovery_weeks"":3}]",False,0.004915099998470396,B
176,MI-C,FST-MI-34,all,candidate_active,True,False,,"[{""target"":""T2P"",""magnitude"":0.6,""start_week"":12,""duration_weeks"":4,""recovery_weeks"":3},{""target"":""S1B"",""magnitude"":0.5,""start_week"":12,""duration_weeks"":4,""recovery_weeks"":3}]",False,0.004115600022487342,B
177,MI-C,FST-MI-34,moderate,singleton,False,False,0,"[{""target"":""T2P"",""magnitude"":0.6,""start_week"":12,""duration_weeks"":4,""recovery_weeks"":3}]",True,0.0,B
178,MI-C,FST-MI-34,moderate,singleton,False,False,1,"[{""target"":""S1B"",""magnitude"":0.5,""start_week"":12,""duration_weeks"":4,""recovery_weeks"":3}]",True,0.0,B
179,MI-C,FST-MI-34,moderate,upstream_node_deletion,False,False,1,"[{""target"":""S1B"",""magnitude"":0.5,""start_week"":12,""duration_weeks"":4,""recovery_weeks"":3}]",True,0.0,B
180,MI-C,FST-MI-34,moderate,direct_impact,False,True,0;1,"[{""target"":""T2P"",""magnitude"":0.6,""start_week"":12,""duration_weeks"":4,""recovery_weeks"":3},{""target"":""S1B"",""magnitude"":0.5,""start_week"":12,""duration_weeks"":4,""recovery_weeks"":3}]",False,0.004082400002516806,B
181,MI-C,FST-MI-34,severe,singleton,False,False,0,"[{""target"":""T2P"",""magnitude"":0.6,""start_week"":12,""duration_weeks"":4,""recovery_weeks"":3}]",True,0.0,B
182,MI-C,FST-MI-34,severe,singleton,False,False,1,"[{""target"":""S1B"",""magnitude"":0.5,""start_week"":12,""duration_weeks"":4,""recovery_weeks"":3}]",True,0.0,B
183,MI-C,FST-MI-34,severe,upstream_node_deletion,False,False,1,"[{""target"":""S1B"",""magnitude"":0.5,""start_week"":12,""duration_weeks"":4,""recovery_weeks"":3}]",True,0.0,B
184,MI-C,FST-MI-34,severe,direct_impact,False,True,0;1,"[{""target"":""T2P"",""magnitude"":0.6,""start_week"":12,""duration_weeks"":4,""recovery_weeks"":3},{""target"":""S1B"",""magnitude"":0.5,""start_week"":12,""duration_weeks"":4,""recovery_weeks"":3}]",True,0.0,B
185,MI-C,FST-MI-35,all,candidate_passive,False,False,,"[{""target"":""T2P"",""magnitude"":0.4,""start_week"":12,""duration_weeks"":4,""recovery_weeks"":3},{""target"":""S1C"",""magnitude"":0.5,""start_week"":12,""duration_weeks"":4,""recovery_weeks"":3}]",False,0.004098299948964268,B
186,MI-C,FST-MI-35,all,candidate_active,True,False,,"[{""target"":""T2P"",""magnitude"":0.4,""start_week"":12,""duration_weeks"":4,""recovery_weeks"":3},{""target"":""S1C"",""magnitude"":0.5,""start_week"":12,""duration_weeks"":4,""recovery_weeks"":3}]",False,0.004131100024096668,B
187,MI-C,FST-MI-35,moderate,singleton,False,False,0,"[{""target"":""T2P"",""magnitude"":0.4,""start_week"":12,""duration_weeks"":4,""recovery_weeks"":3}]",True,0.0,B
188,MI-C,FST-MI-35,moderate,singleton,False,False,1,"[{""target"":""S1C"",""magnitude"":0.5,""start_week"":12,""duration_weeks"":4,""recovery_weeks"":3}]",True,0.0,B
189,MI-C,FST-MI-35,moderate,upstream_node_deletion,False,False,1,"[{""target"":""S1C"",""magnitude"":0.5,""start_week"":12,""duration_weeks"":4,""recovery_weeks"":3}]",True,0.0,B
190,MI-C,FST-MI-35,moderate,direct_impact,False,True,0;1,"[{""target"":""T2P"",""magnitude"":0.4,""start_week"":12,""duration_weeks"":4,""recovery_weeks"":3},{""target"":""S1C"",""magnitude"":0.5,""start_week"":12,""duration_weeks"":4,""recovery_weeks"":3}]",False,0.005463600042276084,B
191,MI-C,FST-MI-35,severe,singleton,False,False,0,"[{""target"":""T2P"",""magnitude"":0.4,""start_week"":12,""duration_weeks"":4,""recovery_weeks"":3}]",True,0.0,B
192,MI-C,FST-MI-35,severe,singleton,False,False,1,"[{""target"":""S1C"",""magnitude"":0.5,""start_week"":12,""duration_weeks"":4,""recovery_weeks"":3}]",True,0.0,B
193,MI-C,FST-MI-35,severe,upstream_node_deletion,False,False,1,"[{""target"":""S1C"",""magnitude"":0.5,""start_week"":12,""duration_weeks"":4,""recovery_weeks"":3}]",True,0.0,B
194,MI-C,FST-MI-35,severe,direct_impact,False,True,0;1,"[{""target"":""T2P"",""magnitude"":0.4,""start_week"":12,""duration_weeks"":4,""recovery_weeks"":3},{""target"":""S1C"",""magnitude"":0.5,""start_week"":12,""duration_weeks"":4,""recovery_weeks"":3}]",True,0.0,B
195,MI-C,FST-MI-36,all,candidate_passive,False,False,,"[{""target"":""T2P"",""magnitude"":0.6,""start_week"":12,""duration_weeks"":4,""recovery_weeks"":3},{""target"":""S1C"",""magnitude"":0.5,""start_week"":12,""duration_weeks"":4,""recovery_weeks"":3}]",False,0.007734299986623228,B
196,MI-C,FST-MI-36,all,candidate_active,True,False,,"[{""target"":""T2P"",""magnitude"":0.6,""start_week"":12,""duration_weeks"":4,""recovery_weeks"":3},{""target"":""S1C"",""magnitude"":0.5,""start_week"":12,""duration_weeks"":4,""recovery_weeks"":3}]",False,0.008054999983869493,B
197,MI-C,FST-MI-36,moderate,singleton,False,False,0,"[{""target"":""T2P"",""magnitude"":0.6,""start_week"":12,""duration_weeks"":4,""recovery_weeks"":3}]",True,0.0,B
198,MI-C,FST-MI-36,moderate,singleton,False,False,1,"[{""target"":""S1C"",""magnitude"":0.5,""start_week"":12,""duration_weeks"":4,""recovery_weeks"":3}]",True,0.0,B
199,MI-C,FST-MI-36,moderate,upstream_node_deletion,False,False,1,"[{""target"":""S1C"",""magnitude"":0.5,""start_week"":12,""duration_weeks"":4,""recovery_weeks"":3}]",True,0.0,B
200,MI-C,FST-MI-36,moderate,direct_impact,False,True,0;1,"[{""target"":""T2P"",""magnitude"":0.6,""start_week"":12,""duration_weeks"":4,""recovery_weeks"":3},{""target"":""S1C"",""magnitude"":0.5,""start_week"":12,""duration_weeks"":4,""recovery_weeks"":3}]",False,0.00834119995124638,B
201,MI-C,FST-MI-36,severe,singleton,False,False,0,"[{""target"":""T2P"",""magnitude"":0.6,""start_week"":12,""duration_weeks"":4,""recovery_weeks"":3}]",True,0.0,B
202,MI-C,FST-MI-36,severe,singleton,False,False,1,"[{""target"":""S1C"",""magnitude"":0.5,""start_week"":12,""duration_weeks"":4,""recovery_weeks"":3}]",True,0.0,B
203,MI-C,FST-MI-36,severe,upstream_node_deletion,False,False,1,"[{""target"":""S1C"",""magnitude"":0.5,""start_week"":12,""duration_weeks"":4,""recovery_weeks"":3}]",True,0.0,B
204,MI-C,FST-MI-36,severe,direct_impact,False,True,0;1,"[{""target"":""T2P"",""magnitude"":0.6,""start_week"":12,""duration_weeks"":4,""recovery_weeks"":3},{""target"":""S1C"",""magnitude"":0.5,""start_week"":12,""duration_weeks"":4,""recovery_weeks"":3}]",True,0.0,B
205,MI-C,FST-MI-37,all,candidate_passive,False,False,,"[{""target"":""T2P"",""magnitude"":0.4,""start_week"":12,""duration_weeks"":4,""recovery_weeks"":3},{""target"":""demand"",""magnitude"":0.2,""start_week"":12,""duration_weeks"":4,""recovery_weeks"":2}]",False,0.00722290005069226,B
206,MI-C,FST-MI-37,all,candidate_active,True,False,,"[{""target"":""T2P"",""magnitude"":0.4,""start_week"":12,""duration_weeks"":4,""recovery_weeks"":3},{""target"":""demand"",""magnitude"":0.2,""start_week"":12,""duration_weeks"":4,""recovery_weeks"":2}]",False,0.004038000013679266,B
207,MI-C,FST-MI-37,moderate,singleton,False,False,0,"[{""target"":""T2P"",""magnitude"":0.4,""start_week"":12,""duration_weeks"":4,""recovery_weeks"":3}]",True,0.0,B
208,MI-C,FST-MI-37,moderate,singleton,False,False,1,"[{""target"":""demand"",""magnitude"":0.2,""start_week"":12,""duration_weeks"":4,""recovery_weeks"":2}]",False,0.004492499982006848,B
209,MI-C,FST-MI-37,moderate,upstream_node_deletion,False,False,1,"[{""target"":""demand"",""magnitude"":0.2,""start_week"":12,""duration_weeks"":4,""recovery_weeks"":2}]",True,0.0,B
210,MI-C,FST-MI-37,moderate,direct_impact,False,True,0;1,"[{""target"":""T2P"",""magnitude"":0.4,""start_week"":12,""duration_weeks"":4,""recovery_weeks"":3},{""target"":""demand"",""magnitude"":0.2,""start_week"":12,""duration_weeks"":4,""recovery_weeks"":2}]",False,0.006636400008574128,B
211,MI-C,FST-MI-37,severe,singleton,False,False,0,"[{""target"":""T2P"",""magnitude"":0.4,""start_week"":12,""duration_weeks"":4,""recovery_weeks"":3}]",True,0.0,B
212,MI-C,FST-MI-37,severe,singleton,False,False,1,"[{""target"":""demand"",""magnitude"":0.2,""start_week"":12,""duration_weeks"":4,""recovery_weeks"":2}]",True,0.0,B
213,MI-C,FST-MI-37,severe,upstream_node_deletion,False,False,1,"[{""target"":""demand"",""magnitude"":0.2,""start_week"":12,""duration_weeks"":4,""recovery_weeks"":2}]",True,0.0,B
214,MI-C,FST-MI-37,severe,direct_impact,False,True,0;1,"[{""target"":""T2P"",""magnitude"":0.4,""start_week"":12,""duration_weeks"":4,""recovery_weeks"":3},{""target"":""demand"",""magnitude"":0.2,""start_week"":12,""duration_weeks"":4,""recovery_weeks"":2}]",True,0.0,B
215,MI-C,FST-MI-38,all,candidate_passive,False,False,,"[{""target"":""T2P"",""magnitude"":0.4,""start_week"":12,""duration_weeks"":4,""recovery_weeks"":3},{""target"":""demand"",""magnitude"":0.4,""start_week"":12,""duration_weeks"":4,""recovery_weeks"":2}]",False,0.004053200013004243,B
216,MI-C,FST-MI-38,all,candidate_active,True,False,,"[{""target"":""T2P"",""magnitude"":0.4,""start_week"":12,""duration_weeks"":4,""recovery_weeks"":3},{""target"":""demand"",""magnitude"":0.4,""start_week"":12,""duration_weeks"":4,""recovery_weeks"":2}]",False,0.0039520999998785555,B
217,MI-C,FST-MI-38,moderate,singleton,False,False,0,"[{""target"":""T2P"",""magnitude"":0.4,""start_week"":12,""duration_weeks"":4,""recovery_weeks"":3}]",True,0.0,B
218,MI-C,FST-MI-38,moderate,singleton,False,False,1,"[{""target"":""demand"",""magnitude"":0.4,""start_week"":12,""duration_weeks"":4,""recovery_weeks"":2}]",False,0.0034147999831475317,B
219,MI-C,FST-MI-38,moderate,upstream_node_deletion,False,False,1,"[{""target"":""demand"",""magnitude"":0.4,""start_week"":12,""duration_weeks"":4,""recovery_weeks"":2}]",True,0.0,B
220,MI-C,FST-MI-38,moderate,direct_impact,False,True,0;1,"[{""target"":""T2P"",""magnitude"":0.4,""start_week"":12,""duration_weeks"":4,""recovery_weeks"":3},{""target"":""demand"",""magnitude"":0.4,""start_week"":12,""duration_weeks"":4,""recovery_weeks"":2}]",False,0.003795199969317764,B
221,MI-C,FST-MI-38,severe,singleton,False,False,0,"[{""target"":""T2P"",""magnitude"":0.4,""start_week"":12,""duration_weeks"":4,""recovery_weeks"":3}]",True,0.0,B
222,MI-C,FST-MI-38,severe,singleton,False,False,1,"[{""target"":""demand"",""magnitude"":0.4,""start_week"":12,""duration_weeks"":4,""recovery_weeks"":2}]",True,0.0,B
223,MI-C,FST-MI-38,severe,upstream_node_deletion,False,False,1,"[{""target"":""demand"",""magnitude"":0.4,""start_week"":12,""duration_weeks"":4,""recovery_weeks"":2}]",True,0.0,B
224,MI-C,FST-MI-38,severe,direct_impact,False,True,0;1,"[{""target"":""T2P"",""magnitude"":0.4,""start_week"":12,""duration_weeks"":4,""recovery_weeks"":3},{""target"":""demand"",""magnitude"":0.4,""start_week"":12,""duration_weeks"":4,""recovery_weeks"":2}]",True,0.0,B
225,MI-C,FST-MI-39,all,candidate_passive,False,False,,"[{""target"":""T2P"",""magnitude"":0.6,""start_week"":12,""duration_weeks"":4,""recovery_weeks"":3},{""target"":""demand"",""magnitude"":0.2,""start_week"":12,""duration_weeks"":4,""recovery_weeks"":2}]",False,0.004476899979636073,B
226,MI-C,FST-MI-39,all,candidate_active,True,False,,"[{""target"":""T2P"",""magnitude"":0.6,""start_week"":12,""duration_weeks"":4,""recovery_weeks"":3},{""target"":""demand"",""magnitude"":0.2,""start_week"":12,""duration_weeks"":4,""recovery_weeks"":2}]",False,0.006366699992213398,B
227,MI-C,FST-MI-39,moderate,singleton,False,False,0,"[{""target"":""T2P"",""magnitude"":0.6,""start_week"":12,""duration_weeks"":4,""recovery_weeks"":3}]",True,0.0,B
228,MI-C,FST-MI-39,moderate,singleton,False,False,1,"[{""target"":""demand"",""magnitude"":0.2,""start_week"":12,""duration_weeks"":4,""recovery_weeks"":2}]",True,0.0,B
229,MI-C,FST-MI-39,moderate,upstream_node_deletion,False,False,1,"[{""target"":""demand"",""magnitude"":0.2,""start_week"":12,""duration_weeks"":4,""recovery_weeks"":2}]",True,0.0,B
230,MI-C,FST-MI-39,moderate,direct_impact,False,True,0;1,"[{""target"":""T2P"",""magnitude"":0.6,""start_week"":12,""duration_weeks"":4,""recovery_weeks"":3},{""target"":""demand"",""magnitude"":0.2,""start_week"":12,""duration_weeks"":4,""recovery_weeks"":2}]",False,0.0036837999941781163,B
231,MI-C,FST-MI-39,severe,singleton,False,False,0,"[{""target"":""T2P"",""magnitude"":0.6,""start_week"":12,""duration_weeks"":4,""recovery_weeks"":3}]",True,0.0,B
232,MI-C,FST-MI-39,severe,singleton,False,False,1,"[{""target"":""demand"",""magnitude"":0.2,""start_week"":12,""duration_weeks"":4,""recovery_weeks"":2}]",True,0.0,B
233,MI-C,FST-MI-39,severe,upstream_node_deletion,False,False,1,"[{""target"":""demand"",""magnitude"":0.2,""start_week"":12,""duration_weeks"":4,""recovery_weeks"":2}]",True,0.0,B
234,MI-C,FST-MI-39,severe,direct_impact,False,True,0;1,"[{""target"":""T2P"",""magnitude"":0.6,""start_week"":12,""duration_weeks"":4,""recovery_weeks"":3},{""target"":""demand"",""magnitude"":0.2,""start_week"":12,""duration_weeks"":4,""recovery_weeks"":2}]",True,0.0,B
235,MI-C,FST-MI-40,all,candidate_passive,False,False,,"[{""target"":""T2P"",""magnitude"":0.6,""start_week"":12,""duration_weeks"":4,""recovery_weeks"":3},{""target"":""demand"",""magnitude"":0.4,""start_week"":12,""duration_weeks"":4,""recovery_weeks"":2}]",False,0.006477000017184764,B
236,MI-C,FST-MI-40,all,candidate_active,True,False,,"[{""target"":""T2P"",""magnitude"":0.6,""start_week"":12,""duration_weeks"":4,""recovery_weeks"":3},{""target"":""demand"",""magnitude"":0.4,""start_week"":12,""duration_weeks"":4,""recovery_weeks"":2}]",False,0.00718880002386868,B
237,MI-C,FST-MI-40,moderate,singleton,False,False,0,"[{""target"":""T2P"",""magnitude"":0.6,""start_week"":12,""duration_weeks"":4,""recovery_weeks"":3}]",True,0.0,B
238,MI-C,FST-MI-40,moderate,singleton,False,False,1,"[{""target"":""demand"",""magnitude"":0.4,""start_week"":12,""duration_weeks"":4,""recovery_weeks"":2}]",True,0.0,B
239,MI-C,FST-MI-40,moderate,upstream_node_deletion,False,False,1,"[{""target"":""demand"",""magnitude"":0.4,""start_week"":12,""duration_weeks"":4,""recovery_weeks"":2}]",True,0.0,B
240,MI-C,FST-MI-40,moderate,direct_impact,False,True,0;1,"[{""target"":""T2P"",""magnitude"":0.6,""start_week"":12,""duration_weeks"":4,""recovery_weeks"":3},{""target"":""demand"",""magnitude"":0.4,""start_week"":12,""duration_weeks"":4,""recovery_weeks"":2}]",False,0.0037697000079788268,B
241,MI-C,FST-MI-40,severe,singleton,False,False,0,"[{""target"":""T2P"",""magnitude"":0.6,""start_week"":12,""duration_weeks"":4,""recovery_weeks"":3}]",True,0.0,B
242,MI-C,FST-MI-40,severe,singleton,False,False,1,"[{""target"":""demand"",""magnitude"":0.4,""start_week"":12,""duration_weeks"":4,""recovery_weeks"":2}]",True,0.0,B
243,MI-C,FST-MI-40,severe,upstream_node_deletion,False,False,1,"[{""target"":""demand"",""magnitude"":0.4,""start_week"":12,""duration_weeks"":4,""recovery_weeks"":2}]",True,0.0,B
244,MI-C,FST-MI-40,severe,direct_impact,False,True,0;1,"[{""target"":""T2P"",""magnitude"":0.6,""start_week"":12,""duration_weeks"":4,""recovery_weeks"":3},{""target"":""demand"",""magnitude"":0.4,""start_week"":12,""duration_weeks"":4,""recovery_weeks"":2}]",True,0.0,B
245,MI-C,FST-MI-41,all,candidate_passive,False,False,,"[{""target"":""T2P"",""magnitude"":0.3,""start_week"":12,""duration_weeks"":3,""recovery_weeks"":3},{""target"":""corridor"",""magnitude"":0.5,""start_week"":15,""duration_weeks"":2,""recovery_weeks"":3}]",False,0.004128100001253188,B
246,MI-C,FST-MI-41,all,candidate_active,True,False,,"[{""target"":""T2P"",""magnitude"":0.3,""start_week"":12,""duration_weeks"":3,""recovery_weeks"":3},{""target"":""corridor"",""magnitude"":0.5,""start_week"":15,""duration_weeks"":2,""recovery_weeks"":3}]",False,0.0047432000283151865,B
247,MI-C,FST-MI-41,moderate,singleton,False,False,0,"[{""target"":""T2P"",""magnitude"":0.3,""start_week"":12,""duration_weeks"":3,""recovery_weeks"":3}]",False,0.003581899974960834,B
248,MI-C,FST-MI-41,moderate,singleton,False,False,1,"[{""target"":""corridor"",""magnitude"":0.5,""start_week"":15,""duration_weeks"":2,""recovery_weeks"":3}]",False,0.0034425999619998038,B
249,MI-C,FST-MI-41,moderate,upstream_node_deletion,False,False,1,"[{""target"":""corridor"",""magnitude"":0.5,""start_week"":15,""duration_weeks"":2,""recovery_weeks"":3}]",True,0.0,B
250,MI-C,FST-MI-41,moderate,direct_impact,False,True,0;1,"[{""target"":""T2P"",""magnitude"":0.3,""start_week"":12,""duration_weeks"":3,""recovery_weeks"":3},{""target"":""corridor"",""magnitude"":0.5,""start_week"":15,""duration_weeks"":2,""recovery_weeks"":3}]",False,0.005086399964056909,B
251,MI-C,FST-MI-41,moderate,later_event_deletion,False,False,0,"[{""target"":""T2P"",""magnitude"":0.3,""start_week"":12,""duration_weeks"":3,""recovery_weeks"":3}]",True,0.0,B
252,MI-C,FST-MI-41,severe,singleton,False,False,0,"[{""target"":""T2P"",""magnitude"":0.3,""start_week"":12,""duration_weeks"":3,""recovery_weeks"":3}]",True,0.0,B
253,MI-C,FST-MI-41,severe,singleton,False,False,1,"[{""target"":""corridor"",""magnitude"":0.5,""start_week"":15,""duration_weeks"":2,""recovery_weeks"":3}]",True,0.0,B
254,MI-C,FST-MI-41,severe,upstream_node_deletion,False,False,1,"[{""target"":""corridor"",""magnitude"":0.5,""start_week"":15,""duration_weeks"":2,""recovery_weeks"":3}]",True,0.0,B
255,MI-C,FST-MI-41,severe,direct_impact,False,True,0;1,"[{""target"":""T2P"",""magnitude"":0.3,""start_week"":12,""duration_weeks"":3,""recovery_weeks"":3},{""target"":""corridor"",""magnitude"":0.5,""start_week"":15,""duration_weeks"":2,""recovery_weeks"":3}]",True,0.0,B
256,MI-C,FST-MI-41,severe,later_event_deletion,False,False,0,"[{""target"":""T2P"",""magnitude"":0.3,""start_week"":12,""duration_weeks"":3,""recovery_weeks"":3}]",True,0.0,B
257,MI-C,FST-MI-42,all,candidate_passive,False,False,,"[{""target"":""T2P"",""magnitude"":0.4,""start_week"":12,""duration_weeks"":3,""recovery_weeks"":3},{""target"":""corridor"",""magnitude"":0.5,""start_week"":15,""duration_weeks"":2,""recovery_weeks"":3}]",False,0.007769400021061301,B
258,MI-C,FST-MI-42,all,candidate_active,True,False,,"[{""target"":""T2P"",""magnitude"":0.4,""start_week"":12,""duration_weeks"":3,""recovery_weeks"":3},{""target"":""corridor"",""magnitude"":0.5,""start_week"":15,""duration_weeks"":2,""recovery_weeks"":3}]",False,0.004991800000425428,B
259,MI-C,FST-MI-42,moderate,singleton,False,False,0,"[{""target"":""T2P"",""magnitude"":0.4,""start_week"":12,""duration_weeks"":3,""recovery_weeks"":3}]",False,0.0036353999748826027,B
260,MI-C,FST-MI-42,moderate,singleton,False,False,1,"[{""target"":""corridor"",""magnitude"":0.5,""start_week"":15,""duration_weeks"":2,""recovery_weeks"":3}]",True,0.0,B
261,MI-C,FST-MI-42,moderate,upstream_node_deletion,False,False,1,"[{""target"":""corridor"",""magnitude"":0.5,""start_week"":15,""duration_weeks"":2,""recovery_weeks"":3}]",True,0.0,B
262,MI-C,FST-MI-42,moderate,direct_impact,False,True,0;1,"[{""target"":""T2P"",""magnitude"":0.4,""start_week"":12,""duration_weeks"":3,""recovery_weeks"":3},{""target"":""corridor"",""magnitude"":0.5,""start_week"":15,""duration_weeks"":2,""recovery_weeks"":3}]",False,0.004162099969107658,B
263,MI-C,FST-MI-42,moderate,later_event_deletion,False,False,0,"[{""target"":""T2P"",""magnitude"":0.4,""start_week"":12,""duration_weeks"":3,""recovery_weeks"":3}]",True,0.0,B
264,MI-C,FST-MI-42,severe,singleton,False,False,0,"[{""target"":""T2P"",""magnitude"":0.4,""start_week"":12,""duration_weeks"":3,""recovery_weeks"":3}]",True,0.0,B
265,MI-C,FST-MI-42,severe,singleton,False,False,1,"[{""target"":""corridor"",""magnitude"":0.5,""start_week"":15,""duration_weeks"":2,""recovery_weeks"":3}]",True,0.0,B
266,MI-C,FST-MI-42,severe,upstream_node_deletion,False,False,1,"[{""target"":""corridor"",""magnitude"":0.5,""start_week"":15,""duration_weeks"":2,""recovery_weeks"":3}]",True,0.0,B
267,MI-C,FST-MI-42,severe,direct_impact,False,True,0;1,"[{""target"":""T2P"",""magnitude"":0.4,""start_week"":12,""duration_weeks"":3,""recovery_weeks"":3},{""target"":""corridor"",""magnitude"":0.5,""start_week"":15,""duration_weeks"":2,""recovery_weeks"":3}]",True,0.0,B
268,MI-C,FST-MI-42,severe,later_event_deletion,False,False,0,"[{""target"":""T2P"",""magnitude"":0.4,""start_week"":12,""duration_weeks"":3,""recovery_weeks"":3}]",True,0.0,B
269,MI-C,FST-MI-43,all,candidate_passive,False,False,,"[{""target"":""T2P"",""magnitude"":0.5,""start_week"":12,""duration_weeks"":3,""recovery_weeks"":3},{""target"":""corridor"",""magnitude"":0.5,""start_week"":15,""duration_weeks"":2,""recovery_weeks"":3}]",False,0.004433699999935925,B
270,MI-C,FST-MI-43,all,candidate_active,True,False,,"[{""target"":""T2P"",""magnitude"":0.5,""start_week"":12,""duration_weeks"":3,""recovery_weeks"":3},{""target"":""corridor"",""magnitude"":0.5,""start_week"":15,""duration_weeks"":2,""recovery_weeks"":3}]",False,0.004264999995939434,B
271,MI-C,FST-MI-43,moderate,singleton,False,False,0,"[{""target"":""T2P"",""magnitude"":0.5,""start_week"":12,""duration_weeks"":3,""recovery_weeks"":3}]",True,0.0,B
272,MI-C,FST-MI-43,moderate,singleton,False,False,1,"[{""target"":""corridor"",""magnitude"":0.5,""start_week"":15,""duration_weeks"":2,""recovery_weeks"":3}]",True,0.0,B
273,MI-C,FST-MI-43,moderate,upstream_node_deletion,False,False,1,"[{""target"":""corridor"",""magnitude"":0.5,""start_week"":15,""duration_weeks"":2,""recovery_weeks"":3}]",True,0.0,B
274,MI-C,FST-MI-43,moderate,direct_impact,False,True,0;1,"[{""target"":""T2P"",""magnitude"":0.5,""start_week"":12,""duration_weeks"":3,""recovery_weeks"":3},{""target"":""corridor"",""magnitude"":0.5,""start_week"":15,""duration_weeks"":2,""recovery_weeks"":3}]",False,0.004839800007175654,B
275,MI-C,FST-MI-43,moderate,later_event_deletion,False,False,0,"[{""target"":""T2P"",""magnitude"":0.5,""start_week"":12,""duration_weeks"":3,""recovery_weeks"":3}]",True,0.0,B
276,MI-C,FST-MI-43,severe,singleton,False,False,0,"[{""target"":""T2P"",""magnitude"":0.5,""start_week"":12,""duration_weeks"":3,""recovery_weeks"":3}]",True,0.0,B
277,MI-C,FST-MI-43,severe,singleton,False,False,1,"[{""target"":""corridor"",""magnitude"":0.5,""start_week"":15,""duration_weeks"":2,""recovery_weeks"":3}]",True,0.0,B
278,MI-C,FST-MI-43,severe,upstream_node_deletion,False,False,1,"[{""target"":""corridor"",""magnitude"":0.5,""start_week"":15,""duration_weeks"":2,""recovery_weeks"":3}]",True,0.0,B
279,MI-C,FST-MI-43,severe,direct_impact,False,True,0;1,"[{""target"":""T2P"",""magnitude"":0.5,""start_week"":12,""duration_weeks"":3,""recovery_weeks"":3},{""target"":""corridor"",""magnitude"":0.5,""start_week"":15,""duration_weeks"":2,""recovery_weeks"":3}]",True,0.0,B
280,MI-C,FST-MI-43,severe,later_event_deletion,False,False,0,"[{""target"":""T2P"",""magnitude"":0.5,""start_week"":12,""duration_weeks"":3,""recovery_weeks"":3}]",True,0.0,B
281,MI-C,FST-MI-44,all,candidate_passive,False,False,,"[{""target"":""T2P"",""magnitude"":0.6,""start_week"":12,""duration_weeks"":3,""recovery_weeks"":3},{""target"":""corridor"",""magnitude"":0.5,""start_week"":15,""duration_weeks"":2,""recovery_weeks"":3}]",False,0.004381900012958795,B
282,MI-C,FST-MI-44,all,candidate_active,True,False,,"[{""target"":""T2P"",""magnitude"":0.6,""start_week"":12,""duration_weeks"":3,""recovery_weeks"":3},{""target"":""corridor"",""magnitude"":0.5,""start_week"":15,""duration_weeks"":2,""recovery_weeks"":3}]",False,0.004095400043297559,B
283,MI-C,FST-MI-44,moderate,singleton,False,False,0,"[{""target"":""T2P"",""magnitude"":0.6,""start_week"":12,""duration_weeks"":3,""recovery_weeks"":3}]",False,0.0034405000042170286,B
284,MI-C,FST-MI-44,moderate,singleton,False,False,1,"[{""target"":""corridor"",""magnitude"":0.5,""start_week"":15,""duration_weeks"":2,""recovery_weeks"":3}]",True,0.0,B
285,MI-C,FST-MI-44,moderate,upstream_node_deletion,False,False,1,"[{""target"":""corridor"",""magnitude"":0.5,""start_week"":15,""duration_weeks"":2,""recovery_weeks"":3}]",True,0.0,B
286,MI-C,FST-MI-44,moderate,direct_impact,False,True,0;1,"[{""target"":""T2P"",""magnitude"":0.6,""start_week"":12,""duration_weeks"":3,""recovery_weeks"":3},{""target"":""corridor"",""magnitude"":0.5,""start_week"":15,""duration_weeks"":2,""recovery_weeks"":3}]",False,0.004328400013037026,B
287,MI-C,FST-MI-44,moderate,later_event_deletion,False,False,0,"[{""target"":""T2P"",""magnitude"":0.6,""start_week"":12,""duration_weeks"":3,""recovery_weeks"":3}]",True,0.0,B
288,MI-C,FST-MI-44,severe,singleton,False,False,0,"[{""target"":""T2P"",""magnitude"":0.6,""start_week"":12,""duration_weeks"":3,""recovery_weeks"":3}]",True,0.0,B
289,MI-C,FST-MI-44,severe,singleton,False,False,1,"[{""target"":""corridor"",""magnitude"":0.5,""start_week"":15,""duration_weeks"":2,""recovery_weeks"":3}]",True,0.0,B
290,MI-C,FST-MI-44,severe,upstream_node_deletion,False,False,1,"[{""target"":""corridor"",""magnitude"":0.5,""start_week"":15,""duration_weeks"":2,""recovery_weeks"":3}]",True,0.0,B
291,MI-C,FST-MI-44,severe,direct_impact,False,True,0;1,"[{""target"":""T2P"",""magnitude"":0.6,""start_week"":12,""duration_weeks"":3,""recovery_weeks"":3},{""target"":""corridor"",""magnitude"":0.5,""start_week"":15,""duration_weeks"":2,""recovery_weeks"":3}]",True,0.0,B
292,MI-C,FST-MI-44,severe,later_event_deletion,False,False,0,"[{""target"":""T2P"",""magnitude"":0.6,""start_week"":12,""duration_weeks"":3,""recovery_weeks"":3}]",True,0.0,B
293,MI-C,FST-MI-45,all,candidate_passive,False,False,,"[{""target"":""T2P"",""magnitude"":0.7,""start_week"":12,""duration_weeks"":3,""recovery_weeks"":3},{""target"":""corridor"",""magnitude"":0.5,""start_week"":15,""duration_weeks"":2,""recovery_weeks"":3}]",False,0.004864700022153556,B
294,MI-C,FST-MI-45,all,candidate_active,True,False,,"[{""target"":""T2P"",""magnitude"":0.7,""start_week"":12,""duration_weeks"":3,""recovery_weeks"":3},{""target"":""corridor"",""magnitude"":0.5,""start_week"":15,""duration_weeks"":2,""recovery_weeks"":3}]",False,0.0041714999824762344,B
295,MI-C,FST-MI-45,moderate,singleton,False,False,0,"[{""target"":""T2P"",""magnitude"":0.7,""start_week"":12,""duration_weeks"":3,""recovery_weeks"":3}]",False,0.003474000026471913,B
296,MI-C,FST-MI-45,moderate,singleton,False,False,1,"[{""target"":""corridor"",""magnitude"":0.5,""start_week"":15,""duration_weeks"":2,""recovery_weeks"":3}]",True,0.0,B
297,MI-C,FST-MI-45,moderate,upstream_node_deletion,False,False,1,"[{""target"":""corridor"",""magnitude"":0.5,""start_week"":15,""duration_weeks"":2,""recovery_weeks"":3}]",True,0.0,B
298,MI-C,FST-MI-45,moderate,direct_impact,False,True,0;1,"[{""target"":""T2P"",""magnitude"":0.7,""start_week"":12,""duration_weeks"":3,""recovery_weeks"":3},{""target"":""corridor"",""magnitude"":0.5,""start_week"":15,""duration_weeks"":2,""recovery_weeks"":3}]",False,0.0044787999941036105,B
299,MI-C,FST-MI-45,moderate,later_event_deletion,False,False,0,"[{""target"":""T2P"",""magnitude"":0.7,""start_week"":12,""duration_weeks"":3,""recovery_weeks"":3}]",True,0.0,B
300,MI-C,FST-MI-45,severe,singleton,False,False,0,"[{""target"":""T2P"",""magnitude"":0.7,""start_week"":12,""duration_weeks"":3,""recovery_weeks"":3}]",True,0.0,B
301,MI-C,FST-MI-45,severe,singleton,False,False,1,"[{""target"":""corridor"",""magnitude"":0.5,""start_week"":15,""duration_weeks"":2,""recovery_weeks"":3}]",True,0.0,B
302,MI-C,FST-MI-45,severe,upstream_node_deletion,False,False,1,"[{""target"":""corridor"",""magnitude"":0.5,""start_week"":15,""duration_weeks"":2,""recovery_weeks"":3}]",True,0.0,B
303,MI-C,FST-MI-45,severe,direct_impact,False,True,0;1,"[{""target"":""T2P"",""magnitude"":0.7,""start_week"":12,""duration_weeks"":3,""recovery_weeks"":3},{""target"":""corridor"",""magnitude"":0.5,""start_week"":15,""duration_weeks"":2,""recovery_weeks"":3}]",True,0.0,B
304,MI-C,FST-MI-45,severe,later_event_deletion,False,False,0,"[{""target"":""T2P"",""magnitude"":0.7,""start_week"":12,""duration_weeks"":3,""recovery_weeks"":3}]",True,0.0,B
305,MI-C,FST-MI-46,all,candidate_passive,False,False,,"[{""target"":""corridor"",""magnitude"":0.3,""start_week"":12,""duration_weeks"":3,""recovery_weeks"":3},{""target"":""T2P"",""magnitude"":0.5,""start_week"":15,""duration_weeks"":2,""recovery_weeks"":3}]",False,0.00775180000346154,B
306,MI-C,FST-MI-46,all,candidate_active,True,False,,"[{""target"":""corridor"",""magnitude"":0.3,""start_week"":12,""duration_weeks"":3,""recovery_weeks"":3},{""target"":""T2P"",""magnitude"":0.5,""start_week"":15,""duration_weeks"":2,""recovery_weeks"":3}]",False,0.006293200014624745,B
307,MI-C,FST-MI-46,moderate,singleton,False,False,0,"[{""target"":""corridor"",""magnitude"":0.3,""start_week"":12,""duration_weeks"":3,""recovery_weeks"":3}]",False,0.0035238999989815056,B
308,MI-C,FST-MI-46,moderate,singleton,False,False,1,"[{""target"":""T2P"",""magnitude"":0.5,""start_week"":15,""duration_weeks"":2,""recovery_weeks"":3}]",False,0.003659200039692223,B
309,MI-C,FST-MI-46,moderate,upstream_node_deletion,False,False,0,"[{""target"":""corridor"",""magnitude"":0.3,""start_week"":12,""duration_weeks"":3,""recovery_weeks"":3}]",True,0.0,B
310,MI-C,FST-MI-46,moderate,direct_impact,False,True,0;1,"[{""target"":""corridor"",""magnitude"":0.3,""start_week"":12,""duration_weeks"":3,""recovery_weeks"":3},{""target"":""T2P"",""magnitude"":0.5,""start_week"":15,""duration_weeks"":2,""recovery_weeks"":3}]",False,0.005369399965275079,B
311,MI-C,FST-MI-46,moderate,later_event_deletion,False,False,0,"[{""target"":""corridor"",""magnitude"":0.3,""start_week"":12,""duration_weeks"":3,""recovery_weeks"":3}]",True,0.0,B
312,MI-C,FST-MI-47,all,candidate_passive,False,False,,"[{""target"":""corridor"",""magnitude"":0.4,""start_week"":12,""duration_weeks"":3,""recovery_weeks"":3},{""target"":""T2P"",""magnitude"":0.5,""start_week"":15,""duration_weeks"":2,""recovery_weeks"":3}]",False,0.0064144000061787665,B
313,MI-C,FST-MI-47,all,candidate_active,True,False,,"[{""target"":""corridor"",""magnitude"":0.4,""start_week"":12,""duration_weeks"":3,""recovery_weeks"":3},{""target"":""T2P"",""magnitude"":0.5,""start_week"":15,""duration_weeks"":2,""recovery_weeks"":3}]",False,0.007975900021847337,B
314,MI-C,FST-MI-47,moderate,singleton,False,False,0,"[{""target"":""corridor"",""magnitude"":0.4,""start_week"":12,""duration_weeks"":3,""recovery_weeks"":3}]",False,0.00675159995444119,B
315,MI-C,FST-MI-47,severe,singleton,False,False,0,"[{""target"":""corridor"",""magnitude"":0.4,""start_week"":12,""duration_weeks"":3,""recovery_weeks"":3}]",True,0.0,B
316,MI-C,FST-MI-47,severe,singleton,False,False,1,"[{""target"":""T2P"",""magnitude"":0.5,""start_week"":15,""duration_weeks"":2,""recovery_weeks"":3}]",True,0.0,B
317,MI-C,FST-MI-47,severe,upstream_node_deletion,False,False,0,"[{""target"":""corridor"",""magnitude"":0.4,""start_week"":12,""duration_weeks"":3,""recovery_weeks"":3}]",True,0.0,B
318,MI-C,FST-MI-47,severe,direct_impact,False,True,0;1,"[{""target"":""corridor"",""magnitude"":0.4,""start_week"":12,""duration_weeks"":3,""recovery_weeks"":3},{""target"":""T2P"",""magnitude"":0.5,""start_week"":15,""duration_weeks"":2,""recovery_weeks"":3}]",False,0.008053399971686304,B
319,MI-C,FST-MI-47,severe,later_event_deletion,False,False,0,"[{""target"":""corridor"",""magnitude"":0.4,""start_week"":12,""duration_weeks"":3,""recovery_weeks"":3}]",True,0.0,B
320,MI-C,FST-MI-48,all,candidate_passive,False,False,,"[{""target"":""corridor"",""magnitude"":0.5,""start_week"":12,""duration_weeks"":3,""recovery_weeks"":3},{""target"":""T2P"",""magnitude"":0.5,""start_week"":15,""duration_weeks"":2,""recovery_weeks"":3}]",False,0.007930800027679652,B
321,MI-C,FST-MI-48,all,candidate_active,True,False,,"[{""target"":""corridor"",""magnitude"":0.5,""start_week"":12,""duration_weeks"":3,""recovery_weeks"":3},{""target"":""T2P"",""magnitude"":0.5,""start_week"":15,""duration_weeks"":2,""recovery_weeks"":3}]",False,0.007875800016336143,B
322,MI-C,FST-MI-48,moderate,singleton,False,False,0,"[{""target"":""corridor"",""magnitude"":0.5,""start_week"":12,""duration_weeks"":3,""recovery_weeks"":3}]",False,0.006765400001313537,B
323,MI-C,FST-MI-48,severe,singleton,False,False,0,"[{""target"":""corridor"",""magnitude"":0.5,""start_week"":12,""duration_weeks"":3,""recovery_weeks"":3}]",True,0.0,B
324,MI-C,FST-MI-48,severe,singleton,False,False,1,"[{""target"":""T2P"",""magnitude"":0.5,""start_week"":15,""duration_weeks"":2,""recovery_weeks"":3}]",True,0.0,B
325,MI-C,FST-MI-48,severe,upstream_node_deletion,False,False,0,"[{""target"":""corridor"",""magnitude"":0.5,""start_week"":12,""duration_weeks"":3,""recovery_weeks"":3}]",True,0.0,B
326,MI-C,FST-MI-48,severe,direct_impact,False,True,0;1,"[{""target"":""corridor"",""magnitude"":0.5,""start_week"":12,""duration_weeks"":3,""recovery_weeks"":3},{""target"":""T2P"",""magnitude"":0.5,""start_week"":15,""duration_weeks"":2,""recovery_weeks"":3}]",False,0.006881199951749295,B
327,MI-C,FST-MI-48,severe,later_event_deletion,False,False,0,"[{""target"":""corridor"",""magnitude"":0.5,""start_week"":12,""duration_weeks"":3,""recovery_weeks"":3}]",True,0.0,B
328,MI-C,FST-MI-49,all,candidate_passive,False,False,,"[{""target"":""corridor"",""magnitude"":0.6,""start_week"":12,""duration_weeks"":3,""recovery_weeks"":3},{""target"":""T2P"",""magnitude"":0.5,""start_week"":15,""duration_weeks"":2,""recovery_weeks"":3}]",False,0.007734699989669025,B
329,MI-C,FST-MI-49,all,candidate_active,True,False,,"[{""target"":""corridor"",""magnitude"":0.6,""start_week"":12,""duration_weeks"":3,""recovery_weeks"":3},{""target"":""T2P"",""magnitude"":0.5,""start_week"":15,""duration_weeks"":2,""recovery_weeks"":3}]",False,0.007174100028350949,B
330,MI-C,FST-MI-49,moderate,singleton,False,False,0,"[{""target"":""corridor"",""magnitude"":0.6,""start_week"":12,""duration_weeks"":3,""recovery_weeks"":3}]",False,0.0035241000005044043,B
331,MI-C,FST-MI-49,severe,singleton,False,False,0,"[{""target"":""corridor"",""magnitude"":0.6,""start_week"":12,""duration_weeks"":3,""recovery_weeks"":3}]",True,0.0,B
332,MI-C,FST-MI-49,severe,singleton,False,False,1,"[{""target"":""T2P"",""magnitude"":0.5,""start_week"":15,""duration_weeks"":2,""recovery_weeks"":3}]",True,0.0,B
333,MI-C,FST-MI-49,severe,upstream_node_deletion,False,False,0,"[{""target"":""corridor"",""magnitude"":0.6,""start_week"":12,""duration_weeks"":3,""recovery_weeks"":3}]",True,0.0,B
334,MI-C,FST-MI-49,severe,direct_impact,False,True,0;1,"[{""target"":""corridor"",""magnitude"":0.6,""start_week"":12,""duration_weeks"":3,""recovery_weeks"":3},{""target"":""T2P"",""magnitude"":0.5,""start_week"":15,""duration_weeks"":2,""recovery_weeks"":3}]",False,0.004463899997062981,B
335,MI-C,FST-MI-49,severe,later_event_deletion,False,False,0,"[{""target"":""corridor"",""magnitude"":0.6,""start_week"":12,""duration_weeks"":3,""recovery_weeks"":3}]",True,0.0,B
336,MI-C,FST-MI-50,all,candidate_passive,False,False,,"[{""target"":""corridor"",""magnitude"":0.7,""start_week"":12,""duration_weeks"":3,""recovery_weeks"":3},{""target"":""T2P"",""magnitude"":0.5,""start_week"":15,""duration_weeks"":2,""recovery_weeks"":3}]",False,0.0049094000132754445,B
337,MI-C,FST-MI-50,all,candidate_active,True,False,,"[{""target"":""corridor"",""magnitude"":0.7,""start_week"":12,""duration_weeks"":3,""recovery_weeks"":3},{""target"":""T2P"",""magnitude"":0.5,""start_week"":15,""duration_weeks"":2,""recovery_weeks"":3}]",False,0.004185200028587133,B
338,MI-C,FST-MI-50,moderate,singleton,False,False,0,"[{""target"":""corridor"",""magnitude"":0.7,""start_week"":12,""duration_weeks"":3,""recovery_weeks"":3}]",False,0.006028399977367371,B
339,MI-C,FST-MI-50,severe,singleton,False,False,0,"[{""target"":""corridor"",""magnitude"":0.7,""start_week"":12,""duration_weeks"":3,""recovery_weeks"":3}]",True,0.0,B
340,MI-C,FST-MI-50,severe,singleton,False,False,1,"[{""target"":""T2P"",""magnitude"":0.5,""start_week"":15,""duration_weeks"":2,""recovery_weeks"":3}]",True,0.0,B
341,MI-C,FST-MI-50,severe,upstream_node_deletion,False,False,0,"[{""target"":""corridor"",""magnitude"":0.7,""start_week"":12,""duration_weeks"":3,""recovery_weeks"":3}]",True,0.0,B
342,MI-C,FST-MI-50,severe,direct_impact,False,True,0;1,"[{""target"":""corridor"",""magnitude"":0.7,""start_week"":12,""duration_weeks"":3,""recovery_weeks"":3},{""target"":""T2P"",""magnitude"":0.5,""start_week"":15,""duration_weeks"":2,""recovery_weeks"":3}]",False,0.007918499992229044,B
343,MI-C,FST-MI-50,severe,later_event_deletion,False,False,0,"[{""target"":""corridor"",""magnitude"":0.7,""start_week"":12,""duration_weeks"":3,""recovery_weeks"":3}]",True,0.0,B
1,MI-M,FST-MI-01,all,candidate_passive,False,False,,"[{""target"":""S1A"",""magnitude"":0.5,""start_week"":12,""duration_weeks"":4,""recovery_weeks"":3}]",False,0.007226700021419674,B
2,MI-M,FST-MI-01,all,candidate_active,True,False,,"[{""target"":""S1A"",""magnitude"":0.5,""start_week"":12,""duration_weeks"":4,""recovery_weeks"":3}]",False,0.007131599995773286,B
3,MI-M,FST-MI-01,moderate,singleton,False,False,0,"[{""target"":""S1A"",""magnitude"":0.5,""start_week"":12,""duration_weeks"":4,""recovery_weeks"":3}]",True,0.0,B
4,MI-M,FST-MI-02,all,candidate_passive,False,False,,"[{""target"":""S1A"",""magnitude"":0.7,""start_week"":12,""duration_weeks"":4,""recovery_weeks"":3}]",False,0.007917099981568754,B
5,MI-M,FST-MI-02,all,candidate_active,True,False,,"[{""target"":""S1A"",""magnitude"":0.7,""start_week"":12,""duration_weeks"":4,""recovery_weeks"":3}]",False,0.0070395999937318265,B
6,MI-M,FST-MI-02,moderate,singleton,False,False,0,"[{""target"":""S1A"",""magnitude"":0.7,""start_week"":12,""duration_weeks"":4,""recovery_weeks"":3}]",True,0.0,B
7,MI-M,FST-MI-03,all,candidate_passive,False,False,,"[{""target"":""S1B"",""magnitude"":0.5,""start_week"":12,""duration_weeks"":4,""recovery_weeks"":3}]",False,0.0035791000118479133,B
8,MI-M,FST-MI-03,all,candidate_active,True,False,,"[{""target"":""S1B"",""magnitude"":0.5,""start_week"":12,""duration_weeks"":4,""recovery_weeks"":3}]",False,0.0038864000234752893,B
9,MI-M,FST-MI-03,moderate,singleton,False,False,0,"[{""target"":""S1B"",""magnitude"":0.5,""start_week"":12,""duration_weeks"":4,""recovery_weeks"":3}]",True,0.0,B
10,MI-M,FST-MI-04,all,candidate_passive,False,False,,"[{""target"":""S1B"",""magnitude"":0.7,""start_week"":12,""duration_weeks"":4,""recovery_weeks"":3}]",False,0.00633540004491806,B
11,MI-M,FST-MI-04,all,candidate_active,True,False,,"[{""target"":""S1B"",""magnitude"":0.7,""start_week"":12,""duration_weeks"":4,""recovery_weeks"":3}]",False,0.007303300022613257,B
12,MI-M,FST-MI-04,moderate,singleton,False,False,0,"[{""target"":""S1B"",""magnitude"":0.7,""start_week"":12,""duration_weeks"":4,""recovery_weeks"":3}]",True,0.0,B
13,MI-M,FST-MI-05,all,candidate_passive,False,False,,"[{""target"":""S1C"",""magnitude"":0.5,""start_week"":12,""duration_weeks"":4,""recovery_weeks"":3}]",False,0.007173400023020804,B
14,MI-M,FST-MI-05,all,candidate_active,True,False,,"[{""target"":""S1C"",""magnitude"":0.5,""start_week"":12,""duration_weeks"":4,""recovery_weeks"":3}]",False,0.007662599964533001,B
15,MI-M,FST-MI-05,moderate,singleton,False,False,0,"[{""target"":""S1C"",""magnitude"":0.5,""start_week"":12,""duration_weeks"":4,""recovery_weeks"":3}]",True,0.0,B
16,MI-M,FST-MI-06,all,candidate_passive,False,False,,"[{""target"":""S1C"",""magnitude"":0.7,""start_week"":12,""duration_weeks"":4,""recovery_weeks"":3}]",False,0.007321200042497367,B
17,MI-M,FST-MI-06,all,candidate_active,True,False,,"[{""target"":""S1C"",""magnitude"":0.7,""start_week"":12,""duration_weeks"":4,""recovery_weeks"":3}]",False,0.005723699985537678,B
18,MI-M,FST-MI-06,moderate,singleton,False,False,0,"[{""target"":""S1C"",""magnitude"":0.7,""start_week"":12,""duration_weeks"":4,""recovery_weeks"":3}]",True,0.0,B
19,MI-M,FST-MI-07,all,candidate_passive,False,False,,"[{""target"":""T2P"",""magnitude"":0.2,""start_week"":12,""duration_weeks"":3,""recovery_weeks"":3}]",False,0.006357100035529584,B
20,MI-M,FST-MI-08,all,candidate_passive,False,False,,"[{""target"":""T2P"",""magnitude"":0.2,""start_week"":12,""duration_weeks"":6,""recovery_weeks"":3}]",False,0.00695910002104938,B
21,MI-M,FST-MI-09,all,candidate_passive,False,False,,"[{""target"":""T2P"",""magnitude"":0.35,""start_week"":12,""duration_weeks"":3,""recovery_weeks"":3}]",False,0.007144499977584928,B
22,MI-M,FST-MI-09,all,candidate_active,True,False,,"[{""target"":""T2P"",""magnitude"":0.35,""start_week"":12,""duration_weeks"":3,""recovery_weeks"":3}]",False,0.006893399986438453,B
23,MI-M,FST-MI-09,moderate,singleton,False,False,0,"[{""target"":""T2P"",""magnitude"":0.35,""start_week"":12,""duration_weeks"":3,""recovery_weeks"":3}]",True,0.0,B
24,MI-M,FST-MI-09,moderate,upstream_node_deletion,False,False,,[],False,0.003328600025270134,B
25,MI-M,FST-MI-09,moderate,direct_impact,False,True,0,"[{""target"":""T2P"",""magnitude"":0.35,""start_week"":12,""duration_weeks"":3,""recovery_weeks"":3}]",False,0.005204099987167865,B
26,MI-M,FST-MI-10,all,candidate_passive,False,False,,"[{""target"":""T2P"",""magnitude"":0.35,""start_week"":12,""duration_weeks"":6,""recovery_weeks"":3}]",False,0.007109800004400313,B
27,MI-M,FST-MI-10,all,candidate_active,True,False,,"[{""target"":""T2P"",""magnitude"":0.35,""start_week"":12,""duration_weeks"":6,""recovery_weeks"":3}]",False,0.007091099978424609,B
28,MI-M,FST-MI-10,moderate,singleton,False,False,0,"[{""target"":""T2P"",""magnitude"":0.35,""start_week"":12,""duration_weeks"":6,""recovery_weeks"":3}]",True,0.0,B
29,MI-M,FST-MI-10,moderate,upstream_node_deletion,False,False,,[],True,0.0,B
30,MI-M,FST-MI-10,moderate,direct_impact,False,True,0,"[{""target"":""T2P"",""magnitude"":0.35,""start_week"":12,""duration_weeks"":6,""recovery_weeks"":3}]",False,0.005165699985809624,B
31,MI-M,FST-MI-11,all,candidate_passive,False,False,,"[{""target"":""T2P"",""magnitude"":0.5,""start_week"":12,""duration_weeks"":3,""recovery_weeks"":3}]",False,0.007121899980120361,B
32,MI-M,FST-MI-11,all,candidate_active,True,False,,"[{""target"":""T2P"",""magnitude"":0.5,""start_week"":12,""duration_weeks"":3,""recovery_weeks"":3}]",False,0.006824799987953156,B
33,MI-M,FST-MI-11,moderate,singleton,False,False,0,"[{""target"":""T2P"",""magnitude"":0.5,""start_week"":12,""duration_weeks"":3,""recovery_weeks"":3}]",True,0.0,B
34,MI-M,FST-MI-11,moderate,upstream_node_deletion,False,False,,[],True,0.0,B
35,MI-M,FST-MI-11,moderate,direct_impact,False,True,0,"[{""target"":""T2P"",""magnitude"":0.5,""start_week"":12,""duration_weeks"":3,""recovery_weeks"":3}]",False,0.006944299966562539,B
36,MI-M,FST-MI-12,all,candidate_passive,False,False,,"[{""target"":""T2P"",""magnitude"":0.5,""start_week"":12,""duration_weeks"":6,""recovery_weeks"":3}]",False,0.006861799978651106,B
37,MI-M,FST-MI-12,all,candidate_active,True,False,,"[{""target"":""T2P"",""magnitude"":0.5,""start_week"":12,""duration_weeks"":6,""recovery_weeks"":3}]",False,0.006751200009603053,B
38,MI-M,FST-MI-12,moderate,singleton,False,False,0,"[{""target"":""T2P"",""magnitude"":0.5,""start_week"":12,""duration_weeks"":6,""recovery_weeks"":3}]",True,0.0,B
39,MI-M,FST-MI-12,moderate,upstream_node_deletion,False,False,,[],True,0.0,B
40,MI-M,FST-MI-12,moderate,direct_impact,False,True,0,"[{""target"":""T2P"",""magnitude"":0.5,""start_week"":12,""duration_weeks"":6,""recovery_weeks"":3}]",False,0.009592500049620867,B
41,MI-M,FST-MI-12,severe,singleton,False,False,0,"[{""target"":""T2P"",""magnitude"":0.5,""start_week"":12,""duration_weeks"":6,""recovery_weeks"":3}]",True,0.0,B
42,MI-M,FST-MI-12,severe,upstream_node_deletion,False,False,,[],True,0.0,B
43,MI-M,FST-MI-12,severe,direct_impact,False,True,0,"[{""target"":""T2P"",""magnitude"":0.5,""start_week"":12,""duration_weeks"":6,""recovery_weeks"":3}]",True,0.0,B
44,MI-M,FST-MI-13,all,candidate_passive,False,False,,"[{""target"":""T2P"",""magnitude"":0.65,""start_week"":12,""duration_weeks"":3,""recovery_weeks"":3}]",False,0.006588199990801513,B
45,MI-M,FST-MI-13,all,candidate_active,True,False,,"[{""target"":""T2P"",""magnitude"":0.65,""start_week"":12,""duration_weeks"":3,""recovery_weeks"":3}]",False,0.006564499984961003,B
46,MI-M,FST-MI-13,moderate,singleton,False,False,0,"[{""target"":""T2P"",""magnitude"":0.65,""start_week"":12,""duration_weeks"":3,""recovery_weeks"":3}]",True,0.0,B
47,MI-M,FST-MI-13,moderate,upstream_node_deletion,False,False,,[],True,0.0,B
48,MI-M,FST-MI-13,moderate,direct_impact,False,True,0,"[{""target"":""T2P"",""magnitude"":0.65,""start_week"":12,""duration_weeks"":3,""recovery_weeks"":3}]",False,0.010495199996512383,B
49,MI-M,FST-MI-13,severe,singleton,False,False,0,"[{""target"":""T2P"",""magnitude"":0.65,""start_week"":12,""duration_weeks"":3,""recovery_weeks"":3}]",True,0.0,B
50,MI-M,FST-MI-13,severe,upstream_node_deletion,False,False,,[],True,0.0,B
51,MI-M,FST-MI-13,severe,direct_impact,False,True,0,"[{""target"":""T2P"",""magnitude"":0.65,""start_week"":12,""duration_weeks"":3,""recovery_weeks"":3}]",True,0.0,B
52,MI-M,FST-MI-14,all,candidate_passive,False,False,,"[{""target"":""T2P"",""magnitude"":0.65,""start_week"":12,""duration_weeks"":6,""recovery_weeks"":3}]",False,0.007270500005688518,B
53,MI-M,FST-MI-14,all,candidate_active,True,False,,"[{""target"":""T2P"",""magnitude"":0.65,""start_week"":12,""duration_weeks"":6,""recovery_weeks"":3}]",False,0.004595000005792826,B
54,MI-M,FST-MI-14,moderate,singleton,False,False,0,"[{""target"":""T2P"",""magnitude"":0.65,""start_week"":12,""duration_weeks"":6,""recovery_weeks"":3}]",True,0.0,B
55,MI-M,FST-MI-14,moderate,upstream_node_deletion,False,False,,[],True,0.0,B
56,MI-M,FST-MI-14,moderate,direct_impact,False,True,0,"[{""target"":""T2P"",""magnitude"":0.65,""start_week"":12,""duration_weeks"":6,""recovery_weeks"":3}]",False,0.006798699963837862,B
57,MI-M,FST-MI-14,severe,singleton,False,False,0,"[{""target"":""T2P"",""magnitude"":0.65,""start_week"":12,""duration_weeks"":6,""recovery_weeks"":3}]",True,0.0,B
58,MI-M,FST-MI-14,severe,upstream_node_deletion,False,False,,[],True,0.0,B
59,MI-M,FST-MI-14,severe,direct_impact,False,True,0,"[{""target"":""T2P"",""magnitude"":0.65,""start_week"":12,""duration_weeks"":6,""recovery_weeks"":3}]",True,0.0,B
60,MI-M,FST-MI-15,all,candidate_passive,False,False,,"[{""target"":""T2P"",""magnitude"":0.8,""start_week"":12,""duration_weeks"":3,""recovery_weeks"":3}]",False,0.004342700005508959,B
61,MI-M,FST-MI-15,all,candidate_active,True,False,,"[{""target"":""T2P"",""magnitude"":0.8,""start_week"":12,""duration_weeks"":3,""recovery_weeks"":3}]",False,0.00621690001571551,B
62,MI-M,FST-MI-15,moderate,singleton,False,False,0,"[{""target"":""T2P"",""magnitude"":0.8,""start_week"":12,""duration_weeks"":3,""recovery_weeks"":3}]",True,0.0,B
63,MI-M,FST-MI-15,moderate,upstream_node_deletion,False,False,,[],True,0.0,B
64,MI-M,FST-MI-15,moderate,direct_impact,False,True,0,"[{""target"":""T2P"",""magnitude"":0.8,""start_week"":12,""duration_weeks"":3,""recovery_weeks"":3}]",False,0.006820900016464293,B
65,MI-M,FST-MI-15,severe,singleton,False,False,0,"[{""target"":""T2P"",""magnitude"":0.8,""start_week"":12,""duration_weeks"":3,""recovery_weeks"":3}]",True,0.0,B
66,MI-M,FST-MI-15,severe,upstream_node_deletion,False,False,,[],True,0.0,B
67,MI-M,FST-MI-15,severe,direct_impact,False,True,0,"[{""target"":""T2P"",""magnitude"":0.8,""start_week"":12,""duration_weeks"":3,""recovery_weeks"":3}]",True,0.0,B
68,MI-M,FST-MI-16,all,candidate_passive,False,False,,"[{""target"":""T2P"",""magnitude"":0.8,""start_week"":12,""duration_weeks"":6,""recovery_weeks"":3}]",False,0.006172600027639419,B
69,MI-M,FST-MI-16,all,candidate_active,True,False,,"[{""target"":""T2P"",""magnitude"":0.8,""start_week"":12,""duration_weeks"":6,""recovery_weeks"":3}]",False,0.004716399998869747,B
70,MI-M,FST-MI-16,moderate,singleton,False,False,0,"[{""target"":""T2P"",""magnitude"":0.8,""start_week"":12,""duration_weeks"":6,""recovery_weeks"":3}]",True,0.0,B
71,MI-M,FST-MI-16,moderate,upstream_node_deletion,False,False,,[],True,0.0,B
72,MI-M,FST-MI-16,moderate,direct_impact,False,True,0,"[{""target"":""T2P"",""magnitude"":0.8,""start_week"":12,""duration_weeks"":6,""recovery_weeks"":3}]",False,0.004302600049413741,B
73,MI-M,FST-MI-16,severe,singleton,False,False,0,"[{""target"":""T2P"",""magnitude"":0.8,""start_week"":12,""duration_weeks"":6,""recovery_weeks"":3}]",True,0.0,B
74,MI-M,FST-MI-16,severe,upstream_node_deletion,False,False,,[],True,0.0,B
75,MI-M,FST-MI-16,severe,direct_impact,False,True,0,"[{""target"":""T2P"",""magnitude"":0.8,""start_week"":12,""duration_weeks"":6,""recovery_weeks"":3}]",True,0.0,B
76,MI-M,FST-MI-17,all,candidate_passive,False,False,,"[{""target"":""corridor"",""magnitude"":0.3,""start_week"":12,""duration_weeks"":2,""recovery_weeks"":3}]",False,0.0055327999871224165,B
77,MI-M,FST-MI-18,all,candidate_passive,False,False,,"[{""target"":""corridor"",""magnitude"":0.3,""start_week"":12,""duration_weeks"":4,""recovery_weeks"":3}]",False,0.005494599987287074,B
78,MI-M,FST-MI-19,all,candidate_passive,False,False,,"[{""target"":""corridor"",""magnitude"":0.5,""start_week"":12,""duration_weeks"":2,""recovery_weeks"":3}]",False,0.006841800000984222,B
79,MI-M,FST-MI-19,all,candidate_active,True,False,,"[{""target"":""corridor"",""magnitude"":0.5,""start_week"":12,""duration_weeks"":2,""recovery_weeks"":3}]",False,0.006602399982511997,B
80,MI-M,FST-MI-19,moderate,singleton,False,False,0,"[{""target"":""corridor"",""magnitude"":0.5,""start_week"":12,""duration_weeks"":2,""recovery_weeks"":3}]",True,0.0,B
81,MI-M,FST-MI-19,severe,singleton,False,False,0,"[{""target"":""corridor"",""magnitude"":0.5,""start_week"":12,""duration_weeks"":2,""recovery_weeks"":3}]",True,0.0,B
82,MI-M,FST-MI-20,all,candidate_passive,False,False,,"[{""target"":""corridor"",""magnitude"":0.5,""start_week"":12,""duration_weeks"":4,""recovery_weeks"":3}]",False,0.0069340000045485795,B
83,MI-M,FST-MI-20,all,candidate_active,True,False,,"[{""target"":""corridor"",""magnitude"":0.5,""start_week"":12,""duration_weeks"":4,""recovery_weeks"":3}]",False,0.0066587000037543476,B
84,MI-M,FST-MI-20,moderate,singleton,False,False,0,"[{""target"":""corridor"",""magnitude"":0.5,""start_week"":12,""duration_weeks"":4,""recovery_weeks"":3}]",True,0.0,B
85,MI-M,FST-MI-20,severe,singleton,False,False,0,"[{""target"":""corridor"",""magnitude"":0.5,""start_week"":12,""duration_weeks"":4,""recovery_weeks"":3}]",True,0.0,B
86,MI-M,FST-MI-21,all,candidate_passive,False,False,,"[{""target"":""corridor"",""magnitude"":0.7,""start_week"":12,""duration_weeks"":2,""recovery_weeks"":3}]",False,0.006093599949963391,B
87,MI-M,FST-MI-21,all,candidate_active,True,False,,"[{""target"":""corridor"",""magnitude"":0.7,""start_week"":12,""duration_weeks"":2,""recovery_weeks"":3}]",False,0.006657699996139854,B
88,MI-M,FST-MI-21,moderate,singleton,False,False,0,"[{""target"":""corridor"",""magnitude"":0.7,""start_week"":12,""duration_weeks"":2,""recovery_weeks"":3}]",True,0.0,B
89,MI-M,FST-MI-21,severe,singleton,False,False,0,"[{""target"":""corridor"",""magnitude"":0.7,""start_week"":12,""duration_weeks"":2,""recovery_weeks"":3}]",True,0.0,B
90,MI-M,FST-MI-22,all,candidate_passive,False,False,,"[{""target"":""corridor"",""magnitude"":0.7,""start_week"":12,""duration_weeks"":4,""recovery_weeks"":3}]",False,0.006350999989081174,B
91,MI-M,FST-MI-22,all,candidate_active,True,False,,"[{""target"":""corridor"",""magnitude"":0.7,""start_week"":12,""duration_weeks"":4,""recovery_weeks"":3}]",False,0.008216500049456954,B
92,MI-M,FST-MI-22,moderate,singleton,False,False,0,"[{""target"":""corridor"",""magnitude"":0.7,""start_week"":12,""duration_weeks"":4,""recovery_weeks"":3}]",True,0.0,B
93,MI-M,FST-MI-22,severe,singleton,False,False,0,"[{""target"":""corridor"",""magnitude"":0.7,""start_week"":12,""duration_weeks"":4,""recovery_weeks"":3}]",True,0.0,B
94,MI-M,FST-MI-23,all,candidate_passive,False,False,,"[{""target"":""T2P"",""magnitude"":0.25,""start_week"":12,""duration_weeks"":4,""recovery_weeks"":3},{""target"":""corridor"",""magnitude"":0.25,""start_week"":12,""duration_weeks"":4,""recovery_weeks"":3}]",False,0.006255999964196235,B
95,MI-M,FST-MI-24,all,candidate_passive,False,False,,"[{""target"":""T2P"",""magnitude"":0.25,""start_week"":12,""duration_weeks"":4,""recovery_weeks"":3},{""target"":""corridor"",""magnitude"":0.35,""start_week"":12,""duration_weeks"":4,""recovery_weeks"":3}]",False,0.008170299988705665,B
96,MI-M,FST-MI-24,all,candidate_active,True,False,,"[{""target"":""T2P"",""magnitude"":0.25,""start_week"":12,""duration_weeks"":4,""recovery_weeks"":3},{""target"":""corridor"",""magnitude"":0.35,""start_week"":12,""duration_weeks"":4,""recovery_weeks"":3}]",False,0.0060208000359125435,B
97,MI-M,FST-MI-24,moderate,singleton,False,False,0,"[{""target"":""T2P"",""magnitude"":0.25,""start_week"":12,""duration_weeks"":4,""recovery_weeks"":3}]",False,0.006584500020835549,B
98,MI-M,FST-MI-24,moderate,singleton,False,False,1,"[{""target"":""corridor"",""magnitude"":0.35,""start_week"":12,""duration_weeks"":4,""recovery_weeks"":3}]",False,0.005379400041420013,B
99,MI-M,FST-MI-24,moderate,upstream_node_deletion,False,False,1,"[{""target"":""corridor"",""magnitude"":0.35,""start_week"":12,""duration_weeks"":4,""recovery_weeks"":3}]",True,0.0,B
100,MI-M,FST-MI-24,moderate,direct_impact,False,True,0;1,"[{""target"":""T2P"",""magnitude"":0.25,""start_week"":12,""duration_weeks"":4,""recovery_weeks"":3},{""target"":""corridor"",""magnitude"":0.35,""start_week"":12,""duration_weeks"":4,""recovery_weeks"":3}]",False,0.004506799974478781,B
101,MI-M,FST-MI-25,all,candidate_passive,False,False,,"[{""target"":""T2P"",""magnitude"":0.35,""start_week"":12,""duration_weeks"":4,""recovery_weeks"":3},{""target"":""corridor"",""magnitude"":0.25,""start_week"":12,""duration_weeks"":4,""recovery_weeks"":3}]",False,0.005442199995741248,B
102,MI-M,FST-MI-25,all,candidate_active,True,False,,"[{""target"":""T2P"",""magnitude"":0.35,""start_week"":12,""duration_weeks"":4,""recovery_weeks"":3},{""target"":""corridor"",""magnitude"":0.25,""start_week"":12,""duration_weeks"":4,""recovery_weeks"":3}]",False,0.004481299954932183,B
103,MI-M,FST-MI-25,moderate,singleton,False,False,0,"[{""target"":""T2P"",""magnitude"":0.35,""start_week"":12,""duration_weeks"":4,""recovery_weeks"":3}]",False,0.006596599996555597,B
104,MI-M,FST-MI-25,moderate,singleton,False,False,1,"[{""target"":""corridor"",""magnitude"":0.25,""start_week"":12,""duration_weeks"":4,""recovery_weeks"":3}]",False,0.00624499999685213,B
105,MI-M,FST-MI-25,moderate,upstream_node_deletion,False,False,1,"[{""target"":""corridor"",""magnitude"":0.25,""start_week"":12,""duration_weeks"":4,""recovery_weeks"":3}]",True,0.0,B
106,MI-M,FST-MI-25,moderate,direct_impact,False,True,0;1,"[{""target"":""T2P"",""magnitude"":0.35,""start_week"":12,""duration_weeks"":4,""recovery_weeks"":3},{""target"":""corridor"",""magnitude"":0.25,""start_week"":12,""duration_weeks"":4,""recovery_weeks"":3}]",False,0.008687700028531253,B
107,MI-M,FST-MI-26,all,candidate_passive,False,False,,"[{""target"":""T2P"",""magnitude"":0.35,""start_week"":12,""duration_weeks"":4,""recovery_weeks"":3},{""target"":""corridor"",""magnitude"":0.35,""start_week"":12,""duration_weeks"":4,""recovery_weeks"":3}]",False,0.00640650000423193,B
108,MI-M,FST-MI-26,all,candidate_active,True,False,,"[{""target"":""T2P"",""magnitude"":0.35,""start_week"":12,""duration_weeks"":4,""recovery_weeks"":3},{""target"":""corridor"",""magnitude"":0.35,""start_week"":12,""duration_weeks"":4,""recovery_weeks"":3}]",False,0.00816219998523593,B
109,MI-M,FST-MI-26,moderate,singleton,False,False,0,"[{""target"":""T2P"",""magnitude"":0.35,""start_week"":12,""duration_weeks"":4,""recovery_weeks"":3}]",True,0.0,B
110,MI-M,FST-MI-26,moderate,singleton,False,False,1,"[{""target"":""corridor"",""magnitude"":0.35,""start_week"":12,""duration_weeks"":4,""recovery_weeks"":3}]",True,0.0,B
111,MI-M,FST-MI-26,moderate,upstream_node_deletion,False,False,1,"[{""target"":""corridor"",""magnitude"":0.35,""start_week"":12,""duration_weeks"":4,""recovery_weeks"":3}]",True,0.0,B
112,MI-M,FST-MI-26,moderate,direct_impact,False,True,0;1,"[{""target"":""T2P"",""magnitude"":0.35,""start_week"":12,""duration_weeks"":4,""recovery_weeks"":3},{""target"":""corridor"",""magnitude"":0.35,""start_week"":12,""duration_weeks"":4,""recovery_weeks"":3}]",False,0.007368000049609691,B
113,MI-M,FST-MI-27,all,candidate_passive,False,False,,"[{""target"":""T2P"",""magnitude"":0.7,""start_week"":12,""duration_weeks"":4,""recovery_weeks"":3},{""target"":""corridor"",""magnitude"":0.3,""start_week"":12,""duration_weeks"":4,""recovery_weeks"":3}]",False,0.005133200029376894,B
114,MI-M,FST-MI-27,all,candidate_active,True,False,,"[{""target"":""T2P"",""magnitude"":0.7,""start_week"":12,""duration_weeks"":4,""recovery_weeks"":3},{""target"":""corridor"",""magnitude"":0.3,""start_week"":12,""duration_weeks"":4,""recovery_weeks"":3}]",False,0.005443600006401539,B
115,MI-M,FST-MI-27,moderate,singleton,False,False,0,"[{""target"":""T2P"",""magnitude"":0.7,""start_week"":12,""duration_weeks"":4,""recovery_weeks"":3}]",False,0.005746299983002245,B
116,MI-M,FST-MI-27,moderate,singleton,False,False,1,"[{""target"":""corridor"",""magnitude"":0.3,""start_week"":12,""duration_weeks"":4,""recovery_weeks"":3}]",True,0.0,B
117,MI-M,FST-MI-27,moderate,upstream_node_deletion,False,False,1,"[{""target"":""corridor"",""magnitude"":0.3,""start_week"":12,""duration_weeks"":4,""recovery_weeks"":3}]",True,0.0,B
118,MI-M,FST-MI-27,moderate,direct_impact,False,True,0;1,"[{""target"":""T2P"",""magnitude"":0.7,""start_week"":12,""duration_weeks"":4,""recovery_weeks"":3},{""target"":""corridor"",""magnitude"":0.3,""start_week"":12,""duration_weeks"":4,""recovery_weeks"":3}]",False,0.008879599976353347,B
119,MI-M,FST-MI-27,severe,singleton,False,False,0,"[{""target"":""T2P"",""magnitude"":0.7,""start_week"":12,""duration_weeks"":4,""recovery_weeks"":3}]",True,0.0,B
120,MI-M,FST-MI-27,severe,singleton,False,False,1,"[{""target"":""corridor"",""magnitude"":0.3,""start_week"":12,""duration_weeks"":4,""recovery_weeks"":3}]",True,0.0,B
121,MI-M,FST-MI-27,severe,upstream_node_deletion,False,False,1,"[{""target"":""corridor"",""magnitude"":0.3,""start_week"":12,""duration_weeks"":4,""recovery_weeks"":3}]",True,0.0,B
122,MI-M,FST-MI-27,severe,direct_impact,False,True,0;1,"[{""target"":""T2P"",""magnitude"":0.7,""start_week"":12,""duration_weeks"":4,""recovery_weeks"":3},{""target"":""corridor"",""magnitude"":0.3,""start_week"":12,""duration_weeks"":4,""recovery_weeks"":3}]",True,0.0,B
123,MI-M,FST-MI-28,all,candidate_passive,False,False,,"[{""target"":""T2P"",""magnitude"":0.7,""start_week"":12,""duration_weeks"":4,""recovery_weeks"":3},{""target"":""corridor"",""magnitude"":0.6,""start_week"":12,""duration_weeks"":4,""recovery_weeks"":3}]",False,0.007944200013298541,B
124,MI-M,FST-MI-28,all,candidate_active,True,False,,"[{""target"":""T2P"",""magnitude"":0.7,""start_week"":12,""duration_weeks"":4,""recovery_weeks"":3},{""target"":""corridor"",""magnitude"":0.6,""start_week"":12,""duration_weeks"":4,""recovery_weeks"":3}]",False,0.0068604000261984766,B
125,MI-M,FST-MI-28,moderate,singleton,False,False,0,"[{""target"":""T2P"",""magnitude"":0.7,""start_week"":12,""duration_weeks"":4,""recovery_weeks"":3}]",True,0.0,B
126,MI-M,FST-MI-28,moderate,singleton,False,False,1,"[{""target"":""corridor"",""magnitude"":0.6,""start_week"":12,""duration_weeks"":4,""recovery_weeks"":3}]",False,0.006270500016398728,B
127,MI-M,FST-MI-28,moderate,upstream_node_deletion,False,False,1,"[{""target"":""corridor"",""magnitude"":0.6,""start_week"":12,""duration_weeks"":4,""recovery_weeks"":3}]",True,0.0,B
128,MI-M,FST-MI-28,moderate,direct_impact,False,True,0;1,"[{""target"":""T2P"",""magnitude"":0.7,""start_week"":12,""duration_weeks"":4,""recovery_weeks"":3},{""target"":""corridor"",""magnitude"":0.6,""start_week"":12,""duration_weeks"":4,""recovery_weeks"":3}]",False,0.005777200043667108,B
129,MI-M,FST-MI-28,severe,singleton,False,False,0,"[{""target"":""T2P"",""magnitude"":0.7,""start_week"":12,""duration_weeks"":4,""recovery_weeks"":3}]",True,0.0,B
130,MI-M,FST-MI-28,severe,singleton,False,False,1,"[{""target"":""corridor"",""magnitude"":0.6,""start_week"":12,""duration_weeks"":4,""recovery_weeks"":3}]",True,0.0,B
131,MI-M,FST-MI-28,severe,upstream_node_deletion,False,False,1,"[{""target"":""corridor"",""magnitude"":0.6,""start_week"":12,""duration_weeks"":4,""recovery_weeks"":3}]",True,0.0,B
132,MI-M,FST-MI-28,severe,direct_impact,False,True,0;1,"[{""target"":""T2P"",""magnitude"":0.7,""start_week"":12,""duration_weeks"":4,""recovery_weeks"":3},{""target"":""corridor"",""magnitude"":0.6,""start_week"":12,""duration_weeks"":4,""recovery_weeks"":3}]",True,0.0,B
133,MI-M,FST-MI-29,all,candidate_passive,False,False,,"[{""target"":""T2P"",""magnitude"":0.8,""start_week"":12,""duration_weeks"":4,""recovery_weeks"":3},{""target"":""corridor"",""magnitude"":0.3,""start_week"":12,""duration_weeks"":4,""recovery_weeks"":3}]",False,0.005674100015312433,B
134,MI-M,FST-MI-29,all,candidate_active,True,False,,"[{""target"":""T2P"",""magnitude"":0.8,""start_week"":12,""duration_weeks"":4,""recovery_weeks"":3},{""target"":""corridor"",""magnitude"":0.3,""start_week"":12,""duration_weeks"":4,""recovery_weeks"":3}]",False,0.007033900008536875,B
135,MI-M,FST-MI-29,moderate,singleton,False,False,0,"[{""target"":""T2P"",""magnitude"":0.8,""start_week"":12,""duration_weeks"":4,""recovery_weeks"":3}]",False,0.0051861999672837555,B
136,MI-M,FST-MI-29,moderate,singleton,False,False,1,"[{""target"":""corridor"",""magnitude"":0.3,""start_week"":12,""duration_weeks"":4,""recovery_weeks"":3}]",True,0.0,B
137,MI-M,FST-MI-29,moderate,upstream_node_deletion,False,False,1,"[{""target"":""corridor"",""magnitude"":0.3,""start_week"":12,""duration_weeks"":4,""recovery_weeks"":3}]",True,0.0,B
138,MI-M,FST-MI-29,moderate,direct_impact,False,True,0;1,"[{""target"":""T2P"",""magnitude"":0.8,""start_week"":12,""duration_weeks"":4,""recovery_weeks"":3},{""target"":""corridor"",""magnitude"":0.3,""start_week"":12,""duration_weeks"":4,""recovery_weeks"":3}]",False,0.005184199952054769,B
139,MI-M,FST-MI-29,severe,singleton,False,False,0,"[{""target"":""T2P"",""magnitude"":0.8,""start_week"":12,""duration_weeks"":4,""recovery_weeks"":3}]",True,0.0,B
140,MI-M,FST-MI-29,severe,singleton,False,False,1,"[{""target"":""corridor"",""magnitude"":0.3,""start_week"":12,""duration_weeks"":4,""recovery_weeks"":3}]",True,0.0,B
141,MI-M,FST-MI-29,severe,upstream_node_deletion,False,False,1,"[{""target"":""corridor"",""magnitude"":0.3,""start_week"":12,""duration_weeks"":4,""recovery_weeks"":3}]",True,0.0,B
142,MI-M,FST-MI-29,severe,direct_impact,False,True,0;1,"[{""target"":""T2P"",""magnitude"":0.8,""start_week"":12,""duration_weeks"":4,""recovery_weeks"":3},{""target"":""corridor"",""magnitude"":0.3,""start_week"":12,""duration_weeks"":4,""recovery_weeks"":3}]",True,0.0,B
143,MI-M,FST-MI-30,all,candidate_passive,False,False,,"[{""target"":""T2P"",""magnitude"":0.8,""start_week"":12,""duration_weeks"":4,""recovery_weeks"":3},{""target"":""corridor"",""magnitude"":0.6,""start_week"":12,""duration_weeks"":4,""recovery_weeks"":3}]",False,0.005084100004751235,B
144,MI-M,FST-MI-30,all,candidate_active,True,False,,"[{""target"":""T2P"",""magnitude"":0.8,""start_week"":12,""duration_weeks"":4,""recovery_weeks"":3},{""target"":""corridor"",""magnitude"":0.6,""start_week"":12,""duration_weeks"":4,""recovery_weeks"":3}]",False,0.005292899964842945,B
145,MI-M,FST-MI-30,moderate,singleton,False,False,0,"[{""target"":""T2P"",""magnitude"":0.8,""start_week"":12,""duration_weeks"":4,""recovery_weeks"":3}]",True,0.0,B
146,MI-M,FST-MI-30,moderate,singleton,False,False,1,"[{""target"":""corridor"",""magnitude"":0.6,""start_week"":12,""duration_weeks"":4,""recovery_weeks"":3}]",True,0.0,B
147,MI-M,FST-MI-30,moderate,upstream_node_deletion,False,False,1,"[{""target"":""corridor"",""magnitude"":0.6,""start_week"":12,""duration_weeks"":4,""recovery_weeks"":3}]",True,0.0,B
148,MI-M,FST-MI-30,moderate,direct_impact,False,True,0;1,"[{""target"":""T2P"",""magnitude"":0.8,""start_week"":12,""duration_weeks"":4,""recovery_weeks"":3},{""target"":""corridor"",""magnitude"":0.6,""start_week"":12,""duration_weeks"":4,""recovery_weeks"":3}]",False,0.006964300002437085,B
149,MI-M,FST-MI-30,severe,singleton,False,False,0,"[{""target"":""T2P"",""magnitude"":0.8,""start_week"":12,""duration_weeks"":4,""recovery_weeks"":3}]",True,0.0,B
150,MI-M,FST-MI-30,severe,singleton,False,False,1,"[{""target"":""corridor"",""magnitude"":0.6,""start_week"":12,""duration_weeks"":4,""recovery_weeks"":3}]",True,0.0,B
151,MI-M,FST-MI-30,severe,upstream_node_deletion,False,False,1,"[{""target"":""corridor"",""magnitude"":0.6,""start_week"":12,""duration_weeks"":4,""recovery_weeks"":3}]",True,0.0,B
152,MI-M,FST-MI-30,severe,direct_impact,False,True,0;1,"[{""target"":""T2P"",""magnitude"":0.8,""start_week"":12,""duration_weeks"":4,""recovery_weeks"":3},{""target"":""corridor"",""magnitude"":0.6,""start_week"":12,""duration_weeks"":4,""recovery_weeks"":3}]",True,0.0,B
153,MI-M,FST-MI-31,all,candidate_passive,False,False,,"[{""target"":""T2P"",""magnitude"":0.25,""start_week"":12,""duration_weeks"":4,""recovery_weeks"":3},{""target"":""S1A"",""magnitude"":0.4,""start_week"":12,""duration_weeks"":4,""recovery_weeks"":3}]",False,0.007829000009223819,B
154,MI-M,FST-MI-32,all,candidate_passive,False,False,,"[{""target"":""T2P"",""magnitude"":0.35,""start_week"":12,""duration_weeks"":4,""recovery_weeks"":3},{""target"":""S1A"",""magnitude"":0.4,""start_week"":12,""duration_weeks"":4,""recovery_weeks"":3}]",False,0.00425230001565069,B
155,MI-M,FST-MI-33,all,candidate_passive,False,False,,"[{""target"":""T2P"",""magnitude"":0.25,""start_week"":12,""duration_weeks"":4,""recovery_weeks"":3},{""target"":""S1B"",""magnitude"":0.4,""start_week"":12,""duration_weeks"":4,""recovery_weeks"":3}]",False,0.006683899962808937,B
156,MI-M,FST-MI-34,all,candidate_passive,False,False,,"[{""target"":""T2P"",""magnitude"":0.35,""start_week"":12,""duration_weeks"":4,""recovery_weeks"":3},{""target"":""S1B"",""magnitude"":0.4,""start_week"":12,""duration_weeks"":4,""recovery_weeks"":3}]",False,0.007975800021085888,B
157,MI-M,FST-MI-35,all,candidate_passive,False,False,,"[{""target"":""T2P"",""magnitude"":0.25,""start_week"":12,""duration_weeks"":4,""recovery_weeks"":3},{""target"":""S1C"",""magnitude"":0.4,""start_week"":12,""duration_weeks"":4,""recovery_weeks"":3}]",False,0.006595999991986901,B
158,MI-M,FST-MI-36,all,candidate_passive,False,False,,"[{""target"":""T2P"",""magnitude"":0.35,""start_week"":12,""duration_weeks"":4,""recovery_weeks"":3},{""target"":""S1C"",""magnitude"":0.4,""start_week"":12,""duration_weeks"":4,""recovery_weeks"":3}]",False,0.006357799982652068,B
159,MI-M,FST-MI-36,all,candidate_active,True,False,,"[{""target"":""T2P"",""magnitude"":0.35,""start_week"":12,""duration_weeks"":4,""recovery_weeks"":3},{""target"":""S1C"",""magnitude"":0.4,""start_week"":12,""duration_weeks"":4,""recovery_weeks"":3}]",False,0.00665990001289174,B
160,MI-M,FST-MI-36,moderate,singleton,False,False,0,"[{""target"":""T2P"",""magnitude"":0.35,""start_week"":12,""duration_weeks"":4,""recovery_weeks"":3}]",True,0.0,B
161,MI-M,FST-MI-36,moderate,singleton,False,False,1,"[{""target"":""S1C"",""magnitude"":0.4,""start_week"":12,""duration_weeks"":4,""recovery_weeks"":3}]",False,0.003872400033287704,B
162,MI-M,FST-MI-36,moderate,upstream_node_deletion,False,False,1,"[{""target"":""S1C"",""magnitude"":0.4,""start_week"":12,""duration_weeks"":4,""recovery_weeks"":3}]",True,0.0,B
163,MI-M,FST-MI-36,moderate,direct_impact,False,True,0;1,"[{""target"":""T2P"",""magnitude"":0.35,""start_week"":12,""duration_weeks"":4,""recovery_weeks"":3},{""target"":""S1C"",""magnitude"":0.4,""start_week"":12,""duration_weeks"":4,""recovery_weeks"":3}]",False,0.00614720000885427,B
164,MI-M,FST-MI-37,all,candidate_passive,False,False,,"[{""target"":""T2P"",""magnitude"":0.25,""start_week"":12,""duration_weeks"":4,""recovery_weeks"":3},{""target"":""demand"",""magnitude"":0.15,""start_week"":12,""duration_weeks"":4,""recovery_weeks"":2}]",False,0.003933100029826164,B
165,MI-M,FST-MI-37,all,candidate_active,True,False,,"[{""target"":""T2P"",""magnitude"":0.25,""start_week"":12,""duration_weeks"":4,""recovery_weeks"":3},{""target"":""demand"",""magnitude"":0.15,""start_week"":12,""duration_weeks"":4,""recovery_weeks"":2}]",False,0.003706499992404133,B
166,MI-M,FST-MI-37,moderate,singleton,False,False,0,"[{""target"":""T2P"",""magnitude"":0.25,""start_week"":12,""duration_weeks"":4,""recovery_weeks"":3}]",True,0.0,B
167,MI-M,FST-MI-37,moderate,singleton,False,False,1,"[{""target"":""demand"",""magnitude"":0.15,""start_week"":12,""duration_weeks"":4,""recovery_weeks"":2}]",False,0.006024800008162856,B
168,MI-M,FST-MI-37,moderate,upstream_node_deletion,False,False,1,"[{""target"":""demand"",""magnitude"":0.15,""start_week"":12,""duration_weeks"":4,""recovery_weeks"":2}]",True,0.0,B
169,MI-M,FST-MI-37,moderate,direct_impact,False,True,0;1,"[{""target"":""T2P"",""magnitude"":0.25,""start_week"":12,""duration_weeks"":4,""recovery_weeks"":3},{""target"":""demand"",""magnitude"":0.15,""start_week"":12,""duration_weeks"":4,""recovery_weeks"":2}]",False,0.007238100050017238,B
170,MI-M,FST-MI-38,all,candidate_passive,False,False,,"[{""target"":""T2P"",""magnitude"":0.25,""start_week"":12,""duration_weeks"":4,""recovery_weeks"":3},{""target"":""demand"",""magnitude"":0.25,""start_week"":12,""duration_weeks"":4,""recovery_weeks"":2}]",False,0.006974200019612908,B
171,MI-M,FST-MI-38,all,candidate_active,True,False,,"[{""target"":""T2P"",""magnitude"":0.25,""start_week"":12,""duration_weeks"":4,""recovery_weeks"":3},{""target"":""demand"",""magnitude"":0.25,""start_week"":12,""duration_weeks"":4,""recovery_weeks"":2}]",False,0.00561669998569414,B
172,MI-M,FST-MI-38,moderate,singleton,False,False,0,"[{""target"":""T2P"",""magnitude"":0.25,""start_week"":12,""duration_weeks"":4,""recovery_weeks"":3}]",True,0.0,B
173,MI-M,FST-MI-38,moderate,singleton,False,False,1,"[{""target"":""demand"",""magnitude"":0.25,""start_week"":12,""duration_weeks"":4,""recovery_weeks"":2}]",False,0.005206799949519336,B
174,MI-M,FST-MI-38,moderate,upstream_node_deletion,False,False,1,"[{""target"":""demand"",""magnitude"":0.25,""start_week"":12,""duration_weeks"":4,""recovery_weeks"":2}]",True,0.0,B
175,MI-M,FST-MI-38,moderate,direct_impact,False,True,0;1,"[{""target"":""T2P"",""magnitude"":0.25,""start_week"":12,""duration_weeks"":4,""recovery_weeks"":3},{""target"":""demand"",""magnitude"":0.25,""start_week"":12,""duration_weeks"":4,""recovery_weeks"":2}]",False,0.007492100005038083,B
176,MI-M,FST-MI-39,all,candidate_passive,False,False,,"[{""target"":""T2P"",""magnitude"":0.35,""start_week"":12,""duration_weeks"":4,""recovery_weeks"":3},{""target"":""demand"",""magnitude"":0.15,""start_week"":12,""duration_weeks"":4,""recovery_weeks"":2}]",False,0.003911100036930293,B
177,MI-M,FST-MI-39,all,candidate_active,True,False,,"[{""target"":""T2P"",""magnitude"":0.35,""start_week"":12,""duration_weeks"":4,""recovery_weeks"":3},{""target"":""demand"",""magnitude"":0.15,""start_week"":12,""duration_weeks"":4,""recovery_weeks"":2}]",False,0.00372769997920841,B
178,MI-M,FST-MI-39,moderate,singleton,False,False,0,"[{""target"":""T2P"",""magnitude"":0.35,""start_week"":12,""duration_weeks"":4,""recovery_weeks"":3}]",True,0.0,B
179,MI-M,FST-MI-39,moderate,singleton,False,False,1,"[{""target"":""demand"",""magnitude"":0.15,""start_week"":12,""duration_weeks"":4,""recovery_weeks"":2}]",True,0.0,B
180,MI-M,FST-MI-39,moderate,upstream_node_deletion,False,False,1,"[{""target"":""demand"",""magnitude"":0.15,""start_week"":12,""duration_weeks"":4,""recovery_weeks"":2}]",True,0.0,B
181,MI-M,FST-MI-39,moderate,direct_impact,False,True,0;1,"[{""target"":""T2P"",""magnitude"":0.35,""start_week"":12,""duration_weeks"":4,""recovery_weeks"":3},{""target"":""demand"",""magnitude"":0.15,""start_week"":12,""duration_weeks"":4,""recovery_weeks"":2}]",False,0.0076769000152125955,B
182,MI-M,FST-MI-40,all,candidate_passive,False,False,,"[{""target"":""T2P"",""magnitude"":0.35,""start_week"":12,""duration_weeks"":4,""recovery_weeks"":3},{""target"":""demand"",""magnitude"":0.25,""start_week"":12,""duration_weeks"":4,""recovery_weeks"":2}]",False,0.007277800003066659,B
183,MI-M,FST-MI-40,all,candidate_active,True,False,,"[{""target"":""T2P"",""magnitude"":0.35,""start_week"":12,""duration_weeks"":4,""recovery_weeks"":3},{""target"":""demand"",""magnitude"":0.25,""start_week"":12,""duration_weeks"":4,""recovery_weeks"":2}]",False,0.007498599996324629,B
184,MI-M,FST-MI-40,moderate,singleton,False,False,0,"[{""target"":""T2P"",""magnitude"":0.35,""start_week"":12,""duration_weeks"":4,""recovery_weeks"":3}]",True,0.0,B
185,MI-M,FST-MI-40,moderate,singleton,False,False,1,"[{""target"":""demand"",""magnitude"":0.25,""start_week"":12,""duration_weeks"":4,""recovery_weeks"":2}]",True,0.0,B
186,MI-M,FST-MI-40,moderate,upstream_node_deletion,False,False,1,"[{""target"":""demand"",""magnitude"":0.25,""start_week"":12,""duration_weeks"":4,""recovery_weeks"":2}]",True,0.0,B
187,MI-M,FST-MI-40,moderate,direct_impact,False,True,0;1,"[{""target"":""T2P"",""magnitude"":0.35,""start_week"":12,""duration_weeks"":4,""recovery_weeks"":3},{""target"":""demand"",""magnitude"":0.25,""start_week"":12,""duration_weeks"":4,""recovery_weeks"":2}]",False,0.00725850003072992,B
188,MI-M,FST-MI-41,all,candidate_passive,False,False,,"[{""target"":""T2P"",""magnitude"":0.3,""start_week"":12,""duration_weeks"":3,""recovery_weeks"":3},{""target"":""corridor"",""magnitude"":0.5,""start_week"":15,""duration_weeks"":2,""recovery_weeks"":3}]",False,0.007698999950662255,B
189,MI-M,FST-MI-41,all,candidate_active,True,False,,"[{""target"":""T2P"",""magnitude"":0.3,""start_week"":12,""duration_weeks"":3,""recovery_weeks"":3},{""target"":""corridor"",""magnitude"":0.5,""start_week"":15,""duration_weeks"":2,""recovery_weeks"":3}]",False,0.007383800053503364,B
190,MI-M,FST-MI-41,moderate,singleton,False,False,0,"[{""target"":""T2P"",""magnitude"":0.3,""start_week"":12,""duration_weeks"":3,""recovery_weeks"":3}]",False,0.005853299982845783,B
191,MI-M,FST-MI-41,moderate,singleton,False,False,1,"[{""target"":""corridor"",""magnitude"":0.5,""start_week"":15,""duration_weeks"":2,""recovery_weeks"":3}]",False,0.005858000018633902,B
192,MI-M,FST-MI-41,moderate,upstream_node_deletion,False,False,1,"[{""target"":""corridor"",""magnitude"":0.5,""start_week"":15,""duration_weeks"":2,""recovery_weeks"":3}]",True,0.0,B
193,MI-M,FST-MI-41,moderate,direct_impact,False,True,0;1,"[{""target"":""T2P"",""magnitude"":0.3,""start_week"":12,""duration_weeks"":3,""recovery_weeks"":3},{""target"":""corridor"",""magnitude"":0.5,""start_week"":15,""duration_weeks"":2,""recovery_weeks"":3}]",False,0.007004999963101,B
194,MI-M,FST-MI-41,moderate,later_event_deletion,False,False,0,"[{""target"":""T2P"",""magnitude"":0.3,""start_week"":12,""duration_weeks"":3,""recovery_weeks"":3}]",True,0.0,B
195,MI-M,FST-MI-41,severe,singleton,False,False,0,"[{""target"":""T2P"",""magnitude"":0.3,""start_week"":12,""duration_weeks"":3,""recovery_weeks"":3}]",True,0.0,B
196,MI-M,FST-MI-41,severe,singleton,False,False,1,"[{""target"":""corridor"",""magnitude"":0.5,""start_week"":15,""duration_weeks"":2,""recovery_weeks"":3}]",True,0.0,B
197,MI-M,FST-MI-41,severe,upstream_node_deletion,False,False,1,"[{""target"":""corridor"",""magnitude"":0.5,""start_week"":15,""duration_weeks"":2,""recovery_weeks"":3}]",True,0.0,B
198,MI-M,FST-MI-41,severe,direct_impact,False,True,0;1,"[{""target"":""T2P"",""magnitude"":0.3,""start_week"":12,""duration_weeks"":3,""recovery_weeks"":3},{""target"":""corridor"",""magnitude"":0.5,""start_week"":15,""duration_weeks"":2,""recovery_weeks"":3}]",True,0.0,B
199,MI-M,FST-MI-41,severe,later_event_deletion,False,False,0,"[{""target"":""T2P"",""magnitude"":0.3,""start_week"":12,""duration_weeks"":3,""recovery_weeks"":3}]",True,0.0,B
200,MI-M,FST-MI-42,all,candidate_passive,False,False,,"[{""target"":""T2P"",""magnitude"":0.4,""start_week"":12,""duration_weeks"":3,""recovery_weeks"":3},{""target"":""corridor"",""magnitude"":0.5,""start_week"":15,""duration_weeks"":2,""recovery_weeks"":3}]",False,0.006287600030191243,B
201,MI-M,FST-MI-42,all,candidate_active,True,False,,"[{""target"":""T2P"",""magnitude"":0.4,""start_week"":12,""duration_weeks"":3,""recovery_weeks"":3},{""target"":""corridor"",""magnitude"":0.5,""start_week"":15,""duration_weeks"":2,""recovery_weeks"":3}]",False,0.0066297000157646835,B
202,MI-M,FST-MI-42,moderate,singleton,False,False,0,"[{""target"":""T2P"",""magnitude"":0.4,""start_week"":12,""duration_weeks"":3,""recovery_weeks"":3}]",False,0.005392099963501096,B
203,MI-M,FST-MI-42,moderate,singleton,False,False,1,"[{""target"":""corridor"",""magnitude"":0.5,""start_week"":15,""duration_weeks"":2,""recovery_weeks"":3}]",True,0.0,B
204,MI-M,FST-MI-42,moderate,upstream_node_deletion,False,False,1,"[{""target"":""corridor"",""magnitude"":0.5,""start_week"":15,""duration_weeks"":2,""recovery_weeks"":3}]",True,0.0,B
205,MI-M,FST-MI-42,moderate,direct_impact,False,True,0;1,"[{""target"":""T2P"",""magnitude"":0.4,""start_week"":12,""duration_weeks"":3,""recovery_weeks"":3},{""target"":""corridor"",""magnitude"":0.5,""start_week"":15,""duration_weeks"":2,""recovery_weeks"":3}]",False,0.006191899999976158,B
206,MI-M,FST-MI-42,moderate,later_event_deletion,False,False,0,"[{""target"":""T2P"",""magnitude"":0.4,""start_week"":12,""duration_weeks"":3,""recovery_weeks"":3}]",True,0.0,B
207,MI-M,FST-MI-42,severe,singleton,False,False,0,"[{""target"":""T2P"",""magnitude"":0.4,""start_week"":12,""duration_weeks"":3,""recovery_weeks"":3}]",True,0.0,B
208,MI-M,FST-MI-42,severe,singleton,False,False,1,"[{""target"":""corridor"",""magnitude"":0.5,""start_week"":15,""duration_weeks"":2,""recovery_weeks"":3}]",True,0.0,B
209,MI-M,FST-MI-42,severe,upstream_node_deletion,False,False,1,"[{""target"":""corridor"",""magnitude"":0.5,""start_week"":15,""duration_weeks"":2,""recovery_weeks"":3}]",True,0.0,B
210,MI-M,FST-MI-42,severe,direct_impact,False,True,0;1,"[{""target"":""T2P"",""magnitude"":0.4,""start_week"":12,""duration_weeks"":3,""recovery_weeks"":3},{""target"":""corridor"",""magnitude"":0.5,""start_week"":15,""duration_weeks"":2,""recovery_weeks"":3}]",True,0.0,B
211,MI-M,FST-MI-42,severe,later_event_deletion,False,False,0,"[{""target"":""T2P"",""magnitude"":0.4,""start_week"":12,""duration_weeks"":3,""recovery_weeks"":3}]",True,0.0,B
212,MI-M,FST-MI-43,all,candidate_passive,False,False,,"[{""target"":""T2P"",""magnitude"":0.5,""start_week"":12,""duration_weeks"":3,""recovery_weeks"":3},{""target"":""corridor"",""magnitude"":0.5,""start_week"":15,""duration_weeks"":2,""recovery_weeks"":3}]",False,0.009181099943816662,B
213,MI-M,FST-MI-43,all,candidate_active,True,False,,"[{""target"":""T2P"",""magnitude"":0.5,""start_week"":12,""duration_weeks"":3,""recovery_weeks"":3},{""target"":""corridor"",""magnitude"":0.5,""start_week"":15,""duration_weeks"":2,""recovery_weeks"":3}]",False,0.004295799997635186,B
214,MI-M,FST-MI-43,moderate,singleton,False,False,0,"[{""target"":""T2P"",""magnitude"":0.5,""start_week"":12,""duration_weeks"":3,""recovery_weeks"":3}]",True,0.0,B
215,MI-M,FST-MI-43,moderate,singleton,False,False,1,"[{""target"":""corridor"",""magnitude"":0.5,""start_week"":15,""duration_weeks"":2,""recovery_weeks"":3}]",True,0.0,B
216,MI-M,FST-MI-43,moderate,upstream_node_deletion,False,False,1,"[{""target"":""corridor"",""magnitude"":0.5,""start_week"":15,""duration_weeks"":2,""recovery_weeks"":3}]",True,0.0,B
217,MI-M,FST-MI-43,moderate,direct_impact,False,True,0;1,"[{""target"":""T2P"",""magnitude"":0.5,""start_week"":12,""duration_weeks"":3,""recovery_weeks"":3},{""target"":""corridor"",""magnitude"":0.5,""start_week"":15,""duration_weeks"":2,""recovery_weeks"":3}]",False,0.007701800030190498,B
218,MI-M,FST-MI-43,moderate,later_event_deletion,False,False,0,"[{""target"":""T2P"",""magnitude"":0.5,""start_week"":12,""duration_weeks"":3,""recovery_weeks"":3}]",True,0.0,B
219,MI-M,FST-MI-43,severe,singleton,False,False,0,"[{""target"":""T2P"",""magnitude"":0.5,""start_week"":12,""duration_weeks"":3,""recovery_weeks"":3}]",True,0.0,B
220,MI-M,FST-MI-43,severe,singleton,False,False,1,"[{""target"":""corridor"",""magnitude"":0.5,""start_week"":15,""duration_weeks"":2,""recovery_weeks"":3}]",True,0.0,B
221,MI-M,FST-MI-43,severe,upstream_node_deletion,False,False,1,"[{""target"":""corridor"",""magnitude"":0.5,""start_week"":15,""duration_weeks"":2,""recovery_weeks"":3}]",True,0.0,B
222,MI-M,FST-MI-43,severe,direct_impact,False,True,0;1,"[{""target"":""T2P"",""magnitude"":0.5,""start_week"":12,""duration_weeks"":3,""recovery_weeks"":3},{""target"":""corridor"",""magnitude"":0.5,""start_week"":15,""duration_weeks"":2,""recovery_weeks"":3}]",True,0.0,B
223,MI-M,FST-MI-43,severe,later_event_deletion,False,False,0,"[{""target"":""T2P"",""magnitude"":0.5,""start_week"":12,""duration_weeks"":3,""recovery_weeks"":3}]",True,0.0,B
224,MI-M,FST-MI-44,all,candidate_passive,False,False,,"[{""target"":""T2P"",""magnitude"":0.6,""start_week"":12,""duration_weeks"":3,""recovery_weeks"":3},{""target"":""corridor"",""magnitude"":0.5,""start_week"":15,""duration_weeks"":2,""recovery_weeks"":3}]",False,0.00853560003452003,B
225,MI-M,FST-MI-44,all,candidate_active,True,False,,"[{""target"":""T2P"",""magnitude"":0.6,""start_week"":12,""duration_weeks"":3,""recovery_weeks"":3},{""target"":""corridor"",""magnitude"":0.5,""start_week"":15,""duration_weeks"":2,""recovery_weeks"":3}]",False,0.007291499990969896,B
226,MI-M,FST-MI-44,moderate,singleton,False,False,0,"[{""target"":""T2P"",""magnitude"":0.6,""start_week"":12,""duration_weeks"":3,""recovery_weeks"":3}]",False,0.007082700030878186,B
227,MI-M,FST-MI-44,moderate,singleton,False,False,1,"[{""target"":""corridor"",""magnitude"":0.5,""start_week"":15,""duration_weeks"":2,""recovery_weeks"":3}]",True,0.0,B
228,MI-M,FST-MI-44,moderate,upstream_node_deletion,False,False,1,"[{""target"":""corridor"",""magnitude"":0.5,""start_week"":15,""duration_weeks"":2,""recovery_weeks"":3}]",True,0.0,B
229,MI-M,FST-MI-44,moderate,direct_impact,False,True,0;1,"[{""target"":""T2P"",""magnitude"":0.6,""start_week"":12,""duration_weeks"":3,""recovery_weeks"":3},{""target"":""corridor"",""magnitude"":0.5,""start_week"":15,""duration_weeks"":2,""recovery_weeks"":3}]",False,0.008090700022876263,B
230,MI-M,FST-MI-44,moderate,later_event_deletion,False,False,0,"[{""target"":""T2P"",""magnitude"":0.6,""start_week"":12,""duration_weeks"":3,""recovery_weeks"":3}]",True,0.0,B
231,MI-M,FST-MI-44,severe,singleton,False,False,0,"[{""target"":""T2P"",""magnitude"":0.6,""start_week"":12,""duration_weeks"":3,""recovery_weeks"":3}]",True,0.0,B
232,MI-M,FST-MI-44,severe,singleton,False,False,1,"[{""target"":""corridor"",""magnitude"":0.5,""start_week"":15,""duration_weeks"":2,""recovery_weeks"":3}]",True,0.0,B
233,MI-M,FST-MI-44,severe,upstream_node_deletion,False,False,1,"[{""target"":""corridor"",""magnitude"":0.5,""start_week"":15,""duration_weeks"":2,""recovery_weeks"":3}]",True,0.0,B
234,MI-M,FST-MI-44,severe,direct_impact,False,True,0;1,"[{""target"":""T2P"",""magnitude"":0.6,""start_week"":12,""duration_weeks"":3,""recovery_weeks"":3},{""target"":""corridor"",""magnitude"":0.5,""start_week"":15,""duration_weeks"":2,""recovery_weeks"":3}]",True,0.0,B
235,MI-M,FST-MI-44,severe,later_event_deletion,False,False,0,"[{""target"":""T2P"",""magnitude"":0.6,""start_week"":12,""duration_weeks"":3,""recovery_weeks"":3}]",True,0.0,B
236,MI-M,FST-MI-45,all,candidate_passive,False,False,,"[{""target"":""T2P"",""magnitude"":0.7,""start_week"":12,""duration_weeks"":3,""recovery_weeks"":3},{""target"":""corridor"",""magnitude"":0.5,""start_week"":15,""duration_weeks"":2,""recovery_weeks"":3}]",False,0.007788199989590794,B
237,MI-M,FST-MI-45,all,candidate_active,True,False,,"[{""target"":""T2P"",""magnitude"":0.7,""start_week"":12,""duration_weeks"":3,""recovery_weeks"":3},{""target"":""corridor"",""magnitude"":0.5,""start_week"":15,""duration_weeks"":2,""recovery_weeks"":3}]",False,0.0070936999982222915,B
238,MI-M,FST-MI-45,moderate,singleton,False,False,0,"[{""target"":""T2P"",""magnitude"":0.7,""start_week"":12,""duration_weeks"":3,""recovery_weeks"":3}]",False,0.009568799985572696,B
239,MI-M,FST-MI-45,moderate,singleton,False,False,1,"[{""target"":""corridor"",""magnitude"":0.5,""start_week"":15,""duration_weeks"":2,""recovery_weeks"":3}]",True,0.0,B
240,MI-M,FST-MI-45,moderate,upstream_node_deletion,False,False,1,"[{""target"":""corridor"",""magnitude"":0.5,""start_week"":15,""duration_weeks"":2,""recovery_weeks"":3}]",True,0.0,B
241,MI-M,FST-MI-45,moderate,direct_impact,False,True,0;1,"[{""target"":""T2P"",""magnitude"":0.7,""start_week"":12,""duration_weeks"":3,""recovery_weeks"":3},{""target"":""corridor"",""magnitude"":0.5,""start_week"":15,""duration_weeks"":2,""recovery_weeks"":3}]",False,0.006347899965476245,B
242,MI-M,FST-MI-45,moderate,later_event_deletion,False,False,0,"[{""target"":""T2P"",""magnitude"":0.7,""start_week"":12,""duration_weeks"":3,""recovery_weeks"":3}]",True,0.0,B
243,MI-M,FST-MI-45,severe,singleton,False,False,0,"[{""target"":""T2P"",""magnitude"":0.7,""start_week"":12,""duration_weeks"":3,""recovery_weeks"":3}]",True,0.0,B
244,MI-M,FST-MI-45,severe,singleton,False,False,1,"[{""target"":""corridor"",""magnitude"":0.5,""start_week"":15,""duration_weeks"":2,""recovery_weeks"":3}]",True,0.0,B
245,MI-M,FST-MI-45,severe,upstream_node_deletion,False,False,1,"[{""target"":""corridor"",""magnitude"":0.5,""start_week"":15,""duration_weeks"":2,""recovery_weeks"":3}]",True,0.0,B
246,MI-M,FST-MI-45,severe,direct_impact,False,True,0;1,"[{""target"":""T2P"",""magnitude"":0.7,""start_week"":12,""duration_weeks"":3,""recovery_weeks"":3},{""target"":""corridor"",""magnitude"":0.5,""start_week"":15,""duration_weeks"":2,""recovery_weeks"":3}]",True,0.0,B
247,MI-M,FST-MI-45,severe,later_event_deletion,False,False,0,"[{""target"":""T2P"",""magnitude"":0.7,""start_week"":12,""duration_weeks"":3,""recovery_weeks"":3}]",True,0.0,B
248,MI-M,FST-MI-46,all,candidate_passive,False,False,,"[{""target"":""corridor"",""magnitude"":0.3,""start_week"":12,""duration_weeks"":3,""recovery_weeks"":3},{""target"":""T2P"",""magnitude"":0.5,""start_week"":15,""duration_weeks"":2,""recovery_weeks"":3}]",False,0.006303899979684502,B
249,MI-M,FST-MI-46,all,candidate_active,True,False,,"[{""target"":""corridor"",""magnitude"":0.3,""start_week"":12,""duration_weeks"":3,""recovery_weeks"":3},{""target"":""T2P"",""magnitude"":0.5,""start_week"":15,""duration_weeks"":2,""recovery_weeks"":3}]",False,0.00770880002528429,B
250,MI-M,FST-MI-46,moderate,singleton,False,False,0,"[{""target"":""corridor"",""magnitude"":0.3,""start_week"":12,""duration_weeks"":3,""recovery_weeks"":3}]",False,0.0072740999748930335,B
251,MI-M,FST-MI-46,moderate,singleton,False,False,1,"[{""target"":""T2P"",""magnitude"":0.5,""start_week"":15,""duration_weeks"":2,""recovery_weeks"":3}]",False,0.006745400023646653,B
252,MI-M,FST-MI-46,moderate,upstream_node_deletion,False,False,0,"[{""target"":""corridor"",""magnitude"":0.3,""start_week"":12,""duration_weeks"":3,""recovery_weeks"":3}]",True,0.0,B
253,MI-M,FST-MI-46,moderate,direct_impact,False,True,0;1,"[{""target"":""corridor"",""magnitude"":0.3,""start_week"":12,""duration_weeks"":3,""recovery_weeks"":3},{""target"":""T2P"",""magnitude"":0.5,""start_week"":15,""duration_weeks"":2,""recovery_weeks"":3}]",False,0.0067696000332944095,B
254,MI-M,FST-MI-46,moderate,later_event_deletion,False,False,0,"[{""target"":""corridor"",""magnitude"":0.3,""start_week"":12,""duration_weeks"":3,""recovery_weeks"":3}]",True,0.0,B
255,MI-M,FST-MI-47,all,candidate_passive,False,False,,"[{""target"":""corridor"",""magnitude"":0.4,""start_week"":12,""duration_weeks"":3,""recovery_weeks"":3},{""target"":""T2P"",""magnitude"":0.5,""start_week"":15,""duration_weeks"":2,""recovery_weeks"":3}]",False,0.006721600017044693,B
256,MI-M,FST-MI-47,all,candidate_active,True,False,,"[{""target"":""corridor"",""magnitude"":0.4,""start_week"":12,""duration_weeks"":3,""recovery_weeks"":3},{""target"":""T2P"",""magnitude"":0.5,""start_week"":15,""duration_weeks"":2,""recovery_weeks"":3}]",False,0.007699699955992401,B
257,MI-M,FST-MI-47,moderate,singleton,False,False,0,"[{""target"":""corridor"",""magnitude"":0.4,""start_week"":12,""duration_weeks"":3,""recovery_weeks"":3}]",False,0.00696810003137216,B
258,MI-M,FST-MI-47,severe,singleton,False,False,0,"[{""target"":""corridor"",""magnitude"":0.4,""start_week"":12,""duration_weeks"":3,""recovery_weeks"":3}]",True,0.0,B
259,MI-M,FST-MI-47,severe,singleton,False,False,1,"[{""target"":""T2P"",""magnitude"":0.5,""start_week"":15,""duration_weeks"":2,""recovery_weeks"":3}]",True,0.0,B
260,MI-M,FST-MI-47,severe,upstream_node_deletion,False,False,0,"[{""target"":""corridor"",""magnitude"":0.4,""start_week"":12,""duration_weeks"":3,""recovery_weeks"":3}]",True,0.0,B
261,MI-M,FST-MI-47,severe,direct_impact,False,True,0;1,"[{""target"":""corridor"",""magnitude"":0.4,""start_week"":12,""duration_weeks"":3,""recovery_weeks"":3},{""target"":""T2P"",""magnitude"":0.5,""start_week"":15,""duration_weeks"":2,""recovery_weeks"":3}]",False,0.004253499966580421,B
262,MI-M,FST-MI-47,severe,later_event_deletion,False,False,0,"[{""target"":""corridor"",""magnitude"":0.4,""start_week"":12,""duration_weeks"":3,""recovery_weeks"":3}]",True,0.0,B
263,MI-M,FST-MI-48,all,candidate_passive,False,False,,"[{""target"":""corridor"",""magnitude"":0.5,""start_week"":12,""duration_weeks"":3,""recovery_weeks"":3},{""target"":""T2P"",""magnitude"":0.5,""start_week"":15,""duration_weeks"":2,""recovery_weeks"":3}]",False,0.005008200008887798,B
264,MI-M,FST-MI-48,all,candidate_active,True,False,,"[{""target"":""corridor"",""magnitude"":0.5,""start_week"":12,""duration_weeks"":3,""recovery_weeks"":3},{""target"":""T2P"",""magnitude"":0.5,""start_week"":15,""duration_weeks"":2,""recovery_weeks"":3}]",False,0.007660700008273125,B
265,MI-M,FST-MI-48,moderate,singleton,False,False,0,"[{""target"":""corridor"",""magnitude"":0.5,""start_week"":12,""duration_weeks"":3,""recovery_weeks"":3}]",False,0.005569899978581816,B
266,MI-M,FST-MI-48,severe,singleton,False,False,0,"[{""target"":""corridor"",""magnitude"":0.5,""start_week"":12,""duration_weeks"":3,""recovery_weeks"":3}]",True,0.0,B
267,MI-M,FST-MI-48,severe,singleton,False,False,1,"[{""target"":""T2P"",""magnitude"":0.5,""start_week"":15,""duration_weeks"":2,""recovery_weeks"":3}]",True,0.0,B
268,MI-M,FST-MI-48,severe,upstream_node_deletion,False,False,0,"[{""target"":""corridor"",""magnitude"":0.5,""start_week"":12,""duration_weeks"":3,""recovery_weeks"":3}]",True,0.0,B
269,MI-M,FST-MI-48,severe,direct_impact,False,True,0;1,"[{""target"":""corridor"",""magnitude"":0.5,""start_week"":12,""duration_weeks"":3,""recovery_weeks"":3},{""target"":""T2P"",""magnitude"":0.5,""start_week"":15,""duration_weeks"":2,""recovery_weeks"":3}]",False,0.005062200012616813,B
270,MI-M,FST-MI-48,severe,later_event_deletion,False,False,0,"[{""target"":""corridor"",""magnitude"":0.5,""start_week"":12,""duration_weeks"":3,""recovery_weeks"":3}]",True,0.0,B
271,MI-M,FST-MI-49,all,candidate_passive,False,False,,"[{""target"":""corridor"",""magnitude"":0.6,""start_week"":12,""duration_weeks"":3,""recovery_weeks"":3},{""target"":""T2P"",""magnitude"":0.5,""start_week"":15,""duration_weeks"":2,""recovery_weeks"":3}]",False,0.0075594999943859875,B
272,MI-M,FST-MI-49,all,candidate_active,True,False,,"[{""target"":""corridor"",""magnitude"":0.6,""start_week"":12,""duration_weeks"":3,""recovery_weeks"":3},{""target"":""T2P"",""magnitude"":0.5,""start_week"":15,""duration_weeks"":2,""recovery_weeks"":3}]",False,0.007322199991904199,B
273,MI-M,FST-MI-49,moderate,singleton,False,False,0,"[{""target"":""corridor"",""magnitude"":0.6,""start_week"":12,""duration_weeks"":3,""recovery_weeks"":3}]",False,0.005389400001149625,B
274,MI-M,FST-MI-49,severe,singleton,False,False,0,"[{""target"":""corridor"",""magnitude"":0.6,""start_week"":12,""duration_weeks"":3,""recovery_weeks"":3}]",True,0.0,B
275,MI-M,FST-MI-49,severe,singleton,False,False,1,"[{""target"":""T2P"",""magnitude"":0.5,""start_week"":15,""duration_weeks"":2,""recovery_weeks"":3}]",True,0.0,B
276,MI-M,FST-MI-49,severe,upstream_node_deletion,False,False,0,"[{""target"":""corridor"",""magnitude"":0.6,""start_week"":12,""duration_weeks"":3,""recovery_weeks"":3}]",True,0.0,B
277,MI-M,FST-MI-49,severe,direct_impact,False,True,0;1,"[{""target"":""corridor"",""magnitude"":0.6,""start_week"":12,""duration_weeks"":3,""recovery_weeks"":3},{""target"":""T2P"",""magnitude"":0.5,""start_week"":15,""duration_weeks"":2,""recovery_weeks"":3}]",False,0.008496000024024397,B
278,MI-M,FST-MI-49,severe,later_event_deletion,False,False,0,"[{""target"":""corridor"",""magnitude"":0.6,""start_week"":12,""duration_weeks"":3,""recovery_weeks"":3}]",True,0.0,B
279,MI-M,FST-MI-50,all,candidate_passive,False,False,,"[{""target"":""corridor"",""magnitude"":0.7,""start_week"":12,""duration_weeks"":3,""recovery_weeks"":3},{""target"":""T2P"",""magnitude"":0.5,""start_week"":15,""duration_weeks"":2,""recovery_weeks"":3}]",False,0.007650899991858751,B
280,MI-M,FST-MI-50,all,candidate_active,True,False,,"[{""target"":""corridor"",""magnitude"":0.7,""start_week"":12,""duration_weeks"":3,""recovery_weeks"":3},{""target"":""T2P"",""magnitude"":0.5,""start_week"":15,""duration_weeks"":2,""recovery_weeks"":3}]",False,0.007167499978095293,B
281,MI-M,FST-MI-50,moderate,singleton,False,False,0,"[{""target"":""corridor"",""magnitude"":0.7,""start_week"":12,""duration_weeks"":3,""recovery_weeks"":3}]",False,0.006717999989632517,B
282,MI-M,FST-MI-50,severe,singleton,False,False,0,"[{""target"":""corridor"",""magnitude"":0.7,""start_week"":12,""duration_weeks"":3,""recovery_weeks"":3}]",True,0.0,B
283,MI-M,FST-MI-50,severe,singleton,False,False,1,"[{""target"":""T2P"",""magnitude"":0.5,""start_week"":15,""duration_weeks"":2,""recovery_weeks"":3}]",True,0.0,B
284,MI-M,FST-MI-50,severe,upstream_node_deletion,False,False,0,"[{""target"":""corridor"",""magnitude"":0.7,""start_week"":12,""duration_weeks"":3,""recovery_weeks"":3}]",True,0.0,B
285,MI-M,FST-MI-50,severe,direct_impact,False,True,0;1,"[{""target"":""corridor"",""magnitude"":0.7,""start_week"":12,""duration_weeks"":3,""recovery_weeks"":3},{""target"":""T2P"",""magnitude"":0.5,""start_week"":15,""duration_weeks"":2,""recovery_weeks"":3}]",False,0.008970399969257414,B
286,MI-M,FST-MI-50,severe,later_event_deletion,False,False,0,"[{""target"":""corridor"",""magnitude"":0.7,""start_week"":12,""duration_weeks"":3,""recovery_weeks"":3}]",True,0.0,B
1,MI-MD,FST-MI-01,all,candidate_passive,False,False,,"[{""target"":""S1A"",""magnitude"":0.5,""start_week"":12,""duration_weeks"":4,""recovery_weeks"":3}]",False,0.0037183999666012824,B
2,MI-MD,FST-MI-01,all,candidate_active,True,False,,"[{""target"":""S1A"",""magnitude"":0.5,""start_week"":12,""duration_weeks"":4,""recovery_weeks"":3}]",False,0.003485299996100366,B
3,MI-MD,FST-MI-01,moderate,singleton,False,False,0,"[{""target"":""S1A"",""magnitude"":0.5,""start_week"":12,""duration_weeks"":4,""recovery_weeks"":3}]",True,0.0,B
4,MI-MD,FST-MI-02,all,candidate_passive,False,False,,"[{""target"":""S1A"",""magnitude"":0.7,""start_week"":12,""duration_weeks"":4,""recovery_weeks"":3}]",False,0.005137600004673004,B
5,MI-MD,FST-MI-02,all,candidate_active,True,False,,"[{""target"":""S1A"",""magnitude"":0.7,""start_week"":12,""duration_weeks"":4,""recovery_weeks"":3}]",False,0.0052355999941937625,B
6,MI-MD,FST-MI-02,moderate,singleton,False,False,0,"[{""target"":""S1A"",""magnitude"":0.7,""start_week"":12,""duration_weeks"":4,""recovery_weeks"":3}]",True,0.0,B
7,MI-MD,FST-MI-03,all,candidate_passive,False,False,,"[{""target"":""S1B"",""magnitude"":0.5,""start_week"":12,""duration_weeks"":4,""recovery_weeks"":3}]",False,0.004071899980772287,B
8,MI-MD,FST-MI-03,all,candidate_active,True,False,,"[{""target"":""S1B"",""magnitude"":0.5,""start_week"":12,""duration_weeks"":4,""recovery_weeks"":3}]",False,0.00631159998010844,B
9,MI-MD,FST-MI-03,moderate,singleton,False,False,0,"[{""target"":""S1B"",""magnitude"":0.5,""start_week"":12,""duration_weeks"":4,""recovery_weeks"":3}]",True,0.0,B
10,MI-MD,FST-MI-04,all,candidate_passive,False,False,,"[{""target"":""S1B"",""magnitude"":0.7,""start_week"":12,""duration_weeks"":4,""recovery_weeks"":3}]",False,0.005807100038509816,B
11,MI-MD,FST-MI-04,all,candidate_active,True,False,,"[{""target"":""S1B"",""magnitude"":0.7,""start_week"":12,""duration_weeks"":4,""recovery_weeks"":3}]",False,0.0037982999929226935,B
12,MI-MD,FST-MI-04,moderate,singleton,False,False,0,"[{""target"":""S1B"",""magnitude"":0.7,""start_week"":12,""duration_weeks"":4,""recovery_weeks"":3}]",True,0.0,B
13,MI-MD,FST-MI-05,all,candidate_passive,False,False,,"[{""target"":""S1C"",""magnitude"":0.5,""start_week"":12,""duration_weeks"":4,""recovery_weeks"":3}]",False,0.004495600005611777,B
14,MI-MD,FST-MI-05,all,candidate_active,True,False,,"[{""target"":""S1C"",""magnitude"":0.5,""start_week"":12,""duration_weeks"":4,""recovery_weeks"":3}]",False,0.006650199997238815,B
15,MI-MD,FST-MI-05,moderate,singleton,False,False,0,"[{""target"":""S1C"",""magnitude"":0.5,""start_week"":12,""duration_weeks"":4,""recovery_weeks"":3}]",True,0.0,B
16,MI-MD,FST-MI-06,all,candidate_passive,False,False,,"[{""target"":""S1C"",""magnitude"":0.7,""start_week"":12,""duration_weeks"":4,""recovery_weeks"":3}]",False,0.006636400008574128,B
17,MI-MD,FST-MI-06,all,candidate_active,True,False,,"[{""target"":""S1C"",""magnitude"":0.7,""start_week"":12,""duration_weeks"":4,""recovery_weeks"":3}]",False,0.0066306000226177275,B
18,MI-MD,FST-MI-06,moderate,singleton,False,False,0,"[{""target"":""S1C"",""magnitude"":0.7,""start_week"":12,""duration_weeks"":4,""recovery_weeks"":3}]",True,0.0,B
19,MI-MD,FST-MI-07,all,candidate_passive,False,False,,"[{""target"":""T2P"",""magnitude"":0.2,""start_week"":12,""duration_weeks"":3,""recovery_weeks"":3}]",False,0.004561000037938356,B
20,MI-MD,FST-MI-08,all,candidate_passive,False,False,,"[{""target"":""T2P"",""magnitude"":0.2,""start_week"":12,""duration_weeks"":6,""recovery_weeks"":3}]",False,0.006635700003243983,B
21,MI-MD,FST-MI-09,all,candidate_passive,False,False,,"[{""target"":""T2P"",""magnitude"":0.35,""start_week"":12,""duration_weeks"":3,""recovery_weeks"":3}]",False,0.0037622000090777874,B
22,MI-MD,FST-MI-09,all,candidate_active,True,False,,"[{""target"":""T2P"",""magnitude"":0.35,""start_week"":12,""duration_weeks"":3,""recovery_weeks"":3}]",False,0.0035596999805420637,B
23,MI-MD,FST-MI-09,moderate,singleton,False,False,0,"[{""target"":""T2P"",""magnitude"":0.35,""start_week"":12,""duration_weeks"":3,""recovery_weeks"":3}]",True,0.0,B
24,MI-MD,FST-MI-09,moderate,upstream_node_deletion,False,False,,[],False,0.004724700003862381,B
25,MI-MD,FST-MI-09,moderate,direct_impact,False,True,0,"[{""target"":""T2P"",""magnitude"":0.35,""start_week"":12,""duration_weeks"":3,""recovery_weeks"":3}]",False,0.007122599985450506,B
26,MI-MD,FST-MI-10,all,candidate_passive,False,False,,"[{""target"":""T2P"",""magnitude"":0.35,""start_week"":12,""duration_weeks"":6,""recovery_weeks"":3}]",False,0.00493949995143339,B
27,MI-MD,FST-MI-10,all,candidate_active,True,False,,"[{""target"":""T2P"",""magnitude"":0.35,""start_week"":12,""duration_weeks"":6,""recovery_weeks"":3}]",False,0.003896300040651113,B
28,MI-MD,FST-MI-10,moderate,singleton,False,False,0,"[{""target"":""T2P"",""magnitude"":0.35,""start_week"":12,""duration_weeks"":6,""recovery_weeks"":3}]",True,0.0,B
29,MI-MD,FST-MI-10,moderate,upstream_node_deletion,False,False,,[],True,0.0,B
30,MI-MD,FST-MI-10,moderate,direct_impact,False,True,0,"[{""target"":""T2P"",""magnitude"":0.35,""start_week"":12,""duration_weeks"":6,""recovery_weeks"":3}]",False,0.004816000000573695,B
31,MI-MD,FST-MI-11,all,candidate_passive,False,False,,"[{""target"":""T2P"",""magnitude"":0.5,""start_week"":12,""duration_weeks"":3,""recovery_weeks"":3}]",False,0.004120800003875047,B
32,MI-MD,FST-MI-11,all,candidate_active,True,False,,"[{""target"":""T2P"",""magnitude"":0.5,""start_week"":12,""duration_weeks"":3,""recovery_weeks"":3}]",False,0.00683610001578927,B
33,MI-MD,FST-MI-11,moderate,singleton,False,False,0,"[{""target"":""T2P"",""magnitude"":0.5,""start_week"":12,""duration_weeks"":3,""recovery_weeks"":3}]",True,0.0,B
34,MI-MD,FST-MI-11,moderate,upstream_node_deletion,False,False,,[],True,0.0,B
35,MI-MD,FST-MI-11,moderate,direct_impact,False,True,0,"[{""target"":""T2P"",""magnitude"":0.5,""start_week"":12,""duration_weeks"":3,""recovery_weeks"":3}]",False,0.007270600006449968,B
36,MI-MD,FST-MI-12,all,candidate_passive,False,False,,"[{""target"":""T2P"",""magnitude"":0.5,""start_week"":12,""duration_weeks"":6,""recovery_weeks"":3}]",False,0.005920700030401349,B
37,MI-MD,FST-MI-12,all,candidate_active,True,False,,"[{""target"":""T2P"",""magnitude"":0.5,""start_week"":12,""duration_weeks"":6,""recovery_weeks"":3}]",False,0.007717499975115061,B
38,MI-MD,FST-MI-12,moderate,singleton,False,False,0,"[{""target"":""T2P"",""magnitude"":0.5,""start_week"":12,""duration_weeks"":6,""recovery_weeks"":3}]",True,0.0,B
39,MI-MD,FST-MI-12,moderate,upstream_node_deletion,False,False,,[],True,0.0,B
40,MI-MD,FST-MI-12,moderate,direct_impact,False,True,0,"[{""target"":""T2P"",""magnitude"":0.5,""start_week"":12,""duration_weeks"":6,""recovery_weeks"":3}]",False,0.0076911000069230795,B
41,MI-MD,FST-MI-12,severe,singleton,False,False,0,"[{""target"":""T2P"",""magnitude"":0.5,""start_week"":12,""duration_weeks"":6,""recovery_weeks"":3}]",True,0.0,B
42,MI-MD,FST-MI-12,severe,upstream_node_deletion,False,False,,[],True,0.0,B
43,MI-MD,FST-MI-12,severe,direct_impact,False,True,0,"[{""target"":""T2P"",""magnitude"":0.5,""start_week"":12,""duration_weeks"":6,""recovery_weeks"":3}]",True,0.0,B
44,MI-MD,FST-MI-13,all,candidate_passive,False,False,,"[{""target"":""T2P"",""magnitude"":0.65,""start_week"":12,""duration_weeks"":3,""recovery_weeks"":3}]",False,0.006604499998502433,B
45,MI-MD,FST-MI-13,all,candidate_active,True,False,,"[{""target"":""T2P"",""magnitude"":0.65,""start_week"":12,""duration_weeks"":3,""recovery_weeks"":3}]",False,0.006280700035858899,B
46,MI-MD,FST-MI-13,moderate,singleton,False,False,0,"[{""target"":""T2P"",""magnitude"":0.65,""start_week"":12,""duration_weeks"":3,""recovery_weeks"":3}]",True,0.0,B
47,MI-MD,FST-MI-13,moderate,upstream_node_deletion,False,False,,[],True,0.0,B
48,MI-MD,FST-MI-13,moderate,direct_impact,False,True,0,"[{""target"":""T2P"",""magnitude"":0.65,""start_week"":12,""duration_weeks"":3,""recovery_weeks"":3}]",False,0.006517999980133027,B
49,MI-MD,FST-MI-13,severe,singleton,False,False,0,"[{""target"":""T2P"",""magnitude"":0.65,""start_week"":12,""duration_weeks"":3,""recovery_weeks"":3}]",True,0.0,B
50,MI-MD,FST-MI-13,severe,upstream_node_deletion,False,False,,[],True,0.0,B
51,MI-MD,FST-MI-13,severe,direct_impact,False,True,0,"[{""target"":""T2P"",""magnitude"":0.65,""start_week"":12,""duration_weeks"":3,""recovery_weeks"":3}]",True,0.0,B
52,MI-MD,FST-MI-14,all,candidate_passive,False,False,,"[{""target"":""T2P"",""magnitude"":0.65,""start_week"":12,""duration_weeks"":6,""recovery_weeks"":3}]",False,0.006124700012151152,B
53,MI-MD,FST-MI-14,all,candidate_active,True,False,,"[{""target"":""T2P"",""magnitude"":0.65,""start_week"":12,""duration_weeks"":6,""recovery_weeks"":3}]",False,0.006941900006495416,B
54,MI-MD,FST-MI-14,moderate,singleton,False,False,0,"[{""target"":""T2P"",""magnitude"":0.65,""start_week"":12,""duration_weeks"":6,""recovery_weeks"":3}]",True,0.0,B
55,MI-MD,FST-MI-14,moderate,upstream_node_deletion,False,False,,[],True,0.0,B
56,MI-MD,FST-MI-14,moderate,direct_impact,False,True,0,"[{""target"":""T2P"",""magnitude"":0.65,""start_week"":12,""duration_weeks"":6,""recovery_weeks"":3}]",False,0.007100100046955049,B
57,MI-MD,FST-MI-14,severe,singleton,False,False,0,"[{""target"":""T2P"",""magnitude"":0.65,""start_week"":12,""duration_weeks"":6,""recovery_weeks"":3}]",True,0.0,B
58,MI-MD,FST-MI-14,severe,upstream_node_deletion,False,False,,[],True,0.0,B
59,MI-MD,FST-MI-14,severe,direct_impact,False,True,0,"[{""target"":""T2P"",""magnitude"":0.65,""start_week"":12,""duration_weeks"":6,""recovery_weeks"":3}]",True,0.0,B
60,MI-MD,FST-MI-15,all,candidate_passive,False,False,,"[{""target"":""T2P"",""magnitude"":0.8,""start_week"":12,""duration_weeks"":3,""recovery_weeks"":3}]",False,0.0071291999774985015,B
61,MI-MD,FST-MI-15,all,candidate_active,True,False,,"[{""target"":""T2P"",""magnitude"":0.8,""start_week"":12,""duration_weeks"":3,""recovery_weeks"":3}]",False,0.0071155999903567135,B
62,MI-MD,FST-MI-15,moderate,singleton,False,False,0,"[{""target"":""T2P"",""magnitude"":0.8,""start_week"":12,""duration_weeks"":3,""recovery_weeks"":3}]",True,0.0,B
63,MI-MD,FST-MI-15,moderate,upstream_node_deletion,False,False,,[],True,0.0,B
64,MI-MD,FST-MI-15,moderate,direct_impact,False,True,0,"[{""target"":""T2P"",""magnitude"":0.8,""start_week"":12,""duration_weeks"":3,""recovery_weeks"":3}]",False,0.005448500043712556,B
65,MI-MD,FST-MI-15,severe,singleton,False,False,0,"[{""target"":""T2P"",""magnitude"":0.8,""start_week"":12,""duration_weeks"":3,""recovery_weeks"":3}]",True,0.0,B
66,MI-MD,FST-MI-15,severe,upstream_node_deletion,False,False,,[],True,0.0,B
67,MI-MD,FST-MI-15,severe,direct_impact,False,True,0,"[{""target"":""T2P"",""magnitude"":0.8,""start_week"":12,""duration_weeks"":3,""recovery_weeks"":3}]",True,0.0,B
68,MI-MD,FST-MI-16,all,candidate_passive,False,False,,"[{""target"":""T2P"",""magnitude"":0.8,""start_week"":12,""duration_weeks"":6,""recovery_weeks"":3}]",False,0.005123699957039207,B
69,MI-MD,FST-MI-16,all,candidate_active,True,False,,"[{""target"":""T2P"",""magnitude"":0.8,""start_week"":12,""duration_weeks"":6,""recovery_weeks"":3}]",False,0.006364200031384826,B
70,MI-MD,FST-MI-16,moderate,singleton,False,False,0,"[{""target"":""T2P"",""magnitude"":0.8,""start_week"":12,""duration_weeks"":6,""recovery_weeks"":3}]",True,0.0,B
71,MI-MD,FST-MI-16,moderate,upstream_node_deletion,False,False,,[],True,0.0,B
72,MI-MD,FST-MI-16,moderate,direct_impact,False,True,0,"[{""target"":""T2P"",""magnitude"":0.8,""start_week"":12,""duration_weeks"":6,""recovery_weeks"":3}]",False,0.006800999981351197,B
73,MI-MD,FST-MI-16,severe,singleton,False,False,0,"[{""target"":""T2P"",""magnitude"":0.8,""start_week"":12,""duration_weeks"":6,""recovery_weeks"":3}]",True,0.0,B
74,MI-MD,FST-MI-16,severe,upstream_node_deletion,False,False,,[],True,0.0,B
75,MI-MD,FST-MI-16,severe,direct_impact,False,True,0,"[{""target"":""T2P"",""magnitude"":0.8,""start_week"":12,""duration_weeks"":6,""recovery_weeks"":3}]",True,0.0,B
76,MI-MD,FST-MI-17,all,candidate_passive,False,False,,"[{""target"":""corridor"",""magnitude"":0.3,""start_week"":12,""duration_weeks"":2,""recovery_weeks"":3}]",False,0.00714440003503114,B
77,MI-MD,FST-MI-18,all,candidate_passive,False,False,,"[{""target"":""corridor"",""magnitude"":0.3,""start_week"":12,""duration_weeks"":4,""recovery_weeks"":3}]",False,0.006713600014336407,B
78,MI-MD,FST-MI-19,all,candidate_passive,False,False,,"[{""target"":""corridor"",""magnitude"":0.5,""start_week"":12,""duration_weeks"":2,""recovery_weeks"":3}]",False,0.007061799988150597,B
79,MI-MD,FST-MI-19,all,candidate_active,True,False,,"[{""target"":""corridor"",""magnitude"":0.5,""start_week"":12,""duration_weeks"":2,""recovery_weeks"":3}]",False,0.006808399979490787,B
80,MI-MD,FST-MI-19,moderate,singleton,False,False,0,"[{""target"":""corridor"",""magnitude"":0.5,""start_week"":12,""duration_weeks"":2,""recovery_weeks"":3}]",True,0.0,B
81,MI-MD,FST-MI-19,severe,singleton,False,False,0,"[{""target"":""corridor"",""magnitude"":0.5,""start_week"":12,""duration_weeks"":2,""recovery_weeks"":3}]",True,0.0,B
82,MI-MD,FST-MI-20,all,candidate_passive,False,False,,"[{""target"":""corridor"",""magnitude"":0.5,""start_week"":12,""duration_weeks"":4,""recovery_weeks"":3}]",False,0.00641979998908937,B
83,MI-MD,FST-MI-20,all,candidate_active,True,False,,"[{""target"":""corridor"",""magnitude"":0.5,""start_week"":12,""duration_weeks"":4,""recovery_weeks"":3}]",False,0.007093599997460842,B
84,MI-MD,FST-MI-20,moderate,singleton,False,False,0,"[{""target"":""corridor"",""magnitude"":0.5,""start_week"":12,""duration_weeks"":4,""recovery_weeks"":3}]",True,0.0,B
85,MI-MD,FST-MI-20,severe,singleton,False,False,0,"[{""target"":""corridor"",""magnitude"":0.5,""start_week"":12,""duration_weeks"":4,""recovery_weeks"":3}]",True,0.0,B
86,MI-MD,FST-MI-21,all,candidate_passive,False,False,,"[{""target"":""corridor"",""magnitude"":0.7,""start_week"":12,""duration_weeks"":2,""recovery_weeks"":3}]",False,0.0039453000063076615,B
87,MI-MD,FST-MI-21,all,candidate_active,True,False,,"[{""target"":""corridor"",""magnitude"":0.7,""start_week"":12,""duration_weeks"":2,""recovery_weeks"":3}]",False,0.006362400017678738,B
88,MI-MD,FST-MI-21,moderate,singleton,False,False,0,"[{""target"":""corridor"",""magnitude"":0.7,""start_week"":12,""duration_weeks"":2,""recovery_weeks"":3}]",True,0.0,B
89,MI-MD,FST-MI-21,severe,singleton,False,False,0,"[{""target"":""corridor"",""magnitude"":0.7,""start_week"":12,""duration_weeks"":2,""recovery_weeks"":3}]",True,0.0,B
90,MI-MD,FST-MI-22,all,candidate_passive,False,False,,"[{""target"":""corridor"",""magnitude"":0.7,""start_week"":12,""duration_weeks"":4,""recovery_weeks"":3}]",False,0.003698799991980195,B
91,MI-MD,FST-MI-22,all,candidate_active,True,False,,"[{""target"":""corridor"",""magnitude"":0.7,""start_week"":12,""duration_weeks"":4,""recovery_weeks"":3}]",False,0.0057220000308007,B
92,MI-MD,FST-MI-22,moderate,singleton,False,False,0,"[{""target"":""corridor"",""magnitude"":0.7,""start_week"":12,""duration_weeks"":4,""recovery_weeks"":3}]",True,0.0,B
93,MI-MD,FST-MI-22,severe,singleton,False,False,0,"[{""target"":""corridor"",""magnitude"":0.7,""start_week"":12,""duration_weeks"":4,""recovery_weeks"":3}]",True,0.0,B
94,MI-MD,FST-MI-23,all,candidate_passive,False,False,,"[{""target"":""T2P"",""magnitude"":0.25,""start_week"":12,""duration_weeks"":3,""recovery_weeks"":3},{""target"":""corridor"",""magnitude"":0.25,""start_week"":12,""duration_weeks"":3,""recovery_weeks"":3}]",False,0.0075798999750986695,B
95,MI-MD,FST-MI-24,all,candidate_passive,False,False,,"[{""target"":""T2P"",""magnitude"":0.25,""start_week"":12,""duration_weeks"":3,""recovery_weeks"":3},{""target"":""corridor"",""magnitude"":0.35,""start_week"":12,""duration_weeks"":3,""recovery_weeks"":3}]",False,0.004141999990679324,B
96,MI-MD,FST-MI-24,all,candidate_active,True,False,,"[{""target"":""T2P"",""magnitude"":0.25,""start_week"":12,""duration_weeks"":3,""recovery_weeks"":3},{""target"":""corridor"",""magnitude"":0.35,""start_week"":12,""duration_weeks"":3,""recovery_weeks"":3}]",False,0.004019899992272258,B
97,MI-MD,FST-MI-24,moderate,singleton,False,False,0,"[{""target"":""T2P"",""magnitude"":0.25,""start_week"":12,""duration_weeks"":3,""recovery_weeks"":3}]",False,0.0054293000139296055,B
98,MI-MD,FST-MI-24,moderate,singleton,False,False,1,"[{""target"":""corridor"",""magnitude"":0.35,""start_week"":12,""duration_weeks"":3,""recovery_weeks"":3}]",False,0.003659399983007461,B
99,MI-MD,FST-MI-24,moderate,upstream_node_deletion,False,False,1,"[{""target"":""corridor"",""magnitude"":0.35,""start_week"":12,""duration_weeks"":3,""recovery_weeks"":3}]",True,0.0,B
100,MI-MD,FST-MI-24,moderate,direct_impact,False,True,0;1,"[{""target"":""T2P"",""magnitude"":0.25,""start_week"":12,""duration_weeks"":3,""recovery_weeks"":3},{""target"":""corridor"",""magnitude"":0.35,""start_week"":12,""duration_weeks"":3,""recovery_weeks"":3}]",False,0.004415700037498027,B
101,MI-MD,FST-MI-25,all,candidate_passive,False,False,,"[{""target"":""T2P"",""magnitude"":0.35,""start_week"":12,""duration_weeks"":3,""recovery_weeks"":3},{""target"":""corridor"",""magnitude"":0.25,""start_week"":12,""duration_weeks"":3,""recovery_weeks"":3}]",False,0.007988099998328835,B
102,MI-MD,FST-MI-25,all,candidate_active,True,False,,"[{""target"":""T2P"",""magnitude"":0.35,""start_week"":12,""duration_weeks"":3,""recovery_weeks"":3},{""target"":""corridor"",""magnitude"":0.25,""start_week"":12,""duration_weeks"":3,""recovery_weeks"":3}]",False,0.008425000007264316,B
103,MI-MD,FST-MI-25,moderate,singleton,False,False,0,"[{""target"":""T2P"",""magnitude"":0.35,""start_week"":12,""duration_weeks"":3,""recovery_weeks"":3}]",True,0.0,B
104,MI-MD,FST-MI-25,moderate,singleton,False,False,1,"[{""target"":""corridor"",""magnitude"":0.25,""start_week"":12,""duration_weeks"":3,""recovery_weeks"":3}]",False,0.004178300034254789,B
105,MI-MD,FST-MI-25,moderate,upstream_node_deletion,False,False,1,"[{""target"":""corridor"",""magnitude"":0.25,""start_week"":12,""duration_weeks"":3,""recovery_weeks"":3}]",True,0.0,B
106,MI-MD,FST-MI-25,moderate,direct_impact,False,True,0;1,"[{""target"":""T2P"",""magnitude"":0.35,""start_week"":12,""duration_weeks"":3,""recovery_weeks"":3},{""target"":""corridor"",""magnitude"":0.25,""start_week"":12,""duration_weeks"":3,""recovery_weeks"":3}]",False,0.007367199985310435,B
107,MI-MD,FST-MI-26,all,candidate_passive,False,False,,"[{""target"":""T2P"",""magnitude"":0.35,""start_week"":12,""duration_weeks"":3,""recovery_weeks"":3},{""target"":""corridor"",""magnitude"":0.35,""start_week"":12,""duration_weeks"":3,""recovery_weeks"":3}]",False,0.0040491000399924815,B
108,MI-MD,FST-MI-26,all,candidate_active,True,False,,"[{""target"":""T2P"",""magnitude"":0.35,""start_week"":12,""duration_weeks"":3,""recovery_weeks"":3},{""target"":""corridor"",""magnitude"":0.35,""start_week"":12,""duration_weeks"":3,""recovery_weeks"":3}]",False,0.004013400000985712,B
109,MI-MD,FST-MI-26,moderate,singleton,False,False,0,"[{""target"":""T2P"",""magnitude"":0.35,""start_week"":12,""duration_weeks"":3,""recovery_weeks"":3}]",True,0.0,B
110,MI-MD,FST-MI-26,moderate,singleton,False,False,1,"[{""target"":""corridor"",""magnitude"":0.35,""start_week"":12,""duration_weeks"":3,""recovery_weeks"":3}]",True,0.0,B
111,MI-MD,FST-MI-26,moderate,upstream_node_deletion,False,False,1,"[{""target"":""corridor"",""magnitude"":0.35,""start_week"":12,""duration_weeks"":3,""recovery_weeks"":3}]",True,0.0,B
112,MI-MD,FST-MI-26,moderate,direct_impact,False,True,0;1,"[{""target"":""T2P"",""magnitude"":0.35,""start_week"":12,""duration_weeks"":3,""recovery_weeks"":3},{""target"":""corridor"",""magnitude"":0.35,""start_week"":12,""duration_weeks"":3,""recovery_weeks"":3}]",False,0.00480479997349903,B
113,MI-MD,FST-MI-27,all,candidate_passive,False,False,,"[{""target"":""T2P"",""magnitude"":0.7,""start_week"":12,""duration_weeks"":3,""recovery_weeks"":3},{""target"":""corridor"",""magnitude"":0.3,""start_week"":12,""duration_weeks"":3,""recovery_weeks"":3}]",False,0.004065999994054437,B
114,MI-MD,FST-MI-27,all,candidate_active,True,False,,"[{""target"":""T2P"",""magnitude"":0.7,""start_week"":12,""duration_weeks"":3,""recovery_weeks"":3},{""target"":""corridor"",""magnitude"":0.3,""start_week"":12,""duration_weeks"":3,""recovery_weeks"":3}]",False,0.007598500000312924,B
115,MI-MD,FST-MI-27,moderate,singleton,False,False,0,"[{""target"":""T2P"",""magnitude"":0.7,""start_week"":12,""duration_weeks"":3,""recovery_weeks"":3}]",False,0.003541200014296919,B
116,MI-MD,FST-MI-27,moderate,singleton,False,False,1,"[{""target"":""corridor"",""magnitude"":0.3,""start_week"":12,""duration_weeks"":3,""recovery_weeks"":3}]",False,0.003874499991070479,B
117,MI-MD,FST-MI-27,moderate,upstream_node_deletion,False,False,1,"[{""target"":""corridor"",""magnitude"":0.3,""start_week"":12,""duration_weeks"":3,""recovery_weeks"":3}]",True,0.0,B
118,MI-MD,FST-MI-27,moderate,direct_impact,False,True,0;1,"[{""target"":""T2P"",""magnitude"":0.7,""start_week"":12,""duration_weeks"":3,""recovery_weeks"":3},{""target"":""corridor"",""magnitude"":0.3,""start_week"":12,""duration_weeks"":3,""recovery_weeks"":3}]",False,0.008430699992459267,B
119,MI-MD,FST-MI-27,severe,singleton,False,False,0,"[{""target"":""T2P"",""magnitude"":0.7,""start_week"":12,""duration_weeks"":3,""recovery_weeks"":3}]",True,0.0,B
120,MI-MD,FST-MI-27,severe,singleton,False,False,1,"[{""target"":""corridor"",""magnitude"":0.3,""start_week"":12,""duration_weeks"":3,""recovery_weeks"":3}]",True,0.0,B
121,MI-MD,FST-MI-27,severe,upstream_node_deletion,False,False,1,"[{""target"":""corridor"",""magnitude"":0.3,""start_week"":12,""duration_weeks"":3,""recovery_weeks"":3}]",True,0.0,B
122,MI-MD,FST-MI-27,severe,direct_impact,False,True,0;1,"[{""target"":""T2P"",""magnitude"":0.7,""start_week"":12,""duration_weeks"":3,""recovery_weeks"":3},{""target"":""corridor"",""magnitude"":0.3,""start_week"":12,""duration_weeks"":3,""recovery_weeks"":3}]",True,0.0,B
123,MI-MD,FST-MI-28,all,candidate_passive,False,False,,"[{""target"":""T2P"",""magnitude"":0.7,""start_week"":12,""duration_weeks"":3,""recovery_weeks"":3},{""target"":""corridor"",""magnitude"":0.6,""start_week"":12,""duration_weeks"":3,""recovery_weeks"":3}]",False,0.008289200020954013,B
124,MI-MD,FST-MI-28,all,candidate_active,True,False,,"[{""target"":""T2P"",""magnitude"":0.7,""start_week"":12,""duration_weeks"":3,""recovery_weeks"":3},{""target"":""corridor"",""magnitude"":0.6,""start_week"":12,""duration_weeks"":3,""recovery_weeks"":3}]",False,0.00804069999139756,B
125,MI-MD,FST-MI-28,moderate,singleton,False,False,0,"[{""target"":""T2P"",""magnitude"":0.7,""start_week"":12,""duration_weeks"":3,""recovery_weeks"":3}]",True,0.0,B
126,MI-MD,FST-MI-28,moderate,singleton,False,False,1,"[{""target"":""corridor"",""magnitude"":0.6,""start_week"":12,""duration_weeks"":3,""recovery_weeks"":3}]",False,0.004063599975779653,B
127,MI-MD,FST-MI-28,moderate,upstream_node_deletion,False,False,1,"[{""target"":""corridor"",""magnitude"":0.6,""start_week"":12,""duration_weeks"":3,""recovery_weeks"":3}]",True,0.0,B
128,MI-MD,FST-MI-28,moderate,direct_impact,False,True,0;1,"[{""target"":""T2P"",""magnitude"":0.7,""start_week"":12,""duration_weeks"":3,""recovery_weeks"":3},{""target"":""corridor"",""magnitude"":0.6,""start_week"":12,""duration_weeks"":3,""recovery_weeks"":3}]",False,0.004494299995712936,B
129,MI-MD,FST-MI-28,severe,singleton,False,False,0,"[{""target"":""T2P"",""magnitude"":0.7,""start_week"":12,""duration_weeks"":3,""recovery_weeks"":3}]",True,0.0,B
130,MI-MD,FST-MI-28,severe,singleton,False,False,1,"[{""target"":""corridor"",""magnitude"":0.6,""start_week"":12,""duration_weeks"":3,""recovery_weeks"":3}]",True,0.0,B
131,MI-MD,FST-MI-28,severe,upstream_node_deletion,False,False,1,"[{""target"":""corridor"",""magnitude"":0.6,""start_week"":12,""duration_weeks"":3,""recovery_weeks"":3}]",True,0.0,B
132,MI-MD,FST-MI-28,severe,direct_impact,False,True,0;1,"[{""target"":""T2P"",""magnitude"":0.7,""start_week"":12,""duration_weeks"":3,""recovery_weeks"":3},{""target"":""corridor"",""magnitude"":0.6,""start_week"":12,""duration_weeks"":3,""recovery_weeks"":3}]",True,0.0,B
133,MI-MD,FST-MI-29,all,candidate_passive,False,False,,"[{""target"":""T2P"",""magnitude"":0.8,""start_week"":12,""duration_weeks"":3,""recovery_weeks"":3},{""target"":""corridor"",""magnitude"":0.3,""start_week"":12,""duration_weeks"":3,""recovery_weeks"":3}]",False,0.00779169995803386,B
134,MI-MD,FST-MI-29,all,candidate_active,True,False,,"[{""target"":""T2P"",""magnitude"":0.8,""start_week"":12,""duration_weeks"":3,""recovery_weeks"":3},{""target"":""corridor"",""magnitude"":0.3,""start_week"":12,""duration_weeks"":3,""recovery_weeks"":3}]",False,0.008038299973122776,B
135,MI-MD,FST-MI-29,moderate,singleton,False,False,0,"[{""target"":""T2P"",""magnitude"":0.8,""start_week"":12,""duration_weeks"":3,""recovery_weeks"":3}]",True,0.0,B
136,MI-MD,FST-MI-29,moderate,singleton,False,False,1,"[{""target"":""corridor"",""magnitude"":0.3,""start_week"":12,""duration_weeks"":3,""recovery_weeks"":3}]",True,0.0,B
137,MI-MD,FST-MI-29,moderate,upstream_node_deletion,False,False,1,"[{""target"":""corridor"",""magnitude"":0.3,""start_week"":12,""duration_weeks"":3,""recovery_weeks"":3}]",True,0.0,B
138,MI-MD,FST-MI-29,moderate,direct_impact,False,True,0;1,"[{""target"":""T2P"",""magnitude"":0.8,""start_week"":12,""duration_weeks"":3,""recovery_weeks"":3},{""target"":""corridor"",""magnitude"":0.3,""start_week"":12,""duration_weeks"":3,""recovery_weeks"":3}]",False,0.004990500048734248,B
139,MI-MD,FST-MI-29,severe,singleton,False,False,0,"[{""target"":""T2P"",""magnitude"":0.8,""start_week"":12,""duration_weeks"":3,""recovery_weeks"":3}]",True,0.0,B
140,MI-MD,FST-MI-29,severe,singleton,False,False,1,"[{""target"":""corridor"",""magnitude"":0.3,""start_week"":12,""duration_weeks"":3,""recovery_weeks"":3}]",True,0.0,B
141,MI-MD,FST-MI-29,severe,upstream_node_deletion,False,False,1,"[{""target"":""corridor"",""magnitude"":0.3,""start_week"":12,""duration_weeks"":3,""recovery_weeks"":3}]",True,0.0,B
142,MI-MD,FST-MI-29,severe,direct_impact,False,True,0;1,"[{""target"":""T2P"",""magnitude"":0.8,""start_week"":12,""duration_weeks"":3,""recovery_weeks"":3},{""target"":""corridor"",""magnitude"":0.3,""start_week"":12,""duration_weeks"":3,""recovery_weeks"":3}]",True,0.0,B
143,MI-MD,FST-MI-30,all,candidate_passive,False,False,,"[{""target"":""T2P"",""magnitude"":0.8,""start_week"":12,""duration_weeks"":3,""recovery_weeks"":3},{""target"":""corridor"",""magnitude"":0.6,""start_week"":12,""duration_weeks"":3,""recovery_weeks"":3}]",False,0.004672400013078004,B
144,MI-MD,FST-MI-30,all,candidate_active,True,False,,"[{""target"":""T2P"",""magnitude"":0.8,""start_week"":12,""duration_weeks"":3,""recovery_weeks"":3},{""target"":""corridor"",""magnitude"":0.6,""start_week"":12,""duration_weeks"":3,""recovery_weeks"":3}]",False,0.005437800020445138,B
145,MI-MD,FST-MI-30,moderate,singleton,False,False,0,"[{""target"":""T2P"",""magnitude"":0.8,""start_week"":12,""duration_weeks"":3,""recovery_weeks"":3}]",True,0.0,B
146,MI-MD,FST-MI-30,moderate,singleton,False,False,1,"[{""target"":""corridor"",""magnitude"":0.6,""start_week"":12,""duration_weeks"":3,""recovery_weeks"":3}]",True,0.0,B
147,MI-MD,FST-MI-30,moderate,upstream_node_deletion,False,False,1,"[{""target"":""corridor"",""magnitude"":0.6,""start_week"":12,""duration_weeks"":3,""recovery_weeks"":3}]",True,0.0,B
148,MI-MD,FST-MI-30,moderate,direct_impact,False,True,0;1,"[{""target"":""T2P"",""magnitude"":0.8,""start_week"":12,""duration_weeks"":3,""recovery_weeks"":3},{""target"":""corridor"",""magnitude"":0.6,""start_week"":12,""duration_weeks"":3,""recovery_weeks"":3}]",False,0.004319899948313832,B
149,MI-MD,FST-MI-30,severe,singleton,False,False,0,"[{""target"":""T2P"",""magnitude"":0.8,""start_week"":12,""duration_weeks"":3,""recovery_weeks"":3}]",True,0.0,B
150,MI-MD,FST-MI-30,severe,singleton,False,False,1,"[{""target"":""corridor"",""magnitude"":0.6,""start_week"":12,""duration_weeks"":3,""recovery_weeks"":3}]",True,0.0,B
151,MI-MD,FST-MI-30,severe,upstream_node_deletion,False,False,1,"[{""target"":""corridor"",""magnitude"":0.6,""start_week"":12,""duration_weeks"":3,""recovery_weeks"":3}]",True,0.0,B
152,MI-MD,FST-MI-30,severe,direct_impact,False,True,0;1,"[{""target"":""T2P"",""magnitude"":0.8,""start_week"":12,""duration_weeks"":3,""recovery_weeks"":3},{""target"":""corridor"",""magnitude"":0.6,""start_week"":12,""duration_weeks"":3,""recovery_weeks"":3}]",True,0.0,B
153,MI-MD,FST-MI-31,all,candidate_passive,False,False,,"[{""target"":""T2P"",""magnitude"":0.25,""start_week"":12,""duration_weeks"":3,""recovery_weeks"":3},{""target"":""S1A"",""magnitude"":0.4,""start_week"":12,""duration_weeks"":3,""recovery_weeks"":3}]",False,0.00804339995374903,B
154,MI-MD,FST-MI-32,all,candidate_passive,False,False,,"[{""target"":""T2P"",""magnitude"":0.35,""start_week"":12,""duration_weeks"":3,""recovery_weeks"":3},{""target"":""S1A"",""magnitude"":0.4,""start_week"":12,""duration_weeks"":3,""recovery_weeks"":3}]",False,0.004273600003216416,B
155,MI-MD,FST-MI-33,all,candidate_passive,False,False,,"[{""target"":""T2P"",""magnitude"":0.25,""start_week"":12,""duration_weeks"":3,""recovery_weeks"":3},{""target"":""S1B"",""magnitude"":0.4,""start_week"":12,""duration_weeks"":3,""recovery_weeks"":3}]",False,0.0077485000365413725,B
156,MI-MD,FST-MI-34,all,candidate_passive,False,False,,"[{""target"":""T2P"",""magnitude"":0.35,""start_week"":12,""duration_weeks"":3,""recovery_weeks"":3},{""target"":""S1B"",""magnitude"":0.4,""start_week"":12,""duration_weeks"":3,""recovery_weeks"":3}]",False,0.005538400029763579,B
157,MI-MD,FST-MI-35,all,candidate_passive,False,False,,"[{""target"":""T2P"",""magnitude"":0.25,""start_week"":12,""duration_weeks"":3,""recovery_weeks"":3},{""target"":""S1C"",""magnitude"":0.4,""start_week"":12,""duration_weeks"":3,""recovery_weeks"":3}]",False,0.0045405999990180135,B
158,MI-MD,FST-MI-36,all,candidate_passive,False,False,,"[{""target"":""T2P"",""magnitude"":0.35,""start_week"":12,""duration_weeks"":3,""recovery_weeks"":3},{""target"":""S1C"",""magnitude"":0.4,""start_week"":12,""duration_weeks"":3,""recovery_weeks"":3}]",False,0.005390400008764118,B
159,MI-MD,FST-MI-36,all,candidate_active,True,False,,"[{""target"":""T2P"",""magnitude"":0.35,""start_week"":12,""duration_weeks"":3,""recovery_weeks"":3},{""target"":""S1C"",""magnitude"":0.4,""start_week"":12,""duration_weeks"":3,""recovery_weeks"":3}]",False,0.007735999999567866,B
160,MI-MD,FST-MI-36,moderate,singleton,False,False,0,"[{""target"":""T2P"",""magnitude"":0.35,""start_week"":12,""duration_weeks"":3,""recovery_weeks"":3}]",True,0.0,B
161,MI-MD,FST-MI-36,moderate,singleton,False,False,1,"[{""target"":""S1C"",""magnitude"":0.4,""start_week"":12,""duration_weeks"":3,""recovery_weeks"":3}]",False,0.0072802999638952315,B
162,MI-MD,FST-MI-36,moderate,upstream_node_deletion,False,False,1,"[{""target"":""S1C"",""magnitude"":0.4,""start_week"":12,""duration_weeks"":3,""recovery_weeks"":3}]",True,0.0,B
163,MI-MD,FST-MI-36,moderate,direct_impact,False,True,0;1,"[{""target"":""T2P"",""magnitude"":0.35,""start_week"":12,""duration_weeks"":3,""recovery_weeks"":3},{""target"":""S1C"",""magnitude"":0.4,""start_week"":12,""duration_weeks"":3,""recovery_weeks"":3}]",False,0.008801099960692227,B
164,MI-MD,FST-MI-37,all,candidate_passive,False,False,,"[{""target"":""T2P"",""magnitude"":0.25,""start_week"":12,""duration_weeks"":3,""recovery_weeks"":3},{""target"":""demand"",""magnitude"":0.15,""start_week"":12,""duration_weeks"":3,""recovery_weeks"":2}]",False,0.007149200013373047,B
165,MI-MD,FST-MI-38,all,candidate_passive,False,False,,"[{""target"":""T2P"",""magnitude"":0.25,""start_week"":12,""duration_weeks"":3,""recovery_weeks"":3},{""target"":""demand"",""magnitude"":0.25,""start_week"":12,""duration_weeks"":3,""recovery_weeks"":2}]",False,0.006896100006997585,B
166,MI-MD,FST-MI-38,all,candidate_active,True,False,,"[{""target"":""T2P"",""magnitude"":0.25,""start_week"":12,""duration_weeks"":3,""recovery_weeks"":3},{""target"":""demand"",""magnitude"":0.25,""start_week"":12,""duration_weeks"":3,""recovery_weeks"":2}]",False,0.003728899988345802,B
167,MI-MD,FST-MI-38,moderate,singleton,False,False,0,"[{""target"":""T2P"",""magnitude"":0.25,""start_week"":12,""duration_weeks"":3,""recovery_weeks"":3}]",True,0.0,B
168,MI-MD,FST-MI-38,moderate,singleton,False,False,1,"[{""target"":""demand"",""magnitude"":0.25,""start_week"":12,""duration_weeks"":3,""recovery_weeks"":2}]",False,0.0030655000009573996,B
169,MI-MD,FST-MI-38,moderate,upstream_node_deletion,False,False,1,"[{""target"":""demand"",""magnitude"":0.25,""start_week"":12,""duration_weeks"":3,""recovery_weeks"":2}]",True,0.0,B
170,MI-MD,FST-MI-38,moderate,direct_impact,False,True,0;1,"[{""target"":""T2P"",""magnitude"":0.25,""start_week"":12,""duration_weeks"":3,""recovery_weeks"":3},{""target"":""demand"",""magnitude"":0.25,""start_week"":12,""duration_weeks"":3,""recovery_weeks"":2}]",False,0.006308000010903925,B
171,MI-MD,FST-MI-39,all,candidate_passive,False,False,,"[{""target"":""T2P"",""magnitude"":0.35,""start_week"":12,""duration_weeks"":3,""recovery_weeks"":3},{""target"":""demand"",""magnitude"":0.15,""start_week"":12,""duration_weeks"":3,""recovery_weeks"":2}]",False,0.006992399983573705,B
172,MI-MD,FST-MI-39,all,candidate_active,True,False,,"[{""target"":""T2P"",""magnitude"":0.35,""start_week"":12,""duration_weeks"":3,""recovery_weeks"":3},{""target"":""demand"",""magnitude"":0.15,""start_week"":12,""duration_weeks"":3,""recovery_weeks"":2}]",False,0.008456299954559654,B
173,MI-MD,FST-MI-39,moderate,singleton,False,False,0,"[{""target"":""T2P"",""magnitude"":0.35,""start_week"":12,""duration_weeks"":3,""recovery_weeks"":3}]",True,0.0,B
174,MI-MD,FST-MI-39,moderate,singleton,False,False,1,"[{""target"":""demand"",""magnitude"":0.15,""start_week"":12,""duration_weeks"":3,""recovery_weeks"":2}]",False,0.006369100010488182,B
175,MI-MD,FST-MI-39,moderate,upstream_node_deletion,False,False,1,"[{""target"":""demand"",""magnitude"":0.15,""start_week"":12,""duration_weeks"":3,""recovery_weeks"":2}]",True,0.0,B
176,MI-MD,FST-MI-39,moderate,direct_impact,False,True,0;1,"[{""target"":""T2P"",""magnitude"":0.35,""start_week"":12,""duration_weeks"":3,""recovery_weeks"":3},{""target"":""demand"",""magnitude"":0.15,""start_week"":12,""duration_weeks"":3,""recovery_weeks"":2}]",False,0.00679760001366958,B
177,MI-MD,FST-MI-40,all,candidate_passive,False,False,,"[{""target"":""T2P"",""magnitude"":0.35,""start_week"":12,""duration_weeks"":3,""recovery_weeks"":3},{""target"":""demand"",""magnitude"":0.25,""start_week"":12,""duration_weeks"":3,""recovery_weeks"":2}]",False,0.006375099997967482,B
178,MI-MD,FST-MI-40,all,candidate_active,True,False,,"[{""target"":""T2P"",""magnitude"":0.35,""start_week"":12,""duration_weeks"":3,""recovery_weeks"":3},{""target"":""demand"",""magnitude"":0.25,""start_week"":12,""duration_weeks"":3,""recovery_weeks"":2}]",False,0.0053539000218734145,B
179,MI-MD,FST-MI-40,moderate,singleton,False,False,0,"[{""target"":""T2P"",""magnitude"":0.35,""start_week"":12,""duration_weeks"":3,""recovery_weeks"":3}]",True,0.0,B
180,MI-MD,FST-MI-40,moderate,singleton,False,False,1,"[{""target"":""demand"",""magnitude"":0.25,""start_week"":12,""duration_weeks"":3,""recovery_weeks"":2}]",True,0.0,B
181,MI-MD,FST-MI-40,moderate,upstream_node_deletion,False,False,1,"[{""target"":""demand"",""magnitude"":0.25,""start_week"":12,""duration_weeks"":3,""recovery_weeks"":2}]",True,0.0,B
182,MI-MD,FST-MI-40,moderate,direct_impact,False,True,0;1,"[{""target"":""T2P"",""magnitude"":0.35,""start_week"":12,""duration_weeks"":3,""recovery_weeks"":3},{""target"":""demand"",""magnitude"":0.25,""start_week"":12,""duration_weeks"":3,""recovery_weeks"":2}]",False,0.00604050001129508,B
183,MI-MD,FST-MI-41,all,candidate_passive,False,False,,"[{""target"":""T2P"",""magnitude"":0.3,""start_week"":12,""duration_weeks"":3,""recovery_weeks"":3},{""target"":""corridor"",""magnitude"":0.5,""start_week"":15,""duration_weeks"":2,""recovery_weeks"":3}]",False,0.004246000025887042,B
184,MI-MD,FST-MI-41,all,candidate_active,True,False,,"[{""target"":""T2P"",""magnitude"":0.3,""start_week"":12,""duration_weeks"":3,""recovery_weeks"":3},{""target"":""corridor"",""magnitude"":0.5,""start_week"":15,""duration_weeks"":2,""recovery_weeks"":3}]",False,0.004272199992556125,B
185,MI-MD,FST-MI-41,moderate,singleton,False,False,0,"[{""target"":""T2P"",""magnitude"":0.3,""start_week"":12,""duration_weeks"":3,""recovery_weeks"":3}]",False,0.005260200006887317,B
186,MI-MD,FST-MI-41,moderate,singleton,False,False,1,"[{""target"":""corridor"",""magnitude"":0.5,""start_week"":15,""duration_weeks"":2,""recovery_weeks"":3}]",False,0.005151999997906387,B
187,MI-MD,FST-MI-41,moderate,upstream_node_deletion,False,False,1,"[{""target"":""corridor"",""magnitude"":0.5,""start_week"":15,""duration_weeks"":2,""recovery_weeks"":3}]",True,0.0,B
188,MI-MD,FST-MI-41,moderate,direct_impact,False,True,0;1,"[{""target"":""T2P"",""magnitude"":0.3,""start_week"":12,""duration_weeks"":3,""recovery_weeks"":3},{""target"":""corridor"",""magnitude"":0.5,""start_week"":15,""duration_weeks"":2,""recovery_weeks"":3}]",False,0.0063165000174194574,B
189,MI-MD,FST-MI-41,moderate,later_event_deletion,False,False,0,"[{""target"":""T2P"",""magnitude"":0.3,""start_week"":12,""duration_weeks"":3,""recovery_weeks"":3}]",True,0.0,B
190,MI-MD,FST-MI-41,severe,singleton,False,False,0,"[{""target"":""T2P"",""magnitude"":0.3,""start_week"":12,""duration_weeks"":3,""recovery_weeks"":3}]",True,0.0,B
191,MI-MD,FST-MI-41,severe,singleton,False,False,1,"[{""target"":""corridor"",""magnitude"":0.5,""start_week"":15,""duration_weeks"":2,""recovery_weeks"":3}]",True,0.0,B
192,MI-MD,FST-MI-41,severe,upstream_node_deletion,False,False,1,"[{""target"":""corridor"",""magnitude"":0.5,""start_week"":15,""duration_weeks"":2,""recovery_weeks"":3}]",True,0.0,B
193,MI-MD,FST-MI-41,severe,direct_impact,False,True,0;1,"[{""target"":""T2P"",""magnitude"":0.3,""start_week"":12,""duration_weeks"":3,""recovery_weeks"":3},{""target"":""corridor"",""magnitude"":0.5,""start_week"":15,""duration_weeks"":2,""recovery_weeks"":3}]",True,0.0,B
194,MI-MD,FST-MI-41,severe,later_event_deletion,False,False,0,"[{""target"":""T2P"",""magnitude"":0.3,""start_week"":12,""duration_weeks"":3,""recovery_weeks"":3}]",True,0.0,B
195,MI-MD,FST-MI-42,all,candidate_passive,False,False,,"[{""target"":""T2P"",""magnitude"":0.4,""start_week"":12,""duration_weeks"":3,""recovery_weeks"":3},{""target"":""corridor"",""magnitude"":0.5,""start_week"":15,""duration_weeks"":2,""recovery_weeks"":3}]",False,0.006147100008092821,B
196,MI-MD,FST-MI-42,all,candidate_active,True,False,,"[{""target"":""T2P"",""magnitude"":0.4,""start_week"":12,""duration_weeks"":3,""recovery_weeks"":3},{""target"":""corridor"",""magnitude"":0.5,""start_week"":15,""duration_weeks"":2,""recovery_weeks"":3}]",False,0.007543599989730865,B
197,MI-MD,FST-MI-42,moderate,singleton,False,False,0,"[{""target"":""T2P"",""magnitude"":0.4,""start_week"":12,""duration_weeks"":3,""recovery_weeks"":3}]",False,0.007769099960569292,B
198,MI-MD,FST-MI-42,moderate,singleton,False,False,1,"[{""target"":""corridor"",""magnitude"":0.5,""start_week"":15,""duration_weeks"":2,""recovery_weeks"":3}]",True,0.0,B
199,MI-MD,FST-MI-42,moderate,upstream_node_deletion,False,False,1,"[{""target"":""corridor"",""magnitude"":0.5,""start_week"":15,""duration_weeks"":2,""recovery_weeks"":3}]",True,0.0,B
200,MI-MD,FST-MI-42,moderate,direct_impact,False,True,0;1,"[{""target"":""T2P"",""magnitude"":0.4,""start_week"":12,""duration_weeks"":3,""recovery_weeks"":3},{""target"":""corridor"",""magnitude"":0.5,""start_week"":15,""duration_weeks"":2,""recovery_weeks"":3}]",False,0.008533099957276136,B
201,MI-MD,FST-MI-42,moderate,later_event_deletion,False,False,0,"[{""target"":""T2P"",""magnitude"":0.4,""start_week"":12,""duration_weeks"":3,""recovery_weeks"":3}]",True,0.0,B
202,MI-MD,FST-MI-42,severe,singleton,False,False,0,"[{""target"":""T2P"",""magnitude"":0.4,""start_week"":12,""duration_weeks"":3,""recovery_weeks"":3}]",True,0.0,B
203,MI-MD,FST-MI-42,severe,singleton,False,False,1,"[{""target"":""corridor"",""magnitude"":0.5,""start_week"":15,""duration_weeks"":2,""recovery_weeks"":3}]",True,0.0,B
204,MI-MD,FST-MI-42,severe,upstream_node_deletion,False,False,1,"[{""target"":""corridor"",""magnitude"":0.5,""start_week"":15,""duration_weeks"":2,""recovery_weeks"":3}]",True,0.0,B
205,MI-MD,FST-MI-42,severe,direct_impact,False,True,0;1,"[{""target"":""T2P"",""magnitude"":0.4,""start_week"":12,""duration_weeks"":3,""recovery_weeks"":3},{""target"":""corridor"",""magnitude"":0.5,""start_week"":15,""duration_weeks"":2,""recovery_weeks"":3}]",True,0.0,B
206,MI-MD,FST-MI-42,severe,later_event_deletion,False,False,0,"[{""target"":""T2P"",""magnitude"":0.4,""start_week"":12,""duration_weeks"":3,""recovery_weeks"":3}]",True,0.0,B
207,MI-MD,FST-MI-43,all,candidate_passive,False,False,,"[{""target"":""T2P"",""magnitude"":0.5,""start_week"":12,""duration_weeks"":3,""recovery_weeks"":3},{""target"":""corridor"",""magnitude"":0.5,""start_week"":15,""duration_weeks"":2,""recovery_weeks"":3}]",False,0.008148199995048344,B
208,MI-MD,FST-MI-43,all,candidate_active,True,False,,"[{""target"":""T2P"",""magnitude"":0.5,""start_week"":12,""duration_weeks"":3,""recovery_weeks"":3},{""target"":""corridor"",""magnitude"":0.5,""start_week"":15,""duration_weeks"":2,""recovery_weeks"":3}]",False,0.007749800046440214,B
209,MI-MD,FST-MI-43,moderate,singleton,False,False,0,"[{""target"":""T2P"",""magnitude"":0.5,""start_week"":12,""duration_weeks"":3,""recovery_weeks"":3}]",True,0.0,B
210,MI-MD,FST-MI-43,moderate,singleton,False,False,1,"[{""target"":""corridor"",""magnitude"":0.5,""start_week"":15,""duration_weeks"":2,""recovery_weeks"":3}]",True,0.0,B
211,MI-MD,FST-MI-43,moderate,upstream_node_deletion,False,False,1,"[{""target"":""corridor"",""magnitude"":0.5,""start_week"":15,""duration_weeks"":2,""recovery_weeks"":3}]",True,0.0,B
212,MI-MD,FST-MI-43,moderate,direct_impact,False,True,0;1,"[{""target"":""T2P"",""magnitude"":0.5,""start_week"":12,""duration_weeks"":3,""recovery_weeks"":3},{""target"":""corridor"",""magnitude"":0.5,""start_week"":15,""duration_weeks"":2,""recovery_weeks"":3}]",False,0.007909700041636825,B
213,MI-MD,FST-MI-43,moderate,later_event_deletion,False,False,0,"[{""target"":""T2P"",""magnitude"":0.5,""start_week"":12,""duration_weeks"":3,""recovery_weeks"":3}]",True,0.0,B
214,MI-MD,FST-MI-43,severe,singleton,False,False,0,"[{""target"":""T2P"",""magnitude"":0.5,""start_week"":12,""duration_weeks"":3,""recovery_weeks"":3}]",True,0.0,B
215,MI-MD,FST-MI-43,severe,singleton,False,False,1,"[{""target"":""corridor"",""magnitude"":0.5,""start_week"":15,""duration_weeks"":2,""recovery_weeks"":3}]",True,0.0,B
216,MI-MD,FST-MI-43,severe,upstream_node_deletion,False,False,1,"[{""target"":""corridor"",""magnitude"":0.5,""start_week"":15,""duration_weeks"":2,""recovery_weeks"":3}]",True,0.0,B
217,MI-MD,FST-MI-43,severe,direct_impact,False,True,0;1,"[{""target"":""T2P"",""magnitude"":0.5,""start_week"":12,""duration_weeks"":3,""recovery_weeks"":3},{""target"":""corridor"",""magnitude"":0.5,""start_week"":15,""duration_weeks"":2,""recovery_weeks"":3}]",True,0.0,B
218,MI-MD,FST-MI-43,severe,later_event_deletion,False,False,0,"[{""target"":""T2P"",""magnitude"":0.5,""start_week"":12,""duration_weeks"":3,""recovery_weeks"":3}]",True,0.0,B
219,MI-MD,FST-MI-44,all,candidate_passive,False,False,,"[{""target"":""T2P"",""magnitude"":0.6,""start_week"":12,""duration_weeks"":3,""recovery_weeks"":3},{""target"":""corridor"",""magnitude"":0.5,""start_week"":15,""duration_weeks"":2,""recovery_weeks"":3}]",False,0.007660600007511675,B
220,MI-MD,FST-MI-44,all,candidate_active,True,False,,"[{""target"":""T2P"",""magnitude"":0.6,""start_week"":12,""duration_weeks"":3,""recovery_weeks"":3},{""target"":""corridor"",""magnitude"":0.5,""start_week"":15,""duration_weeks"":2,""recovery_weeks"":3}]",False,0.007562000013422221,B
221,MI-MD,FST-MI-44,moderate,singleton,False,False,0,"[{""target"":""T2P"",""magnitude"":0.6,""start_week"":12,""duration_weeks"":3,""recovery_weeks"":3}]",False,0.006864699942525476,B
222,MI-MD,FST-MI-44,moderate,singleton,False,False,1,"[{""target"":""corridor"",""magnitude"":0.5,""start_week"":15,""duration_weeks"":2,""recovery_weeks"":3}]",True,0.0,B
223,MI-MD,FST-MI-44,moderate,upstream_node_deletion,False,False,1,"[{""target"":""corridor"",""magnitude"":0.5,""start_week"":15,""duration_weeks"":2,""recovery_weeks"":3}]",True,0.0,B
224,MI-MD,FST-MI-44,moderate,direct_impact,False,True,0;1,"[{""target"":""T2P"",""magnitude"":0.6,""start_week"":12,""duration_weeks"":3,""recovery_weeks"":3},{""target"":""corridor"",""magnitude"":0.5,""start_week"":15,""duration_weeks"":2,""recovery_weeks"":3}]",False,0.007483699999283999,B
225,MI-MD,FST-MI-44,moderate,later_event_deletion,False,False,0,"[{""target"":""T2P"",""magnitude"":0.6,""start_week"":12,""duration_weeks"":3,""recovery_weeks"":3}]",True,0.0,B
226,MI-MD,FST-MI-44,severe,singleton,False,False,0,"[{""target"":""T2P"",""magnitude"":0.6,""start_week"":12,""duration_weeks"":3,""recovery_weeks"":3}]",True,0.0,B
227,MI-MD,FST-MI-44,severe,singleton,False,False,1,"[{""target"":""corridor"",""magnitude"":0.5,""start_week"":15,""duration_weeks"":2,""recovery_weeks"":3}]",True,0.0,B
228,MI-MD,FST-MI-44,severe,upstream_node_deletion,False,False,1,"[{""target"":""corridor"",""magnitude"":0.5,""start_week"":15,""duration_weeks"":2,""recovery_weeks"":3}]",True,0.0,B
229,MI-MD,FST-MI-44,severe,direct_impact,False,True,0;1,"[{""target"":""T2P"",""magnitude"":0.6,""start_week"":12,""duration_weeks"":3,""recovery_weeks"":3},{""target"":""corridor"",""magnitude"":0.5,""start_week"":15,""duration_weeks"":2,""recovery_weeks"":3}]",True,0.0,B
230,MI-MD,FST-MI-44,severe,later_event_deletion,False,False,0,"[{""target"":""T2P"",""magnitude"":0.6,""start_week"":12,""duration_weeks"":3,""recovery_weeks"":3}]",True,0.0,B
231,MI-MD,FST-MI-45,all,candidate_passive,False,False,,"[{""target"":""T2P"",""magnitude"":0.7,""start_week"":12,""duration_weeks"":3,""recovery_weeks"":3},{""target"":""corridor"",""magnitude"":0.5,""start_week"":15,""duration_weeks"":2,""recovery_weeks"":3}]",False,0.008298999979160726,B
232,MI-MD,FST-MI-45,all,candidate_active,True,False,,"[{""target"":""T2P"",""magnitude"":0.7,""start_week"":12,""duration_weeks"":3,""recovery_weeks"":3},{""target"":""corridor"",""magnitude"":0.5,""start_week"":15,""duration_weeks"":2,""recovery_weeks"":3}]",False,0.005432299978565425,B
233,MI-MD,FST-MI-45,moderate,singleton,False,False,0,"[{""target"":""T2P"",""magnitude"":0.7,""start_week"":12,""duration_weeks"":3,""recovery_weeks"":3}]",True,0.0,B
234,MI-MD,FST-MI-45,moderate,singleton,False,False,1,"[{""target"":""corridor"",""magnitude"":0.5,""start_week"":15,""duration_weeks"":2,""recovery_weeks"":3}]",True,0.0,B
235,MI-MD,FST-MI-45,moderate,upstream_node_deletion,False,False,1,"[{""target"":""corridor"",""magnitude"":0.5,""start_week"":15,""duration_weeks"":2,""recovery_weeks"":3}]",True,0.0,B
236,MI-MD,FST-MI-45,moderate,direct_impact,False,True,0;1,"[{""target"":""T2P"",""magnitude"":0.7,""start_week"":12,""duration_weeks"":3,""recovery_weeks"":3},{""target"":""corridor"",""magnitude"":0.5,""start_week"":15,""duration_weeks"":2,""recovery_weeks"":3}]",False,0.004508899990469217,B
237,MI-MD,FST-MI-45,moderate,later_event_deletion,False,False,0,"[{""target"":""T2P"",""magnitude"":0.7,""start_week"":12,""duration_weeks"":3,""recovery_weeks"":3}]",True,0.0,B
238,MI-MD,FST-MI-45,severe,singleton,False,False,0,"[{""target"":""T2P"",""magnitude"":0.7,""start_week"":12,""duration_weeks"":3,""recovery_weeks"":3}]",True,0.0,B
239,MI-MD,FST-MI-45,severe,singleton,False,False,1,"[{""target"":""corridor"",""magnitude"":0.5,""start_week"":15,""duration_weeks"":2,""recovery_weeks"":3}]",True,0.0,B
240,MI-MD,FST-MI-45,severe,upstream_node_deletion,False,False,1,"[{""target"":""corridor"",""magnitude"":0.5,""start_week"":15,""duration_weeks"":2,""recovery_weeks"":3}]",True,0.0,B
241,MI-MD,FST-MI-45,severe,direct_impact,False,True,0;1,"[{""target"":""T2P"",""magnitude"":0.7,""start_week"":12,""duration_weeks"":3,""recovery_weeks"":3},{""target"":""corridor"",""magnitude"":0.5,""start_week"":15,""duration_weeks"":2,""recovery_weeks"":3}]",True,0.0,B
242,MI-MD,FST-MI-45,severe,later_event_deletion,False,False,0,"[{""target"":""T2P"",""magnitude"":0.7,""start_week"":12,""duration_weeks"":3,""recovery_weeks"":3}]",True,0.0,B
243,MI-MD,FST-MI-46,all,candidate_passive,False,False,,"[{""target"":""corridor"",""magnitude"":0.3,""start_week"":12,""duration_weeks"":3,""recovery_weeks"":3},{""target"":""T2P"",""magnitude"":0.5,""start_week"":15,""duration_weeks"":2,""recovery_weeks"":3}]",False,0.004356099991127849,B
244,MI-MD,FST-MI-46,all,candidate_active,True,False,,"[{""target"":""corridor"",""magnitude"":0.3,""start_week"":12,""duration_weeks"":3,""recovery_weeks"":3},{""target"":""T2P"",""magnitude"":0.5,""start_week"":15,""duration_weeks"":2,""recovery_weeks"":3}]",False,0.004324599984101951,B
245,MI-MD,FST-MI-46,moderate,singleton,False,False,0,"[{""target"":""corridor"",""magnitude"":0.3,""start_week"":12,""duration_weeks"":3,""recovery_weeks"":3}]",True,0.0,B
246,MI-MD,FST-MI-46,moderate,singleton,False,False,1,"[{""target"":""T2P"",""magnitude"":0.5,""start_week"":15,""duration_weeks"":2,""recovery_weeks"":3}]",False,0.004895700025372207,B
247,MI-MD,FST-MI-46,moderate,upstream_node_deletion,False,False,0,"[{""target"":""corridor"",""magnitude"":0.3,""start_week"":12,""duration_weeks"":3,""recovery_weeks"":3}]",True,0.0,B
248,MI-MD,FST-MI-46,moderate,direct_impact,False,True,0;1,"[{""target"":""corridor"",""magnitude"":0.3,""start_week"":12,""duration_weeks"":3,""recovery_weeks"":3},{""target"":""T2P"",""magnitude"":0.5,""start_week"":15,""duration_weeks"":2,""recovery_weeks"":3}]",False,0.004220200004056096,B
249,MI-MD,FST-MI-46,moderate,later_event_deletion,False,False,0,"[{""target"":""corridor"",""magnitude"":0.3,""start_week"":12,""duration_weeks"":3,""recovery_weeks"":3}]",True,0.0,B
250,MI-MD,FST-MI-47,all,candidate_passive,False,False,,"[{""target"":""corridor"",""magnitude"":0.4,""start_week"":12,""duration_weeks"":3,""recovery_weeks"":3},{""target"":""T2P"",""magnitude"":0.5,""start_week"":15,""duration_weeks"":2,""recovery_weeks"":3}]",False,0.004093999974429607,B
251,MI-MD,FST-MI-47,all,candidate_active,True,False,,"[{""target"":""corridor"",""magnitude"":0.4,""start_week"":12,""duration_weeks"":3,""recovery_weeks"":3},{""target"":""T2P"",""magnitude"":0.5,""start_week"":15,""duration_weeks"":2,""recovery_weeks"":3}]",False,0.0048534999950788915,B
252,MI-MD,FST-MI-47,moderate,singleton,False,False,0,"[{""target"":""corridor"",""magnitude"":0.4,""start_week"":12,""duration_weeks"":3,""recovery_weeks"":3}]",False,0.006746200029738247,B
253,MI-MD,FST-MI-47,severe,singleton,False,False,0,"[{""target"":""corridor"",""magnitude"":0.4,""start_week"":12,""duration_weeks"":3,""recovery_weeks"":3}]",True,0.0,B
254,MI-MD,FST-MI-47,severe,singleton,False,False,1,"[{""target"":""T2P"",""magnitude"":0.5,""start_week"":15,""duration_weeks"":2,""recovery_weeks"":3}]",True,0.0,B
255,MI-MD,FST-MI-47,severe,upstream_node_deletion,False,False,0,"[{""target"":""corridor"",""magnitude"":0.4,""start_week"":12,""duration_weeks"":3,""recovery_weeks"":3}]",True,0.0,B
256,MI-MD,FST-MI-47,severe,direct_impact,False,True,0;1,"[{""target"":""corridor"",""magnitude"":0.4,""start_week"":12,""duration_weeks"":3,""recovery_weeks"":3},{""target"":""T2P"",""magnitude"":0.5,""start_week"":15,""duration_weeks"":2,""recovery_weeks"":3}]",False,0.00428330001886934,B
257,MI-MD,FST-MI-47,severe,later_event_deletion,False,False,0,"[{""target"":""corridor"",""magnitude"":0.4,""start_week"":12,""duration_weeks"":3,""recovery_weeks"":3}]",True,0.0,B
258,MI-MD,FST-MI-48,all,candidate_passive,False,False,,"[{""target"":""corridor"",""magnitude"":0.5,""start_week"":12,""duration_weeks"":3,""recovery_weeks"":3},{""target"":""T2P"",""magnitude"":0.5,""start_week"":15,""duration_weeks"":2,""recovery_weeks"":3}]",False,0.004814100044313818,B
259,MI-MD,FST-MI-48,all,candidate_active,True,False,,"[{""target"":""corridor"",""magnitude"":0.5,""start_week"":12,""duration_weeks"":3,""recovery_weeks"":3},{""target"":""T2P"",""magnitude"":0.5,""start_week"":15,""duration_weeks"":2,""recovery_weeks"":3}]",False,0.00718119996599853,B
260,MI-MD,FST-MI-48,moderate,singleton,False,False,0,"[{""target"":""corridor"",""magnitude"":0.5,""start_week"":12,""duration_weeks"":3,""recovery_weeks"":3}]",False,0.006885300041176379,B
261,MI-MD,FST-MI-48,severe,singleton,False,False,0,"[{""target"":""corridor"",""magnitude"":0.5,""start_week"":12,""duration_weeks"":3,""recovery_weeks"":3}]",True,0.0,B
262,MI-MD,FST-MI-48,severe,singleton,False,False,1,"[{""target"":""T2P"",""magnitude"":0.5,""start_week"":15,""duration_weeks"":2,""recovery_weeks"":3}]",True,0.0,B
263,MI-MD,FST-MI-48,severe,upstream_node_deletion,False,False,0,"[{""target"":""corridor"",""magnitude"":0.5,""start_week"":12,""duration_weeks"":3,""recovery_weeks"":3}]",True,0.0,B
264,MI-MD,FST-MI-48,severe,direct_impact,False,True,0;1,"[{""target"":""corridor"",""magnitude"":0.5,""start_week"":12,""duration_weeks"":3,""recovery_weeks"":3},{""target"":""T2P"",""magnitude"":0.5,""start_week"":15,""duration_weeks"":2,""recovery_weeks"":3}]",False,0.005777200043667108,B
265,MI-MD,FST-MI-48,severe,later_event_deletion,False,False,0,"[{""target"":""corridor"",""magnitude"":0.5,""start_week"":12,""duration_weeks"":3,""recovery_weeks"":3}]",True,0.0,B
266,MI-MD,FST-MI-49,all,candidate_passive,False,False,,"[{""target"":""corridor"",""magnitude"":0.6,""start_week"":12,""duration_weeks"":3,""recovery_weeks"":3},{""target"":""T2P"",""magnitude"":0.5,""start_week"":15,""duration_weeks"":2,""recovery_weeks"":3}]",False,0.004273099999409169,B
267,MI-MD,FST-MI-49,all,candidate_active,True,False,,"[{""target"":""corridor"",""magnitude"":0.6,""start_week"":12,""duration_weeks"":3,""recovery_weeks"":3},{""target"":""T2P"",""magnitude"":0.5,""start_week"":15,""duration_weeks"":2,""recovery_weeks"":3}]",False,0.004291799967177212,B
268,MI-MD,FST-MI-49,moderate,singleton,False,False,0,"[{""target"":""corridor"",""magnitude"":0.6,""start_week"":12,""duration_weeks"":3,""recovery_weeks"":3}]",True,0.0,B
269,MI-MD,FST-MI-49,severe,singleton,False,False,0,"[{""target"":""corridor"",""magnitude"":0.6,""start_week"":12,""duration_weeks"":3,""recovery_weeks"":3}]",True,0.0,B
270,MI-MD,FST-MI-49,severe,singleton,False,False,1,"[{""target"":""T2P"",""magnitude"":0.5,""start_week"":15,""duration_weeks"":2,""recovery_weeks"":3}]",True,0.0,B
271,MI-MD,FST-MI-49,severe,upstream_node_deletion,False,False,0,"[{""target"":""corridor"",""magnitude"":0.6,""start_week"":12,""duration_weeks"":3,""recovery_weeks"":3}]",True,0.0,B
272,MI-MD,FST-MI-49,severe,direct_impact,False,True,0;1,"[{""target"":""corridor"",""magnitude"":0.6,""start_week"":12,""duration_weeks"":3,""recovery_weeks"":3},{""target"":""T2P"",""magnitude"":0.5,""start_week"":15,""duration_weeks"":2,""recovery_weeks"":3}]",False,0.007422299997415394,B
273,MI-MD,FST-MI-49,severe,later_event_deletion,False,False,0,"[{""target"":""corridor"",""magnitude"":0.6,""start_week"":12,""duration_weeks"":3,""recovery_weeks"":3}]",True,0.0,B
274,MI-MD,FST-MI-50,all,candidate_passive,False,False,,"[{""target"":""corridor"",""magnitude"":0.7,""start_week"":12,""duration_weeks"":3,""recovery_weeks"":3},{""target"":""T2P"",""magnitude"":0.5,""start_week"":15,""duration_weeks"":2,""recovery_weeks"":3}]",False,0.008154899987857789,B
275,MI-MD,FST-MI-50,all,candidate_active,True,False,,"[{""target"":""corridor"",""magnitude"":0.7,""start_week"":12,""duration_weeks"":3,""recovery_weeks"":3},{""target"":""T2P"",""magnitude"":0.5,""start_week"":15,""duration_weeks"":2,""recovery_weeks"":3}]",False,0.0072098999517038465,B
276,MI-MD,FST-MI-50,moderate,singleton,False,False,0,"[{""target"":""corridor"",""magnitude"":0.7,""start_week"":12,""duration_weeks"":3,""recovery_weeks"":3}]",False,0.0067254999885335565,B
277,MI-MD,FST-MI-50,severe,singleton,False,False,0,"[{""target"":""corridor"",""magnitude"":0.7,""start_week"":12,""duration_weeks"":3,""recovery_weeks"":3}]",True,0.0,B
278,MI-MD,FST-MI-50,severe,singleton,False,False,1,"[{""target"":""T2P"",""magnitude"":0.5,""start_week"":15,""duration_weeks"":2,""recovery_weeks"":3}]",True,0.0,B
279,MI-MD,FST-MI-50,severe,upstream_node_deletion,False,False,0,"[{""target"":""corridor"",""magnitude"":0.7,""start_week"":12,""duration_weeks"":3,""recovery_weeks"":3}]",True,0.0,B
280,MI-MD,FST-MI-50,severe,direct_impact,False,True,0;1,"[{""target"":""corridor"",""magnitude"":0.7,""start_week"":12,""duration_weeks"":3,""recovery_weeks"":3},{""target"":""T2P"",""magnitude"":0.5,""start_week"":15,""duration_weeks"":2,""recovery_weeks"":3}]",False,0.01785800000652671,B
281,MI-MD,FST-MI-50,severe,later_event_deletion,False,False,0,"[{""target"":""corridor"",""magnitude"":0.7,""start_week"":12,""duration_weeks"":3,""recovery_weeks"":3}]",True,0.0,B
1,MI-MDA,FST-MI-01,all,candidate_passive,False,False,,"[{""target"":""S1A"",""magnitude"":0.5,""start_week"":12,""duration_weeks"":4,""recovery_weeks"":3}]",False,0.0070306999841704965,B
2,MI-MDA,FST-MI-01,all,candidate_active,True,False,,"[{""target"":""S1A"",""magnitude"":0.5,""start_week"":12,""duration_weeks"":4,""recovery_weeks"":3}]",False,0.006637199956458062,B
3,MI-MDA,FST-MI-01,moderate,singleton,False,False,0,"[{""target"":""S1A"",""magnitude"":0.5,""start_week"":12,""duration_weeks"":4,""recovery_weeks"":3}]",True,0.0,B
4,MI-MDA,FST-MI-02,all,candidate_passive,False,False,,"[{""target"":""S1A"",""magnitude"":0.7,""start_week"":12,""duration_weeks"":4,""recovery_weeks"":3}]",False,0.006917999999132007,B
5,MI-MDA,FST-MI-02,all,candidate_active,True,False,,"[{""target"":""S1A"",""magnitude"":0.7,""start_week"":12,""duration_weeks"":4,""recovery_weeks"":3}]",False,0.007790100004058331,B
6,MI-MDA,FST-MI-02,moderate,singleton,False,False,0,"[{""target"":""S1A"",""magnitude"":0.7,""start_week"":12,""duration_weeks"":4,""recovery_weeks"":3}]",True,0.0,B
7,MI-MDA,FST-MI-03,all,candidate_passive,False,False,,"[{""target"":""S1B"",""magnitude"":0.5,""start_week"":12,""duration_weeks"":4,""recovery_weeks"":3}]",False,0.007432600017637014,B
8,MI-MDA,FST-MI-03,all,candidate_active,True,False,,"[{""target"":""S1B"",""magnitude"":0.5,""start_week"":12,""duration_weeks"":4,""recovery_weeks"":3}]",False,0.004919300030451268,B
9,MI-MDA,FST-MI-03,moderate,singleton,False,False,0,"[{""target"":""S1B"",""magnitude"":0.5,""start_week"":12,""duration_weeks"":4,""recovery_weeks"":3}]",True,0.0,B
10,MI-MDA,FST-MI-04,all,candidate_passive,False,False,,"[{""target"":""S1B"",""magnitude"":0.7,""start_week"":12,""duration_weeks"":4,""recovery_weeks"":3}]",False,0.006275300052948296,B
11,MI-MDA,FST-MI-04,all,candidate_active,True,False,,"[{""target"":""S1B"",""magnitude"":0.7,""start_week"":12,""duration_weeks"":4,""recovery_weeks"":3}]",False,0.006905400019604713,B
12,MI-MDA,FST-MI-04,moderate,singleton,False,False,0,"[{""target"":""S1B"",""magnitude"":0.7,""start_week"":12,""duration_weeks"":4,""recovery_weeks"":3}]",True,0.0,B
13,MI-MDA,FST-MI-05,all,candidate_passive,False,False,,"[{""target"":""S1C"",""magnitude"":0.5,""start_week"":12,""duration_weeks"":4,""recovery_weeks"":3}]",False,0.0069367000251077116,B
14,MI-MDA,FST-MI-05,all,candidate_active,True,False,,"[{""target"":""S1C"",""magnitude"":0.5,""start_week"":12,""duration_weeks"":4,""recovery_weeks"":3}]",False,0.007164800015743822,B
15,MI-MDA,FST-MI-05,moderate,singleton,False,False,0,"[{""target"":""S1C"",""magnitude"":0.5,""start_week"":12,""duration_weeks"":4,""recovery_weeks"":3}]",True,0.0,B
16,MI-MDA,FST-MI-06,all,candidate_passive,False,False,,"[{""target"":""S1C"",""magnitude"":0.7,""start_week"":12,""duration_weeks"":4,""recovery_weeks"":3}]",False,0.006849199999123812,B
17,MI-MDA,FST-MI-06,all,candidate_active,True,False,,"[{""target"":""S1C"",""magnitude"":0.7,""start_week"":12,""duration_weeks"":4,""recovery_weeks"":3}]",False,0.011628400010522455,B
18,MI-MDA,FST-MI-06,moderate,singleton,False,False,0,"[{""target"":""S1C"",""magnitude"":0.7,""start_week"":12,""duration_weeks"":4,""recovery_weeks"":3}]",True,0.0,B
19,MI-MDA,FST-MI-07,all,candidate_passive,False,False,,"[{""target"":""T2P"",""magnitude"":0.2,""start_week"":12,""duration_weeks"":3,""recovery_weeks"":3}]",False,0.006920800020452589,B
20,MI-MDA,FST-MI-08,all,candidate_passive,False,False,,"[{""target"":""T2P"",""magnitude"":0.2,""start_week"":12,""duration_weeks"":6,""recovery_weeks"":3}]",False,0.008806899946648628,B
21,MI-MDA,FST-MI-09,all,candidate_passive,False,False,,"[{""target"":""T2P"",""magnitude"":0.35,""start_week"":12,""duration_weeks"":3,""recovery_weeks"":3}]",False,0.006262500013690442,B
22,MI-MDA,FST-MI-09,all,candidate_active,True,False,,"[{""target"":""T2P"",""magnitude"":0.35,""start_week"":12,""duration_weeks"":3,""recovery_weeks"":3}]",False,0.00633679999737069,B
23,MI-MDA,FST-MI-09,moderate,singleton,False,False,0,"[{""target"":""T2P"",""magnitude"":0.35,""start_week"":12,""duration_weeks"":3,""recovery_weeks"":3}]",True,0.0,B
24,MI-MDA,FST-MI-09,moderate,upstream_node_deletion,False,False,,[],False,0.004569499986246228,B
25,MI-MDA,FST-MI-09,moderate,direct_impact,False,True,0,"[{""target"":""T2P"",""magnitude"":0.35,""start_week"":12,""duration_weeks"":3,""recovery_weeks"":3}]",False,0.005986899952404201,B
26,MI-MDA,FST-MI-10,all,candidate_passive,False,False,,"[{""target"":""T2P"",""magnitude"":0.35,""start_week"":12,""duration_weeks"":6,""recovery_weeks"":3}]",False,0.006037899991497397,B
27,MI-MDA,FST-MI-10,all,candidate_active,True,False,,"[{""target"":""T2P"",""magnitude"":0.35,""start_week"":12,""duration_weeks"":6,""recovery_weeks"":3}]",False,0.009968400001525879,B
28,MI-MDA,FST-MI-10,moderate,singleton,False,False,0,"[{""target"":""T2P"",""magnitude"":0.35,""start_week"":12,""duration_weeks"":6,""recovery_weeks"":3}]",True,0.0,B
29,MI-MDA,FST-MI-10,moderate,upstream_node_deletion,False,False,,[],True,0.0,B
30,MI-MDA,FST-MI-10,moderate,direct_impact,False,True,0,"[{""target"":""T2P"",""magnitude"":0.35,""start_week"":12,""duration_weeks"":6,""recovery_weeks"":3}]",False,0.006350500043481588,B
31,MI-MDA,FST-MI-11,all,candidate_passive,False,False,,"[{""target"":""T2P"",""magnitude"":0.5,""start_week"":12,""duration_weeks"":3,""recovery_weeks"":3}]",False,0.006517000030726194,B
32,MI-MDA,FST-MI-11,all,candidate_active,True,False,,"[{""target"":""T2P"",""magnitude"":0.5,""start_week"":12,""duration_weeks"":3,""recovery_weeks"":3}]",False,0.006295300030615181,B
33,MI-MDA,FST-MI-11,moderate,singleton,False,False,0,"[{""target"":""T2P"",""magnitude"":0.5,""start_week"":12,""duration_weeks"":3,""recovery_weeks"":3}]",True,0.0,B
34,MI-MDA,FST-MI-11,moderate,upstream_node_deletion,False,False,,[],True,0.0,B
35,MI-MDA,FST-MI-11,moderate,direct_impact,False,True,0,"[{""target"":""T2P"",""magnitude"":0.5,""start_week"":12,""duration_weeks"":3,""recovery_weeks"":3}]",False,0.006900200038217008,B
36,MI-MDA,FST-MI-12,all,candidate_passive,False,False,,"[{""target"":""T2P"",""magnitude"":0.5,""start_week"":12,""duration_weeks"":6,""recovery_weeks"":3}]",False,0.007436599989887327,B
37,MI-MDA,FST-MI-12,all,candidate_active,True,False,,"[{""target"":""T2P"",""magnitude"":0.5,""start_week"":12,""duration_weeks"":6,""recovery_weeks"":3}]",False,0.00626409996766597,B
38,MI-MDA,FST-MI-12,moderate,singleton,False,False,0,"[{""target"":""T2P"",""magnitude"":0.5,""start_week"":12,""duration_weeks"":6,""recovery_weeks"":3}]",True,0.0,B
39,MI-MDA,FST-MI-12,moderate,upstream_node_deletion,False,False,,[],True,0.0,B
40,MI-MDA,FST-MI-12,moderate,direct_impact,False,True,0,"[{""target"":""T2P"",""magnitude"":0.5,""start_week"":12,""duration_weeks"":6,""recovery_weeks"":3}]",False,0.004839800007175654,B
41,MI-MDA,FST-MI-12,severe,singleton,False,False,0,"[{""target"":""T2P"",""magnitude"":0.5,""start_week"":12,""duration_weeks"":6,""recovery_weeks"":3}]",True,0.0,B
42,MI-MDA,FST-MI-12,severe,upstream_node_deletion,False,False,,[],True,0.0,B
43,MI-MDA,FST-MI-12,severe,direct_impact,False,True,0,"[{""target"":""T2P"",""magnitude"":0.5,""start_week"":12,""duration_weeks"":6,""recovery_weeks"":3}]",True,0.0,B
44,MI-MDA,FST-MI-13,all,candidate_passive,False,False,,"[{""target"":""corridor"",""magnitude"":0.25,""start_week"":12,""duration_weeks"":4,""recovery_weeks"":3},{""target"":""demand"",""magnitude"":0.15,""start_week"":12,""duration_weeks"":3,""recovery_weeks"":2}]",False,0.006077899946831167,B
45,MI-MDA,FST-MI-13,all,candidate_active,True,False,,"[{""target"":""corridor"",""magnitude"":0.25,""start_week"":12,""duration_weeks"":4,""recovery_weeks"":3},{""target"":""demand"",""magnitude"":0.15,""start_week"":12,""duration_weeks"":3,""recovery_weeks"":2}]",False,0.007441700028721243,B
46,MI-MDA,FST-MI-13,moderate,singleton,False,False,0,"[{""target"":""corridor"",""magnitude"":0.25,""start_week"":12,""duration_weeks"":4,""recovery_weeks"":3}]",False,0.004774000030010939,B
47,MI-MDA,FST-MI-13,moderate,singleton,False,False,1,"[{""target"":""demand"",""magnitude"":0.15,""start_week"":12,""duration_weeks"":3,""recovery_weeks"":2}]",False,0.006057100021280348,B
48,MI-MDA,FST-MI-14,all,candidate_passive,False,False,,"[{""target"":""corridor"",""magnitude"":0.25,""start_week"":12,""duration_weeks"":4,""recovery_weeks"":3},{""target"":""demand"",""magnitude"":0.25,""start_week"":12,""duration_weeks"":3,""recovery_weeks"":2}]",False,0.0037957000313326716,B
49,MI-MDA,FST-MI-14,all,candidate_active,True,False,,"[{""target"":""corridor"",""magnitude"":0.25,""start_week"":12,""duration_weeks"":4,""recovery_weeks"":3},{""target"":""demand"",""magnitude"":0.25,""start_week"":12,""duration_weeks"":3,""recovery_weeks"":2}]",False,0.0036340999649837613,B
50,MI-MDA,FST-MI-14,moderate,singleton,False,False,0,"[{""target"":""corridor"",""magnitude"":0.25,""start_week"":12,""duration_weeks"":4,""recovery_weeks"":3}]",True,0.0,B
51,MI-MDA,FST-MI-14,moderate,singleton,False,False,1,"[{""target"":""demand"",""magnitude"":0.25,""start_week"":12,""duration_weeks"":3,""recovery_weeks"":2}]",False,0.00580789998639375,B
52,MI-MDA,FST-MI-14,severe,singleton,False,False,0,"[{""target"":""corridor"",""magnitude"":0.25,""start_week"":12,""duration_weeks"":4,""recovery_weeks"":3}]",True,0.0,B
53,MI-MDA,FST-MI-14,severe,singleton,False,False,1,"[{""target"":""demand"",""magnitude"":0.25,""start_week"":12,""duration_weeks"":3,""recovery_weeks"":2}]",True,0.0,B
54,MI-MDA,FST-MI-15,all,candidate_passive,False,False,,"[{""target"":""corridor"",""magnitude"":0.35,""start_week"":12,""duration_weeks"":4,""recovery_weeks"":3},{""target"":""demand"",""magnitude"":0.15,""start_week"":12,""duration_weeks"":3,""recovery_weeks"":2}]",False,0.007974500011187047,B
55,MI-MDA,FST-MI-15,all,candidate_active,True,False,,"[{""target"":""corridor"",""magnitude"":0.35,""start_week"":12,""duration_weeks"":4,""recovery_weeks"":3},{""target"":""demand"",""magnitude"":0.15,""start_week"":12,""duration_weeks"":3,""recovery_weeks"":2}]",False,0.007006699976045638,B
56,MI-MDA,FST-MI-15,moderate,singleton,False,False,0,"[{""target"":""corridor"",""magnitude"":0.35,""start_week"":12,""duration_weeks"":4,""recovery_weeks"":3}]",False,0.006461800017859787,B
57,MI-MDA,FST-MI-15,moderate,singleton,False,False,1,"[{""target"":""demand"",""magnitude"":0.15,""start_week"":12,""duration_weeks"":3,""recovery_weeks"":2}]",True,0.0,B
58,MI-MDA,FST-MI-15,severe,singleton,False,False,0,"[{""target"":""corridor"",""magnitude"":0.35,""start_week"":12,""duration_weeks"":4,""recovery_weeks"":3}]",True,0.0,B
59,MI-MDA,FST-MI-15,severe,singleton,False,False,1,"[{""target"":""demand"",""magnitude"":0.15,""start_week"":12,""duration_weeks"":3,""recovery_weeks"":2}]",True,0.0,B
60,MI-MDA,FST-MI-16,all,candidate_passive,False,False,,"[{""target"":""corridor"",""magnitude"":0.35,""start_week"":12,""duration_weeks"":4,""recovery_weeks"":3},{""target"":""demand"",""magnitude"":0.25,""start_week"":12,""duration_weeks"":3,""recovery_weeks"":2}]",False,0.007165799965150654,B
61,MI-MDA,FST-MI-16,all,candidate_active,True,False,,"[{""target"":""corridor"",""magnitude"":0.35,""start_week"":12,""duration_weeks"":4,""recovery_weeks"":3},{""target"":""demand"",""magnitude"":0.25,""start_week"":12,""duration_weeks"":3,""recovery_weeks"":2}]",False,0.007232000003568828,B
62,MI-MDA,FST-MI-16,moderate,singleton,False,False,0,"[{""target"":""corridor"",""magnitude"":0.35,""start_week"":12,""duration_weeks"":4,""recovery_weeks"":3}]",True,0.0,B
63,MI-MDA,FST-MI-16,moderate,singleton,False,False,1,"[{""target"":""demand"",""magnitude"":0.25,""start_week"":12,""duration_weeks"":3,""recovery_weeks"":2}]",True,0.0,B
64,MI-MDA,FST-MI-16,severe,singleton,False,False,0,"[{""target"":""corridor"",""magnitude"":0.35,""start_week"":12,""duration_weeks"":4,""recovery_weeks"":3}]",True,0.0,B
65,MI-MDA,FST-MI-16,severe,singleton,False,False,1,"[{""target"":""demand"",""magnitude"":0.25,""start_week"":12,""duration_weeks"":3,""recovery_weeks"":2}]",True,0.0,B
66,MI-MDA,FST-MI-17,all,candidate_passive,False,False,,"[{""target"":""corridor"",""magnitude"":0.3,""start_week"":12,""duration_weeks"":2,""recovery_weeks"":3}]",False,0.006493199965916574,B
67,MI-MDA,FST-MI-18,all,candidate_passive,False,False,,"[{""target"":""corridor"",""magnitude"":0.3,""start_week"":12,""duration_weeks"":4,""recovery_weeks"":3}]",False,0.0041473000310361385,B
68,MI-MDA,FST-MI-19,all,candidate_passive,False,False,,"[{""target"":""corridor"",""magnitude"":0.5,""start_week"":12,""duration_weeks"":2,""recovery_weeks"":3}]",False,0.004467900027520955,B
69,MI-MDA,FST-MI-19,all,candidate_active,True,False,,"[{""target"":""corridor"",""magnitude"":0.5,""start_week"":12,""duration_weeks"":2,""recovery_weeks"":3}]",False,0.006658500002231449,B
70,MI-MDA,FST-MI-19,moderate,singleton,False,False,0,"[{""target"":""corridor"",""magnitude"":0.5,""start_week"":12,""duration_weeks"":2,""recovery_weeks"":3}]",True,0.0,B
71,MI-MDA,FST-MI-19,severe,singleton,False,False,0,"[{""target"":""corridor"",""magnitude"":0.5,""start_week"":12,""duration_weeks"":2,""recovery_weeks"":3}]",True,0.0,B
72,MI-MDA,FST-MI-20,all,candidate_passive,False,False,,"[{""target"":""corridor"",""magnitude"":0.5,""start_week"":12,""duration_weeks"":4,""recovery_weeks"":3}]",False,0.007290499983355403,B
73,MI-MDA,FST-MI-20,all,candidate_active,True,False,,"[{""target"":""corridor"",""magnitude"":0.5,""start_week"":12,""duration_weeks"":4,""recovery_weeks"":3}]",False,0.0063501999829895794,B
74,MI-MDA,FST-MI-20,moderate,singleton,False,False,0,"[{""target"":""corridor"",""magnitude"":0.5,""start_week"":12,""duration_weeks"":4,""recovery_weeks"":3}]",True,0.0,B
75,MI-MDA,FST-MI-20,severe,singleton,False,False,0,"[{""target"":""corridor"",""magnitude"":0.5,""start_week"":12,""duration_weeks"":4,""recovery_weeks"":3}]",True,0.0,B
76,MI-MDA,FST-MI-21,all,candidate_passive,False,False,,"[{""target"":""corridor"",""magnitude"":0.7,""start_week"":12,""duration_weeks"":2,""recovery_weeks"":3}]",False,0.0057619999861344695,B
77,MI-MDA,FST-MI-21,all,candidate_active,True,False,,"[{""target"":""corridor"",""magnitude"":0.7,""start_week"":12,""duration_weeks"":2,""recovery_weeks"":3}]",False,0.006387999979779124,B
78,MI-MDA,FST-MI-21,moderate,singleton,False,False,0,"[{""target"":""corridor"",""magnitude"":0.7,""start_week"":12,""duration_weeks"":2,""recovery_weeks"":3}]",True,0.0,B
79,MI-MDA,FST-MI-21,severe,singleton,False,False,0,"[{""target"":""corridor"",""magnitude"":0.7,""start_week"":12,""duration_weeks"":2,""recovery_weeks"":3}]",True,0.0,B
80,MI-MDA,FST-MI-22,all,candidate_passive,False,False,,"[{""target"":""corridor"",""magnitude"":0.7,""start_week"":12,""duration_weeks"":4,""recovery_weeks"":3}]",False,0.005286000028718263,B
81,MI-MDA,FST-MI-22,all,candidate_active,True,False,,"[{""target"":""corridor"",""magnitude"":0.7,""start_week"":12,""duration_weeks"":4,""recovery_weeks"":3}]",False,0.00533379998523742,B
82,MI-MDA,FST-MI-22,moderate,singleton,False,False,0,"[{""target"":""corridor"",""magnitude"":0.7,""start_week"":12,""duration_weeks"":4,""recovery_weeks"":3}]",True,0.0,B
83,MI-MDA,FST-MI-22,severe,singleton,False,False,0,"[{""target"":""corridor"",""magnitude"":0.7,""start_week"":12,""duration_weeks"":4,""recovery_weeks"":3}]",True,0.0,B
84,MI-MDA,FST-MI-23,all,candidate_passive,False,False,,"[{""target"":""T2P"",""magnitude"":0.25,""start_week"":12,""duration_weeks"":3,""recovery_weeks"":3},{""target"":""corridor"",""magnitude"":0.25,""start_week"":12,""duration_weeks"":3,""recovery_weeks"":3}]",False,0.007547500019427389,B
85,MI-MDA,FST-MI-24,all,candidate_passive,False,False,,"[{""target"":""T2P"",""magnitude"":0.25,""start_week"":12,""duration_weeks"":3,""recovery_weeks"":3},{""target"":""corridor"",""magnitude"":0.35,""start_week"":12,""duration_weeks"":3,""recovery_weeks"":3}]",False,0.005543599952943623,B
86,MI-MDA,FST-MI-24,all,candidate_active,True,False,,"[{""target"":""T2P"",""magnitude"":0.25,""start_week"":12,""duration_weeks"":3,""recovery_weeks"":3},{""target"":""corridor"",""magnitude"":0.35,""start_week"":12,""duration_weeks"":3,""recovery_weeks"":3}]",False,0.004592699988279492,B
87,MI-MDA,FST-MI-24,moderate,singleton,False,False,0,"[{""target"":""T2P"",""magnitude"":0.25,""start_week"":12,""duration_weeks"":3,""recovery_weeks"":3}]",False,0.005952499981503934,B
88,MI-MDA,FST-MI-24,moderate,singleton,False,False,1,"[{""target"":""corridor"",""magnitude"":0.35,""start_week"":12,""duration_weeks"":3,""recovery_weeks"":3}]",False,0.005529499961994588,B
89,MI-MDA,FST-MI-24,moderate,upstream_node_deletion,False,False,1,"[{""target"":""corridor"",""magnitude"":0.35,""start_week"":12,""duration_weeks"":3,""recovery_weeks"":3}]",True,0.0,B
90,MI-MDA,FST-MI-24,moderate,direct_impact,False,True,0;1,"[{""target"":""T2P"",""magnitude"":0.25,""start_week"":12,""duration_weeks"":3,""recovery_weeks"":3},{""target"":""corridor"",""magnitude"":0.35,""start_week"":12,""duration_weeks"":3,""recovery_weeks"":3}]",False,0.007129099976737052,B
91,MI-MDA,FST-MI-25,all,candidate_passive,False,False,,"[{""target"":""T2P"",""magnitude"":0.35,""start_week"":12,""duration_weeks"":3,""recovery_weeks"":3},{""target"":""corridor"",""magnitude"":0.25,""start_week"":12,""duration_weeks"":3,""recovery_weeks"":3}]",False,0.008549299964215606,B
92,MI-MDA,FST-MI-25,all,candidate_active,True,False,,"[{""target"":""T2P"",""magnitude"":0.35,""start_week"":12,""duration_weeks"":3,""recovery_weeks"":3},{""target"":""corridor"",""magnitude"":0.25,""start_week"":12,""duration_weeks"":3,""recovery_weeks"":3}]",False,0.007693100022152066,B
93,MI-MDA,FST-MI-25,moderate,singleton,False,False,0,"[{""target"":""T2P"",""magnitude"":0.35,""start_week"":12,""duration_weeks"":3,""recovery_weeks"":3}]",True,0.0,B
94,MI-MDA,FST-MI-25,moderate,singleton,False,False,1,"[{""target"":""corridor"",""magnitude"":0.25,""start_week"":12,""duration_weeks"":3,""recovery_weeks"":3}]",False,0.006543399998918176,B
95,MI-MDA,FST-MI-25,moderate,upstream_node_deletion,False,False,1,"[{""target"":""corridor"",""magnitude"":0.25,""start_week"":12,""duration_weeks"":3,""recovery_weeks"":3}]",True,0.0,B
96,MI-MDA,FST-MI-25,moderate,direct_impact,False,True,0;1,"[{""target"":""T2P"",""magnitude"":0.35,""start_week"":12,""duration_weeks"":3,""recovery_weeks"":3},{""target"":""corridor"",""magnitude"":0.25,""start_week"":12,""duration_weeks"":3,""recovery_weeks"":3}]",False,0.006321799999568611,B
97,MI-MDA,FST-MI-26,all,candidate_passive,False,False,,"[{""target"":""T2P"",""magnitude"":0.35,""start_week"":12,""duration_weeks"":3,""recovery_weeks"":3},{""target"":""corridor"",""magnitude"":0.35,""start_week"":12,""duration_weeks"":3,""recovery_weeks"":3}]",False,0.007379800023045391,B
98,MI-MDA,FST-MI-26,all,candidate_active,True,False,,"[{""target"":""T2P"",""magnitude"":0.35,""start_week"":12,""duration_weeks"":3,""recovery_weeks"":3},{""target"":""corridor"",""magnitude"":0.35,""start_week"":12,""duration_weeks"":3,""recovery_weeks"":3}]",False,0.009174700011499226,B
99,MI-MDA,FST-MI-26,moderate,singleton,False,False,0,"[{""target"":""T2P"",""magnitude"":0.35,""start_week"":12,""duration_weeks"":3,""recovery_weeks"":3}]",True,0.0,B
100,MI-MDA,FST-MI-26,moderate,singleton,False,False,1,"[{""target"":""corridor"",""magnitude"":0.35,""start_week"":12,""duration_weeks"":3,""recovery_weeks"":3}]",True,0.0,B
101,MI-MDA,FST-MI-26,moderate,upstream_node_deletion,False,False,1,"[{""target"":""corridor"",""magnitude"":0.35,""start_week"":12,""duration_weeks"":3,""recovery_weeks"":3}]",True,0.0,B
102,MI-MDA,FST-MI-26,moderate,direct_impact,False,True,0;1,"[{""target"":""T2P"",""magnitude"":0.35,""start_week"":12,""duration_weeks"":3,""recovery_weeks"":3},{""target"":""corridor"",""magnitude"":0.35,""start_week"":12,""duration_weeks"":3,""recovery_weeks"":3}]",False,0.008226500009186566,B
103,MI-MDA,FST-MI-27,all,candidate_passive,False,False,,"[{""target"":""T2P"",""magnitude"":0.7,""start_week"":12,""duration_weeks"":3,""recovery_weeks"":3},{""target"":""corridor"",""magnitude"":0.3,""start_week"":12,""duration_weeks"":3,""recovery_weeks"":3}]",False,0.007626200036611408,B
104,MI-MDA,FST-MI-27,all,candidate_active,True,False,,"[{""target"":""T2P"",""magnitude"":0.7,""start_week"":12,""duration_weeks"":3,""recovery_weeks"":3},{""target"":""corridor"",""magnitude"":0.3,""start_week"":12,""duration_weeks"":3,""recovery_weeks"":3}]",False,0.008233899949118495,B
105,MI-MDA,FST-MI-27,moderate,singleton,False,False,0,"[{""target"":""T2P"",""magnitude"":0.7,""start_week"":12,""duration_weeks"":3,""recovery_weeks"":3}]",False,0.007390999991912395,B
106,MI-MDA,FST-MI-27,moderate,singleton,False,False,1,"[{""target"":""corridor"",""magnitude"":0.3,""start_week"":12,""duration_weeks"":3,""recovery_weeks"":3}]",False,0.004235200001858175,B
107,MI-MDA,FST-MI-27,moderate,upstream_node_deletion,False,False,1,"[{""target"":""corridor"",""magnitude"":0.3,""start_week"":12,""duration_weeks"":3,""recovery_weeks"":3}]",True,0.0,B
108,MI-MDA,FST-MI-27,moderate,direct_impact,False,True,0;1,"[{""target"":""T2P"",""magnitude"":0.7,""start_week"":12,""duration_weeks"":3,""recovery_weeks"":3},{""target"":""corridor"",""magnitude"":0.3,""start_week"":12,""duration_weeks"":3,""recovery_weeks"":3}]",False,0.004220000002533197,B
109,MI-MDA,FST-MI-27,severe,singleton,False,False,0,"[{""target"":""T2P"",""magnitude"":0.7,""start_week"":12,""duration_weeks"":3,""recovery_weeks"":3}]",True,0.0,B
110,MI-MDA,FST-MI-27,severe,singleton,False,False,1,"[{""target"":""corridor"",""magnitude"":0.3,""start_week"":12,""duration_weeks"":3,""recovery_weeks"":3}]",True,0.0,B
111,MI-MDA,FST-MI-27,severe,upstream_node_deletion,False,False,1,"[{""target"":""corridor"",""magnitude"":0.3,""start_week"":12,""duration_weeks"":3,""recovery_weeks"":3}]",True,0.0,B
112,MI-MDA,FST-MI-27,severe,direct_impact,False,True,0;1,"[{""target"":""T2P"",""magnitude"":0.7,""start_week"":12,""duration_weeks"":3,""recovery_weeks"":3},{""target"":""corridor"",""magnitude"":0.3,""start_week"":12,""duration_weeks"":3,""recovery_weeks"":3}]",True,0.0,B
113,MI-MDA,FST-MI-28,all,candidate_passive,False,False,,"[{""target"":""T2P"",""magnitude"":0.7,""start_week"":12,""duration_weeks"":3,""recovery_weeks"":3},{""target"":""corridor"",""magnitude"":0.6,""start_week"":12,""duration_weeks"":3,""recovery_weeks"":3}]",False,0.005826800013892353,B
114,MI-MDA,FST-MI-28,all,candidate_active,True,False,,"[{""target"":""T2P"",""magnitude"":0.7,""start_week"":12,""duration_weeks"":3,""recovery_weeks"":3},{""target"":""corridor"",""magnitude"":0.6,""start_week"":12,""duration_weeks"":3,""recovery_weeks"":3}]",False,0.008142500009853393,B
115,MI-MDA,FST-MI-28,moderate,singleton,False,False,0,"[{""target"":""T2P"",""magnitude"":0.7,""start_week"":12,""duration_weeks"":3,""recovery_weeks"":3}]",True,0.0,B
116,MI-MDA,FST-MI-28,moderate,singleton,False,False,1,"[{""target"":""corridor"",""magnitude"":0.6,""start_week"":12,""duration_weeks"":3,""recovery_weeks"":3}]",False,0.006208800012245774,B
117,MI-MDA,FST-MI-28,moderate,upstream_node_deletion,False,False,1,"[{""target"":""corridor"",""magnitude"":0.6,""start_week"":12,""duration_weeks"":3,""recovery_weeks"":3}]",True,0.0,B
118,MI-MDA,FST-MI-28,moderate,direct_impact,False,True,0;1,"[{""target"":""T2P"",""magnitude"":0.7,""start_week"":12,""duration_weeks"":3,""recovery_weeks"":3},{""target"":""corridor"",""magnitude"":0.6,""start_week"":12,""duration_weeks"":3,""recovery_weeks"":3}]",False,0.008009699988178909,B
119,MI-MDA,FST-MI-28,severe,singleton,False,False,0,"[{""target"":""T2P"",""magnitude"":0.7,""start_week"":12,""duration_weeks"":3,""recovery_weeks"":3}]",True,0.0,B
120,MI-MDA,FST-MI-28,severe,singleton,False,False,1,"[{""target"":""corridor"",""magnitude"":0.6,""start_week"":12,""duration_weeks"":3,""recovery_weeks"":3}]",True,0.0,B
121,MI-MDA,FST-MI-28,severe,upstream_node_deletion,False,False,1,"[{""target"":""corridor"",""magnitude"":0.6,""start_week"":12,""duration_weeks"":3,""recovery_weeks"":3}]",True,0.0,B
122,MI-MDA,FST-MI-28,severe,direct_impact,False,True,0;1,"[{""target"":""T2P"",""magnitude"":0.7,""start_week"":12,""duration_weeks"":3,""recovery_weeks"":3},{""target"":""corridor"",""magnitude"":0.6,""start_week"":12,""duration_weeks"":3,""recovery_weeks"":3}]",True,0.0,B
123,MI-MDA,FST-MI-29,all,candidate_passive,False,False,,"[{""target"":""T2P"",""magnitude"":0.8,""start_week"":12,""duration_weeks"":3,""recovery_weeks"":3},{""target"":""corridor"",""magnitude"":0.3,""start_week"":12,""duration_weeks"":3,""recovery_weeks"":3}]",False,0.005134999984875321,B
124,MI-MDA,FST-MI-29,all,candidate_active,True,False,,"[{""target"":""T2P"",""magnitude"":0.8,""start_week"":12,""duration_weeks"":3,""recovery_weeks"":3},{""target"":""corridor"",""magnitude"":0.3,""start_week"":12,""duration_weeks"":3,""recovery_weeks"":3}]",False,0.004795299959369004,B
125,MI-MDA,FST-MI-29,moderate,singleton,False,False,0,"[{""target"":""T2P"",""magnitude"":0.8,""start_week"":12,""duration_weeks"":3,""recovery_weeks"":3}]",False,0.0038720000302419066,B
126,MI-MDA,FST-MI-29,moderate,singleton,False,False,1,"[{""target"":""corridor"",""magnitude"":0.3,""start_week"":12,""duration_weeks"":3,""recovery_weeks"":3}]",True,0.0,B
127,MI-MDA,FST-MI-29,moderate,upstream_node_deletion,False,False,1,"[{""target"":""corridor"",""magnitude"":0.3,""start_week"":12,""duration_weeks"":3,""recovery_weeks"":3}]",True,0.0,B
128,MI-MDA,FST-MI-29,moderate,direct_impact,False,True,0;1,"[{""target"":""T2P"",""magnitude"":0.8,""start_week"":12,""duration_weeks"":3,""recovery_weeks"":3},{""target"":""corridor"",""magnitude"":0.3,""start_week"":12,""duration_weeks"":3,""recovery_weeks"":3}]",False,0.004392400034703314,B
129,MI-MDA,FST-MI-29,severe,singleton,False,False,0,"[{""target"":""T2P"",""magnitude"":0.8,""start_week"":12,""duration_weeks"":3,""recovery_weeks"":3}]",True,0.0,B
130,MI-MDA,FST-MI-29,severe,singleton,False,False,1,"[{""target"":""corridor"",""magnitude"":0.3,""start_week"":12,""duration_weeks"":3,""recovery_weeks"":3}]",True,0.0,B
131,MI-MDA,FST-MI-29,severe,upstream_node_deletion,False,False,1,"[{""target"":""corridor"",""magnitude"":0.3,""start_week"":12,""duration_weeks"":3,""recovery_weeks"":3}]",True,0.0,B
132,MI-MDA,FST-MI-29,severe,direct_impact,False,True,0;1,"[{""target"":""T2P"",""magnitude"":0.8,""start_week"":12,""duration_weeks"":3,""recovery_weeks"":3},{""target"":""corridor"",""magnitude"":0.3,""start_week"":12,""duration_weeks"":3,""recovery_weeks"":3}]",True,0.0,B
133,MI-MDA,FST-MI-30,all,candidate_passive,False,False,,"[{""target"":""T2P"",""magnitude"":0.8,""start_week"":12,""duration_weeks"":3,""recovery_weeks"":3},{""target"":""corridor"",""magnitude"":0.6,""start_week"":12,""duration_weeks"":3,""recovery_weeks"":3}]",False,0.00513380003394559,B
134,MI-MDA,FST-MI-30,all,candidate_active,True,False,,"[{""target"":""T2P"",""magnitude"":0.8,""start_week"":12,""duration_weeks"":3,""recovery_weeks"":3},{""target"":""corridor"",""magnitude"":0.6,""start_week"":12,""duration_weeks"":3,""recovery_weeks"":3}]",False,0.006052599987015128,B
135,MI-MDA,FST-MI-30,moderate,singleton,False,False,0,"[{""target"":""T2P"",""magnitude"":0.8,""start_week"":12,""duration_weeks"":3,""recovery_weeks"":3}]",True,0.0,B
136,MI-MDA,FST-MI-30,moderate,singleton,False,False,1,"[{""target"":""corridor"",""magnitude"":0.6,""start_week"":12,""duration_weeks"":3,""recovery_weeks"":3}]",True,0.0,B
137,MI-MDA,FST-MI-30,moderate,upstream_node_deletion,False,False,1,"[{""target"":""corridor"",""magnitude"":0.6,""start_week"":12,""duration_weeks"":3,""recovery_weeks"":3}]",True,0.0,B
138,MI-MDA,FST-MI-30,moderate,direct_impact,False,True,0;1,"[{""target"":""T2P"",""magnitude"":0.8,""start_week"":12,""duration_weeks"":3,""recovery_weeks"":3},{""target"":""corridor"",""magnitude"":0.6,""start_week"":12,""duration_weeks"":3,""recovery_weeks"":3}]",False,0.006437300005927682,B
139,MI-MDA,FST-MI-30,severe,singleton,False,False,0,"[{""target"":""T2P"",""magnitude"":0.8,""start_week"":12,""duration_weeks"":3,""recovery_weeks"":3}]",True,0.0,B
140,MI-MDA,FST-MI-30,severe,singleton,False,False,1,"[{""target"":""corridor"",""magnitude"":0.6,""start_week"":12,""duration_weeks"":3,""recovery_weeks"":3}]",True,0.0,B
141,MI-MDA,FST-MI-30,severe,upstream_node_deletion,False,False,1,"[{""target"":""corridor"",""magnitude"":0.6,""start_week"":12,""duration_weeks"":3,""recovery_weeks"":3}]",True,0.0,B
142,MI-MDA,FST-MI-30,severe,direct_impact,False,True,0;1,"[{""target"":""T2P"",""magnitude"":0.8,""start_week"":12,""duration_weeks"":3,""recovery_weeks"":3},{""target"":""corridor"",""magnitude"":0.6,""start_week"":12,""duration_weeks"":3,""recovery_weeks"":3}]",True,0.0,B
143,MI-MDA,FST-MI-31,all,candidate_passive,False,False,,"[{""target"":""T2P"",""magnitude"":0.25,""start_week"":12,""duration_weeks"":3,""recovery_weeks"":3},{""target"":""S1A"",""magnitude"":0.4,""start_week"":12,""duration_weeks"":3,""recovery_weeks"":3}]",False,0.007384399999864399,B
144,MI-MDA,FST-MI-32,all,candidate_passive,False,False,,"[{""target"":""T2P"",""magnitude"":0.35,""start_week"":12,""duration_weeks"":3,""recovery_weeks"":3},{""target"":""S1A"",""magnitude"":0.4,""start_week"":12,""duration_weeks"":3,""recovery_weeks"":3}]",False,0.00787480000872165,B
145,MI-MDA,FST-MI-33,all,candidate_passive,False,False,,"[{""target"":""T2P"",""magnitude"":0.25,""start_week"":12,""duration_weeks"":3,""recovery_weeks"":3},{""target"":""S1B"",""magnitude"":0.4,""start_week"":12,""duration_weeks"":3,""recovery_weeks"":3}]",False,0.008023099973797798,B
146,MI-MDA,FST-MI-34,all,candidate_passive,False,False,,"[{""target"":""T2P"",""magnitude"":0.35,""start_week"":12,""duration_weeks"":3,""recovery_weeks"":3},{""target"":""S1B"",""magnitude"":0.4,""start_week"":12,""duration_weeks"":3,""recovery_weeks"":3}]",False,0.00805260002380237,B
147,MI-MDA,FST-MI-35,all,candidate_passive,False,False,,"[{""target"":""T2P"",""magnitude"":0.25,""start_week"":12,""duration_weeks"":3,""recovery_weeks"":3},{""target"":""S1C"",""magnitude"":0.4,""start_week"":12,""duration_weeks"":3,""recovery_weeks"":3}]",False,0.00790879997657612,B
148,MI-MDA,FST-MI-36,all,candidate_passive,False,False,,"[{""target"":""T2P"",""magnitude"":0.35,""start_week"":12,""duration_weeks"":3,""recovery_weeks"":3},{""target"":""S1C"",""magnitude"":0.4,""start_week"":12,""duration_weeks"":3,""recovery_weeks"":3}]",False,0.006701399979647249,B
149,MI-MDA,FST-MI-36,all,candidate_active,True,False,,"[{""target"":""T2P"",""magnitude"":0.35,""start_week"":12,""duration_weeks"":3,""recovery_weeks"":3},{""target"":""S1C"",""magnitude"":0.4,""start_week"":12,""duration_weeks"":3,""recovery_weeks"":3}]",False,0.007745200011413544,B
150,MI-MDA,FST-MI-36,moderate,singleton,False,False,0,"[{""target"":""T2P"",""magnitude"":0.35,""start_week"":12,""duration_weeks"":3,""recovery_weeks"":3}]",True,0.0,B
151,MI-MDA,FST-MI-36,moderate,singleton,False,False,1,"[{""target"":""S1C"",""magnitude"":0.4,""start_week"":12,""duration_weeks"":3,""recovery_weeks"":3}]",False,0.0058871000073850155,B
152,MI-MDA,FST-MI-36,moderate,upstream_node_deletion,False,False,1,"[{""target"":""S1C"",""magnitude"":0.4,""start_week"":12,""duration_weeks"":3,""recovery_weeks"":3}]",True,0.0,B
153,MI-MDA,FST-MI-36,moderate,direct_impact,False,True,0;1,"[{""target"":""T2P"",""magnitude"":0.35,""start_week"":12,""duration_weeks"":3,""recovery_weeks"":3},{""target"":""S1C"",""magnitude"":0.4,""start_week"":12,""duration_weeks"":3,""recovery_weeks"":3}]",False,0.008941599982790649,B
154,MI-MDA,FST-MI-37,all,candidate_passive,False,False,,"[{""target"":""T2P"",""magnitude"":0.25,""start_week"":12,""duration_weeks"":3,""recovery_weeks"":3},{""target"":""demand"",""magnitude"":0.15,""start_week"":12,""duration_weeks"":3,""recovery_weeks"":2}]",False,0.006862499983981252,B
155,MI-MDA,FST-MI-38,all,candidate_passive,False,False,,"[{""target"":""T2P"",""magnitude"":0.25,""start_week"":12,""duration_weeks"":3,""recovery_weeks"":3},{""target"":""demand"",""magnitude"":0.25,""start_week"":12,""duration_weeks"":3,""recovery_weeks"":2}]",False,0.006578700034879148,B
156,MI-MDA,FST-MI-38,all,candidate_active,True,False,,"[{""target"":""T2P"",""magnitude"":0.25,""start_week"":12,""duration_weeks"":3,""recovery_weeks"":3},{""target"":""demand"",""magnitude"":0.25,""start_week"":12,""duration_weeks"":3,""recovery_weeks"":2}]",False,0.006567500007804483,B
157,MI-MDA,FST-MI-38,moderate,singleton,False,False,0,"[{""target"":""T2P"",""magnitude"":0.25,""start_week"":12,""duration_weeks"":3,""recovery_weeks"":3}]",True,0.0,B
158,MI-MDA,FST-MI-38,moderate,singleton,False,False,1,"[{""target"":""demand"",""magnitude"":0.25,""start_week"":12,""duration_weeks"":3,""recovery_weeks"":2}]",True,0.0,B
159,MI-MDA,FST-MI-38,moderate,upstream_node_deletion,False,False,1,"[{""target"":""demand"",""magnitude"":0.25,""start_week"":12,""duration_weeks"":3,""recovery_weeks"":2}]",True,0.0,B
160,MI-MDA,FST-MI-38,moderate,direct_impact,False,True,0;1,"[{""target"":""T2P"",""magnitude"":0.25,""start_week"":12,""duration_weeks"":3,""recovery_weeks"":3},{""target"":""demand"",""magnitude"":0.25,""start_week"":12,""duration_weeks"":3,""recovery_weeks"":2}]",False,0.0059646000154316425,B
161,MI-MDA,FST-MI-39,all,candidate_passive,False,False,,"[{""target"":""T2P"",""magnitude"":0.35,""start_week"":12,""duration_weeks"":3,""recovery_weeks"":3},{""target"":""demand"",""magnitude"":0.15,""start_week"":12,""duration_weeks"":3,""recovery_weeks"":2}]",False,0.004837599990423769,B
162,MI-MDA,FST-MI-39,all,candidate_active,True,False,,"[{""target"":""T2P"",""magnitude"":0.35,""start_week"":12,""duration_weeks"":3,""recovery_weeks"":3},{""target"":""demand"",""magnitude"":0.15,""start_week"":12,""duration_weeks"":3,""recovery_weeks"":2}]",False,0.004422400030307472,B
163,MI-MDA,FST-MI-39,moderate,singleton,False,False,0,"[{""target"":""T2P"",""magnitude"":0.35,""start_week"":12,""duration_weeks"":3,""recovery_weeks"":3}]",True,0.0,B
164,MI-MDA,FST-MI-39,moderate,singleton,False,False,1,"[{""target"":""demand"",""magnitude"":0.15,""start_week"":12,""duration_weeks"":3,""recovery_weeks"":2}]",True,0.0,B
165,MI-MDA,FST-MI-39,moderate,upstream_node_deletion,False,False,1,"[{""target"":""demand"",""magnitude"":0.15,""start_week"":12,""duration_weeks"":3,""recovery_weeks"":2}]",True,0.0,B
166,MI-MDA,FST-MI-39,moderate,direct_impact,False,True,0;1,"[{""target"":""T2P"",""magnitude"":0.35,""start_week"":12,""duration_weeks"":3,""recovery_weeks"":3},{""target"":""demand"",""magnitude"":0.15,""start_week"":12,""duration_weeks"":3,""recovery_weeks"":2}]",False,0.0058935999986715615,B
167,MI-MDA,FST-MI-40,all,candidate_passive,False,False,,"[{""target"":""T2P"",""magnitude"":0.35,""start_week"":12,""duration_weeks"":3,""recovery_weeks"":3},{""target"":""demand"",""magnitude"":0.25,""start_week"":12,""duration_weeks"":3,""recovery_weeks"":2}]",False,0.007252599985804409,B
168,MI-MDA,FST-MI-40,all,candidate_active,True,False,,"[{""target"":""T2P"",""magnitude"":0.35,""start_week"":12,""duration_weeks"":3,""recovery_weeks"":3},{""target"":""demand"",""magnitude"":0.25,""start_week"":12,""duration_weeks"":3,""recovery_weeks"":2}]",False,0.006924100045580417,B
169,MI-MDA,FST-MI-40,moderate,singleton,False,False,0,"[{""target"":""T2P"",""magnitude"":0.35,""start_week"":12,""duration_weeks"":3,""recovery_weeks"":3}]",True,0.0,B
170,MI-MDA,FST-MI-40,moderate,singleton,False,False,1,"[{""target"":""demand"",""magnitude"":0.25,""start_week"":12,""duration_weeks"":3,""recovery_weeks"":2}]",True,0.0,B
171,MI-MDA,FST-MI-40,moderate,upstream_node_deletion,False,False,1,"[{""target"":""demand"",""magnitude"":0.25,""start_week"":12,""duration_weeks"":3,""recovery_weeks"":2}]",True,0.0,B
172,MI-MDA,FST-MI-40,moderate,direct_impact,False,True,0;1,"[{""target"":""T2P"",""magnitude"":0.35,""start_week"":12,""duration_weeks"":3,""recovery_weeks"":3},{""target"":""demand"",""magnitude"":0.25,""start_week"":12,""duration_weeks"":3,""recovery_weeks"":2}]",False,0.007398300047498196,B
173,MI-MDA,FST-MI-41,all,candidate_passive,False,False,,"[{""target"":""T2P"",""magnitude"":0.3,""start_week"":12,""duration_weeks"":3,""recovery_weeks"":3},{""target"":""corridor"",""magnitude"":0.5,""start_week"":15,""duration_weeks"":2,""recovery_weeks"":3}]",False,0.007458999985828996,B
174,MI-MDA,FST-MI-41,all,candidate_active,True,False,,"[{""target"":""T2P"",""magnitude"":0.3,""start_week"":12,""duration_weeks"":3,""recovery_weeks"":3},{""target"":""corridor"",""magnitude"":0.5,""start_week"":15,""duration_weeks"":2,""recovery_weeks"":3}]",False,0.00640199996996671,B
175,MI-MDA,FST-MI-41,moderate,singleton,False,False,0,"[{""target"":""T2P"",""magnitude"":0.3,""start_week"":12,""duration_weeks"":3,""recovery_weeks"":3}]",False,0.0051185000338591635,B
176,MI-MDA,FST-MI-41,moderate,singleton,False,False,1,"[{""target"":""corridor"",""magnitude"":0.5,""start_week"":15,""duration_weeks"":2,""recovery_weeks"":3}]",False,0.005637099966406822,B
177,MI-MDA,FST-MI-41,moderate,upstream_node_deletion,False,False,1,"[{""target"":""corridor"",""magnitude"":0.5,""start_week"":15,""duration_weeks"":2,""recovery_weeks"":3}]",True,0.0,B
178,MI-MDA,FST-MI-41,moderate,direct_impact,False,True,0;1,"[{""target"":""T2P"",""magnitude"":0.3,""start_week"":12,""duration_weeks"":3,""recovery_weeks"":3},{""target"":""corridor"",""magnitude"":0.5,""start_week"":15,""duration_weeks"":2,""recovery_weeks"":3}]",False,0.006540499976836145,B
179,MI-MDA,FST-MI-41,moderate,later_event_deletion,False,False,0,"[{""target"":""T2P"",""magnitude"":0.3,""start_week"":12,""duration_weeks"":3,""recovery_weeks"":3}]",True,0.0,B
180,MI-MDA,FST-MI-41,severe,singleton,False,False,0,"[{""target"":""T2P"",""magnitude"":0.3,""start_week"":12,""duration_weeks"":3,""recovery_weeks"":3}]",True,0.0,B
181,MI-MDA,FST-MI-41,severe,singleton,False,False,1,"[{""target"":""corridor"",""magnitude"":0.5,""start_week"":15,""duration_weeks"":2,""recovery_weeks"":3}]",True,0.0,B
182,MI-MDA,FST-MI-41,severe,upstream_node_deletion,False,False,1,"[{""target"":""corridor"",""magnitude"":0.5,""start_week"":15,""duration_weeks"":2,""recovery_weeks"":3}]",True,0.0,B
183,MI-MDA,FST-MI-41,severe,direct_impact,False,True,0;1,"[{""target"":""T2P"",""magnitude"":0.3,""start_week"":12,""duration_weeks"":3,""recovery_weeks"":3},{""target"":""corridor"",""magnitude"":0.5,""start_week"":15,""duration_weeks"":2,""recovery_weeks"":3}]",True,0.0,B
184,MI-MDA,FST-MI-41,severe,later_event_deletion,False,False,0,"[{""target"":""T2P"",""magnitude"":0.3,""start_week"":12,""duration_weeks"":3,""recovery_weeks"":3}]",True,0.0,B
185,MI-MDA,FST-MI-42,all,candidate_passive,False,False,,"[{""target"":""T2P"",""magnitude"":0.4,""start_week"":12,""duration_weeks"":3,""recovery_weeks"":3},{""target"":""corridor"",""magnitude"":0.5,""start_week"":15,""duration_weeks"":2,""recovery_weeks"":3}]",False,0.00741100002778694,B
186,MI-MDA,FST-MI-42,all,candidate_active,True,False,,"[{""target"":""T2P"",""magnitude"":0.4,""start_week"":12,""duration_weeks"":3,""recovery_weeks"":3},{""target"":""corridor"",""magnitude"":0.5,""start_week"":15,""duration_weeks"":2,""recovery_weeks"":3}]",False,0.006740799988619983,B
187,MI-MDA,FST-MI-42,moderate,singleton,False,False,0,"[{""target"":""T2P"",""magnitude"":0.4,""start_week"":12,""duration_weeks"":3,""recovery_weeks"":3}]",False,0.005579999997280538,B
188,MI-MDA,FST-MI-42,moderate,singleton,False,False,1,"[{""target"":""corridor"",""magnitude"":0.5,""start_week"":15,""duration_weeks"":2,""recovery_weeks"":3}]",True,0.0,B
189,MI-MDA,FST-MI-42,moderate,upstream_node_deletion,False,False,1,"[{""target"":""corridor"",""magnitude"":0.5,""start_week"":15,""duration_weeks"":2,""recovery_weeks"":3}]",True,0.0,B
190,MI-MDA,FST-MI-42,moderate,direct_impact,False,True,0;1,"[{""target"":""T2P"",""magnitude"":0.4,""start_week"":12,""duration_weeks"":3,""recovery_weeks"":3},{""target"":""corridor"",""magnitude"":0.5,""start_week"":15,""duration_weeks"":2,""recovery_weeks"":3}]",False,0.010804699966683984,B
191,MI-MDA,FST-MI-42,moderate,later_event_deletion,False,False,0,"[{""target"":""T2P"",""magnitude"":0.4,""start_week"":12,""duration_weeks"":3,""recovery_weeks"":3}]",True,0.0,B
192,MI-MDA,FST-MI-42,severe,singleton,False,False,0,"[{""target"":""T2P"",""magnitude"":0.4,""start_week"":12,""duration_weeks"":3,""recovery_weeks"":3}]",True,0.0,B
193,MI-MDA,FST-MI-42,severe,singleton,False,False,1,"[{""target"":""corridor"",""magnitude"":0.5,""start_week"":15,""duration_weeks"":2,""recovery_weeks"":3}]",True,0.0,B
194,MI-MDA,FST-MI-42,severe,upstream_node_deletion,False,False,1,"[{""target"":""corridor"",""magnitude"":0.5,""start_week"":15,""duration_weeks"":2,""recovery_weeks"":3}]",True,0.0,B
195,MI-MDA,FST-MI-42,severe,direct_impact,False,True,0;1,"[{""target"":""T2P"",""magnitude"":0.4,""start_week"":12,""duration_weeks"":3,""recovery_weeks"":3},{""target"":""corridor"",""magnitude"":0.5,""start_week"":15,""duration_weeks"":2,""recovery_weeks"":3}]",True,0.0,B
196,MI-MDA,FST-MI-42,severe,later_event_deletion,False,False,0,"[{""target"":""T2P"",""magnitude"":0.4,""start_week"":12,""duration_weeks"":3,""recovery_weeks"":3}]",True,0.0,B
197,MI-MDA,FST-MI-43,all,candidate_passive,False,False,,"[{""target"":""T2P"",""magnitude"":0.5,""start_week"":12,""duration_weeks"":3,""recovery_weeks"":3},{""target"":""corridor"",""magnitude"":0.5,""start_week"":15,""duration_weeks"":2,""recovery_weeks"":3}]",False,0.008492900000419468,B
198,MI-MDA,FST-MI-43,all,candidate_active,True,False,,"[{""target"":""T2P"",""magnitude"":0.5,""start_week"":12,""duration_weeks"":3,""recovery_weeks"":3},{""target"":""corridor"",""magnitude"":0.5,""start_week"":15,""duration_weeks"":2,""recovery_weeks"":3}]",False,0.008059400017373264,B
199,MI-MDA,FST-MI-43,moderate,singleton,False,False,0,"[{""target"":""T2P"",""magnitude"":0.5,""start_week"":12,""duration_weeks"":3,""recovery_weeks"":3}]",True,0.0,B
200,MI-MDA,FST-MI-43,moderate,singleton,False,False,1,"[{""target"":""corridor"",""magnitude"":0.5,""start_week"":15,""duration_weeks"":2,""recovery_weeks"":3}]",True,0.0,B
201,MI-MDA,FST-MI-43,moderate,upstream_node_deletion,False,False,1,"[{""target"":""corridor"",""magnitude"":0.5,""start_week"":15,""duration_weeks"":2,""recovery_weeks"":3}]",True,0.0,B
202,MI-MDA,FST-MI-43,moderate,direct_impact,False,True,0;1,"[{""target"":""T2P"",""magnitude"":0.5,""start_week"":12,""duration_weeks"":3,""recovery_weeks"":3},{""target"":""corridor"",""magnitude"":0.5,""start_week"":15,""duration_weeks"":2,""recovery_weeks"":3}]",False,0.00680650002323091,B
203,MI-MDA,FST-MI-43,moderate,later_event_deletion,False,False,0,"[{""target"":""T2P"",""magnitude"":0.5,""start_week"":12,""duration_weeks"":3,""recovery_weeks"":3}]",True,0.0,B
204,MI-MDA,FST-MI-43,severe,singleton,False,False,0,"[{""target"":""T2P"",""magnitude"":0.5,""start_week"":12,""duration_weeks"":3,""recovery_weeks"":3}]",True,0.0,B
205,MI-MDA,FST-MI-43,severe,singleton,False,False,1,"[{""target"":""corridor"",""magnitude"":0.5,""start_week"":15,""duration_weeks"":2,""recovery_weeks"":3}]",True,0.0,B
206,MI-MDA,FST-MI-43,severe,upstream_node_deletion,False,False,1,"[{""target"":""corridor"",""magnitude"":0.5,""start_week"":15,""duration_weeks"":2,""recovery_weeks"":3}]",True,0.0,B
207,MI-MDA,FST-MI-43,severe,direct_impact,False,True,0;1,"[{""target"":""T2P"",""magnitude"":0.5,""start_week"":12,""duration_weeks"":3,""recovery_weeks"":3},{""target"":""corridor"",""magnitude"":0.5,""start_week"":15,""duration_weeks"":2,""recovery_weeks"":3}]",True,0.0,B
208,MI-MDA,FST-MI-43,severe,later_event_deletion,False,False,0,"[{""target"":""T2P"",""magnitude"":0.5,""start_week"":12,""duration_weeks"":3,""recovery_weeks"":3}]",True,0.0,B
209,MI-MDA,FST-MI-44,all,candidate_passive,False,False,,"[{""target"":""T2P"",""magnitude"":0.6,""start_week"":12,""duration_weeks"":3,""recovery_weeks"":3},{""target"":""corridor"",""magnitude"":0.5,""start_week"":15,""duration_weeks"":2,""recovery_weeks"":3}]",False,0.006851999962236732,B
210,MI-MDA,FST-MI-44,all,candidate_active,True,False,,"[{""target"":""T2P"",""magnitude"":0.6,""start_week"":12,""duration_weeks"":3,""recovery_weeks"":3},{""target"":""corridor"",""magnitude"":0.5,""start_week"":15,""duration_weeks"":2,""recovery_weeks"":3}]",False,0.006417300028260797,B
211,MI-MDA,FST-MI-44,moderate,singleton,False,False,0,"[{""target"":""T2P"",""magnitude"":0.6,""start_week"":12,""duration_weeks"":3,""recovery_weeks"":3}]",False,0.006721000012475997,B
212,MI-MDA,FST-MI-44,moderate,singleton,False,False,1,"[{""target"":""corridor"",""magnitude"":0.5,""start_week"":15,""duration_weeks"":2,""recovery_weeks"":3}]",True,0.0,B
213,MI-MDA,FST-MI-44,moderate,upstream_node_deletion,False,False,1,"[{""target"":""corridor"",""magnitude"":0.5,""start_week"":15,""duration_weeks"":2,""recovery_weeks"":3}]",True,0.0,B
214,MI-MDA,FST-MI-44,moderate,direct_impact,False,True,0;1,"[{""target"":""T2P"",""magnitude"":0.6,""start_week"":12,""duration_weeks"":3,""recovery_weeks"":3},{""target"":""corridor"",""magnitude"":0.5,""start_week"":15,""duration_weeks"":2,""recovery_weeks"":3}]",False,0.007983100018464029,B
215,MI-MDA,FST-MI-44,moderate,later_event_deletion,False,False,0,"[{""target"":""T2P"",""magnitude"":0.6,""start_week"":12,""duration_weeks"":3,""recovery_weeks"":3}]",True,0.0,B
216,MI-MDA,FST-MI-44,severe,singleton,False,False,0,"[{""target"":""T2P"",""magnitude"":0.6,""start_week"":12,""duration_weeks"":3,""recovery_weeks"":3}]",True,0.0,B
217,MI-MDA,FST-MI-44,severe,singleton,False,False,1,"[{""target"":""corridor"",""magnitude"":0.5,""start_week"":15,""duration_weeks"":2,""recovery_weeks"":3}]",True,0.0,B
218,MI-MDA,FST-MI-44,severe,upstream_node_deletion,False,False,1,"[{""target"":""corridor"",""magnitude"":0.5,""start_week"":15,""duration_weeks"":2,""recovery_weeks"":3}]",True,0.0,B
219,MI-MDA,FST-MI-44,severe,direct_impact,False,True,0;1,"[{""target"":""T2P"",""magnitude"":0.6,""start_week"":12,""duration_weeks"":3,""recovery_weeks"":3},{""target"":""corridor"",""magnitude"":0.5,""start_week"":15,""duration_weeks"":2,""recovery_weeks"":3}]",True,0.0,B
220,MI-MDA,FST-MI-44,severe,later_event_deletion,False,False,0,"[{""target"":""T2P"",""magnitude"":0.6,""start_week"":12,""duration_weeks"":3,""recovery_weeks"":3}]",True,0.0,B
221,MI-MDA,FST-MI-45,all,candidate_passive,False,False,,"[{""target"":""T2P"",""magnitude"":0.7,""start_week"":12,""duration_weeks"":3,""recovery_weeks"":3},{""target"":""corridor"",""magnitude"":0.5,""start_week"":15,""duration_weeks"":2,""recovery_weeks"":3}]",False,0.004745899990666658,B
222,MI-MDA,FST-MI-45,all,candidate_active,True,False,,"[{""target"":""T2P"",""magnitude"":0.7,""start_week"":12,""duration_weeks"":3,""recovery_weeks"":3},{""target"":""corridor"",""magnitude"":0.5,""start_week"":15,""duration_weeks"":2,""recovery_weeks"":3}]",False,0.00498270004754886,B
223,MI-MDA,FST-MI-45,moderate,singleton,False,False,0,"[{""target"":""T2P"",""magnitude"":0.7,""start_week"":12,""duration_weeks"":3,""recovery_weeks"":3}]",True,0.0,B
224,MI-MDA,FST-MI-45,moderate,singleton,False,False,1,"[{""target"":""corridor"",""magnitude"":0.5,""start_week"":15,""duration_weeks"":2,""recovery_weeks"":3}]",True,0.0,B
225,MI-MDA,FST-MI-45,moderate,upstream_node_deletion,False,False,1,"[{""target"":""corridor"",""magnitude"":0.5,""start_week"":15,""duration_weeks"":2,""recovery_weeks"":3}]",True,0.0,B
226,MI-MDA,FST-MI-45,moderate,direct_impact,False,True,0;1,"[{""target"":""T2P"",""magnitude"":0.7,""start_week"":12,""duration_weeks"":3,""recovery_weeks"":3},{""target"":""corridor"",""magnitude"":0.5,""start_week"":15,""duration_weeks"":2,""recovery_weeks"":3}]",False,0.005347899976186454,B
227,MI-MDA,FST-MI-45,moderate,later_event_deletion,False,False,0,"[{""target"":""T2P"",""magnitude"":0.7,""start_week"":12,""duration_weeks"":3,""recovery_weeks"":3}]",True,0.0,B
228,MI-MDA,FST-MI-45,severe,singleton,False,False,0,"[{""target"":""T2P"",""magnitude"":0.7,""start_week"":12,""duration_weeks"":3,""recovery_weeks"":3}]",True,0.0,B
229,MI-MDA,FST-MI-45,severe,singleton,False,False,1,"[{""target"":""corridor"",""magnitude"":0.5,""start_week"":15,""duration_weeks"":2,""recovery_weeks"":3}]",True,0.0,B
230,MI-MDA,FST-MI-45,severe,upstream_node_deletion,False,False,1,"[{""target"":""corridor"",""magnitude"":0.5,""start_week"":15,""duration_weeks"":2,""recovery_weeks"":3}]",True,0.0,B
231,MI-MDA,FST-MI-45,severe,direct_impact,False,True,0;1,"[{""target"":""T2P"",""magnitude"":0.7,""start_week"":12,""duration_weeks"":3,""recovery_weeks"":3},{""target"":""corridor"",""magnitude"":0.5,""start_week"":15,""duration_weeks"":2,""recovery_weeks"":3}]",True,0.0,B
232,MI-MDA,FST-MI-45,severe,later_event_deletion,False,False,0,"[{""target"":""T2P"",""magnitude"":0.7,""start_week"":12,""duration_weeks"":3,""recovery_weeks"":3}]",True,0.0,B
233,MI-MDA,FST-MI-46,all,candidate_passive,False,False,,"[{""target"":""corridor"",""magnitude"":0.3,""start_week"":12,""duration_weeks"":3,""recovery_weeks"":3},{""target"":""T2P"",""magnitude"":0.5,""start_week"":15,""duration_weeks"":2,""recovery_weeks"":3}]",False,0.007668000005651265,B
234,MI-MDA,FST-MI-46,all,candidate_active,True,False,,"[{""target"":""corridor"",""magnitude"":0.3,""start_week"":12,""duration_weeks"":3,""recovery_weeks"":3},{""target"":""T2P"",""magnitude"":0.5,""start_week"":15,""duration_weeks"":2,""recovery_weeks"":3}]",False,0.007230700051877648,B
235,MI-MDA,FST-MI-46,moderate,singleton,False,False,0,"[{""target"":""corridor"",""magnitude"":0.3,""start_week"":12,""duration_weeks"":3,""recovery_weeks"":3}]",True,0.0,B
236,MI-MDA,FST-MI-46,moderate,singleton,False,False,1,"[{""target"":""T2P"",""magnitude"":0.5,""start_week"":15,""duration_weeks"":2,""recovery_weeks"":3}]",False,0.005596800008788705,B
237,MI-MDA,FST-MI-46,moderate,upstream_node_deletion,False,False,0,"[{""target"":""corridor"",""magnitude"":0.3,""start_week"":12,""duration_weeks"":3,""recovery_weeks"":3}]",True,0.0,B
238,MI-MDA,FST-MI-46,moderate,direct_impact,False,True,0;1,"[{""target"":""corridor"",""magnitude"":0.3,""start_week"":12,""duration_weeks"":3,""recovery_weeks"":3},{""target"":""T2P"",""magnitude"":0.5,""start_week"":15,""duration_weeks"":2,""recovery_weeks"":3}]",False,0.0069272000109776855,B
239,MI-MDA,FST-MI-46,moderate,later_event_deletion,False,False,0,"[{""target"":""corridor"",""magnitude"":0.3,""start_week"":12,""duration_weeks"":3,""recovery_weeks"":3}]",True,0.0,B
240,MI-MDA,FST-MI-47,all,candidate_passive,False,False,,"[{""target"":""corridor"",""magnitude"":0.4,""start_week"":12,""duration_weeks"":3,""recovery_weeks"":3},{""target"":""T2P"",""magnitude"":0.5,""start_week"":15,""duration_weeks"":2,""recovery_weeks"":3}]",False,0.005184900015592575,B
241,MI-MDA,FST-MI-47,all,candidate_active,True,False,,"[{""target"":""corridor"",""magnitude"":0.4,""start_week"":12,""duration_weeks"":3,""recovery_weeks"":3},{""target"":""T2P"",""magnitude"":0.5,""start_week"":15,""duration_weeks"":2,""recovery_weeks"":3}]",False,0.005122100003063679,B
242,MI-MDA,FST-MI-47,moderate,singleton,False,False,0,"[{""target"":""corridor"",""magnitude"":0.4,""start_week"":12,""duration_weeks"":3,""recovery_weeks"":3}]",False,0.007376099994871765,B
243,MI-MDA,FST-MI-47,severe,singleton,False,False,0,"[{""target"":""corridor"",""magnitude"":0.4,""start_week"":12,""duration_weeks"":3,""recovery_weeks"":3}]",True,0.0,B
244,MI-MDA,FST-MI-47,severe,singleton,False,False,1,"[{""target"":""T2P"",""magnitude"":0.5,""start_week"":15,""duration_weeks"":2,""recovery_weeks"":3}]",True,0.0,B
245,MI-MDA,FST-MI-47,severe,upstream_node_deletion,False,False,0,"[{""target"":""corridor"",""magnitude"":0.4,""start_week"":12,""duration_weeks"":3,""recovery_weeks"":3}]",True,0.0,B
246,MI-MDA,FST-MI-47,severe,direct_impact,False,True,0;1,"[{""target"":""corridor"",""magnitude"":0.4,""start_week"":12,""duration_weeks"":3,""recovery_weeks"":3},{""target"":""T2P"",""magnitude"":0.5,""start_week"":15,""duration_weeks"":2,""recovery_weeks"":3}]",False,0.008484599995426834,B
247,MI-MDA,FST-MI-47,severe,later_event_deletion,False,False,0,"[{""target"":""corridor"",""magnitude"":0.4,""start_week"":12,""duration_weeks"":3,""recovery_weeks"":3}]",True,0.0,B
248,MI-MDA,FST-MI-48,all,candidate_passive,False,False,,"[{""target"":""corridor"",""magnitude"":0.5,""start_week"":12,""duration_weeks"":3,""recovery_weeks"":3},{""target"":""T2P"",""magnitude"":0.5,""start_week"":15,""duration_weeks"":2,""recovery_weeks"":3}]",False,0.00796070002252236,B
249,MI-MDA,FST-MI-48,all,candidate_active,True,False,,"[{""target"":""corridor"",""magnitude"":0.5,""start_week"":12,""duration_weeks"":3,""recovery_weeks"":3},{""target"":""T2P"",""magnitude"":0.5,""start_week"":15,""duration_weeks"":2,""recovery_weeks"":3}]",False,0.007549100031610578,B
250,MI-MDA,FST-MI-48,moderate,singleton,False,False,0,"[{""target"":""corridor"",""magnitude"":0.5,""start_week"":12,""duration_weeks"":3,""recovery_weeks"":3}]",False,0.0069565000012516975,B
251,MI-MDA,FST-MI-48,severe,singleton,False,False,0,"[{""target"":""corridor"",""magnitude"":0.5,""start_week"":12,""duration_weeks"":3,""recovery_weeks"":3}]",True,0.0,B
252,MI-MDA,FST-MI-48,severe,singleton,False,False,1,"[{""target"":""T2P"",""magnitude"":0.5,""start_week"":15,""duration_weeks"":2,""recovery_weeks"":3}]",True,0.0,B
253,MI-MDA,FST-MI-48,severe,upstream_node_deletion,False,False,0,"[{""target"":""corridor"",""magnitude"":0.5,""start_week"":12,""duration_weeks"":3,""recovery_weeks"":3}]",True,0.0,B
254,MI-MDA,FST-MI-48,severe,direct_impact,False,True,0;1,"[{""target"":""corridor"",""magnitude"":0.5,""start_week"":12,""duration_weeks"":3,""recovery_weeks"":3},{""target"":""T2P"",""magnitude"":0.5,""start_week"":15,""duration_weeks"":2,""recovery_weeks"":3}]",False,0.006091499992180616,B
255,MI-MDA,FST-MI-48,severe,later_event_deletion,False,False,0,"[{""target"":""corridor"",""magnitude"":0.5,""start_week"":12,""duration_weeks"":3,""recovery_weeks"":3}]",True,0.0,B
256,MI-MDA,FST-MI-49,all,candidate_passive,False,False,,"[{""target"":""corridor"",""magnitude"":0.6,""start_week"":12,""duration_weeks"":3,""recovery_weeks"":3},{""target"":""T2P"",""magnitude"":0.5,""start_week"":15,""duration_weeks"":2,""recovery_weeks"":3}]",False,0.006468200008384883,B
257,MI-MDA,FST-MI-49,all,candidate_active,True,False,,"[{""target"":""corridor"",""magnitude"":0.6,""start_week"":12,""duration_weeks"":3,""recovery_weeks"":3},{""target"":""T2P"",""magnitude"":0.5,""start_week"":15,""duration_weeks"":2,""recovery_weeks"":3}]",False,0.007953899970743805,B
258,MI-MDA,FST-MI-49,moderate,singleton,False,False,0,"[{""target"":""corridor"",""magnitude"":0.6,""start_week"":12,""duration_weeks"":3,""recovery_weeks"":3}]",True,0.0,B
259,MI-MDA,FST-MI-49,severe,singleton,False,False,0,"[{""target"":""corridor"",""magnitude"":0.6,""start_week"":12,""duration_weeks"":3,""recovery_weeks"":3}]",True,0.0,B
260,MI-MDA,FST-MI-49,severe,singleton,False,False,1,"[{""target"":""T2P"",""magnitude"":0.5,""start_week"":15,""duration_weeks"":2,""recovery_weeks"":3}]",True,0.0,B
261,MI-MDA,FST-MI-49,severe,upstream_node_deletion,False,False,0,"[{""target"":""corridor"",""magnitude"":0.6,""start_week"":12,""duration_weeks"":3,""recovery_weeks"":3}]",True,0.0,B
262,MI-MDA,FST-MI-49,severe,direct_impact,False,True,0;1,"[{""target"":""corridor"",""magnitude"":0.6,""start_week"":12,""duration_weeks"":3,""recovery_weeks"":3},{""target"":""T2P"",""magnitude"":0.5,""start_week"":15,""duration_weeks"":2,""recovery_weeks"":3}]",False,0.007962700037751347,B
263,MI-MDA,FST-MI-49,severe,later_event_deletion,False,False,0,"[{""target"":""corridor"",""magnitude"":0.6,""start_week"":12,""duration_weeks"":3,""recovery_weeks"":3}]",True,0.0,B
264,MI-MDA,FST-MI-50,all,candidate_passive,False,False,,"[{""target"":""corridor"",""magnitude"":0.7,""start_week"":12,""duration_weeks"":3,""recovery_weeks"":3},{""target"":""T2P"",""magnitude"":0.5,""start_week"":15,""duration_weeks"":2,""recovery_weeks"":3}]",False,0.010562999988906085,B
265,MI-MDA,FST-MI-50,all,candidate_active,True,False,,"[{""target"":""corridor"",""magnitude"":0.7,""start_week"":12,""duration_weeks"":3,""recovery_weeks"":3},{""target"":""T2P"",""magnitude"":0.5,""start_week"":15,""duration_weeks"":2,""recovery_weeks"":3}]",False,0.00928530003875494,B
266,MI-MDA,FST-MI-50,moderate,singleton,False,False,0,"[{""target"":""corridor"",""magnitude"":0.7,""start_week"":12,""duration_weeks"":3,""recovery_weeks"":3}]",False,0.006521000002976507,B
267,MI-MDA,FST-MI-50,severe,singleton,False,False,0,"[{""target"":""corridor"",""magnitude"":0.7,""start_week"":12,""duration_weeks"":3,""recovery_weeks"":3}]",True,0.0,B
268,MI-MDA,FST-MI-50,severe,singleton,False,False,1,"[{""target"":""T2P"",""magnitude"":0.5,""start_week"":15,""duration_weeks"":2,""recovery_weeks"":3}]",True,0.0,B
269,MI-MDA,FST-MI-50,severe,upstream_node_deletion,False,False,0,"[{""target"":""corridor"",""magnitude"":0.7,""start_week"":12,""duration_weeks"":3,""recovery_weeks"":3}]",True,0.0,B
270,MI-MDA,FST-MI-50,severe,direct_impact,False,True,0;1,"[{""target"":""corridor"",""magnitude"":0.7,""start_week"":12,""duration_weeks"":3,""recovery_weeks"":3},{""target"":""T2P"",""magnitude"":0.5,""start_week"":15,""duration_weeks"":2,""recovery_weeks"":3}]",False,0.007784800021909177,B
271,MI-MDA,FST-MI-50,severe,later_event_deletion,False,False,0,"[{""target"":""corridor"",""magnitude"":0.7,""start_week"":12,""duration_weeks"":3,""recovery_weeks"":3}]",True,0.0,B
